mtllib vinyl.mtl
v -0.038393 -0.118823 0.028577
v -0.035837 -0.119800 0.031484
v -0.032935 -0.120679 0.025494
v -0.041967 -0.117711 0.030132
v -0.038125 -0.118748 0.020783
v -0.042710 -0.117648 0.025740
v -0.037086 -0.119782 0.035496
v -0.045550 -0.116738 0.027420
v -0.046766 -0.116894 0.031652
v -0.041701 -0.117909 0.021587
v -0.044415 -0.118026 0.023211
v -0.047128 -0.117120 0.024836
v -0.048487 -0.116629 0.028723
v -0.045177 -0.119950 0.021949
v -0.049841 -0.117508 0.026460
v -0.050395 -0.116846 0.030478
v -0.047269 -0.120282 0.024601
v -0.050215 -0.119907 0.025836
v -0.052092 -0.119907 0.028008
v -0.049841 -0.121076 0.026460
v -0.055057 -0.119907 0.030062
v -0.010228 -0.124488 0.006430
v -0.008714 -0.126232 0.009101
v -0.008916 -0.126232 0.005644
v -0.011182 -0.122922 0.010396
v -0.011853 -0.124646 0.003716
v -0.014077 -0.122900 0.009293
v -0.008159 -0.123070 0.009887
v -0.008621 -0.125891 0.002149
v -0.014031 -0.122323 0.012392
v -0.009693 -0.121935 0.013481
v -0.010764 -0.124785 -0.000622
v -0.015034 -0.123488 0.005704
v -0.013361 -0.122570 0.019324
v -0.007223 -0.119843 0.011617
v -0.013477 -0.124886 0.001003
v -0.016377 -0.123524 0.002739
v -0.015102 -0.124437 -0.001711
v -0.016528 -0.126232 -0.000857
v -0.016510 -0.126232 0.002244
v -0.016475 -0.126342 -0.004262
v -0.018032 -0.129095 0.000044
v -0.017459 -0.129395 0.003387
v -0.014514 -0.115978 -0.013192
v -0.012926 -0.116745 -0.010452
v -0.010211 -0.115150 -0.012011
v -0.017288 -0.116819 -0.011893
v -0.008586 -0.114686 -0.009298
v -0.009131 -0.115013 -0.016309
v -0.016173 -0.116303 -0.015814
v -0.010642 -0.116745 -0.008067
v -0.014120 -0.116692 -0.019890
v -0.018887 -0.116283 -0.014189
v -0.012811 -0.119907 -0.010746
v -0.009311 -0.116745 -0.004644
v -0.005172 -0.113976 -0.010338
v -0.010746 -0.115662 -0.019063
v -0.020511 -0.116277 -0.016903
v -0.021643 -0.116774 -0.012923
v -0.017562 -0.116653 -0.018669
v -0.010639 -0.119907 -0.008069
v -0.009702 -0.119590 -0.004982
v -0.006962 -0.114460 -0.006584
v -0.003159 -0.114100 -0.012547
v -0.012371 -0.115775 -0.021776
v -0.006408 -0.114575 -0.017974
v -0.016718 -0.116780 -0.022776
v -0.004784 -0.114540 -0.015260
v -0.009631 -0.113467 -0.023199
v -0.007638 -0.113949 -0.020924
v -0.023647 -0.116476 -0.014988
v -0.011550 -0.113520 -0.026286
v -0.013995 -0.115124 -0.024490
v -0.003558 -0.113432 -0.018954
v -0.022136 -0.116608 -0.019616
v -0.026432 -0.117997 -0.009163
v -0.015620 -0.115641 -0.027203
v -0.025904 -0.116596 -0.017712
v -0.028652 -0.117661 -0.012029
v -0.021372 -0.116706 -0.024497
v -0.018334 -0.116392 -0.025579
v -0.025746 -0.116778 -0.020844
v -0.024841 -0.116746 -0.024298
v -0.019800 -0.116740 -0.028401
v -0.030691 -0.118066 -0.018483
v -0.022672 -0.116890 -0.026667
v -0.017152 -0.116830 -0.029762
v -0.030914 -0.119757 -0.021964
v -0.028098 -0.118494 -0.023418
v -0.027010 -0.118013 -0.027756
v -0.018869 -0.118773 -0.032630
v -0.033168 -0.119938 -0.020327
v -0.024296 -0.117201 -0.029381
v -0.015269 -0.120202 -0.032772
v -0.021583 -0.117566 -0.031006
v -0.032437 -0.121482 -0.024507
v -0.029593 -0.119927 -0.025972
v -0.029752 -0.119949 -0.030404
v -0.017192 -0.119907 -0.035986
v -0.020495 -0.116749 -0.035346
v -0.035576 -0.122949 -0.022994
v -0.025921 -0.117843 -0.032094
v -0.023351 -0.117033 -0.033959
v -0.034168 -0.123032 -0.027297
v -0.030002 -0.119967 -0.033107
v -0.025026 -0.116713 -0.036537
v -0.033370 -0.122910 -0.031845
v -0.027545 -0.118244 -0.034808
v -0.022118 -0.114738 -0.038057
v -0.032345 -0.122850 -0.035798
v -0.029348 -0.119704 -0.037548
v -0.024261 -0.116514 -0.040847
v -0.019762 -0.113582 -0.035782
v -0.020696 -0.113921 -0.042595
v -0.019774 -0.113377 -0.039962
v -0.023234 -0.116430 -0.045062
v -0.018821 -0.110419 -0.036345
v -0.018464 -0.110419 -0.040245
v -0.016379 -0.110247 -0.033929
v -0.018834 -0.110419 -0.038729
v -0.017780 -0.109237 -0.036968
v -0.010195 -0.126232 -0.008335
v -0.008586 -0.128271 -0.009298
v -0.012640 -0.126143 -0.010557
v 0.089221 -0.136437 0.038807
v 0.081294 -0.136041 0.041150
v 0.080339 -0.135674 0.044465
v 0.081363 -0.136072 0.039644
v 0.073683 -0.136253 0.039907
v 0.088916 -0.136384 0.033527
v 0.070675 -0.135524 0.047876
v 0.086280 -0.135887 0.044489
v 0.082118 -0.136166 0.030145
v 0.075004 -0.136128 0.032308
v 0.075839 -0.135342 0.050797
v 0.066591 -0.136063 0.042972
v 0.087367 -0.135808 0.044854
v 0.083666 -0.136223 0.027290
v 0.067357 -0.136353 0.035790
v 0.070071 -0.135443 0.049422
v 0.080705 -0.135271 0.051621
v 0.088057 -0.135367 0.051070
v 0.078767 -0.136204 0.028196
v 0.078157 -0.136167 0.030921
v 0.068923 -0.136196 0.031055
v 0.067240 -0.135554 0.057732
v 0.070904 -0.135505 0.056860
v 0.064590 -0.136323 0.039044
v 0.062064 -0.135264 0.053361
v 0.072462 -0.136041 0.022669
v 0.085047 -0.136203 0.025859
v 0.068084 -0.136160 0.029619
v 0.081304 -0.135273 0.054311
v 0.057902 -0.136160 0.040481
v 0.057992 -0.135399 0.050220
v 0.085319 -0.136115 0.023037
v 0.072194 -0.136077 0.027119
v 0.058812 -0.136140 0.033430
v 0.072166 -0.135722 0.060315
v 0.064507 -0.135669 0.059228
v 0.088654 -0.135318 0.056738
v 0.060252 -0.136273 0.037955
v 0.060257 -0.135690 0.045910
v 0.059892 -0.135319 0.052727
v 0.076962 -0.136040 0.021852
v 0.063156 -0.136064 0.030855
v 0.068475 -0.136233 0.063213
v 0.056734 -0.135746 0.059368
v 0.082804 -0.135547 0.059324
v 0.075252 -0.135841 0.061871
v 0.054475 -0.136155 0.037857
v 0.053192 -0.135339 0.046874
v 0.055896 -0.135445 0.055307
v 0.074982 -0.135887 0.016760
v 0.088959 -0.135959 0.016462
v 0.067856 -0.136083 0.026030
v 0.060338 -0.135716 0.025663
v 0.055415 -0.135965 0.030112
v 0.061789 -0.136338 0.063739
v 0.087859 -0.135502 0.060605
v 0.050976 -0.135661 0.043688
v 0.046288 -0.135093 0.052581
v 0.047602 -0.135183 0.054843
v 0.081113 -0.135766 0.018007
v 0.068979 -0.135798 0.019259
v 0.064725 -0.135978 0.020727
v 0.048642 -0.135974 0.031221
v 0.054289 -0.136087 0.034153
v 0.075497 -0.136288 0.065799
v 0.055585 -0.136239 0.063307
v 0.086816 -0.135772 0.062302
v 0.081401 -0.135751 0.060852
v 0.048340 -0.135828 0.041486
v 0.046684 -0.135356 0.046078
v 0.042371 -0.135009 0.050093
v 0.050700 -0.135455 0.058362
v 0.081689 -0.135737 0.014110
v 0.070289 -0.135693 0.017194
v 0.087134 -0.135798 0.009393
v 0.055436 -0.135723 0.024569
v 0.049491 -0.136020 0.035997
v 0.082801 -0.136496 0.066773
v 0.070350 -0.136585 0.069343
v 0.049774 -0.136159 0.065408
v 0.058100 -0.136449 0.065497
v 0.089500 -0.136499 0.066132
v 0.083549 -0.136300 0.064554
v 0.043971 -0.135169 0.047703
v 0.035837 -0.135549 0.058970
v 0.039945 -0.135110 0.053914
v 0.047875 -0.135602 0.060327
v 0.084724 -0.135768 0.005091
v 0.063424 -0.135821 0.017411
v 0.066718 -0.135595 0.010921
v 0.060400 -0.135654 0.019402
v 0.057035 -0.135635 0.021393
v 0.049707 -0.135900 0.024175
v 0.078122 -0.136314 0.067804
v 0.075408 -0.136342 0.069428
v 0.050240 -0.136039 0.069469
v 0.056675 -0.136397 0.067668
v 0.042959 -0.135694 0.043177
v 0.044371 -0.135720 0.060684
v 0.034316 -0.135052 0.053057
v 0.075754 -0.135860 0.010438
v 0.073837 -0.135821 0.011391
v 0.048498 -0.135982 0.030264
v 0.042766 -0.135961 0.036331
v 0.077581 -0.136363 0.070326
v 0.070547 -0.136581 0.070775
v 0.060564 -0.136527 0.072755
v 0.048025 -0.136174 0.066980
v 0.027927 -0.135529 0.060880
v 0.037821 -0.136061 0.064012
v 0.034232 -0.135009 0.047623
v 0.032489 -0.134928 0.049735
v 0.078399 -0.135790 0.002980
v 0.061673 -0.135704 0.015703
v 0.055143 -0.135647 0.019714
v 0.045593 -0.135719 0.027003
v 0.082939 -0.136664 0.073813
v 0.067268 -0.136512 0.074302
v 0.051608 -0.135906 0.072719
v 0.052478 -0.136135 0.075459
v 0.040673 -0.135755 0.042405
v 0.029750 -0.135823 0.064193
v 0.035295 -0.135299 0.045525
v 0.030403 -0.135216 0.055826
v 0.078215 -0.135780 0.001460
v 0.082358 -0.135769 -0.001444
v 0.058908 -0.135724 0.011410
v 0.067077 -0.135638 0.004907
v 0.088133 -0.135671 -0.000273
v 0.056984 -0.135714 0.012988
v 0.048694 -0.135841 0.017660
v 0.046237 -0.135742 0.018408
v 0.040344 -0.135830 0.030541
v 0.075609 -0.136468 0.075533
v 0.062566 -0.136563 0.076296
v 0.044458 -0.136194 0.067157
v 0.037801 -0.135660 0.043555
v 0.036467 -0.135959 0.041267
v 0.024385 -0.136151 0.070086
v 0.032176 -0.136152 0.069766
v 0.025460 -0.135578 0.043714
v 0.026531 -0.134942 0.052729
v 0.022895 -0.135067 0.056543
v 0.073301 -0.135777 0.004340
v 0.062901 -0.135671 0.009267
v 0.085696 -0.135707 -0.003485
v 0.054058 -0.135720 0.015446
v 0.041745 -0.135640 0.020874
v 0.036494 -0.135898 0.026167
v 0.035735 -0.136042 0.033566
v 0.088874 -0.136740 0.075918
v 0.074441 -0.136518 0.077936
v 0.069057 -0.136542 0.082458
v 0.043982 -0.136293 0.075429
v 0.036754 -0.136315 0.071241
v 0.059127 -0.136618 0.079175
v 0.033917 -0.135931 0.040573
v 0.022799 -0.136119 0.067751
v 0.022263 -0.135476 0.060699
v 0.071454 -0.135764 0.001513
v 0.059410 -0.135737 0.004621
v 0.048252 -0.135801 0.013435
v 0.041227 -0.135538 0.013889
v 0.036937 -0.135856 0.029797
v 0.083203 -0.136755 0.079012
v 0.061429 -0.136748 0.082028
v 0.049997 -0.136376 0.080431
v 0.017599 -0.136024 0.065307
v 0.028761 -0.136155 0.071553
v 0.032739 -0.136222 0.075123
v 0.019581 -0.135713 0.062535
v 0.074142 -0.135664 -0.005396
v 0.083519 -0.135735 -0.003837
v 0.065241 -0.135482 0.000621
v 0.036809 -0.135677 0.014964
v 0.034226 -0.135840 0.020887
v 0.032916 -0.135873 0.026832
v 0.027765 -0.135741 0.039092
v 0.087399 -0.136699 0.079854
v 0.074392 -0.136515 0.078389
v 0.060159 -0.136785 0.086505
v 0.039341 -0.136525 0.079714
v 0.036920 -0.136343 0.077069
v 0.056414 -0.136598 0.080800
v 0.012541 -0.135867 0.069543
v 0.026819 -0.136111 0.076201
v 0.013058 -0.135327 0.060440
v 0.064127 -0.135428 -0.000853
v 0.046426 -0.135792 0.008451
v 0.085453 -0.135618 -0.013286
v 0.038287 -0.135474 0.010939
v 0.030627 -0.135846 0.033710
v 0.080433 -0.136809 0.084969
v 0.079193 -0.136775 0.081906
v 0.071856 -0.136567 0.085946
v 0.062823 -0.136686 0.086960
v 0.045937 -0.136522 0.083204
v 0.051936 -0.136590 0.084445
v 0.021179 -0.135545 0.040193
v 0.008667 -0.135794 0.070359
v 0.015724 -0.135948 0.074166
v 0.059129 -0.135516 -0.006533
v 0.051592 -0.135711 0.004387
v 0.034241 -0.135498 0.012981
v 0.028758 -0.135712 0.021411
v 0.024778 -0.135210 0.030765
v 0.024114 -0.135363 0.036409
v 0.087869 -0.136660 0.084084
v 0.086684 -0.136747 0.086522
v 0.076480 -0.136699 0.083531
v 0.053200 -0.136616 0.089465
v 0.033074 -0.136435 0.083154
v 0.038323 -0.136612 0.085081
v 0.012431 -0.135667 0.063687
v 0.010159 -0.136030 0.077136
v 0.019585 -0.136064 0.076478
v 0.074693 -0.135507 -0.009949
v 0.067492 -0.135506 -0.006314
v 0.056021 -0.135661 -0.000869
v 0.047100 -0.135718 0.006393
v 0.037499 -0.135198 0.004181
v 0.033270 -0.135436 0.011111
v 0.031527 -0.135453 0.014605
v 0.028814 -0.135394 0.016230
v 0.077622 -0.136892 0.090064
v 0.067755 -0.136535 0.088794
v 0.059780 -0.136829 0.093673
v 0.047198 -0.136585 0.086023
v 0.020401 -0.135343 0.034459
v 0.006681 -0.135689 0.063819
v 0.004964 -0.135652 0.072395
v 0.015194 -0.135853 0.079676
v 0.022079 -0.136137 0.080390
v 0.026100 -0.136413 0.084131
v 0.080370 -0.135538 -0.014637
v 0.051179 -0.135547 -0.004716
v 0.061865 -0.135562 -0.011339
v 0.040794 -0.135231 0.001826
v 0.053235 -0.135655 0.001609
v 0.026966 -0.135169 0.013485
v 0.026101 -0.135502 0.017855
v 0.025115 -0.135750 0.022829
v 0.088202 -0.136626 0.090466
v 0.074988 -0.136838 0.094202
v 0.062912 -0.136768 0.091654
v 0.051884 -0.136665 0.093390
v 0.042847 -0.136633 0.088923
v 0.002266 -0.135642 0.069146
v 0.004547 -0.135706 0.079164
v 0.009928 -0.136011 0.081752
v 0.007293 -0.135069 0.057435
v 0.017473 -0.136026 0.081505
v 0.069826 -0.135399 -0.011587
v 0.074314 -0.135487 -0.017842
v 0.055738 -0.135465 -0.007267
v 0.049103 -0.135617 -0.000885
v 0.036303 -0.135244 0.001085
v 0.030986 -0.135349 0.007524
v 0.020387 -0.135620 0.021142
v 0.021209 -0.135401 0.028155
v 0.068487 -0.136825 0.094541
v 0.045658 -0.136702 0.091628
v 0.059998 -0.136809 0.099859
v 0.028390 -0.136547 0.091009
v 0.040133 -0.136657 0.090547
v 0.001525 -0.135567 0.066370
v -0.002428 -0.135443 0.074579
v -0.000804 -0.135544 0.077927
v 0.010294 -0.134914 0.053786
v 0.005446 -0.135624 0.063395
v 0.023848 -0.136459 0.086810
v 0.009896 -0.136210 0.091086
v 0.073318 -0.135455 -0.014101
v 0.049589 -0.135148 -0.011041
v 0.045445 -0.135224 -0.005464
v 0.053827 -0.135073 -0.014362
v 0.065528 -0.135501 -0.014855
v 0.043573 -0.135277 -0.000425
v 0.016872 -0.135498 0.026080
v 0.083836 -0.136580 0.097381
v 0.067164 -0.136886 0.100018
v 0.049847 -0.136710 0.095533
v 0.052176 -0.136695 0.098277
v 0.000657 -0.135701 0.083313
v 0.008971 -0.135996 0.085098
v 0.001801 -0.134918 0.058490
v 0.017482 -0.136233 0.088999
v 0.081459 -0.135530 -0.018975
v 0.059215 -0.135415 -0.013030
v 0.027156 -0.135433 0.002780
v 0.074389 -0.136803 0.100612
v 0.043382 -0.136800 0.095974
v 0.049610 -0.136713 0.101079
v 0.037420 -0.136654 0.092172
v 0.024450 -0.136505 0.088914
v 0.039533 -0.136861 0.098783
v -0.005407 -0.135411 0.069893
v -0.009637 -0.135343 0.084393
v -0.000100 -0.135721 0.092167
v -0.005444 -0.135507 0.088611
v 0.012537 -0.136411 0.093632
v 0.001168 -0.135756 0.095222
v 0.079265 -0.135490 -0.021777
v 0.086640 -0.135661 -0.021795
v 0.049761 -0.135091 -0.015944
v 0.045099 -0.135183 -0.007820
v 0.062274 -0.135372 -0.018440
v 0.067356 -0.135495 -0.017903
v 0.061929 -0.135425 -0.014654
v 0.031060 -0.135474 0.000330
v 0.038597 -0.135339 -0.004371
v 0.079446 -0.136600 0.103628
v 0.066935 -0.137011 0.104246
v 0.048120 -0.136643 0.106123
v 0.031841 -0.136627 0.095446
v 0.022273 -0.136281 0.096131
v -0.007260 -0.135254 0.065918
v -0.009836 -0.135191 0.068828
v -0.011729 -0.135215 0.077719
v 0.011903 -0.136403 0.095809
v 0.002839 -0.135847 0.094690
v 0.075700 -0.135507 -0.019747
v 0.089599 -0.135520 -0.023848
v 0.051628 -0.135029 -0.019546
v 0.059922 -0.135034 -0.023808
v 0.070069 -0.135474 -0.019528
v 0.029687 -0.135536 -0.002503
v 0.035883 -0.135447 -0.002747
v 0.086440 -0.137057 0.105257
v 0.072808 -0.136883 0.102047
v 0.062313 -0.136972 0.106157
v 0.057596 -0.136941 0.108910
v 0.045150 -0.136666 0.106179
v -0.010735 -0.135149 0.073172
v -0.011729 -0.135566 0.090078
v -0.009210 -0.135214 0.075856
v -0.015386 -0.135145 0.083496
v -0.008358 -0.135405 0.093520
v -0.008824 -0.135186 0.097805
v 0.015721 -0.136456 0.098313
v 0.005487 -0.135829 0.099343
v 0.083795 -0.135467 -0.027839
v 0.067750 -0.135239 -0.027023
v 0.050001 -0.134944 -0.023065
v 0.042399 -0.135304 -0.010334
v 0.035776 -0.135446 -0.006573
v 0.069240 -0.135253 -0.024403
v 0.021235 -0.135047 0.001400
v 0.081151 -0.136921 0.110323
v 0.071469 -0.137177 0.107761
v 0.039480 -0.136839 0.100758
v 0.048346 -0.136687 0.111138
v 0.040186 -0.136764 0.106520
v 0.030595 -0.136578 0.099400
v -0.012459 -0.134903 0.070429
v -0.016297 -0.135023 0.084711
v -0.013548 -0.134732 0.074767
v -0.016787 -0.134838 0.080567
v -0.003265 -0.135436 0.098099
v 0.013201 -0.136455 0.101112
v -0.000330 -0.135440 0.100933
v 0.075743 -0.135306 -0.027291
v 0.045297 -0.135092 -0.019103
v 0.044141 -0.135282 -0.014939
v 0.065196 -0.135164 -0.027668
v 0.023333 -0.135071 -0.000788
v 0.087798 -0.136870 0.109917
v 0.076998 -0.136970 0.109024
v 0.061060 -0.136964 0.111365
v 0.035330 -0.136686 0.105436
v 0.048710 -0.136771 0.112706
v 0.037341 -0.136908 0.112908
v 0.040116 -0.136756 0.108988
v 0.024055 -0.136385 0.100640
v -0.016965 -0.132971 0.072945
v -0.016302 -0.135085 0.091173
v -0.017091 -0.134087 0.076976
v -0.022373 -0.133871 0.083794
v -0.006207 -0.135286 0.099699
v 0.021139 -0.136336 0.101919
v 0.009690 -0.136111 0.102754
v 0.004882 -0.135775 0.100594
v 0.080008 -0.135307 -0.035909
v 0.071135 -0.135283 -0.031277
v 0.051766 -0.134855 -0.025842
v 0.044903 -0.134934 -0.022873
v 0.064345 -0.134963 -0.034850
v 0.087510 -0.135192 -0.035766
v 0.027207 -0.135213 -0.004925
v 0.012884 -0.134340 -0.003624
v 0.034746 -0.135380 -0.008476
v 0.083669 -0.136787 0.115669
v 0.064100 -0.136932 0.112693
v 0.032528 -0.136599 0.102473
v 0.026764 -0.136650 0.105530
v -0.016811 -0.131845 0.069839
v -0.020188 -0.134645 0.093642
v -0.017392 -0.134955 0.088336
v -0.018935 -0.134722 0.096703
v 0.015793 -0.136449 0.104834
v 0.083405 -0.135298 -0.033269
v 0.056797 -0.134626 -0.029955
v 0.047929 -0.134521 -0.028768
v 0.040808 -0.134925 -0.019578
v 0.025632 -0.135005 -0.007435
v 0.017721 -0.134652 -0.006957
v 0.080247 -0.136891 0.114451
v 0.071650 -0.137068 0.114395
v 0.054686 -0.136913 0.114976
v 0.042890 -0.136811 0.116663
v 0.021302 -0.136443 0.107407
v -0.020138 -0.131352 0.071865
v -0.022784 -0.134280 0.090048
v -0.024211 -0.131539 0.074750
v -0.025299 -0.132981 0.081536
v -0.004063 -0.135542 0.102922
v -0.014495 -0.134972 0.100168
v 0.014170 -0.136407 0.109034
v 0.004322 -0.135610 0.104615
v 0.075579 -0.135261 -0.037081
v 0.068998 -0.135240 -0.033631
v 0.053806 -0.134693 -0.028222
v 0.050312 -0.134642 -0.031135
v 0.037536 -0.134547 -0.025290
v 0.035377 -0.135155 -0.013025
v 0.059171 -0.134676 -0.035238
v 0.022869 -0.134947 -0.006013
v 0.016153 -0.134481 -0.009000
v 0.085040 -0.136948 0.118655
v 0.077420 -0.136956 0.115501
v 0.058936 -0.136932 0.121412
v 0.067669 -0.137118 0.117794
v 0.049741 -0.137144 0.121602
v 0.031665 -0.136763 0.110599
v 0.035038 -0.136975 0.119441
v 0.028553 -0.136698 0.107337
v 0.026013 -0.136634 0.110060
v -0.018590 -0.129554 0.066345
v -0.026015 -0.134226 0.091354
v -0.028133 -0.133575 0.087262
v 0.000113 -0.135548 0.107393
v -0.009798 -0.135182 0.106444
v -0.029404 -0.135096 0.102552
v -0.011405 -0.135106 0.102973
v 0.005744 -0.135707 0.106478
v 0.086953 -0.135170 -0.037109
v 0.082949 -0.135299 -0.043219
v 0.067278 -0.135131 -0.037202
v 0.054895 -0.134573 -0.032560
v 0.043505 -0.134149 -0.033113
v 0.041786 -0.134136 -0.029153
v 0.037547 -0.134781 -0.020382
v 0.031697 -0.134915 -0.015374
v 0.063094 -0.134821 -0.041945
v 0.083967 -0.137118 0.122147
v 0.071622 -0.137083 0.120799
v 0.053587 -0.137083 0.124992
v 0.027573 -0.136662 0.116933
v 0.043933 -0.136903 0.121105
v 0.028625 -0.136805 0.122753
v 0.026113 -0.136639 0.111961
v -0.021276 -0.129529 0.068016
v -0.026562 -0.130477 0.071500
v -0.027438 -0.134353 0.094391
v -0.026020 -0.132094 0.078565
v -0.031918 -0.132571 0.086182
v -0.021368 -0.135324 0.107548
v -0.028757 -0.134840 0.098617
v -0.014119 -0.135098 0.104598
v 0.017872 -0.136503 0.114933
v 0.006585 -0.135999 0.109444
v 0.073920 -0.135139 -0.039857
v 0.045975 -0.134598 -0.036326
v 0.035365 -0.134477 -0.028239
v 0.031407 -0.134381 -0.024453
v 0.055814 -0.134922 -0.040685
v 0.052845 -0.134851 -0.037714
v 0.018877 -0.134418 -0.012654
v 0.025423 -0.134904 -0.011399
v 0.079662 -0.137145 0.123446
v 0.066653 -0.137162 0.122535
v 0.065791 -0.137030 0.126113
v 0.049515 -0.137130 0.128150
v 0.040711 -0.137002 0.123328
v 0.018810 -0.136607 0.117676
v -0.022760 -0.128628 0.065538
v -0.023848 -0.129999 0.069876
v -0.029578 -0.131050 0.073075
v -0.029756 -0.133714 0.090913
v -0.029631 -0.131385 0.077305
v -0.028817 -0.131925 0.080402
v -0.003818 -0.135390 0.109489
v -0.019546 -0.135379 0.107847
v -0.031130 -0.135196 0.107869
v -0.032037 -0.134860 0.100503
v -0.016832 -0.135243 0.106222
v 0.003402 -0.135962 0.111577
v 0.086903 -0.135205 -0.040665
v 0.076407 -0.135001 -0.045585
v 0.067646 -0.134741 -0.042832
v 0.040792 -0.134146 -0.031488
v 0.041163 -0.134695 -0.039465
v 0.048932 -0.134795 -0.036362
v 0.036529 -0.134611 -0.034302
v 0.027716 -0.134344 -0.028435
v 0.028765 -0.134457 -0.021086
v 0.025365 -0.134811 -0.014881
v 0.057073 -0.134904 -0.041236
v 0.084644 -0.137420 0.126512
v 0.073731 -0.137100 0.122038
v 0.062257 -0.136992 0.129073
v 0.051728 -0.137188 0.131936
v 0.042515 -0.136881 0.129947
v 0.021216 -0.136627 0.121256
v 0.033046 -0.136983 0.127965
v -0.025419 -0.129417 0.067130
v -0.029129 -0.130760 0.069580
v -0.032006 -0.133480 0.093190
v -0.030833 -0.134365 0.096095
v -0.035345 -0.131484 0.086243
v -0.033421 -0.132461 0.090517
v -0.005806 -0.135334 0.111295
v -0.019755 -0.135890 0.115174
v -0.025570 -0.135700 0.114905
v -0.033228 -0.135079 0.104950
v 0.007501 -0.136155 0.114274
v 0.065208 -0.134735 -0.045955
v 0.047604 -0.134810 -0.039090
v 0.056134 -0.134799 -0.044991
v 0.089459 -0.137401 0.123680
v 0.079673 -0.137285 0.126586
v 0.071211 -0.137174 0.124231
v 0.071894 -0.137341 0.130362
v 0.047117 -0.137039 0.134086
v 0.025856 -0.136834 0.127548
v 0.031430 -0.136910 0.130161
v -0.024511 -0.128876 0.062846
v -0.032352 -0.131185 0.074957
v -0.033078 -0.130824 0.079087
v -0.006517 -0.135407 0.112478
v -0.013600 -0.135370 0.109972
v -0.030058 -0.135656 0.113911
v -0.038469 -0.135026 0.110019
v -0.036156 -0.133826 0.098706
v -0.036898 -0.134580 0.103491
v 0.015394 -0.136398 0.118860
v 0.000044 -0.135681 0.115206
v 0.044515 -0.134572 -0.047829
v 0.021493 -0.134436 -0.016503
v 0.085880 -0.137479 0.131754
v 0.039009 -0.136862 0.131508
v 0.021399 -0.136824 0.127134
v -0.034930 -0.132765 0.094465
v -0.037832 -0.130552 0.082139
v -0.036344 -0.131535 0.092102
v -0.026089 -0.135722 0.118929
v -0.032024 -0.135457 0.111632
v 0.006989 -0.135876 0.120463
v -0.001940 -0.135591 0.121199
v 0.049078 -0.134691 -0.044858
v 0.079143 -0.137323 0.130082
v 0.014153 -0.136771 0.134090
v 0.018025 -0.136614 0.122065
v -0.036880 -0.131025 0.085050
v -0.037895 -0.130933 0.089082
v -0.003808 -0.135704 0.116849
v -0.011656 -0.135690 0.114867
v -0.015736 -0.135761 0.114590
v -0.018095 -0.135695 0.119678
v -0.032850 -0.135426 0.118693
v -0.039611 -0.134562 0.105116
v -0.040823 -0.133878 0.102539
v 0.008109 -0.136312 0.124350
v 0.009198 -0.136436 0.126781
v -0.039058 -0.131477 0.093726
v -0.009919 -0.135741 0.116566
v -0.012207 -0.135753 0.116833
v -0.017385 -0.135815 0.117612
v -0.026216 -0.135665 0.121839
v -0.044200 -0.134399 0.108353
v -0.042000 -0.131799 0.095473
v 0.003206 -0.135810 0.125302
v -0.006123 -0.135673 0.120722
v 0.089910 -0.137474 0.137601
v 0.004876 -0.136067 0.130083
v -0.040629 -0.131015 0.091059
v -0.022385 -0.135731 0.124223
v -0.033597 -0.135537 0.122351
v -0.044434 -0.134300 0.115364
v -0.044235 -0.133906 0.103855
v -0.042204 -0.134701 0.110373
v -0.043062 -0.132506 0.099317
v 0.000114 -0.135951 0.129004
v -0.008554 -0.135796 0.125115
v -0.043932 -0.131653 0.085586
v -0.045791 -0.131862 0.094163
v -0.015725 -0.135636 0.121908
v -0.029250 -0.135809 0.124376
v -0.038540 -0.135083 0.119219
v -0.047373 -0.134117 0.114159
v -0.049097 -0.134122 0.110471
v -0.045170 -0.131955 0.097447
v 0.000695 -0.135829 0.133222
v -0.045398 -0.131788 0.090771
v -0.015461 -0.135940 0.127683
v -0.025857 -0.135899 0.127754
v -0.039697 -0.135400 0.124009
v -0.045418 -0.134302 0.117273
v -0.050192 -0.133276 0.102950
v -0.049376 -0.133888 0.107276
v -0.052155 -0.132861 0.101345
v -0.004079 -0.136174 0.134952
v -0.006910 -0.136127 0.127959
v -0.049612 -0.131981 0.094588
v -0.019702 -0.136304 0.131724
v -0.029462 -0.136096 0.130097
v -0.035959 -0.135707 0.128772
v -0.053490 -0.133628 0.116631
v -0.053179 -0.133488 0.113238
v -0.053006 -0.133409 0.107516
v -0.004195 -0.136164 0.134359
v -0.011386 -0.135782 0.133773
v -0.041901 -0.135538 0.128229
v -0.044525 -0.134967 0.123211
v -0.051074 -0.134435 0.120605
v -0.055339 -0.133121 0.103474
v -0.056293 -0.132819 0.109689
v -0.053850 -0.132415 0.095000
v -0.025326 -0.136100 0.138385
v -0.034788 -0.135774 0.133532
v -0.046902 -0.135248 0.126773
v -0.057083 -0.133338 0.119241
v -0.055892 -0.133067 0.114863
v -0.059776 -0.133460 0.102518
v -0.057792 -0.132471 0.112923
v -0.057800 -0.133115 0.097075
v -0.030925 -0.136162 0.136753
v -0.047806 -0.135497 0.133390
v -0.037247 -0.135701 0.133692
v -0.049394 -0.135152 0.125717
v -0.061505 -0.134024 0.123099
v -0.058736 -0.132581 0.116269
v -0.059910 -0.133060 0.106697
v -0.059135 -0.132556 0.109410
v -0.035390 -0.135946 0.141483
v -0.039564 -0.135777 0.135620
v -0.055891 -0.135342 0.137063
v -0.044288 -0.135643 0.132764
v -0.052107 -0.135176 0.127342
v -0.055421 -0.134941 0.125493
v -0.062155 -0.132891 0.118619
v -0.060781 -0.133388 0.099021
v -0.062390 -0.133522 0.104009
v -0.064517 -0.132652 0.108872
v -0.055629 -0.135195 0.132978
v -0.048465 -0.136311 0.141726
v -0.042872 -0.135956 0.136920
v -0.057273 -0.135107 0.131278
v -0.066746 -0.133395 0.121361
v -0.064450 -0.132587 0.116646
v -0.064573 -0.133261 0.101941
v -0.065104 -0.132982 0.105634
v -0.065209 -0.132427 0.114558
v -0.039279 -0.136326 0.142776
v -0.062350 -0.135039 0.134411
v -0.047530 -0.136307 0.140715
v -0.065845 -0.134517 0.129191
v -0.067146 -0.133854 0.124710
v -0.066857 -0.133012 0.100150
v -0.070981 -0.131987 0.112146
v -0.071382 -0.133679 0.123172
v -0.068693 -0.132932 0.119137
v -0.069266 -0.132859 0.104230
v -0.069995 -0.132322 0.115934
v -0.068682 -0.135726 0.137838
v -0.074920 -0.134380 0.130433
v -0.071182 -0.132741 0.101858
v -0.073618 -0.132537 0.116244
v -0.073539 -0.132095 0.109876
v -0.069697 -0.135021 0.134006
v -0.077617 -0.134233 0.127814
v -0.074281 -0.133720 0.122528
v -0.070476 -0.132590 0.097626
v -0.073759 -0.132400 0.103385
v -0.073556 -0.135713 0.137537
v -0.075988 -0.134609 0.131760
v -0.077339 -0.134024 0.123649
v -0.075871 -0.133438 0.118938
v -0.071147 -0.132419 0.094547
v -0.076547 -0.131847 0.098434
v -0.076231 -0.132126 0.111638
v -0.076493 -0.132190 0.105080
v -0.077144 -0.135677 0.142238
v -0.083027 -0.134898 0.131109
v -0.083794 -0.134575 0.126480
v -0.081984 -0.134037 0.115637
v -0.082473 -0.134422 0.119719
v -0.079006 -0.132599 0.112027
v -0.080214 -0.132348 0.104689
v -0.079382 -0.135638 0.140495
v -0.080161 -0.135147 0.134241
v -0.083669 -0.134480 0.124038
v -0.073816 -0.132415 0.091921
v -0.079703 -0.131969 0.099806
v -0.081686 -0.132619 0.108190
v -0.083671 -0.135334 0.136382
v -0.088593 -0.135165 0.133022
v -0.084421 -0.134389 0.116185
v -0.086895 -0.134448 0.117404
v -0.071564 -0.132567 0.088584
v -0.078654 -0.131977 0.095316
v -0.082197 -0.132526 0.096230
v -0.084470 -0.133390 0.105538
v -0.082525 -0.132691 0.101892
v -0.091880 -0.134751 0.128768
v -0.086612 -0.134068 0.111017
v -0.090147 -0.134037 0.120246
v -0.076886 -0.132241 0.089905
v -0.090061 -0.134542 0.113203
v -0.087900 -0.134230 0.122968
v -0.076476 -0.132266 0.086639
v -0.080278 -0.132221 0.092602
v -0.086876 -0.133852 0.099412
v -0.088810 -0.133972 0.107004
v -0.090614 -0.134313 0.124593
v -0.079817 -0.132458 0.088402
v -0.072031 -0.132343 0.083713
v -0.081613 -0.132663 0.090373
v -0.086051 -0.133676 0.092883
v -0.077928 -0.132402 0.081574
v -0.089291 -0.134091 0.091436
v -0.081446 -0.132655 0.084656
v -0.086369 -0.133704 0.086737
v -0.081349 -0.132821 0.078499
v -0.090769 -0.134330 0.088090
v -0.090085 -0.134123 0.083710
v -0.077057 -0.132044 0.076702
v -0.084063 -0.133049 0.080124
v -0.086801 -0.133392 0.072425
v -0.089873 -0.133719 0.076882
v -0.080640 -0.132626 0.070492
v -0.083097 -0.133015 0.066833
v -0.080345 -0.132666 0.061713
v -0.091661 -0.133262 0.067420
v -0.084045 -0.133041 0.061683
v -0.089225 -0.133130 0.064161
v -0.085173 -0.133109 0.053065
v -0.087674 -0.133330 0.047604
v -0.010211 -0.127850 -0.012011
v -0.011835 -0.127843 -0.014725
v -0.009122 -0.128462 -0.016349
v -0.019976 -0.128045 -0.009851
v -0.015923 -0.126028 -0.008591
v -0.017874 -0.126232 -0.011642
v -0.018351 -0.127115 -0.007138
v -0.021593 -0.128018 -0.012590
v -0.016475 -0.126342 -0.004262
v -0.021065 -0.128501 -0.005513
v -0.022689 -0.128487 -0.008226
v -0.019440 -0.128730 -0.002800
v -0.016528 -0.126232 -0.000857
v -0.025403 -0.128209 -0.006602
v -0.023854 -0.128285 -0.003967
v -0.023461 -0.119843 -0.003583
v -0.022435 -0.123277 -0.007801
v -0.021965 -0.119907 -0.007017
v -0.022665 -0.123070 -0.004555
v -0.025403 -0.118453 -0.006602
v -0.021110 -0.123070 -0.001799
v -0.026492 -0.119339 -0.002264
v -0.023778 -0.124976 -0.003888
v -0.022250 -0.120195 -0.001131
v -0.022453 -0.126095 -0.000996
v -0.020529 -0.120419 0.001539
v -0.022894 -0.120074 0.003374
v -0.018319 -0.123070 0.000216
v -0.029642 -0.120073 0.002990
v -0.018904 -0.121255 0.004252
v -0.016377 -0.123524 0.002739
v -0.025484 -0.120187 0.005016
v -0.019993 -0.121406 0.008590
v -0.015034 -0.123488 0.005704
v -0.017280 -0.122254 0.006965
v -0.014077 -0.122900 0.009293
v 0.009238 -0.133882 -0.055871
v 0.005016 -0.133826 -0.054303
v 0.005909 -0.134059 -0.051443
v -0.003478 -0.123070 -0.019298
v -0.000939 -0.119907 -0.017562
v 0.000686 -0.123075 -0.018505
v 0.086381 -0.135239 -0.047731
v 0.087102 -0.134994 -0.055245
v 0.086921 -0.134868 -0.059106
v 0.082949 -0.135299 -0.043219
v 0.089343 -0.134804 -0.064732
v 0.081177 -0.134951 -0.060867
v 0.084743 -0.135097 -0.050430
v 0.080941 -0.135202 -0.044467
v 0.084994 -0.134820 -0.068842
v 0.082049 -0.134895 -0.062751
v 0.078316 -0.134936 -0.057339
v 0.076407 -0.135001 -0.045585
v 0.079590 -0.134966 -0.054360
v 0.074879 -0.134774 -0.062451
v 0.077457 -0.134984 -0.048353
v 0.088563 -0.134690 -0.074834
v 0.073851 -0.135088 -0.051504
v 0.072818 -0.134874 -0.058035
v 0.069056 -0.134872 -0.047744
v 0.085268 -0.134701 -0.076756
v 0.080625 -0.134755 -0.069872
v 0.071705 -0.135031 -0.053924
v 0.068788 -0.134745 -0.059755
v 0.065208 -0.134735 -0.045955
v 0.070640 -0.134999 -0.049359
v 0.085834 -0.134646 -0.081610
v 0.073227 -0.134538 -0.065826
v 0.070660 -0.134988 -0.053473
v 0.066005 -0.134607 -0.061218
v 0.063147 -0.134528 -0.050069
v 0.087846 -0.134533 -0.083671
v 0.080976 -0.134611 -0.081349
v 0.081502 -0.134703 -0.075042
v 0.074296 -0.134443 -0.069701
v 0.065683 -0.134405 -0.065569
v 0.064992 -0.134568 -0.059149
v 0.087492 -0.134370 -0.088937
v 0.080415 -0.134509 -0.085582
v 0.081454 -0.134625 -0.079413
v 0.061084 -0.134302 -0.064711
v 0.074809 -0.134343 -0.082089
v 0.076824 -0.134423 -0.076175
v 0.061582 -0.134289 -0.066395
v 0.073739 -0.134337 -0.084306
v 0.068908 -0.134285 -0.073663
v 0.064695 -0.134193 -0.071602
v 0.055743 -0.134046 -0.063580
v 0.089889 -0.134303 -0.095418
v 0.080872 -0.134444 -0.088936
v 0.070294 -0.134386 -0.075684
v 0.074764 -0.134314 -0.088402
v 0.069586 -0.134236 -0.081903
v 0.058960 -0.134228 -0.068015
v 0.080307 -0.134347 -0.095729
v 0.080445 -0.134391 -0.094156
v 0.067972 -0.134333 -0.077189
v 0.071031 -0.134019 -0.092117
v 0.065052 -0.134197 -0.079330
v 0.063849 -0.134017 -0.085075
v 0.058689 -0.133977 -0.076627
v 0.056340 -0.134078 -0.070382
v 0.089793 -0.134082 -0.108538
v 0.085455 -0.134076 -0.098875
v 0.087968 -0.134097 -0.103691
v 0.081989 -0.134127 -0.101717
v 0.073782 -0.133894 -0.095706
v 0.064713 -0.134065 -0.090043
v 0.059683 -0.133842 -0.082851
v 0.051306 -0.133986 -0.072529
v 0.076715 -0.134009 -0.101889
v 0.070140 -0.134001 -0.093292
v 0.062292 -0.133974 -0.093892
v 0.067426 -0.134032 -0.091668
v 0.059286 -0.133810 -0.086794
v 0.051170 -0.133985 -0.075001
v 0.050688 -0.133866 -0.067432
v 0.087587 -0.134139 -0.110578
v 0.078356 -0.133974 -0.107375
v 0.070951 -0.133793 -0.097299
v 0.056572 -0.133731 -0.085169
v 0.056910 -0.133680 -0.090010
v 0.050033 -0.133965 -0.078448
v 0.085885 -0.134069 -0.110091
v 0.079864 -0.133925 -0.109615
v 0.070634 -0.133794 -0.104916
v 0.070026 -0.133796 -0.100704
v 0.049560 -0.133957 -0.080573
v 0.056740 -0.133623 -0.092022
v 0.045110 -0.133496 -0.074970
v 0.045196 -0.133640 -0.067743
v 0.083361 -0.134173 -0.115505
v 0.072036 -0.133721 -0.109978
v 0.073406 -0.133894 -0.106306
v 0.066891 -0.133831 -0.098719
v 0.058706 -0.133789 -0.099301
v 0.050909 -0.133583 -0.096594
v 0.043903 -0.133405 -0.077469
v 0.078251 -0.133881 -0.112875
v 0.088063 -0.134088 -0.118767
v 0.064025 -0.133855 -0.099663
v 0.049725 -0.133724 -0.086113
v 0.048933 -0.133578 -0.093298
v 0.042220 -0.133621 -0.068845
v 0.037159 -0.133674 -0.076435
v 0.044811 -0.133319 -0.084067
v 0.077148 -0.133651 -0.119511
v 0.084174 -0.134025 -0.121207
v 0.087392 -0.134002 -0.123960
v 0.074421 -0.133665 -0.113770
v 0.064256 -0.133845 -0.104459
v 0.049408 -0.133724 -0.089510
v 0.057877 -0.133744 -0.100307
v 0.046579 -0.133418 -0.094324
v 0.039841 -0.133094 -0.082433
v 0.067205 -0.133850 -0.112301
v 0.059531 -0.133600 -0.106640
v 0.043656 -0.133222 -0.084844
v 0.053616 -0.133760 -0.105490
v 0.052412 -0.133701 -0.102362
v 0.047372 -0.133433 -0.098173
v 0.035737 -0.133047 -0.079442
v 0.075207 -0.133475 -0.122556
v 0.073994 -0.133592 -0.118520
v 0.081343 -0.133804 -0.123054
v 0.039279 -0.132824 -0.088973
v 0.039130 -0.132912 -0.095900
v 0.035686 -0.132325 -0.083135
v 0.031615 -0.133073 -0.077600
v 0.037735 -0.132604 -0.085395
v 0.083189 -0.133971 -0.126908
v 0.069622 -0.133898 -0.118785
v 0.059420 -0.133628 -0.109109
v 0.050624 -0.133647 -0.106164
v 0.044111 -0.133171 -0.099826
v 0.071916 -0.133682 -0.127328
v 0.066908 -0.133853 -0.117160
v 0.064195 -0.133800 -0.115536
v 0.058329 -0.133672 -0.110887
v 0.036775 -0.132621 -0.092720
v 0.036507 -0.131986 -0.087900
v 0.045593 -0.133272 -0.112228
v 0.042397 -0.133115 -0.102979
v 0.033793 -0.130598 -0.086276
v 0.066643 -0.133754 -0.121291
v 0.061481 -0.133721 -0.113911
v 0.052801 -0.133887 -0.112898
v 0.034171 -0.132921 -0.097694
v 0.034882 -0.131746 -0.090614
v 0.045269 -0.133162 -0.107834
v 0.039773 -0.133036 -0.100915
v 0.030823 -0.129677 -0.085080
v 0.069086 -0.133742 -0.125836
v 0.053598 -0.133775 -0.116687
v 0.036854 -0.132890 -0.100121
v 0.033128 -0.132435 -0.093892
v 0.036667 -0.133042 -0.107977
v 0.047939 -0.133376 -0.118847
v 0.032360 -0.129351 -0.088772
v 0.066567 -0.133656 -0.127072
v 0.059353 -0.133633 -0.117363
v 0.052951 -0.133523 -0.120147
v 0.032687 -0.133051 -0.106514
v 0.029531 -0.132659 -0.098468
v 0.030536 -0.129583 -0.091620
v 0.039330 -0.133329 -0.111738
v 0.044762 -0.133427 -0.116400
v 0.029455 -0.128123 -0.087365
v 0.060053 -0.133509 -0.122310
v 0.057840 -0.133514 -0.122251
v 0.030119 -0.132950 -0.104614
v 0.028043 -0.132622 -0.101849
v 0.028920 -0.131292 -0.094416
v 0.031543 -0.133076 -0.110791
v 0.041959 -0.133259 -0.123258
v 0.054478 -0.133492 -0.123085
v 0.025679 -0.132218 -0.108140
v 0.025670 -0.131989 -0.099843
v 0.027295 -0.131932 -0.097130
v 0.038702 -0.133441 -0.115018
v 0.035427 -0.133512 -0.120732
v 0.047804 -0.133207 -0.124059
v 0.024046 -0.131939 -0.102557
v 0.025678 -0.129395 -0.096162
v 0.036270 -0.133233 -0.125031
v 0.043381 -0.133102 -0.126800
v 0.030554 -0.132966 -0.112859
v 0.022421 -0.132169 -0.105270
v 0.021332 -0.130776 -0.100932
v 0.023379 -0.129395 -0.098471
v 0.039255 -0.132722 -0.126407
v 0.028967 -0.132883 -0.127679
v 0.045906 -0.132903 -0.128079
v 0.024272 -0.132094 -0.115152
v 0.019128 -0.132116 -0.109224
v 0.022614 -0.129395 -0.098791
v 0.029630 -0.133105 -0.119342
v 0.029490 -0.133002 -0.124247
v 0.027437 -0.132482 -0.116145
v 0.023128 -0.132082 -0.111407
v 0.019708 -0.131692 -0.103646
v 0.018619 -0.130423 -0.099308
v 0.023164 -0.126232 -0.098702
v 0.024887 -0.132572 -0.125511
v 0.023240 -0.132412 -0.120754
v 0.015389 -0.132290 -0.112079
v 0.016980 -0.131886 -0.106469
v 0.016994 -0.130996 -0.102021
v 0.014873 -0.132044 -0.116441
v 0.014822 -0.132242 -0.109743
v 0.015782 -0.130622 -0.097448
v 0.020726 -0.132337 -0.127986
v 0.017577 -0.132288 -0.120890
v 0.009433 -0.132375 -0.111742
v 0.013570 -0.132061 -0.107258
v 0.013655 -0.131046 -0.101539
v 0.018101 -0.132431 -0.124800
v 0.013438 -0.131974 -0.118257
v 0.008240 -0.132433 -0.115524
v 0.009407 -0.132132 -0.108537
v 0.007825 -0.130859 -0.099487
v 0.013682 -0.132599 -0.124811
v 0.003176 -0.132438 -0.108663
v 0.006694 -0.132007 -0.106912
v 0.015820 -0.132704 -0.126814
v 0.009568 -0.132378 -0.120931
v 0.001887 -0.132329 -0.115495
v 0.006141 -0.132565 -0.120346
v 0.007583 -0.132558 -0.123898
v 0.003980 -0.131994 -0.105288
v 0.000727 -0.132560 -0.110776
v 0.006915 -0.132734 -0.125978
v 0.000355 -0.132644 -0.105245
v 0.002330 -0.132376 -0.118866
v -0.001146 -0.132634 -0.109025
v -0.004605 -0.132613 -0.112853
v 0.004750 -0.131170 -0.099154
v -0.000291 -0.132675 -0.123874
v -0.000400 -0.132569 -0.099895
v -0.002846 -0.132819 -0.102617
v -0.006140 -0.132608 -0.106610
v -0.004476 -0.132551 -0.126926
v -0.002787 -0.132560 -0.122915
v -0.012521 -0.132666 -0.106260
v -0.007041 -0.132666 -0.098872
v -0.008420 -0.132730 -0.103487
v -0.006503 -0.132547 -0.116641
v -0.012322 -0.132760 -0.112568
v -0.011096 -0.132658 -0.119162
v -0.009112 -0.132756 -0.114189
v -0.017763 -0.132551 -0.109834
v -0.011737 -0.132811 -0.100062
v -0.009858 -0.132655 -0.127346
v -0.020409 -0.132568 -0.109116
v -0.015673 -0.132558 -0.113486
v -0.015550 -0.132782 -0.100967
v -0.017103 -0.132879 -0.097354
v -0.023137 -0.132630 -0.107483
v -0.017126 -0.132416 -0.115645
v -0.017174 -0.132654 -0.103681
v -0.011963 -0.132611 -0.127085
v -0.026341 -0.132748 -0.102199
v -0.026333 -0.132730 -0.112172
v -0.023052 -0.132660 -0.101157
v -0.014731 -0.132406 -0.123527
v -0.023411 -0.132595 -0.115012
v -0.016222 -0.132540 -0.126612
v -0.020866 -0.132446 -0.121602
v -0.020959 -0.132492 -0.116159
v -0.024345 -0.132384 -0.117946
v -0.024769 -0.132611 -0.124742
v -0.028584 -0.132396 -0.119089
v -0.030525 -0.132579 -0.122878
v -0.020708 -0.126151 0.001646
v -0.089715 -0.134482 0.035172
v -0.091398 -0.134579 0.025549
v -0.091778 -0.134490 0.018966
v -0.085680 -0.134073 0.036944
v -0.090590 -0.134553 0.030644
v -0.085098 -0.134217 0.022847
v -0.088984 -0.134362 0.020818
v -0.083417 -0.134271 0.031221
v -0.085831 -0.133845 0.039514
v -0.085678 -0.134285 0.027705
v -0.084150 -0.134416 0.016455
v -0.085944 -0.134429 0.011104
v -0.088583 -0.134425 0.000922
v -0.081169 -0.134097 0.034201
v -0.088366 -0.133890 0.042153
v -0.080277 -0.133952 0.022951
v -0.083039 -0.134155 0.006158
v -0.089583 -0.134389 -0.001611
v -0.085617 -0.134335 0.003646
v -0.078047 -0.133964 0.028603
v -0.084839 -0.133444 0.043091
v -0.087674 -0.133330 0.047604
v -0.080225 -0.133977 0.037279
v -0.077478 -0.133841 0.022741
v -0.082610 -0.134017 -0.003791
v -0.078829 -0.133938 0.003089
v -0.075294 -0.133685 0.029910
v -0.077046 -0.133518 0.042378
v -0.073363 -0.133490 0.036424
v -0.077494 -0.134013 0.017213
v -0.079076 -0.134077 0.015812
v -0.077619 -0.133989 0.013084
v -0.089593 -0.134378 -0.004916
v -0.075887 -0.133720 0.038368
v -0.072198 -0.133944 0.013299
v -0.076925 -0.134005 0.009777
v -0.085130 -0.134033 -0.008640
v -0.074786 -0.133956 -0.006018
v -0.072621 -0.133669 0.025354
v -0.072085 -0.133551 0.032405
v -0.071878 -0.132375 0.039427
v -0.070439 -0.133966 0.021185
v -0.070808 -0.133993 0.007725
v -0.088742 -0.134274 -0.010729
v -0.071407 -0.134041 -0.002072
v -0.070996 -0.133786 0.028067
v -0.068515 -0.132409 0.033380
v -0.069371 -0.133510 0.030781
v -0.089358 -0.134285 -0.011221
v -0.073640 -0.133778 -0.014079
v -0.084092 -0.133931 -0.013234
v -0.070135 -0.134076 -0.005095
v -0.066980 -0.133567 0.025845
v -0.067954 -0.129287 0.040743
v -0.066640 -0.133767 0.010715
v -0.089351 -0.134187 -0.018519
v -0.067355 -0.133730 0.000200
v -0.073598 -0.133821 -0.010186
v -0.064542 -0.133764 -0.002307
v -0.066877 -0.133112 0.029620
v -0.064941 -0.129408 0.035350
v -0.058077 -0.133894 0.012812
v -0.062133 -0.133552 0.007627
v -0.065641 -0.133603 0.006191
v -0.066306 -0.133966 -0.012600
v -0.080867 -0.133865 -0.015336
v -0.061023 -0.133710 -0.004017
v -0.065033 -0.131590 0.031870
v -0.064372 -0.126274 0.039092
v -0.063220 -0.133716 -0.000309
v -0.067371 -0.133952 -0.015908
v -0.075567 -0.133715 -0.019753
v -0.065525 -0.133974 -0.008790
v -0.063665 -0.132602 0.027637
v -0.062320 -0.131388 0.030245
v -0.063409 -0.128110 0.034583
v -0.054706 -0.133575 0.007564
v -0.062838 -0.133701 0.004752
v -0.081573 -0.133929 -0.019138
v -0.061695 -0.133761 -0.017469
v -0.069434 -0.133869 -0.020892
v -0.055320 -0.133613 -0.003486
v -0.059514 -0.133798 -0.008711
v -0.059295 -0.133875 -0.012279
v -0.061805 -0.132524 0.024888
v -0.061240 -0.129395 0.032048
v -0.063364 -0.124630 0.034644
v -0.057635 -0.133820 0.003083
v -0.088963 -0.133885 -0.025303
v -0.086135 -0.133988 -0.021847
v -0.063356 -0.133880 -0.020740
v -0.063203 -0.133918 -0.024923
v -0.077650 -0.133848 -0.024760
v -0.071195 -0.133712 -0.023459
v -0.054467 -0.133821 -0.007334
v -0.059474 -0.130409 0.028673
v -0.062242 -0.126232 0.033885
v -0.051553 -0.133359 0.005231
v -0.082593 -0.133896 -0.023394
v -0.052060 -0.134106 -0.012459
v -0.058617 -0.133992 -0.023652
v -0.048139 -0.133635 -0.007638
v -0.055713 -0.131077 0.022994
v -0.057982 -0.127811 0.031334
v -0.060681 -0.126232 0.032946
v -0.061176 -0.123070 0.032155
v -0.050106 -0.132157 0.007548
v -0.083578 -0.133942 -0.027435
v -0.051919 -0.133959 -0.016601
v -0.056799 -0.133955 -0.019054
v -0.063520 -0.133775 -0.031017
v -0.070943 -0.133596 -0.027256
v -0.050360 -0.133397 0.000968
v -0.049271 -0.133470 -0.003370
v -0.047518 -0.133910 -0.011885
v -0.056241 -0.129408 0.027998
v -0.063815 -0.122650 0.034549
v -0.048458 -0.132826 0.004144
v -0.085196 -0.133972 -0.028451
v -0.054433 -0.133965 -0.020203
v -0.058699 -0.133779 -0.027234
v -0.062123 -0.133856 -0.028917
v -0.072880 -0.133698 -0.034496
v -0.070819 -0.133596 -0.030973
v -0.046557 -0.133154 -0.004995
v -0.045468 -0.133423 -0.009333
v -0.053965 -0.129569 0.025730
v -0.055202 -0.128764 0.029537
v -0.056349 -0.126687 0.034214
v -0.059273 -0.123070 0.032107
v -0.060695 -0.121214 0.032958
v -0.047598 -0.129395 0.006362
v -0.088295 -0.133978 -0.031612
v -0.046122 -0.133932 -0.016561
v -0.055216 -0.133808 -0.025614
v -0.058289 -0.133579 -0.038501
v -0.047646 -0.133162 -0.000657
v -0.047591 -0.132558 0.002996
v -0.044215 -0.132164 -0.007020
v -0.045885 -0.132558 -0.003872
v -0.043030 -0.132452 -0.011121
v -0.046200 -0.129395 0.002014
v -0.082870 -0.133933 -0.034857
v -0.044379 -0.133526 -0.013671
v -0.048976 -0.133751 -0.023155
v -0.053079 -0.133571 -0.028902
v -0.064427 -0.133720 -0.034843
v -0.054714 -0.133440 -0.033934
v -0.071024 -0.133660 -0.036478
v -0.046744 -0.132656 -0.000358
v -0.048326 -0.128653 0.025220
v -0.053666 -0.128521 0.032454
v -0.057051 -0.123070 0.032889
v -0.057196 -0.119907 0.032647
v -0.046375 -0.126232 0.001946
v -0.078655 -0.133835 -0.037120
v -0.083810 -0.133909 -0.035907
v -0.041813 -0.132509 -0.015384
v -0.048318 -0.133718 -0.022736
v -0.061805 -0.133638 -0.040461
v -0.047580 -0.133490 -0.037542
v -0.042980 -0.129499 -0.007447
v -0.045064 -0.129395 -0.002311
v -0.051928 -0.126232 0.034949
v -0.047160 -0.126037 0.006380
v -0.079443 -0.133771 -0.040444
v -0.086127 -0.133753 -0.039410
v -0.091938 -0.133659 -0.044077
v -0.043290 -0.133538 -0.018009
v -0.044915 -0.133732 -0.020723
v -0.043826 -0.133551 -0.025061
v -0.045206 -0.133803 -0.031518
v -0.049472 -0.133436 -0.032507
v -0.055456 -0.133476 -0.045812
v -0.049569 -0.133556 -0.041047
v -0.076363 -0.133745 -0.038054
v -0.065110 -0.133656 -0.045233
v -0.040597 -0.129395 -0.013511
v -0.048218 -0.127975 0.029129
v -0.049306 -0.127973 0.033512
v -0.053628 -0.123075 0.032388
v -0.045809 -0.123680 0.002120
v -0.045388 -0.126232 -0.002374
v -0.090456 -0.133688 -0.041377
v -0.041416 -0.132457 -0.019112
v -0.042737 -0.133709 -0.029399
v -0.053573 -0.133462 -0.041341
v -0.044897 -0.133600 -0.039164
v -0.072015 -0.133744 -0.041359
v -0.043830 -0.126232 -0.006619
v -0.040746 -0.126353 -0.012745
v -0.039274 -0.129372 -0.017301
v -0.046067 -0.123070 0.005770
v -0.074895 -0.133732 -0.048270
v -0.087742 -0.133668 -0.043001
v -0.041706 -0.132657 -0.022307
v -0.040928 -0.132735 -0.026376
v -0.041060 -0.133841 -0.034432
v -0.061161 -0.133540 -0.047857
v -0.048425 -0.133629 -0.049785
v -0.043520 -0.133859 -0.043440
v -0.073386 -0.133786 -0.044455
v -0.042127 -0.126232 -0.009910
v -0.043971 -0.120247 0.004515
v -0.044796 -0.123207 -0.002184
v -0.043195 -0.123070 -0.006639
v -0.082026 -0.133616 -0.046621
v -0.085029 -0.133630 -0.044626
v -0.085557 -0.133579 -0.051344
v -0.038476 -0.129454 -0.023087
v -0.039006 -0.132445 -0.028112
v -0.037023 -0.133007 -0.032224
v -0.066631 -0.133645 -0.047501
v -0.056224 -0.133379 -0.050757
v -0.051757 -0.133478 -0.054965
v -0.045595 -0.133754 -0.045045
v -0.041527 -0.133833 -0.041046
v -0.041650 -0.123070 -0.009111
v -0.038965 -0.126213 -0.016927
v -0.042711 -0.120065 0.000366
v -0.042525 -0.119397 0.008108
v -0.067396 -0.133671 -0.050476
v -0.083024 -0.133565 -0.050023
v -0.037548 -0.126123 -0.021636
v -0.039488 -0.131027 -0.023972
v -0.036350 -0.134020 -0.036830
v -0.061835 -0.133436 -0.054524
v -0.046946 -0.133506 -0.058137
v -0.042036 -0.133709 -0.052136
v -0.036556 -0.133891 -0.048550
v -0.035642 -0.133668 -0.041380
v -0.039805 -0.123512 -0.012577
v -0.037711 -0.123001 -0.016713
v -0.041683 -0.119033 0.003145
v -0.040059 -0.118815 0.005859
v -0.041945 -0.120159 -0.003448
v -0.073867 -0.133735 -0.052657
v -0.075320 -0.133664 -0.055493
v -0.078032 -0.133675 -0.055518
v -0.087012 -0.133555 -0.054086
v -0.037576 -0.129395 -0.026935
v -0.036465 -0.129395 -0.029984
v -0.034426 -0.132632 -0.034257
v -0.055234 -0.133425 -0.054934
v -0.047091 -0.133468 -0.059951
v -0.038151 -0.133930 -0.050378
v -0.035856 -0.133586 -0.044807
v -0.041130 -0.121850 -0.008244
v -0.038417 -0.120819 -0.009869
v -0.038970 -0.118654 0.001521
v -0.038434 -0.119329 0.008572
v -0.039810 -0.119818 -0.005448
v -0.040595 -0.119191 -0.001193
v -0.066837 -0.133546 -0.056129
v -0.088519 -0.133499 -0.057145
v -0.035639 -0.126384 -0.029924
v -0.033963 -0.129395 -0.034367
v -0.032358 -0.132558 -0.036690
v -0.032669 -0.133845 -0.039131
v -0.058947 -0.133420 -0.058204
v -0.038344 -0.133668 -0.058069
v -0.040389 -0.133671 -0.053666
v -0.034579 -0.133824 -0.052713
v -0.031152 -0.133464 -0.048543
v -0.031227 -0.133812 -0.044308
v -0.036905 -0.121188 -0.015091
v -0.035576 -0.122949 -0.022994
v -0.037345 -0.118926 0.004234
v -0.037881 -0.119075 -0.002817
v -0.071436 -0.133537 -0.059929
v -0.079367 -0.133617 -0.059681
v -0.091716 -0.133537 -0.059182
v -0.034168 -0.123032 -0.027297
v -0.034345 -0.126232 -0.034241
v -0.063321 -0.133459 -0.057622
v -0.036914 -0.133703 -0.057225
v -0.041699 -0.133681 -0.063875
v -0.032955 -0.133543 -0.050000
v -0.036999 -0.119783 -0.007501
v -0.036203 -0.119817 -0.011487
v -0.033894 -0.119368 -0.002520
v -0.033407 -0.119960 0.005820
v -0.065709 -0.133502 -0.058788
v -0.076336 -0.133552 -0.065407
v -0.090557 -0.133475 -0.062170
v -0.033370 -0.122910 -0.031845
v -0.032582 -0.126232 -0.037065
v -0.029640 -0.132558 -0.038306
v -0.032190 -0.129395 -0.036409
v -0.026227 -0.133736 -0.042994
v -0.051287 -0.133457 -0.064996
v -0.060607 -0.133412 -0.059247
v -0.036913 -0.133725 -0.062609
v -0.045154 -0.133552 -0.065118
v -0.039291 -0.133719 -0.067292
v -0.033949 -0.133763 -0.058493
v -0.026992 -0.133811 -0.046197
v -0.033168 -0.119938 -0.020327
v -0.034931 -0.119820 -0.015976
v -0.035168 -0.119278 -0.004442
v -0.058715 -0.133492 -0.064325
v -0.070908 -0.133569 -0.064138
v -0.081944 -0.133640 -0.064632
v -0.085011 -0.133563 -0.063067
v -0.032345 -0.122850 -0.035798
v -0.029719 -0.129395 -0.038438
v -0.055180 -0.133431 -0.062496
v -0.057894 -0.133435 -0.060871
v -0.031866 -0.133580 -0.054338
v -0.023828 -0.133742 -0.048323
v -0.032320 -0.118830 -0.009094
v -0.031181 -0.117921 -0.014182
v -0.031607 -0.119769 0.000129
v -0.032454 -0.119107 -0.006066
v -0.069958 -0.133527 -0.067609
v -0.083161 -0.133602 -0.066845
v -0.030257 -0.123070 -0.039337
v -0.027140 -0.132558 -0.040288
v -0.047040 -0.133445 -0.067370
v -0.030467 -0.133216 -0.065473
v -0.031048 -0.133135 -0.071082
v -0.044327 -0.133386 -0.068994
v -0.029152 -0.133365 -0.055962
v -0.026115 -0.133534 -0.054329
v -0.025903 -0.133735 -0.050535
v -0.030691 -0.118066 -0.018483
v -0.029218 -0.118969 -0.004098
v -0.029642 -0.120073 0.002990
v -0.059536 -0.133335 -0.071567
v -0.075061 -0.133516 -0.068104
v -0.077336 -0.133522 -0.071748
v -0.089349 -0.133501 -0.064156
v -0.030088 -0.126232 -0.039055
v -0.029348 -0.119704 -0.037548
v -0.024394 -0.132558 -0.041858
v -0.026932 -0.129395 -0.039940
v -0.022500 -0.132795 -0.044852
v -0.051911 -0.133328 -0.070543
v -0.055948 -0.133300 -0.068816
v -0.028516 -0.133165 -0.064115
v -0.036014 -0.133403 -0.072039
v -0.040165 -0.133493 -0.071586
v -0.028713 -0.133317 -0.058837
v -0.019660 -0.133355 -0.053816
v -0.028652 -0.117661 -0.012029
v -0.029741 -0.118495 -0.007691
v -0.025904 -0.116596 -0.017712
v -0.026492 -0.119339 -0.002264
v -0.067844 -0.133424 -0.071271
v -0.083404 -0.133480 -0.070740
v -0.027697 -0.126232 -0.041218
v -0.028387 -0.123039 -0.042114
v -0.027478 -0.120319 -0.042046
v -0.024327 -0.129395 -0.041747
v -0.019987 -0.132539 -0.046716
v -0.034726 -0.133269 -0.075749
v -0.045797 -0.133241 -0.072582
v -0.022963 -0.133163 -0.059895
v -0.016478 -0.132779 -0.052471
v -0.026432 -0.117997 -0.009163
v -0.088997 -0.133483 -0.070461
v -0.025403 -0.118453 -0.006602
v -0.062715 -0.133431 -0.075662
v -0.077289 -0.133493 -0.074956
v -0.028081 -0.124896 -0.041859
v -0.024261 -0.116514 -0.040847
v -0.024139 -0.126366 -0.044274
v -0.017317 -0.132492 -0.048508
v -0.022045 -0.129395 -0.044092
v -0.023037 -0.132902 -0.063322
v -0.024454 -0.133280 -0.075423
v -0.030759 -0.133128 -0.077117
v -0.040640 -0.133367 -0.076820
v -0.018011 -0.133302 -0.058140
v -0.014017 -0.132528 -0.054067
v -0.054721 -0.133249 -0.074069
v -0.070716 -0.133333 -0.077021
v -0.073068 -0.133411 -0.073903
v -0.081892 -0.133343 -0.079138
v -0.025789 -0.123070 -0.044189
v -0.025515 -0.119357 -0.043731
v -0.019804 -0.128833 -0.046505
v -0.045897 -0.133254 -0.075216
v -0.024261 -0.132931 -0.066263
v -0.020892 -0.133062 -0.072221
v -0.028046 -0.133113 -0.078742
v -0.031110 -0.133096 -0.080044
v -0.015369 -0.133350 -0.064004
v -0.019923 -0.132889 -0.065174
v -0.012602 -0.132835 -0.057791
v -0.014514 -0.131301 -0.049982
v -0.085013 -0.133321 -0.076267
v -0.089273 -0.133275 -0.079038
v -0.058818 -0.133285 -0.080008
v -0.066913 -0.133272 -0.081294
v -0.075309 -0.133377 -0.079634
v -0.023234 -0.116430 -0.045062
v -0.021510 -0.133046 -0.075657
v -0.025332 -0.133163 -0.080366
v -0.045474 -0.133171 -0.079418
v -0.010711 -0.132180 -0.055945
v -0.011800 -0.130215 -0.051607
v -0.050400 -0.133261 -0.078839
v -0.060720 -0.133335 -0.080918
v -0.077794 -0.133312 -0.082245
v -0.023392 -0.123070 -0.046341
v -0.023629 -0.119907 -0.046737
v -0.020577 -0.126232 -0.047796
v -0.021547 -0.132605 -0.067888
v -0.014461 -0.132782 -0.073256
v -0.021071 -0.133053 -0.081303
v -0.026891 -0.132890 -0.084940
v -0.039452 -0.133261 -0.080520
v -0.009902 -0.132751 -0.066783
v -0.018486 -0.133043 -0.068793
v -0.008279 -0.131726 -0.057761
v -0.053708 -0.133219 -0.083039
v -0.067618 -0.133257 -0.084429
v -0.062100 -0.133283 -0.084273
v -0.067549 -0.133262 -0.086926
v -0.089577 -0.133224 -0.083135
v -0.021413 -0.116745 -0.049193
v -0.018017 -0.126232 -0.049677
v -0.014237 -0.132641 -0.075575
v -0.015223 -0.132499 -0.079229
v -0.045207 -0.133133 -0.085314
v -0.048111 -0.133229 -0.081473
v -0.012871 -0.133222 -0.065710
v -0.014496 -0.133278 -0.068423
v -0.056385 -0.133158 -0.088651
v -0.076853 -0.133309 -0.086381
v -0.081857 -0.133285 -0.087161
v -0.021341 -0.121673 -0.048266
v -0.010830 -0.132642 -0.070721
v -0.017192 -0.132892 -0.085240
v -0.027510 -0.132811 -0.087862
v -0.034210 -0.133044 -0.084435
v -0.039971 -0.133114 -0.086346
v -0.046227 -0.133103 -0.086477
v -0.052849 -0.133141 -0.085674
v -0.061204 -0.133131 -0.089883
v -0.074140 -0.133256 -0.088006
v -0.084706 -0.133206 -0.088686
v -0.020400 -0.116745 -0.050144
v -0.018050 -0.123070 -0.049733
v -0.009868 -0.132300 -0.078470
v -0.010694 -0.132397 -0.074386
v -0.016985 -0.132917 -0.091342
v -0.019613 -0.132996 -0.090083
v -0.037257 -0.133019 -0.087971
v -0.007735 -0.132146 -0.069513
v -0.091447 -0.133162 -0.088385
v -0.050768 -0.133103 -0.090936
v -0.067915 -0.133240 -0.091147
v -0.050202 -0.133034 -0.096079
v -0.071426 -0.133243 -0.089631
v -0.077290 -0.133270 -0.092435
v -0.018105 -0.119907 -0.049825
v -0.014796 -0.126488 -0.050455
v -0.011229 -0.132340 -0.081437
v -0.011880 -0.132367 -0.084946
v -0.030657 -0.132833 -0.093412
v -0.027194 -0.132599 -0.090310
v -0.040256 -0.132907 -0.091012
v -0.005820 -0.131506 -0.066245
v -0.047558 -0.133049 -0.092862
v -0.060936 -0.133060 -0.092091
v -0.055451 -0.132998 -0.095997
v -0.084434 -0.133064 -0.093266
v -0.087154 -0.133082 -0.091273
v -0.012648 -0.123078 -0.053006
v -0.005801 -0.132025 -0.084357
v -0.006209 -0.132288 -0.077010
v -0.011860 -0.132698 -0.090574
v -0.020997 -0.132895 -0.093881
v -0.025241 -0.132484 -0.092296
v -0.038846 -0.132836 -0.094006
v -0.004731 -0.131450 -0.070584
v -0.068311 -0.133167 -0.097412
v -0.048417 -0.132914 -0.102151
v -0.077389 -0.133272 -0.093433
v -0.084428 -0.133031 -0.097486
v -0.011836 -0.126197 -0.051585
v -0.004178 -0.132285 -0.081973
v -0.006356 -0.132190 -0.073297
v -0.017103 -0.132879 -0.097354
v -0.033455 -0.132867 -0.093933
v -0.039706 -0.132797 -0.097610
v -0.000709 -0.129333 -0.069891
v -0.070337 -0.133202 -0.093969
v -0.060572 -0.133032 -0.096129
v -0.057060 -0.132981 -0.098983
v -0.075278 -0.133081 -0.099260
v -0.080177 -0.133049 -0.099424
v 0.000165 -0.132474 -0.083551
v -0.000245 -0.132716 -0.080640
v -0.003436 -0.132328 -0.074719
v -0.007041 -0.132666 -0.098872
v -0.022959 -0.132717 -0.096947
v -0.029649 -0.132834 -0.096895
v -0.063476 -0.133059 -0.097983
v -0.040437 -0.132889 -0.104705
v -0.051067 -0.132950 -0.104186
v -0.000929 -0.132469 -0.076546
v -0.023052 -0.132660 -0.101157
v -0.033991 -0.132710 -0.100985
v 0.000696 -0.130601 -0.073833
v -0.091757 -0.133086 -0.099881
v -0.070865 -0.133070 -0.101452
v -0.041330 -0.132838 -0.105683
v -0.053309 -0.132947 -0.104000
v -0.071283 -0.133004 -0.104222
v -0.082987 -0.133017 -0.100974
v 0.002798 -0.132545 -0.082463
v 0.001519 -0.132403 -0.078614
v -0.028516 -0.132832 -0.100921
v 0.001624 -0.129395 -0.072282
v -0.089697 -0.133160 -0.103797
v -0.064203 -0.132875 -0.103930
v -0.032234 -0.132721 -0.106009
v -0.036218 -0.132737 -0.108220
v -0.047024 -0.132881 -0.108205
v -0.058272 -0.132949 -0.105178
v -0.076835 -0.133007 -0.104823
v -0.079549 -0.133013 -0.103198
v 0.003988 -0.129126 -0.075814
v -0.065337 -0.132842 -0.104167
v -0.035181 -0.132526 -0.115096
v -0.050411 -0.132883 -0.108312
v -0.055681 -0.132881 -0.106429
v -0.043202 -0.132783 -0.110214
v -0.074122 -0.132965 -0.106447
v -0.085561 -0.133079 -0.106664
v 0.004738 -0.129918 -0.079394
v -0.026341 -0.132748 -0.102199
v -0.063509 -0.132917 -0.111698
v -0.026333 -0.132730 -0.112172
v -0.024345 -0.132384 -0.117946
v -0.045559 -0.132825 -0.113754
v -0.055491 -0.132928 -0.110612
v -0.069764 -0.132951 -0.108846
v -0.081311 -0.132996 -0.106598
v -0.028584 -0.132396 -0.119089
v -0.076921 -0.132936 -0.108796
v -0.086216 -0.133054 -0.113825
v 0.008899 -0.129385 -0.078726
v -0.063060 -0.132885 -0.112210
v -0.065426 -0.132897 -0.116520
v -0.039210 -0.132513 -0.116545
v -0.036852 -0.132710 -0.118589
v -0.051610 -0.132972 -0.116572
v -0.087136 -0.133070 -0.109714
v -0.060552 -0.132865 -0.113302
v -0.043963 -0.132659 -0.117418
v -0.030525 -0.132579 -0.122878
v -0.048076 -0.132854 -0.118355
v -0.080778 -0.132976 -0.115069
v -0.071959 -0.132936 -0.114814
v -0.091223 -0.132975 -0.118488
v -0.037146 -0.132737 -0.120687
v -0.045271 -0.132748 -0.122570
v -0.052410 -0.132971 -0.117487
v -0.082983 -0.132965 -0.120395
v -0.070524 -0.133036 -0.119510
v -0.042689 -0.132708 -0.123564
v -0.034509 -0.132783 -0.126477
v -0.074967 -0.132973 -0.121659
v -0.076282 -0.132932 -0.116212
v -0.060441 -0.132959 -0.119355
v -0.083760 -0.132944 -0.122720
v -0.037222 -0.132800 -0.124853
v -0.051341 -0.132979 -0.123066
v -0.081203 -0.133000 -0.125052
v -0.068142 -0.133000 -0.121086
v -0.087769 -0.133031 -0.124582
v -0.057404 -0.133079 -0.125612
v -0.076440 -0.133017 -0.127797
v -0.065711 -0.132980 -0.126756
v -0.063213 -0.133146 -0.124032
v -0.061090 -0.133105 -0.121621
v -0.057425 -0.133107 -0.128062
v -0.052293 -0.133135 -0.127033
v -0.074104 -0.132949 -0.124888
v -0.088128 -0.133043 -0.127796
v -0.071170 -0.133013 -0.126617
v 0.031509 -0.062942 -0.077542
v 0.030478 -0.062318 -0.073176
v 0.033240 -0.061010 -0.074886
v 0.029028 -0.063108 -0.075764
v 0.027110 -0.065841 -0.078968
v 0.026189 -0.064910 -0.074351
v 0.030107 -0.066015 -0.080631
v 0.028237 -0.069398 -0.082695
v 0.025274 -0.066385 -0.077191
v 0.025006 -0.069250 -0.081069
v 0.024549 -0.072416 -0.084483
v 0.021509 -0.072718 -0.082550
v 0.026555 -0.074342 -0.086510
v 0.022562 -0.076001 -0.086565
v 0.024973 -0.078396 -0.088973
v 0.019827 -0.075875 -0.084977
v 0.021425 -0.078793 -0.088464
v 0.018091 -0.075631 -0.080964
v 0.021347 -0.081702 -0.090056
v 0.018524 -0.078853 -0.087310
v 0.016825 -0.077306 -0.082996
v 0.023111 -0.083875 -0.091340
v 0.015990 -0.079079 -0.085192
v 0.019590 -0.085118 -0.091529
v 0.016599 -0.085439 -0.090062
v 0.014773 -0.078931 -0.081727
v 0.021518 -0.086992 -0.093982
v 0.014143 -0.085828 -0.088660
v 0.012849 -0.082572 -0.084318
v 0.013871 -0.079044 -0.077219
v 0.024459 -0.088927 -0.095172
v 0.017665 -0.088187 -0.093273
v 0.011448 -0.081847 -0.080337
v 0.021217 -0.088281 -0.094968
v 0.011892 -0.091002 -0.092073
v 0.011906 -0.085118 -0.085892
v 0.009842 -0.085087 -0.083067
v 0.010102 -0.081832 -0.076240
v 0.023890 -0.091444 -0.096660
v 0.014072 -0.091440 -0.094386
v 0.009345 -0.091432 -0.090080
v 0.010521 -0.087946 -0.087995
v 0.008467 -0.084249 -0.079305
v 0.020387 -0.091058 -0.096845
v 0.016734 -0.091225 -0.095948
v 0.012540 -0.094736 -0.096295
v 0.007928 -0.095128 -0.092537
v 0.006501 -0.088457 -0.082563
v 0.006958 -0.084513 -0.074078
v 0.022994 -0.094722 -0.098023
v 0.009849 -0.094606 -0.094219
v 0.006890 -0.093424 -0.088478
v 0.007997 -0.088451 -0.085500
v 0.005872 -0.088281 -0.080618
v 0.005904 -0.087015 -0.077720
v 0.018998 -0.094606 -0.098675
v 0.015995 -0.094517 -0.097763
v 0.009598 -0.097769 -0.095905
v 0.007284 -0.097769 -0.093612
v 0.005799 -0.097769 -0.091168
v 0.021535 -0.098207 -0.100594
v 0.015267 -0.097769 -0.098749
v 0.011417 -0.100706 -0.098726
v 0.018837 -0.097340 -0.099525
v 0.014296 -0.101103 -0.100342
v 0.009244 -0.102197 -0.096434
v 0.006909 -0.100931 -0.094240
v 0.020530 -0.100931 -0.102273
v 0.011076 -0.103932 -0.099194
v 0.002423 -0.103617 -0.089735
v 0.016306 -0.103610 -0.102828
v 0.013485 -0.104094 -0.101727
v 0.010720 -0.107120 -0.099226
v 0.006845 -0.104094 -0.094346
v 0.004447 -0.104094 -0.092195
v 0.019751 -0.103904 -0.103733
v 0.013079 -0.107257 -0.102404
v 0.009526 -0.108592 -0.096308
v 0.004163 -0.107360 -0.091490
v 0.015486 -0.107856 -0.104541
v 0.013215 -0.110419 -0.103110
v 0.010931 -0.110419 -0.098828
v 0.007117 -0.107257 -0.093892
v 0.018190 -0.110056 -0.106546
v 0.009954 -0.113838 -0.094290
v 0.008226 -0.113621 -0.092096
v 0.014942 -0.110419 -0.105450
v 0.012540 -0.112775 -0.103142
v 0.011380 -0.113778 -0.098749
v 0.004804 -0.110520 -0.091144
v 0.017400 -0.113582 -0.107501
v 0.005852 -0.113582 -0.089848
v 0.019757 -0.113582 -0.107361
v 0.014046 -0.113582 -0.106945
v 0.012656 -0.115402 -0.103110
v 0.003819 -0.114942 -0.086915
v 0.018193 -0.116816 -0.106496
v 0.014767 -0.116745 -0.105741
v 0.006747 -0.116605 -0.088353
v 0.009136 -0.116760 -0.089957
v -0.008193 -0.123369 -0.057895
v -0.010944 -0.123160 -0.055871
v -0.009133 -0.120051 -0.059481
v -0.012372 -0.113590 -0.058642
v -0.011046 -0.119771 -0.055828
v -0.014365 -0.116745 -0.055891
v 0.007194 -0.083864 -0.062979
v 0.003857 -0.085109 -0.061982
v 0.005639 -0.084823 -0.058189
v 0.008197 -0.083506 -0.067346
v 0.001767 -0.086466 -0.059730
v -0.000203 -0.087891 -0.065761
v 0.001627 -0.088177 -0.053299
v -0.000295 -0.087843 -0.062181
v 0.003860 -0.085869 -0.068184
v -0.000564 -0.088771 -0.058334
v -0.000165 -0.088622 -0.069113
v 0.006482 -0.085085 -0.070006
v -0.002493 -0.091444 -0.064551
v -0.000968 -0.091444 -0.054406
v -0.002643 -0.091393 -0.060833
v 0.002633 -0.088375 -0.071115
v -0.002428 -0.091444 -0.066737
v 0.005034 -0.086993 -0.072744
v -0.001941 -0.091444 -0.057509
v -0.001678 -0.091825 -0.072264
v -0.002416 -0.091444 -0.068284
v 0.006958 -0.084513 -0.074078
v -0.003423 -0.094567 -0.062675
v -0.002386 -0.094682 -0.067070
v -0.002613 -0.094606 -0.057107
v -0.003955 -0.094606 -0.059990
v 0.000550 -0.091221 -0.074076
v 0.003433 -0.089586 -0.075366
v -0.000477 -0.094606 -0.054700
v -0.002753 -0.094606 -0.073436
v -0.002851 -0.094606 -0.071709
v 0.005904 -0.087015 -0.077720
v -0.004764 -0.097522 -0.063375
v -0.003487 -0.097567 -0.055988
v -0.001027 -0.094561 -0.076556
v 0.001678 -0.093278 -0.078421
v -0.003314 -0.097769 -0.071432
v -0.005284 -0.096225 -0.059194
v -0.004067 -0.100748 -0.069492
v -0.003156 -0.097769 -0.074801
v 0.006501 -0.088457 -0.082563
v -0.006402 -0.097769 -0.061061
v -0.005630 -0.101117 -0.066176
v -0.006586 -0.097769 -0.058415
v -0.001742 -0.097769 -0.077905
v 0.000179 -0.097798 -0.080884
v -0.003349 -0.100974 -0.074788
v 0.007997 -0.088451 -0.085500
v -0.006909 -0.098915 -0.061907
v -0.004099 -0.104094 -0.069527
v -0.007708 -0.100931 -0.063243
v -0.006928 -0.100380 -0.054553
v -0.002307 -0.101696 -0.079229
v 0.002634 -0.096750 -0.084470
v -0.003475 -0.104094 -0.071336
v -0.006475 -0.103961 -0.066227
v -0.007998 -0.099400 -0.057569
v -0.000645 -0.100927 -0.083401
v -0.002891 -0.104094 -0.075371
v -0.002538 -0.107251 -0.073049
v 0.006890 -0.093424 -0.088478
v -0.009672 -0.100906 -0.060308
v -0.002189 -0.110342 -0.072157
v -0.006113 -0.108696 -0.066449
v -0.008283 -0.104094 -0.064203
v -0.010272 -0.101272 -0.056208
v 0.000720 -0.100931 -0.086106
v -0.002982 -0.104094 -0.079386
v 0.003696 -0.097598 -0.086906
v -0.010438 -0.104094 -0.061645
v -0.003867 -0.107257 -0.069141
v -0.008194 -0.110423 -0.064134
v -0.009087 -0.101681 -0.053231
v 0.000122 -0.104094 -0.087105
v 0.002838 -0.100931 -0.088725
v -0.002428 -0.107257 -0.075648
v -0.000189 -0.113497 -0.077044
v 0.005799 -0.097769 -0.091168
v -0.012128 -0.104208 -0.058698
v -0.003739 -0.113667 -0.069081
v -0.008324 -0.113582 -0.064271
v -0.010633 -0.107257 -0.061972
v -0.013460 -0.104078 -0.054322
v -0.001438 -0.104266 -0.083594
v -0.003439 -0.107257 -0.078729
v -0.000412 -0.113608 -0.075346
v -0.012944 -0.107257 -0.059674
v -0.006061 -0.113582 -0.066133
v -0.010493 -0.110419 -0.061737
v -0.012664 -0.104032 -0.051117
v -0.003456 -0.107257 -0.080772
v 0.002423 -0.103617 -0.089735
v 0.000246 -0.107257 -0.086898
v -0.002272 -0.110352 -0.078914
v -0.000471 -0.116745 -0.076576
v -0.014325 -0.107257 -0.056937
v -0.002983 -0.116695 -0.071822
v -0.006134 -0.116745 -0.066771
v -0.010355 -0.113582 -0.061506
v -0.008157 -0.116745 -0.064650
v -0.013010 -0.110419 -0.059784
v -0.015162 -0.107257 -0.053280
v 0.000135 -0.113598 -0.080899
v 0.001193 -0.116745 -0.079159
v -0.004017 -0.116745 -0.069392
v -0.015471 -0.107286 -0.050367
v -0.001303 -0.109857 -0.083516
v 0.004163 -0.107360 -0.091490
v 0.001785 -0.118695 -0.078171
v -0.000235 -0.119907 -0.075387
v -0.015401 -0.110199 -0.056859
v -0.003726 -0.119907 -0.068905
v -0.005719 -0.119735 -0.066243
v -0.009748 -0.116902 -0.060353
v -0.017113 -0.110419 -0.054325
v -0.016138 -0.109240 -0.052696
v 0.002802 -0.110500 -0.088943
v 0.002892 -0.116718 -0.082504
v -0.001701 -0.119777 -0.071982
v -0.014936 -0.113042 -0.056844
v -0.006640 -0.121005 -0.063226
v -0.017154 -0.110419 -0.052088
v 0.003819 -0.114942 -0.086915
v 0.004804 -0.110520 -0.091144
v 0.004553 -0.116745 -0.085860
v -0.017342 -0.113582 -0.054706
v -0.009133 -0.120051 -0.059481
v -0.008193 -0.123369 -0.057895
v -0.019351 -0.113582 -0.051905
v -0.017663 -0.116745 -0.055243
v -0.010944 -0.123160 -0.055871
v -0.012648 -0.123078 -0.053006
v -0.018982 -0.117053 -0.051289
v -0.016071 -0.119746 -0.052584
v -0.020400 -0.116745 -0.050144
v -0.018050 -0.123070 -0.049733
v -0.018105 -0.119907 -0.049825
v 0.013728 -0.129548 -0.089007
v 0.011112 -0.129520 -0.087219
v 0.012302 -0.129367 -0.084467
v 0.009390 -0.130670 -0.090096
v 0.008301 -0.130536 -0.085758
v 0.011541 -0.130437 -0.092584
v 0.009925 -0.129509 -0.083044
v 0.006676 -0.131171 -0.088471
v 0.014817 -0.130310 -0.093345
v 0.007535 -0.129311 -0.081750
v 0.011550 -0.130213 -0.080331
v 0.004884 -0.131417 -0.090196
v 0.015782 -0.130622 -0.097448
v 0.016441 -0.130354 -0.090632
v 0.005587 -0.131705 -0.084133
v 0.006141 -0.131391 -0.095523
v 0.017530 -0.130531 -0.094970
v 0.007825 -0.130859 -0.099487
v 0.005951 -0.129395 -0.080665
v 0.001858 -0.131978 -0.096579
v 0.018619 -0.130423 -0.099308
v 0.019155 -0.131203 -0.092256
v 0.004750 -0.131170 -0.099154
v -0.001817 -0.131504 -0.090742
v 0.020244 -0.129887 -0.096594
v -0.000400 -0.132569 -0.099895
v 0.002338 -0.131524 -0.089560
v 0.022614 -0.129395 -0.098791
v 0.021936 -0.129629 -0.093921
v -0.005075 -0.132354 -0.094868
v -0.000375 -0.131476 -0.087936
v 0.022867 -0.129395 -0.098165
v -0.007027 -0.132430 -0.091226
v -0.007427 -0.132122 -0.087400
v 0.012698 -0.116959 -0.096423
v 0.011830 -0.117122 -0.092177
v 0.009954 -0.113838 -0.094290
v 0.011380 -0.113778 -0.098749
v 0.012689 -0.116745 -0.099443
v 0.012656 -0.115402 -0.103110
v 0.013161 -0.116745 -0.102860
v 0.014767 -0.116745 -0.105741
v 0.015224 -0.119845 -0.100654
v 0.015370 -0.118269 -0.104735
v 0.015459 -0.120043 -0.098096
v -0.032935 -0.120679 0.025494
v -0.022172 -0.123379 0.025003
v -0.028687 -0.121903 0.024853
v -0.028432 -0.121903 0.020917
v -0.024885 -0.122490 0.018802
v -0.031936 -0.120661 0.019426
v -0.029223 -0.121493 0.017802
v -0.034927 -0.119934 0.020758
v -0.029705 -0.121166 0.010300
v -0.036298 -0.119686 0.017838
v -0.038125 -0.118748 0.020783
v -0.031322 -0.121003 0.014323
v -0.032472 -0.120978 0.012375
v -0.040612 -0.118334 0.017248
v -0.035568 -0.120265 0.014163
v -0.036017 -0.120212 0.011328
v -0.039523 -0.119211 0.012910
v -0.041701 -0.117909 0.021587
v -0.031383 -0.120659 0.008037
v -0.042237 -0.118771 0.014535
v -0.043326 -0.117802 0.018873
v -0.033407 -0.119960 0.005820
v -0.028669 -0.120544 0.006412
v -0.044291 -0.119796 0.011458
v -0.044528 -0.119907 0.016287
v -0.045206 -0.119907 0.019999
v -0.042525 -0.119397 0.008108
v -0.029642 -0.120073 0.002990
v -0.038434 -0.119329 0.008572
v -0.025484 -0.120187 0.005016
v -0.045177 -0.119950 0.021949
v -0.045486 -0.121365 0.009108
v -0.046408 -0.123596 0.013346
v -0.043023 -0.122866 0.018692
v -0.046484 -0.122903 0.009531
v -0.046067 -0.123070 0.005770
v -0.047945 -0.126397 0.010768
v -0.047160 -0.126037 0.006380
v -0.047584 -0.126232 0.014050
v -0.048991 -0.129395 0.009410
v -0.044714 -0.126292 0.015934
v -0.049288 -0.127404 0.015071
v -0.050643 -0.129484 0.012289
v -0.047598 -0.129395 0.006362
v -0.047664 -0.127708 0.017784
v -0.052237 -0.132597 0.009533
v -0.050106 -0.132157 0.007548
v -0.042918 -0.126683 0.018629
v -0.052228 -0.129316 0.016519
v -0.053904 -0.132119 0.013518
v -0.046039 -0.128168 0.020498
v -0.050377 -0.128672 0.019409
v -0.055251 -0.133536 0.011268
v -0.054706 -0.133575 0.007564
v -0.041402 -0.126650 0.021408
v -0.051686 -0.129395 0.020192
v -0.055241 -0.132292 0.018116
v -0.058077 -0.133894 0.012812
v -0.044415 -0.127809 0.023211
v -0.048753 -0.128808 0.022122
v -0.056245 -0.133125 0.015714
v -0.040076 -0.127265 0.024300
v -0.053091 -0.130283 0.021033
v -0.051476 -0.129394 0.023744
v -0.059053 -0.133604 0.017231
v -0.042790 -0.127139 0.025925
v -0.048326 -0.128653 0.025220
v -0.055713 -0.131077 0.022994
v -0.057254 -0.132722 0.020235
v -0.063013 -0.133861 0.019228
v -0.042309 -0.126232 0.026728
v -0.053965 -0.129569 0.025730
v -0.063636 -0.133838 0.016906
v -0.048218 -0.127975 0.029129
v -0.061005 -0.133071 0.022087
v -0.067679 -0.133794 0.014970
v -0.070439 -0.133966 0.021185
v -0.061805 -0.132524 0.024888
v -0.066980 -0.133567 0.025845
v -0.072198 -0.133944 0.013299
v -0.067194 -0.133922 0.022105
v -0.014531 -0.116909 -0.031541
v -0.013546 -0.119907 -0.032131
v 0.087990 -0.138207 0.166398
v 0.086155 -0.137882 0.153706
v 0.084530 -0.138213 0.167036
v 0.088135 -0.137766 0.175597
v 0.089293 -0.137827 0.150202
v 0.081736 -0.138088 0.160744
v 0.083506 -0.138146 0.162269
v 0.080680 -0.138259 0.174004
v 0.083112 -0.137887 0.153808
v 0.078500 -0.138061 0.159423
v 0.077104 -0.137938 0.167413
v 0.077323 -0.138086 0.171863
v 0.081683 -0.137583 0.146451
v 0.074851 -0.137916 0.164230
v 0.074942 -0.138034 0.175212
v 0.089977 -0.137793 0.149172
v 0.087661 -0.137572 0.143583
v 0.079182 -0.137645 0.151487
v 0.074097 -0.137762 0.153441
v 0.068536 -0.137691 0.165297
v 0.073142 -0.137964 0.170309
v 0.086647 -0.137516 0.141194
v 0.075072 -0.137453 0.143041
v 0.070366 -0.137630 0.159291
v 0.068955 -0.137815 0.169554
v 0.071271 -0.137885 0.178405
v 0.073285 -0.137698 0.149007
v 0.069037 -0.137548 0.152438
v 0.064678 -0.137836 0.160572
v 0.070611 -0.137351 0.142324
v 0.068508 -0.137468 0.148263
v 0.066644 -0.137773 0.159455
v 0.063988 -0.137491 0.173045
v 0.061638 -0.137751 0.163046
v 0.089910 -0.137474 0.137601
v 0.073578 -0.137415 0.139690
v 0.062756 -0.137535 0.170440
v 0.061943 -0.137710 0.158708
v 0.085140 -0.137510 0.137170
v 0.067033 -0.137362 0.138248
v 0.080765 -0.137472 0.139943
v 0.065315 -0.137347 0.145243
v 0.065428 -0.137557 0.153122
v 0.054456 -0.137412 0.163236
v 0.057110 -0.137536 0.167957
v 0.085880 -0.137479 0.131754
v 0.070242 -0.137404 0.135255
v 0.066662 -0.137367 0.141014
v 0.078603 -0.137406 0.137392
v 0.064484 -0.137479 0.149691
v 0.057017 -0.137385 0.156489
v 0.053482 -0.137529 0.168518
v 0.064848 -0.137208 0.134062
v 0.057908 -0.137497 0.146714
v 0.053882 -0.137318 0.157229
v 0.051452 -0.137482 0.164865
v 0.077732 -0.137353 0.134373
v 0.060588 -0.137158 0.134019
v 0.062324 -0.137361 0.139926
v 0.058329 -0.137425 0.143440
v 0.059057 -0.137469 0.152940
v 0.048059 -0.137277 0.151308
v 0.047908 -0.137471 0.160129
v 0.047360 -0.137530 0.163549
v 0.079143 -0.137323 0.130082
v 0.071894 -0.137341 0.130362
v 0.055650 -0.137130 0.132884
v 0.052874 -0.137352 0.144560
v 0.048980 -0.137211 0.150256
v 0.075891 -0.137325 0.131803
v 0.064502 -0.137072 0.131249
v 0.053369 -0.137236 0.137996
v 0.062257 -0.136992 0.129073
v 0.051744 -0.137335 0.142969
v 0.043574 -0.137176 0.151302
v 0.042739 -0.137212 0.155416
v 0.052023 -0.137213 0.135034
v 0.051728 -0.137188 0.131936
v 0.041835 -0.137190 0.144141
v 0.038299 -0.137249 0.158783
v 0.047117 -0.137039 0.134086
v 0.047968 -0.137230 0.141023
v 0.038354 -0.137219 0.149978
v 0.040616 -0.137208 0.152922
v 0.037903 -0.137245 0.154547
v 0.036280 -0.137294 0.162447
v 0.043985 -0.137145 0.137999
v 0.035575 -0.137158 0.144872
v 0.035189 -0.137260 0.156171
v 0.032927 -0.137274 0.161384
v 0.039009 -0.136862 0.131508
v 0.028299 -0.136967 0.146876
v 0.033872 -0.137229 0.153718
v 0.030584 -0.137301 0.158638
v 0.028836 -0.137227 0.165233
v 0.030687 -0.137008 0.137504
v 0.027049 -0.137250 0.161045
v 0.034970 -0.136941 0.134927
v 0.024202 -0.136805 0.140463
v 0.026513 -0.137129 0.153993
v 0.027335 -0.137235 0.156667
v 0.024335 -0.137251 0.162669
v 0.031430 -0.136910 0.130161
v 0.027824 -0.136791 0.132030
v 0.023974 -0.136796 0.136721
v 0.021515 -0.136724 0.142598
v 0.020520 -0.137003 0.150562
v 0.021670 -0.137240 0.159308
v 0.021892 -0.137221 0.166464
v 0.016891 -0.136825 0.138303
v 0.025141 -0.136900 0.147060
v 0.021086 -0.137163 0.157242
v 0.025856 -0.136834 0.127548
v 0.014153 -0.136771 0.134090
v 0.019765 -0.136674 0.144438
v 0.014938 -0.136792 0.139486
v 0.016532 -0.136982 0.152870
v 0.016182 -0.137288 0.160817
v 0.009447 -0.136525 0.138538
v 0.013289 -0.137078 0.157041
v 0.014557 -0.137259 0.161200
v 0.004876 -0.136067 0.130083
v 0.005660 -0.136293 0.147103
v 0.012518 -0.136549 0.147158
v 0.011202 -0.136947 0.156007
v 0.002975 -0.135758 0.135818
v 0.002640 -0.136095 0.141298
v 0.004399 -0.136511 0.154336
v 0.008608 -0.136920 0.161027
v 0.000695 -0.135829 0.133222
v 0.004241 -0.136272 0.147788
v -0.003148 -0.136529 0.147596
v 0.002674 -0.136713 0.161571
v 0.004465 -0.136775 0.163814
v -0.004382 -0.136375 0.139747
v -0.001888 -0.136617 0.148342
v -0.004847 -0.136923 0.158818
v -0.004079 -0.136174 0.134952
v -0.012400 -0.136254 0.144166
v -0.001693 -0.136825 0.156136
v -0.010380 -0.136073 0.138873
v -0.011125 -0.136643 0.152134
v -0.017689 -0.136456 0.147611
v -0.011386 -0.135782 0.133773
v -0.010368 -0.136932 0.157693
v -0.014154 -0.135942 0.141480
v -0.017004 -0.136187 0.143403
v -0.017029 -0.135982 0.139637
v -0.023825 -0.136152 0.147270
v -0.019702 -0.136304 0.131724
v -0.020771 -0.136844 0.152313
v -0.026795 -0.135747 0.143533
v -0.025326 -0.136100 0.138385
v -0.027721 -0.136558 0.149603
v -0.025505 -0.135922 0.141015
v -0.035651 -0.136368 0.148037
v -0.033684 -0.136147 0.145800
v -0.035390 -0.135946 0.141483
v -0.039279 -0.136326 0.142776
v -0.007479 -0.119907 0.004825
v -0.005757 -0.122876 0.007742
v -0.007409 -0.119907 0.008428
v -0.008159 -0.123070 0.009887
v -0.005890 -0.117998 0.007519
v -0.007223 -0.119843 0.011617
v -0.005152 -0.116396 0.003390
v -0.004266 -0.118348 0.010232
v -0.006660 -0.116387 0.000607
v -0.008066 -0.119907 0.001449
v -0.008291 -0.116301 -0.002102
v -0.005337 -0.113927 -0.003871
v -0.008821 -0.119907 -0.001785
v -0.006962 -0.114460 -0.006584
v -0.009311 -0.116745 -0.004644
v -0.008694 -0.123070 -0.001861
v -0.009702 -0.119590 -0.004982
v -0.010662 -0.123070 -0.004369
v -0.007990 -0.123070 0.001404
v -0.010764 -0.124785 -0.000622
v -0.004927 -0.122968 0.002971
v -0.010627 -0.123070 -0.006550
v -0.012389 -0.124122 -0.003335
v -0.008621 -0.125891 0.002149
v -0.014013 -0.124591 -0.006049
v -0.010639 -0.119907 -0.008069
v -0.015102 -0.124437 -0.001711
v -0.011300 -0.124728 -0.007673
v -0.012640 -0.126143 -0.010557
v 0.011870 -0.085118 -0.043933
v 0.013681 -0.088499 -0.044692
v 0.013289 -0.088281 -0.040825
v 0.007773 -0.085118 -0.043542
v 0.016031 -0.091422 -0.042467
v 0.007556 -0.088281 -0.043904
v 0.009890 -0.083347 -0.046162
v 0.016434 -0.092010 -0.046394
v 0.005728 -0.085118 -0.043670
v 0.007177 -0.084219 -0.044538
v 0.004463 -0.085971 -0.042913
v 0.004910 -0.084998 -0.047110
v 0.002839 -0.086020 -0.045627
v 0.005394 -0.088281 -0.041359
v 0.008266 -0.083269 -0.048876
v 0.002576 -0.088281 -0.041783
v 0.012472 -0.082169 -0.048476
v 0.006467 -0.084947 -0.051646
v 0.001180 -0.088281 -0.044634
v 0.001968 -0.088281 -0.047080
v 0.003456 -0.091444 -0.042310
v 0.010399 -0.081956 -0.050153
v 0.003927 -0.086994 -0.049965
v 0.002757 -0.088281 -0.049264
v 0.005308 -0.091444 -0.041502
v 0.011063 -0.079285 -0.050551
v 0.005925 -0.085493 -0.054827
v 0.009320 -0.081854 -0.053244
v 0.003030 -0.091424 -0.045674
v 0.002356 -0.091444 -0.049024
v 0.004817 -0.094015 -0.043125
v 0.015298 -0.078446 -0.049324
v 0.007730 -0.083550 -0.055927
v -0.000051 -0.091444 -0.051269
v 0.013937 -0.075523 -0.051461
v 0.009785 -0.078793 -0.053472
v 0.008730 -0.081956 -0.056526
v 0.003971 -0.094606 -0.046305
v 0.003624 -0.094968 -0.049783
v 0.001600 -0.094606 -0.052257
v 0.017625 -0.075520 -0.050622
v 0.011579 -0.075156 -0.054546
v 0.005189 -0.097769 -0.047262
v 0.016406 -0.073287 -0.053749
v 0.009171 -0.078793 -0.056790
v 0.010197 -0.075538 -0.057798
v 0.009107 -0.082145 -0.060062
v 0.004504 -0.097879 -0.042938
v 0.002303 -0.095780 -0.052678
v 0.018913 -0.072923 -0.054173
v 0.014963 -0.072566 -0.056572
v 0.002839 -0.100088 -0.045627
v 0.006905 -0.097769 -0.040689
v 0.005031 -0.097769 -0.050625
v 0.009342 -0.078793 -0.060120
v 0.013433 -0.072675 -0.059342
v 0.009724 -0.081845 -0.064755
v 0.002060 -0.101225 -0.041474
v 0.003927 -0.100209 -0.049965
v 0.006137 -0.101512 -0.040290
v 0.002317 -0.098058 -0.052784
v 0.017495 -0.071326 -0.058087
v 0.010762 -0.079045 -0.064417
v 0.011288 -0.075280 -0.061911
v 0.015870 -0.071091 -0.060801
v 0.000342 -0.101876 -0.044099
v 0.001058 -0.100829 -0.048247
v 0.023496 -0.070792 -0.058180
v 0.014176 -0.072400 -0.063533
v 0.010217 -0.081944 -0.068681
v 0.003616 -0.104333 -0.038819
v -0.000656 -0.103693 -0.039149
v -0.000433 -0.100918 -0.051040
v -0.002035 -0.099732 -0.053767
v 0.021262 -0.069761 -0.060429
v 0.024523 -0.073016 -0.054271
v 0.012711 -0.075696 -0.066246
v 0.018693 -0.069844 -0.062424
v 0.011950 -0.078793 -0.067349
v 0.009755 -0.082322 -0.071884
v -0.001499 -0.103064 -0.046716
v -0.002588 -0.103380 -0.042377
v 0.027036 -0.069823 -0.059774
v 0.016959 -0.070694 -0.065139
v 0.015591 -0.072547 -0.067916
v 0.013207 -0.078568 -0.070582
v 0.012633 -0.079413 -0.073225
v 0.000760 -0.107323 -0.037067
v -0.005286 -0.104100 -0.040762
v -0.004617 -0.101124 -0.052558
v 0.023276 -0.068257 -0.065324
v 0.028884 -0.070714 -0.057534
v 0.027044 -0.068344 -0.063351
v 0.014414 -0.075631 -0.069390
v 0.020069 -0.069372 -0.066763
v 0.010102 -0.081832 -0.076240
v -0.002953 -0.107257 -0.036830
v -0.004015 -0.104121 -0.044968
v -0.003548 -0.104169 -0.038117
v -0.005740 -0.104066 -0.047563
v -0.007462 -0.102157 -0.050518
v 0.034000 -0.068691 -0.060362
v 0.028297 -0.072788 -0.053496
v 0.018048 -0.071178 -0.069477
v 0.017304 -0.072468 -0.070719
v 0.016276 -0.075508 -0.072771
v 0.013871 -0.079044 -0.077219
v -0.002383 -0.110134 -0.035128
v -0.004861 -0.107257 -0.037331
v -0.006926 -0.104488 -0.043466
v 0.027763 -0.066322 -0.067668
v 0.022386 -0.068196 -0.068388
v 0.032687 -0.067577 -0.063497
v 0.020745 -0.069292 -0.071110
v 0.014799 -0.077814 -0.074904
v -0.000735 -0.110436 -0.033195
v -0.008148 -0.106967 -0.038817
v -0.010183 -0.104146 -0.049138
v 0.037193 -0.067935 -0.062374
v 0.018649 -0.072215 -0.073761
v 0.016825 -0.077306 -0.082996
v -0.006465 -0.110121 -0.036216
v -0.003142 -0.111039 -0.030988
v -0.008551 -0.104975 -0.046180
v -0.009640 -0.106112 -0.041842
v 0.035363 -0.066259 -0.065742
v 0.025243 -0.066226 -0.070106
v 0.021383 -0.069169 -0.075719
v 0.019889 -0.071900 -0.078241
v 0.018091 -0.075631 -0.080964
v -0.004766 -0.111696 -0.033701
v 0.000103 -0.110419 -0.031725
v -0.009822 -0.110333 -0.036006
v -0.012198 -0.107322 -0.040310
v -0.011264 -0.105699 -0.044555
v -0.012889 -0.104815 -0.047269
v 0.034330 -0.065080 -0.067750
v 0.029444 -0.065012 -0.069223
v 0.024605 -0.066323 -0.073446
v 0.038287 -0.065507 -0.066438
v -0.007471 -0.112050 -0.032041
v -0.003471 -0.110510 -0.027034
v 0.002785 -0.110419 -0.030850
v -0.009104 -0.112490 -0.034790
v -0.012428 -0.108893 -0.036565
v 0.030478 -0.062318 -0.073176
v 0.026189 -0.064910 -0.074351
v 0.025274 -0.066385 -0.077191
v 0.021509 -0.072718 -0.082550
v 0.002779 -0.109547 -0.027263
v -0.011818 -0.111918 -0.033166
v -0.015067 -0.107906 -0.038593
v -0.012780 -0.107355 -0.043629
v -0.016097 -0.107257 -0.046471
v 0.035663 -0.060335 -0.072599
v -0.008569 -0.112020 -0.027739
v 0.000108 -0.109853 -0.025561
v -0.015960 -0.107257 -0.045422
v -0.017227 -0.108925 -0.048358
v 0.039379 -0.059965 -0.071445
v 0.033240 -0.061010 -0.074886
v -0.010193 -0.112496 -0.030452
v -0.006944 -0.111333 -0.025025
v -0.002568 -0.110428 -0.023959
v 0.003557 -0.110419 -0.025957
v -0.013562 -0.113582 -0.032121
v -0.016691 -0.108077 -0.041306
v -0.019470 -0.111261 -0.046944
v -0.018223 -0.110463 -0.043999
v 0.037578 -0.059237 -0.073797
v 0.036081 -0.059965 -0.076298
v -0.011550 -0.113582 -0.029640
v -0.005319 -0.111546 -0.022312
v 0.001636 -0.110799 -0.022920
v -0.015475 -0.113582 -0.033118
v -0.018732 -0.111462 -0.051096
v 0.040292 -0.058290 -0.075422
v -0.000981 -0.111030 -0.021223
v -0.020358 -0.113582 -0.050169
v -0.012907 -0.115123 -0.028828
v 0.000643 -0.112552 -0.018510
v -0.020995 -0.113582 -0.048495
v -0.021373 -0.113582 -0.045875
v -0.013675 -0.116745 -0.030112
v 0.000356 -0.113626 -0.018070
v -0.021413 -0.116745 -0.049193
v -0.011854 -0.116909 -0.033173
v -0.046408 -0.123596 0.013346
v -0.044714 -0.126292 0.015934
v -0.043529 -0.123070 0.015308
v -0.043023 -0.122866 0.018692
v -0.044528 -0.119907 0.016287
v -0.042918 -0.126683 0.018629
v -0.047276 -0.132949 0.060593
v -0.044276 -0.132237 0.058713
v -0.050019 -0.131627 0.056039
v -0.042016 -0.133067 0.064050
v -0.046416 -0.130555 0.055038
v -0.053126 -0.131913 0.057915
v -0.038868 -0.132228 0.062240
v -0.046781 -0.133117 0.064736
v -0.039069 -0.127739 0.052445
v -0.052411 -0.130902 0.053100
v -0.050069 -0.132906 0.062901
v -0.055954 -0.130932 0.053117
v -0.037398 -0.130853 0.059558
v -0.038563 -0.132538 0.063941
v -0.042289 -0.133075 0.069858
v -0.046139 -0.127444 0.049802
v -0.049082 -0.129555 0.051808
v -0.053483 -0.132378 0.064154
v -0.058159 -0.131613 0.060305
v -0.033180 -0.130513 0.060831
v -0.038598 -0.132751 0.067780
v -0.034142 -0.131715 0.065004
v -0.049239 -0.133069 0.073667
v -0.048354 -0.133057 0.065925
v -0.035411 -0.126558 0.051857
v -0.039587 -0.126089 0.049958
v -0.050673 -0.129307 0.050039
v -0.057901 -0.130099 0.049860
v -0.059088 -0.130637 0.054113
v -0.031436 -0.130828 0.063360
v -0.044548 -0.132480 0.076058
v -0.049341 -0.133188 0.070394
v -0.038945 -0.132968 0.071618
v -0.042032 -0.123375 0.046042
v -0.056652 -0.128673 0.045833
v -0.053906 -0.132942 0.069174
v -0.058914 -0.132119 0.065010
v -0.065762 -0.129771 0.058081
v -0.027554 -0.129552 0.061328
v -0.035571 -0.132487 0.069522
v -0.045900 -0.132628 0.076141
v -0.053378 -0.133050 0.072848
v -0.036845 -0.124328 0.048168
v -0.046167 -0.123161 0.045046
v -0.038426 -0.123019 0.045289
v -0.048246 -0.126257 0.047548
v -0.052573 -0.127661 0.046526
v -0.060698 -0.128768 0.046909
v -0.062376 -0.129631 0.051282
v -0.062176 -0.131183 0.062815
v -0.066322 -0.130561 0.064847
v -0.039267 -0.132453 0.074906
v -0.048574 -0.132451 0.078192
v -0.054969 -0.132562 0.075805
v -0.034131 -0.123875 0.046543
v -0.044994 -0.120775 0.041263
v -0.052145 -0.126318 0.045770
v -0.058535 -0.127337 0.042723
v -0.056760 -0.132566 0.070713
v -0.064645 -0.131054 0.068290
v -0.072026 -0.129760 0.061572
v -0.065592 -0.129478 0.053871
v -0.040406 -0.131732 0.077721
v -0.036327 -0.132241 0.073661
v -0.044290 -0.131604 0.081730
v -0.056191 -0.132452 0.075009
v -0.035932 -0.122577 0.043172
v -0.049646 -0.123172 0.044619
v -0.050870 -0.121794 0.042500
v -0.041979 -0.120010 0.039660
v -0.054694 -0.126232 0.044110
v -0.062370 -0.127906 0.044833
v -0.057046 -0.126246 0.041708
v -0.065051 -0.129038 0.050311
v -0.072367 -0.130534 0.066010
v -0.071567 -0.129412 0.057898
v -0.071313 -0.129316 0.054087
v -0.049894 -0.132276 0.081783
v -0.055868 -0.132430 0.081383
v -0.058852 -0.132036 0.078737
v -0.039113 -0.119933 0.038217
v -0.033728 -0.122581 0.041063
v -0.049332 -0.117170 0.033320
v -0.054151 -0.123712 0.043560
v -0.062883 -0.126225 0.041668
v -0.066676 -0.128416 0.047597
v -0.060167 -0.131895 0.071670
v -0.067782 -0.130857 0.070376
v -0.075369 -0.130474 0.063860
v -0.074280 -0.130067 0.059522
v -0.067764 -0.129091 0.051935
v -0.040129 -0.131164 0.079623
v -0.049730 -0.131833 0.085959
v -0.052006 -0.118176 0.035141
v -0.065587 -0.127747 0.043259
v -0.069667 -0.129139 0.045782
v -0.060230 -0.122971 0.040186
v -0.069389 -0.128891 0.049222
v -0.063444 -0.131194 0.071465
v -0.065186 -0.131028 0.075065
v -0.072048 -0.131180 0.072622
v -0.078083 -0.131552 0.065485
v -0.076994 -0.131265 0.061147
v -0.073191 -0.129801 0.055184
v -0.075905 -0.131168 0.056809
v -0.071572 -0.129466 0.051289
v -0.041218 -0.131134 0.083961
v -0.046645 -0.131990 0.087210
v -0.054539 -0.132286 0.085085
v -0.060101 -0.132191 0.084087
v -0.061819 -0.131750 0.074179
v -0.055742 -0.121426 0.041144
v -0.057018 -0.123070 0.041815
v -0.064372 -0.126274 0.039092
v -0.063944 -0.123070 0.038590
v -0.076359 -0.131455 0.069898
v -0.076480 -0.131891 0.051992
v -0.079006 -0.132518 0.058268
v -0.049359 -0.131711 0.088835
v -0.056161 -0.132314 0.088723
v -0.062472 -0.131544 0.079049
v -0.053644 -0.117793 0.032423
v -0.057472 -0.120682 0.038485
v -0.067954 -0.129287 0.040743
v -0.061784 -0.121189 0.037297
v -0.068817 -0.131058 0.075018
v -0.073727 -0.131381 0.048133
v -0.052072 -0.132196 0.090459
v -0.064881 -0.131841 0.081753
v -0.074961 -0.132688 0.045083
v -0.063364 -0.124630 0.034644
v -0.058618 -0.120079 0.035398
v -0.063815 -0.122650 0.034549
v -0.067142 -0.131142 0.077339
v -0.074871 -0.131937 0.078627
v -0.079996 -0.132601 0.052152
v -0.078348 -0.132744 0.048678
v -0.054786 -0.132406 0.092084
v -0.058975 -0.132585 0.089662
v -0.064967 -0.132347 0.086532
v -0.057196 -0.119907 0.032647
v -0.071878 -0.132375 0.039427
v -0.060695 -0.121214 0.032958
v -0.073846 -0.132902 0.041345
v -0.080719 -0.133165 0.045434
v -0.062292 -0.132635 0.090473
v -0.069824 -0.132520 0.086343
v -0.075887 -0.133720 0.038368
v -0.077046 -0.133518 0.042378
v -0.065320 -0.132290 0.091715
v -0.067800 -0.132247 0.088817
v -0.084839 -0.133444 0.043091
v -0.062926 -0.133100 0.096958
v -0.016156 -0.114899 -0.034255
v -0.017170 -0.113582 -0.033647
v -0.017787 -0.116720 -0.037044
v 0.063053 -0.084094 -0.055874
v 0.064664 -0.081925 -0.053184
v 0.060430 -0.081842 -0.054304
v 0.060591 -0.078514 -0.053578
v 0.061428 -0.084564 -0.058588
v 0.064543 -0.078605 -0.052908
v 0.058697 -0.079049 -0.056953
v 0.059123 -0.081956 -0.057208
v 0.063074 -0.075478 -0.055441
v 0.058687 -0.076407 -0.057112
v 0.058208 -0.081956 -0.060346
v 0.057062 -0.078782 -0.059722
v 0.060644 -0.085118 -0.059899
v 0.016259 -0.094606 -0.047838
v 0.018574 -0.094606 -0.047675
v 0.016434 -0.092010 -0.046394
v 0.013209 -0.094606 -0.046775
v 0.010220 -0.091444 -0.045612
v 0.033310 -0.137404 0.178031
v 0.010310 -0.136954 0.178995
v -0.009732 -0.137312 0.177051
v 0.026815 -0.137306 0.179229
v 0.005260 -0.136952 0.177215
v 0.050540 -0.137268 0.178524
v 0.041098 -0.137402 0.177756
v -0.013439 -0.137209 0.175138
v -0.021773 -0.136981 0.177629
v 0.033046 -0.137425 0.172849
v 0.020244 -0.137279 0.176601
v 0.015642 -0.137109 0.178933
v 0.007840 -0.136967 0.175659
v 0.053613 -0.137509 0.174630
v 0.044809 -0.137459 0.174180
v -0.003806 -0.136968 0.174390
v -0.008604 -0.137206 0.172404
v -0.023750 -0.136971 0.175430
v 0.039510 -0.137354 0.175701
v 0.042023 -0.137480 0.170367
v 0.028528 -0.137278 0.171343
v 0.023782 -0.137273 0.174059
v 0.019812 -0.137226 0.172847
v 0.002627 -0.136941 0.175666
v 0.060148 -0.137550 0.178210
v 0.049651 -0.137542 0.171100
v -0.008049 -0.137159 0.170909
v -0.017442 -0.137190 0.173043
v -0.032622 -0.137119 0.177079
v 0.038927 -0.137493 0.168229
v 0.032383 -0.137375 0.169005
v 0.011217 -0.137154 0.170786
v 0.063988 -0.137491 0.173045
v 0.056749 -0.137593 0.174654
v 0.053482 -0.137529 0.168518
v 0.071271 -0.137885 0.178405
v -0.004960 -0.137080 0.169150
v -0.009254 -0.137191 0.166964
v -0.023773 -0.137008 0.171717
v 0.044401 -0.137482 0.165400
v 0.028836 -0.137227 0.165233
v 0.017592 -0.137255 0.170542
v 0.008054 -0.137046 0.172417
v 0.005024 -0.137010 0.169476
v 0.049031 -0.137549 0.169970
v -0.000622 -0.136969 0.170239
v -0.014873 -0.137183 0.167023
v -0.024711 -0.137000 0.168448
v -0.036968 -0.137021 0.177255
v 0.047360 -0.137530 0.163549
v 0.047908 -0.137471 0.160129
v 0.036280 -0.137294 0.162447
v 0.014557 -0.137259 0.161200
v 0.062756 -0.137535 0.170440
v -0.006755 -0.137056 0.163645
v -0.031541 -0.137123 0.174006
v -0.034255 -0.137114 0.175631
v -0.038229 -0.137001 0.172719
v 0.040063 -0.137453 0.164312
v 0.021892 -0.137221 0.166464
v 0.005847 -0.137021 0.167613
v 0.002092 -0.136986 0.168614
v -0.013952 -0.137005 0.161698
v -0.024358 -0.136976 0.164081
v -0.036389 -0.136875 0.169986
v -0.043068 -0.136996 0.177973
v -0.047130 -0.136985 0.174711
v 0.004465 -0.136775 0.163814
v -0.004847 -0.136923 0.158818
v -0.032239 -0.136698 0.159688
v -0.032077 -0.136694 0.166955
v -0.010368 -0.136932 0.157693
v -0.001157 -0.136890 0.163187
v -0.018380 -0.136993 0.161688
v -0.027390 -0.136968 0.160167
v -0.033729 -0.136628 0.164166
v -0.038866 -0.136781 0.167076
v -0.047437 -0.136914 0.169607
v -0.054639 -0.136833 0.176405
v -0.062482 -0.136404 0.177599
v 0.002674 -0.136713 0.161571
v -0.023936 -0.136989 0.162081
v -0.026022 -0.136951 0.155884
v -0.052045 -0.136974 0.172332
v -0.038201 -0.136834 0.158812
v -0.029811 -0.136816 0.153369
v -0.048095 -0.136848 0.166766
v -0.059714 -0.136573 0.170979
v -0.068072 -0.136559 0.178818
v -0.020771 -0.136844 0.152313
v -0.034237 -0.136701 0.157190
v -0.042609 -0.136928 0.160999
v -0.046149 -0.136853 0.161643
v -0.053231 -0.136846 0.168562
v -0.066896 -0.136526 0.173729
v -0.085863 -0.135901 0.178255
v -0.032857 -0.136633 0.151186
v -0.041005 -0.136884 0.157570
v -0.049429 -0.136925 0.162599
v -0.054856 -0.136798 0.165848
v -0.060454 -0.136707 0.168906
v -0.078026 -0.136042 0.174917
v -0.075708 -0.136077 0.178876
v -0.027721 -0.136558 0.149603
v -0.045091 -0.136682 0.154514
v -0.049032 -0.136815 0.158934
v -0.052142 -0.136939 0.164224
v -0.065698 -0.136735 0.168225
v -0.081916 -0.135858 0.174654
v -0.035722 -0.136534 0.151047
v -0.035651 -0.136368 0.148037
v -0.056512 -0.136881 0.160890
v -0.061370 -0.136720 0.165520
v -0.071109 -0.136470 0.167739
v -0.090787 -0.136183 0.176970
v -0.079143 -0.136048 0.167543
v -0.086864 -0.135958 0.173953
v -0.054975 -0.136497 0.154656
v -0.069608 -0.136609 0.161732
v -0.082653 -0.135972 0.168369
v -0.085826 -0.135809 0.170540
v -0.045985 -0.136404 0.148513
v -0.061953 -0.136420 0.155741
v -0.074873 -0.136449 0.162903
v -0.085871 -0.135801 0.163762
v -0.057197 -0.136360 0.148783
v -0.039279 -0.136326 0.142776
v -0.061805 -0.136366 0.154834
v -0.076754 -0.136306 0.159682
v -0.084539 -0.136053 0.160303
v -0.052119 -0.136259 0.145923
v -0.060265 -0.136127 0.150656
v -0.048465 -0.136311 0.141726
v -0.068000 -0.136472 0.157857
v -0.091409 -0.135995 0.166063
v -0.053902 -0.135964 0.143140
v -0.062137 -0.135744 0.147529
v -0.066626 -0.135754 0.147641
v -0.071583 -0.136256 0.150615
v -0.075457 -0.136280 0.156066
v -0.079871 -0.136324 0.158586
v -0.089025 -0.135880 0.164188
v -0.089548 -0.135720 0.157140
v -0.062354 -0.135729 0.143282
v -0.067317 -0.136244 0.151192
v -0.073116 -0.136241 0.151309
v -0.081831 -0.136227 0.154931
v -0.086847 -0.135853 0.155512
v -0.055508 -0.135765 0.141752
v -0.075398 -0.135674 0.146330
v -0.084133 -0.136058 0.153888
v -0.055891 -0.135342 0.137063
v -0.060769 -0.135492 0.140131
v -0.065011 -0.135720 0.142440
v -0.070618 -0.135715 0.145986
v -0.076865 -0.135905 0.149598
v -0.081420 -0.136127 0.152263
v -0.067852 -0.135542 0.144140
v -0.072190 -0.135562 0.143051
v -0.077989 -0.135672 0.146649
v -0.084651 -0.135994 0.150359
v -0.085758 -0.135991 0.151174
v -0.062350 -0.135039 0.134411
v -0.068174 -0.135753 0.138713
v -0.074904 -0.135581 0.144676
v -0.083589 -0.135915 0.148102
v -0.068682 -0.135726 0.137838
v -0.077144 -0.135677 0.142238
v -0.079382 -0.135638 0.140495
v -0.088543 -0.135589 0.145341
v -0.083580 -0.135569 0.142498
v -0.016023 -0.123070 -0.009406
v 0.015992 -0.084906 -0.041768
v 0.018218 -0.081571 -0.043575
v 0.016321 -0.081153 -0.046650
v 0.019820 -0.083301 -0.041535
v 0.018400 -0.078793 -0.047571
v 0.014228 -0.083731 -0.045073
v 0.017569 -0.088281 -0.039783
v 0.021309 -0.078957 -0.045802
v 0.021091 -0.088281 -0.039768
v 0.022813 -0.081847 -0.042788
v 0.019655 -0.077301 -0.048322
v 0.020191 -0.090395 -0.041271
v 0.023272 -0.088281 -0.039429
v 0.024947 -0.088237 -0.039673
v 0.025577 -0.080909 -0.043978
v 0.024187 -0.077683 -0.046592
v 0.023291 -0.091444 -0.039441
v 0.022297 -0.075467 -0.049729
v 0.025183 -0.091444 -0.039090
v 0.028139 -0.079282 -0.046466
v 0.026457 -0.075978 -0.049275
v 0.024529 -0.093529 -0.040182
v 0.025082 -0.074304 -0.051572
v 0.022904 -0.093636 -0.042896
v 0.029532 -0.075738 -0.050739
v 0.046254 -0.109021 -0.071620
v 0.047492 -0.107431 -0.068505
v 0.043540 -0.107174 -0.070027
v 0.044002 -0.104094 -0.069224
v 0.041916 -0.109340 -0.072709
v 0.046412 -0.104094 -0.068028
v 0.042534 -0.104094 -0.069392
v 0.048487 -0.104094 -0.067890
v 0.043639 -0.101256 -0.070197
v 0.050643 -0.107279 -0.070506
v 0.047806 -0.100194 -0.068626
v 0.051139 -0.104094 -0.070482
v 0.046335 -0.097708 -0.071585
v 0.051294 -0.100931 -0.069358
v 0.050127 -0.097769 -0.066566
v 0.050303 -0.094606 -0.066671
v 0.051736 -0.097769 -0.063843
v 0.048627 -0.094606 -0.069354
v 0.051332 -0.094606 -0.063602
v 0.046452 -0.094606 -0.071290
v 0.049822 -0.091444 -0.066383
v 0.054389 -0.097769 -0.061745
v 0.047113 -0.091342 -0.070175
v 0.045090 -0.094606 -0.070923
v 0.055390 -0.094606 -0.062516
v 0.052100 -0.091444 -0.064061
v 0.047879 -0.090081 -0.068906
v 0.055525 -0.091444 -0.063038
v 0.049426 -0.088546 -0.065895
v 0.043923 -0.091444 -0.069356
v 0.058179 -0.093583 -0.064015
v 0.055469 -0.088281 -0.062972
v 0.052053 -0.088281 -0.064033
v 0.047018 -0.088281 -0.068391
v 0.059169 -0.091444 -0.062363
v 0.052329 -0.084967 -0.064245
v 0.048498 -0.085118 -0.065591
v 0.059715 -0.087666 -0.061449
v 0.046158 -0.085118 -0.067876
v 0.054465 -0.085118 -0.064062
v 0.056586 -0.085118 -0.063061
v 0.061682 -0.088281 -0.064322
v 0.050288 -0.081956 -0.064881
v 0.045160 -0.081676 -0.067510
v 0.054417 -0.081956 -0.064142
v 0.059077 -0.085118 -0.060866
v 0.052686 -0.081956 -0.064412
v 0.047046 -0.081538 -0.064722
v 0.056226 -0.081956 -0.062845
v 0.060644 -0.085118 -0.059899
v 0.051220 -0.078557 -0.063534
v 0.047908 -0.078793 -0.062700
v 0.045773 -0.078793 -0.063959
v 0.055466 -0.080500 -0.062390
v 0.058208 -0.081956 -0.060346
v 0.054192 -0.078793 -0.061628
v 0.044076 -0.077455 -0.062944
v 0.057062 -0.078782 -0.059722
v 0.018955 -0.100931 -0.049492
v 0.016566 -0.101006 -0.047467
v 0.015910 -0.104234 -0.048554
v 0.016513 -0.097769 -0.047413
v 0.013466 -0.103974 -0.044758
v 0.019576 -0.097388 -0.048454
v 0.014500 -0.097693 -0.045047
v 0.014725 -0.100931 -0.044243
v 0.023939 -0.100931 -0.053481
v 0.012389 -0.100931 -0.041989
v 0.021111 -0.094431 -0.046320
v 0.011589 -0.104303 -0.043324
v 0.011875 -0.097701 -0.042684
v 0.009457 -0.100931 -0.040728
v 0.010592 -0.094606 -0.044990
v 0.009035 -0.104094 -0.041434
v 0.009391 -0.097769 -0.040840
v 0.013010 -0.091444 -0.047109
v 0.008801 -0.095859 -0.041824
v 0.006137 -0.101512 -0.040290
v 0.010220 -0.091444 -0.045612
v 0.007912 -0.094606 -0.043309
v 0.006905 -0.097769 -0.040689
v 0.007285 -0.091444 -0.044357
v 0.004817 -0.094015 -0.043125
v 0.007556 -0.088281 -0.043904
v 0.005308 -0.091444 -0.041502
v 0.005394 -0.088281 -0.041359
v 0.038029 -0.116745 -0.079201
v 0.034374 -0.116785 -0.079041
v 0.037021 -0.118036 -0.080850
v 0.038802 -0.113764 -0.078018
v -0.015067 -0.121573 -0.038593
v -0.017223 -0.119907 -0.037302
v -0.017192 -0.119907 -0.035986
v -0.015975 -0.119907 -0.040110
v -0.013174 -0.119907 -0.041589
v -0.015975 -0.119907 -0.040110
v -0.014050 -0.122634 -0.043052
v 0.061410 -0.072468 -0.059035
v 0.065766 -0.074086 -0.057499
v 0.064160 -0.072464 -0.060217
v 0.062364 -0.069597 -0.063182
v 0.059424 -0.069819 -0.062010
v 0.057229 -0.072631 -0.059976
v 0.058179 -0.067712 -0.064015
v 0.056412 -0.075631 -0.059271
v 0.055495 -0.069933 -0.062713
v 0.060725 -0.066421 -0.065919
v 0.054443 -0.072468 -0.061778
v 0.056659 -0.065755 -0.066148
v 0.054279 -0.069008 -0.064112
v 0.054192 -0.078793 -0.061628
v 0.053582 -0.075631 -0.061262
v 0.059268 -0.064787 -0.068353
v 0.051027 -0.071954 -0.063349
v 0.051527 -0.069305 -0.064182
v 0.055103 -0.062692 -0.069153
v 0.052953 -0.066143 -0.066588
v 0.051583 -0.075631 -0.062720
v 0.051220 -0.078557 -0.063534
v 0.049654 -0.075631 -0.062597
v 0.047046 -0.068895 -0.064140
v 0.049874 -0.066438 -0.066415
v 0.052333 -0.063428 -0.068021
v 0.048225 -0.072468 -0.062171
v 0.053038 -0.060058 -0.072603
v 0.047908 -0.078793 -0.062700
v 0.048271 -0.075631 -0.062093
v 0.044876 -0.065971 -0.067006
v 0.045717 -0.072433 -0.060226
v 0.048461 -0.062980 -0.067933
v 0.050530 -0.059913 -0.070634
v 0.045701 -0.074558 -0.060230
v 0.042262 -0.066486 -0.065975
v 0.044160 -0.069168 -0.062804
v 0.048968 -0.058254 -0.073244
v 0.044966 -0.075631 -0.061458
v 0.045514 -0.062980 -0.067977
v 0.042432 -0.072468 -0.059534
v 0.047879 -0.061182 -0.068906
v 0.047174 -0.059817 -0.070084
v 0.044076 -0.077455 -0.062944
v 0.041998 -0.075631 -0.060259
v 0.039669 -0.069417 -0.060662
v 0.040822 -0.063016 -0.068440
v 0.046254 -0.058709 -0.071620
v 0.037193 -0.067935 -0.062374
v 0.043545 -0.059801 -0.069943
v 0.038287 -0.065507 -0.066438
v 0.039776 -0.075631 -0.057813
v 0.039712 -0.072468 -0.057920
v 0.047343 -0.058056 -0.075958
v 0.041363 -0.076886 -0.061319
v 0.034000 -0.068691 -0.060362
v 0.039379 -0.059965 -0.071445
v 0.034330 -0.065080 -0.067750
v 0.035523 -0.069903 -0.058042
v 0.044630 -0.057759 -0.074333
v 0.039931 -0.079289 -0.063711
v 0.041916 -0.058310 -0.072709
v 0.038900 -0.079110 -0.059706
v 0.037729 -0.075131 -0.055386
v 0.037066 -0.072468 -0.056182
v 0.043005 -0.058242 -0.077047
v 0.033222 -0.070519 -0.056445
v 0.040292 -0.058290 -0.075422
v 0.037602 -0.078856 -0.055357
v 0.038904 -0.081899 -0.064101
v 0.028884 -0.070714 -0.057534
v 0.036218 -0.081956 -0.057598
v 0.035195 -0.075631 -0.053150
v 0.034847 -0.073692 -0.053732
v 0.034408 -0.072468 -0.054465
v 0.040877 -0.082479 -0.068288
v 0.038027 -0.081956 -0.059718
v 0.030509 -0.071445 -0.054821
v 0.034952 -0.079199 -0.053557
v 0.039506 -0.085118 -0.064122
v 0.042695 -0.079124 -0.065251
v 0.038160 -0.085205 -0.060205
v 0.028297 -0.072788 -0.053496
v 0.033800 -0.081956 -0.055480
v 0.032684 -0.078936 -0.051046
v 0.032049 -0.074800 -0.051706
v 0.031373 -0.072468 -0.053378
v 0.040703 -0.085146 -0.068507
v 0.045160 -0.081676 -0.067510
v 0.034065 -0.085118 -0.055039
v 0.039331 -0.088281 -0.064292
v 0.040815 -0.088283 -0.068364
v 0.044130 -0.085118 -0.069011
v 0.036078 -0.088332 -0.056917
v 0.029532 -0.075738 -0.050739
v 0.038132 -0.088331 -0.059620
v 0.044030 -0.088281 -0.069178
v 0.046158 -0.085118 -0.067876
v 0.032016 -0.087638 -0.052104
v 0.041318 -0.091444 -0.067550
v 0.039724 -0.091444 -0.064036
v 0.036091 -0.091974 -0.058088
v 0.033896 -0.091444 -0.055320
v 0.039428 -0.094606 -0.064040
v 0.043923 -0.091444 -0.069356
v 0.047018 -0.088281 -0.068391
v 0.036533 -0.094588 -0.059652
v 0.031408 -0.091444 -0.053319
v 0.041342 -0.094606 -0.067511
v 0.043360 -0.094524 -0.069936
v 0.031139 -0.094423 -0.054463
v 0.029681 -0.091657 -0.050367
v 0.040883 -0.098046 -0.068366
v 0.034158 -0.098599 -0.060752
v 0.045090 -0.094606 -0.070923
v 0.028738 -0.094606 -0.051621
v 0.038993 -0.097769 -0.065277
v 0.043096 -0.097769 -0.070737
v 0.027043 -0.100931 -0.056432
v 0.027001 -0.094749 -0.048737
v 0.038450 -0.100931 -0.066832
v 0.033275 -0.100931 -0.062515
v 0.046335 -0.097708 -0.071585
v 0.023939 -0.100931 -0.053481
v 0.043639 -0.101256 -0.070197
v 0.040551 -0.100931 -0.068832
v 0.016501 -0.107257 -0.053591
v 0.040218 -0.104094 -0.069389
v 0.037264 -0.104094 -0.068165
v 0.017856 -0.103991 -0.050931
v 0.021233 -0.108518 -0.060680
v 0.042534 -0.104094 -0.069392
v 0.030783 -0.106689 -0.066676
v 0.014369 -0.107257 -0.050995
v 0.018955 -0.100931 -0.049492
v 0.014781 -0.110169 -0.056463
v 0.043540 -0.107174 -0.070027
v 0.036312 -0.106788 -0.069755
v 0.015910 -0.104234 -0.048554
v 0.038857 -0.107373 -0.070773
v 0.034922 -0.110348 -0.072356
v 0.041916 -0.109340 -0.072709
v 0.027813 -0.111391 -0.071637
v 0.037774 -0.110863 -0.073470
v 0.032854 -0.113670 -0.075823
v 0.022386 -0.111589 -0.068388
v 0.036193 -0.114368 -0.076224
v -0.016401 -0.119907 -0.010038
v -0.016023 -0.123070 -0.009406
v -0.019099 -0.123070 -0.008386
v -0.019359 -0.119907 -0.008820
v -0.019976 -0.118296 -0.009851
v -0.022435 -0.123277 -0.007801
v -0.022689 -0.118567 -0.008226
v -0.021965 -0.119907 -0.007017
v -0.025403 -0.118453 -0.006602
v 0.027844 -0.133184 -0.075775
v 0.030038 -0.132479 -0.079401
v 0.023849 -0.132840 -0.076589
v 0.033644 -0.132558 -0.080369
v 0.015399 -0.132302 -0.074519
v 0.026431 -0.132558 -0.080102
v 0.032704 -0.131873 -0.081938
v 0.021762 -0.132351 -0.081561
v 0.028366 -0.131422 -0.083027
v 0.014962 -0.131922 -0.078726
v 0.024035 -0.132342 -0.084105
v 0.018601 -0.132154 -0.080867
v 0.026661 -0.130853 -0.085953
v 0.019690 -0.132268 -0.085205
v 0.027907 -0.129395 -0.086438
v 0.016977 -0.131522 -0.083580
v 0.014263 -0.130831 -0.081955
v 0.022404 -0.132231 -0.086829
v 0.011550 -0.130213 -0.080331
v 0.025868 -0.129395 -0.088903
v 0.020779 -0.132147 -0.089543
v 0.015352 -0.130290 -0.086293
v 0.018066 -0.131442 -0.087918
v 0.012302 -0.129367 -0.084467
v 0.024049 -0.129395 -0.091500
v 0.023493 -0.130546 -0.091167
v 0.027831 -0.126905 -0.090078
v 0.026791 -0.126232 -0.091815
v 0.021936 -0.129629 -0.093921
v 0.016441 -0.130354 -0.090632
v 0.013728 -0.129548 -0.089007
v 0.024906 -0.126232 -0.092013
v 0.019155 -0.131203 -0.092256
v 0.022337 -0.126232 -0.094161
v 0.057450 -0.094606 -0.065233
v 0.055730 -0.097844 -0.062512
v -0.024314 -0.127769 -0.010940
v 0.003357 -0.112274 -0.020134
v 0.004417 -0.113582 -0.020769
v 0.004413 -0.113582 -0.018369
v 0.003668 -0.113582 -0.024006
v 0.003357 -0.116547 -0.020134
v 0.088959 -0.135959 0.016462
v 0.085319 -0.136115 0.023037
v 0.090100 -0.136020 0.020085
v 0.087367 -0.135808 0.044854
v 0.088057 -0.135367 0.051070
v 0.088654 -0.135318 0.056738
v -0.007260 -0.135254 0.065918
v 0.001801 -0.134918 0.058490
v -0.005943 -0.135041 0.062842
v -0.004647 -0.135042 0.058434
v -0.010095 -0.134971 0.061344
v 0.000573 -0.134712 0.055255
v -0.011370 -0.134913 0.066091
v -0.003765 -0.135198 0.054166
v 0.010294 -0.134914 0.053786
v -0.009192 -0.134456 0.057415
v -0.009836 -0.135191 0.068828
v -0.012939 -0.132449 0.063388
v 0.002090 -0.134578 0.053115
v -0.006479 -0.135170 0.055790
v -0.011767 -0.132338 0.059068
v -0.014734 -0.132792 0.067849
v -0.002676 -0.135207 0.049828
v -0.008103 -0.134317 0.053077
v 0.004356 -0.134544 0.049667
v -0.010314 -0.132328 0.053598
v -0.012459 -0.134903 0.070429
v -0.014558 -0.129346 0.060679
v -0.015653 -0.129855 0.063986
v -0.001353 -0.135136 0.045925
v -0.005390 -0.135127 0.051452
v 0.001662 -0.134606 0.050917
v 0.011197 -0.134990 0.047935
v -0.013619 -0.129425 0.056337
v -0.016811 -0.131845 0.069839
v -0.004301 -0.134922 0.047114
v -0.007014 -0.133934 0.048739
v 0.018357 -0.134847 0.049463
v 0.005789 -0.135076 0.042446
v -0.014803 -0.126098 0.053544
v -0.016244 -0.127750 0.057951
v -0.017333 -0.128585 0.062289
v -0.018590 -0.129554 0.066345
v -0.005925 -0.133786 0.044401
v 0.001287 -0.134947 0.043903
v 0.018172 -0.134935 0.055852
v 0.014086 -0.135752 0.043412
v 0.009802 -0.135151 0.046043
v -0.007961 -0.132539 0.046771
v -0.010233 -0.129329 0.048008
v -0.003212 -0.134554 0.042776
v 0.021727 -0.134874 0.053648
v 0.013587 -0.135108 0.058521
v 0.020049 -0.135479 0.043326
v 0.011102 -0.135641 0.040486
v -0.000379 -0.134796 0.041094
v -0.013113 -0.126232 0.050866
v -0.017125 -0.126232 0.056478
v -0.018957 -0.127444 0.059575
v -0.020046 -0.128491 0.063913
v -0.007127 -0.132398 0.041941
v 0.022895 -0.135067 0.056543
v 0.026531 -0.134942 0.052729
v 0.013058 -0.135327 0.060440
v 0.021179 -0.135545 0.040193
v 0.021757 -0.135083 0.046852
v 0.008762 -0.135209 0.035743
v -0.008639 -0.131461 0.046025
v -0.011204 -0.126007 0.047662
v -0.016779 -0.124921 0.050899
v -0.017868 -0.125381 0.055237
v -0.021508 -0.128099 0.060614
v -0.022760 -0.128628 0.065538
v -0.004837 -0.133588 0.040063
v -0.009301 -0.129454 0.043267
v 0.027154 -0.134940 0.050399
v 0.015008 -0.135650 0.036146
v 0.025460 -0.135578 0.043714
v -0.000011 -0.133887 0.034617
v -0.014066 -0.124955 0.049274
v -0.019743 -0.126188 0.052236
v -0.019796 -0.126696 0.056635
v -0.024511 -0.128876 0.062846
v -0.004744 -0.132442 0.033744
v -0.008887 -0.129297 0.038948
v -0.002123 -0.134293 0.038438
v 0.032489 -0.134928 0.049735
v 0.020401 -0.135343 0.034459
v 0.013069 -0.135668 0.033029
v 0.003893 -0.134348 0.031590
v -0.012927 -0.124154 0.044904
v -0.010001 -0.125958 0.043517
v -0.018738 -0.125738 0.047647
v -0.022206 -0.127675 0.054148
v -0.027554 -0.129552 0.061328
v -0.010783 -0.126232 0.039937
v 0.015782 -0.135696 0.031404
v 0.011639 -0.135397 0.029881
v -0.002659 -0.133489 0.031387
v -0.021284 -0.126188 0.049115
v -0.026459 -0.128711 0.057291
v -0.010409 -0.127267 0.036511
v 0.018496 -0.135471 0.029780
v 0.000055 -0.133984 0.029762
v 0.009023 -0.135059 0.024228
v -0.011888 -0.125071 0.040598
v -0.016226 -0.125577 0.039510
v -0.020028 -0.125964 0.045472
v -0.023831 -0.127080 0.051435
v -0.030333 -0.129385 0.059104
v -0.007424 -0.130121 0.030211
v -0.012616 -0.126050 0.037263
v 0.021209 -0.135401 0.028155
v 0.016872 -0.135498 0.026080
v 0.001201 -0.134248 0.025395
v -0.004891 -0.132725 0.028302
v -0.019547 -0.125487 0.041296
v -0.030426 -0.126355 0.051268
v -0.033469 -0.127368 0.053585
v -0.033180 -0.130513 0.060831
v -0.009710 -0.128063 0.031922
v -0.012278 -0.126153 0.033621
v -0.001570 -0.134145 0.027049
v 0.013611 -0.135068 0.020037
v 0.006140 -0.134316 0.018597
v -0.020564 -0.125406 0.038421
v -0.026714 -0.125040 0.044032
v -0.005908 -0.130846 0.025960
v -0.010897 -0.126128 0.029274
v -0.015121 -0.125759 0.035355
v -0.003585 -0.132688 0.024170
v 0.020387 -0.135620 0.021142
v 0.009284 -0.134853 0.020550
v 0.002233 -0.134149 0.021086
v -0.025227 -0.124954 0.041033
v -0.030284 -0.124835 0.046690
v -0.035411 -0.126558 0.051857
v -0.006981 -0.129395 0.026602
v -0.009040 -0.126254 0.026847
v -0.014199 -0.125074 0.030890
v -0.000481 -0.133914 0.022711
v 0.018445 -0.135324 0.018483
v 0.000608 -0.133575 0.018373
v -0.020915 -0.125359 0.035084
v -0.028705 -0.124639 0.043294
v -0.034131 -0.123875 0.046543
v -0.007549 -0.129415 0.023256
v -0.004819 -0.130703 0.021622
v -0.010246 -0.124320 0.024871
v -0.001948 -0.132392 0.020015
v 0.026966 -0.135169 0.013485
v 0.009667 -0.134618 0.014760
v 0.003608 -0.133779 0.016214
v -0.024902 -0.125144 0.037332
v -0.030329 -0.123706 0.040581
v -0.033728 -0.122581 0.041063
v -0.008119 -0.126232 0.023094
v -0.012948 -0.124082 0.026508
v -0.023855 -0.124746 0.033015
v 0.017063 -0.135174 0.014103
v -0.000238 -0.132396 0.015494
v -0.027616 -0.124541 0.038956
v -0.009157 -0.127563 0.020533
v -0.006444 -0.129491 0.018908
v -0.003730 -0.130278 0.017284
v -0.018386 -0.124441 0.029745
v -0.009286 -0.122996 0.020853
v -0.012178 -0.123218 0.021644
v 0.023536 -0.135068 0.011282
v 0.015299 -0.135055 0.011076
v 0.004322 -0.133812 0.012376
v 0.001697 -0.133157 0.014035
v -0.026527 -0.124560 0.034618
v -0.029176 -0.123798 0.036285
v -0.031602 -0.122903 0.037959
v -0.010740 -0.131461 0.017939
v -0.022172 -0.123379 0.025003
v -0.006816 -0.126089 0.018559
v -0.014900 -0.123163 0.022722
v -0.024736 -0.123454 0.028897
v 0.030986 -0.135349 0.007524
v 0.021489 -0.135037 0.009547
v 0.011104 -0.134790 0.007761
v 0.007260 -0.134313 0.009886
v -0.002641 -0.130318 0.012946
v 0.000430 -0.132496 0.011412
v -0.028497 -0.123048 0.031755
v -0.037086 -0.119782 0.035496
v -0.008068 -0.129887 0.016195
v -0.005355 -0.129879 0.014570
v -0.017920 -0.123646 0.025067
v -0.010782 -0.122078 0.017819
v -0.006074 -0.123070 0.019525
v -0.013361 -0.122570 0.019324
v 0.018664 -0.134981 0.005686
v -0.000608 -0.132675 0.004476
v -0.030546 -0.122455 0.033498
v -0.021135 -0.122558 0.017386
v -0.008068 -0.120695 0.016195
v -0.006444 -0.120698 0.018908
v -0.004882 -0.123070 0.017973
v 0.025485 -0.135356 0.004671
v 0.003808 -0.133672 0.005227
v 0.015836 -0.134908 0.003975
v -0.001039 -0.132298 0.008503
v -0.004266 -0.130142 0.010232
v -0.035837 -0.119800 0.031484
v -0.009693 -0.130486 0.013481
v -0.024885 -0.122490 0.018802
v -0.032935 -0.120679 0.025494
v -0.009693 -0.121935 0.013481
v -0.004380 -0.123070 0.016198
v -0.015120 -0.122248 0.016730
v 0.027156 -0.135433 0.002780
v 0.008094 -0.134350 0.002834
v 0.012636 -0.134453 -0.001345
v 0.021235 -0.135047 0.001400
v -0.000487 -0.133751 -0.001790
v -0.006979 -0.130157 0.011857
v -0.023796 -0.122030 0.014553
v -0.005349 -0.119903 0.014606
v -0.005355 -0.124015 0.014570
v -0.014031 -0.122323 0.012392
v -0.017992 -0.121872 0.011750
v 0.006134 -0.134220 -0.000840
v -0.003032 -0.130859 0.005895
v 0.003778 -0.134121 -0.002123
v -0.002372 -0.132758 0.001726
v -0.008717 -0.129471 0.008953
v -0.011747 -0.129769 0.010622
v -0.029705 -0.121166 0.010300
v -0.007223 -0.119843 0.011617
v 0.012884 -0.134340 -0.003624
v 0.002505 -0.134088 -0.004046
v -0.004049 -0.132608 -0.001557
v -0.003970 -0.123070 0.013741
v -0.004258 -0.119907 0.013914
v 0.010235 -0.134422 -0.006695
v -0.004801 -0.130879 0.003181
v 0.000090 -0.133900 -0.007120
v -0.004969 -0.132273 -0.004091
v -0.006847 -0.129606 0.000047
v -0.007757 -0.129457 0.004733
v -0.022707 -0.121511 0.010215
v -0.004266 -0.118348 0.010232
v 0.016153 -0.134481 -0.009000
v 0.002803 -0.133802 -0.008745
v -0.002624 -0.133620 -0.005495
v -0.007225 -0.129395 -0.002740
v -0.002914 -0.119907 0.012490
v 0.009491 -0.134461 -0.008870
v -0.001810 -0.132828 -0.010294
v -0.007450 -0.129634 -0.006952
v -0.004210 -0.132548 -0.008200
v -0.003943 -0.123103 0.010624
v -0.002171 -0.119907 0.008383
v 0.011366 -0.134645 -0.013040
v 0.002827 -0.133611 -0.012498
v -0.005890 -0.117998 0.007519
v 0.018877 -0.134418 -0.012654
v 0.007517 -0.134341 -0.013362
v -0.006507 -0.129554 -0.011372
v -0.001003 -0.132519 -0.013591
v -0.003177 -0.122098 0.005894
v -0.003476 -0.116878 0.005330
v 0.016058 -0.134108 -0.018223
v 0.007437 -0.134180 -0.020083
v 0.004114 -0.133777 -0.017371
v -0.008586 -0.128271 -0.009298
v -0.000396 -0.120025 0.004274
v -0.005152 -0.116396 0.003390
v 0.010981 -0.134227 -0.020465
v 0.021493 -0.134436 -0.016503
v -0.006780 -0.129195 -0.014021
v 0.000193 -0.132590 -0.018051
v -0.010211 -0.127850 -0.012011
v -0.002088 -0.114803 0.001556
v -0.000307 -0.116707 0.004216
v 0.018541 -0.133757 -0.022799
v 0.018334 -0.133854 -0.020498
v 0.002371 -0.133640 -0.021471
v 0.010710 -0.133790 -0.024717
v -0.004784 -0.130353 -0.015260
v -0.006660 -0.116387 0.000607
v 0.001054 -0.116309 0.000071
v 0.028765 -0.134457 -0.021086
v 0.003474 -0.133897 -0.026613
v -0.009122 -0.128462 -0.016349
v -0.005570 -0.129455 -0.019741
v -0.000141 -0.132558 -0.019820
v -0.003712 -0.113896 -0.001157
v 0.000493 -0.119883 -0.000220
v 0.025376 -0.134207 -0.022391
v 0.016194 -0.134258 -0.027953
v -0.001517 -0.133133 -0.028274
v 0.010818 -0.134006 -0.031183
v -0.000827 -0.132445 -0.021450
v -0.000999 -0.114179 -0.002782
v -0.005337 -0.113927 -0.003871
v -0.000567 -0.120492 -0.003040
v -0.002478 -0.122815 0.000905
v 0.025257 -0.134199 -0.025454
v 0.018549 -0.133924 -0.025543
v 0.015826 -0.134371 -0.031591
v 0.031407 -0.134381 -0.024453
v 0.001196 -0.133796 -0.029899
v 0.005968 -0.134191 -0.030407
v 0.000942 -0.116745 -0.003944
v -0.002624 -0.113879 -0.005495
v 0.022330 -0.134218 -0.027652
v 0.027015 -0.134416 -0.032210
v -0.002966 -0.132490 -0.030930
v -0.003192 -0.132290 -0.027957
v 0.006402 -0.133888 -0.038817
v 0.013675 -0.134157 -0.033684
v -0.005441 -0.129464 -0.022239
v 0.000090 -0.115365 -0.007120
v -0.006962 -0.114460 -0.006584
v 0.000649 -0.116761 -0.007212
v 0.027716 -0.134344 -0.028435
v 0.019598 -0.134559 -0.035610
v -0.002008 -0.132902 -0.034614
v 0.003910 -0.134088 -0.031524
v 0.012421 -0.134050 -0.037074
v 0.002595 -0.133967 -0.034016
v -0.001535 -0.114255 -0.009833
v -0.005172 -0.113976 -0.010338
v -0.000228 -0.119809 -0.007189
v 0.022706 -0.134566 -0.037163
v -0.004856 -0.132186 -0.034490
v -0.005855 -0.131358 -0.029363
v -0.008520 -0.129562 -0.027567
v 0.012160 -0.133948 -0.039656
v -0.000431 -0.133380 -0.039982
v -0.000047 -0.116745 -0.010724
v 0.029402 -0.134483 -0.032042
v 0.025911 -0.134473 -0.038942
v 0.019430 -0.134447 -0.040113
v -0.007480 -0.130743 -0.032077
v -0.005395 -0.132838 -0.039939
v -0.009260 -0.129302 -0.023617
v 0.007798 -0.133902 -0.043429
v -0.003159 -0.114100 -0.012547
v -0.001119 -0.120473 -0.010082
v 0.036529 -0.134611 -0.034302
v 0.032032 -0.134616 -0.037242
v -0.009104 -0.130731 -0.034790
v -0.010375 -0.130782 -0.037410
v 0.016625 -0.134207 -0.043276
v 0.015330 -0.134148 -0.045902
v 0.000125 -0.133332 -0.044002
v -0.000984 -0.119907 -0.014500
v 0.029040 -0.134541 -0.041541
v 0.024405 -0.134729 -0.044176
v -0.009968 -0.129241 -0.030587
v -0.009640 -0.131131 -0.041842
v 0.012604 -0.134080 -0.047787
v 0.001303 -0.133575 -0.048049
v -0.000810 -0.116745 -0.013953
v 0.035985 -0.134683 -0.035572
v 0.040261 -0.134682 -0.042401
v -0.013226 -0.129239 -0.035671
v -0.011868 -0.129413 -0.033129
v -0.012353 -0.130641 -0.040217
v -0.006104 -0.132556 -0.042193
v -0.004668 -0.132661 -0.044930
v 0.022841 -0.134607 -0.048408
v 0.021280 -0.134599 -0.045609
v 0.014507 -0.134071 -0.051364
v -0.004784 -0.114540 -0.015260
v -0.001959 -0.116510 -0.016769
v 0.041163 -0.134695 -0.039465
v 0.034294 -0.134513 -0.042342
v 0.032218 -0.134512 -0.046411
v -0.014456 -0.129579 -0.043309
v -0.008551 -0.131299 -0.046180
v 0.025156 -0.134728 -0.048068
v 0.008266 -0.134043 -0.048876
v 0.001589 -0.133483 -0.052216
v -0.005609 -0.132339 -0.047841
v -0.000939 -0.119907 -0.017562
v 0.037007 -0.134507 -0.043967
v -0.014103 -0.129395 -0.039170
v -0.011264 -0.130748 -0.044555
v 0.020719 -0.134194 -0.052403
v -0.003558 -0.113432 -0.018954
v -0.002987 -0.119907 -0.018417
v -0.001200 -0.123070 -0.015431
v 0.044515 -0.134572 -0.047829
v 0.037036 -0.134432 -0.048114
v 0.029420 -0.134451 -0.050483
v -0.013102 -0.129410 -0.047141
v -0.010176 -0.129644 -0.048893
v 0.027242 -0.134397 -0.053783
v 0.000497 -0.132609 -0.055282
v 0.000356 -0.113626 -0.018070
v -0.003158 -0.116997 -0.019920
v -0.003159 -0.122187 -0.012547
v 0.000686 -0.123075 -0.018505
v 0.043299 -0.134496 -0.048992
v 0.015768 -0.133758 -0.058489
v 0.023097 -0.134125 -0.057727
v 0.003392 -0.133493 -0.057016
v -0.004749 -0.131815 -0.052142
v -0.007462 -0.131212 -0.050518
v 0.054369 -0.134151 -0.053632
v 0.038888 -0.134180 -0.052189
v 0.032428 -0.134224 -0.052342
v -0.014514 -0.131301 -0.049982
v 0.011532 -0.133474 -0.061890
v 0.028087 -0.134386 -0.056528
v 0.001733 -0.132562 -0.059725
v -0.003660 -0.131566 -0.056481
v -0.009087 -0.131203 -0.053231
v 0.043512 -0.134243 -0.053282
v 0.052199 -0.134460 -0.049376
v 0.034663 -0.134099 -0.058694
v -0.011800 -0.130215 -0.051607
v 0.018431 -0.133614 -0.060103
v 0.006029 -0.133667 -0.058610
v 0.029994 -0.134073 -0.062540
v -0.000946 -0.131737 -0.058105
v -0.006373 -0.131336 -0.054856
v 0.048170 -0.134065 -0.056721
v 0.057773 -0.134198 -0.053012
v 0.056134 -0.134799 -0.044991
v 0.037560 -0.134077 -0.055356
v 0.016215 -0.133169 -0.064631
v 0.008274 -0.133248 -0.063441
v 0.004481 -0.133151 -0.061354
v 0.000143 -0.131339 -0.062443
v -0.005284 -0.131276 -0.059194
v -0.008279 -0.131726 -0.057761
v -0.010711 -0.132180 -0.055945
v 0.051833 -0.133873 -0.060838
v 0.064992 -0.134568 -0.059149
v 0.059572 -0.134594 -0.047706
v 0.045000 -0.134089 -0.059955
v 0.025799 -0.133752 -0.064372
v 0.020259 -0.133224 -0.064448
v 0.034156 -0.133986 -0.061975
v 0.003097 -0.132369 -0.063665
v -0.002571 -0.130875 -0.060819
v 0.061084 -0.134302 -0.064711
v 0.063147 -0.134528 -0.050069
v 0.059251 -0.134364 -0.049912
v 0.065208 -0.134735 -0.045955
v 0.028445 -0.133763 -0.065575
v 0.015401 -0.132869 -0.069634
v 0.035400 -0.133773 -0.065121
v 0.001043 -0.129664 -0.067095
v -0.004195 -0.131021 -0.063532
v -0.006909 -0.131761 -0.061907
v 0.049841 -0.133837 -0.062909
v 0.055743 -0.134046 -0.063580
v 0.045196 -0.133640 -0.067743
v 0.027145 -0.133495 -0.069150
v 0.034663 -0.133595 -0.069514
v 0.009842 -0.132750 -0.069332
v 0.027844 -0.133184 -0.075775
v 0.005218 -0.132585 -0.065784
v -0.001482 -0.130038 -0.065157
v -0.009902 -0.132751 -0.066783
v 0.009685 -0.132384 -0.071265
v 0.015399 -0.132302 -0.074519
v 0.042220 -0.133621 -0.068845
v 0.003945 -0.131612 -0.068406
v -0.000709 -0.129333 -0.069891
v -0.005820 -0.131506 -0.066245
v 0.050688 -0.133866 -0.067432
v 0.027813 -0.133450 -0.071637
v 0.034865 -0.133586 -0.072173
v 0.012132 -0.132550 -0.073201
v 0.002461 -0.129332 -0.070885
v 0.056340 -0.134078 -0.070382
v 0.033028 -0.133501 -0.074604
v 0.007747 -0.130445 -0.074368
v 0.004653 -0.129434 -0.072516
v 0.010461 -0.131367 -0.075993
v 0.037578 -0.133768 -0.073797
v 0.001624 -0.129395 -0.072282
v 0.031615 -0.133073 -0.077600
v 0.037159 -0.133674 -0.076435
v 0.014962 -0.131922 -0.078726
v 0.007051 -0.129395 -0.075531
v 0.011550 -0.130213 -0.080331
v 0.003988 -0.129126 -0.075814
v 0.008899 -0.129385 -0.078726
v 0.004025 -0.113582 -0.027907
v 0.003676 -0.113582 -0.025758
v 0.002821 -0.115023 -0.027186
v 0.004285 -0.110419 -0.028062
v 0.003668 -0.113582 -0.024006
v 0.003470 -0.113582 -0.031867
v 0.002785 -0.110419 -0.030850
v 0.003557 -0.110419 -0.025957
v 0.002779 -0.109547 -0.027263
v 0.003348 -0.110419 -0.032463
v 0.003588 -0.113582 -0.035017
v -0.000735 -0.110436 -0.033195
v 0.005248 -0.111142 -0.035862
v 0.002285 -0.107638 -0.034237
v 0.003967 -0.113772 -0.038172
v 0.004901 -0.107346 -0.036026
v 0.000760 -0.107323 -0.037067
v 0.006226 -0.110559 -0.040108
v 0.006545 -0.107257 -0.039437
v 0.004436 -0.113574 -0.042917
v 0.003616 -0.104333 -0.038819
v 0.007254 -0.110587 -0.044409
v 0.007454 -0.107257 -0.041018
v 0.006274 -0.104094 -0.039888
v 0.005204 -0.113654 -0.047635
v 0.008347 -0.107257 -0.042583
v 0.006137 -0.101512 -0.040290
v 0.012284 -0.106998 -0.047750
v 0.010342 -0.107257 -0.045408
v 0.008801 -0.105298 -0.041824
v 0.009035 -0.104094 -0.041434
v 0.008619 -0.113369 -0.053469
v 0.014369 -0.107257 -0.050995
v 0.013466 -0.103974 -0.044758
v 0.011589 -0.104303 -0.043324
v 0.014781 -0.110169 -0.056463
v 0.015910 -0.104234 -0.048554
v 0.012008 -0.114041 -0.061435
v -0.001740 -0.120271 -0.053274
v -0.003132 -0.119902 -0.049429
v -0.005129 -0.122918 -0.052288
v 0.068108 -0.078793 -0.058901
v 0.067555 -0.078252 -0.054800
v 0.066685 -0.081956 -0.055966
v 0.066661 -0.075631 -0.056005
v 0.067391 -0.080921 -0.054786
v 0.068310 -0.075631 -0.059022
v 0.066112 -0.082328 -0.057706
v 0.064664 -0.081925 -0.053184
v 0.063053 -0.084094 -0.055874
v 0.026109 -0.094734 -0.044814
v 0.028954 -0.091444 -0.042831
v 0.027242 -0.093742 -0.041807
v 0.028612 -0.091642 -0.046115
v 0.027941 -0.091444 -0.040639
v 0.029269 -0.088281 -0.044579
v 0.027722 -0.088281 -0.041006
v 0.025183 -0.091444 -0.039090
v 0.030109 -0.088219 -0.047319
v 0.028945 -0.088281 -0.042826
v 0.024947 -0.088237 -0.039673
v 0.024529 -0.093529 -0.040182
v 0.029223 -0.085118 -0.044655
v 0.027242 -0.086807 -0.041807
v 0.031093 -0.085512 -0.047766
v 0.026714 -0.085118 -0.042690
v 0.031033 -0.082141 -0.047770
v 0.022813 -0.081847 -0.042788
v 0.032418 -0.085118 -0.052073
v 0.028927 -0.081956 -0.045150
v 0.033169 -0.081776 -0.052597
v 0.025577 -0.080909 -0.043978
v 0.028139 -0.079282 -0.046466
v 0.060757 -0.091379 -0.065814
v 0.066318 -0.075631 -0.061515
v 0.065766 -0.074086 -0.057499
v 0.068310 -0.075631 -0.059022
v 0.064160 -0.072464 -0.060217
v 0.068108 -0.078793 -0.058901
v 0.064410 -0.075621 -0.064116
v 0.066076 -0.078793 -0.061371
v 0.064245 -0.072468 -0.063961
v 0.064877 -0.081956 -0.060653
v 0.062364 -0.069597 -0.063182
v 0.062639 -0.069305 -0.066685
v 0.063651 -0.078793 -0.063605
v 0.062788 -0.081956 -0.063088
v 0.061272 -0.069305 -0.069553
v 0.062219 -0.075631 -0.066433
v 0.064142 -0.082984 -0.060212
v 0.066685 -0.081956 -0.055966
v 0.060725 -0.066421 -0.065919
v 0.060458 -0.072468 -0.069065
v 0.060585 -0.066143 -0.069141
v 0.060789 -0.079057 -0.065975
v 0.060981 -0.081716 -0.065260
v 0.062477 -0.084744 -0.062959
v 0.057578 -0.071892 -0.070774
v 0.058352 -0.069305 -0.071491
v 0.058696 -0.078052 -0.067664
v 0.059268 -0.064787 -0.068353
v 0.058583 -0.066143 -0.071629
v 0.057664 -0.081956 -0.067392
v 0.060739 -0.084873 -0.066035
v 0.057644 -0.063871 -0.071066
v 0.054871 -0.075998 -0.069817
v 0.057018 -0.069305 -0.072112
v 0.054938 -0.078793 -0.069219
v 0.061682 -0.088281 -0.064322
v 0.056684 -0.062980 -0.070492
v 0.052699 -0.073267 -0.071632
v 0.056025 -0.066143 -0.073565
v 0.058165 -0.085118 -0.067692
v 0.055285 -0.083276 -0.069313
v 0.061484 -0.088281 -0.065993
v 0.055505 -0.062980 -0.073472
v 0.055103 -0.062692 -0.069153
v 0.052151 -0.078793 -0.071464
v 0.054428 -0.069305 -0.072828
v 0.059238 -0.087735 -0.068598
v 0.060757 -0.091379 -0.065814
v 0.053038 -0.060058 -0.072603
v 0.049819 -0.076938 -0.074833
v 0.051745 -0.069305 -0.074265
v 0.051676 -0.066446 -0.075083
v 0.053050 -0.062980 -0.075688
v 0.056190 -0.088281 -0.070196
v 0.052849 -0.081956 -0.071882
v 0.050360 -0.081956 -0.074078
v 0.050705 -0.072468 -0.074285
v 0.053609 -0.085302 -0.071545
v 0.056284 -0.091444 -0.070253
v 0.059148 -0.091494 -0.068597
v 0.051899 -0.059555 -0.074999
v 0.048622 -0.076110 -0.076560
v 0.048529 -0.072468 -0.076668
v 0.048008 -0.069305 -0.076356
v 0.049952 -0.062980 -0.076870
v 0.053858 -0.091989 -0.070808
v 0.057332 -0.094606 -0.067194
v 0.048968 -0.058254 -0.073244
v 0.050056 -0.059817 -0.077111
v 0.048947 -0.081956 -0.076918
v 0.047205 -0.066143 -0.076588
v 0.052591 -0.088281 -0.071727
v 0.054013 -0.094606 -0.070973
v 0.049877 -0.085118 -0.073789
v 0.046976 -0.082775 -0.078826
v 0.048569 -0.085118 -0.076692
v 0.046004 -0.070922 -0.078463
v 0.045699 -0.063148 -0.078791
v 0.049066 -0.090800 -0.073303
v 0.055768 -0.094606 -0.069944
v 0.052336 -0.094682 -0.072097
v 0.047343 -0.058056 -0.075958
v 0.043823 -0.081461 -0.081466
v 0.045336 -0.066143 -0.078442
v 0.045763 -0.059817 -0.078841
v 0.048970 -0.088118 -0.073206
v 0.056555 -0.095831 -0.066728
v 0.054930 -0.096351 -0.069442
v 0.052594 -0.097769 -0.071729
v 0.047892 -0.088281 -0.075040
v 0.046541 -0.088281 -0.079164
v 0.043514 -0.087131 -0.081356
v 0.043392 -0.075631 -0.080964
v 0.042300 -0.066143 -0.080311
v 0.042025 -0.059817 -0.078684
v 0.047270 -0.094606 -0.076253
v 0.057450 -0.094606 -0.065233
v 0.050057 -0.097769 -0.073896
v 0.048048 -0.088281 -0.076379
v 0.043005 -0.058242 -0.077047
v 0.041354 -0.085118 -0.083430
v 0.039286 -0.075255 -0.083459
v 0.043021 -0.069728 -0.080742
v 0.041388 -0.062810 -0.079921
v 0.047523 -0.091444 -0.076065
v 0.054413 -0.097769 -0.069132
v 0.055717 -0.097769 -0.066227
v 0.050875 -0.100931 -0.074386
v 0.046382 -0.091444 -0.079069
v 0.040456 -0.088011 -0.084418
v 0.040179 -0.081999 -0.084298
v 0.039719 -0.078354 -0.084029
v 0.040736 -0.066143 -0.080837
v 0.038748 -0.059977 -0.078001
v 0.040292 -0.058290 -0.075422
v 0.047277 -0.097769 -0.076472
v 0.045543 -0.094035 -0.078566
v 0.055730 -0.097844 -0.062512
v 0.051773 -0.100931 -0.071238
v 0.048014 -0.100931 -0.076360
v 0.043984 -0.091336 -0.081799
v 0.037334 -0.075631 -0.084710
v 0.039770 -0.069455 -0.082376
v 0.037708 -0.062980 -0.079738
v 0.051069 -0.104094 -0.074502
v 0.051294 -0.100931 -0.069358
v 0.035938 -0.082180 -0.087450
v 0.042670 -0.093380 -0.083384
v 0.036510 -0.072468 -0.084216
v 0.035122 -0.078793 -0.087071
v 0.037143 -0.065744 -0.081051
v 0.036081 -0.059965 -0.076298
v 0.045209 -0.097769 -0.078366
v 0.046613 -0.100589 -0.077004
v 0.051139 -0.104094 -0.070482
v 0.048471 -0.104094 -0.076633
v 0.043913 -0.097842 -0.080562
v 0.036371 -0.084904 -0.087473
v 0.039386 -0.090960 -0.085843
v 0.034869 -0.072468 -0.084479
v 0.033779 -0.075556 -0.086387
v 0.035719 -0.070132 -0.083047
v 0.034389 -0.063110 -0.079124
v 0.050643 -0.107279 -0.070506
v 0.047931 -0.107147 -0.075016
v 0.032178 -0.081749 -0.089051
v 0.039521 -0.097236 -0.086201
v 0.041971 -0.098514 -0.083157
v 0.032410 -0.078966 -0.088160
v 0.032753 -0.069507 -0.081857
v 0.033230 -0.066143 -0.081059
v 0.033240 -0.061010 -0.074886
v 0.043613 -0.100931 -0.081097
v 0.045716 -0.104102 -0.078677
v 0.049139 -0.107434 -0.073347
v 0.036266 -0.088497 -0.088028
v 0.030130 -0.085769 -0.091442
v 0.036430 -0.094232 -0.088251
v 0.031090 -0.072484 -0.084599
v 0.029452 -0.075706 -0.087244
v 0.031509 -0.062942 -0.077542
v 0.043467 -0.104094 -0.081009
v 0.044555 -0.107257 -0.077975
v 0.027879 -0.081694 -0.090211
v 0.028685 -0.078793 -0.088651
v 0.039362 -0.100931 -0.085924
v 0.036900 -0.097783 -0.088557
v 0.030107 -0.066015 -0.080631
v 0.034456 -0.093411 -0.089464
v 0.025937 -0.085236 -0.092504
v 0.040650 -0.104090 -0.083345
v 0.026555 -0.074342 -0.086510
v 0.028237 -0.069398 -0.082695
v 0.041534 -0.108543 -0.079845
v 0.031246 -0.091703 -0.091672
v 0.027888 -0.088281 -0.093799
v 0.023111 -0.083875 -0.091340
v 0.024973 -0.078396 -0.088973
v 0.037506 -0.101243 -0.088526
v 0.031132 -0.098351 -0.092470
v 0.039914 -0.107743 -0.082568
v 0.028383 -0.091394 -0.094123
v 0.024459 -0.088927 -0.095172
v 0.035739 -0.109442 -0.087525
v 0.033416 -0.103964 -0.092810
v 0.040410 -0.110419 -0.079179
v 0.028584 -0.096765 -0.094247
v 0.025465 -0.091444 -0.096034
v 0.034761 -0.106832 -0.090541
v 0.035379 -0.104094 -0.090911
v 0.028851 -0.100233 -0.094686
v 0.039140 -0.110419 -0.082105
v 0.023890 -0.091444 -0.096660
v 0.033756 -0.113259 -0.090007
v 0.030199 -0.104094 -0.095182
v 0.037332 -0.110419 -0.084708
v 0.038798 -0.113582 -0.081900
v 0.025908 -0.094606 -0.096299
v 0.027317 -0.102273 -0.096888
v 0.034677 -0.113582 -0.086805
v 0.033134 -0.107206 -0.093313
v 0.036558 -0.113582 -0.084245
v 0.038802 -0.113764 -0.078018
v 0.022994 -0.094722 -0.098023
v 0.033893 -0.116745 -0.090021
v 0.032013 -0.113725 -0.093106
v 0.028232 -0.107257 -0.097691
v 0.030966 -0.107257 -0.095641
v 0.038029 -0.116745 -0.079201
v 0.024287 -0.097769 -0.099015
v 0.034398 -0.118862 -0.086527
v 0.030791 -0.110419 -0.095537
v 0.025745 -0.104745 -0.099487
v 0.036079 -0.116745 -0.083958
v 0.037021 -0.118036 -0.080850
v 0.025119 -0.100931 -0.099513
v 0.021535 -0.098207 -0.100594
v 0.033441 -0.119907 -0.089751
v 0.031661 -0.119907 -0.092371
v 0.029888 -0.115738 -0.095029
v 0.025955 -0.107257 -0.100014
v 0.022860 -0.100931 -0.101846
v 0.032169 -0.121644 -0.088989
v 0.035418 -0.118163 -0.083562
v 0.028749 -0.112617 -0.097565
v 0.023984 -0.106364 -0.102688
v 0.025892 -0.110419 -0.099976
v 0.020530 -0.100931 -0.102273
v 0.029138 -0.119907 -0.094547
v 0.028018 -0.116745 -0.097563
v 0.023826 -0.104094 -0.102425
v 0.030544 -0.122456 -0.091703
v 0.027842 -0.119907 -0.097457
v 0.024978 -0.117911 -0.101073
v 0.026126 -0.113582 -0.100116
v 0.024451 -0.110419 -0.102799
v 0.019751 -0.103904 -0.103733
v 0.029239 -0.123115 -0.093936
v 0.024232 -0.113582 -0.102668
v 0.022418 -0.110292 -0.105312
v 0.021472 -0.107257 -0.104702
v 0.027151 -0.123174 -0.097453
v 0.024132 -0.116088 -0.102322
v 0.018190 -0.110056 -0.106546
v 0.026201 -0.126232 -0.096475
v 0.024796 -0.123070 -0.099320
v 0.023110 -0.119907 -0.101996
v 0.022421 -0.115242 -0.105270
v 0.022786 -0.113582 -0.105488
v 0.026811 -0.126232 -0.093154
v 0.021811 -0.116745 -0.104905
v 0.021780 -0.113582 -0.106341
v 0.025678 -0.129395 -0.096162
v 0.023164 -0.126232 -0.098702
v 0.021298 -0.123149 -0.101038
v 0.018193 -0.116816 -0.106496
v 0.019757 -0.113582 -0.107361
v 0.027872 -0.129395 -0.093789
v 0.023379 -0.129395 -0.098471
v 0.019700 -0.119905 -0.103638
v 0.028920 -0.131292 -0.094416
v 0.026791 -0.126232 -0.091815
v 0.030536 -0.129583 -0.091620
v 0.027831 -0.126905 -0.090078
v 0.029455 -0.128123 -0.087365
v -0.008033 -0.128333 -0.020687
v -0.005570 -0.129455 -0.019741
v -0.005441 -0.129464 -0.022239
v -0.009260 -0.129302 -0.023617
v -0.010746 -0.128394 -0.019063
v -0.012371 -0.129119 -0.021776
v 0.001732 -0.116576 -0.022848
v 0.003357 -0.116547 -0.020134
v -0.049841 -0.121076 0.026460
v -0.045665 -0.123094 0.027570
v -0.046306 -0.125757 0.031989
v -0.047269 -0.120282 0.024601
v -0.050695 -0.122887 0.031191
v -0.043551 -0.123070 0.024654
v -0.045177 -0.119950 0.021949
v -0.042790 -0.124377 0.025925
v -0.040076 -0.124308 0.024300
v -0.052092 -0.119907 0.028008
v -0.055057 -0.119907 0.030062
v -0.039281 -0.126232 0.025628
v -0.049306 -0.124126 0.033512
v -0.048464 -0.126232 0.034918
v -0.042191 -0.123152 0.021124
v -0.044824 -0.126232 0.028683
v -0.042309 -0.126232 0.026728
v -0.035764 -0.126232 0.025347
v -0.037363 -0.124602 0.022675
v -0.045206 -0.119907 0.019999
v -0.056357 -0.123219 0.034047
v -0.036104 -0.126232 0.021922
v -0.042790 -0.127139 0.025925
v -0.042918 -0.126683 0.018629
v -0.041402 -0.126650 0.021408
v -0.042191 -0.123152 0.021124
v -0.040076 -0.124308 0.024300
v -0.043023 -0.122866 0.018692
v -0.045206 -0.119907 0.019999
v -0.037897 -0.126232 0.021783
v -0.037363 -0.124602 0.022675
v -0.036104 -0.126232 0.021922
v -0.040076 -0.127265 0.024300
v -0.037363 -0.127834 0.022675
v -0.039281 -0.126232 0.025628
v -0.042309 -0.126232 0.026728
v -0.035764 -0.126232 0.025347
v 0.039738 -0.133953 -0.064032
v 0.040501 -0.110604 -0.075341
v 0.043005 -0.108824 -0.077047
v 0.044630 -0.109311 -0.074333
v 0.046254 -0.109021 -0.071620
v 0.047492 -0.107431 -0.068505
v 0.041916 -0.109340 -0.072709
v 0.037774 -0.110863 -0.073470
v 0.053841 -0.098941 -0.065104
v 0.052217 -0.099592 -0.067817
v 0.055717 -0.097769 -0.066227
v 0.054413 -0.097769 -0.069132
v 0.052594 -0.097769 -0.071729
v 0.024211 -0.094606 -0.043678
v 0.021111 -0.094431 -0.046320
v 0.023993 -0.095643 -0.047234
v 0.027242 -0.093742 -0.041807
v 0.026109 -0.094734 -0.044814
v 0.027001 -0.094749 -0.048737
v 0.023939 -0.100931 -0.053481
v 0.019576 -0.097388 -0.048454
v 0.021596 -0.091444 -0.042112
v 0.018752 -0.091598 -0.043674
v 0.018574 -0.094606 -0.047675
v 0.061428 -0.084564 -0.058588
v 0.060644 -0.085118 -0.059899
v 0.059715 -0.087666 -0.061449
v 0.057332 -0.094606 -0.067194
v 0.013010 -0.091444 -0.047109
v 0.013209 -0.094606 -0.046775
v 0.027043 -0.100931 -0.056432
v 0.042695 -0.079124 -0.065251
v 0.039931 -0.079289 -0.063711
v -0.000428 -0.116046 -0.032613
v -0.004551 -0.116810 -0.033533
v -0.002053 -0.116100 -0.035326
v -0.000237 -0.116771 -0.026169
v 0.001196 -0.116050 -0.029899
v -0.004231 -0.117195 -0.026650
v -0.002606 -0.117252 -0.023936
v -0.005319 -0.118081 -0.022312
v -0.005855 -0.117516 -0.029363
v -0.003787 -0.116687 -0.038223
v -0.001098 -0.116707 -0.021417
v 0.001732 -0.116576 -0.022848
v 0.003357 -0.116547 -0.020134
v -0.003158 -0.116997 -0.019920
v -0.008569 -0.118682 -0.027739
v -0.010193 -0.118586 -0.030452
v -0.007480 -0.118067 -0.032077
v -0.009204 -0.119469 -0.023610
v -0.011282 -0.119527 -0.026114
v -0.012835 -0.119915 -0.028773
v -0.011070 -0.119907 -0.022555
v -0.008033 -0.119263 -0.020687
v -0.010696 -0.120476 -0.019065
v -0.013546 -0.119907 -0.032131
v -0.015269 -0.120202 -0.032772
v -0.015620 -0.120379 -0.027203
v 0.002285 -0.114559 -0.034237
v -0.014035 -0.119887 -0.024540
v -0.012724 -0.120071 -0.022367
v -0.016709 -0.121452 -0.022865
v 0.002821 -0.115023 -0.027186
v -0.006873 -0.116452 -0.036126
v -0.009321 -0.117152 -0.035153
v -0.008457 -0.116886 -0.038566
v -0.014123 -0.122874 -0.017067
v -0.011835 -0.122364 -0.014725
v -0.014331 -0.123070 -0.013128
v -0.010211 -0.122371 -0.012011
v -0.009122 -0.121602 -0.016349
v -0.006004 -0.120062 -0.018450
v -0.016173 -0.123977 -0.015814
v -0.017798 -0.124004 -0.018527
v -0.020511 -0.124495 -0.016903
v -0.018887 -0.124931 -0.014189
v -0.015581 -0.122576 -0.019907
v -0.019241 -0.123166 -0.021349
v -0.018334 -0.122355 -0.025579
v -0.021054 -0.123045 -0.024221
v -0.023760 -0.123913 -0.022329
v -0.022136 -0.125289 -0.019616
v -0.017887 -0.122998 -0.029597
v 0.003470 -0.113582 -0.031867
v 0.003588 -0.113582 -0.035017
v 0.000648 -0.115839 -0.037087
v -0.002075 -0.117354 -0.041769
v 0.002561 -0.114932 -0.045741
v -0.003995 -0.118819 -0.045109
v 0.004436 -0.113574 -0.042917
v 0.003967 -0.113772 -0.038172
v 0.005204 -0.113654 -0.047635
v -0.005302 -0.118011 -0.040753
v 0.001226 -0.116366 -0.048329
v -0.007072 -0.119718 -0.043710
v 0.008619 -0.113369 -0.053469
v 0.001414 -0.118967 -0.055941
v 0.012008 -0.114041 -0.061435
v 0.009415 -0.116723 -0.064970
v 0.000480 -0.120371 -0.059009
v 0.003944 -0.119903 -0.064835
v 0.000146 -0.121266 -0.062448
v -0.001482 -0.122433 -0.065157
v 0.001232 -0.121577 -0.066781
v 0.004406 -0.120143 -0.068280
v 0.005133 -0.120136 -0.071255
v 0.002321 -0.120954 -0.071119
v 0.013710 -0.115831 -0.070566
v 0.009608 -0.118001 -0.075701
v 0.019997 -0.114368 -0.073027
v 0.003712 -0.120404 -0.075584
v 0.015888 -0.116944 -0.079242
v 0.008836 -0.118367 -0.078706
v 0.006123 -0.119260 -0.077082
v 0.016165 -0.113582 -0.066465
v 0.008832 -0.118956 -0.082469
v -0.004555 -0.123292 -0.059439
v -0.004272 -0.122887 -0.056300
v 0.000696 -0.121108 -0.073833
v 0.015442 -0.113129 -0.064230
v -0.000393 -0.121221 -0.069495
v 0.015050 -0.118595 -0.086056
v -0.004195 -0.122527 -0.063532
v 0.022792 -0.115995 -0.079967
v 0.019690 -0.118076 -0.085205
v 0.024031 -0.116747 -0.084112
v 0.025653 -0.115657 -0.081402
v 0.026297 -0.116636 -0.086577
v 0.027277 -0.114897 -0.078689
v 0.022404 -0.118345 -0.086829
v 0.028366 -0.115569 -0.083027
v 0.025113 -0.114049 -0.076148
v 0.018066 -0.119076 -0.087918
v 0.004498 -0.118659 -0.079795
v 0.029991 -0.115493 -0.080313
v 0.008301 -0.118856 -0.085758
v 0.011014 -0.118711 -0.087382
v 0.013728 -0.118683 -0.089007
v -0.005569 -0.120625 -0.047211
v 0.025117 -0.118043 -0.088454
v 0.020768 -0.119948 -0.089342
v -0.009859 -0.119543 -0.042209
v -0.006373 -0.124324 -0.054856
v -0.007105 -0.123614 -0.050179
v -0.009087 -0.125551 -0.053231
v -0.011836 -0.126197 -0.051585
v -0.010176 -0.125147 -0.048893
v 0.016879 -0.119674 -0.090894
v -0.008623 -0.122656 -0.047010
v 0.000356 -0.113626 -0.018070
v -0.003106 -0.121337 -0.067870
v -0.012412 -0.126232 -0.046473
v -0.005950 -0.123070 -0.060305
v -0.024842 -0.126232 -0.024137
v -0.022648 -0.126232 -0.026629
v -0.011364 -0.122732 -0.044722
v -0.011084 -0.126232 -0.048349
v -0.014796 -0.126488 -0.050455
v -0.014050 -0.122634 -0.043052
v -0.007497 -0.122420 -0.013636
v -0.008586 -0.122476 -0.009298
v -0.005873 -0.122469 -0.010922
v -0.004588 -0.123079 -0.014827
v -0.021600 -0.124232 -0.012564
v -0.023225 -0.123794 -0.015278
v -0.024314 -0.124535 -0.010940
v -0.019976 -0.123852 -0.009851
v -0.022435 -0.123277 -0.007801
v -0.025403 -0.124696 -0.006602
v -0.022665 -0.123070 -0.004555
v -0.019099 -0.123070 -0.008386
v -0.016023 -0.123070 -0.009406
v -0.025887 -0.126036 -0.013773
v -0.026508 -0.126200 -0.009454
v -0.024518 -0.126232 -0.017438
v -0.022639 -0.126232 -0.019315
v -0.026679 -0.126330 -0.005603
v -0.023778 -0.124976 -0.003888
v -0.011854 -0.116909 -0.033173
v -0.019782 -0.126232 -0.027998
v 0.028283 -0.116745 -0.086663
v 0.027831 -0.119325 -0.090078
v 0.030166 -0.116745 -0.084104
v -0.017874 -0.126232 -0.011642
v 0.024138 -0.119907 -0.090089
v 0.026125 -0.119629 -0.092780
v 0.030113 -0.119907 -0.091445
v 0.027384 -0.119907 -0.093497
v 0.029462 -0.119539 -0.087369
v 0.023493 -0.121386 -0.091167
v -0.025271 -0.126232 -0.021425
v -0.010729 -0.116128 -0.037504
v -0.011635 -0.116745 -0.039017
v -0.014653 -0.116661 -0.038969
v -0.013442 -0.115371 -0.035879
v -0.017787 -0.116720 -0.037044
v -0.016156 -0.114899 -0.034255
v -0.015475 -0.113582 -0.033118
v -0.012353 -0.117946 -0.040217
v -0.008002 -0.123070 -0.008322
v -0.010627 -0.123070 -0.006550
v -0.022453 -0.126095 -0.000996
v -0.013102 -0.129410 -0.047141
v -0.017227 -0.127978 -0.048358
v -0.016354 -0.129395 -0.046900
v -0.019804 -0.128833 -0.046505
v -0.012811 -0.119907 -0.010746
v -0.010639 -0.119907 -0.008069
v -0.014857 -0.126232 -0.013614
v -0.012648 -0.123078 -0.053006
v -0.018017 -0.126232 -0.049677
v 0.009136 -0.116760 -0.089957
v 0.008226 -0.113621 -0.092096
v 0.005852 -0.113582 -0.089848
v -0.017798 -0.128163 -0.018527
v -0.015084 -0.128617 -0.020152
v -0.016709 -0.128282 -0.022865
v -0.013995 -0.128565 -0.024490
v -0.013088 -0.127827 -0.028728
v -0.018334 -0.127607 -0.025579
v -0.008520 -0.129562 -0.027567
v -0.021054 -0.128390 -0.023926
v -0.013460 -0.128440 -0.017438
v -0.016173 -0.128374 -0.015814
v -0.020511 -0.127322 -0.016903
v -0.021593 -0.128018 -0.012590
v -0.023225 -0.127430 -0.015278
v -0.022136 -0.126600 -0.019616
v -0.009968 -0.129241 -0.030587
v -0.011868 -0.129413 -0.033129
v -0.025887 -0.126036 -0.013773
v -0.024518 -0.126232 -0.017438
v -0.022639 -0.126232 -0.019315
v -0.024314 -0.127769 -0.010940
v -0.017062 -0.126015 -0.029940
v -0.014885 -0.126845 -0.032133
v -0.019782 -0.126232 -0.027998
v -0.022648 -0.126232 -0.026629
v -0.024842 -0.126232 -0.024137
v -0.026508 -0.126200 -0.009454
v -0.025271 -0.126232 -0.021425
v -0.013226 -0.129239 -0.035671
v -0.023760 -0.128129 -0.022329
v -0.013513 -0.126232 -0.013720
v -0.025403 -0.128209 -0.006602
v -0.017874 -0.126232 -0.011642
v -0.014857 -0.126232 -0.013614
v -0.023854 -0.128285 -0.003967
v -0.020708 -0.126151 0.001646
v -0.020549 -0.129398 0.001516
v -0.022453 -0.126095 -0.000996
v -0.020144 -0.126232 0.004994
v -0.026679 -0.126330 -0.005603
v -0.025403 -0.128209 -0.006602
v -0.026508 -0.126200 -0.009454
v -0.021366 -0.129395 0.005726
v -0.018319 -0.123070 0.000216
v -0.020549 -0.129398 0.001516
v -0.017459 -0.129395 0.003387
v -0.018032 -0.129095 0.000044
v -0.018904 -0.130370 0.004252
v -0.021366 -0.129395 0.005726
v -0.018149 -0.129395 0.005514
v -0.016023 -0.123070 -0.009406
v -0.014331 -0.123070 -0.013128
v -0.015067 -0.121573 -0.038593
v -0.013553 -0.123070 -0.035933
v -0.012997 -0.123070 -0.039832
v -0.015269 -0.120202 -0.032772
v -0.017192 -0.119907 -0.035986
v -0.016790 -0.123277 -0.041352
v -0.014902 -0.126232 -0.038482
v 0.029239 -0.123115 -0.093936
v 0.030544 -0.122456 -0.091703
v 0.032169 -0.121644 -0.088989
v 0.034398 -0.118862 -0.086527
v 0.031080 -0.118193 -0.084651
v 0.032704 -0.117855 -0.081938
v 0.031221 -0.116745 -0.081050
v 0.035418 -0.118163 -0.083562
v 0.022337 -0.126232 -0.094161
v 0.024906 -0.126232 -0.092013
v 0.022789 -0.123070 -0.092342
v 0.024073 -0.123070 -0.091515
v 0.023493 -0.121386 -0.091167
v 0.021863 -0.123924 -0.093814
v 0.020244 -0.124073 -0.096594
v 0.020791 -0.126232 -0.096922
v 0.022867 -0.129395 -0.098165
v 0.019155 -0.121182 -0.092256
v 0.016947 -0.120714 -0.094690
v 0.018973 -0.123070 -0.095833
v 0.015459 -0.120043 -0.098096
v 0.016879 -0.119674 -0.090894
v 0.020768 -0.119948 -0.089342
v 0.014817 -0.119004 -0.093345
v 0.012698 -0.116959 -0.096423
v 0.018697 -0.122976 -0.099178
v 0.012689 -0.116745 -0.099443
v 0.016815 -0.120194 -0.102320
v 0.015224 -0.119845 -0.100654
v 0.015370 -0.118269 -0.104735
v 0.013161 -0.116745 -0.102860
v 0.020909 -0.123070 -0.100679
v 0.023164 -0.126232 -0.098702
v 0.021298 -0.123149 -0.101038
v 0.019700 -0.119905 -0.103638
v 0.021936 -0.129629 -0.093921
v 0.018193 -0.116816 -0.106496
v 0.014767 -0.116745 -0.105741
v 0.006747 -0.116605 -0.088353
v 0.005587 -0.118410 -0.084133
v 0.008301 -0.118856 -0.085758
v 0.009136 -0.116760 -0.089957
v 0.004498 -0.118659 -0.079795
v 0.002483 -0.119907 -0.077004
v 0.011014 -0.118711 -0.087382
v 0.011830 -0.117122 -0.092177
v 0.013728 -0.118683 -0.089007
v 0.003712 -0.120404 -0.075584
v 0.000696 -0.121108 -0.073833
v 0.008832 -0.118956 -0.082469
v 0.002321 -0.120954 -0.071119
v -0.000393 -0.121221 -0.069495
v -0.003106 -0.121337 -0.067870
v -0.004195 -0.122527 -0.063532
v -0.005950 -0.123070 -0.060305
v -0.018633 -0.126136 0.004706
v -0.016377 -0.123524 0.002739
v -0.014604 -0.126232 -0.035184
v -0.013226 -0.129239 -0.035671
v -0.014103 -0.129395 -0.039170
v -0.014456 -0.129579 -0.043309
v -0.015408 -0.126232 -0.042075
v -0.014885 -0.126845 -0.032133
v -0.014549 -0.126232 -0.043885
v -0.013102 -0.129410 -0.047141
v -0.015375 -0.123070 -0.032950
v -0.017887 -0.122998 -0.029597
v -0.017062 -0.126015 -0.029940
v -0.012412 -0.126232 -0.046473
v -0.011084 -0.126232 -0.048349
v -0.017704 -0.123070 -0.030683
v -0.011364 -0.122732 -0.044722
v -0.019782 -0.126232 -0.027998
v 0.026206 -0.122647 -0.092792
v 0.024073 -0.123070 -0.091515
v -0.009693 -0.130486 0.013481
v -0.012393 -0.129395 0.015113
v -0.008068 -0.129887 0.016195
v -0.011747 -0.129769 0.010622
v -0.010740 -0.131461 0.017939
v -0.012096 -0.129393 0.018601
v -0.007549 -0.129415 0.023256
v -0.014514 -0.131301 -0.049982
v -0.017317 -0.132492 -0.048508
v 0.026811 -0.126232 -0.093154
v 0.027333 -0.123070 -0.090910
v 0.026791 -0.126232 -0.091815
v 0.024906 -0.126232 -0.092013
v -0.013442 -0.115371 -0.035879
v -0.013174 -0.119907 -0.041589
v -0.008586 -0.122476 -0.009298
v -0.018149 -0.129395 0.005514
v -0.017459 -0.129395 0.003387
v -0.016510 -0.126232 0.002244
v -0.002987 -0.119907 -0.018417
v 0.022867 -0.129395 -0.098165
v 0.020791 -0.126232 -0.096922
v 0.020244 -0.124073 -0.096594
v -0.010195 -0.126232 -0.008335
v -0.006962 -0.124026 -0.006584
v -0.008293 -0.126232 -0.005787
v -0.005277 -0.124036 -0.003908
v -0.008002 -0.123070 -0.008322
v -0.007231 -0.126232 -0.002737
v -0.005386 -0.123068 -0.007467
v -0.002624 -0.122017 -0.005495
v -0.001119 -0.120473 -0.010082
v -0.005873 -0.122469 -0.010922
v -0.000567 -0.120492 -0.003040
v -0.003356 -0.123317 -0.001371
v -0.000228 -0.119809 -0.007189
v -0.002478 -0.122815 0.000905
v 0.000493 -0.119883 -0.000220
v -0.006426 -0.124454 0.000467
v -0.004927 -0.122968 0.002971
v -0.003159 -0.122187 -0.012547
v -0.000984 -0.119907 -0.014500
v -0.004588 -0.123079 -0.014827
v -0.000396 -0.120025 0.004274
v -0.003177 -0.122098 0.005894
v -0.005757 -0.122876 0.007742
v -0.003943 -0.123103 0.010624
v -0.008159 -0.123070 0.009887
v -0.001200 -0.123070 -0.015431
v -0.006979 -0.123898 0.011857
v -0.003970 -0.123070 0.013741
v -0.005355 -0.124015 0.014570
v -0.004380 -0.123070 0.016198
v -0.007743 -0.126416 0.016000
v -0.009359 -0.126249 0.013281
v -0.006816 -0.126089 0.018559
v -0.009157 -0.127563 0.020533
v -0.010782 -0.129002 0.017819
v -0.008119 -0.126232 0.023094
v -0.008714 -0.126232 0.009101
v -0.011317 -0.127560 0.010768
v -0.002070 -0.124099 -0.016885
v 0.000686 -0.123075 -0.018505
v -0.003478 -0.123070 -0.019298
v -0.007990 -0.123070 0.001404
v -0.008621 -0.125891 0.002149
v -0.007361 -0.126232 -0.001095
v -0.006426 -0.124454 0.000467
v -0.005277 -0.124036 -0.003908
v -0.007231 -0.126232 -0.002737
v -0.007990 -0.123070 0.001404
v -0.006847 -0.129606 0.000047
v -0.007757 -0.129457 0.004733
v -0.008916 -0.126232 0.005644
v -0.008717 -0.129471 0.008953
v -0.007225 -0.129395 -0.002740
v -0.008714 -0.126232 0.009101
v -0.008293 -0.126232 -0.005787
v -0.007450 -0.129634 -0.006952
v -0.008586 -0.128271 -0.009298
v -0.010195 -0.126232 -0.008335
v -0.011317 -0.127560 0.010768
v -0.011747 -0.129769 0.010622
v -0.011300 -0.124728 -0.007673
v -0.010627 -0.123070 -0.006550
v -0.012640 -0.126143 -0.010557
v -0.016173 -0.123977 -0.015814
v -0.006004 -0.120062 -0.018450
v 0.021811 -0.116745 -0.104905
v 0.023110 -0.119907 -0.101996
v 0.090166 -0.136375 0.039464
v 0.090157 -0.136154 0.041403
v 0.090165 -0.136378 0.034040
v 0.090165 -0.136322 0.031310
v 0.090160 -0.136190 0.026476
v 0.090162 -0.136152 0.024949
v 0.090164 -0.135612 0.060993
v 0.090165 -0.135533 0.059571
v 0.090166 -0.136123 0.063911
v 0.090165 -0.135843 0.012459
v 0.090164 -0.135739 0.008383
v 0.090166 -0.136438 0.065698
v 0.090161 -0.135723 0.007356
v 0.090161 -0.135623 0.002147
v 0.090166 -0.136662 0.068414
v 0.090165 -0.135619 -0.000055
v 0.090162 -0.135607 -0.001330
v 0.090162 -0.135499 -0.006584
v 0.090165 -0.136703 0.075209
v 0.090162 -0.135484 -0.008056
v 0.090165 -0.136651 0.077596
v 0.090164 -0.136583 0.080405
v 0.090162 -0.135435 -0.010188
v 0.090164 -0.136573 0.082584
v 0.090162 -0.135556 -0.013603
v 0.090162 -0.135604 -0.016283
v 0.090163 -0.136699 0.088483
v 0.090162 -0.135559 -0.018394
v 0.090165 -0.136628 0.090662
v 0.090160 -0.136610 0.093796
v 0.090160 -0.136905 0.096876
v 0.090166 -0.135527 -0.022571
v 0.090166 -0.135489 -0.024214
v 0.090163 -0.137020 0.101941
v 0.090160 -0.135385 -0.026365
v 0.090160 -0.135310 -0.029835
v 0.090163 -0.136993 0.105285
v 0.090164 -0.135211 -0.033480
v 0.090164 -0.136884 0.108367
v 0.090164 -0.136938 0.110844
v 0.090164 -0.135182 -0.036843
v 0.090164 -0.135167 -0.038992
v 0.090162 -0.137260 0.117603
v 0.090163 -0.135169 -0.041030
v 0.090160 -0.137318 0.121193
v 0.090166 -0.137406 0.123155
v 0.090166 -0.137396 0.124328
v 0.090162 -0.137416 0.129112
v 0.090162 -0.137447 0.131220
v 0.090166 -0.137469 0.136873
v -0.091996 -0.135383 0.142794
v -0.092004 -0.134763 0.129084
v -0.092001 -0.135069 0.134380
v -0.091996 -0.134534 0.125226
v -0.092002 -0.134237 0.116419
v -0.092002 -0.134383 0.114366
v -0.092003 -0.134082 0.122273
v -0.092002 -0.134289 0.111960
v -0.092002 -0.134043 0.119080
v -0.092001 -0.134146 0.102668
v -0.091999 -0.134143 0.100361
v -0.092001 -0.133919 0.107382
v -0.092001 -0.134239 0.094404
v -0.091999 -0.134203 0.097963
v -0.092001 -0.133931 0.105982
v -0.092001 -0.134193 0.093124
v -0.092003 -0.134322 0.088798
v -0.092001 -0.134163 0.091471
v -0.092002 -0.134109 0.084754
v -0.092002 -0.133970 0.082857
v -0.092002 -0.133737 0.079008
v -0.092002 -0.133599 0.074502
v -0.091999 -0.133446 0.072094
v -0.092002 -0.133688 0.077260
v -0.092004 -0.133289 0.068011
v -0.092001 -0.133249 0.063968
v -0.092001 -0.133280 0.059085
v -0.091997 -0.133302 0.056946
v -0.091997 -0.133389 0.051976
v -0.092000 -0.133676 0.048977
v -0.092000 -0.134034 0.046047
v -0.092000 -0.134241 0.043216
v 0.090163 -0.135186 -0.048563
v 0.090163 -0.135180 -0.047471
v 0.090164 -0.135012 -0.054006
v 0.090164 -0.135019 -0.057419
v 0.090163 -0.134948 -0.059693
v 0.090159 -0.135180 -0.041642
v 0.090166 -0.134787 -0.065206
v 0.090166 -0.134844 -0.064047
v 0.090162 -0.134651 -0.072054
v 0.090162 -0.134655 -0.070007
v 0.090162 -0.134773 -0.066494
v 0.090162 -0.134659 -0.074223
v 0.090165 -0.134644 -0.075954
v 0.090162 -0.134603 -0.078101
v 0.090162 -0.134571 -0.080308
v 0.090162 -0.134550 -0.082575
v 0.090164 -0.134505 -0.083640
v 0.090164 -0.134403 -0.086165
v 0.090164 -0.134288 -0.089719
v 0.090164 -0.134320 -0.093493
v 0.090166 -0.134282 -0.095686
v 0.090166 -0.134060 -0.108489
v 0.090164 -0.134036 -0.105162
v 0.090164 -0.134013 -0.112453
v 0.090164 -0.134046 -0.114398
v 0.090160 -0.134019 -0.116972
v 0.090165 -0.134030 -0.118078
v 0.090165 -0.134019 -0.120026
v 0.090164 -0.133999 -0.121037
v 0.090164 -0.133922 -0.122391
v 0.090164 -0.133939 -0.123860
v 0.090164 -0.133902 -0.125422
v 0.086075 -0.134008 -0.128215
v 0.078408 -0.133796 -0.128215
v 0.079668 -0.133850 -0.128218
v 0.083616 -0.133948 -0.128218
v 0.075600 -0.133750 -0.128219
v 0.072822 -0.133682 -0.128219
v 0.071371 -0.133731 -0.128219
v 0.067901 -0.133723 -0.128219
v 0.063971 -0.133538 -0.128219
v 0.061454 -0.133446 -0.128214
v 0.053922 -0.133455 -0.128215
v 0.050251 -0.133203 -0.128216
v 0.038421 -0.132636 -0.128218
v 0.037360 -0.132766 -0.128217
v 0.034312 -0.132912 -0.128217
v 0.029318 -0.132838 -0.128219
v 0.040497 -0.132828 -0.128218
v 0.045124 -0.132871 -0.128220
v 0.046449 -0.132935 -0.128220
v 0.036098 -0.132869 -0.128217
v 0.028258 -0.132792 -0.128219
v 0.025543 -0.132529 -0.128217
v 0.020950 -0.132342 -0.128220
v 0.015132 -0.132815 -0.128218
v 0.011868 -0.132848 -0.128218
v 0.006322 -0.132872 -0.128218
v -0.005301 -0.132483 -0.128218
v -0.006758 -0.132526 -0.128218
v -0.009062 -0.132576 -0.128219
v -0.011501 -0.132557 -0.128219
v -0.012884 -0.132553 -0.128219
v -0.014752 -0.132590 -0.128219
v -0.017479 -0.132549 -0.128218
v -0.020671 -0.132575 -0.128216
v -0.026637 -0.132526 -0.128216
v -0.030206 -0.132606 -0.128214
v -0.092002 -0.134601 0.038055
v -0.092002 -0.134628 0.036259
v -0.092004 -0.134585 0.025919
v -0.092004 -0.134620 0.028421
v -0.092004 -0.134579 0.024559
v -0.092004 -0.134493 0.019084
v -0.091998 -0.134548 0.039863
v -0.092003 -0.134637 0.033465
v -0.091997 -0.134528 0.022727
v -0.091998 -0.134458 0.014820
v -0.091998 -0.134396 0.007581
v -0.092001 -0.134372 0.002363
v -0.092002 -0.134359 0.000630
v -0.092000 -0.134241 0.043216
v -0.092002 -0.134333 -0.001884
v -0.092002 -0.134327 -0.003858
v -0.092002 -0.134321 -0.006682
v -0.092001 -0.134266 -0.009534
v -0.092002 -0.134268 -0.012744
v -0.092002 -0.134220 -0.016289
v -0.092002 -0.134219 -0.017687
v -0.092002 -0.134164 -0.019016
v -0.092002 -0.134105 -0.021957
v -0.092001 -0.133951 -0.025529
v -0.092001 -0.133918 -0.029070
v -0.092001 -0.133960 -0.033615
v -0.092000 -0.133977 -0.034888
v -0.091998 -0.133824 -0.039695
v -0.092004 -0.133663 -0.044043
v -0.091998 -0.133659 -0.050086
v -0.091998 -0.133613 -0.053205
v -0.091999 -0.133596 -0.054485
v -0.092001 -0.133552 -0.056357
v -0.092004 -0.133542 -0.058992
v -0.092003 -0.133489 -0.062050
v -0.092003 -0.133443 -0.065627
v -0.092002 -0.133442 -0.067099
v -0.091995 -0.133438 -0.068198
v -0.092001 -0.133452 -0.069728
v -0.092001 -0.133402 -0.073785
v -0.092001 -0.133309 -0.077366
v -0.092001 -0.133266 -0.080198
v -0.092002 -0.133243 -0.082522
v -0.092004 -0.133176 -0.087582
v -0.091997 -0.133069 -0.092684
v -0.091997 -0.133047 -0.095942
v -0.092004 -0.133077 -0.098907
v -0.092002 -0.133197 -0.103792
v -0.091998 -0.133175 -0.106326
v -0.091998 -0.133073 -0.110553
v -0.091998 -0.133052 -0.113777
v -0.092003 -0.133015 -0.116011
v -0.092003 -0.132971 -0.118570
v -0.030206 -0.132606 -0.128214
v -0.031423 -0.132660 -0.128218
v -0.092003 -0.132996 -0.119905
v -0.039015 -0.132866 -0.128216
v -0.040873 -0.132846 -0.128215
v -0.044480 -0.132882 -0.128215
v -0.037098 -0.132840 -0.128218
v -0.092000 -0.133054 -0.124647
v -0.077105 -0.133028 -0.128219
v -0.081746 -0.133056 -0.128217
v -0.092000 -0.133058 -0.125947
v -0.052497 -0.133158 -0.128219
v -0.087467 -0.133051 -0.128219
v -0.091314 -0.133094 -0.128219
v -0.057249 -0.133112 -0.128220
v -0.072487 -0.133024 -0.128218
v -0.063426 -0.133007 -0.128218
v -0.066283 -0.132964 -0.128218
v -0.070655 -0.132989 -0.128218
v 0.090165 -0.138179 0.164048
v 0.090165 -0.138190 0.166961
v 0.090163 -0.138039 0.158171
v 0.090163 -0.138012 0.156334
v 0.090165 -0.137860 0.173809
v 0.090166 -0.137898 0.152268
v 0.090166 -0.137833 0.150447
v 0.090165 -0.137846 0.175662
v 0.090158 -0.138131 0.161056
v 0.088365 -0.137791 0.179316
v 0.080475 -0.137701 0.179314
v 0.084472 -0.137632 0.179316
v 0.074032 -0.137886 0.179316
v 0.072227 -0.137865 0.179319
v 0.090164 -0.137532 0.142657
v 0.090163 -0.137498 0.141385
v 0.090166 -0.137478 0.137932
v 0.029833 -0.137366 0.179318
v 0.032052 -0.137352 0.179318
v 0.009792 -0.136959 0.179319
v -0.013083 -0.137151 0.179317
v -0.009109 -0.137269 0.179317
v 0.033734 -0.137345 0.179318
v 0.026680 -0.137305 0.179320
v 0.004765 -0.136977 0.179318
v 0.054915 -0.137466 0.179319
v 0.050438 -0.137256 0.179319
v 0.049157 -0.137289 0.179319
v 0.039706 -0.137334 0.179318
v 0.042293 -0.137386 0.179318
v -0.001166 -0.136986 0.179318
v -0.002868 -0.137026 0.179317
v -0.014597 -0.137095 0.179316
v -0.019940 -0.137002 0.179318
v -0.017864 -0.137026 0.179318
v -0.024464 -0.136967 0.179318
v -0.022164 -0.136966 0.179318
v 0.018406 -0.137203 0.179317
v 0.015702 -0.137109 0.179319
v 0.056680 -0.137553 0.179315
v 0.044536 -0.137394 0.179315
v -0.026326 -0.136958 0.179316
v 0.057720 -0.137555 0.179319
v 0.065076 -0.137674 0.179319
v -0.030000 -0.137030 0.179318
v 0.067187 -0.137715 0.179313
v 0.068872 -0.137790 0.179319
v 0.072227 -0.137865 0.179319
v -0.036289 -0.137032 0.179318
v -0.038160 -0.136991 0.179318
v -0.041050 -0.136979 0.179318
v -0.042727 -0.136960 0.179313
v -0.049837 -0.136874 0.179315
v -0.046742 -0.136953 0.179315
v -0.052883 -0.136830 0.179315
v -0.053941 -0.136811 0.179317
v -0.061763 -0.136390 0.179318
v -0.056313 -0.136689 0.179318
v -0.063609 -0.136455 0.179318
v -0.067970 -0.136563 0.179319
v -0.069938 -0.136463 0.179319
v -0.085558 -0.135943 0.179319
v -0.074248 -0.136190 0.179319
v -0.075531 -0.136097 0.179319
v -0.079380 -0.136259 0.179315
v -0.088939 -0.136033 0.179319
v -0.090691 -0.136122 0.179317
v -0.092003 -0.135987 0.178643
v -0.092003 -0.136085 0.177460
v -0.091998 -0.135830 0.170197
v -0.092003 -0.135974 0.172905
v -0.092004 -0.135927 0.167777
v -0.091997 -0.135708 0.162864
v -0.092004 -0.135974 0.166559
v -0.092002 -0.135672 0.161184
v -0.092004 -0.135885 0.165193
v -0.092002 -0.135559 0.158593
v -0.091999 -0.135497 0.153426
v -0.091997 -0.135576 0.149336
v -0.091997 -0.135416 0.143454
v 0.090165 -0.135937 0.015705
v 0.090165 -0.135843 0.012459
v 0.090162 -0.136152 0.024949
v 0.090162 -0.136064 0.021457
v 0.090167 -0.136019 0.020045
v 0.090164 -0.135584 0.045772
v 0.090164 -0.135760 0.044293
v 0.090164 -0.136069 0.042453
v 0.090165 -0.135361 0.050946
v 0.090165 -0.135334 0.049659
v 0.090165 -0.135349 0.055509
v 0.090165 -0.135386 0.057535
v 0.090165 -0.135533 0.059571
vt 0.453586 0.508896
vt 0.452480 0.505736
vt 0.451535 0.525293
vt 0.454979 0.499437
vt 0.453755 0.529129
vt 0.455501 0.509842
vt 0.452742 0.491357
vt 0.456600 0.501060
vt 0.457153 0.492220
vt 0.455250 0.522074
vt 0.456492 0.515382
vt 0.457542 0.506851
vt 0.457918 0.494575
vt 0.457277 0.521331
vt 0.458837 0.500638
vt 0.458895 0.491491
vt 0.458213 0.512985
vt 0.459490 0.506211
vt 0.460279 0.498754
vt 0.459496 0.507070
vt 0.461327 0.485809
vt 0.915185 0.518738
vt 0.915298 0.514965
vt 0.914361 0.521759
vt 0.916799 0.509521
vt 0.915031 0.526781
vt 0.917652 0.516085
vt 0.915423 0.506076
vt 0.913214 0.527211
vt 0.918563 0.508979
vt 0.917139 0.499406
vt 0.913283 0.533656
vt 0.916961 0.525640
vt 0.920276 0.495627
vt 0.915677 0.494622
vt 0.914872 0.535076
vt 0.916630 0.533566
vt 0.914737 0.542042
vt 0.915511 0.546359
vt 0.916428 0.540300
vt 0.914461 0.553179
vt 0.916283 0.552829
vt 0.917024 0.546025
vt 0.970543 0.299990
vt 0.972197 0.299376
vt 0.971708 0.287803
vt 0.970825 0.309467
vt 0.973265 0.284004
vt 0.969723 0.282721
vt 0.969007 0.303669
vt 0.973700 0.294128
vt 0.967313 0.297189
vt 0.969415 0.311507
vt 0.972836 0.302564
vt 0.975591 0.292385
vt 0.973188 0.273409
vt 0.968162 0.286850
vt 0.967805 0.314403
vt 0.969787 0.320528
vt 0.967395 0.306586
vt 0.973864 0.300642
vt 0.975508 0.299095
vt 0.974832 0.280709
vt 0.972385 0.267619
vt 0.966584 0.289907
vt 0.969273 0.274173
vt 0.965490 0.302641
vt 0.970842 0.271319
vt 0.966081 0.277976
vt 0.967531 0.275100
vt 0.968305 0.324089
vt 0.964287 0.281694
vt 0.964924 0.291537
vt 0.968929 0.265229
vt 0.966213 0.318002
vt 0.970752 0.338526
vt 0.963368 0.295361
vt 0.966585 0.328976
vt 0.969124 0.341530
vt 0.963896 0.313741
vt 0.963818 0.304641
vt 0.965038 0.327316
vt 0.963443 0.323078
vt 0.962210 0.307768
vt 0.965542 0.344518
vt 0.962618 0.316444
vt 0.961928 0.299852
vt 0.963865 0.346709
vt 0.963491 0.335794
vt 0.961453 0.329672
vt 0.960437 0.307450
vt 0.964345 0.354089
vt 0.961024 0.319994
vt 0.960773 0.299089
vt 0.960694 0.312813
vt 0.962468 0.352965
vt 0.962075 0.341386
vt 0.959832 0.339563
vt 0.959321 0.303505
vt 0.958659 0.305495
vt 0.962831 0.365275
vt 0.959456 0.324224
vt 0.958894 0.314868
vt 0.960904 0.359286
vt 0.958442 0.338873
vt 0.957304 0.317316
vt 0.958752 0.354477
vt 0.957865 0.327968
vt 0.956875 0.304884
vt 0.956957 0.349528
vt 0.956325 0.334314
vt 0.955288 0.312746
vt 0.958200 0.296966
vt 0.954954 0.297875
vt 0.956217 0.295048
vt 0.953613 0.308647
vt 0.957907 0.288135
vt 0.956132 0.285727
vt 0.959546 0.283862
vt 0.956722 0.287009
vt 0.957749 0.282902
vt 0.380260 0.350349
vt 0.380094 0.350557
vt 0.379578 0.359563
vt 0.396770 0.623313
vt 0.399071 0.611319
vt 0.398510 0.604809
vt 0.399454 0.614132
vt 0.402298 0.604941
vt 0.398302 0.632668
vt 0.401263 0.587849
vt 0.396281 0.610796
vt 0.401705 0.632119
vt 0.403805 0.620761
vt 0.398461 0.588372
vt 0.404195 0.591645
vt 0.395770 0.611450
vt 0.401880 0.638728
vt 0.405815 0.605581
vt 0.401069 0.584322
vt 0.396369 0.592389
vt 0.393754 0.601408
vt 0.403467 0.632058
vt 0.402982 0.626556
vt 0.406444 0.616434
vt 0.399869 0.564357
vt 0.398681 0.570476
vt 0.406025 0.596424
vt 0.403110 0.567676
vt 0.407249 0.635770
vt 0.401742 0.642731
vt 0.407135 0.618265
vt 0.395384 0.587857
vt 0.408252 0.586502
vt 0.405587 0.568945
vt 0.402370 0.648165
vt 0.406213 0.627377
vt 0.409731 0.601101
vt 0.397223 0.564590
vt 0.400530 0.557880
vt 0.391916 0.591331
vt 0.407998 0.593786
vt 0.405866 0.579520
vt 0.404146 0.566298
vt 0.405769 0.641878
vt 0.408706 0.610856
vt 0.397867 0.553329
vt 0.403587 0.548160
vt 0.393402 0.579214
vt 0.395587 0.564832
vt 0.410289 0.587739
vt 0.408398 0.570174
vt 0.405034 0.556101
vt 0.407791 0.649166
vt 0.402718 0.663533
vt 0.408140 0.624770
vt 0.411110 0.618185
vt 0.411905 0.604012
vt 0.400365 0.544020
vt 0.391113 0.582555
vt 0.410140 0.573301
vt 0.409646 0.550922
vt 0.408501 0.547644
vt 0.405195 0.653429
vt 0.409418 0.638767
vt 0.410672 0.631331
vt 0.414296 0.594380
vt 0.411317 0.594818
vt 0.394385 0.556283
vt 0.402967 0.537580
vt 0.391032 0.577488
vt 0.393510 0.574178
vt 0.411778 0.574287
vt 0.411228 0.564128
vt 0.411911 0.551514
vt 0.406288 0.543538
vt 0.405964 0.660818
vt 0.409437 0.644009
vt 0.405155 0.674078
vt 0.413289 0.614928
vt 0.412742 0.586002
vt 0.391301 0.562491
vt 0.395381 0.542255
vt 0.404729 0.526138
vt 0.401345 0.535643
vt 0.388946 0.571541
vt 0.391652 0.568197
vt 0.411895 0.558004
vt 0.412249 0.523726
vt 0.411892 0.540425
vt 0.406901 0.535678
vt 0.407093 0.679028
vt 0.411990 0.636274
vt 0.412330 0.651629
vt 0.412652 0.629856
vt 0.413457 0.622697
vt 0.415637 0.609093
vt 0.392787 0.555265
vt 0.393364 0.548656
vt 0.403384 0.518251
vt 0.401298 0.529419
vt 0.413507 0.564917
vt 0.408244 0.530360
vt 0.414458 0.535435
vt 0.409074 0.660993
vt 0.409551 0.657512
vt 0.414595 0.596040
vt 0.415353 0.577805
vt 0.392258 0.549371
vt 0.394885 0.539526
vt 0.398271 0.523168
vt 0.405004 0.520556
vt 0.415072 0.509587
vt 0.410056 0.514307
vt 0.415922 0.546808
vt 0.416095 0.540438
vt 0.409918 0.676413
vt 0.413078 0.637761
vt 0.414607 0.623745
vt 0.416562 0.599590
vt 0.389174 0.548019
vt 0.395139 0.528238
vt 0.401884 0.513211
vt 0.400744 0.507883
vt 0.414640 0.563667
vt 0.413404 0.504051
vt 0.416032 0.551841
vt 0.415369 0.524335
vt 0.410353 0.678802
vt 0.409540 0.687604
vt 0.415184 0.642532
vt 0.413652 0.662346
vt 0.407167 0.691339
vt 0.415541 0.637745
vt 0.417632 0.620251
vt 0.418417 0.616432
vt 0.417788 0.586662
vt 0.391486 0.535986
vt 0.396430 0.518012
vt 0.406424 0.515635
vt 0.415516 0.558135
vt 0.416658 0.560600
vt 0.414098 0.483135
vt 0.410845 0.494156
vt 0.420607 0.543142
vt 0.417821 0.526680
vt 0.418372 0.513572
vt 0.411470 0.669176
vt 0.414179 0.650507
vt 0.408821 0.694221
vt 0.416075 0.630241
vt 0.419601 0.607144
vt 0.420425 0.590675
vt 0.418907 0.575018
vt 0.386276 0.550640
vt 0.391226 0.529397
vt 0.391988 0.512939
vt 0.404272 0.496661
vt 0.408498 0.496520
vt 0.396966 0.507296
vt 0.417884 0.559050
vt 0.415424 0.486394
vt 0.417547 0.502786
vt 0.412834 0.672192
vt 0.416619 0.654972
vt 0.418825 0.627616
vt 0.421484 0.619844
vt 0.419352 0.584196
vt 0.387509 0.537398
vt 0.395191 0.503736
vt 0.400320 0.493189
vt 0.418346 0.485217
vt 0.411806 0.485619
vt 0.409102 0.482672
vt 0.418221 0.494715
vt 0.413478 0.686536
vt 0.409692 0.692695
vt 0.415360 0.668196
vt 0.422992 0.612795
vt 0.422622 0.598420
vt 0.421717 0.585389
vt 0.420809 0.555146
vt 0.385636 0.540851
vt 0.391108 0.528384
vt 0.394354 0.492096
vt 0.404991 0.480423
vt 0.406772 0.483575
vt 0.397586 0.500275
vt 0.419430 0.468972
vt 0.411338 0.472462
vt 0.421621 0.491610
vt 0.416125 0.669725
vt 0.420723 0.634758
vt 0.411225 0.709928
vt 0.423350 0.622279
vt 0.420966 0.569207
vt 0.386759 0.521308
vt 0.388181 0.526350
vt 0.389812 0.508867
vt 0.393129 0.494758
vt 0.401195 0.481283
vt 0.398336 0.486300
vt 0.423301 0.545344
vt 0.420936 0.461886
vt 0.416759 0.462368
vt 0.419329 0.674290
vt 0.419671 0.647511
vt 0.424490 0.614087
vt 0.424723 0.591562
vt 0.424113 0.569582
vt 0.423004 0.557052
vt 0.384148 0.532673
vt 0.383850 0.525895
vt 0.388739 0.519662
vt 0.396297 0.476524
vt 0.406658 0.464192
vt 0.403855 0.466528
vt 0.421044 0.482724
vt 0.418422 0.447399
vt 0.414415 0.462028
vt 0.414338 0.694850
vt 0.416147 0.682031
vt 0.419199 0.661259
vt 0.420943 0.639310
vt 0.425231 0.634359
vt 0.425318 0.616653
vt 0.425204 0.608175
vt 0.425926 0.602228
vt 0.386279 0.506592
vt 0.390567 0.497396
vt 0.392305 0.475299
vt 0.399831 0.476412
vt 0.425047 0.556655
vt 0.423562 0.474633
vt 0.422053 0.452192
vt 0.415459 0.448748
vt 0.412219 0.456111
vt 0.409394 0.452293
vt 0.413364 0.707599
vt 0.421936 0.663308
vt 0.419402 0.684883
vt 0.424470 0.641955
vt 0.419688 0.654173
vt 0.427321 0.605870
vt 0.426654 0.595879
vt 0.425884 0.584603
vt 0.382014 0.519622
vt 0.386011 0.494186
vt 0.391652 0.484185
vt 0.395643 0.465598
vt 0.400793 0.463719
vt 0.424143 0.456175
vt 0.420399 0.435136
vt 0.417242 0.435944
vt 0.424949 0.491291
vt 0.413933 0.447231
vt 0.416502 0.693175
vt 0.416291 0.707265
vt 0.420780 0.672329
vt 0.421856 0.654440
vt 0.426413 0.638601
vt 0.427067 0.621033
vt 0.428244 0.582788
vt 0.426236 0.570264
vt 0.388500 0.484927
vt 0.398792 0.461116
vt 0.390268 0.461336
vt 0.406382 0.438765
vt 0.401457 0.456128
vt 0.425212 0.461862
vt 0.424842 0.436841
vt 0.423190 0.430772
vt 0.424560 0.503718
vt 0.424225 0.474068
vt 0.409605 0.442632
vt 0.414604 0.412382
vt 0.415799 0.700409
vt 0.423975 0.673370
vt 0.424315 0.659543
vt 0.423104 0.683216
vt 0.418837 0.694263
vt 0.423897 0.648717
vt 0.428552 0.569164
vt 0.381489 0.499129
vt 0.387298 0.470560
vt 0.395833 0.457709
vt 0.394003 0.454497
vt 0.421037 0.419231
vt 0.416733 0.426377
vt 0.427132 0.481860
vt 0.411785 0.428638
vt 0.413970 0.715468
vt 0.420776 0.685458
vt 0.429688 0.625515
vt 0.384194 0.479053
vt 0.398430 0.447502
vt 0.394199 0.444215
vt 0.402127 0.448504
vt 0.408727 0.438313
vt 0.399211 0.435185
vt 0.427459 0.444040
vt 0.425554 0.401836
vt 0.418896 0.395559
vt 0.422407 0.397023
vt 0.412667 0.409494
vt 0.417426 0.389507
vt 0.415395 0.717972
vt 0.412769 0.724230
vt 0.425000 0.681910
vt 0.424979 0.663359
vt 0.420849 0.697320
vt 0.418851 0.700932
vt 0.420128 0.690700
vt 0.428670 0.634021
vt 0.426739 0.650479
vt 0.381183 0.479337
vt 0.386037 0.460200
vt 0.393220 0.430027
vt 0.403548 0.432758
vt 0.407543 0.417858
vt 0.429350 0.451302
vt 0.429793 0.440746
vt 0.428345 0.415924
vt 0.412315 0.403039
vt 0.416803 0.393269
vt 0.416221 0.711517
vt 0.412189 0.730289
vt 0.425084 0.689808
vt 0.422910 0.704508
vt 0.418221 0.706091
vt 0.429851 0.637572
vt 0.427443 0.644604
vt 0.377938 0.484022
vt 0.384369 0.473508
vt 0.387303 0.449391
vt 0.388356 0.436217
vt 0.394469 0.425563
vt 0.429080 0.428870
vt 0.424983 0.383430
vt 0.427655 0.424305
vt 0.428539 0.395800
vt 0.422406 0.379910
vt 0.421405 0.368176
vt 0.409839 0.402289
vt 0.414209 0.385258
vt 0.415142 0.731414
vt 0.420734 0.716348
vt 0.426468 0.694228
vt 0.426586 0.664757
vt 0.428340 0.651265
vt 0.419611 0.713538
vt 0.432404 0.622530
vt 0.378314 0.465639
vt 0.383064 0.457877
vt 0.398620 0.430341
vt 0.391506 0.417911
vt 0.396499 0.417303
vt 0.402886 0.421329
vt 0.430608 0.433621
vt 0.428649 0.391480
vt 0.429991 0.421597
vt 0.429999 0.401826
vt 0.418672 0.375677
vt 0.410146 0.391287
vt 0.416455 0.372738
vt 0.417895 0.723792
vt 0.427397 0.682892
vt 0.426930 0.674377
vt 0.421810 0.715211
vt 0.432035 0.628742
vt 0.375830 0.475631
vt 0.380406 0.462907
vt 0.386112 0.435160
vt 0.398945 0.413027
vt 0.390844 0.414378
vt 0.395695 0.396679
vt 0.395741 0.411046
vt 0.405389 0.408975
vt 0.432116 0.424598
vt 0.426883 0.374310
vt 0.431105 0.412022
vt 0.431856 0.386724
vt 0.419606 0.367046
vt 0.406301 0.401463
vt 0.411253 0.382274
vt 0.414119 0.381140
vt 0.418269 0.740691
vt 0.420437 0.725922
vt 0.426402 0.700592
vt 0.428365 0.689106
vt 0.423676 0.726082
vt 0.415590 0.747137
vt 0.431383 0.640011
vt 0.436946 0.624335
vt 0.429166 0.653699
vt 0.375490 0.456891
vt 0.384413 0.436332
vt 0.401092 0.416478
vt 0.402688 0.400101
vt 0.432866 0.434820
vt 0.428098 0.362328
vt 0.428193 0.380390
vt 0.426627 0.355851
vt 0.407833 0.385600
vt 0.416486 0.739663
vt 0.425406 0.712304
vt 0.428478 0.702448
vt 0.429227 0.679700
vt 0.432567 0.643306
vt 0.435671 0.634931
vt 0.377276 0.454830
vt 0.380768 0.442643
vt 0.387573 0.417209
vt 0.392047 0.395624
vt 0.404541 0.387371
vt 0.433948 0.425835
vt 0.430366 0.368607
vt 0.435175 0.412019
vt 0.433906 0.389862
vt 0.417642 0.361280
vt 0.423470 0.353069
vt 0.407282 0.372110
vt 0.413174 0.369915
vt 0.420100 0.738729
vt 0.421722 0.727752
vt 0.426149 0.706655
vt 0.428082 0.708213
vt 0.431714 0.686879
vt 0.429917 0.662717
vt 0.425657 0.722666
vt 0.433371 0.638004
vt 0.436752 0.637342
vt 0.373935 0.451445
vt 0.378055 0.448301
vt 0.383620 0.407337
vt 0.381245 0.428680
vt 0.387471 0.392676
vt 0.398923 0.394299
vt 0.394576 0.376074
vt 0.401331 0.398085
vt 0.401601 0.387331
vt 0.434658 0.445484
vt 0.431609 0.359990
vt 0.433777 0.368960
vt 0.414321 0.355822
vt 0.419356 0.343005
vt 0.430204 0.321425
vt 0.421155 0.350122
vt 0.411948 0.366989
vt 0.416080 0.748704
vt 0.418814 0.754081
vt 0.423113 0.731949
vt 0.426671 0.714814
vt 0.431075 0.706127
vt 0.430900 0.698126
vt 0.430663 0.678186
vt 0.431874 0.663600
vt 0.425637 0.736169
vt 0.373163 0.441314
vt 0.378597 0.427087
vt 0.384667 0.389905
vt 0.398702 0.371658
vt 0.390123 0.385577
vt 0.396329 0.357476
vt 0.400953 0.382521
vt 0.435525 0.437468
vt 0.437186 0.418911
vt 0.431488 0.349083
vt 0.435058 0.398278
vt 0.435980 0.367766
vt 0.424733 0.320317
vt 0.430978 0.334172
vt 0.422005 0.341193
vt 0.403735 0.362003
vt 0.410658 0.359780
vt 0.421290 0.741735
vt 0.430805 0.712612
vt 0.433175 0.689845
vt 0.433924 0.679913
vt 0.428041 0.727629
vt 0.428520 0.720503
vt 0.436423 0.646863
vt 0.433510 0.650344
vt 0.374431 0.432034
vt 0.380044 0.415448
vt 0.379146 0.405477
vt 0.385327 0.375344
vt 0.390787 0.374604
vt 0.402433 0.355896
vt 0.436895 0.443291
vt 0.436287 0.428052
vt 0.438968 0.404883
vt 0.433605 0.356121
vt 0.437187 0.397401
vt 0.435965 0.389441
vt 0.415561 0.343975
vt 0.423737 0.322445
vt 0.429577 0.302869
vt 0.432116 0.323270
vt 0.422866 0.331867
vt 0.411498 0.348911
vt 0.416875 0.753840
vt 0.421624 0.752669
vt 0.424175 0.741623
vt 0.431770 0.700980
vt 0.433270 0.713012
vt 0.429699 0.714956
vt 0.433980 0.700610
vt 0.436199 0.683108
vt 0.434253 0.671457
vt 0.434281 0.656604
vt 0.427692 0.729628
vt 0.371389 0.431169
vt 0.377312 0.427058
vt 0.379578 0.392725
vt 0.383059 0.368689
vt 0.387727 0.360056
vt 0.400173 0.349986
vt 0.392609 0.350092
vt 0.437765 0.433812
vt 0.439586 0.414552
vt 0.434129 0.346577
vt 0.432728 0.338712
vt 0.437724 0.364174
vt 0.435588 0.353637
vt 0.415971 0.335773
vt 0.421678 0.299942
vt 0.424694 0.290907
vt 0.431480 0.307985
vt 0.408737 0.347794
vt 0.425710 0.744236
vt 0.430764 0.718028
vt 0.428816 0.734779
vt 0.370486 0.444802
vt 0.373336 0.424122
vt 0.377584 0.417873
vt 0.375162 0.403232
vt 0.384285 0.355935
vt 0.395984 0.339850
vt 0.392582 0.341593
vt 0.439747 0.438102
vt 0.439986 0.394446
vt 0.438463 0.388424
vt 0.415957 0.331128
vt 0.420169 0.326431
vt 0.427280 0.286014
vt 0.432764 0.283871
vt 0.434737 0.323374
vt 0.433785 0.306821
vt 0.403616 0.347557
vt 0.411965 0.333861
vt 0.433704 0.729382
vt 0.436181 0.656301
vt 0.369025 0.420025
vt 0.388730 0.350266
vt 0.398160 0.333701
vt 0.435286 0.339518
vt 0.440797 0.368684
vt 0.436678 0.346168
vt 0.423759 0.277893
vt 0.428954 0.289701
vt 0.407011 0.330270
vt 0.411039 0.313660
vt 0.431398 0.728587
vt 0.372310 0.414652
vt 0.399188 0.301780
vt 0.401373 0.342614
vt 0.439241 0.363604
vt 0.438394 0.353507
vt 0.413309 0.322736
vt 0.417746 0.315138
vt 0.419847 0.308827
vt 0.419480 0.289907
vt 0.427319 0.266932
vt 0.434744 0.297338
vt 0.436104 0.304092
vt 0.405247 0.320341
vt 0.403945 0.315013
vt 0.437642 0.337149
vt 0.416375 0.313116
vt 0.417420 0.308401
vt 0.419755 0.297043
vt 0.422946 0.268931
vt 0.436261 0.279781
vt 0.438693 0.326550
vt 0.407254 0.310214
vt 0.413226 0.307722
vt 0.365285 0.411428
vt 0.404901 0.298713
vt 0.439180 0.342964
vt 0.420256 0.268478
vt 0.426619 0.254056
vt 0.434414 0.257978
vt 0.437533 0.294148
vt 0.434633 0.276693
vt 0.438192 0.312223
vt 0.407548 0.293797
vt 0.413037 0.290381
vt 0.443099 0.348103
vt 0.441024 0.323735
vt 0.417604 0.287560
vt 0.423741 0.255309
vt 0.430151 0.255476
vt 0.436337 0.256620
vt 0.438296 0.264892
vt 0.439821 0.315076
vt 0.405872 0.282513
vt 0.442017 0.333132
vt 0.415669 0.270086
vt 0.420947 0.250908
vt 0.429347 0.237663
vt 0.434395 0.250168
vt 0.440965 0.287429
vt 0.439333 0.274638
vt 0.442463 0.289524
vt 0.407652 0.268113
vt 0.411329 0.284217
vt 0.442945 0.316785
vt 0.416544 0.249215
vt 0.422093 0.236436
vt 0.425921 0.229008
vt 0.438981 0.238167
vt 0.439763 0.249802
vt 0.441242 0.268146
vt 0.407905 0.269723
vt 0.411660 0.259124
vt 0.429263 0.219631
vt 0.432178 0.231797
vt 0.436504 0.228575
vt 0.443606 0.276844
vt 0.442469 0.256363
vt 0.444965 0.309283
vt 0.417304 0.217717
vt 0.423830 0.215741
vt 0.432411 0.215169
vt 0.440244 0.223317
vt 0.440817 0.240253
vt 0.446261 0.271070
vt 0.442428 0.243914
vt 0.446314 0.295100
vt 0.420769 0.212062
vt 0.430920 0.190979
vt 0.425092 0.210551
vt 0.434085 0.213933
vt 0.441609 0.200642
vt 0.442025 0.231129
vt 0.445253 0.258569
vt 0.444123 0.252389
vt 0.421635 0.187890
vt 0.425739 0.199484
vt 0.434321 0.162111
vt 0.429182 0.199847
vt 0.435101 0.203188
vt 0.437483 0.203172
vt 0.443277 0.216227
vt 0.447246 0.284776
vt 0.447306 0.261528
vt 0.447257 0.243756
vt 0.435400 0.177029
vt 0.428710 0.159710
vt 0.427129 0.188217
vt 0.436830 0.179644
vt 0.445102 0.197066
vt 0.445131 0.218764
vt 0.449064 0.264404
vt 0.448418 0.252346
vt 0.446137 0.224422
vt 0.423326 0.174987
vt 0.438796 0.158397
vt 0.428506 0.165169
vt 0.442334 0.170200
vt 0.444378 0.184092
vt 0.450485 0.269818
vt 0.450093 0.221840
vt 0.447258 0.180997
vt 0.446852 0.201451
vt 0.451121 0.249178
vt 0.448500 0.210640
vt 0.441431 0.131589
vt 0.447280 0.146984
vt 0.452812 0.253299
vt 0.450494 0.201996
vt 0.452148 0.224105
vt 0.443166 0.144320
vt 0.449608 0.150820
vt 0.449118 0.177187
vt 0.453487 0.268142
vt 0.453912 0.244185
vt 0.444387 0.122107
vt 0.447527 0.139567
vt 0.450589 0.166440
vt 0.451029 0.186745
vt 0.454244 0.279582
vt 0.456773 0.255665
vt 0.453244 0.212925
vt 0.455064 0.233854
vt 0.445171 0.096755
vt 0.451898 0.126205
vt 0.453632 0.141832
vt 0.455435 0.184547
vt 0.454638 0.168791
vt 0.454725 0.205272
vt 0.457299 0.227638
vt 0.447027 0.098332
vt 0.449293 0.120611
vt 0.454212 0.150986
vt 0.456769 0.279939
vt 0.458236 0.245105
vt 0.457262 0.212725
vt 0.450807 0.104599
vt 0.454746 0.106412
vt 0.456708 0.177069
vt 0.457865 0.167622
vt 0.455400 0.299084
vt 0.458722 0.261312
vt 0.460488 0.250778
vt 0.459483 0.214673
vt 0.459300 0.231660
vt 0.457932 0.115571
vt 0.459335 0.190840
vt 0.459136 0.151442
vt 0.458990 0.280855
vt 0.460805 0.175489
vt 0.457059 0.146195
vt 0.459527 0.291477
vt 0.460276 0.266338
vt 0.462323 0.229247
vt 0.461630 0.200143
vt 0.458280 0.134356
vt 0.460980 0.279732
vt 0.456613 0.313106
vt 0.461523 0.269996
vt 0.463391 0.252048
vt 0.460859 0.307433
vt 0.465556 0.249789
vt 0.462749 0.287836
vt 0.464976 0.270605
vt 0.464069 0.306138
vt 0.467142 0.257128
vt 0.467740 0.272368
vt 0.461028 0.324059
vt 0.465211 0.296086
vt 0.468397 0.313437
vt 0.469144 0.294230
vt 0.464749 0.334122
vt 0.467561 0.336613
vt 0.466362 0.357165
vt 0.472196 0.319889
vt 0.469163 0.349506
vt 0.471513 0.333678
vt 0.470938 0.372094
vt 0.473518 0.382046
vt 0.379255 0.353655
vt 0.378763 0.361627
vt 0.378290 0.356469
vt 0.380980 0.329989
vt 0.380416 0.321724
vt 0.379557 0.327435
vt 0.381573 0.327019
vt 0.380139 0.334290
vt 0.382338 0.323711
vt 0.382930 0.331923
vt 0.382086 0.336032
vt 0.383749 0.328136
vt 0.383581 0.323877
vt 0.383146 0.341726
vt 0.383979 0.336149
vt 0.373963 0.043497
vt 0.376341 0.045285
vt 0.375547 0.041346
vt 0.375004 0.049170
vt 0.374624 0.033227
vt 0.374157 0.055947
vt 0.372916 0.039083
vt 0.374895 0.051425
vt 0.373238 0.049837
vt 0.374153 0.059875
vt 0.372478 0.057227
vt 0.371353 0.054960
vt 0.373755 0.064266
vt 0.370546 0.042270
vt 0.371788 0.065605
vt 0.373137 0.071952
vt 0.370347 0.053711
vt 0.369977 0.069594
vt 0.372165 0.078784
vt 0.371125 0.074291
vt 0.370709 0.083615
vt 0.400865 0.091709
vt 0.399363 0.086066
vt 0.398480 0.090732
vt 0.886636 0.273043
vt 0.886653 0.268583
vt 0.885159 0.272662
vt 0.696836 0.556694
vt 0.695332 0.539867
vt 0.694291 0.532000
vt 0.696381 0.571665
vt 0.693982 0.515366
vt 0.691221 0.537928
vt 0.695445 0.553997
vt 0.695190 0.572553
vt 0.690908 0.513843
vt 0.691136 0.532416
vt 0.690835 0.550426
vt 0.692922 0.578006
vt 0.692157 0.554561
vt 0.687997 0.545615
vt 0.692704 0.570638
vt 0.690994 0.493925
vt 0.690319 0.569819
vt 0.688218 0.558296
vt 0.689182 0.585679
vt 0.688947 0.495502
vt 0.688642 0.519424
vt 0.688769 0.568431
vt 0.686010 0.561628
vt 0.687980 0.595634
vt 0.689458 0.579614
vt 0.687902 0.483226
vt 0.686393 0.541610
vt 0.688428 0.571157
vt 0.684423 0.563440
vt 0.686072 0.591063
vt 0.688288 0.474769
vt 0.685723 0.492913
vt 0.687670 0.506288
vt 0.685849 0.531499
vt 0.683145 0.555201
vt 0.684526 0.569495
vt 0.686679 0.463082
vt 0.684302 0.484250
vt 0.686472 0.496494
vt 0.681385 0.564861
vt 0.682719 0.502988
vt 0.685250 0.512656
vt 0.681150 0.560530
vt 0.681617 0.499857
vt 0.682392 0.532469
vt 0.681103 0.544380
vt 0.679415 0.576447
vt 0.685998 0.442569
vt 0.683579 0.475574
vt 0.682452 0.525399
vt 0.680931 0.488512
vt 0.680427 0.513028
vt 0.679587 0.561602
vt 0.681388 0.460478
vt 0.681901 0.463949
vt 0.681010 0.526243
vt 0.678190 0.487302
vt 0.679135 0.526883
vt 0.676997 0.516539
vt 0.677121 0.544210
vt 0.677828 0.561270
vt 0.682152 0.409647
vt 0.682911 0.443149
vt 0.682704 0.425900
vt 0.680444 0.442831
vt 0.678408 0.473870
vt 0.675955 0.503626
vt 0.675810 0.529169
vt 0.675101 0.565293
vt 0.677939 0.453004
vt 0.677449 0.486236
vt 0.673768 0.499367
vt 0.676697 0.494990
vt 0.674513 0.521178
vt 0.674356 0.560340
vt 0.676245 0.577091
vt 0.680475 0.408793
vt 0.677068 0.436159
vt 0.676657 0.475618
vt 0.673803 0.529703
vt 0.672552 0.518442
vt 0.672908 0.554994
vt 0.679808 0.413719
vt 0.677101 0.427532
vt 0.674248 0.457823
vt 0.675231 0.469212
vt 0.672106 0.551283
vt 0.671893 0.514325
vt 0.671836 0.571353
vt 0.673875 0.585747
vt 0.676950 0.404620
vt 0.673357 0.442690
vt 0.675096 0.448798
vt 0.674402 0.479830
vt 0.670590 0.493777
vt 0.668017 0.514511
vt 0.670631 0.568319
vt 0.675352 0.422549
vt 0.678211 0.386127
vt 0.672837 0.482929
vt 0.670593 0.539522
vt 0.668153 0.525397
vt 0.672341 0.588312
vt 0.668134 0.580928
vt 0.669122 0.553070
vt 0.672781 0.408020
vt 0.675575 0.388000
vt 0.676267 0.373607
vt 0.673296 0.428439
vt 0.671499 0.471099
vt 0.669469 0.532649
vt 0.669925 0.493052
vt 0.666851 0.527562
vt 0.667531 0.565262
vt 0.670426 0.446222
vt 0.668735 0.475309
vt 0.668416 0.553548
vt 0.666485 0.488814
vt 0.666920 0.498412
vt 0.666032 0.517548
vt 0.666520 0.578596
vt 0.670910 0.404394
vt 0.671617 0.417243
vt 0.673646 0.389488
vt 0.665390 0.552890
vt 0.663255 0.538027
vt 0.665567 0.572379
vt 0.665908 0.590459
vt 0.665809 0.563485
vt 0.673296 0.374749
vt 0.669499 0.424944
vt 0.667924 0.469552
vt 0.664981 0.492990
vt 0.664150 0.520133
vt 0.667827 0.398314
vt 0.668771 0.434636
vt 0.668052 0.444214
vt 0.666887 0.467271
vt 0.663240 0.549500
vt 0.664577 0.561441
vt 0.660924 0.488854
vt 0.662459 0.516209
vt 0.663968 0.572051
vt 0.667339 0.424851
vt 0.667344 0.453717
vt 0.663820 0.472579
vt 0.660655 0.542644
vt 0.663105 0.558879
vt 0.662170 0.499868
vt 0.661993 0.525626
vt 0.663201 0.580753
vt 0.666997 0.408074
vt 0.662968 0.462128
vt 0.661022 0.532770
vt 0.661388 0.553527
vt 0.658498 0.515317
vt 0.659813 0.468510
vt 0.662658 0.571621
vt 0.665437 0.410236
vt 0.665304 0.449533
vt 0.661577 0.455403
vt 0.657307 0.525628
vt 0.658520 0.549398
vt 0.661051 0.568214
vt 0.658420 0.501405
vt 0.659234 0.480286
vt 0.662006 0.580887
vt 0.664031 0.436015
vt 0.663060 0.440570
vt 0.656850 0.534500
vt 0.656869 0.544723
vt 0.659524 0.561696
vt 0.655480 0.518055
vt 0.655801 0.469535
vt 0.661296 0.445200
vt 0.653929 0.535878
vt 0.656534 0.554280
vt 0.658029 0.557431
vt 0.657105 0.494769
vt 0.653871 0.487368
vt 0.658054 0.456416
vt 0.655033 0.551323
vt 0.657690 0.567104
vt 0.652801 0.476150
vt 0.655234 0.458495
vt 0.654410 0.515377
vt 0.653525 0.547811
vt 0.654453 0.561605
vt 0.656046 0.566068
vt 0.653603 0.468119
vt 0.648864 0.484262
vt 0.655897 0.450792
vt 0.651098 0.523058
vt 0.650947 0.545005
vt 0.655638 0.566632
vt 0.651921 0.502023
vt 0.650236 0.491116
vt 0.652065 0.514450
vt 0.651850 0.533397
vt 0.652952 0.556805
vt 0.653879 0.570234
vt 0.655900 0.572265
vt 0.647917 0.497474
vt 0.648837 0.511676
vt 0.648542 0.544899
vt 0.650974 0.555015
vt 0.652384 0.566126
vt 0.646907 0.536770
vt 0.649073 0.550983
vt 0.653335 0.578384
vt 0.645383 0.499825
vt 0.646511 0.521717
vt 0.646316 0.555565
vt 0.649378 0.558735
vt 0.651220 0.572564
vt 0.645409 0.511702
vt 0.645738 0.535415
vt 0.644615 0.549392
vt 0.647341 0.562853
vt 0.649596 0.586650
vt 0.643649 0.519256
vt 0.644904 0.572294
vt 0.646812 0.570982
vt 0.643820 0.510716
vt 0.643333 0.535498
vt 0.642174 0.560349
vt 0.642200 0.542326
vt 0.641563 0.532093
vt 0.646291 0.578800
vt 0.643287 0.571693
vt 0.640601 0.528335
vt 0.644935 0.583495
vt 0.641224 0.552359
vt 0.643148 0.578217
vt 0.640595 0.576010
vt 0.648521 0.591654
vt 0.638542 0.545494
vt 0.646349 0.595630
vt 0.644572 0.593568
vt 0.642056 0.591188
vt 0.635907 0.546292
vt 0.637916 0.552009
vt 0.639813 0.601823
vt 0.644192 0.607842
vt 0.642216 0.600778
vt 0.638628 0.571414
vt 0.637828 0.588735
vt 0.636080 0.573499
vt 0.638477 0.580303
vt 0.636735 0.603168
vt 0.642089 0.612478
vt 0.633749 0.554307
vt 0.636016 0.608649
vt 0.636291 0.592604
vt 0.640411 0.616611
vt 0.640997 0.625696
vt 0.635575 0.615890
vt 0.635039 0.590850
vt 0.638950 0.614090
vt 0.633057 0.558474
vt 0.636152 0.630584
vt 0.632899 0.611499
vt 0.637650 0.627818
vt 0.633251 0.570899
vt 0.632990 0.601667
vt 0.631650 0.566677
vt 0.631677 0.584727
vt 0.633483 0.595741
vt 0.631663 0.597721
vt 0.629206 0.584299
vt 0.629771 0.602071
vt 0.627802 0.597246
vt 0.374166 0.061670
vt 0.076615 0.792039
vt 0.076093 0.774256
vt 0.076051 0.762195
vt 0.078236 0.796686
vt 0.076338 0.783681
vt 0.078794 0.771215
vt 0.077198 0.766434
vt 0.079303 0.786594
vt 0.078114 0.801588
vt 0.078442 0.779828
vt 0.079349 0.759124
vt 0.078709 0.748586
vt 0.077794 0.728167
vt 0.080158 0.792637
vt 0.077024 0.805612
vt 0.080817 0.772845
vt 0.080081 0.740157
vt 0.077409 0.722964
vt 0.079026 0.734353
vt 0.081597 0.783502
vt 0.078436 0.808722
vt 0.077189 0.816131
vt 0.080468 0.798445
vt 0.081997 0.773211
vt 0.080530 0.720784
vt 0.081991 0.735441
vt 0.082700 0.786902
vt 0.081628 0.808730
vt 0.083301 0.799143
vt 0.082152 0.762637
vt 0.081521 0.759576
vt 0.082219 0.754887
vt 0.077475 0.716302
vt 0.082213 0.801623
vt 0.084525 0.756455
vt 0.082615 0.748685
vt 0.079541 0.710325
vt 0.084052 0.718066
vt 0.083952 0.779231
vt 0.083951 0.792192
vt 0.083806 0.806806
vt 0.085005 0.771453
vt 0.085311 0.745994
vt 0.077982 0.704742
vt 0.085400 0.726554
vt 0.084542 0.784202
vt 0.085381 0.796801
vt 0.085123 0.789890
vt 0.077717 0.703562
vt 0.084840 0.702071
vt 0.080125 0.701223
vt 0.086069 0.720686
vt 0.086286 0.781379
vt 0.085340 0.815838
vt 0.086987 0.753001
vt 0.077884 0.688363
vt 0.087082 0.732529
vt 0.084720 0.710069
vt 0.088408 0.728072
vt 0.086192 0.789062
vt 0.086765 0.806813
vt 0.090544 0.758414
vt 0.089037 0.748420
vt 0.087589 0.744844
vt 0.088058 0.706386
vt 0.081635 0.697660
vt 0.090019 0.725502
vt 0.086865 0.796384
vt 0.086847 0.819619
vt 0.088901 0.732409
vt 0.087719 0.699287
vt 0.084171 0.689782
vt 0.088246 0.714373
vt 0.087593 0.787115
vt 0.088046 0.794401
vt 0.087418 0.808325
vt 0.092218 0.749744
vt 0.088854 0.742433
vt 0.081430 0.689311
vt 0.090329 0.697644
vt 0.086992 0.688431
vt 0.092483 0.727953
vt 0.090894 0.716174
vt 0.091157 0.708758
vt 0.088472 0.782669
vt 0.088416 0.801722
vt 0.087419 0.815390
vt 0.091169 0.740011
vt 0.078216 0.674354
vt 0.079429 0.682332
vt 0.089732 0.690110
vt 0.089992 0.681084
vt 0.083395 0.678242
vt 0.086293 0.682823
vt 0.093045 0.720000
vt 0.089285 0.794063
vt 0.087920 0.811056
vt 0.093681 0.746317
vt 0.081090 0.679978
vt 0.094367 0.709507
vt 0.092011 0.684730
vt 0.095833 0.721097
vt 0.091092 0.783236
vt 0.089790 0.804202
vt 0.088603 0.809695
vt 0.088420 0.814572
vt 0.094190 0.753432
vt 0.080756 0.670812
vt 0.094651 0.701242
vt 0.092600 0.695014
vt 0.090130 0.667945
vt 0.086558 0.674847
vt 0.094411 0.738203
vt 0.095110 0.729729
vt 0.096340 0.712052
vt 0.090654 0.795439
vt 0.087226 0.819131
vt 0.095067 0.745896
vt 0.080038 0.668125
vt 0.093719 0.693093
vt 0.092153 0.677376
vt 0.090672 0.672745
vt 0.085950 0.658087
vt 0.086764 0.666670
vt 0.096381 0.727686
vt 0.097100 0.718658
vt 0.091701 0.791484
vt 0.091019 0.799639
vt 0.090440 0.811295
vt 0.089215 0.814831
vt 0.088584 0.819823
vt 0.095345 0.757150
vt 0.078682 0.660322
vt 0.097226 0.702656
vt 0.093653 0.681642
vt 0.092924 0.652777
vt 0.095670 0.736039
vt 0.095502 0.744381
vt 0.097529 0.726085
vt 0.096617 0.731244
vt 0.098288 0.717468
vt 0.096183 0.749039
vt 0.081305 0.654390
vt 0.097832 0.709825
vt 0.096336 0.688465
vt 0.094804 0.675452
vt 0.089890 0.659293
vt 0.094334 0.664206
vt 0.086894 0.654124
vt 0.096048 0.737812
vt 0.094076 0.793434
vt 0.091525 0.805540
vt 0.090325 0.816655
vt 0.090182 0.822742
vt 0.096140 0.755221
vt 0.083351 0.650455
vt 0.080896 0.651822
vt 0.099084 0.708861
vt 0.096608 0.689574
vt 0.091384 0.647322
vt 0.097836 0.657718
vt 0.098127 0.730794
vt 0.096918 0.740798
vt 0.091949 0.811578
vt 0.095560 0.764007
vt 0.083093 0.642744
vt 0.079903 0.643518
vt 0.077256 0.631337
vt 0.098575 0.701039
vt 0.098014 0.694586
vt 0.098771 0.685947
vt 0.098546 0.671087
vt 0.096661 0.668627
vt 0.094654 0.636817
vt 0.097129 0.649138
vt 0.084458 0.649059
vt 0.090064 0.635394
vt 0.099551 0.719195
vt 0.093841 0.803976
vt 0.093023 0.808654
vt 0.091589 0.818131
vt 0.096401 0.760843
vt 0.096813 0.746963
vt 0.077900 0.637999
vt 0.099494 0.701285
vt 0.099536 0.676496
vt 0.095280 0.647668
vt 0.099178 0.654479
vt 0.086631 0.642521
vt 0.097744 0.738846
vt 0.099483 0.726858
vt 0.100382 0.711696
vt 0.096092 0.769068
vt 0.085542 0.625584
vt 0.079233 0.634914
vt 0.099564 0.694078
vt 0.100175 0.685397
vt 0.100629 0.665541
vt 0.092067 0.630444
vt 0.098214 0.628940
vt 0.100096 0.644532
vt 0.086109 0.634880
vt 0.098695 0.732578
vt 0.097103 0.772854
vt 0.097095 0.753598
vt 0.098065 0.745365
vt 0.082070 0.627916
vt 0.080573 0.631851
vt 0.080518 0.615747
vt 0.101120 0.699540
vt 0.101164 0.682661
vt 0.102336 0.673026
vt 0.089450 0.629690
vt 0.094574 0.625137
vt 0.096959 0.615983
vt 0.099236 0.640514
vt 0.100861 0.650558
vt 0.098902 0.740723
vt 0.100549 0.718906
vt 0.097898 0.765457
vt 0.097535 0.781739
vt 0.089225 0.622361
vt 0.081700 0.619625
vt 0.101502 0.709539
vt 0.100695 0.694281
vt 0.102949 0.660959
vt 0.092096 0.614508
vt 0.099474 0.609470
vt 0.101397 0.624828
vt 0.103714 0.634329
vt 0.103613 0.651554
vt 0.099935 0.733176
vt 0.101154 0.726163
vt 0.098197 0.773176
vt 0.098746 0.779149
vt 0.098463 0.757938
vt 0.086213 0.615305
vt 0.085625 0.608150
vt 0.084309 0.607347
vt 0.079891 0.608726
vt 0.101789 0.691624
vt 0.102507 0.685269
vt 0.103674 0.669893
vt 0.095290 0.615258
vt 0.099528 0.605056
vt 0.103100 0.629550
vt 0.103769 0.643810
vt 0.099096 0.745077
vt 0.100424 0.744493
vt 0.099490 0.771366
vt 0.099280 0.783557
vt 0.099537 0.755122
vt 0.098935 0.764646
vt 0.089764 0.609062
vt 0.079240 0.600885
vt 0.102943 0.691665
vt 0.103968 0.676222
vt 0.104802 0.665122
vt 0.104812 0.657020
vt 0.093691 0.606306
vt 0.103590 0.611579
vt 0.102288 0.621671
vt 0.104964 0.625133
vt 0.106256 0.636545
vt 0.105877 0.645652
vt 0.101441 0.733408
vt 0.102551 0.713573
vt 0.100027 0.776355
vt 0.100236 0.762255
vt 0.087705 0.598466
vt 0.083813 0.596790
vt 0.077721 0.594861
vt 0.103500 0.704525
vt 0.103855 0.682795
vt 0.091541 0.606501
vt 0.104208 0.613933
vt 0.102412 0.596347
vt 0.105524 0.632520
vt 0.100918 0.751685
vt 0.101538 0.743752
vt 0.101970 0.763049
vt 0.101620 0.778033
vt 0.090442 0.602905
vt 0.085529 0.583277
vt 0.078369 0.587755
vt 0.104205 0.695077
vt 0.104883 0.676929
vt 0.106174 0.662153
vt 0.104936 0.672104
vt 0.108087 0.650035
vt 0.097830 0.591382
vt 0.092945 0.603308
vt 0.104627 0.600694
vt 0.100827 0.592554
vt 0.103842 0.588342
vt 0.105722 0.611508
vt 0.107995 0.642343
vt 0.103521 0.725929
vt 0.102417 0.734833
vt 0.101538 0.759189
vt 0.094154 0.590979
vt 0.088155 0.587968
vt 0.082720 0.583531
vt 0.081146 0.586827
vt 0.104981 0.686712
vt 0.106233 0.668151
vt 0.095772 0.596650
vt 0.094355 0.599961
vt 0.106382 0.622437
vt 0.109649 0.638338
vt 0.103128 0.751443
vt 0.104021 0.743262
vt 0.102787 0.767854
vt 0.102852 0.756887
vt 0.088788 0.579454
vt 0.082191 0.577590
vt 0.106227 0.678837
vt 0.107481 0.658292
vt 0.100068 0.586562
vt 0.107991 0.596304
vt 0.108198 0.582123
vt 0.101517 0.583290
vt 0.107808 0.619665
vt 0.109100 0.624022
vt 0.108869 0.632658
vt 0.104554 0.734203
vt 0.104148 0.761730
vt 0.103442 0.773142
vt 0.094176 0.572520
vt 0.086274 0.576777
vt 0.085289 0.566635
vt 0.079023 0.582976
vt 0.106197 0.673059
vt 0.106603 0.690012
vt 0.108875 0.655399
vt 0.107642 0.665439
vt 0.109998 0.648559
vt 0.097892 0.577325
vt 0.095787 0.580695
vt 0.108817 0.600310
vt 0.105836 0.577759
vt 0.103756 0.577589
vt 0.108262 0.612928
vt 0.112102 0.627247
vt 0.105005 0.748724
vt 0.104184 0.755484
vt 0.106703 0.739906
vt 0.105206 0.765118
vt 0.090020 0.570772
vt 0.082201 0.567636
vt 0.107484 0.668748
vt 0.107329 0.673061
vt 0.107833 0.679043
vt 0.108998 0.661981
vt 0.111336 0.645396
vt 0.106787 0.568766
vt 0.101059 0.573938
vt 0.111102 0.612162
vt 0.113492 0.632373
vt 0.105775 0.754265
vt 0.079377 0.566768
vt 0.106028 0.758636
vt 0.092824 0.560684
vt 0.085445 0.558232
vt 0.107397 0.669918
vt 0.109372 0.690467
vt 0.109399 0.662376
vt 0.112742 0.642005
vt 0.110258 0.657194
vt 0.111390 0.604257
vt 0.111824 0.572495
vt 0.108875 0.566590
vt 0.103939 0.564082
vt 0.113285 0.617432
vt 0.114809 0.629726
vt 0.096729 0.567523
vt 0.088862 0.554945
vt 0.087528 0.562400
vt 0.083268 0.545949
vt 0.108724 0.668892
vt 0.108934 0.677673
vt 0.111537 0.653333
vt 0.101203 0.567019
vt 0.111071 0.596565
vt 0.113268 0.582165
vt 0.110370 0.563123
vt 0.108967 0.558831
vt 0.115112 0.603728
vt 0.113061 0.600528
vt 0.115830 0.620596
vt 0.114234 0.641640
vt 0.081573 0.552823
vt 0.079482 0.544170
vt 0.095048 0.550500
vt 0.091012 0.544666
vt 0.086651 0.546482
vt 0.110234 0.681293
vt 0.113304 0.573176
vt 0.111870 0.559509
vt 0.101730 0.556194
vt 0.116565 0.626797
vt 0.115708 0.640689
vt 0.099214 0.556133
vt 0.094140 0.547387
vt 0.085492 0.538752
vt 0.110042 0.664530
vt 0.110074 0.670078
vt 0.111387 0.655407
vt 0.112549 0.593874
vt 0.116521 0.581853
vt 0.114085 0.558470
vt 0.111545 0.547347
vt 0.104834 0.554824
vt 0.118046 0.599490
vt 0.114101 0.591563
vt 0.117919 0.623983
vt 0.097835 0.543936
vt 0.090821 0.535906
vt 0.093638 0.537940
vt 0.090991 0.529002
vt 0.079445 0.532926
vt 0.111469 0.671520
vt 0.112766 0.651667
vt 0.116881 0.576226
vt 0.116791 0.566712
vt 0.102319 0.540427
vt 0.100556 0.549805
vt 0.116486 0.600429
vt 0.115981 0.593111
vt 0.096848 0.527798
vt 0.086156 0.527595
vt 0.083591 0.523929
vt 0.111236 0.663449
vt 0.118023 0.589577
vt 0.116436 0.549386
vt 0.111520 0.539368
vt 0.107810 0.546257
vt 0.105061 0.539203
vt 0.101891 0.536995
vt 0.098456 0.537143
vt 0.094442 0.522927
vt 0.087637 0.523983
vt 0.082161 0.518908
vt 0.112044 0.669550
vt 0.112880 0.657978
vt 0.119357 0.570613
vt 0.118498 0.580762
vt 0.117202 0.532744
vt 0.115732 0.535272
vt 0.106581 0.535741
vt 0.119414 0.594445
vt 0.078620 0.517756
vt 0.099902 0.523228
vt 0.091033 0.517072
vt 0.100582 0.508938
vt 0.089126 0.520270
vt 0.086197 0.510418
vt 0.112988 0.664272
vt 0.114348 0.650135
vt 0.119015 0.562350
vt 0.119483 0.552864
vt 0.110456 0.522979
vt 0.111929 0.533140
vt 0.105316 0.526618
vt 0.120010 0.604386
vt 0.101705 0.518897
vt 0.094719 0.516914
vt 0.097838 0.507590
vt 0.082468 0.506176
vt 0.080964 0.511019
vt 0.115765 0.651635
vt 0.122282 0.557518
vt 0.120987 0.575465
vt 0.120111 0.535432
vt 0.115440 0.524504
vt 0.113128 0.528439
vt 0.106301 0.518775
vt 0.121021 0.593950
vt 0.091173 0.499077
vt 0.101995 0.492085
vt 0.086190 0.507516
vt 0.082628 0.493946
vt 0.115868 0.648820
vt 0.122565 0.563068
vt 0.120500 0.585158
vt 0.117814 0.515945
vt 0.109068 0.520583
vt 0.106176 0.508304
vt 0.123007 0.601000
vt 0.089920 0.508334
vt 0.095167 0.505527
vt 0.097204 0.498460
vt 0.087578 0.491583
vt 0.084974 0.489572
vt 0.124608 0.560528
vt 0.124314 0.566849
vt 0.122074 0.582057
vt 0.122713 0.509313
vt 0.114771 0.515597
vt 0.111315 0.513434
vt 0.093758 0.499171
vt 0.106424 0.487179
vt 0.100753 0.485129
vt 0.123501 0.577783
vt 0.115177 0.503611
vt 0.109466 0.500529
vt 0.124080 0.588889
vt 0.078784 0.484359
vt 0.090041 0.486551
vt 0.106041 0.484077
vt 0.099550 0.484952
vt 0.089968 0.478261
vt 0.083533 0.484111
vt 0.125501 0.564163
vt 0.124950 0.573250
vt 0.112307 0.502222
vt 0.124418 0.595484
vt 0.080019 0.473115
vt 0.093743 0.481727
vt 0.110880 0.486312
vt 0.108990 0.478362
vt 0.103232 0.474541
vt 0.096993 0.479796
vt 0.087011 0.474598
vt 0.085475 0.478586
vt 0.126019 0.587673
vt 0.093151 0.480706
vt 0.110232 0.458130
vt 0.101431 0.473084
vt 0.098467 0.477023
vt 0.105452 0.469912
vt 0.088556 0.470655
vt 0.082364 0.465920
vt 0.126673 0.576377
vt 0.113575 0.499367
vt 0.094614 0.458215
vt 0.114652 0.469714
vt 0.116384 0.453265
vt 0.104497 0.458163
vt 0.098879 0.464274
vt 0.091045 0.464818
vt 0.084670 0.467718
vt 0.114223 0.448192
vt 0.087156 0.462574
vt 0.082276 0.443428
vt 0.128342 0.579331
vt 0.094892 0.456845
vt 0.093881 0.442477
vt 0.108199 0.452260
vt 0.109673 0.446287
vt 0.101449 0.446996
vt 0.081617 0.455983
vt 0.096332 0.454349
vt 0.105696 0.447595
vt 0.113577 0.435136
vt 0.103531 0.442827
vt 0.085335 0.441538
vt 0.090186 0.445512
vt 0.079650 0.426847
vt 0.109723 0.439489
vt 0.105450 0.430554
vt 0.101087 0.443830
vt 0.084344 0.423635
vt 0.091249 0.430846
vt 0.106967 0.428345
vt 0.111772 0.421683
vt 0.088895 0.422398
vt 0.087877 0.439570
vt 0.096819 0.435081
vt 0.084007 0.415771
vt 0.110104 0.425958
vt 0.102137 0.426334
vt 0.085557 0.408880
vt 0.092669 0.426673
vt 0.081816 0.407958
vt 0.098971 0.415626
vt 0.088396 0.401437
vt 0.094399 0.408978
vt 0.095610 0.418573
vt 0.096621 0.427271
vt 0.099151 0.407458
vt 0.101940 0.412707
vt 0.089557 0.412141
vt 0.081734 0.397005
vt 0.091312 0.407360
vt 0.744488 0.591016
vt 0.743183 0.603354
vt 0.745153 0.603185
vt 0.742784 0.594439
vt 0.742022 0.578753
vt 0.740787 0.592629
vt 0.743950 0.574835
vt 0.742929 0.560389
vt 0.740640 0.581426
vt 0.740883 0.564112
vt 0.740907 0.547117
vt 0.738872 0.550610
vt 0.742162 0.537528
vt 0.739811 0.532170
vt 0.741302 0.520548
vt 0.738053 0.535940
vt 0.739233 0.519943
vt 0.736451 0.546632
vt 0.739168 0.508600
vt 0.737444 0.522073
vt 0.735942 0.536847
vt 0.740126 0.500433
vt 0.735684 0.526479
vt 0.738117 0.495942
vt 0.736213 0.498324
vt 0.734469 0.535670
vt 0.739400 0.485345
vt 0.734614 0.500508
vt 0.733513 0.519528
vt 0.733251 0.546874
vt 0.741002 0.478404
vt 0.737063 0.483371
vt 0.732195 0.531371
vt 0.739275 0.479508
vt 0.733472 0.478450
vt 0.733025 0.509005
vt 0.731475 0.516030
vt 0.730847 0.541660
vt 0.740691 0.468269
vt 0.734986 0.471677
vt 0.731745 0.482189
vt 0.732359 0.496295
vt 0.730237 0.527522
vt 0.738865 0.467581
vt 0.736711 0.468610
vt 0.734160 0.458346
vt 0.731044 0.466560
vt 0.729308 0.508577
vt 0.728641 0.539966
vt 0.740102 0.456686
vt 0.732386 0.463641
vt 0.730012 0.481277
vt 0.730571 0.501119
vt 0.728984 0.514813
vt 0.728352 0.523872
vt 0.738066 0.453889
vt 0.736293 0.455754
vt 0.732235 0.451710
vt 0.730638 0.457425
vt 0.729474 0.463751
vt 0.739402 0.441107
vt 0.735750 0.445409
vt 0.733398 0.437753
vt 0.737850 0.445262
vt 0.735172 0.433156
vt 0.731740 0.440278
vt 0.730266 0.448514
vt 0.738872 0.429939
vt 0.732999 0.429226
vt 0.727013 0.453712
vt 0.736425 0.421139
vt 0.734681 0.422373
vt 0.732531 0.422104
vt 0.729985 0.441240
vt 0.728398 0.446496
vt 0.738402 0.418963
vt 0.734280 0.413443
vt 0.731323 0.426818
vt 0.727891 0.441257
vt 0.735860 0.406728
vt 0.734176 0.404685
vt 0.732293 0.416227
vt 0.729802 0.435713
vt 0.737429 0.397043
vt 0.730806 0.421432
vt 0.729606 0.427441
vt 0.735475 0.398440
vt 0.733610 0.399397
vt 0.732227 0.409485
vt 0.727933 0.435615
vt 0.736822 0.386554
vt 0.728059 0.432982
vt 0.738054 0.387719
vt 0.734944 0.387112
vt 0.733431 0.394024
vt 0.726505 0.437481
vt 0.736765 0.383019
vt 0.734840 0.384278
vt 0.728079 0.430969
vt 0.729518 0.426992
vt 0.894839 0.271028
vt 0.894555 0.277401
vt 0.895168 0.271883
vt 0.947526 0.275048
vt 0.948044 0.284246
vt 0.948831 0.286120
vt 0.947521 0.163161
vt 0.947926 0.173170
vt 0.949689 0.170225
vt 0.945416 0.158864
vt 0.948985 0.181889
vt 0.945727 0.186892
vt 0.951725 0.187853
vt 0.947602 0.188542
vt 0.944629 0.172146
vt 0.949522 0.192923
vt 0.943909 0.187039
vt 0.943824 0.164520
vt 0.946082 0.200693
vt 0.951131 0.200717
vt 0.948021 0.202468
vt 0.942896 0.179389
vt 0.944938 0.199627
vt 0.942157 0.170146
vt 0.949732 0.202404
vt 0.942001 0.196479
vt 0.944124 0.198946
vt 0.941878 0.159983
vt 0.946818 0.210645
vt 0.944528 0.206787
vt 0.949683 0.211179
vt 0.948203 0.213011
vt 0.941109 0.189323
vt 0.940572 0.178561
vt 0.950953 0.206730
vt 0.941178 0.204796
vt 0.942091 0.205737
vt 0.939524 0.166010
vt 0.946227 0.220006
vt 0.950101 0.220012
vt 0.939548 0.199502
vt 0.938682 0.189699
vt 0.942016 0.214078
vt 0.948485 0.219932
vt 0.942820 0.223228
vt 0.940240 0.212352
vt 0.936851 0.165886
vt 0.947400 0.225158
vt 0.944505 0.228863
vt 0.948763 0.226599
vt 0.938616 0.207894
vt 0.937065 0.202409
vt 0.940038 0.220023
vt 0.935303 0.161229
vt 0.946873 0.228520
vt 0.942572 0.230695
vt 0.946027 0.234284
vt 0.950553 0.234423
vt 0.937663 0.217523
vt 0.935262 0.192991
vt 0.941640 0.228598
vt 0.944269 0.237024
vt 0.949068 0.233715
vt 0.935522 0.210349
vt 0.939540 0.225723
vt 0.940556 0.232775
vt 0.933396 0.174057
vt 0.947540 0.239804
vt 0.940823 0.239043
vt 0.943824 0.246413
vt 0.945294 0.242175
vt 0.949618 0.243492
vt 0.934108 0.206177
vt 0.937424 0.224365
vt 0.933935 0.191541
vt 0.946604 0.248033
vt 0.942560 0.237240
vt 0.944872 0.255665
vt 0.951023 0.242603
vt 0.933389 0.214288
vt 0.932760 0.200342
vt 0.939205 0.231556
vt 0.938143 0.239576
vt 0.931690 0.185419
vt 0.948109 0.253219
vt 0.942163 0.250759
vt 0.944578 0.262620
vt 0.946198 0.255208
vt 0.950361 0.257556
vt 0.935215 0.219597
vt 0.937574 0.232668
vt 0.939007 0.240933
vt 0.947370 0.261325
vt 0.943648 0.256846
vt 0.946085 0.261736
vt 0.951753 0.256244
vt 0.936497 0.231928
vt 0.932070 0.206971
vt 0.933339 0.221188
vt 0.937318 0.236749
vt 0.938187 0.247324
vt 0.948771 0.265459
vt 0.940580 0.254520
vt 0.943108 0.263458
vt 0.945971 0.268187
vt 0.944165 0.268756
vt 0.947073 0.268184
vt 0.950636 0.268639
vt 0.936148 0.237653
vt 0.936893 0.242685
vt 0.941800 0.257789
vt 0.951912 0.269730
vt 0.934952 0.231746
vt 0.931002 0.210820
vt 0.937374 0.246837
vt 0.938646 0.253609
vt 0.948579 0.274228
vt 0.941495 0.261832
vt 0.942918 0.266577
vt 0.946314 0.274121
vt 0.949854 0.279506
vt 0.950774 0.275293
vt 0.932162 0.221862
vt 0.935627 0.239107
vt 0.940129 0.257370
vt 0.948365 0.279132
vt 0.943936 0.271743
vt 0.950969 0.279932
vt 0.933588 0.232806
vt 0.931056 0.216585
vt 0.934489 0.236837
vt 0.949407 0.286531
vt 0.946523 0.279502
vt 0.946347 0.283163
vt 0.950893 0.291370
vt 0.949561 0.292185
vt 0.948082 0.291067
vt 0.949504 0.295650
vt 0.950764 0.298028
vt 0.949852 0.296418
vt 0.951737 0.301526
vt 0.951136 0.309029
vt 0.951348 0.302774
vt 0.130332 0.546955
vt 0.129370 0.552311
vt 0.129684 0.561367
vt 0.128555 0.542406
vt 0.128016 0.556305
vt 0.129485 0.534764
vt 0.128766 0.565557
vt 0.127385 0.547090
vt 0.130670 0.532932
vt 0.127955 0.569461
vt 0.128955 0.574188
vt 0.126770 0.541101
vt 0.131103 0.519712
vt 0.131061 0.541965
vt 0.126634 0.560807
vt 0.127469 0.523853
vt 0.131589 0.528135
vt 0.128418 0.511221
vt 0.127334 0.572719
vt 0.125834 0.519320
vt 0.132213 0.514302
vt 0.131770 0.537006
vt 0.127232 0.511565
vt 0.124420 0.538084
vt 0.132785 0.523570
vt 0.124999 0.507591
vt 0.125821 0.542710
vt 0.133845 0.517064
vt 0.133285 0.532567
vt 0.123169 0.523482
vt 0.124810 0.547596
vt 0.133894 0.519142
vt 0.122281 0.535268
vt 0.122069 0.548016
vt 0.646281 0.324073
vt 0.645720 0.310777
vt 0.645686 0.317730
vt 0.646188 0.332936
vt 0.646868 0.333565
vt 0.647252 0.346179
vt 0.647463 0.344589
vt 0.647587 0.354990
vt 0.647313 0.336750
vt 0.647658 0.350936
vt 0.646753 0.328954
vt 0.395142 0.280094
vt 0.397748 0.292740
vt 0.396353 0.284286
vt 0.397949 0.279913
vt 0.399571 0.282344
vt 0.397764 0.274373
vt 0.399007 0.275495
vt 0.396557 0.272162
vt 0.401897 0.265914
vt 0.397402 0.266515
vt 0.395823 0.268835
vt 0.399922 0.268397
vt 0.400437 0.263917
vt 0.396655 0.260629
vt 0.399026 0.262004
vt 0.400065 0.257667
vt 0.398636 0.255267
vt 0.394664 0.265060
vt 0.402448 0.261027
vt 0.397346 0.253230
vt 0.395361 0.258803
vt 0.402915 0.255891
vt 0.403726 0.264120
vt 0.398068 0.243286
vt 0.396047 0.248944
vt 0.394388 0.252511
vt 0.399875 0.243012
vt 0.404920 0.258941
vt 0.400653 0.251424
vt 0.405022 0.268818
vt 0.393613 0.255003
vt 0.398685 0.234757
vt 0.396662 0.234152
vt 0.395353 0.248916
vt 0.398217 0.230337
vt 0.399852 0.225781
vt 0.397242 0.222253
vt 0.399229 0.218603
vt 0.396009 0.227622
vt 0.397439 0.212541
vt 0.395943 0.235382
vt 0.395149 0.223426
vt 0.395876 0.213046
vt 0.399008 0.211139
vt 0.394450 0.229479
vt 0.396503 0.200204
vt 0.397831 0.202514
vt 0.395289 0.241450
vt 0.393796 0.215986
vt 0.394508 0.203275
vt 0.393755 0.235156
vt 0.393115 0.224603
vt 0.395042 0.194864
vt 0.396671 0.190805
vt 0.394556 0.247868
vt 0.392463 0.221743
vt 0.392337 0.206538
vt 0.393716 0.190732
vt 0.393089 0.242370
vt 0.392435 0.230952
vt 0.393025 0.199748
vt 0.393723 0.252743
vt 0.391760 0.218451
vt 0.391110 0.226815
vt 0.391710 0.195402
vt 0.392438 0.250129
vt 0.391325 0.236077
vt 0.390314 0.214509
vt 0.390984 0.204666
vt 0.389909 0.189852
vt 0.392263 0.253812
vt 0.389705 0.224392
vt 0.390681 0.185465
vt 0.389840 0.242650
vt 0.389298 0.199213
vt 0.390432 0.174742
vt 0.387213 0.177547
vt 0.387996 0.202502
vt 0.386266 0.191661
vt 0.389943 0.162847
vt 0.387690 0.185408
vt 0.961639 0.293401
vt 0.960955 0.293812
vt 0.912690 0.304344
vt 0.917975 0.304767
vt 0.912315 0.298124
vt 0.908764 0.303314
vt 0.919503 0.311114
vt 0.914905 0.294934
vt 0.914307 0.297586
vt 0.909212 0.289528
vt 0.917869 0.299410
vt 0.915383 0.289538
vt 0.911902 0.285330
vt 0.910001 0.284348
vt 0.920937 0.299242
vt 0.913205 0.282068
vt 0.908460 0.279295
vt 0.919943 0.312592
vt 0.922229 0.310341
vt 0.918759 0.293492
vt 0.917826 0.283651
vt 0.912533 0.270635
vt 0.910520 0.277352
vt 0.923213 0.309257
vt 0.922282 0.288558
vt 0.915200 0.275647
vt 0.910694 0.270096
vt 0.906909 0.272036
vt 0.919713 0.283390
vt 0.918138 0.275067
vt 0.914502 0.264322
vt 0.922524 0.280856
vt 0.919933 0.275293
vt 0.915040 0.268417
vt 0.908951 0.260515
vt 0.913317 0.258102
vt 0.924741 0.315764
vt 0.923694 0.286756
vt 0.910063 0.258756
vt 0.915238 0.259881
vt 0.924881 0.307601
vt 0.924241 0.275279
vt 0.923669 0.299388
vt 0.921184 0.270372
vt 0.917764 0.268175
vt 0.912988 0.244873
vt 0.910971 0.248546
vt 0.927146 0.310198
vt 0.925562 0.281818
vt 0.923040 0.273892
vt 0.924722 0.296307
vt 0.919238 0.267434
vt 0.916070 0.251678
vt 0.910591 0.241321
vt 0.926025 0.272591
vt 0.920427 0.255712
vt 0.915655 0.245530
vt 0.912165 0.238389
vt 0.925991 0.295592
vt 0.926010 0.264740
vt 0.923461 0.266095
vt 0.921872 0.257507
vt 0.917698 0.256353
vt 0.918171 0.235724
vt 0.914196 0.232643
vt 0.912632 0.230496
vt 0.927809 0.299165
vt 0.927662 0.286136
vt 0.926473 0.255711
vt 0.921289 0.246849
vt 0.918660 0.237968
vt 0.927067 0.292990
vt 0.927233 0.272924
vt 0.924202 0.249770
vt 0.928163 0.269455
vt 0.921979 0.245101
vt 0.918068 0.226936
vt 0.916177 0.224037
vt 0.925501 0.247985
vt 0.926870 0.248279
vt 0.921289 0.225360
vt 0.914514 0.213917
vt 0.925874 0.238970
vt 0.922789 0.238407
vt 0.918562 0.216567
vt 0.917264 0.220408
vt 0.916454 0.214298
vt 0.912761 0.208587
vt 0.924095 0.231466
vt 0.920848 0.212381
vt 0.915634 0.208164
vt 0.913146 0.201883
vt 0.926971 0.223770
vt 0.919774 0.196873
vt 0.916734 0.206168
vt 0.914358 0.197651
vt 0.911199 0.192127
vt 0.924166 0.204565
vt 0.913114 0.189458
vt 0.925389 0.214373
vt 0.922694 0.190278
vt 0.916410 0.190626
vt 0.915184 0.191397
vt 0.912255 0.183070
vt 0.927550 0.208422
vt 0.926661 0.200530
vt 0.924444 0.190910
vt 0.921644 0.183967
vt 0.917874 0.178829
vt 0.913765 0.178249
vt 0.910357 0.176613
vt 0.923618 0.174870
vt 0.919620 0.190171
vt 0.914724 0.177739
vt 0.928732 0.197559
vt 0.925589 0.170161
vt 0.920740 0.179675
vt 0.923027 0.170223
vt 0.916672 0.169303
vt 0.912868 0.165450
vt 0.923391 0.158633
vt 0.914581 0.160491
vt 0.912626 0.161712
vt 0.927407 0.151709
vt 0.919151 0.147643
vt 0.919290 0.162889
vt 0.915008 0.156314
vt 0.924583 0.146074
vt 0.921920 0.142837
vt 0.915590 0.141922
vt 0.912476 0.148787
vt 0.925835 0.141409
vt 0.918783 0.144146
vt 0.918730 0.126093
vt 0.911979 0.135074
vt 0.910941 0.138469
vt 0.922595 0.126031
vt 0.918395 0.128706
vt 0.913105 0.117405
vt 0.924961 0.128763
vt 0.920230 0.105045
vt 0.914542 0.126171
vt 0.922921 0.112262
vt 0.916256 0.104703
vt 0.918374 0.090026
vt 0.925451 0.112100
vt 0.913484 0.104094
vt 0.921535 0.102203
vt 0.920521 0.093808
vt 0.922427 0.095484
vt 0.918375 0.074814
vt 0.926451 0.090794
vt 0.915901 0.079592
vt 0.920221 0.069141
vt 0.922951 0.074202
vt 0.917089 0.062788
vt 0.921571 0.073129
vt 0.917685 0.042155
vt 0.918906 0.048878
vt 0.921143 0.046237
vt 0.920406 0.034161
vt 0.387515 0.292250
vt 0.389135 0.296197
vt 0.389214 0.293956
vt 0.389951 0.302813
vt 0.388875 0.286169
vt 0.390743 0.294384
vt 0.386936 0.279806
vt 0.390354 0.284107
vt 0.385440 0.282316
vt 0.386100 0.293606
vt 0.383952 0.284969
vt 0.383359 0.272667
vt 0.384221 0.293996
vt 0.381899 0.276625
vt 0.382642 0.287448
vt 0.384361 0.300387
vt 0.382586 0.294326
vt 0.382940 0.304076
vt 0.385978 0.299803
vt 0.384776 0.309081
vt 0.387377 0.299156
vt 0.381910 0.303178
vt 0.383266 0.310559
vt 0.386385 0.307379
vt 0.381807 0.314427
vt 0.381151 0.297255
vt 0.383711 0.317997
vt 0.381399 0.307982
vt 0.379976 0.313094
vt 0.956994 0.162407
vt 0.957594 0.166397
vt 0.959169 0.162618
vt 0.956884 0.170553
vt 0.959583 0.162535
vt 0.956897 0.178028
vt 0.955663 0.162287
vt 0.958767 0.166475
vt 0.956483 0.174702
vt 0.956235 0.169347
vt 0.956707 0.179554
vt 0.954704 0.175148
vt 0.955148 0.182281
vt 0.957796 0.183543
vt 0.954284 0.163674
vt 0.957131 0.189275
vt 0.954945 0.153287
vt 0.952823 0.170588
vt 0.955543 0.191391
vt 0.954515 0.189055
vt 0.957299 0.194729
vt 0.953926 0.155875
vt 0.953368 0.181135
vt 0.953617 0.186802
vt 0.957982 0.191111
vt 0.953606 0.147982
vt 0.951283 0.172125
vt 0.952276 0.156967
vt 0.955642 0.194626
vt 0.953953 0.195137
vt 0.957358 0.197656
vt 0.954525 0.138858
vt 0.950897 0.163519
vt 0.952479 0.199543
vt 0.953323 0.132861
vt 0.951958 0.148558
vt 0.950637 0.157513
vt 0.955783 0.199889
vt 0.954133 0.200472
vt 0.952599 0.203157
vt 0.954064 0.127271
vt 0.951416 0.135795
vt 0.955814 0.204362
vt 0.952462 0.121936
vt 0.950281 0.148900
vt 0.949666 0.138616
vt 0.949064 0.156260
vt 0.957721 0.207245
vt 0.952633 0.204280
vt 0.952802 0.116965
vt 0.950808 0.122224
vt 0.956389 0.214991
vt 0.959139 0.202649
vt 0.954231 0.203752
vt 0.948741 0.147668
vt 0.949235 0.124757
vt 0.946951 0.153051
vt 0.958289 0.220378
vt 0.954570 0.211773
vt 0.959504 0.212844
vt 0.952798 0.209443
vt 0.950424 0.113855
vt 0.947010 0.144315
vt 0.947895 0.134734
vt 0.948830 0.115706
vt 0.956845 0.224726
vt 0.954943 0.219665
vt 0.951387 0.101113
vt 0.947367 0.121539
vt 0.945223 0.151264
vt 0.960016 0.224849
vt 0.959143 0.232359
vt 0.953402 0.222216
vt 0.951746 0.222139
vt 0.949844 0.102192
vt 0.954119 0.107434
vt 0.946165 0.131822
vt 0.948455 0.106768
vt 0.945834 0.140584
vt 0.943687 0.152238
vt 0.955427 0.230561
vt 0.957299 0.234858
vt 0.951172 0.091733
vt 0.946950 0.111512
vt 0.945588 0.118035
vt 0.944540 0.136728
vt 0.943296 0.139207
vt 0.960621 0.238038
vt 0.957679 0.242771
vt 0.951994 0.231162
vt 0.947773 0.093440
vt 0.952607 0.091085
vt 0.949375 0.087167
vt 0.945007 0.127525
vt 0.946628 0.101888
vt 0.941679 0.149221
vt 0.960150 0.245916
vt 0.955918 0.238834
vt 0.959205 0.239937
vt 0.954411 0.241678
vt 0.952554 0.240252
vt 0.951992 0.076122
vt 0.955198 0.100195
vt 0.945175 0.109533
vt 0.944594 0.113834
vt 0.943774 0.122761
vt 0.941644 0.134863
vt 0.961255 0.251533
vt 0.959617 0.249902
vt 0.956172 0.246413
vt 0.947305 0.079746
vt 0.946177 0.094191
vt 0.950226 0.074966
vt 0.944720 0.099327
vt 0.942757 0.130683
vt 0.962424 0.249215
vt 0.958371 0.256010
vt 0.952918 0.251104
vt 0.951548 0.068096
vt 0.943407 0.109879
vt 0.939365 0.123483
vt 0.960116 0.260065
vt 0.963132 0.256379
vt 0.954667 0.250255
vt 0.956629 0.256493
vt 0.949540 0.066378
vt 0.945703 0.083533
vt 0.942688 0.096681
vt 0.941538 0.105632
vt 0.940355 0.117508
vt 0.961674 0.260549
vt 0.963228 0.247809
vt 0.959703 0.268003
vt 0.957035 0.265337
vt 0.955039 0.258353
vt 0.953395 0.259172
vt 0.948325 0.064790
vt 0.946759 0.073029
vt 0.944045 0.084138
vt 0.949660 0.059190
vt 0.962064 0.267754
vt 0.964888 0.257102
vt 0.964027 0.242350
vt 0.960559 0.271502
vt 0.958905 0.270478
vt 0.944845 0.063420
vt 0.943773 0.077457
vt 0.942447 0.082155
vt 0.939963 0.103542
vt 0.965619 0.241481
vt 0.960854 0.276802
vt 0.957427 0.273620
vt 0.955370 0.265705
vt 0.953446 0.272083
vt 0.945862 0.049330
vt 0.963914 0.271417
vt 0.966047 0.248352
vt 0.953969 0.272095
vt 0.952510 0.277764
vt 0.947028 0.042192
vt 0.944434 0.054782
vt 0.962428 0.275255
vt 0.965380 0.267128
vt 0.966449 0.255866
vt 0.966377 0.241813
vt 0.961158 0.284917
vt 0.955878 0.276851
vt 0.953010 0.288478
vt 0.954551 0.284784
vt 0.945551 0.042922
vt 0.944206 0.046809
vt 0.962686 0.280911
vt 0.966904 0.264825
vt 0.967529 0.248621
vt 0.960472 0.289061
vt 0.951191 0.285929
vt 0.945209 0.035463
vt 0.967991 0.254552
vt 0.951546 0.294580
vt 0.962979 0.287564
vt 0.969441 0.255669
vt 0.952227 0.296576
vt 0.953404 0.298280
vt 0.962380 0.292408
vt 0.969882 0.257828
vt 0.952125 0.304169
vt 0.961373 0.288347
vt 0.335952 0.563263
vt 0.337607 0.565341
vt 0.337286 0.555222
vt 0.339059 0.554691
vt 0.337514 0.551526
vt 0.339204 0.562380
vt 0.451369 0.399166
vt 0.450533 0.408065
vt 0.453591 0.408876
vt 0.448290 0.397105
vt 0.452241 0.417160
vt 0.454469 0.400649
vt 0.447389 0.406238
vt 0.450112 0.390096
vt 0.449624 0.436224
vt 0.455303 0.414216
vt 0.451962 0.390905
vt 0.456832 0.410209
vt 0.447365 0.416409
vt 0.446850 0.402217
vt 0.446899 0.383745
vt 0.453221 0.435129
vt 0.454112 0.423376
vt 0.453069 0.385164
vt 0.456033 0.390073
vt 0.445294 0.418824
vt 0.445887 0.393240
vt 0.444703 0.406336
vt 0.448829 0.366877
vt 0.450467 0.385720
vt 0.448180 0.443625
vt 0.450344 0.444340
vt 0.455216 0.426049
vt 0.458438 0.417006
vt 0.457936 0.405055
vt 0.443963 0.414587
vt 0.446163 0.368083
vt 0.449738 0.374095
vt 0.445044 0.383815
vt 0.452151 0.455719
vt 0.458798 0.430163
vt 0.451998 0.371987
vt 0.455200 0.377327
vt 0.459860 0.390036
vt 0.442829 0.425586
vt 0.444171 0.393266
vt 0.446722 0.365989
vt 0.450820 0.363845
vt 0.449533 0.454502
vt 0.454129 0.454082
vt 0.450813 0.461671
vt 0.454597 0.440213
vt 0.456796 0.435039
vt 0.460317 0.423212
vt 0.460033 0.409786
vt 0.457143 0.380423
vt 0.458446 0.371920
vt 0.444265 0.376991
vt 0.447297 0.358318
vt 0.450696 0.355898
vt 0.448796 0.461561
vt 0.454412 0.468267
vt 0.456714 0.439866
vt 0.460305 0.437708
vt 0.452813 0.365709
vt 0.456836 0.364813
vt 0.461838 0.374362
vt 0.460820 0.400547
vt 0.443925 0.370611
vt 0.443369 0.383618
vt 0.444461 0.356882
vt 0.451431 0.356493
vt 0.450282 0.469491
vt 0.455721 0.451405
vt 0.456685 0.457571
vt 0.453487 0.476213
vt 0.458221 0.440986
vt 0.461518 0.427766
vt 0.459837 0.443730
vt 0.461434 0.410183
vt 0.460913 0.361757
vt 0.462531 0.384319
vt 0.463360 0.393737
vt 0.446885 0.348547
vt 0.449594 0.341702
vt 0.451583 0.345073
vt 0.452642 0.482171
vt 0.449907 0.476011
vt 0.457993 0.488345
vt 0.457966 0.447921
vt 0.462425 0.437683
vt 0.462799 0.415779
vt 0.454016 0.360616
vt 0.457704 0.356318
vt 0.462852 0.363316
vt 0.463415 0.375877
vt 0.462261 0.403281
vt 0.443250 0.367656
vt 0.445647 0.339625
vt 0.458766 0.479760
vt 0.463331 0.428104
vt 0.464637 0.415070
vt 0.461424 0.450481
vt 0.463657 0.408054
vt 0.455482 0.358443
vt 0.455313 0.347912
vt 0.459101 0.344797
vt 0.463772 0.353792
vt 0.464339 0.366238
vt 0.463979 0.387972
vt 0.464907 0.378121
vt 0.464178 0.399623
vt 0.442526 0.356304
vt 0.444001 0.340217
vt 0.448004 0.334722
vt 0.450717 0.330150
vt 0.454085 0.352866
vt 0.459118 0.456266
vt 0.459611 0.450065
vt 0.463717 0.441687
vt 0.463478 0.449888
vt 0.461830 0.345385
vt 0.466398 0.387314
vt 0.466066 0.368134
vt 0.444690 0.333393
vt 0.447726 0.323672
vt 0.453075 0.340671
vt 0.460120 0.484737
vt 0.460489 0.461821
vt 0.465085 0.427991
vt 0.462723 0.458911
vt 0.456980 0.343328
vt 0.466038 0.400522
vt 0.445456 0.324989
vt 0.453460 0.330335
vt 0.467405 0.403457
vt 0.464250 0.455884
vt 0.461714 0.468608
vt 0.464373 0.459754
vt 0.455610 0.339633
vt 0.458892 0.324702
vt 0.468037 0.381304
vt 0.468114 0.391119
vt 0.446207 0.317012
vt 0.448734 0.317101
vt 0.452251 0.317358
vt 0.461742 0.476308
vt 0.467326 0.420347
vt 0.463287 0.469390
vt 0.467795 0.412783
vt 0.470021 0.395033
vt 0.449996 0.310524
vt 0.454533 0.310928
vt 0.469471 0.415563
vt 0.469050 0.405580
vt 0.450995 0.303926
vt 0.452914 0.307961
vt 0.472537 0.395096
vt 0.448528 0.292313
vt 0.959866 0.294001
vt 0.959615 0.293618
vt 0.958732 0.298123
vt 0.898174 0.084092
vt 0.899160 0.078067
vt 0.897789 0.084346
vt 0.897470 0.077808
vt 0.897118 0.087670
vt 0.898348 0.073412
vt 0.896156 0.082017
vt 0.896663 0.086744
vt 0.896700 0.067798
vt 0.895422 0.078126
vt 0.895523 0.088253
vt 0.895227 0.082760
vt 0.896665 0.090001
vt 0.337730 0.605582
vt 0.337818 0.612050
vt 0.338212 0.609893
vt 0.337331 0.598728
vt 0.957401 0.176324
vt 0.292228 0.104700
vt 0.278479 0.128655
vt 0.265641 0.141818
vt 0.288592 0.114674
vt 0.275038 0.127116
vt 0.302510 0.090333
vt 0.296785 0.096610
vt 0.263018 0.138228
vt 0.258039 0.155031
vt 0.290964 0.087364
vt 0.284089 0.111573
vt 0.281743 0.123710
vt 0.276355 0.119176
vt 0.303336 0.075168
vt 0.298140 0.081366
vt 0.268941 0.125726
vt 0.265652 0.123778
vt 0.256485 0.148819
vt 0.295389 0.090973
vt 0.295667 0.071301
vt 0.287992 0.086026
vt 0.285716 0.099511
vt 0.283102 0.098889
vt 0.273142 0.124080
vt 0.307979 0.081320
vt 0.300225 0.067168
vt 0.265775 0.117860
vt 0.260198 0.134479
vt 0.250948 0.164141
vt 0.293413 0.067058
vt 0.289776 0.075057
vt 0.277548 0.099540
vt 0.308865 0.060912
vt 0.305137 0.072681
vt 0.301812 0.055512
vt 0.314352 0.072909
vt 0.267419 0.108647
vt 0.264457 0.105320
vt 0.256009 0.135378
vt 0.295946 0.053224
vt 0.286954 0.065489
vt 0.281335 0.093136
vt 0.275917 0.107821
vt 0.273573 0.100393
vt 0.299609 0.064058
vt 0.270251 0.108141
vt 0.260995 0.110712
vt 0.255017 0.124547
vt 0.248117 0.168971
vt 0.297219 0.044985
vt 0.296785 0.033754
vt 0.290690 0.050322
vt 0.277857 0.064892
vt 0.307516 0.053729
vt 0.265506 0.091388
vt 0.251306 0.151600
vt 0.249724 0.160326
vt 0.246828 0.153170
vt 0.293236 0.053393
vt 0.283124 0.075585
vt 0.273760 0.093318
vt 0.271648 0.100077
vt 0.260847 0.091201
vt 0.254718 0.108823
vt 0.247737 0.141027
vt 0.244159 0.177879
vt 0.241172 0.169531
vt 0.272306 0.081225
vt 0.265961 0.073294
vt 0.249306 0.100301
vt 0.250169 0.125533
vt 0.262486 0.074481
vt 0.268827 0.084428
vt 0.258130 0.095158
vt 0.252386 0.098129
vt 0.248826 0.117069
vt 0.245852 0.132669
vt 0.240537 0.150555
vt 0.236284 0.183378
vt 0.231007 0.195258
vt 0.270876 0.075236
vt 0.254747 0.101567
vt 0.252756 0.082416
vt 0.237726 0.165466
vt 0.245498 0.103087
vt 0.250162 0.077124
vt 0.239873 0.140632
vt 0.232498 0.167174
vt 0.227247 0.206401
vt 0.255539 0.065799
vt 0.247811 0.093614
vt 0.242919 0.114990
vt 0.240714 0.120410
vt 0.236655 0.152260
vt 0.227804 0.184985
vt 0.214696 0.221879
vt 0.248072 0.072193
vt 0.243630 0.101516
vt 0.238692 0.127082
vt 0.235396 0.143760
vt 0.231892 0.160414
vt 0.220148 0.200245
vt 0.221886 0.213754
vt 0.251031 0.062383
vt 0.240799 0.094347
vt 0.238661 0.113514
vt 0.237061 0.135546
vt 0.228363 0.163183
vt 0.217410 0.202915
vt 0.246299 0.074029
vt 0.246055 0.063745
vt 0.234001 0.127639
vt 0.231092 0.148767
vt 0.224685 0.166193
vt 0.211230 0.222631
vt 0.219190 0.172640
vt 0.213951 0.205625
vt 0.234558 0.103450
vt 0.225460 0.142691
vt 0.216798 0.179241
vt 0.214619 0.190627
vt 0.239756 0.074432
vt 0.230153 0.113516
vt 0.221988 0.151805
vt 0.214511 0.164522
vt 0.232785 0.085200
vt 0.243391 0.049903
vt 0.230195 0.110088
vt 0.220625 0.141476
vt 0.215403 0.150823
vt 0.235767 0.070979
vt 0.230933 0.093747
vt 0.237733 0.054361
vt 0.226340 0.126830
vt 0.210753 0.179421
vt 0.234465 0.062779
vt 0.229552 0.083989
vt 0.226717 0.088427
vt 0.223715 0.104279
vt 0.221375 0.127107
vt 0.218529 0.140560
vt 0.212372 0.169520
vt 0.211963 0.143328
vt 0.229206 0.070067
vt 0.226476 0.102303
vt 0.222748 0.108063
vt 0.217146 0.129020
vt 0.213779 0.135075
vt 0.233374 0.059214
vt 0.221067 0.091750
vt 0.215588 0.127100
vt 0.232834 0.043609
vt 0.230014 0.057894
vt 0.227506 0.069619
vt 0.224112 0.086362
vt 0.220237 0.104827
vt 0.217356 0.118911
vt 0.225775 0.077317
vt 0.222998 0.077607
vt 0.219412 0.095188
vt 0.215193 0.114943
vt 0.214476 0.118846
vt 0.228726 0.040006
vt 0.225384 0.060335
vt 0.221327 0.085505
vt 0.215847 0.105898
vt 0.225032 0.057890
vt 0.219848 0.079582
vt 0.218384 0.075696
vt 0.212556 0.100186
vt 0.215732 0.085964
vt 0.379146 0.321158
vt 0.957653 0.154172
vt 0.957014 0.142605
vt 0.955776 0.143906
vt 0.958340 0.143585
vt 0.955535 0.134924
vt 0.956198 0.153692
vt 0.959413 0.158028
vt 0.956740 0.130275
vt 0.960409 0.150766
vt 0.958545 0.134082
vt 0.955333 0.129259
vt 0.960591 0.155382
vt 0.961089 0.146482
vt 0.961499 0.142811
vt 0.958839 0.126037
vt 0.957053 0.121635
vt 0.961702 0.152535
vt 0.955307 0.119764
vt 0.962542 0.148270
vt 0.958635 0.116477
vt 0.956714 0.112431
vt 0.962104 0.152990
vt 0.955428 0.110965
vt 0.961726 0.156178
vt 0.957237 0.104945
vt 0.925790 0.518358
vt 0.925056 0.518638
vt 0.926715 0.519723
vt 0.926507 0.525878
vt 0.927540 0.517515
vt 0.925468 0.525254
vt 0.927090 0.525596
vt 0.924653 0.525770
vt 0.926771 0.533363
vt 0.924032 0.522374
vt 0.925013 0.535286
vt 0.923870 0.529679
vt 0.925894 0.543980
vt 0.923932 0.530683
vt 0.923784 0.538705
vt 0.923931 0.546745
vt 0.922887 0.536856
vt 0.924836 0.549314
vt 0.923237 0.543492
vt 0.925861 0.550847
vt 0.924125 0.553659
vt 0.922015 0.535593
vt 0.925541 0.557394
vt 0.926359 0.549989
vt 0.921579 0.543203
vt 0.923006 0.551699
vt 0.925139 0.559149
vt 0.921557 0.551616
vt 0.924264 0.559813
vt 0.926719 0.555197
vt 0.920395 0.549575
vt 0.921594 0.559006
vt 0.923050 0.559135
vt 0.925452 0.562536
vt 0.920388 0.552590
vt 0.922989 0.567378
vt 0.924641 0.567337
vt 0.919765 0.560076
vt 0.925784 0.569203
vt 0.922122 0.567489
vt 0.921180 0.567018
vt 0.919214 0.561028
vt 0.923892 0.574709
vt 0.926166 0.576395
vt 0.922172 0.575178
vt 0.919969 0.565291
vt 0.922889 0.574935
vt 0.925180 0.574508
vt 0.921322 0.574274
vt 0.919246 0.564677
vt 0.923421 0.581738
vt 0.924673 0.579159
vt 0.925678 0.580703
vt 0.921589 0.577045
vt 0.920277 0.572045
vt 0.922036 0.579935
vt 0.926226 0.582908
vt 0.920688 0.578701
vt 0.335891 0.613729
vt 0.335303 0.608441
vt 0.334307 0.606748
vt 0.336484 0.607764
vt 0.333486 0.602096
vt 0.337004 0.615288
vt 0.335919 0.603555
vt 0.334569 0.605134
vt 0.336723 0.622438
vt 0.333970 0.599999
vt 0.337763 0.619969
vt 0.332962 0.597864
vt 0.335284 0.597673
vt 0.333539 0.592741
vt 0.336842 0.592523
vt 0.332497 0.591908
vt 0.334735 0.591876
vt 0.338596 0.597396
vt 0.335621 0.589432
vt 0.333040 0.584128
vt 0.338140 0.590589
vt 0.336347 0.586078
vt 0.334561 0.585227
vt 0.337722 0.583224
vt 0.336357 0.577645
vt 0.338852 0.583491
vt 0.337026 0.579141
vt 0.338212 0.578736
vt 0.900442 0.149415
vt 0.899221 0.157529
vt 0.900335 0.152669
vt 0.899486 0.148656
vt 0.889110 0.286683
vt 0.888828 0.281309
vt 0.888608 0.282401
vt 0.889555 0.280926
vt 0.948272 0.317023
vt 0.947423 0.322669
vt 0.948277 0.321814
vt 0.894774 0.061315
vt 0.896875 0.056014
vt 0.895683 0.053348
vt 0.893787 0.046793
vt 0.892890 0.055562
vt 0.893245 0.069125
vt 0.891546 0.050877
vt 0.894060 0.077782
vt 0.891467 0.063139
vt 0.891865 0.039692
vt 0.892056 0.071800
vt 0.890154 0.046890
vt 0.890606 0.061675
vt 0.894190 0.084487
vt 0.892899 0.080476
vt 0.890588 0.035750
vt 0.890550 0.075503
vt 0.889730 0.068036
vt 0.888301 0.039437
vt 0.888946 0.054959
vt 0.892085 0.082272
vt 0.892917 0.087106
vt 0.891412 0.086538
vt 0.888006 0.076881
vt 0.887976 0.062429
vt 0.887658 0.048712
vt 0.889822 0.084377
vt 0.886406 0.033265
vt 0.891895 0.095842
vt 0.890960 0.090289
vt 0.886022 0.071233
vt 0.889054 0.092891
vt 0.886139 0.056348
vt 0.885590 0.041564
vt 0.889803 0.096851
vt 0.885359 0.079444
vt 0.887175 0.085746
vt 0.884291 0.037548
vt 0.889843 0.098279
vt 0.885106 0.062600
vt 0.887956 0.101049
vt 0.885224 0.052553
vt 0.884413 0.049529
vt 0.890074 0.100943
vt 0.888883 0.106500
vt 0.885824 0.099301
vt 0.883466 0.071898
vt 0.883603 0.046892
vt 0.884330 0.098848
vt 0.883152 0.057530
vt 0.883605 0.085222
vt 0.888263 0.115321
vt 0.887103 0.109522
vt 0.883507 0.036379
vt 0.889037 0.108281
vt 0.883611 0.110343
vt 0.881699 0.064282
vt 0.882025 0.090522
vt 0.884707 0.113382
vt 0.882549 0.044209
vt 0.889229 0.111472
vt 0.881900 0.053684
vt 0.889067 0.120102
vt 0.887521 0.122896
vt 0.886282 0.118066
vt 0.882029 0.044307
vt 0.884221 0.122080
vt 0.881202 0.052753
vt 0.888804 0.129879
vt 0.889755 0.117526
vt 0.882735 0.129493
vt 0.889270 0.134256
vt 0.886950 0.132987
vt 0.886094 0.129202
vt 0.885455 0.126616
vt 0.890357 0.107527
vt 0.889758 0.126904
vt 0.883707 0.132234
vt 0.888153 0.140998
vt 0.891065 0.121924
vt 0.890024 0.102923
vt 0.890894 0.131484
vt 0.883502 0.141537
vt 0.888797 0.142993
vt 0.887244 0.150327
vt 0.885637 0.140583
vt 0.884459 0.134838
vt 0.891190 0.112201
vt 0.891602 0.098692
vt 0.889938 0.148227
vt 0.892067 0.127482
vt 0.892295 0.117679
vt 0.892315 0.104423
vt 0.891471 0.146790
vt 0.885044 0.149164
vt 0.891994 0.137972
vt 0.893331 0.109905
vt 0.893089 0.102200
vt 0.890196 0.162039
vt 0.893577 0.123493
vt 0.893282 0.132578
vt 0.892634 0.150928
vt 0.891892 0.159242
vt 0.894233 0.138543
vt 0.894333 0.115322
vt 0.894409 0.105209
vt 0.893553 0.151746
vt 0.891173 0.167724
vt 0.894633 0.128919
vt 0.895113 0.120772
vt 0.892017 0.171180
vt 0.890814 0.176033
vt 0.895539 0.134202
vt 0.894000 0.161149
vt 0.895653 0.115878
vt 0.891451 0.181281
vt 0.895037 0.142617
vt 0.896020 0.125479
vt 0.892673 0.186217
vt 0.890866 0.187324
vt 0.895769 0.146301
vt 0.894342 0.163626
vt 0.897030 0.117650
vt 0.891828 0.197425
vt 0.897366 0.131186
vt 0.896326 0.138888
vt 0.891435 0.221057
vt 0.897185 0.143830
vt 0.896290 0.151524
vt 0.890978 0.218366
vt 0.892827 0.201408
vt 0.897961 0.139382
vt 0.895050 0.171593
vt 0.890898 0.229751
vt 0.890415 0.214167
vt 0.891658 0.222768
vt 0.899223 0.141480
vt 0.896713 0.155030
vt 0.890563 0.226774
vt 0.897666 0.149465
vt 0.897181 0.158990
vt 0.899148 0.143664
vt 0.895481 0.176150
vt 0.898194 0.152642
vt 0.897476 0.161680
vt 0.895353 0.195309
vt 0.898429 0.156373
vt 0.972560 0.310957
vt 0.974026 0.310708
vt 0.973849 0.320478
vt 0.972446 0.320779
vt 0.971473 0.320865
vt 0.973616 0.330160
vt 0.971596 0.330690
vt 0.972518 0.330655
vt 0.971565 0.340570
vt 0.665631 0.601868
vt 0.665116 0.591454
vt 0.664664 0.610270
vt 0.665603 0.581495
vt 0.663368 0.632993
vt 0.664393 0.599315
vt 0.664915 0.581396
vt 0.663262 0.608508
vt 0.663810 0.590262
vt 0.662432 0.628194
vt 0.663209 0.599791
vt 0.662770 0.616841
vt 0.662808 0.590324
vt 0.662257 0.608671
vt 0.662414 0.585893
vt 0.661806 0.616809
vt 0.661373 0.625002
vt 0.662428 0.600134
vt 0.660966 0.633257
vt 0.661649 0.587679
vt 0.661668 0.600483
vt 0.660637 0.616467
vt 0.661233 0.608579
vt 0.660098 0.625567
vt 0.660908 0.588757
vt 0.661281 0.591137
vt 0.660887 0.580078
vt 0.660179 0.580023
vt 0.660239 0.590867
vt 0.660126 0.608348
vt 0.659654 0.616382
vt 0.659830 0.584292
vt 0.660611 0.600366
vt 0.659050 0.587729
vt 0.920100 0.549043
vt 0.921617 0.534333
vt 0.381157 0.340708
vt 0.968972 0.247494
vt 0.969286 0.242274
vt 0.970105 0.245927
vt 0.968162 0.239373
vt 0.970561 0.242753
vt 0.522580 0.058964
vt 0.518497 0.058936
vt 0.521148 0.066105
vt 0.508232 0.089947
vt 0.505204 0.098530
vt 0.502392 0.107306
vt 0.347816 0.168812
vt 0.352572 0.176946
vt 0.349402 0.167808
vt 0.351595 0.166080
vt 0.349453 0.159291
vt 0.353835 0.171391
vt 0.347117 0.161194
vt 0.353658 0.164144
vt 0.356100 0.187569
vt 0.351327 0.156155
vt 0.346109 0.166873
vt 0.347979 0.150439
vt 0.355040 0.171759
vt 0.352505 0.160937
vt 0.350091 0.148370
vt 0.345717 0.152145
vt 0.355768 0.162162
vt 0.353423 0.153860
vt 0.356964 0.172470
vt 0.352756 0.146019
vt 0.344986 0.163173
vt 0.348799 0.138139
vt 0.347173 0.140385
vt 0.357711 0.160779
vt 0.354608 0.158850
vt 0.355961 0.169103
vt 0.358919 0.183898
vt 0.350891 0.136149
vt 0.344465 0.148210
vt 0.356694 0.156393
vt 0.355499 0.151006
vt 0.359460 0.197870
vt 0.360452 0.169665
vt 0.351797 0.124013
vt 0.349692 0.129316
vt 0.347627 0.133201
vt 0.345669 0.136896
vt 0.357578 0.148710
vt 0.359037 0.163002
vt 0.356479 0.203899
vt 0.361490 0.186607
vt 0.359538 0.180071
vt 0.356157 0.144501
vt 0.355113 0.134336
vt 0.358766 0.153571
vt 0.358116 0.208210
vt 0.354475 0.198460
vt 0.362586 0.196586
vt 0.362268 0.178395
vt 0.359987 0.157378
vt 0.353256 0.124792
vt 0.350142 0.123073
vt 0.348548 0.125603
vt 0.346500 0.129970
vt 0.358404 0.141406
vt 0.356974 0.213716
vt 0.359398 0.216510
vt 0.353505 0.199853
vt 0.364213 0.195808
vt 0.361271 0.202152
vt 0.363937 0.169049
vt 0.356331 0.140239
vt 0.354969 0.124628
vt 0.352614 0.115872
vt 0.350542 0.118834
vt 0.347747 0.123944
vt 0.345393 0.127304
vt 0.359646 0.146308
vt 0.357354 0.132124
vt 0.360599 0.215367
vt 0.364897 0.181267
vt 0.363401 0.207128
vt 0.362844 0.150243
vt 0.353756 0.118905
vt 0.351630 0.115303
vt 0.349698 0.120049
vt 0.346365 0.122860
vt 0.362360 0.138412
vt 0.359301 0.128789
vt 0.360835 0.151004
vt 0.361887 0.224882
vt 0.366636 0.188522
vt 0.365920 0.175082
vt 0.364855 0.155153
vt 0.355834 0.115176
vt 0.356991 0.122961
vt 0.353781 0.112054
vt 0.350490 0.116509
vt 0.346647 0.118415
vt 0.358443 0.119381
vt 0.367136 0.178380
vt 0.367028 0.169152
vt 0.363766 0.142221
vt 0.352767 0.110349
vt 0.348538 0.114867
vt 0.360032 0.119576
vt 0.368354 0.181108
vt 0.364953 0.146400
vt 0.368982 0.158927
vt 0.357929 0.115435
vt 0.357716 0.108955
vt 0.354541 0.108810
vt 0.351410 0.110377
vt 0.347226 0.111921
vt 0.363343 0.125766
vt 0.359297 0.113861
vt 0.369585 0.184221
vt 0.369667 0.174959
vt 0.367033 0.145151
vt 0.364673 0.134259
vt 0.356408 0.105063
vt 0.350475 0.098485
vt 0.349082 0.098090
vt 0.346135 0.111558
vt 0.362154 0.118764
vt 0.360928 0.111655
vt 0.365831 0.141826
vt 0.371647 0.162967
vt 0.370829 0.147554
vt 0.357482 0.101017
vt 0.354094 0.095299
vt 0.365439 0.126332
vt 0.363024 0.110207
vt 0.359696 0.107731
vt 0.366657 0.132805
vt 0.372495 0.176850
vt 0.370601 0.155670
vt 0.369048 0.142931
vt 0.355608 0.094974
vt 0.352402 0.091558
vt 0.349510 0.091969
vt 0.364937 0.121789
vt 0.364384 0.111416
vt 0.361740 0.103940
vt 0.367861 0.139384
vt 0.373257 0.170401
vt 0.369881 0.136700
vt 0.358851 0.097729
vt 0.354090 0.090804
vt 0.351851 0.083509
vt 0.366256 0.118206
vt 0.367463 0.124135
vt 0.364959 0.103397
vt 0.368698 0.131261
vt 0.377120 0.180265
vt 0.373126 0.150740
vt 0.371349 0.140174
vt 0.357248 0.093004
vt 0.354963 0.084119
vt 0.354193 0.076890
vt 0.366139 0.109746
vt 0.363788 0.100011
vt 0.359233 0.090270
vt 0.374856 0.163788
vt 0.370908 0.130228
vt 0.356108 0.088822
vt 0.367070 0.109192
vt 0.368283 0.116561
vt 0.369473 0.121294
vt 0.361505 0.095177
vt 0.366797 0.098520
vt 0.365957 0.095277
vt 0.377360 0.172062
vt 0.375787 0.157885
vt 0.373092 0.138165
vt 0.371893 0.133845
vt 0.358121 0.087121
vt 0.356969 0.082728
vt 0.355849 0.078374
vt 0.367967 0.113723
vt 0.362836 0.083367
vt 0.368283 0.107755
vt 0.365026 0.091892
vt 0.360782 0.082768
vt 0.380524 0.182254
vt 0.377680 0.166926
vt 0.376345 0.147483
vt 0.374702 0.141952
vt 0.371485 0.119539
vt 0.372735 0.128138
vt 0.358959 0.078510
vt 0.355921 0.061363
vt 0.369132 0.112781
vt 0.370300 0.115632
vt 0.363535 0.090342
vt 0.367786 0.091670
vt 0.367938 0.102556
vt 0.366708 0.090138
vt 0.378732 0.158615
vt 0.375398 0.121259
vt 0.357880 0.075473
vt 0.366158 0.077145
vt 0.368927 0.091209
vt 0.368075 0.095856
vt 0.368812 0.103144
vt 0.380574 0.170127
vt 0.375953 0.131070
vt 0.378870 0.152262
vt 0.373658 0.122995
vt 0.372304 0.114419
vt 0.357796 0.060208
vt 0.369975 0.109516
vt 0.364930 0.072639
vt 0.360778 0.061940
vt 0.369796 0.089556
vt 0.369654 0.102483
vt 0.367473 0.084736
vt 0.381726 0.171471
vt 0.377785 0.137446
vt 0.380415 0.141456
vt 0.381056 0.159312
vt 0.377978 0.118861
vt 0.371132 0.111595
vt 0.366851 0.069946
vt 0.370079 0.092190
vt 0.370179 0.101912
vt 0.369470 0.083167
vt 0.369016 0.075825
vt 0.378899 0.130989
vt 0.374331 0.114482
vt 0.378953 0.126025
vt 0.376181 0.116518
vt 0.371994 0.105059
vt 0.370763 0.102506
vt 0.367544 0.056490
vt 0.370987 0.086844
vt 0.381399 0.139673
vt 0.379477 0.122417
vt 0.377183 0.111011
vt 0.370764 0.101136
vt 0.370574 0.093313
vt 0.382106 0.133082
vt 0.375103 0.109659
vt 0.380231 0.115822
vt 0.378019 0.106867
vt 0.375968 0.101179
vt 0.373895 0.103147
vt 0.368802 0.067054
vt 0.372093 0.086645
vt 0.384270 0.140726
vt 0.381420 0.118439
vt 0.379047 0.112363
vt 0.377015 0.097960
vt 0.371426 0.094230
vt 0.382831 0.130208
vt 0.381111 0.108002
vt 0.378657 0.094922
vt 0.379806 0.105415
vt 0.372076 0.098759
vt 0.373293 0.092082
vt 0.384894 0.130145
vt 0.382919 0.115044
vt 0.372915 0.081228
vt 0.386331 0.141882
vt 0.384223 0.123202
vt 0.380592 0.092727
vt 0.382575 0.105924
vt 0.374173 0.093783
vt 0.374271 0.080446
vt 0.387962 0.132022
vt 0.386865 0.117315
vt 0.385108 0.113506
vt 0.379357 0.088334
vt 0.375353 0.091792
vt 0.374748 0.075278
vt 0.387764 0.122546
vt 0.388452 0.142890
vt 0.381581 0.089485
vt 0.384571 0.104389
vt 0.380110 0.082961
vt 0.376085 0.074580
vt 0.375349 0.083933
vt 0.390326 0.131348
vt 0.389365 0.133150
vt 0.386354 0.107356
vt 0.389379 0.117714
vt 0.382469 0.094100
vt 0.375607 0.070884
vt 0.377342 0.081757
vt 0.391922 0.150877
vt 0.388579 0.105579
vt 0.382027 0.082668
vt 0.384061 0.087497
vt 0.385195 0.102447
vt 0.376880 0.067881
vt 0.377389 0.089237
vt 0.391681 0.143653
vt 0.391836 0.124612
vt 0.388179 0.095253
vt 0.391916 0.113233
vt 0.385689 0.099920
vt 0.378093 0.071321
vt 0.377678 0.063500
vt 0.378345 0.086865
vt 0.376376 0.092588
vt 0.392877 0.140850
vt 0.391412 0.129483
vt 0.393172 0.121363
vt 0.393884 0.152148
vt 0.389364 0.099465
vt 0.390568 0.106998
vt 0.378986 0.079480
vt 0.378884 0.066108
vt 0.393086 0.134382
vt 0.395950 0.138493
vt 0.388895 0.089707
vt 0.387714 0.091168
vt 0.393875 0.100461
vt 0.393507 0.115919
vt 0.385057 0.085818
vt 0.380108 0.072427
vt 0.378471 0.060370
vt 0.380269 0.076535
vt 0.394622 0.142632
vt 0.395575 0.124364
vt 0.390492 0.089247
vt 0.390558 0.102859
vt 0.394534 0.111104
vt 0.391230 0.098749
vt 0.380880 0.065288
vt 0.380348 0.058963
vt 0.380103 0.082511
vt 0.396886 0.127941
vt 0.389854 0.083675
vt 0.387707 0.084194
vt 0.386482 0.077685
vt 0.395463 0.108459
vt 0.392844 0.088564
vt 0.381559 0.072750
vt 0.396438 0.142625
vt 0.398321 0.131286
vt 0.397273 0.120222
vt 0.388406 0.078500
vt 0.391781 0.080369
vt 0.384818 0.078967
vt 0.395923 0.099005
vt 0.381651 0.060498
vt 0.381100 0.080519
vt 0.399020 0.152614
vt 0.399101 0.142776
vt 0.389096 0.074218
vt 0.389816 0.070677
vt 0.397844 0.112899
vt 0.398544 0.108763
vt 0.394467 0.086259
vt 0.382903 0.075988
vt 0.400065 0.134227
vt 0.399979 0.125247
vt 0.387338 0.072714
vt 0.391616 0.069285
vt 0.398634 0.103108
vt 0.396223 0.085475
vt 0.382709 0.069159
vt 0.399390 0.150790
vt 0.403123 0.151934
vt 0.388591 0.064546
vt 0.387912 0.068625
vt 0.390455 0.065640
vt 0.392474 0.077106
vt 0.393792 0.077345
vt 0.401226 0.119161
vt 0.399797 0.118996
vt 0.400408 0.103132
vt 0.382415 0.057181
vt 0.383604 0.064797
vt 0.402192 0.156002
vt 0.401639 0.141878
vt 0.402709 0.135154
vt 0.391173 0.058237
vt 0.393445 0.068047
vt 0.401642 0.123258
vt 0.398063 0.095862
vt 0.397824 0.082601
vt 0.394669 0.073216
vt 0.384136 0.073717
vt 0.402935 0.144874
vt 0.389716 0.061217
vt 0.392283 0.064279
vt 0.402242 0.111841
vt 0.384143 0.053530
vt 0.384054 0.070103
vt 0.383239 0.082387
vt 0.406317 0.154005
vt 0.404551 0.141238
vt 0.403590 0.127269
vt 0.392864 0.056991
vt 0.394118 0.060216
vt 0.404315 0.121110
vt 0.398721 0.076885
vt 0.384603 0.060269
vt 0.384613 0.061864
vt 0.381687 0.079661
vt 0.384849 0.082807
vt 0.406462 0.150819
vt 0.403354 0.098810
vt 0.404801 0.111071
vt 0.399982 0.081634
vt 0.396439 0.070138
vt 0.395270 0.066247
vt 0.411167 0.164437
vt 0.406589 0.140200
vt 0.405038 0.129926
vt 0.393585 0.057341
vt 0.403620 0.089493
vt 0.405554 0.120178
vt 0.400615 0.075274
vt 0.398261 0.067972
vt 0.395912 0.062110
vt 0.408183 0.146900
vt 0.408916 0.165263
vt 0.408004 0.127932
vt 0.394758 0.057409
vt 0.404582 0.101144
vt 0.401155 0.084556
vt 0.408280 0.117569
vt 0.399446 0.070905
vt 0.397084 0.064924
vt 0.410723 0.151166
vt 0.411840 0.170919
vt 0.408213 0.176772
vt 0.407469 0.135195
vt 0.405730 0.093469
vt 0.403436 0.083220
vt 0.401813 0.079221
vt 0.401268 0.068399
vt 0.398893 0.063197
vt 0.397716 0.061179
vt 0.396532 0.060204
vt 0.413284 0.153207
vt 0.416215 0.178728
vt 0.410218 0.179806
vt 0.411128 0.143283
vt 0.407933 0.109061
vt 0.406630 0.099608
vt 0.409277 0.124833
vt 0.402353 0.073881
vt 0.400085 0.064826
vt 0.417286 0.166329
vt 0.412132 0.183764
vt 0.411013 0.176684
vt 0.411050 0.191775
vt 0.409031 0.112112
vt 0.407364 0.087874
vt 0.410665 0.122763
vt 0.403184 0.062566
vt 0.400698 0.061044
vt 0.399504 0.060192
vt 0.413542 0.148057
vt 0.415386 0.157723
vt 0.414083 0.136772
vt 0.410032 0.106754
vt 0.412060 0.118029
vt 0.405942 0.079984
vt 0.412634 0.101953
vt 0.403596 0.075762
vt 0.401908 0.061360
vt 0.400565 0.055041
vt 0.406609 0.077536
vt 0.409140 0.082974
vt 0.413677 0.129828
vt 0.404270 0.069948
vt 0.403794 0.057494
vt 0.401298 0.058054
vt 0.415484 0.145638
vt 0.411111 0.105712
vt 0.413091 0.116196
vt 0.407877 0.079909
vt 0.404874 0.061061
vt 0.418136 0.152864
vt 0.413514 0.111299
vt 0.407318 0.068275
vt 0.405962 0.063104
vt 0.408512 0.072905
vt 0.414383 0.119452
vt 0.405178 0.059088
vt 0.414259 0.105868
vt 0.415244 0.116490
vt 0.410550 0.078417
vt 0.407600 0.064136
vt 0.410351 0.068695
vt 0.406989 0.059182
vt 0.409173 0.064356
vt 0.991459 0.268512
vt 0.991285 0.262564
vt 0.991104 0.265048
vt 0.992608 0.269397
vt 0.991090 0.257091
vt 0.992045 0.277743
vt 0.993266 0.274374
vt 0.992525 0.263006
vt 0.993181 0.265289
vt 0.993327 0.279239
vt 0.992384 0.285811
vt 0.994300 0.275365
vt 0.993028 0.290447
vt 0.994815 0.282371
vt 0.992593 0.294203
vt 0.994557 0.290627
vt 0.995585 0.287340
vt 0.993521 0.302525
vt 0.994621 0.301592
vt 0.993108 0.306638
vt 0.996302 0.296033
vt 0.993778 0.314712
vt 0.994603 0.306885
vt 0.995938 0.302606
vt 0.993448 0.319327
vt 0.994586 0.312114
vt 0.997005 0.303645
vt 0.994413 0.330912
vt 0.994472 0.322128
vt 0.995146 0.311079
vt 0.995511 0.310562
vt 0.993474 0.338624
vt 0.994228 0.342111
vt 0.994963 0.325590
vt 0.995086 0.319111
vt 0.993665 0.355757
vt 0.994761 0.338826
vt 0.993392 0.362885
vt 0.893064 0.260373
vt 0.892072 0.263712
vt 0.892801 0.266330
vt 0.899526 0.053365
vt 0.899113 0.065221
vt 0.900299 0.067455
vt 0.897758 0.059938
vt 0.900126 0.068624
vt 0.898324 0.048937
vt 0.369970 0.397206
vt 0.371365 0.398075
vt 0.371010 0.396500
vt 0.889994 0.195435
vt 0.889607 0.194116
vt 0.889751 0.201243
vt 0.889862 0.185906
vt 0.889080 0.200711
vt 0.888775 0.184809
vt 0.887945 0.195520
vt 0.888050 0.206819
vt 0.889277 0.176784
vt 0.888509 0.189738
vt 0.886915 0.201041
vt 0.888659 0.207193
vt 0.887664 0.180182
vt 0.887350 0.191675
vt 0.888698 0.170982
vt 0.886672 0.187342
vt 0.887496 0.166178
vt 0.884290 0.185416
vt 0.889388 0.157914
vt 0.886502 0.174586
vt 0.888515 0.151040
vt 0.884947 0.178820
vt 0.885427 0.167840
vt 0.918907 0.555069
vt 0.367802 0.388556
vt 0.366401 0.400570
vt 0.368103 0.399600
vt 0.365570 0.389610
vt 0.369357 0.399330
vt 0.367542 0.377354
vt 0.369039 0.388365
vt 0.366122 0.377819
vt 0.369866 0.388507
vt 0.364173 0.377629
vt 0.364621 0.366833
vt 0.368561 0.377606
vt 0.369527 0.377715
vt 0.364581 0.355548
vt 0.367159 0.366682
vt 0.369999 0.388798
vt 0.370424 0.399588
vt 0.362651 0.366558
vt 0.365612 0.355808
vt 0.362929 0.355963
vt 0.368075 0.365840
vt 0.369145 0.368235
vt 0.370616 0.378940
vt 0.364681 0.346160
vt 0.363916 0.345025
vt 0.367216 0.357492
vt 0.361810 0.356601
vt 0.362635 0.344963
vt 0.368471 0.356716
vt 0.370477 0.365297
vt 0.361268 0.345451
vt 0.365434 0.345260
vt 0.363578 0.341102
vt 0.366543 0.347187
vt 0.371894 0.372882
vt 0.360498 0.345926
vt 0.363848 0.336489
vt 0.362093 0.335011
vt 0.369975 0.356393
vt 0.368520 0.347301
vt 0.372106 0.366346
vt 0.360535 0.334563
vt 0.359701 0.347948
vt 0.365971 0.336248
vt 0.362860 0.335118
vt 0.371516 0.355022
vt 0.373094 0.365695
vt 0.358367 0.333847
vt 0.364926 0.322464
vt 0.362219 0.326765
vt 0.361076 0.324002
vt 0.360071 0.323895
vt 0.370972 0.345739
vt 0.367556 0.335905
vt 0.367071 0.325654
vt 0.363247 0.325318
vt 0.369121 0.337998
vt 0.372283 0.345645
vt 0.373005 0.354783
vt 0.358116 0.324453
vt 0.364440 0.315394
vt 0.362894 0.314807
vt 0.361348 0.314989
vt 0.359277 0.315775
vt 0.371796 0.340578
vt 0.373457 0.356436
vt 0.356422 0.326003
vt 0.357951 0.315032
vt 0.367012 0.314896
vt 0.359777 0.313052
vt 0.370030 0.336028
vt 0.372908 0.340265
vt 0.368172 0.325952
vt 0.366989 0.306384
vt 0.368155 0.315205
vt 0.361704 0.305686
vt 0.358315 0.303841
vt 0.370138 0.326450
vt 0.373333 0.345830
vt 0.372554 0.334551
vt 0.356203 0.314979
vt 0.365827 0.294020
vt 0.359456 0.304631
vt 0.356884 0.303592
vt 0.369021 0.326580
vt 0.373625 0.356724
vt 0.373681 0.346180
vt 0.373800 0.336022
vt 0.368996 0.319511
vt 0.369130 0.305032
vt 0.368018 0.294342
vt 0.363219 0.294657
vt 0.358789 0.294694
vt 0.355756 0.299134
vt 0.371481 0.315164
vt 0.373222 0.362593
vt 0.373285 0.326054
vt 0.369227 0.315588
vt 0.355142 0.305603
vt 0.366816 0.285083
vt 0.362147 0.281617
vt 0.360593 0.294493
vt 0.357031 0.294531
vt 0.370283 0.315967
vt 0.374027 0.346389
vt 0.374046 0.357012
vt 0.374845 0.325692
vt 0.370332 0.305274
vt 0.367834 0.281164
vt 0.365305 0.280678
vt 0.363635 0.280635
vt 0.358392 0.291004
vt 0.354784 0.297036
vt 0.354167 0.307183
vt 0.372752 0.314610
vt 0.371025 0.305865
vt 0.373565 0.368252
vt 0.374699 0.336408
vt 0.374199 0.315999
vt 0.369905 0.293841
vt 0.361881 0.275327
vt 0.359716 0.285150
vt 0.356004 0.290385
vt 0.376143 0.325644
vt 0.374287 0.341430
vt 0.364506 0.265778
vt 0.370516 0.287485
vt 0.360255 0.275562
vt 0.362831 0.265612
vt 0.357193 0.285726
vt 0.353801 0.298968
vt 0.372355 0.306222
vt 0.373709 0.312244
vt 0.375609 0.337830
vt 0.375600 0.315855
vt 0.372273 0.297934
vt 0.365742 0.266516
vt 0.368869 0.275745
vt 0.359805 0.272737
vt 0.361012 0.265788
vt 0.358892 0.278039
vt 0.355028 0.288114
vt 0.376741 0.328371
vt 0.376222 0.320233
vt 0.363414 0.256358
vt 0.371422 0.275396
vt 0.372275 0.287704
vt 0.362236 0.259048
vt 0.357617 0.278059
vt 0.356233 0.280841
vt 0.353276 0.299795
vt 0.373447 0.296125
vt 0.375001 0.306208
vt 0.376480 0.323753
vt 0.367222 0.265071
vt 0.364731 0.247173
vt 0.369566 0.265203
vt 0.358727 0.267809
vt 0.359918 0.258042
vt 0.353945 0.289434
vt 0.374602 0.296400
vt 0.375732 0.309705
vt 0.362275 0.247858
vt 0.361137 0.253195
vt 0.372763 0.276387
vt 0.371135 0.265202
vt 0.355238 0.278322
vt 0.368800 0.259124
vt 0.363418 0.239168
vt 0.374028 0.285957
vt 0.358434 0.256784
vt 0.356388 0.269983
vt 0.375683 0.300689
vt 0.367446 0.248525
vt 0.365367 0.237810
vt 0.361911 0.239408
vt 0.359945 0.247929
vt 0.372653 0.266370
vt 0.370101 0.246866
vt 0.375075 0.287671
vt 0.366783 0.237828
vt 0.364786 0.229991
vt 0.375071 0.268187
vt 0.372992 0.249121
vt 0.376028 0.301414
vt 0.368950 0.238467
vt 0.366181 0.228856
vt 0.374191 0.257792
vt 0.373397 0.257054
vt 0.370420 0.237942
vt 0.375772 0.288317
vt 0.365796 0.225278
vt 0.376201 0.258998
vt 0.372365 0.238476
vt 0.375555 0.278477
vt 0.376811 0.288739
vt 0.367578 0.229036
vt 0.371020 0.229986
vt 0.376179 0.269519
vt 0.374196 0.247722
vt 0.376424 0.279214
vt 0.376738 0.300643
vt 0.366980 0.220764
vt 0.377525 0.259504
vt 0.376243 0.247968
vt 0.373283 0.229338
vt 0.373853 0.238389
vt 0.377369 0.295934
vt 0.368665 0.219645
vt 0.377985 0.270531
vt 0.374966 0.238972
vt 0.371817 0.220945
vt 0.377396 0.279766
vt 0.377745 0.290025
vt 0.370188 0.219559
vt 0.368217 0.212130
vt 0.378496 0.260151
vt 0.378290 0.250537
vt 0.376578 0.240269
vt 0.372892 0.220017
vt 0.369811 0.210214
vt 0.378622 0.261159
vt 0.377654 0.280276
vt 0.375417 0.231099
vt 0.372309 0.209843
vt 0.374045 0.220607
vt 0.369172 0.206584
vt 0.377795 0.241468
vt 0.376702 0.230978
vt 0.371374 0.210047
vt 0.378769 0.251596
vt 0.377779 0.231589
vt 0.376652 0.217715
vt 0.375301 0.220968
vt 0.373975 0.210735
vt 0.370250 0.202017
vt 0.378896 0.243791
vt 0.375056 0.211486
vt 0.373637 0.201198
vt 0.372145 0.201485
vt 0.378736 0.231384
vt 0.375895 0.212863
vt 0.372436 0.193375
vt 0.379399 0.233698
vt 0.378218 0.223525
vt 0.376920 0.213485
vt 0.375450 0.202302
vt 0.374984 0.201686
vt 0.379149 0.243909
vt 0.375762 0.203076
vt 0.374788 0.198171
vt 0.380308 0.234525
vt 0.378757 0.224180
vt 0.377401 0.215050
vt 0.374899 0.194921
vt 0.374307 0.193196
vt 0.380673 0.243614
vt 0.379903 0.225561
vt 0.376096 0.205338
vt 0.381747 0.243160
vt 0.378966 0.247738
vt 0.381282 0.252692
vt 0.379295 0.253907
vt 0.379867 0.263560
vt 0.377235 0.359754
vt 0.376893 0.352454
vt 0.376168 0.356630
vt 0.376554 0.365251
vt 0.377879 0.361635
vt 0.377436 0.366564
vt 0.990659 0.257484
vt 0.989978 0.249705
vt 0.093475 0.825733
vt 0.094417 0.819570
vt 0.093568 0.811656
vt 0.094410 0.828088
vt 0.092547 0.817950
vt 0.095382 0.821666
vt 0.095528 0.830648
vt 0.095378 0.818205
vt 0.096173 0.818328
vt 0.092588 0.827313
vt 0.091398 0.825900
vt 0.096205 0.814497
vt 0.092682 0.812541
vt 0.092870 0.809184
vt 0.096229 0.824094
vt 0.094462 0.813010
vt 0.095376 0.814588
vt 0.097039 0.813256
vt 0.096942 0.818681
vt 0.096082 0.830792
vt 0.090675 0.815049
vt 0.097459 0.817879
vt 0.095393 0.811786
vt 0.925940 0.599717
vt 0.925318 0.601769
vt 0.925685 0.606477
vt 0.924892 0.605802
vt 0.926414 0.605492
vt 0.926559 0.613204
vt 0.924679 0.602239
vt 0.924549 0.603678
vt 0.924493 0.602307
vt 0.924712 0.599266
vt 0.924605 0.601411
vt 0.924433 0.599295
vt 0.924343 0.594896
vt 0.924477 0.600971
vt 0.411682 0.129836
vt 0.377019 0.308122
vt 0.376132 0.310957
vt 0.376592 0.314982
vt 0.376811 0.318809
vt 0.376977 0.322147
vt 0.377304 0.313557
vt 0.377960 0.307106
vt 0.922531 0.533869
vt 0.923372 0.531883
vt 0.922183 0.531353
vt 0.922659 0.527544
vt 0.923191 0.522992
vt 0.962048 0.156798
vt 0.961815 0.162017
vt 0.962601 0.160552
vt 0.962103 0.153133
vt 0.962445 0.155841
vt 0.963328 0.157161
vt 0.964235 0.170538
vt 0.962108 0.168425
vt 0.961253 0.156309
vt 0.960903 0.159428
vt 0.961415 0.165731
vt 0.371295 0.391650
vt 0.371577 0.388607
vt 0.372112 0.382252
vt 0.919529 0.546826
vt 0.957747 0.171129
vt 0.958285 0.173502
vt 0.337206 0.628436
vt 0.926539 0.579576
vt 0.927133 0.581766
vt 0.888392 0.265111
vt 0.888726 0.268189
vt 0.888854 0.265359
vt 0.887791 0.267384
vt 0.888026 0.265236
vt 0.887974 0.269475
vt 0.887691 0.268985
vt 0.887596 0.270765
vt 0.888306 0.270064
vt 0.889414 0.266367
vt 0.887478 0.268449
vt 0.887518 0.267325
vt 0.887405 0.267334
vt 0.887375 0.269192
vt 0.888195 0.272258
vt 0.888512 0.273009
vt 0.888636 0.270873
vt 0.887796 0.273208
vt 0.888075 0.274235
vt 0.888362 0.275070
vt 0.887727 0.274495
vt 0.887494 0.272811
vt 0.887391 0.274757
vt 0.888690 0.275379
vt 0.888763 0.276257
vt 0.888230 0.276902
vt 0.888350 0.261808
vt 0.887961 0.276061
vt 0.887738 0.275513
vt 0.887826 0.277969
vt 0.887699 0.265455
vt 0.889151 0.269715
vt 0.889042 0.271827
vt 0.889511 0.271249
vt 0.887254 0.277289
vt 0.887011 0.276245
vt 0.886916 0.277789
vt 0.886755 0.275834
vt 0.887085 0.274435
vt 0.887201 0.272432
vt 0.887182 0.278640
vt 0.887415 0.279263
vt 0.887295 0.280799
vt 0.887071 0.279985
vt 0.887524 0.277776
vt 0.887691 0.279784
vt 0.888090 0.279010
vt 0.887964 0.280696
vt 0.887798 0.282125
vt 0.887524 0.281776
vt 0.888482 0.278892
vt 0.887914 0.262204
vt 0.888282 0.259863
vt 0.888954 0.262034
vt 0.889992 0.263397
vt 0.890390 0.253997
vt 0.890849 0.265364
vt 0.889528 0.253066
vt 0.888743 0.257325
vt 0.890490 0.248163
vt 0.889945 0.267759
vt 0.891208 0.255128
vt 0.890632 0.270274
vt 0.891680 0.238013
vt 0.893452 0.252737
vt 0.893876 0.225497
vt 0.895577 0.230089
vt 0.894530 0.253759
vt 0.896168 0.243752
vt 0.895683 0.253383
vt 0.896685 0.256109
vt 0.897052 0.249571
vt 0.897339 0.241271
vt 0.898346 0.238031
vt 0.898519 0.244978
vt 0.897091 0.215728
vt 0.899604 0.223195
vt 0.897217 0.197908
vt 0.900095 0.239284
vt 0.900357 0.204376
vt 0.900890 0.223512
vt 0.900478 0.231784
vt 0.895132 0.211967
vt 0.902445 0.221354
vt 0.895064 0.264563
vt 0.894115 0.265157
vt 0.899659 0.247514
vt 0.894341 0.215290
vt 0.898107 0.251723
vt 0.903442 0.202342
vt 0.896305 0.262198
vt 0.899816 0.185350
vt 0.902571 0.189957
vt 0.901448 0.178684
vt 0.900015 0.176460
vt 0.902138 0.170289
vt 0.898636 0.174385
vt 0.903001 0.181182
vt 0.900330 0.167931
vt 0.897782 0.182098
vt 0.904007 0.192705
vt 0.901748 0.233902
vt 0.899706 0.164805
vt 0.903890 0.221055
vt 0.904355 0.212738
vt 0.904835 0.204469
vt 0.891525 0.268097
vt 0.903289 0.172017
vt 0.904492 0.184012
vt 0.890281 0.273540
vt 0.893812 0.270247
vt 0.892528 0.271994
vt 0.893470 0.275885
vt 0.893125 0.280746
vt 0.892295 0.278153
vt 0.905447 0.194374
vt 0.891623 0.274046
vt 0.887265 0.267711
vt 0.897742 0.258328
vt 0.891709 0.282528
vt 0.895406 0.266868
vt 0.887948 0.283445
vt 0.888209 0.282600
vt 0.890992 0.277999
vt 0.892219 0.280631
vt 0.892890 0.286583
vt 0.890634 0.281291
vt 0.886806 0.274204
vt 0.886555 0.275486
vt 0.886567 0.274066
vt 0.886780 0.272492
vt 0.886951 0.281284
vt 0.887143 0.281977
vt 0.886850 0.282609
vt 0.886744 0.280673
vt 0.886559 0.281839
vt 0.886585 0.283628
vt 0.886306 0.282818
vt 0.886642 0.280280
vt 0.886710 0.279174
vt 0.887058 0.283438
vt 0.886800 0.283873
vt 0.887319 0.283008
vt 0.887484 0.282298
vt 0.886600 0.284594
vt 0.886357 0.284060
vt 0.888856 0.273579
vt 0.888422 0.281328
vt 0.902018 0.165370
vt 0.903370 0.164919
vt 0.901140 0.162828
vt 0.886882 0.279531
vt 0.904537 0.173532
vt 0.904486 0.164811
vt 0.903495 0.158984
vt 0.904391 0.161889
vt 0.902416 0.161457
vt 0.905218 0.168557
vt 0.887707 0.283500
vt 0.889316 0.273150
vt 0.889485 0.274162
vt 0.889271 0.276485
vt 0.889102 0.274858
vt 0.888764 0.276831
vt 0.888939 0.275585
vt 0.888868 0.275129
vt 0.889722 0.275273
vt 0.886465 0.275456
vt 0.886443 0.276873
vt 0.886166 0.285134
vt 0.891652 0.285597
vt 0.892326 0.291473
vt 0.891747 0.290460
vt 0.891991 0.296661
vt 0.886603 0.277351
vt 0.886523 0.276584
vt 0.886972 0.278133
vt 0.893959 0.282055
vt 0.892896 0.292206
vt 0.644936 0.311392
vt 0.645078 0.316699
vt 0.644382 0.316462
vt 0.378446 0.368680
vt 0.378039 0.367393
vt 0.377940 0.370442
vt 0.377308 0.370331
vt 0.376645 0.375111
vt 0.378009 0.373448
vt 0.375746 0.367713
vt 0.378335 0.372254
vt 0.378323 0.364393
vt 0.378721 0.366967
vt 0.378658 0.369399
vt 0.378762 0.369058
vt 0.378749 0.369404
vt 0.378652 0.370699
vt 0.375412 0.374078
vt 0.375282 0.381352
vt 0.378812 0.369141
vt 0.378766 0.369954
vt 0.378697 0.370785
vt 0.378749 0.368727
vt 0.377736 0.379722
vt 0.376824 0.383390
vt 0.378328 0.376074
vt 0.378491 0.373980
vt 0.378582 0.372772
vt 0.378753 0.367810
vt 0.378637 0.372084
vt 0.375085 0.389180
vt 0.378530 0.371998
vt 0.379133 0.363822
vt 0.378608 0.368489
vt 0.378895 0.369241
vt 0.379079 0.365594
vt 0.859448 0.322187
vt 0.860477 0.330257
vt 0.860889 0.326010
vt 0.859803 0.327781
vt 0.861115 0.332719
vt 0.858776 0.323128
vt 0.858891 0.320855
vt 0.858240 0.321062
vt 0.861488 0.332219
vt 0.860051 0.335899
vt 0.384392 0.327197
vt 0.384482 0.325272
vt 0.384071 0.325921
vt 0.384547 0.325876
vt 0.384659 0.326375
vt 0.384608 0.325436
vt 0.380273 0.365817
vt 0.379550 0.364852
vt 0.947392 0.326939
vt 0.947469 0.331626
vt 0.947829 0.328097
vt 0.946557 0.332683
vt 0.946737 0.328475
vt 0.948020 0.325557
vt 0.948336 0.331334
vt 0.904401 0.157064
vt 0.903689 0.156295
vt 0.902887 0.156122
vt 0.901852 0.153501
vt 0.901571 0.160178
vt 0.900773 0.158515
vt 0.900551 0.161567
vt 0.900988 0.153521
vt 0.930888 0.245564
vt 0.930716 0.246987
vt 0.931134 0.247680
vt 0.930999 0.248542
vt 0.931188 0.249545
vt 0.931129 0.246190
vt 0.931138 0.243844
vt 0.930945 0.244037
vt 0.930811 0.243976
vt 0.931726 0.246692
vt 0.931835 0.243280
vt 0.931356 0.243663
vt 0.931683 0.239518
vt 0.932305 0.246783
vt 0.931774 0.250863
vt 0.932383 0.242589
vt 0.932353 0.237262
vt 0.931142 0.241359
vt 0.931923 0.235286
vt 0.931139 0.237774
vt 0.931448 0.237777
vt 0.931093 0.235150
vt 0.931453 0.234113
vt 0.930821 0.241302
vt 0.930696 0.243972
vt 0.930762 0.241284
vt 0.930750 0.238287
vt 0.930659 0.244973
vt 0.930693 0.234215
vt 0.931062 0.233794
vt 0.934724 0.240366
vt 0.935613 0.245929
vt 0.934769 0.246507
vt 0.933994 0.240534
vt 0.936669 0.251072
vt 0.937716 0.254013
vt 0.933957 0.246495
vt 0.933125 0.240415
vt 0.933163 0.246588
vt 0.937656 0.257773
vt 0.938705 0.257737
vt 0.935146 0.251635
vt 0.938782 0.263916
vt 0.939859 0.263910
vt 0.940971 0.263764
vt 0.942171 0.271405
vt 0.943417 0.275996
vt 0.861099 0.334028
vt 0.860518 0.339426
vt 0.947964 0.335567
vt 0.948696 0.337373
vt 0.949028 0.332725
vt 0.949461 0.327888
vt 0.948696 0.326768
vt 0.947635 0.340036
vt 0.948981 0.324541
vt 0.950019 0.323609
vt 0.947006 0.335557
vt 0.946258 0.339155
vt 0.946855 0.342359
vt 0.949457 0.320758
vt 0.949799 0.318225
vt 0.946470 0.338480
vt 0.948655 0.318167
vt 0.946158 0.345330
vt 0.904661 0.162016
vt 0.905048 0.162703
vt 0.393147 0.320242
vt 0.392713 0.319064
vt 0.392883 0.324176
vt 0.393194 0.313759
vt 0.392371 0.322726
vt 0.392243 0.322067
vt 0.391015 0.330137
vt 0.890854 0.286041
vt 0.890726 0.291949
vt 0.905462 0.160351
vt 0.904846 0.161966
vt 0.905356 0.162639
vt 0.905100 0.162842
vt 0.960975 0.291816
vt 0.890144 0.277832
vt 0.380797 0.302654
vt 0.861370 0.333471
vt 0.861454 0.333991
vt 0.861348 0.337059
vt 0.886903 0.270479
vt 0.655489 0.567091
vt 0.655144 0.573460
vt 0.654987 0.577190
vt 0.393590 0.312939
vt 0.393266 0.308596
vt 0.393150 0.311149
vt 0.392806 0.307938
vt 0.393628 0.308470
vt 0.392683 0.310780
vt 0.393306 0.306448
vt 0.392811 0.304951
vt 0.393236 0.299938
vt 0.393937 0.304579
vt 0.392360 0.304647
vt 0.392466 0.307494
vt 0.392715 0.301299
vt 0.392257 0.307746
vt 0.392092 0.305907
vt 0.392434 0.309421
vt 0.392195 0.309184
vt 0.393934 0.300349
vt 0.393890 0.295905
vt 0.394441 0.300098
vt 0.391927 0.308109
vt 0.391975 0.309295
vt 0.391927 0.310045
vt 0.391845 0.310515
vt 0.391958 0.309579
vt 0.394296 0.297594
vt 0.391988 0.311066
vt 0.391725 0.311354
vt 0.391757 0.312308
vt 0.391556 0.312102
vt 0.391872 0.315396
vt 0.392309 0.313505
vt 0.391339 0.316225
vt 0.391249 0.322370
vt 0.392252 0.320824
vt 0.390140 0.321543
vt 0.392318 0.309229
vt 0.392822 0.311405
vt 0.394473 0.297714
vt 0.394471 0.296440
vt 0.394720 0.297321
vt 0.392369 0.310129
vt 0.744467 0.447214
vt 0.744298 0.452006
vt 0.744786 0.449300
vt 0.745272 0.456617
vt 0.744335 0.455307
vt 0.744628 0.447236
vt 0.743323 0.449375
vt 0.743854 0.441719
vt 0.744687 0.442627
vt 0.744410 0.436008
vt 0.743274 0.455137
vt 0.745049 0.438653
vt 0.744318 0.462721
vt 0.742959 0.464574
vt 0.743454 0.471157
vt 0.744451 0.469667
vt 0.745110 0.434767
vt 0.744917 0.432881
vt 0.394059 0.312139
vt 0.394165 0.308980
vt 0.394136 0.317706
vt 0.379480 0.366820
vt 0.395110 0.298706
vt 0.930133 0.236494
vt 0.930237 0.241664
vt 0.396240 0.623240
vt 0.395710 0.620083
vt 0.397706 0.633059
vt 0.398429 0.638008
vt 0.399709 0.646859
vt 0.400102 0.649641
vt 0.390140 0.584185
vt 0.390544 0.587105
vt 0.389320 0.577423
vt 0.403285 0.671701
vt 0.404310 0.678814
vt 0.388820 0.573263
vt 0.404565 0.680565
vt 0.405853 0.689330
vt 0.388031 0.567449
vt 0.406385 0.692996
vt 0.406694 0.695097
vt 0.407957 0.703788
vt 0.385999 0.553679
vt 0.408305 0.706183
vt 0.385265 0.548920
vt 0.384405 0.543278
vt 0.408812 0.709678
vt 0.383731 0.538753
vt 0.409633 0.714787
vt 0.410255 0.718861
vt 0.381895 0.526142
vt 0.410739 0.722266
vt 0.381200 0.521643
vt 0.380207 0.514816
vt 0.379230 0.507697
vt 0.411696 0.728811
vt 0.412073 0.731404
vt 0.377587 0.496276
vt 0.412565 0.734887
vt 0.413350 0.740257
vt 0.376481 0.488956
vt 0.414154 0.745953
vt 0.375436 0.482203
vt 0.374601 0.476544
vt 0.414908 0.750956
vt 0.415373 0.754168
vt 0.372326 0.460318
vt 0.415820 0.757172
vt 0.371086 0.451778
vt 0.370395 0.447010
vt 0.369978 0.444260
vt 0.368280 0.432655
vt 0.367522 0.427543
vt 0.365449 0.413597
vt 0.454174 0.060776
vt 0.457925 0.114082
vt 0.456503 0.093700
vt 0.458972 0.128550
vt 0.461200 0.160716
vt 0.461702 0.167678
vt 0.459745 0.140122
vt 0.462300 0.176211
vt 0.460558 0.151636
vt 0.464535 0.207972
vt 0.465087 0.215616
vt 0.463458 0.192469
vt 0.466453 0.234771
vt 0.465636 0.223408
vt 0.463783 0.197241
vt 0.466750 0.239011
vt 0.467707 0.252563
vt 0.467126 0.244399
vt 0.468625 0.265579
vt 0.469047 0.271767
vt 0.469909 0.283886
vt 0.470873 0.297792
vt 0.471405 0.305228
vt 0.470293 0.289306
vt 0.472265 0.317501
vt 0.473097 0.329292
vt 0.474068 0.343114
vt 0.474430 0.349155
vt 0.475447 0.362727
vt 0.475798 0.370491
vt 0.476397 0.377691
vt 0.476877 0.384869
vt 0.698377 0.548586
vt 0.698642 0.550960
vt 0.697049 0.537250
vt 0.696204 0.529671
vt 0.695640 0.524845
vt 0.700028 0.563306
vt 0.694245 0.512856
vt 0.694536 0.515365
vt 0.692502 0.497249
vt 0.693025 0.502125
vt 0.693915 0.509981
vt 0.691923 0.492109
vt 0.691457 0.488368
vt 0.690899 0.483371
vt 0.690306 0.478118
vt 0.689693 0.472880
vt 0.689399 0.470466
vt 0.688715 0.464439
vt 0.687742 0.456092
vt 0.686673 0.446736
vt 0.686057 0.441363
vt 0.682350 0.409035
vt 0.683335 0.417705
vt 0.681177 0.398486
vt 0.680574 0.393314
vt 0.679799 0.386523
vt 0.679452 0.383571
vt 0.678850 0.378291
vt 0.678535 0.375576
vt 0.678124 0.371996
vt 0.677669 0.367869
vt 0.677174 0.363569
vt 0.674271 0.364741
vt 0.670591 0.381866
vt 0.671193 0.379031
vt 0.673079 0.370199
vt 0.669270 0.387929
vt 0.667961 0.393987
vt 0.667281 0.397008
vt 0.665675 0.404287
vt 0.663877 0.412839
vt 0.662732 0.418173
vt 0.659361 0.433498
vt 0.657744 0.441259
vt 0.652638 0.465497
vt 0.652189 0.467270
vt 0.650900 0.472834
vt 0.648825 0.482392
vt 0.653525 0.461132
vt 0.655515 0.452028
vt 0.656087 0.449302
vt 0.651650 0.469479
vt 0.648387 0.484483
vt 0.647266 0.490018
vt 0.645394 0.498849
vt 0.643069 0.508552
vt 0.641784 0.514277
vt 0.639608 0.524148
vt 0.635146 0.545041
vt 0.634601 0.547447
vt 0.633741 0.551234
vt 0.632831 0.555362
vt 0.632320 0.557728
vt 0.631639 0.560772
vt 0.630634 0.565381
vt 0.629478 0.570523
vt 0.627332 0.580396
vt 0.626070 0.585966
vt 0.075627 0.796438
vt 0.075655 0.793251
vt 0.075834 0.774800
vt 0.075793 0.779207
vt 0.075855 0.772321
vt 0.075953 0.762363
vt 0.075596 0.799713
vt 0.075705 0.788264
vt 0.075890 0.769059
vt 0.076035 0.754403
vt 0.076166 0.740623
vt 0.076267 0.730417
vt 0.076303 0.726980
vt 0.075522 0.806077
vt 0.076344 0.722010
vt 0.076386 0.718032
vt 0.076436 0.712273
vt 0.076498 0.706520
vt 0.076557 0.699820
vt 0.076637 0.692435
vt 0.076663 0.689475
vt 0.076683 0.686732
vt 0.076739 0.680449
vt 0.076820 0.673015
vt 0.076890 0.665196
vt 0.076992 0.654869
vt 0.077023 0.652004
vt 0.077130 0.641258
vt 0.077224 0.631394
vt 0.077368 0.616957
vt 0.077424 0.609421
vt 0.077463 0.606339
vt 0.077515 0.601801
vt 0.077575 0.595246
vt 0.077649 0.587633
vt 0.077733 0.578518
vt 0.077771 0.574747
vt 0.077802 0.571921
vt 0.077842 0.567897
vt 0.077944 0.557267
vt 0.078042 0.547819
vt 0.078109 0.540203
vt 0.078173 0.533852
vt 0.078310 0.519806
vt 0.078468 0.505402
vt 0.078542 0.496009
vt 0.078624 0.487176
vt 0.078768 0.472287
vt 0.078844 0.464592
vt 0.078971 0.451679
vt 0.079069 0.441552
vt 0.079138 0.434450
vt 0.079214 0.426306
vt 0.114350 0.417871
vt 0.113676 0.417335
vt 0.079253 0.421850
vt 0.109452 0.414123
vt 0.108429 0.413478
vt 0.106412 0.412146
vt 0.110514 0.414889
vt 0.079411 0.406123
vt 0.088037 0.399731
vt 0.085396 0.397875
vt 0.079461 0.401749
vt 0.101925 0.408625
vt 0.082131 0.395798
vt 0.079919 0.394261
vt 0.099263 0.406984
vt 0.090656 0.401433
vt 0.095793 0.404881
vt 0.094171 0.403838
vt 0.091707 0.402167
vt 0.913735 0.308692
vt 0.912517 0.307982
vt 0.916205 0.310327
vt 0.916970 0.310805
vt 0.909591 0.307030
vt 0.918662 0.311994
vt 0.919418 0.312525
vt 0.908817 0.306663
vt 0.914994 0.309427
vt 0.907193 0.302790
vt 0.906872 0.288983
vt 0.907011 0.296189
vt 0.906623 0.276903
vt 0.906548 0.273614
vt 0.922643 0.314901
vt 0.923173 0.315251
vt 0.924607 0.316115
vt 0.290404 0.112397
vt 0.291751 0.110283
vt 0.278214 0.130352
vt 0.263838 0.153126
vt 0.266383 0.149472
vt 0.292772 0.108674
vt 0.288528 0.115120
vt 0.275099 0.135290
vt 0.305238 0.089526
vt 0.302645 0.093110
vt 0.301887 0.094368
vt 0.296314 0.103184
vt 0.297856 0.100846
vt 0.271385 0.141000
vt 0.270321 0.142734
vt 0.262878 0.154497
vt 0.259454 0.159584
vt 0.260786 0.157542
vt 0.256506 0.164088
vt 0.258007 0.161798
vt 0.283501 0.122787
vt 0.281856 0.125039
vt 0.306258 0.088137
vt 0.299179 0.098901
vt 0.255300 0.165975
vt 0.306857 0.087217
vt 0.311083 0.080908
vt 0.252922 0.169779
vt 0.312290 0.079133
vt 0.313239 0.077823
vt 0.315144 0.075030
vt 0.248767 0.176260
vt 0.247541 0.178048
vt 0.245614 0.181009
vt 0.244500 0.182741
vt 0.239731 0.189983
vt 0.241828 0.186772
vt 0.237675 0.192962
vt 0.236968 0.193995
vt 0.231605 0.201349
vt 0.235347 0.196196
vt 0.230327 0.203534
vt 0.227343 0.208340
vt 0.225963 0.210213
vt 0.214935 0.226078
vt 0.222936 0.214229
vt 0.222029 0.215432
vt 0.219335 0.220188
vt 0.212528 0.229979
vt 0.211294 0.232111
vt 0.210323 0.230538
vt 0.210342 0.225789
vt 0.210318 0.195823
vt 0.210342 0.207065
vt 0.210329 0.186590
vt 0.210297 0.167143
vt 0.210331 0.181955
vt 0.210290 0.160798
vt 0.210329 0.176436
vt 0.210276 0.150784
vt 0.210284 0.131687
vt 0.210294 0.117285
vt 0.210285 0.096495
vt 0.523265 0.060773
vt 0.524792 0.056639
vt 0.518816 0.072633
vt 0.520524 0.068122
vt 0.521185 0.066209
vt 0.508434 0.097473
vt 0.509197 0.095959
vt 0.510132 0.094328
vt 0.505778 0.103683
vt 0.506437 0.101838
vt 0.503391 0.109561
vt 0.502323 0.112378
vt 0.501248 0.115452
vn 0.303350 0.951844 0.015834
vn 0.316862 0.946301 0.054939
vn 0.332700 0.942786 0.021507
vn 0.261023 0.958267 0.076029
vn 0.285701 0.957026 0.015445
vn 0.216069 0.966562 -0.039109
vn 0.249278 0.947822 0.182522
vn 0.111954 0.968229 -0.076896
vn 0.118645 0.953667 0.236131
vn -0.028458 0.891188 -0.190034
vn -0.060791 0.843934 -0.370925
vn -0.324724 0.493939 -0.551624
vn -0.068650 0.971928 -0.074302
vn -0.523617 0.389003 -0.672059
vn -0.450242 0.680711 -0.333859
vn -0.331722 0.837334 -0.134217
vn -0.552513 -0.022625 -0.761589
vn -0.518749 0.025830 -0.767821
vn -0.613693 0.471851 -0.461878
vn -0.510560 -0.518679 -0.665585
vn -0.451630 0.746908 -0.477319
vn 0.469561 0.783142 -0.202261
vn 0.491818 0.500202 -0.336677
vn 0.575720 0.755195 -0.071298
vn 0.089508 0.834413 -0.220048
vn 0.283951 0.921033 -0.122836
vn 0.178513 0.951290 -0.235686
vn -0.333054 0.559253 -0.562172
vn 0.396861 0.912575 0.093715
vn 0.174271 0.977497 -0.044572
vn -0.386356 0.801651 -0.263888
vn 0.148387 0.963763 0.053697
vn 0.238319 0.954174 -0.174460
vn -0.071339 0.951075 -0.054812
vn -0.749602 0.468255 -0.467796
vn -0.163243 0.798386 -0.109726
vn 0.078329 0.733017 -0.377964
vn -0.397824 0.779702 0.182121
vn -0.660134 0.671897 0.093946
vn -0.672564 0.482612 -0.144400
vn -0.790063 0.612187 -0.032072
vn -0.903133 0.402033 0.101462
vn -0.919848 0.344033 0.188472
vn -0.198223 0.957316 0.027256
vn -0.299848 0.518605 0.569703
vn -0.270494 0.935773 0.101391
vn -0.074609 0.775213 0.470394
vn -0.366171 0.887532 0.123817
vn -0.186567 0.976345 -0.067472
vn -0.028485 0.987416 -0.035007
vn -0.743253 0.255325 0.442822
vn -0.170634 0.970155 -0.041910
vn -0.021273 0.983921 0.120157
vn -0.257026 0.013455 0.820505
vn -0.688304 0.560904 0.285114
vn -0.157853 0.982230 -0.051167
vn -0.320358 0.900941 0.188357
vn -0.012939 0.992652 -0.027165
vn -0.029852 0.941488 0.290811
vn 0.031629 0.993950 -0.070514
vn -0.863775 -0.000980 0.465867
vn -0.942604 0.042410 0.326242
vn -0.379239 0.882358 0.153409
vn -0.076118 0.989897 -0.119471
vn -0.380118 0.864114 0.294419
vn -0.246985 0.939570 0.158634
vn -0.099765 0.965880 0.073332
vn -0.171441 0.971606 0.040513
vn -0.425771 0.838515 0.296436
vn -0.345327 0.824076 0.419069
vn -0.088812 0.982928 0.107544
vn -0.480192 0.829235 0.136216
vn -0.380268 0.873213 0.137276
vn -0.245004 0.819136 0.466746
vn -0.022916 0.997680 -0.042434
vn -0.001702 0.954479 0.264323
vn -0.245587 0.911183 -0.116951
vn -0.136551 0.981864 -0.003083
vn -0.141806 0.976479 0.151339
vn -0.027989 0.995999 -0.007776
vn -0.141222 0.977241 0.084207
vn -0.296017 0.913112 -0.152922
vn -0.211710 0.947021 -0.074749
vn -0.095979 0.947751 -0.210107
vn -0.349860 0.879205 -0.277249
vn -0.136877 0.978441 -0.082138
vn -0.104209 0.775442 -0.498185
vn -0.433383 0.843790 -0.291567
vn -0.508352 0.849568 -0.106973
vn -0.430185 0.875689 -0.083680
vn 0.316996 0.812836 -0.205362
vn -0.432113 0.811395 -0.379336
vn -0.232378 0.938191 -0.107100
vn 0.099058 0.637737 -0.563696
vn 0.096570 0.927015 -0.019004
vn -0.497031 0.819104 -0.255950
vn -0.559572 0.818515 -0.076752
vn -0.542494 0.829960 -0.019413
vn 0.525049 0.679385 0.224805
vn 0.180598 0.618134 0.445129
vn -0.511765 0.803237 -0.283072
vn -0.317868 0.916895 0.056835
vn -0.152787 0.956596 0.185642
vn -0.557951 0.821476 -0.076850
vn -0.619372 0.767519 -0.019592
vn -0.342136 0.842404 0.204458
vn -0.642713 0.756193 -0.078668
vn -0.485789 0.853895 0.033137
vn -0.506055 0.734674 0.189904
vn -0.713503 0.688304 -0.116271
vn -0.628606 0.767559 -0.062888
vn -0.584931 0.806057 -0.076369
vn -0.520601 0.184247 0.495121
vn -0.708689 0.668777 0.047952
vn -0.767099 0.532552 0.030021
vn -0.771817 0.527675 -0.130130
vn -0.802774 0.389496 0.251578
vn -0.745993 0.605675 0.001578
vn -0.169174 0.557112 0.655903
vn -0.847584 0.464365 -0.077603
vn -0.310325 0.837445 0.228298
vn 0.516470 0.663324 -0.541535
vn 0.506687 0.764727 -0.338644
vn 0.626354 0.670382 -0.130804
vn 0.026851 0.997187 -0.036303
vn 0.006044 0.995588 -0.080914
vn 0.003407 0.996173 -0.080024
vn 0.013328 0.999473 -0.002176
vn -0.014966 0.997373 -0.047843
vn 0.030910 0.999298 0.002783
vn -0.014872 0.996188 -0.083069
vn 0.023436 0.992982 -0.080488
vn 0.017949 0.999625 -0.009324
vn -0.007184 0.999719 0.007317
vn -0.010930 0.999162 -0.019853
vn 0.000248 0.996952 -0.072260
vn 0.018595 0.994461 -0.088640
vn 0.007391 0.999676 0.015325
vn -0.000508 0.999327 0.004610
vn -0.004358 0.998118 -0.026141
vn -0.003729 0.999071 -0.025665
vn 0.013489 0.998586 -0.042287
vn 0.012367 0.999771 0.002961
vn -0.000452 0.999706 -0.018913
vn -0.015997 0.999428 0.029454
vn 0.001460 0.997577 0.047536
vn -0.011750 0.999035 0.032583
vn 0.000455 0.998220 -0.040224
vn 0.002089 0.997548 -0.010037
vn 0.008522 0.999402 0.023757
vn 0.002644 0.999616 0.026369
vn 0.014064 0.999004 0.030431
vn -0.006070 0.998599 0.038856
vn 0.023171 0.996290 -0.073365
vn 0.023635 0.998725 -0.021976
vn 0.003600 0.999582 0.028408
vn -0.008968 0.999862 0.011364
vn 0.015551 0.999159 0.032720
vn -0.012051 0.995448 0.088412
vn -0.003049 0.993494 0.108226
vn -0.000329 0.998928 0.029215
vn 0.016121 0.999432 0.004861
vn 0.031086 0.996084 -0.078124
vn -0.018057 0.998359 0.035419
vn 0.005538 0.998362 0.042701
vn 0.017609 0.997939 0.058006
vn -0.016506 0.992344 0.117026
vn 0.012432 0.994182 0.098858
vn -0.020945 0.995227 0.083985
vn -0.004968 0.994286 0.100562
vn 0.025253 0.998616 -0.022362
vn 0.025269 0.996953 -0.059745
vn 0.021317 0.998401 0.040389
vn 0.003342 0.999323 0.011458
vn 0.018532 0.998288 0.037167
vn 0.029165 0.999204 0.009390
vn 0.027225 0.998587 0.027007
vn 0.003528 0.998729 0.049094
vn -0.005938 0.994879 0.092648
vn -0.000271 0.992251 0.106191
vn 0.021143 0.995380 -0.089853
vn 0.016422 0.998751 0.021889
vn 0.009584 0.997819 0.055500
vn 0.011946 0.998136 0.034660
vn 0.005574 0.997810 0.056967
vn 0.028311 0.998266 0.022465
vn 0.006943 0.999257 0.022891
vn 0.016467 0.999767 0.012888
vn -0.011868 0.996740 0.064070
vn 0.033993 0.995083 0.059544
vn -0.029519 0.984837 0.166771
vn 0.009088 0.989931 0.141258
vn 0.014483 0.997249 -0.062695
vn 0.004833 0.994412 -0.104841
vn 0.013967 0.997950 -0.028411
vn 0.025644 0.996735 0.072163
vn -0.008865 0.999723 -0.002635
vn 0.006920 0.998955 0.022432
vn 0.011972 0.999672 0.013369
vn -0.014683 0.999289 0.026033
vn 0.016297 0.999454 -0.015333
vn 0.023193 0.997520 0.050313
vn -0.005756 0.999104 0.024674
vn 0.010718 0.995317 0.073612
vn 0.011406 0.999145 0.024269
vn 0.002244 0.988946 0.136546
vn -0.004832 0.989357 0.137885
vn -0.002491 0.995464 -0.088768
vn 0.011522 0.995681 0.088987
vn 0.011071 0.996953 0.069469
vn 0.006951 0.994848 0.097228
vn -0.011643 0.999825 0.003238
vn 0.003288 0.998801 0.032880
vn 0.009952 0.999511 0.006256
vn 0.025269 0.999147 0.000604
vn -0.011196 0.999640 0.014086
vn -0.001805 0.999103 0.010831
vn 0.022906 0.999236 0.005806
vn -0.029275 0.998722 0.023768
vn 0.027713 0.998433 -0.019785
vn 0.059006 0.997358 -0.002142
vn 0.007119 0.995705 -0.080384
vn -0.005423 0.995258 0.096164
vn 0.001809 0.998763 0.047328
vn 0.009374 0.999807 0.004263
vn 0.029667 0.999512 0.007914
vn 0.057100 0.997296 0.019049
vn -0.001267 0.999351 -0.002179
vn 0.014954 0.998901 0.025623
vn -0.017995 0.999288 0.002423
vn 0.020833 0.999531 -0.002615
vn -0.006311 0.999295 -0.003760
vn 0.004908 0.996303 0.080309
vn 0.012087 0.997397 0.062931
vn 0.005935 0.993305 -0.105983
vn 0.000871 0.998604 0.009320
vn -0.004689 0.999970 0.004976
vn 0.006160 0.999416 0.011574
vn -0.019031 0.999614 0.000822
vn 0.012188 0.999206 0.016622
vn 0.022610 0.999408 0.021505
vn -0.003930 0.999909 -0.002124
vn -0.001399 0.997144 0.006842
vn 0.031920 0.997466 0.034098
vn -0.023594 0.997579 -0.057719
vn 0.021462 0.997302 0.067375
vn 0.005052 0.987521 -0.153696
vn 0.018178 0.997838 0.060640
vn 0.003748 0.999953 0.007727
vn -0.002972 0.999885 0.009626
vn -0.008599 0.999895 -0.002592
vn 0.011558 0.999536 0.005195
vn -0.020648 0.999763 0.005179
vn -0.006424 0.999928 -0.007750
vn -0.011582 0.999415 0.005891
vn 0.034557 0.999349 0.003652
vn -0.015103 0.999526 0.019311
vn 0.001938 0.999511 0.009928
vn 0.006164 0.999096 0.020004
vn -0.017121 0.999302 0.013503
vn 0.001526 0.989003 -0.141916
vn -0.003331 0.993200 -0.097883
vn 0.011238 0.999127 0.014517
vn 0.017618 0.998931 0.035831
vn 0.008457 0.994858 -0.080088
vn 0.025497 0.998086 0.056337
vn 0.017571 0.995329 0.091083
vn 0.013982 0.999836 0.004022
vn -0.014771 0.999873 -0.005390
vn -0.024338 0.999488 0.015577
vn -0.018031 0.999754 -0.004782
vn -0.010472 0.999500 0.016365
vn -0.015892 0.999620 0.012748
vn 0.008491 0.999343 0.006641
vn -0.001838 0.999768 0.005436
vn 0.025963 0.999352 0.020437
vn -0.013440 0.999731 0.009096
vn -0.018664 0.999006 0.027803
vn 0.006509 0.999585 0.018532
vn 0.031189 0.997893 0.054282
vn 0.017344 0.999504 -0.014339
vn -0.022658 0.997564 0.058719
vn -0.000726 0.994077 0.106718
vn 0.019223 0.999482 0.015137
vn -0.011164 0.999676 0.010876
vn 0.005328 0.999725 -0.001455
vn 0.018976 0.999317 0.004928
vn -0.014692 0.999278 0.017976
vn 0.009472 0.999615 0.013960
vn -0.008246 0.999421 0.018753
vn 0.002579 0.998693 0.043470
vn 0.018080 0.996896 0.053477
vn 0.008133 0.999913 0.000491
vn 0.021562 0.999682 0.007173
vn 0.010945 0.992811 0.117999
vn 0.016218 0.999524 0.019955
vn -0.009398 0.999690 0.012317
vn 0.021282 0.998941 0.030083
vn 0.007156 0.998645 0.036303
vn -0.002672 0.999443 0.019775
vn 0.045908 0.997980 0.005395
vn 0.042044 0.998425 0.005354
vn -0.021133 0.999576 -0.002941
vn 0.023425 0.999286 0.020187
vn 0.003777 0.999251 -0.001222
vn 0.000862 0.999214 0.031633
vn 0.016029 0.999322 0.024263
vn 0.025194 0.999280 0.026169
vn 0.018135 0.999645 0.004999
vn 0.015757 0.999484 0.017073
vn 0.012754 0.994453 0.101008
vn -0.005208 0.999423 0.007787
vn 0.025784 0.999034 0.017109
vn -0.001562 0.999558 0.012776
vn 0.026624 0.998727 0.029032
vn 0.071610 0.996811 0.021223
vn 0.004142 0.999648 0.011676
vn 0.023785 0.999249 0.022844
vn 0.019004 0.999328 0.014010
vn -0.009330 0.999170 0.003805
vn -0.006448 0.999508 0.026913
vn 0.016010 0.999450 0.019827
vn 0.019973 0.998206 0.027144
vn 0.028031 0.998998 0.019203
vn 0.011218 0.999620 -0.001340
vn -0.009047 0.999589 0.009331
vn 0.019879 0.999083 0.022147
vn 0.034055 0.998435 0.037339
vn 0.028085 0.997974 0.014943
vn 0.038019 0.996983 -0.010435
vn 0.046923 0.996927 0.040327
vn -0.046020 0.998738 0.000660
vn -0.017761 0.999587 -0.001358
vn 0.035220 0.999241 0.012342
vn 0.007738 0.999465 0.009328
vn 0.018923 0.999137 0.034295
vn 0.007251 0.999706 0.016029
vn 0.022855 0.997092 0.057104
vn 0.020531 0.998953 0.009089
vn 0.025261 0.999312 0.010508
vn 0.016224 0.999537 0.019615
vn 0.004347 0.999700 0.005683
vn 0.001692 0.999753 0.018867
vn 0.030460 0.997731 0.058642
vn 0.019595 0.998812 0.028879
vn 0.016724 0.999257 0.022424
vn 0.045040 0.998004 0.043163
vn 0.032713 0.997474 0.058485
vn 0.001847 0.999285 0.000685
vn -0.003447 0.999000 0.026520
vn 0.010142 0.999728 0.011499
vn -0.001526 0.999831 0.016262
vn -0.022660 0.999267 0.014302
vn 0.008443 0.997822 0.048494
vn 0.038704 0.999014 0.005784
vn 0.003430 0.998727 0.005114
vn 0.025736 0.999029 0.028590
vn 0.015557 0.999260 0.030565
vn 0.008172 0.999901 0.008792
vn 0.022134 0.998609 0.040899
vn 0.009643 0.999220 0.013618
vn 0.036035 0.998268 0.027838
vn 0.006328 0.999718 0.014929
vn 0.036468 0.997867 0.039083
vn 0.011586 0.997636 0.065748
vn 0.000093 0.998143 -0.040610
vn -0.019995 0.999507 -0.021890
vn -0.005045 0.999456 0.000761
vn -0.017646 0.999144 0.031562
vn 0.009442 0.999809 0.006567
vn -0.000796 0.999870 0.014590
vn 0.029450 0.999391 0.000304
vn 0.039261 0.998986 0.011636
vn 0.017053 0.998722 0.011078
vn 0.020861 0.995588 0.086654
vn 0.022922 0.998822 0.030181
vn -0.005142 0.999733 0.001996
vn 0.003543 0.999896 -0.001667
vn 0.025863 0.998501 0.042786
vn 0.036089 0.998637 0.020207
vn -0.019292 0.999221 -0.016966
vn -0.005570 0.999568 0.005141
vn 0.019452 0.998388 0.041131
vn -0.011088 0.998229 -0.049804
vn 0.000435 0.999497 0.021999
vn -0.003455 0.999784 0.018755
vn 0.014409 0.999731 0.009956
vn 0.015668 0.999732 0.004778
vn 0.007169 0.999805 0.015098
vn 0.038405 0.997387 0.044456
vn 0.032522 0.999283 0.003971
vn 0.032629 0.999346 0.013524
vn 0.025313 0.997553 0.063100
vn 0.056536 0.993767 0.091946
vn 0.031084 0.998835 0.029488
vn 0.038889 0.998394 0.020108
vn 0.021685 0.999717 0.001422
vn 0.018298 0.998684 0.039242
vn 0.021924 0.998665 0.020956
vn 0.029768 0.998645 0.029943
vn 0.001902 0.999625 0.003004
vn 0.032400 0.998528 0.021666
vn 0.017391 0.998835 -0.033238
vn -0.004716 0.998915 0.001563
vn -0.000675 0.999765 0.013398
vn -0.012824 0.999879 0.005346
vn 0.006323 0.999875 0.008124
vn 0.030272 0.999340 0.010896
vn 0.037536 0.998890 0.017024
vn 0.045685 0.994871 0.087818
vn 0.018182 0.999127 0.017030
vn 0.010154 0.999686 -0.012360
vn 0.040852 0.998348 0.031420
vn 0.004974 0.998853 -0.009550
vn -0.021985 0.999560 -0.001705
vn -0.010468 0.999813 0.013261
vn -0.006864 0.999830 -0.007377
vn 0.014833 0.999674 0.019077
vn 0.031322 0.999244 -0.013748
vn 0.009978 0.999653 0.007387
vn 0.033736 0.999159 0.002966
vn 0.029891 0.999062 0.017815
vn 0.035737 0.999104 -0.000728
vn 0.026147 0.999274 0.008329
vn -0.005054 0.999273 0.025644
vn 0.050735 0.998238 -0.009775
vn 0.015234 0.999619 0.018666
vn 0.003811 0.999380 0.007821
vn -0.018408 0.999553 0.010485
vn -0.021658 0.999563 -0.001720
vn 0.034502 0.998471 0.038428
vn 0.008801 0.999685 0.014457
vn 0.019015 0.999612 0.018657
vn -0.023023 0.998647 -0.038901
vn -0.029096 0.999170 -0.013842
vn 0.006227 0.998043 0.031749
vn 0.005138 0.999357 0.031362
vn 0.017616 0.999636 0.007439
vn 0.026715 0.999505 0.004597
vn 0.010914 0.999447 0.000346
vn 0.033976 0.997291 0.057579
vn 0.052314 0.998151 -0.002017
vn 0.072017 0.992783 0.045105
vn 0.066601 0.997219 -0.000762
vn 0.040367 0.998829 -0.024551
vn 0.012954 0.999270 0.019680
vn -0.022853 0.998839 0.041288
vn 0.004281 0.999870 0.012882
vn 0.030133 0.998620 0.031343
vn 0.012014 0.999168 0.034113
vn 0.037109 0.997615 0.028413
vn -0.030024 0.998943 -0.020603
vn 0.029072 0.998413 0.014680
vn -0.030837 0.998363 0.039576
vn 0.017332 0.999714 0.012923
vn 0.022548 0.999527 0.013369
vn -0.014314 0.999645 0.004590
vn 0.129862 0.976872 0.009458
vn 0.049407 0.996329 -0.017447
vn 0.064065 0.995469 0.028468
vn 0.095457 0.992779 0.016045
vn 0.018306 0.998949 -0.028107
vn 0.051614 0.997145 -0.040637
vn -0.011928 0.999536 0.006988
vn 0.067655 0.997223 -0.018445
vn 0.002096 0.999454 0.024011
vn 0.019672 0.999442 0.015773
vn 0.006881 0.998954 0.037886
vn -0.031819 0.999429 -0.009626
vn -0.016869 0.999564 0.003075
vn 0.023327 0.998857 0.030407
vn 0.065069 0.996951 0.033368
vn -0.006784 0.998784 -0.000072
vn -0.008123 0.998796 0.010046
vn -0.001861 0.999803 -0.012312
vn 0.003779 0.999391 0.019956
vn -0.006130 0.999623 -0.005644
vn 0.029621 0.999362 0.005183
vn 0.354265 0.895285 0.073242
vn 0.104024 0.992226 0.027671
vn 0.218072 0.951424 0.140940
vn 0.185017 0.971952 0.109226
vn 0.042554 0.998418 -0.034524
vn 0.025782 0.998253 -0.008546
vn 0.037799 0.998087 -0.010478
vn 0.013162 0.999767 0.011287
vn 0.001445 0.998996 0.036286
vn 0.005491 0.998698 0.035335
vn 0.031580 0.999287 0.012921
vn 0.065031 0.997145 0.028370
vn -0.004065 0.999478 -0.022308
vn -0.041823 0.996323 0.058467
vn 0.013281 0.999720 -0.005040
vn 0.016486 0.999589 0.010077
vn 0.009913 0.999308 0.022971
vn 0.006019 0.999476 0.015294
vn -0.018759 0.999132 0.014208
vn 0.034758 0.999061 0.022565
vn 0.327293 0.891089 0.248748
vn 0.112238 0.993570 0.005628
vn 0.241008 0.946730 0.197274
vn 0.169708 0.978227 0.093436
vn 0.043033 0.998482 0.012871
vn -0.005322 0.999762 0.012295
vn 0.075406 0.996630 -0.019243
vn 0.066821 0.997700 0.000299
vn 0.000717 0.999790 0.007115
vn 0.015711 0.999624 0.004680
vn 0.018051 0.998038 0.050767
vn 0.022155 0.997581 0.061737
vn 0.052007 0.998292 0.017768
vn -0.010368 0.999639 0.022353
vn 0.083400 0.995633 0.038798
vn 0.066754 0.997384 0.020523
vn 0.033671 0.997817 0.052535
vn -0.001175 0.999202 0.018991
vn 0.013243 0.999652 -0.000838
vn 0.004349 0.999643 0.014388
vn 0.024439 0.999234 0.020510
vn 0.410722 0.839178 0.344162
vn 0.073815 0.995353 -0.028098
vn 0.147114 0.987421 0.041320
vn 0.022566 0.997384 0.052076
vn 0.016102 0.999052 -0.000052
vn -0.015861 0.999438 0.027232
vn 0.038329 0.998010 0.035661
vn 0.040720 0.995486 0.069009
vn 0.030754 0.998101 0.052740
vn 0.046950 0.997630 0.045006
vn 0.061616 0.997687 0.020739
vn -0.026656 0.999566 -0.012479
vn -0.006502 0.999698 -0.004201
vn -0.003468 0.999653 0.013992
vn 0.001212 0.999496 0.015380
vn 0.019778 0.999477 0.014686
vn 0.219033 0.896821 0.361120
vn 0.105938 0.991309 0.059917
vn 0.183693 0.942833 0.243779
vn 0.214773 0.953983 0.201692
vn 0.031730 0.998141 0.007917
vn 0.007417 0.998607 0.043982
vn 0.039825 0.998358 0.011456
vn 0.053522 0.997659 -0.010577
vn 0.014011 0.999665 0.017507
vn 0.028008 0.999075 0.007351
vn -0.009347 0.998952 0.037654
vn 0.030431 0.997549 -0.015845
vn 0.024425 0.996617 0.057711
vn 0.033535 0.997975 0.053006
vn 0.014042 0.998902 -0.016774
vn 0.046107 0.998473 0.025929
vn 0.053712 0.997410 0.044390
vn 0.058285 0.996851 0.047886
vn -0.022416 0.999720 -0.004369
vn 0.008607 0.999600 0.010600
vn 0.014137 0.999608 0.015113
vn 0.011907 0.999187 0.015638
vn 0.018061 0.999704 0.008500
vn 0.002144 0.999559 0.009220
vn 0.012781 0.999765 0.010147
vn 0.035229 0.999360 0.001904
vn 0.270603 0.894020 0.341777
vn 0.068396 0.993767 0.069697
vn 0.141152 0.978427 0.132021
vn 0.033879 0.998300 0.017877
vn 0.023585 0.998681 0.014726
vn 0.007550 0.998496 0.050179
vn 0.030396 0.999388 0.010724
vn 0.067613 0.996043 0.026926
vn -0.015934 0.999783 -0.003220
vn 0.006623 0.999474 0.011083
vn 0.027286 0.998220 0.039705
vn -0.007739 0.999123 -0.017458
vn 0.021615 0.995903 -0.045729
vn -0.010712 0.994752 0.040576
vn 0.029966 0.997807 0.057731
vn 0.026779 0.998542 0.044214
vn 0.009004 0.998925 0.011946
vn 0.029912 0.997838 0.051544
vn -0.010726 0.999411 0.013672
vn -0.013326 0.999721 0.010900
vn 0.020083 0.999669 0.008384
vn 0.006982 0.998862 0.030919
vn 0.023129 0.999506 0.013085
vn 0.018570 0.999713 0.007759
vn 0.099010 0.931217 0.325169
vn 0.008743 0.955383 0.235851
vn 0.061454 0.988929 0.109652
vn 0.162027 0.965083 0.198017
vn 0.251460 0.948430 0.174135
vn 0.012283 0.998449 0.051105
vn 0.022041 0.994160 0.098392
vn -0.003530 0.998909 0.036096
vn 0.009157 0.999358 0.018197
vn 0.052230 0.995824 0.073784
vn 0.031286 0.998410 0.043713
vn 0.059835 0.995213 -0.069712
vn -0.015020 0.998753 -0.005357
vn 0.030768 0.998697 0.028788
vn -0.002656 0.999392 -0.011137
vn -0.006514 0.999210 -0.033865
vn 0.062404 0.997151 0.038182
vn 0.043915 0.998398 0.024445
vn 0.002986 0.998866 0.045108
vn 0.011513 0.999299 -0.007904
vn 0.013290 0.999258 0.007293
vn 0.021236 0.999562 0.000796
vn 0.007109 0.999432 -0.002333
vn 0.025834 0.999281 0.003770
vn -0.049919 0.950042 0.226237
vn -0.016826 0.939804 0.291425
vn -0.118731 0.976021 0.021299
vn 0.209870 0.967699 0.108435
vn 0.108659 0.984743 0.091575
vn 0.219633 0.954557 0.189224
vn 0.050474 0.998093 0.021739
vn -0.000072 0.997838 0.060981
vn 0.017804 0.998257 0.049232
vn 0.111151 0.983825 0.119535
vn -0.021717 0.998156 0.053614
vn 0.057938 0.997578 0.019034
vn -0.014399 0.999819 -0.011758
vn 0.033734 0.998776 0.024193
vn 0.022044 0.998289 0.037495
vn -0.060783 0.994489 -0.029617
vn 0.000927 0.997378 -0.036961
vn 0.030415 0.998532 -0.031397
vn -0.036755 0.997192 -0.038533
vn 0.019760 0.999672 -0.010419
vn 0.038505 0.996563 0.070808
vn 0.042072 0.996954 0.057868
vn -0.009113 0.999531 0.027927
vn 0.019979 0.998773 0.034516
vn -0.000962 0.999580 0.026329
vn -0.000626 0.999669 0.006793
vn -0.003221 0.999773 0.009044
vn 0.014380 0.999643 -0.009947
vn 0.016240 0.999443 0.017890
vn 0.015902 0.999361 0.008152
vn -0.167214 0.952639 0.194944
vn -0.241729 0.962440 0.092600
vn 0.231937 0.952144 0.169728
vn 0.168099 0.959874 0.196728
vn 0.241204 0.956775 0.131156
vn 0.324657 0.934685 0.125272
vn 0.046281 0.997885 0.016223
vn 0.001324 0.998033 0.035244
vn 0.016821 0.998105 0.052262
vn 0.061181 0.995483 0.055384
vn 0.046052 0.998518 -0.015827
vn 0.004853 0.999708 0.003468
vn 0.017526 0.999366 0.009482
vn 0.007728 0.999587 0.024383
vn 0.017918 0.998820 0.032817
vn 0.011177 0.999493 0.023514
vn 0.013723 0.999295 0.030229
vn 0.017566 0.999445 0.022959
vn 0.028625 0.999491 0.004504
vn 0.008704 0.999754 0.013339
vn 0.003291 0.999648 -0.011752
vn -0.267744 0.959694 0.082650
vn -0.087786 0.971909 -0.161487
vn 0.145963 0.978562 0.077050
vn -0.008601 0.997951 0.060399
vn -0.019752 0.997879 0.058077
vn 0.041063 0.997844 0.015745
vn 0.078930 0.995327 0.018392
vn 0.183326 0.946399 0.251701
vn 0.114986 0.983184 0.128584
vn 0.050411 0.997344 0.013082
vn 0.044616 0.998089 0.005095
vn 0.014736 0.999668 0.020823
vn 0.065815 0.994940 0.072624
vn 0.004677 0.999840 0.007831
vn 0.007182 0.999728 0.004127
vn 0.021614 0.999391 0.020893
vn 0.295298 0.919350 0.246952
vn -0.033621 0.979083 -0.043699
vn 0.263006 0.935836 0.185547
vn 0.021187 0.999248 -0.017681
vn 0.043067 0.996483 0.068178
vn 0.053371 0.996734 0.003571
vn 0.016322 0.998945 0.007740
vn 0.014105 0.999645 0.022210
vn 0.008608 0.999829 0.012195
vn 0.038986 0.998692 0.009585
vn 0.029661 0.999021 0.029866
vn 0.037682 0.985506 0.054537
vn 0.021275 0.985968 0.030975
vn -0.005354 0.998871 0.019579
vn -0.012359 0.997564 0.063036
vn -0.027832 0.998072 0.044327
vn -0.001894 0.999401 -0.022433
vn 0.070641 0.996425 0.004963
vn 0.090429 0.987192 0.116896
vn 0.158441 0.956511 0.235939
vn 0.079819 0.994072 0.060186
vn 0.049490 0.998152 0.019461
vn 0.077164 0.958199 0.236212
vn -0.010376 0.998673 0.030947
vn -0.007795 0.999054 -0.002131
vn -0.013842 0.999012 -0.019404
vn 0.013694 0.998971 0.020720
vn 0.093407 0.992328 0.059139
vn 0.122819 0.955805 0.227483
vn 0.050894 0.996620 0.025525
vn -0.003629 0.999690 -0.000758
vn -0.006965 0.999968 0.003969
vn 0.083849 0.996282 0.007963
vn -0.091531 0.987526 0.034352
vn -0.000247 0.998415 0.047477
vn 0.037223 0.997342 0.057523
vn 0.090984 0.994535 0.004341
vn 0.083440 0.975161 0.178378
vn 0.105929 0.993423 0.009566
vn 0.071985 0.957320 0.268496
vn -0.024792 0.997730 0.036221
vn -0.003765 0.997553 0.057820
vn -0.133110 0.989551 -0.003366
vn -0.060647 0.991674 0.070309
vn 0.000332 0.999249 0.018728
vn 0.021375 0.998188 0.047727
vn 0.071477 0.994251 0.075018
vn 0.088051 0.995066 -0.009568
vn 0.114337 0.990344 0.025855
vn -0.022488 0.985930 0.132283
vn -0.012477 0.996890 0.000000
vn -0.088542 0.991663 0.004044
vn -0.006486 0.997721 0.036768
vn 0.002143 0.997563 0.064502
vn 0.051909 0.995691 0.068305
vn 0.070858 0.992255 0.089223
vn 0.061593 0.977113 0.176352
vn 0.096705 0.989563 0.097263
vn -0.057970 0.986966 0.116866
vn -0.053104 0.997318 -0.009716
vn 0.011251 0.997252 0.016609
vn -0.069493 0.994836 0.050235
vn -0.002763 0.997841 0.038032
vn 0.026459 0.998327 0.022590
vn 0.040445 0.998472 0.029511
vn 0.120583 0.985924 0.088809
vn 0.157769 0.985165 0.019612
vn 0.124944 0.988809 0.037553
vn 0.014963 0.998910 0.000760
vn 0.006766 0.998312 -0.014329
vn 0.027964 0.998741 0.034238
vn 0.045465 0.992479 0.110516
vn 0.068883 0.982430 0.157761
vn 0.015458 0.993642 -0.005117
vn 0.125967 0.986399 -0.027480
vn -0.103930 0.991037 0.071424
vn 0.008537 0.999583 -0.013738
vn 0.048450 0.997850 0.025312
vn 0.035893 0.997710 0.047501
vn 0.110431 0.967654 0.210048
vn 0.199377 0.976893 0.073484
vn -0.047281 0.996098 0.000921
vn 0.057399 0.992844 0.005256
vn -0.089333 0.992562 0.070643
vn 0.027539 0.998418 0.007668
vn 0.047551 0.995436 0.074456
vn 0.011936 0.999090 0.028571
vn 0.025656 0.993164 0.109543
vn 0.072785 0.981160 0.160777
vn 0.093118 0.982961 0.114491
vn -0.003020 0.989236 -0.122036
vn 0.030313 0.989270 -0.103964
vn 0.001093 0.997782 0.005638
vn -0.001447 0.997467 0.051541
vn 0.046295 0.996367 0.063104
vn 0.020313 0.997931 0.050286
vn 0.030598 0.998505 0.035216
vn 0.072497 0.989694 0.106722
vn 0.033401 0.976410 0.208228
vn 0.015715 0.996459 0.062289
vn 0.040712 0.985607 -0.081546
vn 0.035593 0.994910 -0.072643
vn 0.030034 0.998967 0.033511
vn 0.061214 0.993167 0.090417
vn 0.010219 0.995468 0.087289
vn 0.053979 0.995291 0.063800
vn 0.024553 0.982270 0.179679
vn 0.004371 0.992288 0.108914
vn 0.071459 0.995241 0.003995
vn 0.068754 0.988949 -0.111248
vn 0.035567 0.995641 0.026628
vn -0.030782 0.996467 0.070119
vn 0.011572 0.995414 0.076574
vn 0.000696 0.995808 0.080792
vn 0.031984 0.991481 0.118841
vn 0.033151 0.990966 0.125748
vn 0.067129 0.994607 0.064098
vn 0.032472 0.994380 -0.024926
vn -0.019666 0.992877 0.106368
vn -0.024198 0.982598 0.168755
vn 0.070504 0.994105 -0.066970
vn 0.013013 0.989021 0.129394
vn -0.003933 0.990472 0.113064
vn 0.008542 0.990520 0.130246
vn 0.109668 0.992575 0.029192
vn -0.082389 0.979747 0.155954
vn 0.018792 0.995881 -0.019067
vn 0.021418 0.985924 0.161104
vn -0.053981 0.995046 0.077341
vn -0.099625 0.988127 0.099928
vn 0.111459 0.992494 0.044253
vn 0.104144 0.993011 -0.014055
vn 0.007751 0.990342 0.111491
vn -0.032764 0.987158 0.150320
vn -0.068253 0.996536 0.032728
vn -0.142884 0.969240 0.185455
vn 0.033456 0.996471 0.014515
vn 0.052567 0.993195 0.003719
vn -0.070050 0.991717 0.054241
vn 0.009048 0.996889 0.027827
vn 0.007685 0.999942 -0.001971
vn -0.043465 0.993941 0.096619
vn -0.057934 0.996161 0.059302
vn -0.172986 0.971094 0.149131
vn -0.074787 0.995115 0.033881
vn -0.190924 0.963641 0.179608
vn -0.112696 0.989022 0.023633
vn 0.027758 0.998822 0.036798
vn -0.011994 0.990721 0.125790
vn 0.002981 0.995033 0.042520
vn 0.053822 0.997275 -0.041671
vn -0.107554 0.988154 0.022818
vn -0.200277 0.970200 0.092690
vn 0.020377 0.997942 0.051227
vn 0.007865 0.997531 0.058613
vn -0.071597 0.993482 0.064159
vn 0.034721 0.997358 -0.024403
vn 0.005821 0.997930 0.004985
vn -0.021719 0.994385 -0.027298
vn -0.221337 0.972048 -0.014278
vn -0.203860 0.975416 0.021785
vn -0.248838 0.967447 0.032971
vn 0.011870 0.996960 0.075574
vn -0.148596 0.979758 0.100305
vn 0.055707 0.996350 -0.024836
vn 0.002399 0.996036 -0.030503
vn -0.002646 0.994816 0.019496
vn 0.029160 0.996718 0.066505
vn 0.001698 0.998482 -0.000967
vn -0.126029 0.986280 -0.061512
vn -0.147988 0.984367 -0.001021
vn -0.056804 0.994167 0.030041
vn 0.017301 0.983925 0.127508
vn -0.119086 0.990814 -0.005903
vn -0.020475 0.995482 0.071739
vn -0.196171 0.977174 -0.036745
vn -0.208594 0.975851 -0.007980
vn -0.072962 0.994783 0.016397
vn -0.095105 0.994200 -0.006203
vn -0.143627 0.987947 0.011856
vn -0.171094 0.983876 0.015673
vn -0.124975 0.990965 0.010555
vn -0.085608 0.992829 0.013519
vn -0.121451 0.988246 0.044544
vn -0.150409 0.985920 0.040756
vn -0.129281 0.990729 0.010898
vn -0.086229 0.994055 0.018882
vn -0.070910 0.993395 0.037713
vn -0.207602 0.971981 0.007793
vn -0.065341 0.996112 0.013608
vn -0.218759 0.963909 -0.014824
vn -0.027810 0.998815 0.035403
vn -0.051847 0.997823 0.001051
vn -0.028355 0.999507 -0.002514
vn -0.058853 0.997461 -0.012291
vn -0.064798 0.995423 -0.050965
vn 0.371352 0.895389 -0.176311
vn 0.276186 0.896937 -0.197218
vn 0.189419 0.967436 0.000407
vn -0.355990 0.901850 0.107676
vn -0.319465 0.706061 0.099821
vn -0.601260 0.596437 0.357293
vn -0.443868 0.879328 0.078522
vn -0.136633 0.931297 0.172383
vn -0.575706 0.802909 -0.009441
vn -0.119336 0.960539 0.049884
vn 0.043444 0.984050 0.081998
vn -0.368946 0.829870 0.150198
vn -0.681416 0.658615 0.174720
vn 0.112316 0.988196 0.031889
vn 0.048948 0.989324 0.099238
vn 0.621685 0.502690 0.041462
vn 0.929383 -0.018172 0.240983
vn 0.652015 0.332086 0.277945
vn 0.850429 0.068396 -0.257782
vn 0.332874 0.915955 0.207563
vn 0.679453 0.079055 -0.519362
vn 0.110963 0.977283 0.109826
vn 0.724493 -0.500416 -0.468471
vn 0.383431 0.799147 -0.127250
vn 0.624809 -0.443369 -0.625044
vn 0.484709 0.744614 -0.251787
vn 0.111218 0.980294 0.101031
vn 0.529730 0.051927 -0.554366
vn -0.006564 0.992691 0.116574
vn 0.411718 0.884428 0.002246
vn 0.580616 0.370236 -0.324332
vn 0.057841 0.977997 0.191232
vn 0.182514 0.967159 0.102047
vn 0.472370 0.850007 -0.170414
vn 0.359400 0.917807 -0.044647
vn 0.244447 0.955633 -0.114064
vn 0.016458 0.997957 0.053588
vn 0.133476 0.980907 0.076556
vn 0.049634 0.996896 0.008685
vn 0.165262 0.294553 -0.928164
vn 0.242137 0.306253 -0.912207
vn 0.174755 0.362200 -0.915572
vn 0.012084 0.999190 0.029776
vn 0.007525 0.999580 0.017197
vn -0.000045 0.999459 0.021082
vn -0.006107 0.999691 0.006659
vn -0.008258 0.999855 0.009114
vn 0.003002 0.999568 0.017420
vn 0.031493 0.998868 0.035563
vn 0.031926 0.998726 0.037590
vn -0.002835 0.999717 0.013831
vn -0.000288 0.999726 0.015198
vn 0.005749 0.999704 0.017482
vn 0.025429 0.999174 0.020355
vn -0.005730 0.999872 0.004780
vn 0.022452 0.999041 0.032224
vn 0.000895 0.999593 -0.007501
vn -0.015464 0.999759 0.014470
vn -0.003890 0.999621 0.000936
vn 0.011359 0.999313 0.034346
vn 0.030577 0.998812 -0.009423
vn -0.002362 0.999816 0.013411
vn 0.030464 0.998982 0.022926
vn 0.011535 0.999228 0.031965
vn 0.031766 0.998816 0.031333
vn 0.035594 0.998989 0.000048
vn 0.037926 0.998412 -0.018576
vn -0.003656 0.999526 0.024043
vn 0.035691 0.998254 0.042750
vn 0.057175 0.998218 0.009921
vn 0.032221 0.998626 0.036665
vn 0.061659 0.997992 0.007459
vn -0.010606 0.999260 0.035856
vn 0.023222 0.999461 0.013935
vn 0.039336 0.998822 0.018540
vn 0.030996 0.999085 0.023551
vn 0.022945 0.998812 0.041210
vn 0.059247 0.998125 0.011985
vn -0.014952 0.999530 0.018138
vn 0.008604 0.999492 0.019267
vn 0.037587 0.999088 0.006575
vn 0.040396 0.998632 0.026542
vn 0.025430 0.999443 0.010628
vn 0.030294 0.999166 0.007889
vn 0.022734 0.999301 0.022875
vn 0.031871 0.999195 0.017662
vn 0.025515 0.999438 -0.003200
vn 0.018686 0.999514 0.022087
vn 0.047241 0.998723 -0.001750
vn 0.012435 0.919448 0.040851
vn 0.004893 0.999778 0.013734
vn 0.010226 0.999632 0.000305
vn 0.035745 0.999019 0.020170
vn 0.025374 0.999475 0.016096
vn 0.024548 0.999269 0.017577
vn 0.015386 0.968804 0.032486
vn 0.024814 0.998618 0.028319
vn 0.029360 0.999264 0.004745
vn 0.031023 0.998514 0.029631
vn 0.036057 0.998957 0.024267
vn 0.033273 0.999088 0.012201
vn 0.015242 0.999429 0.017045
vn 0.027455 0.999283 0.007698
vn 0.010861 0.999546 0.003560
vn -0.001562 0.998721 0.029874
vn 0.005347 0.999643 0.012275
vn 0.002128 0.999434 0.021412
vn 0.049047 0.997551 0.031646
vn 0.005065 0.999660 0.000507
vn 0.040719 0.998847 0.019851
vn 0.016244 0.999470 0.002105
vn 0.035652 0.999027 0.013030
vn 0.005922 0.998838 0.043453
vn 0.024928 0.999011 0.012215
vn 0.000232 0.999271 0.035115
vn 0.039163 0.999187 0.007425
vn 0.046670 0.998175 0.000062
vn 0.039084 0.998933 -0.015539
vn 0.004069 0.999160 -0.009713
vn 0.015864 0.999532 0.018587
vn 0.007621 0.999326 0.019583
vn -0.003102 0.999474 0.021883
vn 0.016308 0.999195 0.014998
vn 0.045482 0.997980 -0.005818
vn 0.021315 0.998412 -0.050768
vn 0.022385 0.999344 0.007083
vn 0.011126 0.999588 0.007157
vn 0.012076 0.999697 -0.000405
vn 0.029224 0.997658 0.026481
vn 0.035491 0.998864 -0.004886
vn 0.027832 0.998016 0.012176
vn 0.049159 0.998180 0.006741
vn 0.025979 0.998602 0.008597
vn 0.005699 0.999347 0.012858
vn 0.030534 0.998612 0.022839
vn -0.012833 0.999829 0.011579
vn 0.030797 0.999175 -0.000105
vn 0.022572 0.999470 -0.003340
vn 0.043589 0.996141 0.035554
vn 0.043790 0.998548 0.004952
vn -0.007864 0.999690 0.015780
vn 0.002761 0.999430 0.014099
vn 0.045772 0.997506 0.022975
vn 0.015661 0.999243 0.023314
vn -0.017356 0.999707 0.012223
vn 0.001657 0.994517 0.068989
vn 0.086610 0.995400 0.029194
vn 0.054644 0.998027 0.026337
vn 0.039291 0.998380 0.029948
vn 0.003029 0.999204 0.009225
vn 0.008308 0.999129 0.018586
vn 0.009283 0.999456 0.004805
vn 0.060757 0.997243 0.005028
vn 0.017588 0.999657 -0.010666
vn 0.058342 0.998024 0.018807
vn 0.065058 0.990328 0.085290
vn -0.002462 0.999267 -0.002547
vn 0.015520 0.998973 0.017867
vn 0.089350 0.995204 0.012048
vn 0.012996 0.998592 -0.001219
vn 0.030228 0.999344 -0.011357
vn 0.059557 0.998070 0.000617
vn 0.113013 0.974198 0.189299
vn 0.023475 0.998210 -0.008339
vn -0.041212 0.998231 0.004588
vn 0.043892 0.998442 -0.008456
vn 0.125111 0.988229 -0.018061
vn 0.060809 0.997376 -0.006703
vn 0.260175 0.923720 0.233279
vn 0.083591 0.973629 0.209286
vn 0.221975 0.957630 0.066252
vn 0.027477 0.999282 -0.014397
vn -0.027438 0.998305 0.004053
vn 0.006883 0.999635 -0.010373
vn 0.064036 0.997530 0.006060
vn 0.063261 0.997635 0.000457
vn -0.021000 0.998394 -0.002482
vn 0.023535 0.999585 0.009274
vn 0.027898 0.999469 0.002272
vn -0.024151 0.999429 -0.007986
vn 0.114107 0.980785 -0.104988
vn 0.355543 0.926889 -0.042035
vn 0.043449 0.997303 -0.020016
vn 0.039122 0.998547 -0.003981
vn 0.445461 0.865825 0.100345
vn 0.025356 0.999089 0.020404
vn 0.008653 0.999512 0.005779
vn 0.040218 0.997284 0.006491
vn 0.037619 0.996751 -0.044476
vn 0.399882 0.857786 -0.221455
vn 0.043486 0.998145 -0.001907
vn 0.033889 0.998961 -0.013136
vn 0.171151 0.840760 0.415386
vn 0.005715 0.999294 0.016786
vn -0.008042 0.998756 0.024060
vn 0.010777 0.999256 -0.019367
vn 0.226421 0.895425 -0.290081
vn 0.008192 0.999070 -0.023999
vn 0.032525 0.998254 0.025605
vn 0.462152 0.833349 -0.051069
vn 0.029092 0.999122 0.012094
vn 0.006127 0.999442 0.022064
vn 0.037320 0.997819 0.046333
vn 0.033016 0.997580 -0.010703
vn 0.158932 0.966192 -0.149334
vn 0.383508 0.801092 -0.423805
vn 0.004351 0.998350 -0.050030
vn -0.013905 0.999418 0.000336
vn -0.037848 0.798047 0.281307
vn 0.029069 0.998633 0.022685
vn 0.007496 0.998888 0.028600
vn 0.104714 0.992121 -0.003337
vn 0.124121 0.989202 -0.043946
vn 0.320978 0.810850 -0.417209
vn 0.057470 0.996534 -0.030460
vn -0.006999 0.996601 0.054821
vn 0.021365 0.999408 0.014843
vn 0.093903 0.992831 -0.002290
vn 0.316120 0.856690 -0.280634
vn 0.448097 0.747240 -0.390567
vn 0.015126 0.999291 -0.026865
vn 0.027732 0.998087 0.011197
vn 0.026985 0.998324 0.033761
vn 0.163925 0.975366 -0.067138
vn 0.598412 0.588243 -0.542581
vn -0.017135 0.992880 0.096709
vn 0.027113 0.994448 0.073701
vn 0.122644 0.991123 -0.016611
vn 0.059667 0.980617 -0.109382
vn 0.120683 0.895700 -0.340532
vn 0.535399 0.587237 -0.532427
vn 0.016172 0.986389 0.108874
vn 0.044375 0.996577 0.056245
vn 0.024364 0.993851 0.084081
vn 0.047019 0.995878 -0.011936
vn 0.014449 0.997164 -0.034591
vn 0.087433 0.628318 -0.542266
vn 0.102017 0.992794 -0.021007
vn 0.079682 0.996586 0.020275
vn 0.139354 0.986664 -0.059820
vn -0.006322 0.999397 -0.001783
vn 0.062130 0.972678 -0.185448
vn -0.101495 0.947289 -0.252675
vn -0.506815 -0.035307 -0.691678
vn 0.083906 0.996056 0.011364
vn 0.050193 0.996187 -0.037302
vn -0.015086 0.998941 0.016309
vn 0.004683 0.986741 -0.143495
vn -0.007990 0.975938 -0.185483
vn -0.002688 0.998165 0.003346
vn -0.011703 0.997411 -0.063938
vn -0.039189 0.992444 -0.101678
vn 0.006332 0.998233 -0.001341
vn 0.015472 0.997847 -0.050294
vn -0.026944 0.997451 -0.024554
vn -0.004026 0.988809 -0.142804
vn -0.021182 0.987879 -0.147553
vn -0.022560 0.998275 -0.026859
vn -0.027260 0.995545 -0.043944
vn -0.025499 0.998500 -0.000379
vn 0.001691 0.992591 -0.114391
vn -0.030176 0.988731 -0.137674
vn -0.013797 0.996596 -0.076457
vn -0.040303 0.996013 -0.024606
vn -0.056110 0.990024 -0.125130
vn -0.063499 0.995587 -0.058775
vn -0.049928 0.996630 -0.043300
vn -0.007371 0.998929 0.003794
vn -0.005291 0.998498 -0.032329
vn -0.028295 0.997074 -0.055491
vn -0.124180 0.984160 -0.116695
vn -0.038186 0.998491 0.029132
vn -0.010314 0.998014 -0.054306
vn -0.145095 0.983627 -0.042636
vn -0.028115 0.997950 -0.033913
vn -0.011345 0.999316 0.017153
vn -0.017844 0.999098 -0.001939
vn -0.191318 0.975335 -0.087366
vn 0.000770 0.998610 -0.025208
vn -0.139863 0.983010 -0.049882
vn -0.008351 0.998614 -0.001014
vn 0.003199 0.999565 0.017915
vn 0.013232 0.999590 0.008040
vn 0.008053 0.999563 0.001118
vn -0.001324 0.999599 0.007351
vn -0.013247 0.998990 -0.029142
vn -0.000944 0.999468 0.014016
vn -0.016866 0.999286 0.010243
vn 0.013260 0.999236 -0.002291
vn 0.012735 0.999066 0.009588
vn -0.024173 0.998904 0.017763
vn 0.027492 0.999140 0.011182
vn -0.010039 0.999618 0.009225
vn -0.015257 0.998970 0.005602
vn -0.017123 0.999522 0.015602
vn 0.054110 0.998162 0.027211
vn 0.009610 0.999483 0.028753
vn 0.003368 0.999361 0.019935
vn -0.011523 0.999588 0.016187
vn 0.003094 0.999274 0.012906
vn 0.015485 0.999254 0.031770
vn 0.034788 0.998415 -0.002963
vn -0.012329 0.999551 0.003897
vn -0.026021 0.999327 0.011264
vn 0.000643 0.999290 0.003894
vn 0.022364 0.998941 -0.006169
vn -0.010227 0.998441 0.045923
vn -0.007558 0.999377 -0.028390
vn -0.007105 0.999542 -0.017497
vn -0.002499 0.999221 0.021688
vn 0.011720 0.998964 0.021126
vn -0.004780 0.999442 -0.017255
vn -0.005701 0.999236 -0.036564
vn -0.005540 0.999470 -0.011869
vn 0.533622 -0.659485 -0.529459
vn -0.062400 0.997177 -0.028047
vn -0.050079 0.998605 0.010810
vn -0.013517 0.999684 -0.011144
vn -0.071520 0.994950 -0.058073
vn -0.047816 0.998747 0.003220
vn -0.045812 0.998516 -0.006912
vn -0.029432 0.999053 -0.018934
vn -0.046666 0.998315 -0.005938
vn -0.041446 0.993838 -0.086655
vn -0.047214 0.998719 0.014377
vn -0.044108 0.998446 -0.008678
vn -0.015241 0.999426 0.015644
vn -0.031957 0.998894 0.012813
vn -0.056509 0.997359 -0.025676
vn -0.112671 0.989603 -0.088685
vn -0.052452 0.998094 -0.019167
vn -0.041333 0.998651 0.012000
vn -0.021265 0.999046 0.012427
vn -0.038505 0.998791 -0.010867
vn -0.072113 0.997011 -0.000951
vn -0.053121 0.992325 -0.098569
vn -0.114126 0.989486 -0.088260
vn -0.031563 0.997287 -0.046389
vn -0.026477 0.998704 -0.006856
vn -0.033129 0.999080 0.009239
vn -0.015444 0.999394 0.005670
vn -0.049026 0.997529 -0.015742
vn -0.014229 0.995669 -0.088515
vn -0.140890 0.978448 -0.060270
vn -0.032711 0.999066 -0.026557
vn -0.045898 0.998321 -0.013079
vn -0.032259 0.999064 0.005869
vn -0.037995 0.998555 0.012851
vn -0.107743 0.981811 -0.080255
vn -0.009258 0.999241 0.002797
vn -0.014117 0.999687 0.006848
vn -0.026869 0.999193 0.015048
vn -0.002648 0.999734 0.008909
vn -0.008130 0.998248 -0.026874
vn -0.133119 0.973014 -0.097640
vn -0.419457 0.860675 -0.250426
vn 0.007337 0.998653 -0.034637
vn -0.026099 0.998889 0.000138
vn -0.040007 0.998365 0.012153
vn -0.011600 0.999045 -0.008266
vn -0.021985 0.997046 -0.016158
vn -0.405547 0.854027 -0.283687
vn -0.116893 0.973335 -0.128418
vn -0.035259 0.998786 0.012307
vn 0.001056 0.999664 0.012493
vn -0.036434 0.998934 0.009157
vn -0.006767 0.999134 0.000526
vn -0.106257 0.986007 -0.065822
vn -0.563964 0.748451 -0.326171
vn -0.020654 0.998253 0.032352
vn -0.028647 0.999055 0.015464
vn -0.051685 0.997882 -0.013769
vn 0.020703 0.999191 0.025106
vn -0.033131 0.998596 -0.035890
vn -0.276155 0.923231 -0.240700
vn -0.533723 0.700999 -0.425821
vn 0.000374 0.997868 0.065194
vn -0.009527 0.997998 0.015120
vn -0.028910 0.998078 0.000483
vn 0.004028 0.999533 0.015608
vn -0.025859 0.999527 -0.001435
vn -0.021401 0.999192 -0.025915
vn -0.349510 0.832132 -0.419643
vn -0.783944 0.414390 -0.339346
vn 0.001800 0.999674 0.001500
vn 0.001906 0.999566 0.001515
vn -0.008824 0.999467 0.001357
vn -0.026623 0.999418 -0.013335
vn -0.313115 0.923841 -0.189261
vn -0.389642 0.816938 -0.391236
vn -0.769620 0.222061 -0.475555
vn -0.043892 0.988427 -0.029118
vn 0.018078 0.999243 -0.023167
vn -0.028841 0.999409 0.001597
vn 0.005940 0.999274 0.002126
vn 0.025458 0.999430 0.014785
vn -0.028827 0.998670 -0.014895
vn 0.000777 0.999258 -0.027539
vn 0.003727 0.999500 0.002776
vn -0.313341 0.909687 -0.252207
vn -0.499410 0.522185 -0.625615
vn -0.797454 -0.059641 -0.502775
vn -0.022782 0.998420 -0.007589
vn -0.000459 0.999533 0.008023
vn -0.014242 0.999388 0.021072
vn -0.011892 0.999426 -0.018570
vn 0.013144 0.999353 0.017853
vn -0.024923 0.999542 0.000188
vn 0.015928 0.999105 0.021611
vn -0.013172 0.998089 -0.053304
vn -0.378776 0.842413 -0.354834
vn -0.597213 0.019837 -0.763254
vn -0.110468 0.981677 -0.060154
vn -0.015722 0.999801 0.002236
vn 0.008417 0.998778 -0.007230
vn 0.002173 0.999105 0.006592
vn -0.098182 0.982200 -0.075682
vn -0.310979 0.894386 -0.320166
vn -0.155107 0.747789 -0.529243
vn -0.059986 0.123385 -0.796549
vn -0.455280 -0.022868 -0.787863
vn -0.459285 0.744758 -0.362524
vn -0.012613 0.999771 0.002500
vn 0.000625 0.999331 0.007288
vn 0.019328 0.999321 -0.022979
vn 0.021284 0.999403 0.019090
vn 0.001635 0.999201 0.015462
vn -0.104244 0.985621 -0.046432
vn -0.106548 0.982506 -0.047460
vn -0.085788 0.987206 -0.046949
vn -0.263503 0.868947 -0.382388
vn -0.617553 0.134945 -0.704442
vn -0.563805 0.643148 -0.276411
vn -0.013089 0.999788 -0.003666
vn -0.018077 0.999287 0.023545
vn -0.019212 0.998678 0.040330
vn -0.028813 0.999026 0.021548
vn -0.024810 0.999653 0.000071
vn -0.003961 0.999454 0.000991
vn -0.303054 0.933265 -0.085672
vn -0.300646 0.923099 -0.127303
vn -0.205435 0.936327 -0.279706
vn -0.006219 0.944984 -0.230263
vn 0.232716 0.348883 -0.668596
vn 0.137051 -0.111329 -0.927122
vn -0.293271 0.366696 -0.846292
vn -0.888911 0.240170 -0.300474
vn 0.002486 0.999911 -0.003480
vn -0.071848 0.989761 0.002009
vn -0.025561 0.998590 0.044600
vn -0.017039 0.999421 0.004728
vn -0.218243 0.937402 -0.070559
vn -0.561499 0.633114 -0.189651
vn -0.583483 0.673744 -0.229704
vn -0.682579 0.555298 -0.255619
vn -0.636873 0.641615 -0.217413
vn -0.915135 0.191821 -0.281529
vn -0.014744 0.999787 0.005271
vn -0.287344 0.939341 -0.092295
vn -0.010774 0.998934 0.007358
vn -0.000931 0.998438 0.036059
vn 0.008277 0.999483 0.015977
vn -0.022784 0.999242 0.006831
vn -0.012235 0.999816 -0.006789
vn -0.649031 0.587024 -0.165282
vn -0.135860 0.972971 -0.152014
vn -0.015153 0.906562 -0.255123
vn 0.210138 -0.224260 -0.793586
vn -0.219046 -0.181680 -0.803523
vn -0.962059 0.049952 -0.227201
vn -0.021602 0.999594 0.010920
vn 0.000858 0.999195 0.039007
vn -0.613297 0.702689 -0.148369
vn -0.023138 0.998925 0.036674
vn -0.006411 0.999746 0.003855
vn 0.019125 0.999084 -0.002518
vn -0.883222 0.163160 -0.366861
vn -0.919943 0.096083 -0.291858
vn 0.001110 -0.010293 -0.773622
vn -0.959094 0.216447 -0.160873
vn 0.000111 0.999770 0.011438
vn 0.004792 0.999360 0.029730
vn -0.003613 0.999896 0.010012
vn -0.308387 0.926552 -0.033118
vn -0.175257 0.968907 0.024934
vn -0.171288 0.972582 -0.042029
vn 0.029516 0.998234 0.017517
vn 0.030794 0.997634 0.028972
vn -0.000214 0.999665 0.008569
vn 0.024099 0.999077 -0.008613
vn -0.013430 0.999698 0.000496
vn -0.014043 0.999822 0.002555
vn -0.876039 0.298178 -0.313703
vn -0.334282 0.874497 -0.210926
vn -0.260146 0.788976 -0.330250
vn -0.226177 -0.617300 -0.647466
vn -0.872425 0.414303 -0.170732
vn -0.942501 0.096786 -0.277839
vn -0.010899 0.998969 0.033350
vn -0.642541 0.727322 -0.034813
vn -0.129101 0.978892 -0.086605
vn 0.010053 0.999485 0.004384
vn 0.044039 0.998343 -0.021896
vn -0.012631 0.999838 -0.010562
vn -0.908840 -0.011018 -0.386591
vn -0.890717 0.167829 -0.391728
vn -0.874052 0.354422 -0.215316
vn -0.834441 0.510969 -0.028347
vn 0.010892 0.999749 0.011972
vn 0.000798 0.999803 0.019022
vn -0.492057 0.834854 -0.071766
vn -0.391935 0.888462 -0.152802
vn -0.007861 0.993410 -0.019619
vn -0.022082 0.999586 0.016438
vn 0.023693 0.999591 0.007312
vn 0.025046 0.998971 -0.013018
vn -0.007683 0.999853 0.003704
vn -0.870027 0.083611 -0.456639
vn -0.632101 0.712597 -0.058838
vn -0.826560 0.470171 -0.209233
vn -0.780100 0.421229 -0.360254
vn 0.012450 0.999608 0.019769
vn 0.001984 0.999768 0.017544
vn -0.004343 0.999887 0.002554
vn -0.822061 0.515967 -0.131266
vn -0.567927 0.673774 -0.295435
vn -0.404087 0.715231 -0.315310
vn -0.018662 0.999764 0.005183
vn -0.001796 0.999620 0.009047
vn 0.023628 0.999589 0.012519
vn 0.031519 0.999154 0.009815
vn -0.011609 0.998303 -0.012275
vn -0.735617 0.437382 -0.458166
vn -0.904502 0.251317 -0.318866
vn -0.623891 0.723916 -0.145430
vn -0.409482 0.832967 0.085284
vn -0.018278 0.999674 0.011355
vn 0.007408 0.999831 0.003793
vn -0.887801 0.377679 -0.232461
vn -0.690979 0.649906 -0.240937
vn -0.119207 0.951311 -0.133853
vn -0.018055 0.999664 0.009329
vn 0.017209 0.999680 0.017135
vn 0.023597 0.999314 0.023548
vn -0.036296 0.997292 -0.021544
vn 0.012575 0.997930 0.033302
vn -0.745486 0.520426 -0.359675
vn -0.840539 0.428208 -0.307831
vn -0.242142 0.935952 -0.030271
vn -0.131192 0.962832 0.054350
vn -0.546904 0.750574 -0.235836
vn -0.008547 0.999672 0.014967
vn 0.002421 0.999707 0.012229
vn 0.000744 0.999841 0.004350
vn 0.008487 0.999827 0.010676
vn -0.871977 0.407290 -0.244309
vn -0.845928 0.286457 -0.395133
vn -0.500655 0.509668 -0.471789
vn 0.004387 0.999929 -0.001445
vn 0.014354 0.999771 -0.002280
vn 0.020811 0.998858 0.020951
vn -0.026865 0.996350 -0.004224
vn -0.491188 0.773683 -0.334272
vn -0.574040 0.749494 -0.263750
vn -0.042397 0.975551 -0.041169
vn 0.113690 0.976080 0.152981
vn -0.378076 0.840879 -0.293875
vn -0.272388 0.938735 -0.121271
vn -0.018573 0.999608 0.018272
vn 0.005586 0.999844 0.006637
vn -0.874793 0.414417 -0.222652
vn -0.778022 0.073993 -0.573750
vn -0.501333 0.418554 -0.568878
vn -0.100547 0.948463 -0.144807
vn 0.001812 0.999977 -0.000332
vn 0.019416 0.999687 -0.006136
vn 0.024899 0.999055 0.026255
vn -0.043618 0.997074 -0.000315
vn 0.000992 0.996612 0.016326
vn 0.021206 0.998205 0.030745
vn -0.664239 0.693335 -0.253970
vn -0.760312 0.558453 -0.276866
vn 0.145933 0.980228 0.063498
vn -0.068741 0.979270 -0.127446
vn -0.007279 0.999839 0.004408
vn 0.009489 0.999862 0.002654
vn -0.016212 0.999759 0.013423
vn -0.844766 0.487542 -0.208212
vn -0.870463 0.213048 -0.364627
vn -0.016001 0.999824 0.003320
vn 0.020660 0.999378 0.016225
vn 0.024890 0.999548 -0.007665
vn -0.078491 0.993353 -0.021402
vn -0.224405 0.943593 -0.127657
vn -0.385489 0.902976 -0.063833
vn 0.095361 0.986963 0.042613
vn 0.167138 0.979995 0.076389
vn -0.012059 0.999801 0.000840
vn -0.007606 0.999886 0.008098
vn 0.009925 0.999866 -0.000099
vn -0.869831 0.447634 -0.199630
vn -0.732304 -0.028486 -0.629849
vn -0.386165 0.520913 -0.572347
vn -0.678843 -0.066007 -0.707764
vn -0.164508 0.939252 -0.173793
vn 0.007158 0.999704 0.010130
vn -0.011694 0.999718 -0.012490
vn -0.040273 0.998098 0.023416
vn 0.027216 0.999081 0.016230
vn -0.008141 0.998455 0.026070
vn -0.053457 0.997269 0.022330
vn 0.011603 0.997474 0.038741
vn -0.581846 0.767469 -0.254715
vn -0.480497 0.853378 -0.156265
vn -0.031687 0.991964 -0.062797
vn -0.008282 0.999729 0.007169
vn -0.003728 0.999532 0.000671
vn -0.000549 0.999763 0.002486
vn 0.017176 0.999806 -0.006901
vn -0.820641 0.350243 -0.421622
vn -0.567020 -0.125051 -0.789210
vn -0.004108 0.999839 -0.011892
vn -0.003639 0.999894 -0.011875
vn -0.049878 0.997118 0.003283
vn -0.120808 0.979469 -0.064474
vn -0.205268 0.969343 0.088149
vn -0.302219 0.943730 0.008777
vn 0.024664 0.989687 0.119877
vn -0.117855 0.987609 0.052742
vn -0.006413 0.999753 0.013535
vn 0.008053 0.999720 0.013141
vn -0.778129 0.240251 -0.520681
vn -0.482978 0.250702 -0.743035
vn 0.007939 0.999424 0.031496
vn -0.060086 0.997401 0.035960
vn -0.025365 0.998737 0.013989
vn 0.025680 0.998554 0.040024
vn -0.033508 0.996902 0.038698
vn -0.000220 0.997950 0.039600
vn 0.005402 0.997812 0.032363
vn -0.385211 0.908553 -0.113218
vn -0.039643 0.985650 0.149579
vn 0.018996 0.993765 0.092632
vn -0.011927 0.999691 0.011521
vn -0.006443 0.999839 0.012577
vn -0.005862 0.999792 0.012947
vn 0.017945 0.999830 0.001855
vn -0.678319 -0.194585 -0.690165
vn -0.727060 0.539184 -0.401786
vn -0.527636 0.390842 -0.556688
vn -0.516423 -0.258467 -0.759802
vn -0.495184 0.570687 -0.414084
vn 0.002009 0.999635 0.020152
vn -0.003356 0.999426 0.022679
vn -0.037905 0.998108 -0.000351
vn -0.040968 0.998373 0.030938
vn 0.013641 0.998838 0.031405
vn -0.053205 0.997452 0.030334
vn -0.083115 0.992965 -0.019573
vn -0.173933 0.972265 0.144266
vn -0.100117 0.984332 0.123806
vn -0.234135 0.967427 0.013279
vn -0.008449 0.985290 0.166386
vn -0.005075 0.999781 0.011592
vn 0.011731 0.999600 0.020754
vn -0.569935 -0.393827 -0.708723
vn -0.726862 0.024914 -0.639778
vn -0.700102 0.459603 -0.477785
vn -0.621013 -0.101760 -0.694533
vn -0.462172 0.458943 -0.538189
vn -0.029705 0.999255 0.018358
vn 0.019022 0.999252 0.018437
vn 0.019952 0.997141 0.056574
vn -0.226742 0.956684 -0.121094
vn -0.114431 0.975507 0.165771
vn 0.001478 0.999683 0.017105
vn -0.032585 0.983237 0.175098
vn -0.005553 0.999746 0.008084
vn -0.000476 0.999707 0.017143
vn -0.612311 -0.314598 -0.710698
vn -0.698038 0.631753 -0.314265
vn -0.600689 -0.403873 -0.679618
vn -0.310354 0.776185 -0.287846
vn -0.652564 -0.074206 -0.676533
vn -0.025046 0.998050 0.036872
vn -0.008831 0.999055 0.000252
vn -0.021388 0.999622 0.004456
vn 0.003487 0.999371 0.022004
vn -0.029799 0.997764 0.003145
vn -0.269584 0.909928 -0.243930
vn -0.008152 0.999818 0.006090
vn -0.003321 0.999797 0.013925
vn -0.014363 0.999686 0.017835
vn 0.011263 0.999740 0.017576
vn -0.663288 -0.063086 -0.708075
vn -0.755205 0.376865 -0.452874
vn -0.606174 -0.259116 -0.693413
vn 0.002872 0.999776 0.009026
vn -0.077346 0.991613 -0.021456
vn -0.046841 0.995350 -0.027361
vn 0.018347 0.999321 0.020671
vn -0.018795 0.999514 0.023096
vn -0.016841 0.994286 -0.000873
vn 0.060351 0.993865 0.054393
vn -0.150964 0.983544 -0.061165
vn -0.425354 0.859285 -0.257549
vn 0.004560 0.999669 0.021356
vn 0.003179 0.999843 0.014448
vn -0.013121 0.999802 0.004542
vn 0.001553 0.999837 0.013127
vn -0.005157 0.999786 0.014195
vn -0.819007 0.397576 -0.369175
vn -0.067746 0.996985 0.019094
vn 0.005805 0.998689 0.039378
vn 0.005258 0.999591 0.014975
vn -0.274079 0.900485 -0.274744
vn -0.419095 0.813756 -0.387228
vn -0.004972 0.999919 0.004062
vn -0.005361 0.999766 0.014527
vn 0.004020 0.999897 0.008683
vn -0.641106 -0.218380 -0.731436
vn -0.740134 0.076322 -0.609385
vn -0.602864 -0.314860 -0.715782
vn 0.007985 0.985171 -0.025284
vn -0.041044 0.995840 0.054497
vn -0.029435 0.998139 0.005920
vn -0.008538 0.999103 0.034303
vn -0.008445 0.999519 0.023473
vn -0.191453 0.976954 -0.026764
vn 0.056001 0.994913 0.019797
vn -0.247310 0.966407 -0.069386
vn -0.008321 0.999765 0.016536
vn -0.006891 0.999805 0.009469
vn 0.001371 0.999751 0.019634
vn -0.006663 0.999857 0.007767
vn 0.006767 0.999883 0.010277
vn -0.738472 0.038438 -0.602601
vn -0.448005 -0.170001 -0.842734
vn -0.062530 0.996655 0.047712
vn -0.074853 0.996229 -0.001656
vn 0.002186 0.999734 0.015318
vn -0.009566 0.999760 0.013653
vn -0.121046 0.986662 0.022088
vn -0.028768 0.993418 0.065776
vn -0.006324 0.999801 0.016785
vn -0.002429 0.999924 0.005831
vn 0.009478 0.999883 0.006768
vn -0.515064 -0.152799 -0.825353
vn -0.129131 0.988395 0.068975
vn -0.072760 0.996090 -0.016162
vn -0.000795 0.998460 0.026445
vn -0.020831 0.999507 0.021533
vn -0.003572 0.999345 0.033922
vn -0.001370 0.999381 0.033843
vn -0.012592 0.999673 0.011987
vn -0.003244 0.999664 0.020800
vn -0.006341 0.999869 0.009695
vn 0.015476 0.999527 0.023273
vn -0.401388 -0.249145 -0.854724
vn -0.414446 -0.135616 -0.882958
vn -0.023410 0.998360 0.025411
vn -0.067225 0.995667 0.014114
vn -0.052549 0.997303 -0.013282
vn 0.018770 0.997952 0.024214
vn -0.010045 0.999506 0.027402
vn -0.161558 0.980303 -0.014576
vn 0.000115 0.985124 0.014145
vn -0.008411 0.999910 0.008151
vn -0.012662 0.999766 0.011325
vn -0.007052 0.999730 0.018207
vn -0.001713 0.999986 0.001510
vn 0.003619 0.999683 0.015296
vn -0.338116 -0.184848 -0.911101
vn -0.378712 -0.272786 -0.860130
vn -0.047902 0.998803 0.004443
vn -0.063090 0.996791 -0.033386
vn -0.028024 0.998750 0.014370
vn -0.006369 0.994071 0.069916
vn -0.012259 0.999485 0.020392
vn -0.348773 0.928964 -0.063536
vn -0.019310 0.999724 0.009127
vn -0.016084 0.999672 0.013847
vn 0.001455 0.999771 0.017695
vn 0.021373 0.999427 0.021303
vn -0.000163 0.999556 0.019904
vn -0.422848 -0.351194 -0.825628
vn -0.025990 0.993365 0.058406
vn 0.015388 0.998283 -0.010512
vn -0.043719 0.998230 -0.025007
vn 0.041506 0.997920 0.011980
vn 0.012554 0.996634 -0.006814
vn 0.000526 0.999593 0.019134
vn -0.320534 0.916227 -0.168068
vn -0.009125 0.999668 0.017947
vn -0.008296 0.999806 0.005476
vn 0.017796 0.999267 0.024304
vn -0.002568 0.994578 0.000905
vn -0.277673 -0.457117 -0.844951
vn 0.053992 0.996104 0.049252
vn -0.088627 0.979802 -0.107403
vn -0.010053 0.999494 0.004114
vn -0.000321 0.999389 -0.000341
vn -0.013432 0.999728 0.008231
vn -0.380718 0.870777 -0.278321
vn -0.004803 0.999892 0.011967
vn -0.013064 0.999864 0.007365
vn -0.002353 0.999852 0.009338
vn 0.004338 0.999568 0.026122
vn 0.010488 0.999674 0.017694
vn 0.036606 0.985180 0.148729
vn 0.026234 0.995016 0.002418
vn -0.200544 0.914890 -0.260616
vn -0.036556 0.998396 -0.028608
vn 0.014876 0.998540 -0.003630
vn -0.010420 0.999354 -0.000577
vn -0.013858 0.999439 0.028327
vn -0.013529 0.999687 -0.001300
vn -0.008223 0.999924 0.002780
vn -0.102373 0.947730 -0.178298
vn -0.008388 0.999572 0.007520
vn -0.003642 0.999692 0.003238
vn -0.396060 0.824254 -0.380880
vn -0.002559 0.950764 -0.017355
vn -0.010180 0.999258 0.031474
vn -0.010822 0.999644 0.018624
vn 0.000225 0.999842 0.014408
vn -0.006699 0.999738 0.014069
vn -0.011035 0.999861 -0.001543
vn -0.256293 0.910751 -0.053764
vn -0.447895 0.811672 -0.264079
vn -0.000838 0.999563 0.008051
vn -0.471092 0.806709 -0.345357
vn -0.013940 0.983435 -0.007264
vn 0.001903 0.999536 0.016480
vn -0.003959 0.999797 0.004144
vn 0.001566 0.999090 0.032774
vn -0.009830 0.999843 0.010796
vn 0.003290 0.999885 0.002519
vn -0.001164 0.999924 0.010573
vn -0.004680 0.999900 0.003842
vn -0.444938 0.804987 -0.303398
vn -0.013840 0.999450 0.004125
vn -0.014610 0.999257 0.015790
vn -0.003274 0.999912 0.005091
vn -0.006385 0.999689 0.004956
vn -0.022219 0.999631 0.013241
vn -0.000910 0.999870 0.015219
vn -0.013814 0.999813 0.005861
vn -0.445319 0.806156 -0.247675
vn -0.003471 0.999798 0.009200
vn 0.000407 0.999859 -0.000170
vn 0.009929 0.999064 0.023179
vn 0.005146 0.998804 0.041375
vn -0.021925 0.999404 0.009305
vn -0.004660 0.999832 -0.001748
vn -0.005735 0.999890 0.002894
vn -0.012286 0.999848 0.007750
vn -0.030789 0.999035 -0.016452
vn -0.005878 0.999938 0.002615
vn -0.007531 0.999900 0.007129
vn 0.031183 0.971154 -0.031371
vn -0.007740 0.999554 0.018370
vn -0.002437 0.999822 -0.008778
vn -0.010649 0.997989 -0.004456
vn -0.023301 0.998660 -0.030958
vn -0.009011 0.999750 -0.003356
vn -0.001265 0.999992 0.003695
vn 0.005825 0.999887 -0.004489
vn -0.022117 0.999055 -0.007398
vn -0.036099 0.999113 -0.018968
vn -0.040080 0.999064 0.007407
vn -0.007171 0.999935 0.000775
vn -0.004954 0.999861 -0.009027
vn -0.002706 0.999874 0.002980
vn -0.006883 0.999325 -0.021168
vn -0.033390 0.999235 -0.012511
vn -0.005586 0.999768 -0.010981
vn -0.000314 0.999933 0.004885
vn 0.000407 0.999737 -0.008888
vn 0.000836 0.999687 -0.018169
vn -0.030988 0.999326 -0.012080
vn 0.001578 0.999920 0.000022
vn 0.003020 0.999839 -0.006708
vn -0.000754 0.999366 -0.024186
vn -0.004513 0.999760 -0.010697
vn 0.002084 0.999747 -0.017667
vn -0.024149 0.999278 -0.019839
vn -0.000951 0.999881 -0.011219
vn 0.009210 0.999288 -0.009418
vn -0.007809 0.999839 -0.012775
vn -0.009958 0.999666 -0.013502
vn -0.003769 0.999831 -0.011024
vn 0.012092 0.999523 0.012784
vn 0.012434 0.999054 -0.003164
vn -0.019309 0.998253 -0.028498
vn 0.006412 0.999344 -0.003160
vn -0.017727 0.999036 -0.030852
vn -0.002467 0.999613 -0.010080
vn -0.004164 0.999885 -0.010958
vn -0.002848 0.999593 -0.013278
vn -0.358401 0.815122 -0.399610
vn -0.434948 0.867181 -0.133537
vn -0.533693 0.810353 -0.241865
vn -0.449553 0.825343 -0.240628
vn -0.429068 0.710824 -0.510457
vn -0.556601 0.797050 -0.174626
vn -0.321717 0.682692 -0.650919
vn -0.274970 0.653525 -0.698353
vn -0.535589 0.718511 -0.427221
vn -0.423686 0.684394 -0.574169
vn -0.313888 0.651584 -0.673813
vn -0.495312 0.667724 -0.530693
vn -0.201115 0.596320 -0.775617
vn -0.304105 0.610992 -0.719776
vn -0.177607 0.518368 -0.831299
vn -0.489697 0.675487 -0.505250
vn -0.267233 0.568092 -0.766810
vn -0.643499 0.688087 -0.320336
vn -0.268040 0.460355 -0.836005
vn -0.431574 0.510664 -0.720722
vn -0.620050 0.731326 -0.260174
vn -0.079445 0.546710 -0.814037
vn -0.612247 0.547093 -0.532970
vn -0.282745 0.555583 -0.760943
vn -0.441077 0.513910 -0.723462
vn -0.698176 0.666220 -0.233164
vn -0.185107 0.631202 -0.724946
vn -0.518205 0.570137 -0.626304
vn -0.680404 0.568631 -0.440765
vn -0.651682 0.741378 -0.150485
vn 0.071613 0.576269 -0.811365
vn -0.398275 0.647071 -0.645126
vn -0.664986 0.687261 -0.268482
vn -0.122948 0.592851 -0.769731
vn -0.497671 0.625217 -0.595792
vn -0.580501 0.612447 -0.527598
vn -0.655992 0.630767 -0.408781
vn -0.659549 0.723891 -0.195575
vn 0.081324 0.461543 -0.878786
vn -0.459182 0.641132 -0.610667
vn -0.594065 0.574223 -0.545631
vn -0.593908 0.581847 -0.537420
vn -0.711992 0.639476 -0.268221
vn -0.020273 0.478419 -0.855444
vn -0.312747 0.582683 -0.737995
vn -0.428596 0.483122 -0.747708
vn -0.686944 0.519014 -0.484803
vn -0.617494 0.537163 -0.315615
vn -0.737332 0.648719 -0.180010
vn 0.136076 0.444616 -0.880143
vn -0.564773 0.518042 -0.623484
vn -0.722365 0.498721 -0.468770
vn -0.646998 0.582430 -0.475754
vn -0.607997 0.444517 -0.207263
vn -0.652166 0.489585 -0.172581
vn -0.075122 0.450323 -0.861347
vn -0.303396 0.407421 -0.852423
vn -0.624441 0.289294 -0.707122
vn -0.720088 0.319760 -0.598180
vn -0.786010 0.332274 -0.508219
vn -0.030339 0.491922 -0.843787
vn -0.274292 0.409321 -0.864767
vn -0.558052 0.290084 -0.747082
vn -0.246420 0.462026 -0.843604
vn -0.367173 0.443006 -0.800282
vn -0.745134 0.052802 -0.636472
vn -0.719967 0.184513 -0.654171
vn -0.196686 0.517296 -0.831557
vn -0.694328 0.205664 -0.660949
vn -0.759976 0.191244 -0.603846
vn -0.274550 0.478952 -0.827587
vn -0.538882 0.365591 -0.737041
vn -0.854693 -0.004772 -0.500987
vn -0.662177 -0.065985 -0.740373
vn -0.715147 0.011564 -0.687047
vn -0.224311 0.441542 -0.867409
vn -0.715127 0.158278 -0.669497
vn -0.797835 -0.167502 -0.541706
vn -0.664843 -0.138672 -0.726879
vn -0.400238 0.363240 -0.809500
vn -0.795629 0.126555 -0.556532
vn -0.908504 -0.091310 -0.374698
vn -0.642240 -0.249835 -0.708971
vn -0.240077 0.376574 -0.880315
vn -0.876377 -0.208897 -0.407273
vn -0.657242 -0.327748 -0.658819
vn -0.503239 0.370791 -0.702388
vn -0.889756 0.101660 -0.373866
vn -0.951316 -0.109209 -0.285017
vn -0.569049 -0.357059 -0.727658
vn -0.143327 0.013602 -0.914876
vn -0.579830 -0.485360 -0.652470
vn 0.057114 -0.007120 -0.962211
vn -0.570252 0.029948 -0.603120
vn -0.899314 -0.156487 -0.364069
vn -0.597881 -0.484021 -0.638896
vn -0.103194 -0.315513 -0.933688
vn -0.395496 -0.359620 -0.760894
vn -0.551921 -0.494296 -0.669368
vn -0.505273 -0.497992 -0.704772
vn -0.112982 -0.832536 -0.285616
vn -0.335253 -0.741400 -0.461765
vn -0.542556 -0.482361 -0.687721
vn -0.647513 -0.373319 -0.629108
vn -0.646415 -0.340147 -0.612860
vn -0.400736 -0.385642 -0.772065
vn -0.517763 0.836118 -0.016729
vn -0.454932 0.881137 -0.026314
vn -0.513462 0.827171 0.117680
vn -0.518192 0.839450 -0.089029
vn -0.531936 0.822134 0.156305
vn -0.595668 0.766849 -0.093614
vn -0.616557 0.731270 0.200932
vn -0.713902 0.671519 0.013137
vn -0.490807 0.813960 -0.261887
vn -0.753145 0.610216 0.191376
vn -0.606219 0.690523 -0.288010
vn -0.601467 0.766094 -0.098469
vn -0.901208 0.362845 -0.073090
vn -0.807317 0.181649 0.354888
vn -0.875422 0.448786 0.035668
vn -0.528656 0.739097 -0.399287
vn -0.875337 0.389721 -0.056292
vn -0.665099 0.685157 -0.216223
vn -0.874885 0.377226 0.265869
vn -0.668820 0.582144 -0.350989
vn -0.898404 0.313500 -0.076497
vn -0.724924 0.671147 -0.044598
vn -0.921600 0.317482 -0.171526
vn -0.941126 0.228749 -0.104863
vn -0.810939 0.224008 0.468317
vn -0.822697 0.425119 0.137554
vn -0.602258 0.663412 -0.424726
vn -0.702800 0.637129 -0.265922
vn -0.657740 0.015760 0.678131
vn -0.777472 0.430074 -0.367964
vn -0.969325 0.177094 -0.009102
vn -0.788719 0.568383 -0.231194
vn -0.797946 0.478455 -0.319578
vn -0.477681 0.458023 0.663551
vn -0.722583 0.483530 -0.464420
vn -0.750733 0.522104 -0.380557
vn -0.980160 0.166570 -0.018856
vn -0.616177 0.652335 0.105803
vn -0.922539 0.208733 -0.217565
vn -0.923800 0.191788 -0.256362
vn -0.789235 0.524024 -0.308961
vn -0.694986 0.644836 -0.223095
vn -0.787546 0.323393 -0.472746
vn -0.585679 0.679818 0.285531
vn -0.827009 0.318765 -0.454833
vn -0.770739 0.446610 -0.431034
vn -0.978154 -0.034567 -0.152275
vn -0.788008 0.455686 -0.412857
vn -0.694703 0.636338 -0.247164
vn -0.851406 -0.025585 -0.487668
vn -0.716419 0.422529 -0.535610
vn -0.307787 0.792704 0.474758
vn -0.903646 0.216413 -0.286178
vn -0.771442 0.468687 -0.425436
vn -0.962347 -0.130396 -0.217956
vn -0.765728 0.084334 -0.618929
vn -0.600083 0.746151 0.102615
vn -0.847688 0.370178 -0.353248
vn -0.979910 -0.056351 -0.057283
vn -0.960497 -0.203427 -0.146444
vn -0.779274 0.439823 -0.445351
vn -0.725737 0.580801 -0.244423
vn -0.912863 -0.110572 -0.364846
vn -0.750490 -0.037290 -0.653963
vn -0.719797 0.101659 -0.668267
vn -0.610336 0.727673 0.073371
vn -0.745676 0.430295 -0.488207
vn -0.935483 0.181246 -0.123119
vn -0.784471 0.437757 -0.437221
vn -0.762629 0.287657 -0.557409
vn -0.821880 -0.056457 -0.548741
vn -0.722084 -0.008367 -0.689085
vn -0.423638 0.853105 0.275337
vn -0.816384 0.170924 -0.506153
vn -0.744922 0.406189 -0.517444
vn -0.928308 -0.224556 0.148027
vn -0.902102 -0.300617 -0.081497
vn -0.793310 0.414478 -0.439713
vn -0.802111 0.485438 -0.293450
vn -0.832062 0.043809 -0.534944
vn -0.723805 0.006045 -0.679399
vn -0.693034 0.009932 -0.714124
vn -0.711380 0.621776 -0.026666
vn -0.888363 0.156320 -0.408210
vn -0.930024 -0.091555 0.186516
vn -0.885361 0.071155 -0.410410
vn -0.787863 0.185785 -0.547818
vn -0.716787 0.031420 -0.683668
vn -0.695036 -0.054045 -0.707002
vn -0.535994 0.757056 0.188765
vn -0.876220 -0.067693 -0.347768
vn -0.758179 0.098101 -0.614026
vn -0.803874 -0.102906 -0.566786
vn -0.858934 -0.447812 0.004764
vn -0.834217 -0.098661 -0.472532
vn -0.831438 0.358345 -0.360891
vn -0.863826 -0.044333 -0.442628
vn -0.756355 -0.022152 -0.629479
vn -0.785223 -0.195667 -0.547712
vn -0.793688 -0.209994 -0.495674
vn -0.710323 -0.089281 -0.653123
vn -0.835017 0.514930 -0.056832
vn -0.829345 -0.489162 -0.219530
vn -0.828375 -0.349404 -0.354290
vn -0.831726 -0.016352 -0.518987
vn -0.746591 0.637882 -0.088874
vn -0.792469 -0.420461 -0.405685
vn -0.749120 -0.134623 -0.644090
vn -0.532043 -0.585845 -0.518470
vn -0.615095 -0.498416 -0.442905
vn -0.758296 0.085847 -0.614132
vn -0.771583 -0.304918 -0.517314
vn -0.689410 -0.483504 -0.476037
vn -0.831638 -0.341858 -0.426169
vn -0.840939 0.346192 -0.252056
vn -0.840293 0.508858 -0.054107
vn -0.742612 -0.319263 -0.577288
vn -0.684321 -0.597280 -0.352580
vn -0.522442 -0.652623 -0.310871
vn -0.636230 -0.243094 -0.720352
vn -0.714688 -0.504236 -0.418004
vn -0.767485 0.488884 -0.299904
vn -0.721767 -0.454968 -0.508927
vn -0.690967 -0.345979 -0.625211
vn -0.695423 -0.581554 -0.393179
vn -0.664548 0.095572 -0.616924
vn -0.839945 -0.267668 -0.446517
vn -0.648191 -0.563778 -0.438877
vn -0.794302 0.134220 -0.505151
vn -0.568130 -0.271858 -0.543819
vn -0.874463 -0.019896 -0.483913
vn -0.561615 -0.324229 -0.722363
vn -0.747789 -0.407305 -0.441363
vn -0.519238 -0.463575 -0.652648
vn -0.701237 -0.184651 -0.640800
vn -0.582408 -0.275173 -0.724899
vn -0.715471 -0.314338 -0.576061
vn -0.070463 0.971361 -0.150000
vn -0.232188 0.948587 -0.099544
vn -0.118428 0.968049 0.000981
vn -0.256808 0.949312 -0.145483
vn -0.319927 0.911925 -0.144768
vn -0.116214 0.986993 -0.046642
vn 0.043984 0.962162 -0.056789
vn -0.232753 0.966177 -0.007337
vn 0.025529 0.986666 -0.103529
vn -0.220146 0.889272 -0.236765
vn 0.206391 0.958418 0.125371
vn -0.098452 0.988014 0.015180
vn -0.022383 0.997561 -0.051881
vn 0.204443 0.970403 -0.032003
vn -0.393211 0.857100 -0.170774
vn -0.154865 0.985398 0.022263
vn 0.008624 0.976897 0.034619
vn -0.083432 0.991421 -0.001068
vn -0.320879 0.840935 -0.164254
vn -0.097429 0.987621 -0.045115
vn -0.187008 0.977763 -0.025520
vn -0.058537 0.933381 0.162214
vn -0.181108 0.976974 0.071034
vn -0.079926 0.991023 -0.065928
vn -0.228868 0.955211 0.077491
vn -0.095602 0.987105 -0.090964
vn 0.041232 0.985966 0.121614
vn -0.227638 0.971877 -0.028168
vn -0.299040 0.937928 0.099062
vn -0.081256 0.992474 -0.069736
vn 0.020664 0.983745 0.126982
vn -0.170416 0.984897 0.023666
vn -0.110785 0.990038 -0.065791
vn -0.107586 0.991226 -0.039221
vn -0.827686 -0.517054 -0.180724
vn -0.677276 -0.591822 -0.386327
vn -0.757980 -0.574532 -0.279820
vn -0.869476 -0.447225 -0.162368
vn -0.854490 -0.492008 -0.073080
vn -0.894688 -0.376244 -0.196542
vn -0.801689 -0.517834 -0.229225
vn -0.761615 -0.480185 -0.424691
vn -0.781087 -0.618602 -0.051515
vn -0.726701 -0.554708 -0.405222
vn -0.769875 -0.637842 0.021224
vn 0.293756 0.950618 0.008766
vn 0.208053 0.972325 0.003792
vn 0.240890 0.963931 -0.020812
vn 0.248432 0.966169 0.041921
vn 0.207056 0.976983 0.046956
vn 0.269140 0.961443 0.009743
vn 0.230645 0.971095 0.028770
vn 0.293398 0.953337 -0.005299
vn 0.143514 0.981437 0.073357
vn 0.265336 0.958315 -0.082952
vn 0.303381 0.948783 -0.053671
vn 0.196009 0.976586 -0.043873
vn 0.158258 0.981829 0.011186
vn 0.113908 0.937569 -0.136350
vn 0.226030 0.969162 -0.074972
vn 0.174902 0.968635 0.066993
vn 0.144169 0.963913 -0.111979
vn -0.108783 0.899511 0.062093
vn 0.134018 0.979433 0.136313
vn -0.202811 0.936200 -0.107581
vn -0.337166 0.782814 -0.115333
vn 0.182923 0.972212 0.144343
vn -0.003450 0.987774 0.147643
vn -0.526962 0.737252 -0.039648
vn -0.625327 0.486788 -0.125079
vn -0.693998 0.311279 0.009711
vn -0.223354 0.854126 -0.070866
vn 0.053810 0.983538 0.149157
vn 0.111797 0.958774 0.209202
vn -0.046114 0.988013 0.147313
vn -0.504125 0.863232 0.026224
vn -0.609534 0.586277 -0.251400
vn -0.824201 0.458944 0.154310
vn -0.826206 -0.542810 -0.150802
vn -0.826433 0.471762 -0.059371
vn -0.778377 0.572409 -0.111827
vn -0.843258 0.472920 -0.094254
vn -0.922499 0.300810 -0.189881
vn -0.500741 0.681161 0.329088
vn -0.776691 0.461186 -0.353792
vn -0.308920 0.770630 0.454941
vn -0.572703 0.763650 0.029118
vn -0.689114 0.648156 -0.290434
vn -0.834107 0.328755 -0.381406
vn -0.283157 0.909626 0.269372
vn -0.521396 0.760039 -0.291486
vn -0.566432 0.687381 -0.330902
vn -0.280753 0.920870 0.260269
vn -0.583233 0.762979 -0.056314
vn -0.562900 0.761431 -0.232182
vn -0.248743 0.946152 0.163589
vn -0.268291 0.940889 0.140487
vn -0.306102 0.916238 -0.182816
vn -0.256765 0.960344 -0.063983
vn -0.283900 0.936034 0.176054
vn -0.485386 0.843853 0.060637
vn -0.523462 0.810020 -0.133171
vn -0.101768 0.977699 -0.065050
vn -0.218195 0.962041 0.010243
vn -0.217439 0.969827 0.043032
vn -0.338684 0.927023 -0.098832
vn -0.166564 0.919328 -0.044094
vn -0.423542 0.874702 -0.176754
vn -0.244135 0.956673 -0.066995
vn -0.199035 0.966129 -0.137840
vn -0.218269 0.943885 -0.183034
vn -0.226501 0.967316 -0.094010
vn -0.369163 0.881292 -0.277482
vn -0.253395 0.930356 -0.219470
vn -0.092410 0.986553 -0.085317
vn -0.332367 0.718456 -0.611026
vn -0.279095 0.935129 -0.177778
vn 0.002845 0.999814 0.012746
vn -0.241511 0.957223 -0.159365
vn -0.223976 0.941602 -0.228411
vn -0.009829 0.999078 -0.005974
vn -0.013963 0.999109 0.002736
vn -0.270244 0.926843 -0.258334
vn -0.130684 0.974697 -0.146534
vn -0.023496 0.998382 -0.026158
vn -0.030459 0.995888 -0.062476
vn -0.250986 0.446627 -0.619975
vn -0.204706 0.105369 -0.877678
vn -0.030964 0.998315 -0.031938
vn 0.004178 0.999567 0.027713
vn 0.021053 0.999424 0.016962
vn -0.025320 0.997103 -0.053634
vn 0.012059 0.999329 0.033602
vn 0.009916 0.999572 0.015828
vn 0.020098 0.999540 0.011041
vn -0.015630 0.996828 -0.045210
vn 0.014578 0.998799 0.041716
vn 0.028581 0.998995 0.019783
vn 0.029216 0.999260 0.013927
vn 0.033120 0.999092 0.023571
vn 0.014844 0.999407 0.028195
vn 0.026349 0.999547 -0.010742
vn 0.020339 0.998298 -0.027347
vn -0.003010 0.586193 0.023325
vn 0.006543 0.961706 0.031044
vn 0.002697 0.998933 0.033456
vn 0.026346 0.998762 0.025473
vn 0.021110 0.999023 -0.001420
vn 0.026860 0.999252 0.019769
vn 0.005928 0.999721 0.010996
vn 0.009275 0.999218 0.030764
vn 0.021998 0.998801 0.012301
vn 0.045218 0.998603 0.009072
vn 0.045499 0.998740 -0.009076
vn 0.012261 0.998908 0.027917
vn 0.014668 0.999190 0.019869
vn -0.004441 0.999252 0.008202
vn 0.010122 0.999626 0.008545
vn 0.021398 0.999144 0.029004
vn -0.032070 0.999228 0.018116
vn 0.053124 0.998150 -0.003816
vn 0.022095 0.999250 -0.015171
vn -0.007653 0.999955 0.005017
vn 0.007101 0.999901 -0.003522
vn 0.006322 0.999593 -0.025899
vn 0.036772 0.998552 0.031677
vn 0.005527 0.999901 0.005604
vn 0.010387 0.999706 0.009496
vn 0.009926 0.999871 0.007889
vn -0.004084 0.999742 0.013570
vn 0.013352 0.999306 0.017655
vn 0.020382 0.999150 0.015456
vn 0.017648 0.999399 -0.004689
vn 0.012471 0.999810 0.009631
vn 0.007637 0.998830 0.023060
vn -0.000553 0.999938 -0.002278
vn 0.009144 0.999837 0.011239
vn -0.006673 0.999559 0.026771
vn 0.029498 0.998946 0.014685
vn -0.004377 0.999828 0.010407
vn 0.014397 0.998710 0.027537
vn 0.011058 0.999611 0.005536
vn -0.004130 0.999679 0.013514
vn -0.008749 0.999678 0.020651
vn 0.010230 0.999142 0.015030
vn 0.007589 0.999541 0.027381
vn 0.002185 0.999707 0.015901
vn 0.003645 0.999637 0.021965
vn 0.022680 0.999672 -0.009417
vn 0.008179 0.999384 0.020477
vn 0.004232 0.999514 0.022859
vn -0.016881 0.999708 0.016725
vn 0.011576 0.999826 0.008649
vn 0.018461 0.999449 0.002799
vn -0.004379 0.999556 0.022261
vn 0.024788 0.999598 0.002548
vn 0.018986 0.999595 -0.003674
vn -0.002214 0.999924 0.006232
vn 0.032646 0.998729 0.026229
vn 0.008599 0.999592 0.023355
vn 0.004244 0.999317 0.025106
vn 0.014679 0.999732 0.005389
vn 0.002311 0.999780 0.005104
vn 0.015132 0.999515 0.019617
vn 0.011339 0.999554 0.004985
vn -0.000817 0.999690 0.007190
vn 0.007716 0.999888 0.001956
vn 0.006160 0.999689 0.014992
vn 0.017026 0.999329 0.025307
vn 0.013280 0.999745 0.017384
vn 0.008410 0.999797 0.007997
vn -0.008858 0.999940 0.005964
vn -0.004234 0.999960 0.004957
vn 0.013034 0.999715 0.014408
vn 0.013479 0.999556 0.024023
vn 0.014063 0.999672 0.014343
vn -0.003685 0.999951 0.007021
vn 0.002152 0.999944 -0.003932
vn 0.009754 0.999534 0.025623
vn 0.022144 0.999521 0.014136
vn 0.011645 0.999635 0.022154
vn 0.002015 0.999890 0.004495
vn 0.002222 0.999967 -0.006495
vn 0.021209 0.999516 0.013250
vn 0.004079 0.999949 -0.002548
vn 0.002317 0.999676 0.018034
vn 0.022657 0.999560 -0.001561
vn 0.010199 0.999515 0.028375
vn 0.011287 0.999613 0.021661
vn 0.001417 0.999975 -0.003892
vn 0.010767 0.999696 -0.003930
vn 0.015011 0.999513 0.008270
vn 0.007231 0.999823 0.003832
vn 0.017936 0.999510 -0.008486
vn 0.015561 0.999079 0.035674
vn 0.003396 0.999602 0.017932
vn -0.001162 0.999918 -0.006612
vn 0.012095 0.999557 -0.003983
vn 0.023505 0.998766 0.037943
vn 0.013044 0.999467 0.029578
vn 0.003966 0.999919 -0.006075
vn 0.025696 0.999176 0.003411
vn 0.025287 0.998610 0.011105
vn 0.025889 0.998983 -0.024415
vn 0.030319 0.998474 0.041723
vn 0.001035 0.999438 0.014221
vn 0.071150 0.996742 0.009454
vn 0.026433 0.998739 0.035662
vn 0.044233 0.998447 0.019292
vn 0.080670 0.995862 -0.002910
vn 0.024868 0.998496 -0.002142
vn 0.039139 0.998221 0.044418
vn 0.045866 0.997991 0.036610
vn 0.030273 0.995275 0.025669
vn 0.002411 0.997414 0.037664
vn 0.006983 0.998196 0.035434
vn 0.053718 0.998221 0.025340
vn -0.040753 0.997734 0.013135
vn -0.003386 0.997418 0.037425
vn -0.004968 0.998461 0.037815
vn 0.011486 0.998715 0.024258
vn 0.041507 0.998882 0.015309
vn -0.012195 0.998228 0.034763
vn -0.015423 0.998431 0.039387
vn -0.021667 0.999296 0.019825
vn 0.018479 0.997822 0.044280
vn 0.022806 0.997930 0.048770
vn -0.035233 0.998785 0.019135
vn 0.039099 0.997831 0.042934
vn 0.008124 0.998809 0.045637
vn 0.004166 0.997575 0.062121
vn -0.008564 0.998105 0.017411
vn -0.006663 0.998554 0.048597
vn 0.014048 0.996181 0.045641
vn 0.028584 0.996694 0.068361
vn -0.008428 0.998276 -0.010131
vn 0.022314 0.993543 0.102431
vn -0.032628 0.998692 -0.029724
vn -0.006637 0.994579 0.094154
vn 0.002506 0.995586 0.045798
vn -0.006766 0.998346 -0.054825
vn -0.011387 0.990702 0.135048
vn -0.003773 0.997564 -0.069580
vn -0.019853 0.993417 0.103618
vn -0.050009 0.996657 0.062197
vn -0.029480 0.996914 0.001610
vn -0.065169 0.995857 0.061542
vn -0.796644 0.016955 0.087364
vn -0.782690 -0.458649 -0.236203
vn -0.723284 0.256369 -0.046807
vn -0.809528 0.037203 -0.335402
vn -0.747459 0.614592 0.153127
vn -0.703458 0.577874 0.029463
vn -0.756716 0.592426 0.222408
vn -0.508921 0.800571 0.194938
vn -0.709017 0.567886 0.329313
vn -0.821379 0.019905 0.319178
vn -0.709884 0.538837 0.275847
vn -0.514158 0.819158 0.241094
vn -0.919956 0.112592 0.322610
vn -0.590177 0.791261 0.150123
vn -0.835321 0.350893 0.244405
vn -0.766210 0.280334 0.307839
vn -0.943599 0.199334 0.219822
vn -0.638737 0.531527 0.267032
vn -0.675304 0.252967 0.481477
vn -0.402834 0.747645 0.352589
vn -0.687051 -0.476201 0.212402
vn -0.715800 0.269082 -0.187817
vn -0.197363 0.935820 0.151607
vn -0.680674 0.325750 0.656178
vn -0.412641 0.838644 -0.166111
vn -0.844693 -0.081790 -0.163642
vn -0.285863 0.886802 -0.022778
vn -0.225506 0.848130 -0.437838
vn 0.138514 0.599815 0.196392
vn -0.280469 0.344026 0.563792
vn -0.242683 -0.438780 0.548584
vn -0.478141 -0.122141 0.486433
vn 0.074843 0.167024 0.861866
vn -0.335075 -0.696421 0.356280
vn 0.200788 -0.073977 0.880180
vn -0.145569 0.870815 0.365813
vn -0.366388 -0.594988 0.485899
vn -0.181629 0.578260 0.472615
vn -0.239311 0.873742 0.221575
vn -0.030280 0.574865 0.565153
vn -0.526197 0.790778 -0.088071
vn -0.599026 0.699187 0.075867
vn 0.030383 0.232844 0.798560
vn -0.405379 0.873816 0.081331
vn -0.513289 0.254508 0.567476
vn -0.334809 0.660126 0.574339
vn -0.646504 0.740026 -0.037213
vn -0.816210 -0.087939 0.095801
vn -0.829393 0.162141 -0.213601
vn -0.627668 -0.357385 0.482191
vn -0.613241 0.606673 0.293377
vn -0.626928 0.755299 -0.029094
vn -0.759355 0.465472 0.118092
vn -0.379594 -0.229792 0.869890
vn -0.589787 0.420667 0.608295
vn -0.570926 0.801735 0.092675
vn -0.807728 0.461403 0.204877
vn -0.897514 -0.381284 0.117217
vn -0.793314 -0.241580 0.362315
vn -0.820405 -0.197976 0.282945
vn -0.340044 0.513511 0.779212
vn -0.730098 0.660268 0.105665
vn -0.743150 0.086331 0.392236
vn -0.351301 0.631903 0.631741
vn -0.881656 0.322801 0.277927
vn -0.851016 0.389221 0.060666
vn -0.902158 -0.360313 0.213177
vn -0.844085 -0.409084 0.264311
vn -0.713423 -0.428835 0.509360
vn -0.169614 0.707846 0.663086
vn -0.580279 0.681337 0.365317
vn -0.862880 0.097071 -0.011481
vn -0.234901 0.831468 0.462831
vn -0.966404 0.197197 0.027217
vn -0.756364 0.567126 0.064068
vn -0.806842 0.447324 -0.111963
vn -0.674967 0.362928 0.325912
vn -0.584823 -0.156233 0.717142
vn -0.049114 0.874017 0.471022
vn -0.382752 0.855473 0.287155
vn -0.622298 0.738635 -0.029495
vn -0.678017 0.151575 0.716543
vn -0.750634 -0.050373 0.385200
vn -0.930992 0.237281 -0.208312
vn -0.613399 0.761056 0.029997
vn -0.765461 0.589308 -0.088021
vn -0.355909 0.650984 0.482092
vn -0.476831 0.694966 0.202865
vn -0.329677 0.453716 0.783929
vn -0.432792 0.416194 0.720638
vn -0.152149 0.907936 0.369018
vn -0.894373 0.325010 -0.258795
vn -0.807613 0.503180 -0.232661
vn -0.372032 0.895644 0.131623
vn -0.502787 0.841335 0.126632
vn -0.433441 0.868013 0.090830
vn -0.033278 0.885703 0.459377
vn -0.646990 0.716593 -0.159492
vn -0.755249 0.614411 -0.116027
vn -0.043369 0.579910 0.803118
vn -0.100318 0.704284 0.541102
vn -0.292327 0.819348 0.426367
vn -0.289536 0.690143 0.636300
vn -0.125207 0.929220 0.321903
vn -0.048030 0.878010 0.470054
vn -0.811577 0.458287 -0.336781
vn -0.346429 0.918419 0.065494
vn -0.822683 0.456052 -0.319112
vn -0.660407 0.748937 0.015213
vn -0.367398 0.863944 0.241318
vn -0.329423 0.921921 0.068961
vn -0.076652 0.898518 0.427186
vn -0.511199 0.836632 -0.131513
vn -0.695917 0.622689 -0.314112
vn -0.775618 0.570210 -0.209749
vn -0.692643 0.709970 -0.069648
vn -0.051405 0.566700 0.777716
vn -0.338896 0.815943 0.255386
vn -0.166608 0.866490 0.451562
vn -0.235687 0.938061 0.197189
vn -0.124959 0.887003 0.444212
vn -0.110661 0.922039 0.364365
vn -0.783305 0.470911 -0.398183
vn -0.442491 0.883618 -0.050028
vn -0.649348 0.755194 -0.020535
vn 0.026780 0.465554 0.866493
vn -0.241317 0.957217 0.017887
vn -0.220980 0.554874 0.576516
vn -0.188830 0.882640 0.353172
vn -0.201500 0.842117 0.460069
vn -0.096027 0.915694 0.386344
vn -0.059047 0.819302 0.536722
vn -0.595262 0.763196 -0.218339
vn -0.744513 0.546174 -0.367019
vn -0.769357 0.584647 -0.218257
vn -0.641681 0.756345 -0.122031
vn -0.216106 0.683710 0.576095
vn -0.336458 0.507730 0.750144
vn -0.331297 0.899113 0.145643
vn -0.194696 0.884374 0.393888
vn -0.417162 0.881201 0.126262
vn -0.088432 0.911083 0.398796
vn -0.623120 0.765415 -0.064698
vn -0.710096 0.681445 -0.157729
vn -0.215488 0.900930 0.265990
vn -0.212025 0.734853 0.551307
vn -0.155016 0.886861 0.386990
vn -0.052720 0.897027 0.431021
vn -0.765234 0.599539 -0.201948
vn -0.712380 0.683161 -0.146767
vn -0.167560 0.645738 0.653242
vn -0.227729 0.954047 -0.039528
vn -0.219061 0.935675 0.200695
vn -0.272256 0.908233 0.278773
vn -0.102486 0.870144 0.475922
vn -0.470769 0.825773 0.230943
vn -0.667384 0.693312 -0.219558
vn -0.765427 0.580066 -0.248738
vn -0.753579 0.600867 -0.231728
vn -0.170279 0.873787 0.261648
vn -0.123284 0.977554 -0.110659
vn 0.173042 0.647766 0.714933
vn -0.229658 0.899239 0.275743
vn -0.241022 0.883114 0.293483
vn -0.417959 0.799630 0.223189
vn -0.191344 0.762961 0.610943
vn -0.270031 0.791297 0.530615
vn -0.619486 0.777217 -0.032225
vn -0.099278 0.855548 0.507315
vn -0.177332 0.938841 0.014419
vn -0.211332 0.969538 -0.055333
vn 0.059131 0.976451 -0.181243
vn -0.047955 0.721668 0.340928
vn -0.006009 0.815745 0.512230
vn -0.405663 0.833970 0.322851
vn -0.589630 0.792622 0.075314
vn -0.631899 0.713950 -0.272832
vn -0.647388 0.664807 -0.370089
vn -0.077071 0.968982 -0.060457
vn 0.072006 0.762386 0.449508
vn -0.253299 0.878499 0.178619
vn -0.267723 0.880389 0.233882
vn -0.709193 0.686497 -0.012864
vn -0.288609 0.797861 0.462036
vn -0.357919 0.916307 0.020425
vn -0.011238 0.953393 0.174772
vn -0.442636 0.764570 0.210372
vn -0.746239 0.631791 -0.188888
vn -0.224202 0.794369 0.540823
vn -0.343432 0.934245 0.088062
vn -0.297493 0.887049 0.213196
vn -0.364870 0.868155 0.202743
vn -0.161398 0.912079 0.279871
vn 0.433478 0.682770 0.406642
vn -0.526899 0.097375 0.348244
vn -0.476495 0.772727 0.085860
vn -0.762215 0.622457 -0.007749
vn -0.797526 0.592383 0.040042
vn -0.282459 0.904337 0.191972
vn -0.376829 0.922038 0.011072
vn -0.540186 0.790647 0.164150
vn -0.278364 0.842352 0.362122
vn 0.344095 0.788579 0.242514
vn -0.311597 -0.301783 0.728103
vn -0.746022 0.576552 -0.273172
vn -0.230318 0.928276 0.156543
vn -0.129226 0.819455 0.452239
vn -0.806100 0.337485 -0.369485
vn -0.573766 0.688282 -0.020663
vn 0.101236 0.769237 0.474908
vn -0.843585 0.399187 -0.268892
vn -0.779431 0.594344 0.073733
vn -0.455240 0.482878 -0.261524
vn -0.022673 0.296155 0.713769
vn -0.858970 0.168926 -0.451147
vn -0.656247 -0.112325 -0.294886
vn -0.517808 -0.027323 0.767236
vn -0.778302 0.224011 0.468735
vn -0.719135 -0.004251 0.455946
vn -0.893573 0.001475 0.280778
vn -0.688882 -0.368253 0.486504
vn -0.833728 -0.032228 0.551234
vn 0.010158 0.978603 0.164265
vn -0.162930 0.903651 0.373713
vn -0.037550 0.944274 0.299673
vn -0.079216 0.987111 0.086968
vn -0.170588 0.863951 0.469964
vn 0.101832 0.982782 0.135618
vn -0.193139 0.941635 0.263289
vn -0.000465 0.999090 0.007998
vn -0.187141 0.854793 0.480035
vn -0.117873 0.926798 0.341906
vn 0.121722 0.987816 0.061728
vn 0.080442 0.979056 0.170677
vn -0.214771 0.882348 0.416736
vn -0.179757 0.975288 0.100834
vn -0.028197 0.996861 -0.034510
vn -0.194860 0.789252 0.571208
vn -0.250837 0.864423 0.429382
vn 0.100799 0.989014 0.091338
vn 0.153777 0.978724 0.122930
vn -0.199362 0.907715 0.358486
vn -0.127450 0.988731 0.050882
vn -0.235940 0.964852 0.101175
vn -0.015109 0.994249 -0.076933
vn 0.080290 0.993208 0.054633
vn -0.153047 0.859638 0.470589
vn -0.140994 0.799933 0.575399
vn -0.270498 0.806266 0.494030
vn 0.072192 0.955499 0.261078
vn 0.177052 0.974557 0.133477
vn -0.223680 0.953578 0.185554
vn -0.059853 0.985594 -0.142802
vn 0.020914 0.997865 0.010223
vn -0.096541 0.986528 -0.076591
vn -0.079586 0.802698 0.578448
vn -0.156793 0.857255 0.430088
vn 0.083669 0.992532 0.066130
vn 0.146129 0.983367 0.072015
vn 0.133077 0.982444 0.106081
vn -0.221561 0.955457 0.176539
vn -0.209662 0.973046 0.038746
vn -0.059703 0.987737 -0.126009
vn 0.081579 0.992082 -0.042224
vn -0.018032 0.874954 0.450079
vn -0.108549 0.777054 0.605804
vn 0.055519 0.884585 0.444211
vn -0.261667 0.678800 0.674846
vn -0.349612 0.685323 0.600467
vn 0.098771 0.949044 0.288509
vn 0.163285 0.970487 0.162638
vn 0.202512 0.972752 0.096394
vn 0.109158 0.983592 0.113736
vn -0.113610 0.960791 -0.237522
vn -0.031998 0.992390 -0.093987
vn 0.046609 0.993267 -0.068085
vn 0.135829 0.915611 0.356865
vn -0.012272 0.893234 0.440366
vn -0.349156 0.578290 0.710949
vn 0.024528 0.869777 0.453307
vn 0.172101 0.984501 -0.006260
vn 0.165404 0.983740 0.025506
vn -0.035501 0.980129 0.111598
vn 0.069680 0.990033 0.105493
vn -0.127430 0.963985 -0.218619
vn -0.173128 0.967726 -0.174931
vn -0.104275 0.985905 -0.075335
vn 0.155111 0.986760 -0.034638
vn 0.180913 0.922658 0.326518
vn -0.216490 0.632604 0.722827
vn -0.072423 0.857198 0.494927
vn 0.062550 0.919473 0.374715
vn -0.504964 0.538186 0.618900
vn -0.037307 0.926073 0.288946
vn -0.308503 0.397469 0.749086
vn 0.073901 0.978641 0.171790
vn -0.064987 0.985259 0.115391
vn -0.108278 0.971087 0.033866
vn -0.107389 0.968955 0.013385
vn -0.071980 0.993126 -0.076157
vn 0.024680 0.997369 -0.020555
vn 0.132397 0.989852 0.008013
vn 0.201166 0.928854 0.296882
vn 0.281711 0.917972 0.276624
vn -0.023904 0.913874 0.380167
vn -0.355683 0.453965 0.754330
vn -0.197209 0.633344 0.611209
vn -0.036820 0.970763 0.116781
vn 0.163537 0.985109 -0.008189
vn 0.013679 0.996120 0.061744
vn -0.268268 0.943291 0.050594
vn -0.350403 0.922316 -0.029727
vn -0.019643 0.990238 0.090030
vn -0.151382 0.973237 -0.113072
vn -0.063608 0.993083 -0.023220
vn -0.129830 0.912820 0.365458
vn -0.355987 0.873155 0.156879
vn -0.393156 0.884604 -0.089517
vn -0.232338 0.590956 0.672679
vn -0.119571 0.977176 0.073272
vn 0.186874 0.979727 0.026177
vn 0.070406 0.991326 0.036176
vn -0.080751 0.992501 0.075813
vn -0.288104 0.945093 0.054638
vn -0.362473 0.922455 -0.040326
vn -0.395468 0.905427 -0.050934
vn -0.422553 0.898253 -0.068482
vn -0.376348 0.899881 -0.078800
vn -0.117986 0.987920 0.020031
vn -0.017562 0.994885 0.005667
vn -0.028275 0.997112 -0.038558
vn 0.029018 0.995242 0.057776
vn 0.172668 0.981869 0.004625
vn -0.166076 0.813356 0.507202
vn -0.416532 0.364884 0.731240
vn -0.711960 0.506644 0.118684
vn -0.644708 0.398913 0.300105
vn -0.180645 0.978709 0.072234
vn -0.357925 0.918078 -0.090919
vn -0.243667 0.954836 -0.032469
vn -0.027957 0.988753 0.015899
vn -0.049203 0.996826 0.034195
vn 0.074812 0.990840 0.085606
vn -0.333237 0.878865 0.023836
vn -0.291616 0.864995 0.368101
vn -0.525502 0.823181 -0.163384
vn -0.337859 0.837140 0.189742
vn -0.069556 0.993790 0.064384
vn -0.434403 0.875121 -0.166003
vn -0.075223 0.994239 0.033651
vn -0.019917 0.990401 0.125551
vn -0.379186 0.879937 -0.190924
vn -0.975965 -0.020007 -0.135562
vn -0.311587 0.881836 0.151810
vn -0.649772 0.565670 -0.043461
vn -0.041430 0.986295 0.138952
vn -0.072195 0.989917 0.111162
vn -0.142295 0.986310 -0.032981
vn -0.128695 0.980394 -0.084963
vn -0.060622 0.997233 0.038468
vn -0.042966 0.994809 0.075772
vn 0.002930 0.995619 0.059550
vn -0.455055 0.841660 -0.251544
vn -0.478094 0.842999 -0.200981
vn -0.406553 0.904710 -0.115904
vn -0.272880 0.952477 -0.108760
vn -0.051775 0.991223 -0.102351
vn 0.059618 0.993695 0.067781
vn -0.031042 0.996013 0.007035
vn -0.261040 0.960182 -0.085037
vn -0.111043 0.977002 -0.146666
vn 0.040420 0.994039 0.050974
vn -0.036855 0.996049 -0.011658
vn -0.021814 0.995807 -0.080176
vn 0.100784 0.990526 0.086126
vn -0.366139 -0.604688 0.699027
vn -0.479729 -0.243398 0.729560
vn 0.036948 -0.187371 0.733065
vn -0.311915 -0.748679 0.552255
vn -0.004342 -0.318687 0.821027
vn -0.517369 -0.444355 0.565230
vn -0.410091 0.198461 0.732038
vn -0.597120 -0.694658 0.347933
vn 0.180107 0.272005 0.817796
vn -0.874079 -0.124918 0.439059
vn -0.772161 -0.469246 0.292772
vn -0.076693 0.651469 0.694108
vn -0.496410 0.381837 0.666963
vn -0.782395 -0.436444 0.351237
vn -0.721678 -0.219208 0.611911
vn -0.677348 -0.438194 0.590919
vn 0.275784 0.024832 0.808802
vn -0.042396 -0.216369 0.904386
vn 0.142208 -0.480968 0.847370
vn 0.423975 0.332148 0.723883
vn 0.199010 -0.491199 0.823380
vn 0.001429 0.999669 -0.010266
vn 0.020549 0.999585 -0.003316
vn -0.017745 0.998913 0.006508
vn 0.013278 0.999810 0.000391
vn -0.002014 0.999950 0.006050
vn 0.009307 0.999130 -0.027428
vn 0.005936 0.999516 -0.010161
vn 0.012193 0.999635 -0.006195
vn 0.017572 0.999612 -0.017351
vn 0.015436 0.999796 0.000597
vn 0.019996 0.999622 0.000267
vn 0.029103 0.999293 -0.005778
vn 0.010764 0.999711 -0.016502
vn 0.021675 0.999287 -0.016327
vn 0.000346 0.999670 -0.017644
vn -0.017875 0.999459 0.001283
vn -0.025848 0.998991 0.010798
vn -0.000567 0.999660 -0.012344
vn 0.001247 0.999571 -0.010472
vn 0.003658 0.999811 -0.007524
vn 0.012636 0.999788 0.005870
vn 0.004595 0.999950 0.007528
vn 0.016991 0.999616 -0.010548
vn 0.000750 0.999582 -0.008061
vn 0.006068 0.999616 0.008754
vn 0.005055 0.999526 -0.022911
vn -0.012266 0.999711 0.004126
vn 0.016165 0.999697 -0.003441
vn -0.009314 0.999723 -0.009728
vn 0.012106 0.999749 0.009161
vn 0.022371 0.999562 0.017204
vn 0.019682 0.999659 -0.011738
vn 0.010813 0.999517 0.010713
vn -0.000306 0.999783 -0.000599
vn 0.003474 0.999863 0.003003
vn 0.042477 0.998907 0.007563
vn -0.029841 0.999404 -0.007893
vn -0.008978 0.999695 0.005601
vn 0.009012 0.999729 0.000199
vn 0.007264 0.999833 0.005055
vn 0.010211 0.999789 0.012678
vn 0.004454 0.999902 -0.000866
vn 0.027401 0.999420 -0.019396
vn 0.009487 0.999846 -0.005465
vn 0.006613 0.999416 0.014597
vn -0.008592 0.999679 -0.012597
vn 0.011865 0.999592 0.018141
vn 0.018797 0.999086 0.018060
vn 0.017312 0.999778 -0.003700
vn 0.008594 0.999877 0.000037
vn 0.013986 0.999522 0.020431
vn 0.021954 0.999365 0.026806
vn 0.021660 0.999344 0.006617
vn -0.005932 0.999904 0.005293
vn -0.011824 0.999029 0.030980
vn 0.007922 0.999156 0.031233
vn 0.019665 0.999656 0.001679
vn 0.004157 0.999568 0.018400
vn 0.020239 0.999371 0.025037
vn -0.003537 0.999966 0.004477
vn 0.017737 0.998586 0.022247
vn -0.009479 0.999592 -0.002737
vn 0.002376 0.999574 0.026715
vn 0.020574 0.999365 0.008757
vn 0.007225 0.998372 0.051091
vn 0.000819 0.999893 -0.006264
vn 0.008576 0.999832 -0.002248
vn 0.009008 0.997375 0.056618
vn -0.014931 0.999539 0.020980
vn 0.028573 0.999111 -0.003761
vn 0.027698 0.998207 0.028362
vn -0.002798 0.999836 0.016713
vn -0.030299 0.999083 0.027063
vn -0.000061 0.999944 0.008159
vn 0.023860 0.999137 -0.000754
vn -0.016312 0.999334 0.003689
vn -0.011570 0.999483 0.009017
vn -0.001757 0.999628 0.024492
vn 0.041342 0.998899 -0.010164
vn 0.019941 0.999013 -0.011457
vn -0.032782 0.998878 0.031698
vn 0.002885 0.999962 -0.000202
vn 0.008222 0.999593 0.015356
vn 0.024619 0.999232 0.007752
vn -0.026690 0.999548 -0.003445
vn 0.023715 0.998907 0.023173
vn -0.003304 0.999631 0.003244
vn 0.029601 0.998786 -0.013279
vn 0.032668 0.998642 0.003184
vn 0.003255 0.998726 0.044531
vn 0.002695 0.999363 0.007405
vn 0.003817 0.999437 0.001205
vn -0.000397 0.999632 0.002803
vn 0.028891 0.999219 0.014649
vn 0.016314 0.999050 -0.017560
vn -0.016600 0.998624 0.010421
vn 0.007120 0.998042 0.047515
vn 0.004489 0.998605 0.040262
vn -0.008348 0.999671 0.011976
vn 0.016071 0.999263 -0.020718
vn -0.003230 0.999181 -0.031592
vn 0.043445 0.998371 0.002080
vn 0.060544 0.997346 -0.018545
vn 0.009520 0.996922 0.077802
vn 0.010869 0.998852 0.043916
vn 0.005387 0.998851 0.043640
vn 0.010758 0.999212 -0.021139
vn 0.028625 0.999092 -0.014303
vn 0.018572 0.999028 0.001491
vn 0.012626 0.997946 0.061096
vn 0.001937 0.998909 0.040161
vn 0.016846 0.998639 0.030211
vn 0.011814 0.999792 -0.006333
vn 0.047986 0.998623 -0.016106
vn -0.014535 0.998143 0.024739
vn 0.046708 0.998427 -0.018644
vn -0.033491 0.999051 0.011814
vn 0.018791 0.998487 0.044220
vn 0.024191 0.998918 0.020570
vn 0.032719 0.999222 -0.006639
vn -0.002578 0.998983 0.009491
vn 0.005664 0.999464 0.026656
vn 0.020390 0.997884 0.060603
vn 0.049904 0.998188 -0.014598
vn 0.018215 0.998114 -0.010123
vn 0.036572 0.997058 0.041619
vn -0.001421 0.999926 0.011895
vn 0.000264 0.997345 0.060309
vn 0.033421 0.998644 -0.000324
vn 0.048210 0.998049 -0.017321
vn 0.027569 0.998051 0.040950
vn 0.041213 0.996236 0.057629
vn 0.035061 0.997725 0.034015
vn 0.013827 0.999328 0.029400
vn -0.015985 0.998738 0.009334
vn 0.041797 0.995470 0.080951
vn 0.059440 0.994545 0.036875
vn -0.004861 0.995351 0.075552
vn -0.001117 0.996423 0.069410
vn 0.012458 0.999732 0.015748
vn 0.021809 0.998695 -0.006685
vn 0.002134 0.995113 0.089126
vn 0.061856 0.997801 0.019574
vn 0.032157 0.996236 0.054718
vn -0.035619 0.992596 0.108314
vn 0.026789 0.997671 0.046464
vn 0.027889 0.997950 0.032401
vn 0.067122 0.997630 0.007934
vn 0.048289 0.994767 0.085279
vn 0.025475 0.995481 0.085860
vn 0.064179 0.997640 0.001849
vn 0.040946 0.995440 0.081270
vn -0.013653 0.996208 0.075015
vn 0.006798 0.998416 0.013807
vn -0.004753 0.995665 0.058923
vn 0.009650 0.996384 0.075009
vn 0.006603 0.998154 0.046815
vn 0.000928 0.997026 -0.000124
vn 0.013475 0.998402 -0.005618
vn -0.026610 0.997935 0.031896
vn 0.035531 0.997717 0.031102
vn 0.070594 0.994912 0.007823
vn -0.024649 0.995314 0.085665
vn -0.007628 0.998055 -0.010177
vn -0.015282 0.999053 0.005820
vn 0.004626 0.998078 0.044166
vn -0.043199 0.995213 0.078528
vn -0.019655 0.999076 -0.009128
vn 0.018601 0.998598 0.037723
vn 0.027354 0.997893 0.057654
vn 0.031731 0.998009 0.049747
vn -0.144874 0.183464 0.683831
vn -0.361208 0.578875 0.681986
vn -0.374246 0.691604 0.572261
vn -0.494000 0.640411 0.567643
vn -0.056734 0.494177 0.837603
vn -0.369433 0.663242 0.627965
vn -0.276984 0.779176 0.517482
vn -0.127054 -0.044945 0.854009
vn -0.123129 0.715284 0.670084
vn -0.148436 0.023249 0.897659
vn 0.061002 0.603496 0.776121
vn -0.208311 0.714377 0.660230
vn -0.178417 -0.651992 0.638628
vn -0.049959 0.220679 0.946905
vn 0.131836 0.428088 0.888220
vn 0.083997 0.672339 0.721059
vn 0.036715 0.720061 0.661795
vn -0.453324 -0.390760 0.668898
vn -0.052800 0.821190 0.554714
vn -0.067758 -0.051786 0.955068
vn 0.257980 0.690295 0.675671
vn 0.164249 0.768856 0.602941
vn -0.274349 -0.740950 0.425095
vn 0.024493 0.814502 0.553671
vn -0.595931 -0.656395 0.422280
vn 0.176976 0.735808 0.641707
vn -0.180945 -0.777139 0.592844
vn -0.104390 -0.367397 0.796284
vn -0.229110 -0.539227 0.729758
vn -0.334211 -0.068839 0.902657
vn -0.112589 -0.738602 0.664673
vn -0.306966 0.090074 0.905133
vn -0.109532 0.029280 0.955389
vn 0.438228 -0.022997 0.801999
vn -0.382143 0.388495 0.814487
vn 0.604070 -0.212111 0.756188
vn -0.151858 0.061001 0.765184
vn 0.512108 -0.042966 0.772227
vn -0.632802 0.218217 0.646309
vn 0.321645 -0.489206 0.525143
vn -0.631078 -0.135857 0.574657
vn -0.855392 -0.009787 0.480526
vn -0.596307 -0.438645 0.447175
vn -0.762275 -0.081758 0.607940
vn -0.535844 0.085237 0.722005
vn -0.357299 -0.134847 0.805917
vn -0.797446 -0.121390 0.550245
vn -0.215216 -0.221971 0.693152
vn -0.343768 -0.292692 0.707271
vn 0.246538 -0.302646 0.914348
vn 0.193584 0.075343 0.805592
vn -0.460518 0.039732 0.844147
vn -0.437341 -0.344644 0.662443
vn -0.137795 -0.000571 0.927960
vn -0.606129 -0.161869 0.733627
vn 0.145395 -0.425581 0.857116
vn 0.422149 -0.458816 0.551748
vn -0.283343 0.030627 0.944063
vn -0.430446 0.040307 0.886087
vn -0.532406 -0.311122 0.719023
vn 0.265128 -0.316554 0.682629
vn -0.285860 0.034622 0.934863
vn -0.488891 -0.236350 0.772688
vn -0.135390 -0.150764 0.805335
vn -0.670569 -0.280125 0.686807
vn -0.319038 0.080528 0.908433
vn -0.491343 -0.033353 0.836022
vn 0.798478 -0.338173 0.478329
vn -0.065626 -0.266208 0.913562
vn -0.566459 -0.487581 0.591010
vn -0.292034 -0.147915 0.859589
vn -0.631994 -0.257401 0.716481
vn -0.284077 -0.315036 0.846468
vn -0.389260 -0.428448 0.710009
vn -0.616885 -0.220531 0.716269
vn -0.502835 -0.290102 0.814024
vn -0.149158 -0.390666 0.841776
vn -0.064674 -0.525905 0.783804
vn -0.375597 -0.631883 0.619284
vn -0.475122 -0.520934 0.668353
vn -0.665774 -0.354518 0.639776
vn -0.424445 -0.508787 0.735580
vn -0.005585 -0.799634 0.526049
vn -0.576295 -0.469362 0.647168
vn 0.530184 -0.299718 0.737730
vn 0.747423 -0.167216 0.586010
vn 0.710007 -0.346333 0.600629
vn 0.482067 -0.046926 0.802824
vn 0.717808 -0.378158 0.570630
vn 0.328056 -0.298063 0.819656
vn 0.638660 0.291287 0.653879
vn 0.747046 -0.096643 0.570897
vn 0.539359 -0.380692 0.673901
vn 0.547876 -0.069722 0.752320
vn -0.414875 -0.380941 0.826294
vn 0.494829 -0.360255 0.777296
vn 0.520702 0.431951 0.690458
vn 0.360945 -0.102635 0.877936
vn 0.462508 0.428238 0.723084
vn 0.361803 -0.243275 0.873901
vn 0.272379 0.184135 0.885437
vn 0.509600 0.172921 0.839671
vn 0.264433 0.617780 0.676923
vn 0.119860 -0.040818 0.980247
vn 0.410551 0.094360 0.887629
vn 0.290706 0.521402 0.734880
vn 0.016532 0.373094 0.902325
vn 0.492885 0.024970 0.764190
vn 0.236448 0.267991 0.739211
vn 0.659424 -0.121323 0.700945
vn 0.769579 -0.214618 0.572622
vn 0.761152 -0.049963 0.646647
vn 0.040836 -0.545118 0.796507
vn -0.093673 -0.732961 0.576591
vn -0.068944 -0.904624 0.351881
vn 0.360886 -0.623741 0.603287
vn 0.660930 0.704145 0.195001
vn 0.699592 0.085284 0.425098
vn 0.810625 0.460296 -0.018671
vn 0.528985 -0.275048 0.570258
vn 0.395940 -0.529716 0.750089
vn 0.581600 -0.337248 0.390975
vn 0.550166 -0.280020 0.736431
vn -0.057840 0.699036 0.655980
vn 0.206952 0.782811 0.533662
vn 0.220546 0.820582 0.516087
vn 0.199260 0.746445 0.631029
vn -0.037090 0.695199 0.691873
vn -0.309272 0.523140 0.764593
vn -0.015752 0.689003 0.697133
vn -0.573304 0.042862 0.768754
vn -0.266572 0.598247 0.736652
vn 0.129134 0.763556 0.622812
vn -0.390262 0.373897 0.818666
vn -0.020146 0.699689 0.680228
vn -0.185635 0.604095 0.763378
vn -0.553592 -0.198622 0.808169
vn -0.521873 0.054835 0.819562
vn 0.192740 0.788533 0.574174
vn -0.075980 0.258811 0.889249
vn -0.058427 0.515569 0.829994
vn 0.068261 0.688825 0.688100
vn -0.052376 0.585809 0.795612
vn -0.365528 -0.079281 0.861447
vn -0.101478 -0.189841 0.903785
vn 0.243889 -0.058280 0.946358
vn 0.166096 0.621111 0.727737
vn 0.002057 0.539051 0.827541
vn 0.154023 0.595821 0.746165
vn 0.443095 0.256974 0.803938
vn 0.278062 0.772256 0.520349
vn 0.105475 -0.289709 0.909863
vn 0.327962 -0.203772 0.852927
vn 0.033600 0.508522 0.819736
vn 0.328992 0.467751 0.746503
vn 0.039449 0.457390 0.873738
vn 0.244056 0.711057 0.609070
vn 0.302999 -0.244824 0.816609
vn 0.123305 0.711620 0.649861
vn 0.231815 0.704887 0.655037
vn 0.128181 0.896140 0.360867
vn 0.092180 -0.549174 0.760077
vn -0.015486 0.472337 0.864024
vn 0.331654 0.270102 0.787761
vn 0.072656 0.570884 0.795985
vn 0.058144 0.716096 0.660389
vn 0.105210 -0.666811 0.695491
vn 0.346305 -0.488971 0.705744
vn 0.243131 0.744288 0.590286
vn -0.120333 0.604933 0.776011
vn 0.029768 0.913862 0.334159
vn 0.138306 0.835686 0.531479
vn -0.102407 0.685790 0.664894
vn 0.024349 0.722059 0.663654
vn 0.729360 -0.234773 0.560168
vn 0.473091 0.432559 0.703687
vn 0.047417 0.975085 0.051272
vn 0.532033 -0.630871 0.474495
vn 0.026707 0.891975 0.428658
vn -0.232919 0.697168 0.641354
vn -0.139052 0.678466 0.720612
vn 0.263539 0.748354 0.567445
vn -0.007089 0.942421 0.172208
vn 0.595521 -0.584753 0.427907
vn -0.161678 0.901539 0.259767
vn 0.820674 -0.431594 0.314647
vn 0.658137 0.147529 0.708869
vn 0.427770 0.575609 0.665560
vn -0.077432 0.985990 -0.068305
vn 0.059285 0.833053 0.488759
vn -0.224074 0.930098 0.141009
vn 0.705717 -0.312365 0.528134
vn 0.910426 -0.104140 0.299404
vn -0.170109 0.906336 0.379332
vn 0.685433 -0.290144 0.565908
vn 0.582084 0.066821 0.778935
vn 0.449296 0.455175 0.746234
vn 0.262626 0.721221 0.616393
vn 0.423281 -0.337378 0.614707
vn 0.880333 -0.136598 0.362397
vn -0.051350 0.842712 0.484906
vn 0.628759 -0.381008 0.602833
vn 0.938706 0.031435 0.321023
vn 0.167705 -0.695240 0.667580
vn 0.863658 0.040011 0.453457
vn -0.106255 0.718372 0.648511
vn 0.759319 -0.199616 0.458670
vn 0.622416 0.190497 0.675256
vn 0.242700 0.420053 0.822123
vn 0.110518 0.661627 0.701980
vn 0.541989 -0.022331 0.648056
vn -0.136521 -0.469671 0.831649
vn 0.781403 0.066505 0.605330
vn 0.938540 0.070196 0.313114
vn 0.703684 0.103016 0.526207
vn -0.118303 -0.180509 0.929032
vn 0.765232 -0.031055 0.623817
vn 0.377832 0.481428 0.723087
vn 0.860067 -0.082515 0.457346
vn 0.055545 -0.008464 0.929998
vn -0.390228 -0.168601 0.892734
vn 0.809485 -0.203734 0.492050
vn 0.710790 0.064971 0.597481
vn 0.914046 0.025439 0.382475
vn 0.719996 -0.272607 0.627216
vn 0.677896 -0.282411 0.666542
vn 0.788758 -0.280464 0.513352
vn 0.324736 -0.143079 0.857355
vn -0.251548 -0.134405 0.954376
vn 0.700869 -0.376495 0.575374
vn 0.714290 -0.334049 0.590448
vn 0.834820 -0.113692 0.516039
vn 0.646255 -0.196258 0.714097
vn 0.610986 -0.477808 0.618582
vn 0.838345 -0.405509 0.330983
vn 0.717898 -0.197735 0.618787
vn 0.597840 -0.533638 0.587097
vn 0.374104 -0.182649 0.898139
vn 0.663408 -0.537492 0.497680
vn 0.658642 -0.431457 0.595783
vn 0.480321 -0.008662 0.815611
vn 0.556565 -0.594843 0.574791
vn 0.747980 -0.573846 0.305327
vn 0.587134 -0.400510 0.679730
vn 0.514213 -0.637284 0.563300
vn 0.249522 0.049859 0.956231
vn 0.611046 -0.608236 0.492043
vn 0.435918 0.086777 0.858175
vn 0.441709 -0.125337 0.841716
vn 0.526385 -0.686706 0.498129
vn 0.190532 -0.360028 0.859985
vn 0.421458 -0.572695 0.693380
vn 0.572043 -0.595851 0.552282
vn 0.464817 -0.752089 0.451856
vn 0.167777 -0.071776 0.951476
vn 0.382737 -0.712845 0.563759
vn 0.574696 -0.680319 0.450748
vn 0.591115 -0.505649 0.623326
vn 0.474040 -0.788466 0.385889
vn -0.084111 -0.474611 0.831747
vn 0.318848 -0.585993 0.735933
vn 0.651077 -0.584565 0.473060
vn 0.062435 -0.574259 0.787802
vn 0.182077 -0.705379 0.671553
vn 0.011671 -0.687171 0.716583
vn 0.199079 -0.808897 0.532322
vn 0.238229 -0.643815 0.700688
vn -0.014301 -0.817444 0.532764
vn 0.362409 -0.838391 0.396940
vn 0.192874 -0.707324 0.617493
vn 0.158673 0.290808 0.885122
vn 0.244494 0.217608 0.942933
vn 0.279455 0.174952 0.938848
vn 0.360187 0.242057 0.812848
vn 0.128539 0.788584 0.529231
vn 0.357328 -0.058863 0.883898
vn 0.240710 0.821968 0.418783
vn 0.462399 0.257796 0.677098
vn 0.224432 0.877344 0.313575
vn 0.064667 0.980917 0.161032
vn 0.031911 0.966746 0.229972
vn 0.047250 0.992720 0.088311
vn 0.149213 0.949156 0.264794
vn 0.083981 0.994121 0.067052
vn -0.058694 0.978984 0.131248
vn 0.105350 0.887544 0.398539
vn 0.075953 0.992491 0.054157
vn -0.166771 0.882114 0.374588
vn 0.168391 0.964426 0.146888
vn -0.132701 0.960235 0.141349
vn 0.186619 0.961025 0.156689
vn -0.436191 0.800393 0.337150
vn 0.184819 0.961725 0.058232
vn -0.371609 0.754141 0.496877
vn 0.261791 0.947560 0.094915
vn 0.321813 0.918876 0.207904
vn -0.081103 0.950274 0.133365
vn 0.350008 0.905234 0.240726
vn -0.556486 0.658146 0.490390
vn -0.087679 0.905835 0.235782
vn 0.372677 0.915656 0.125337
vn 0.305061 0.933932 0.086732
vn 0.358970 0.912862 0.173593
vn -0.620712 0.387783 0.607633
vn -0.429507 0.776445 0.373911
vn -0.490444 0.656760 0.572593
vn -0.480449 0.522567 0.606654
vn -0.434745 0.616917 0.507029
vn 0.364465 0.922681 0.110167
vn 0.322201 0.944421 0.065202
vn -0.432647 0.250294 0.821209
vn 0.050508 0.897098 0.281845
vn -0.683690 0.210256 0.689795
vn 0.694130 -0.450689 0.291755
vn 0.549412 -0.363305 0.422179
vn 0.183035 0.971962 0.147551
vn 0.330340 0.736702 0.351043
vn 0.832277 0.187431 -0.123897
vn 0.329970 0.000000 0.496458
vn 0.809014 0.222913 0.053409
vn 0.547137 -0.430988 0.302457
vn -0.006665 0.999759 0.020448
vn -0.004701 0.999691 0.023540
vn -0.007621 0.999776 0.019210
vn -0.054260 0.993318 -0.092883
vn -0.038242 0.997587 -0.041526
vn 0.008530 0.999511 0.006406
vn 0.047496 0.996429 0.051323
vn 0.005429 0.998096 0.045235
vn 0.002541 0.998652 0.029191
vn 0.005971 0.994019 0.008621
vn 0.302684 0.867710 0.115966
vn -0.018570 0.996259 0.034585
vn 0.398504 0.846720 0.084193
vn -0.018971 0.989062 -0.012377
vn 0.013645 0.998521 0.025956
vn 0.438748 0.826076 0.135339
vn 0.304341 0.903230 0.085041
vn 0.703744 0.654817 0.262407
vn -0.050891 0.994677 0.011539
vn 0.152508 0.970192 0.032879
vn 0.733575 0.647082 0.201555
vn 0.562478 0.754670 0.239123
vn 0.013087 0.982074 0.018248
vn 0.422814 0.853275 0.142653
vn 0.015835 0.997300 -0.031722
vn 0.742812 0.607401 0.257353
vn 0.442417 0.834054 0.292508
vn 0.631063 0.715634 0.219522
vn 0.541941 0.748603 0.333031
vn 0.001897 0.984204 0.031007
vn 0.212756 0.952060 0.094500
vn -0.076396 0.993213 -0.040440
vn 0.033225 0.994278 -0.066045
vn 0.713040 0.635304 0.254092
vn 0.516286 0.781234 0.311998
vn 0.320639 0.908090 0.114207
vn 0.470139 0.826753 0.190695
vn -0.005037 0.996630 -0.048028
vn 0.058161 0.995578 -0.032210
vn 0.554462 0.655849 0.300163
vn 0.484807 0.777774 0.326669
vn 0.230735 0.917460 0.264053
vn 0.287556 0.892764 0.329408
vn 0.405462 0.877719 0.140975
vn 0.003911 0.995680 -0.003540
vn 0.001926 0.998271 0.044615
vn 0.000129 0.994549 -0.064139
vn 0.090920 0.990054 -0.087585
vn 0.712554 0.641741 0.192197
vn 0.822763 0.454323 0.295992
vn 0.245748 0.942484 0.113114
vn 0.010077 0.999199 0.024611
vn -0.015264 0.996589 0.068193
vn -0.018174 0.994722 -0.085660
vn 0.077830 0.995097 -0.001054
vn 0.103604 0.986366 0.080857
vn 0.580446 0.591620 0.400519
vn 0.228530 0.816376 0.426335
vn 0.058577 0.904348 0.341807
vn 0.033957 0.969471 0.159327
vn 0.675695 0.690751 0.162844
vn 0.018067 0.996573 0.077739
vn 0.012273 0.999546 0.011591
vn -0.001822 0.993947 0.102338
vn -0.026737 0.999026 0.007878
vn 0.012168 0.994412 -0.096470
vn 0.106724 0.990758 0.049146
vn 0.829229 0.529409 0.148908
vn 0.738896 0.490469 0.283076
vn -0.046414 0.908589 0.160996
vn -0.072483 0.883782 0.053929
vn -0.184905 0.957090 0.141399
vn 0.031548 0.966793 0.134119
vn 0.383749 0.900606 0.127982
vn 0.881161 0.402764 0.117232
vn 0.006283 0.999075 -0.029043
vn -0.001397 0.998271 0.012625
vn 0.021999 0.993125 -0.104579
vn 0.158948 0.975411 0.093157
vn 0.092725 0.908291 0.161982
vn -0.255477 0.915492 0.109510
vn -0.351493 0.889005 0.189487
vn -0.145705 0.981170 0.062652
vn 0.562329 0.783738 0.086403
vn 0.774603 0.606746 0.128988
vn 0.240665 0.949168 0.161100
vn 0.009788 0.994831 -0.082976
vn -0.053809 0.998042 0.008061
vn 0.070444 0.995677 0.002337
vn 0.126177 0.991323 -0.000097
vn 0.012693 0.922581 0.002382
vn 0.742688 0.518398 0.026541
vn -0.197535 0.966823 -0.003214
vn -0.256616 0.934842 0.156333
vn -0.183553 0.964306 0.160701
vn 0.766349 0.543038 -0.119196
vn -0.018101 0.997624 0.016394
vn 0.100164 0.993412 0.029145
vn 0.229577 0.963928 -0.032347
vn 0.023841 0.973059 0.169528
vn -0.051177 0.954763 0.250608
vn 0.649042 0.742431 -0.005596
vn -0.052177 0.998277 0.003501
vn 0.154215 0.975946 -0.061628
vn 0.090305 0.994224 0.027665
vn 0.200901 0.899593 -0.208254
vn -0.072573 0.977236 -0.078655
vn -0.139084 0.969064 0.056035
vn -0.011291 0.937837 0.301904
vn -0.079900 0.936623 0.325274
vn 0.705798 0.674550 0.101174
vn 0.221372 0.928210 -0.130240
vn -0.029438 0.999501 -0.006099
vn 0.039814 0.997707 0.035963
vn 0.120219 0.985320 0.026775
vn 0.515457 0.810362 0.030483
vn 0.067297 0.990122 0.068779
vn 0.072576 0.935022 0.321072
vn -0.026903 0.923105 0.379335
vn -0.090741 0.917619 0.375761
vn 0.654695 0.738830 0.072220
vn 0.419770 0.873036 0.085169
vn 0.255656 0.929348 0.048923
vn 0.068690 0.996006 0.043635
vn 0.111226 0.990380 0.067213
vn 0.069942 0.997128 -0.003770
vn 0.098682 0.976642 0.159267
vn 0.696304 0.677870 0.154469
vn 0.521727 0.771419 0.293458
vn 0.096673 0.987126 0.059345
vn 0.488171 0.819144 0.190692
vn 0.058903 0.996117 0.056586
vn 0.082752 0.991141 0.088401
vn 0.185989 0.960251 0.105162
vn 0.129053 0.985066 0.027474
vn 0.255269 0.933941 0.234460
vn 0.019559 0.901914 0.430500
vn 0.849615 0.461660 0.087504
vn 0.722193 0.605015 0.287851
vn 0.154960 0.955090 0.204996
vn 0.304054 0.918193 0.138731
vn 0.043458 0.997345 0.042805
vn 0.269172 0.934429 0.133081
vn 0.073816 0.988909 0.089744
vn 0.202403 0.964366 0.160672
vn 0.138564 0.916789 0.347677
vn 0.372513 0.655692 -0.086838
vn 0.541739 0.805887 0.194105
vn 0.424299 0.782613 0.309027
vn 0.499188 0.823876 0.214419
vn 0.016791 0.998428 0.039356
vn 0.099953 0.994147 0.011214
vn 0.192871 0.970675 0.074912
vn 0.164224 0.977866 0.049594
vn 0.291481 0.942227 0.129040
vn 0.328643 0.920915 0.191416
vn 0.837578 0.429521 0.106012
vn 0.134891 0.950442 0.230619
vn 0.140201 0.961060 0.217121
vn 0.027194 0.998593 0.024075
vn 0.493787 0.841362 0.147460
vn 0.288383 0.951448 0.028376
vn 0.890983 0.137655 -0.432667
vn -0.023071 0.920176 0.012696
vn 0.455426 0.856641 0.141699
vn 0.088551 0.972793 0.203151
vn 0.235539 0.576180 0.426352
vn 0.073746 0.961851 0.246046
vn 0.017124 0.999381 0.009719
vn 0.039039 0.998494 0.013627
vn 0.220982 0.970983 0.001488
vn 0.320554 0.943968 0.040192
vn 0.274078 0.935335 0.174840
vn 0.368894 0.913723 0.132994
vn 0.401737 0.898980 0.161427
vn -0.408022 0.904523 -0.030412
vn 0.138179 0.973768 0.152428
vn 0.700571 -0.149623 0.367391
vn 0.000935 0.982337 0.176499
vn 0.171930 0.959436 0.199887
vn 0.025898 0.999144 -0.026768
vn 0.019562 0.999147 -0.007877
vn 0.083078 0.995113 0.021136
vn 0.166069 0.985214 0.006372
vn 0.437241 0.868707 -0.026726
vn 0.404989 0.898556 -0.034501
vn 0.287901 0.934798 0.191105
vn 0.415481 0.893094 0.169225
vn -0.209578 0.952180 -0.037287
vn 0.036615 0.985155 -0.051902
vn 0.017522 0.986744 0.149155
vn -0.203105 0.926615 0.164664
vn 0.499244 -0.084151 0.765719
vn -0.016491 0.982563 0.134016
vn 0.033612 0.999005 0.009446
vn 0.283260 0.942703 -0.080777
vn 0.412262 0.899719 0.130085
vn 0.007075 0.990002 0.130810
vn -0.057315 0.779161 0.154405
vn 0.197064 0.567688 0.286876
vn 0.698685 0.234158 0.151536
vn 0.040301 0.998519 -0.017857
vn 0.151160 0.983658 -0.048736
vn 0.047095 0.997893 0.034574
vn 0.493938 0.850548 -0.096525
vn 0.251069 0.934974 -0.050166
vn 0.418113 0.903310 0.092539
vn -0.066752 0.981743 0.024904
vn 0.060333 0.990966 0.119692
vn 0.318476 0.932845 0.137367
vn -0.394872 0.888544 0.015335
vn 0.643530 0.137551 0.290014
vn 0.021982 0.992113 0.078007
vn 0.036213 0.998791 -0.008547
vn 0.095777 0.993735 0.010467
vn 0.046781 0.997755 0.031510
vn 0.050444 0.997867 0.033575
vn 0.189506 0.969081 -0.090493
vn -0.004773 0.982632 0.113144
vn 0.049247 0.989553 0.134817
vn 0.066808 0.648551 0.305639
vn 0.750331 -0.657652 -0.067056
vn 0.130300 0.986000 -0.046055
vn 0.062736 0.987760 0.074459
vn 0.074273 0.995656 -0.018646
vn 0.373890 0.896463 -0.098207
vn 0.056752 0.997393 -0.029894
vn 0.448311 0.847141 -0.203451
vn 0.167434 0.972171 0.053473
vn 0.021566 0.974501 0.223235
vn 0.049240 0.985347 0.156149
vn -0.314388 0.877916 0.291461
vn 0.009827 0.998198 0.014761
vn 0.058539 0.996644 0.025829
vn 0.542465 0.791003 -0.135021
vn 0.835905 -0.001284 0.312921
vn 0.170465 0.625096 0.439106
vn 0.035882 0.997940 0.001526
vn 0.462445 0.861189 -0.117253
vn 0.104220 0.982011 0.088110
vn 0.587061 0.774037 -0.050315
vn 0.593721 0.779840 -0.091085
vn 0.339057 0.928801 -0.006520
vn 0.056349 0.980003 0.182520
vn 0.267394 0.836741 0.159970
vn -0.007952 0.999476 -0.023608
vn 0.093742 0.989377 0.064540
vn 0.289924 0.931971 0.034865
vn 0.741728 0.660987 -0.095084
vn 0.775107 0.074940 0.214367
vn 0.071688 0.995125 -0.015900
vn 0.306131 0.908177 0.207392
vn 0.697968 0.702990 0.074641
vn 0.554499 0.782277 0.185818
vn 0.911020 -0.394213 0.080273
vn 0.666230 0.173024 0.219273
vn -0.000831 0.997737 0.028164
vn 0.174298 0.981032 0.035037
vn 0.211614 0.827865 0.304186
vn -0.009927 0.998015 0.037765
vn 0.120035 0.991902 0.002145
vn 0.527283 0.814483 0.155426
vn 0.390417 0.904433 0.094292
vn 0.788906 -0.556163 0.170964
vn 0.244054 0.660916 0.514206
vn -0.021494 0.996667 0.063093
vn 0.056221 0.995299 0.031806
vn 0.203588 0.974945 0.006642
vn 0.523207 0.834082 0.008650
vn 0.750567 -0.144560 0.325347
vn -0.245726 0.910160 0.305337
vn -0.023154 0.996448 0.071793
vn 0.050756 0.994502 0.082338
vn 0.418014 0.900745 0.031393
vn 0.397567 0.908759 0.034902
vn 0.387484 0.916945 -0.028716
vn 0.073811 0.857404 0.327899
vn 0.505678 0.413852 0.480358
vn 0.004539 0.995912 0.003007
vn 0.047904 0.994497 0.080600
vn 0.212074 0.968736 -0.053858
vn 0.010058 0.996583 0.000825
vn 0.474283 0.874917 0.083751
vn -0.414187 0.834637 0.331243
vn 0.801641 0.206670 0.102510
vn 0.059487 0.995028 0.075812
vn 0.046228 0.994044 -0.020045
vn 0.309043 0.949979 -0.011730
vn 0.454417 0.881660 0.020036
vn 0.446143 0.886168 -0.096195
vn -0.149848 0.896099 0.225669
vn 0.861932 -0.362393 0.040575
vn 0.053425 0.997825 0.026257
vn 0.010722 0.996673 -0.065194
vn 0.276345 0.949770 -0.062460
vn 0.012029 0.998111 -0.013691
vn 0.469547 0.865475 -0.126015
vn 0.493535 0.804588 0.052426
vn -0.238068 0.919568 0.076923
vn 0.935467 -0.302940 -0.071678
vn 0.720051 -0.683299 0.120955
vn 0.039558 0.998398 -0.027211
vn 0.016129 0.995149 -0.081952
vn 0.039600 0.998070 -0.022531
vn 0.036340 0.998703 0.009194
vn 0.184558 0.976675 -0.002044
vn 0.004415 0.997367 -0.000028
vn 0.868033 0.093425 -0.031715
vn 0.103975 0.963148 -0.023035
vn 0.012554 0.997513 -0.056213
vn 0.005857 0.999375 -0.026282
vn 0.331663 0.939023 -0.033429
vn 0.462590 0.859910 -0.186527
vn 0.026010 0.998406 0.028073
vn 0.073598 0.997015 0.012564
vn 0.427290 0.865028 -0.159800
vn 0.644989 0.692996 -0.058142
vn -0.129461 0.986980 -0.010725
vn 0.910318 -0.044150 -0.112935
vn 0.020573 0.999342 -0.027527
vn 0.031040 0.998507 -0.005545
vn 0.205128 0.973981 -0.036259
vn 0.153100 0.983412 0.011103
vn 0.053262 0.998109 0.016210
vn 0.109283 0.988656 0.021644
vn 0.443569 0.781501 -0.121604
vn -0.014228 0.992012 0.002426
vn 0.944426 -0.284395 -0.117885
vn -0.010415 0.999481 0.005989
vn 0.308278 0.938687 -0.139507
vn 0.415420 0.897486 -0.095200
vn 0.370145 0.893124 -0.177884
vn 0.039216 0.998729 0.005305
vn 0.103066 0.992236 0.013015
vn 0.869654 0.101179 -0.177733
vn 0.015662 0.999313 -0.021932
vn 0.005751 0.999210 -0.016247
vn 0.046194 0.997978 0.008601
vn 0.404894 0.900059 -0.131067
vn 0.221602 0.964853 -0.039894
vn 0.061858 0.996619 -0.054072
vn 0.046637 0.998076 -0.011498
vn 0.525981 0.738985 -0.256376
vn 0.947000 -0.288435 -0.093990
vn 0.010444 0.999179 -0.028269
vn 0.018391 0.999643 -0.005396
vn 0.343088 0.915723 -0.200823
vn 0.323873 0.932515 -0.122297
vn 0.067650 0.997267 0.004230
vn 0.043873 0.998826 -0.004783
vn 0.101085 0.993892 0.007699
vn 0.932793 -0.069030 0.007159
vn -0.000795 0.998826 0.001343
vn 0.009129 0.998681 -0.019971
vn 0.376090 0.897256 -0.209037
vn 0.308205 0.944981 0.015785
vn 0.035601 0.998911 0.008829
vn 0.121099 0.990991 -0.003593
vn 0.716980 0.481018 -0.267891
vn 0.007355 0.999474 -0.005375
vn 0.014315 0.998945 0.022744
vn 0.392950 0.899395 -0.178391
vn 0.317662 0.922588 -0.203211
vn 0.348053 0.912942 -0.065750
vn 0.329386 0.938710 0.065015
vn 0.191111 0.976882 0.040662
vn 0.054638 0.996738 0.041746
vn 0.063738 0.996797 0.005136
vn 0.023466 0.998664 0.018714
vn 0.576437 0.725130 -0.037356
vn 0.595973 0.229739 -0.007708
vn -0.009618 0.999663 -0.003761
vn 0.005424 0.997279 0.031479
vn -0.020339 0.999485 0.008294
vn 0.371436 0.912450 0.056866
vn 0.342875 0.919870 0.126721
vn -0.011143 0.998518 0.028133
vn 0.001514 0.999715 -0.020007
vn 0.189819 0.972770 0.096018
vn 0.274566 0.945217 0.108680
vn 0.810652 0.200593 -0.017372
vn 0.011444 0.999360 0.019494
vn 0.525585 0.840733 -0.121976
vn 0.311834 0.922253 0.153656
vn 0.030354 0.997832 0.050558
vn 0.241770 0.571398 0.628237
vn 0.690441 0.066509 -0.567953
vn 0.857403 0.001903 0.386472
vn 0.000129 0.997847 0.060314
vn 0.002759 0.998581 0.043923
vn -0.031063 0.998199 0.045579
vn 0.138679 0.891953 -0.007139
vn 0.196869 0.891407 -0.009870
vn 0.002063 0.998102 0.034632
vn 0.254960 0.953493 0.137148
vn 0.272090 -0.062922 0.344883
vn 0.819090 -0.422372 -0.246414
vn 0.771662 -0.227797 0.593840
vn 0.820620 0.271189 0.503030
vn 0.009702 0.998279 0.054676
vn 0.019487 0.996915 0.067617
vn 0.045219 0.996408 0.060543
vn 0.176059 0.970643 0.071670
vn 0.229397 0.963103 0.121800
vn 0.303950 0.929482 -0.005550
vn 0.020879 0.998482 0.032912
vn 0.006241 0.998577 0.040791
vn -0.023775 0.998652 0.035838
vn -0.280118 0.892643 -0.242548
vn 0.006433 0.995840 0.088556
vn 0.000843 0.998239 0.037205
vn 0.316059 0.933950 0.139961
vn 0.106544 0.980295 0.080695
vn 0.117744 0.939860 -0.244204
vn 0.003513 0.998028 0.057968
vn 0.000766 0.997209 0.074631
vn -0.019788 0.999332 0.017053
vn -0.031912 0.929366 -0.222854
vn 0.039209 0.993637 0.096864
vn 0.078337 0.987948 0.088983
vn 0.015997 0.996858 0.064482
vn 0.218854 0.949880 0.163929
vn 0.015514 0.980679 -0.054146
vn -0.008410 0.999034 0.031253
vn 0.026539 0.997836 0.027324
vn 0.000886 0.997077 0.076401
vn -0.002260 0.999686 0.013949
vn 0.002696 0.996273 0.082367
vn 0.054957 0.990393 0.102614
vn 0.182530 0.967679 0.142715
vn 0.249326 0.904349 0.240490
vn -0.064460 0.979876 0.071407
vn -0.138162 0.982391 -0.034556
vn -0.067291 0.950427 -0.224459
vn 0.021091 0.998784 0.022742
vn 0.046321 0.998683 0.004155
vn 0.003189 0.996913 0.072724
vn -0.005790 0.999097 0.032504
vn 0.069054 0.993537 0.082388
vn 0.053964 0.995878 0.058842
vn -0.005397 0.887092 0.040388
vn 0.325563 0.894198 0.244958
vn -0.002526 0.970816 0.069231
vn 0.050506 0.998577 0.016425
vn 0.044979 0.998102 0.026515
vn 0.025217 0.995201 0.065819
vn 0.005849 0.997962 0.061279
vn 0.026381 0.996685 0.075896
vn 0.037582 0.995382 0.070775
vn -0.003775 0.997976 0.056989
vn 0.337347 0.859787 0.252649
vn -0.189142 0.952039 0.064679
vn -0.218463 0.973045 -0.036196
vn 0.011529 0.998874 0.022335
vn 0.037385 0.999269 -0.002026
vn -0.002908 0.888701 0.037386
vn 0.048693 0.996650 0.048667
vn 0.004213 0.998374 0.044636
vn 0.109015 0.978143 0.145214
vn 0.059220 0.995099 0.065950
vn 0.278419 0.919751 0.172253
vn -0.160886 0.936198 0.192554
vn -0.250130 0.966058 -0.038473
vn 0.262650 0.895572 0.276110
vn 0.079932 0.982977 0.133134
vn 0.000776 0.998106 0.028692
vn 0.376007 0.840865 0.312203
vn -0.159386 0.967433 0.086581
vn -0.324286 0.943696 0.051204
vn 0.037569 0.999291 -0.000225
vn 0.049298 0.996520 0.051955
vn 0.025076 0.999078 -0.003578
vn 0.153514 0.946766 0.184508
vn 0.281177 0.867186 0.213937
vn 0.036747 0.999323 -0.001516
vn 0.040914 0.996476 0.055123
vn 0.415340 0.854318 0.289047
vn 0.291531 0.864896 0.311536
vn 0.312698 0.893662 0.250111
vn 0.011157 0.996883 -0.014405
vn 0.008790 0.997368 0.024423
vn 0.060170 0.991280 0.113360
vn 0.035507 0.995253 0.048008
vn 0.229978 0.943905 0.186845
vn 0.310517 0.883383 0.217770
vn 0.363888 0.869606 0.322505
vn 0.060905 0.994979 0.072074
vn 0.364112 0.869493 0.235805
vn 0.886262 -0.136536 -0.136587
vn 0.933902 -0.142033 0.149906
vn 0.807961 -0.579597 -0.001109
vn 0.796422 0.207708 -0.060290
vn 0.815438 -0.463209 -0.134373
vn 0.919342 -0.024906 -0.011119
vn 0.693181 0.366443 -0.145134
vn 0.886096 0.201752 0.187247
vn 0.458662 0.858920 -0.072353
vn 0.540257 0.253277 0.465412
vn 0.869978 -0.276669 0.242508
vn -0.285339 0.695364 0.488577
vn 0.873816 -0.197183 0.315915
vn -0.113505 0.691519 0.528766
vn 0.838967 -0.533992 0.098186
vn 0.456704 0.477831 0.487479
vn -0.271065 0.756475 0.469684
vn 0.855366 -0.419489 0.199219
vn 0.784398 0.148521 0.443107
vn 0.781763 -0.606275 0.125293
vn 0.271620 0.461356 0.692665
vn 0.736272 -0.591739 0.270978
vn 0.775585 -0.111693 0.572884
vn 0.501205 0.066405 0.819987
vn 0.669958 -0.681559 0.280245
vn 0.803525 -0.399262 0.401208
vn 0.422162 0.160952 0.889387
vn 0.628291 -0.674602 0.374757
vn 0.635176 -0.559437 0.515703
vn 0.603126 -0.386033 0.647141
vn 0.489847 -0.094689 0.826401
vn 0.588768 -0.717460 0.364712
vn 0.575229 -0.699412 0.423656
vn 0.591254 -0.656992 0.463358
vn 0.535118 -0.582287 0.599334
vn 0.559956 -0.744299 0.357044
vn 0.604267 -0.665751 0.437750
vn 0.550324 -0.779256 0.299839
vn 0.592377 -0.761024 0.250172
vn 0.587129 -0.736341 0.327718
vn 0.605199 -0.742699 0.259805
vn 0.922585 -0.007592 0.226183
vn 0.614628 0.223897 0.435621
vn 0.836724 -0.356628 0.118658
vn 0.577098 0.402295 0.476086
vn 0.565861 -0.182748 0.596515
vn 0.776563 0.259857 0.424472
vn 0.597710 -0.718519 -0.083333
vn 0.486775 -0.817061 0.228534
vn 0.502079 -0.839895 0.026470
vn 0.783637 -0.607370 0.034123
vn 0.857153 -0.301992 0.130004
vn 0.605074 -0.533283 0.416787
vn 0.853999 -0.446526 0.133947
vn 0.582339 -0.067818 0.694238
vn 0.960208 -0.106512 0.156310
vn 0.644317 0.205306 0.647542
vn 0.440656 -0.239586 0.791373
vn 0.896149 -0.272618 0.316865
vn 0.829109 0.156770 0.440308
vn 0.418704 0.384951 0.802200
vn 0.408077 -0.520617 0.749954
vn 0.777640 0.108777 0.544403
vn 0.538429 0.461967 0.679896
vn 0.903138 -0.122297 0.381247
vn 0.416065 0.405723 0.796795
vn 0.801698 0.154229 0.523406
vn 0.354261 0.446877 0.812472
vn 0.920812 -0.104914 0.337234
vn 0.567440 0.338299 0.714087
vn 0.891861 -0.153963 0.364381
vn 0.362153 0.394598 0.837587
vn 0.598231 0.455994 0.645700
vn 0.750665 -0.582520 0.228006
vn 0.691600 0.338543 -0.435823
vn 0.606101 0.721132 -0.194213
vn 0.566617 0.416672 -0.452780
vn 0.812351 0.462261 -0.138984
vn 0.761589 -0.333980 -0.485421
vn 0.770991 -0.028745 -0.519865
vn 0.711066 -0.260664 -0.635765
vn 0.892010 0.311871 -0.057485
vn 0.700965 -0.491179 -0.495981
vn 0.841548 0.532601 0.078514
vn 0.867708 0.312995 -0.191900
vn 0.658962 -0.277455 -0.694736
vn 0.721721 -0.287251 -0.600513
vn 0.682707 -0.067720 -0.645046
vn 0.596168 -0.305439 -0.732182
vn 0.561252 -0.719683 -0.129360
vn 0.575719 -0.704218 -0.039001
vn 0.814306 0.570816 0.055113
vn 0.547708 -0.295479 -0.769994
vn 0.734830 0.360502 -0.391162
vn 0.571168 -0.247088 -0.775871
vn 0.667001 -0.074544 -0.702058
vn 0.762950 -0.290722 -0.082874
vn 0.350578 -0.361724 -0.857249
vn 0.564603 -0.091797 -0.769975
vn 0.426558 -0.299305 -0.843213
vn 0.590031 0.772083 0.028520
vn 0.632352 0.091117 -0.705207
vn 0.526611 -0.008047 -0.831431
vn 0.701476 0.157422 -0.624068
vn 0.662426 0.479869 -0.460222
vn 0.398490 -0.264826 -0.855100
vn 0.344019 -0.310002 -0.868593
vn 0.531824 -0.064496 -0.827950
vn 0.847867 -0.138753 0.003182
vn 0.552696 0.771258 0.015611
vn 0.527289 -0.244776 -0.756868
vn 0.477370 -0.114572 -0.805981
vn 0.507305 0.283652 -0.799893
vn 0.644910 0.161369 -0.736288
vn 0.816903 -0.013607 -0.468617
vn 0.650705 0.446849 -0.514620
vn 0.424239 0.845446 0.318921
vn 0.704758 0.012864 -0.683215
vn 0.343146 -0.358209 -0.861347
vn 0.597405 0.103864 -0.730621
vn 0.791888 -0.271277 -0.459330
vn 0.590788 0.673277 -0.190141
vn 0.803154 -0.055127 -0.591007
vn 0.544190 -0.193035 -0.778174
vn 0.352920 -0.249776 -0.890931
vn 0.517357 0.087181 -0.733363
vn 0.466687 0.140250 -0.839660
vn 0.703939 0.166210 -0.681448
vn 0.769544 -0.003925 -0.591455
vn 0.757960 -0.122710 -0.632790
vn 0.544134 -0.006397 -0.812092
vn 0.467730 -0.136459 -0.806763
vn 0.618684 -0.298167 -0.619189
vn 0.543835 0.638112 -0.325655
vn 0.711619 0.051367 -0.685716
vn 0.624084 0.025133 -0.756390
vn 0.499245 0.040354 -0.838836
vn 0.355162 -0.250645 -0.888669
vn 0.401548 -0.000070 -0.904831
vn 0.662862 -0.483148 -0.486214
vn 0.366358 0.897865 -0.178401
vn 0.389766 0.349363 -0.675313
vn 0.797825 0.003655 -0.569254
vn 0.472946 -0.134717 -0.819681
vn 0.424975 -0.103997 -0.891441
vn 0.514143 -0.099736 -0.812200
vn 0.623509 -0.228536 -0.675383
vn 0.664685 0.012646 -0.738935
vn 0.840984 -0.162454 -0.465429
vn 0.631122 0.093649 -0.765184
vn 0.340993 -0.036977 -0.892283
vn 0.598769 0.098482 -0.746607
vn 0.694837 -0.335355 -0.561550
vn 0.588122 0.108044 -0.786652
vn 0.258436 0.812518 -0.471988
vn 0.625068 0.071581 -0.771315
vn 0.596141 -0.009737 -0.785453
vn 0.151336 0.421065 -0.763879
vn 0.533032 -0.140815 -0.755873
vn 0.802794 -0.477656 -0.326540
vn 0.727540 -0.356837 -0.544505
vn 0.740115 -0.093448 -0.524741
vn 0.876422 -0.166487 -0.333504
vn 0.713602 -0.050030 -0.667571
vn 0.651118 0.023531 -0.749975
vn 0.555897 0.088875 -0.824682
vn 0.453423 0.108498 -0.860108
vn -0.052370 0.471348 -0.776892
vn 0.696120 0.085807 -0.686592
vn 0.873689 -0.478065 -0.050519
vn 0.635049 0.097335 -0.754951
vn 0.907801 -0.146629 -0.310123
vn -0.050861 0.781338 -0.590817
vn 0.659482 -0.001146 -0.749527
vn 0.500295 0.136636 -0.848906
vn 0.524466 0.129325 -0.831601
vn 0.078542 0.322715 -0.914746
vn 0.877421 -0.111331 -0.404493
vn 0.799228 -0.414136 -0.428393
vn 0.861902 -0.461091 -0.140084
vn 0.719455 0.081383 -0.582903
vn 0.771501 -0.110926 -0.561032
vn 0.649213 0.095760 -0.751786
vn 0.603123 0.073965 -0.792176
vn 0.564119 0.192449 -0.799657
vn 0.180057 0.306664 -0.912186
vn -0.220726 0.639955 -0.673597
vn -0.236988 0.842906 -0.472082
vn 0.676307 0.030556 -0.722877
vn 0.801281 -0.136261 -0.552427
vn 0.878586 -0.477412 -0.012870
vn 0.955131 -0.151276 -0.061555
vn 0.575532 0.146207 -0.795847
vn 0.753009 -0.001055 -0.625128
vn 0.433258 0.289014 -0.844812
vn 0.276177 0.274150 -0.894971
vn -0.133125 0.494076 -0.826242
vn 0.767980 -0.205255 -0.415337
vn 0.953948 -0.171498 0.243209
vn 0.528590 0.130871 -0.828417
vn 0.714157 -0.008719 -0.680219
vn 0.279194 0.271856 -0.894688
vn 0.447458 0.261721 -0.848789
vn -0.029334 0.413788 -0.895032
vn -0.340370 0.709601 -0.577946
vn 0.773715 -0.009801 -0.614679
vn 0.688444 0.084119 -0.694188
vn 0.979226 -0.168834 0.033424
vn 0.560563 -0.112441 -0.749510
vn 0.835932 -0.085922 -0.537406
vn 0.554736 0.141533 -0.811892
vn 0.621842 0.081499 -0.777545
vn 0.090609 0.500785 -0.824918
vn 0.233405 0.436190 -0.851121
vn -0.048072 0.458562 -0.870456
vn -0.248025 0.651002 -0.673785
vn 0.612346 -0.558602 -0.123694
vn 0.511261 -0.624613 -0.523285
vn 0.342846 0.286135 -0.878874
vn 0.665776 -0.001373 -0.734876
vn 0.747755 -0.109897 -0.646823
vn 0.246397 0.315233 -0.906438
vn -0.013141 0.473815 -0.848541
vn -0.120142 0.479886 -0.829649
vn -0.372667 0.774684 -0.484938
vn 0.801851 0.011440 -0.591535
vn 0.618337 -0.180594 -0.702493
vn 0.465140 -0.763119 -0.167425
vn 0.545359 0.075767 -0.832644
vn 0.476847 0.216565 -0.827275
vn 0.589259 0.077399 -0.802041
vn 0.091991 0.598540 -0.792480
vn 0.106987 0.487000 -0.857107
vn -0.206251 0.722111 -0.632427
vn 0.679968 -0.216728 -0.665119
vn 0.584407 -0.505251 -0.600789
vn 0.142353 0.429586 -0.880710
vn 0.128568 0.410748 -0.897140
vn 0.766177 -0.077548 -0.625628
vn 0.602830 0.150506 -0.770022
vn 0.018659 0.484065 -0.837707
vn 0.554543 0.099649 -0.823933
vn 0.136129 0.516463 -0.828097
vn 0.740660 -0.214250 -0.626190
vn 0.081714 0.535116 -0.835062
vn 0.138360 0.553487 -0.816020
vn 0.639785 -0.519891 -0.542169
vn 0.621814 0.102286 -0.774739
vn 0.371485 0.373454 -0.821552
vn -0.011791 0.495562 -0.859680
vn 0.089312 0.428834 -0.896719
vn 0.775493 -0.126936 -0.589152
vn 0.562810 0.173061 -0.803489
vn 0.735575 -0.344442 -0.563430
vn 0.608129 0.105625 -0.781824
vn 0.159117 0.504839 -0.831259
vn 0.806678 -0.255565 -0.522263
vn 0.604680 0.169065 -0.755700
vn 0.794566 -0.469805 -0.216314
vn 0.640651 0.106756 -0.754358
vn 0.487162 0.184915 -0.828561
vn 0.843550 -0.186846 -0.490350
vn 0.742551 -0.141594 -0.619005
vn 0.600776 0.246339 -0.753327
vn 0.828028 -0.238836 -0.489148
vn 0.424536 0.239714 -0.863365
vn 0.886417 -0.137978 -0.420362
vn 0.604088 0.238498 -0.753958
vn 0.769165 -0.230212 -0.587857
vn 0.839109 -0.288966 -0.355210
vn 0.623402 0.214124 -0.732079
vn 0.706746 0.208878 -0.667557
vn 0.886278 -0.134414 -0.379096
vn 0.788399 -0.068383 -0.576810
vn 0.777659 -0.201660 -0.581711
vn 0.791201 -0.469869 0.128659
vn 0.443678 0.364190 -0.810909
vn 0.892295 -0.071640 -0.395475
vn 0.799496 -0.126555 -0.576411
vn 0.655918 0.118752 -0.733619
vn 0.650785 0.101862 -0.729896
vn 0.932000 -0.317781 -0.106662
vn 0.600702 0.328454 -0.691569
vn 0.890835 -0.187965 -0.309644
vn 0.729176 -0.105368 -0.663404
vn 0.766909 0.191624 -0.599723
vn 0.803838 -0.321039 -0.457187
vn 0.824776 -0.425087 -0.357591
vn 0.749671 0.198614 -0.620239
vn 0.321796 0.477786 -0.809759
vn 0.817853 -0.355063 -0.319574
vn 0.725817 -0.246669 -0.601950
vn 0.771385 -0.162512 -0.600755
vn 0.759371 0.074229 -0.632173
vn 0.532573 0.317464 -0.710914
vn 0.755389 -0.559777 -0.273284
vn 0.817602 -0.467434 -0.309747
vn 0.727362 -0.046905 -0.670793
vn 0.673542 0.181946 -0.655209
vn 0.766061 0.034387 -0.621545
vn 0.231021 0.352244 -0.899377
vn 0.777821 -0.193168 -0.548212
vn 0.788885 -0.107102 -0.602341
vn 0.488801 0.251636 -0.752386
vn 0.754967 -0.323199 -0.510747
vn 0.820201 -0.125832 -0.540239
vn 0.703915 -0.151763 -0.682757
vn 0.743003 -0.002409 -0.660318
vn 0.829767 0.026992 -0.539633
vn 0.306068 0.341804 -0.874771
vn 0.830334 -0.292092 -0.392441
vn 0.834885 -0.041619 -0.530491
vn 0.564992 0.168482 -0.743214
vn 0.343252 0.354712 -0.855001
vn 0.707744 -0.271773 -0.623591
vn 0.757865 -0.190281 -0.606989
vn 0.278044 0.308250 -0.904413
vn 0.701456 -0.329864 -0.525455
vn 0.522354 -0.364253 -0.761387
vn 0.549296 -0.346131 -0.735194
vn 0.584591 -0.318431 -0.688295
vn 0.806044 -0.003980 -0.538110
vn 0.818765 -0.129342 -0.268898
vn 0.652691 -0.318780 -0.655059
vn 0.401237 0.152755 -0.857816
vn 0.754290 0.099167 -0.513613
vn 0.511843 -0.279781 -0.788309
vn 0.400495 -0.430243 -0.807933
vn 0.388212 -0.394495 -0.832461
vn 0.403828 -0.146187 -0.825740
vn 0.643168 0.520587 -0.482985
vn 0.640533 -0.095939 -0.753534
vn 0.386345 -0.453365 -0.803242
vn 0.590151 0.527620 -0.609264
vn 0.867727 0.418858 -0.196043
vn 0.565014 0.689417 -0.363774
vn 0.626919 0.674794 -0.291096
vn 0.678452 0.730443 -0.078456
vn 0.108029 0.946407 -0.113502
vn 0.385428 0.917338 0.084811
vn 0.267197 0.911519 -0.218403
vn 0.154932 0.953701 -0.019250
vn -0.015264 0.983066 -0.116907
vn 0.025177 0.970140 -0.106158
vn 0.769876 -0.567904 -0.181220
vn 0.688053 -0.601808 -0.405476
vn -0.376852 -0.778893 -0.468044
vn -0.460672 -0.658500 -0.504609
vn -0.515266 -0.268141 -0.363081
vn -0.426526 -0.732318 -0.500450
vn -0.407304 -0.768340 -0.435668
vn -0.526611 -0.738059 -0.355950
vn -0.653631 -0.662709 -0.294385
vn -0.464755 -0.550187 -0.657929
vn -0.289627 -0.781155 -0.454364
vn -0.484430 -0.725067 -0.466121
vn -0.407846 -0.681504 -0.581315
vn -0.245747 -0.558113 -0.772867
vn -0.214852 -0.697476 -0.553634
vn -0.330800 0.000000 -0.628216
vn -0.599792 -0.742238 -0.152084
vn -0.574417 0.168568 -0.504937
vn -0.427067 -0.170099 -0.721272
vn -0.357229 -0.721578 -0.379960
vn -0.490425 -0.783841 -0.184831
vn -0.731894 -0.681407 -0.004006
vn 0.043185 -0.386812 -0.701088
vn -0.771825 -0.631176 0.076830
vn -0.434415 0.710365 -0.553749
vn -0.903894 -0.098428 0.402315
vn -0.466118 -0.079076 0.478064
vn -0.852331 -0.236523 0.382930
vn -0.258834 -0.476009 0.600786
vn -0.847683 -0.336926 0.250405
vn -0.751055 -0.634536 0.182431
vn 0.095638 0.000000 0.601742
vn 0.229193 -0.510511 0.795942
vn -0.432456 0.332796 0.462048
vn -0.013704 0.809849 0.013258
vn -0.117477 0.713865 -0.042290
vn -0.107964 0.845635 -0.517386
vn -0.191908 0.827186 -0.528142
vn -0.320687 0.778553 -0.274871
vn 0.000685 0.705521 0.038266
vn 0.479255 -0.759771 0.127879
vn 0.494250 -0.773800 -0.342787
vn 0.326196 -0.876589 -0.136548
vn 0.377733 -0.874097 -0.044533
vn 0.327244 -0.896102 0.111742
vn 0.184463 -0.942959 0.232468
vn 0.377100 -0.793743 0.440297
vn 0.190646 -0.869570 0.097947
vn 0.154122 -0.728407 0.220074
vn 0.478362 -0.866220 -0.105023
vn 0.500026 -0.828698 -0.228663
vn 0.669372 -0.643312 -0.235208
vn -0.124507 -0.915135 0.299276
vn -0.325733 -0.726210 0.539266
vn 0.177283 -0.764210 0.519081
vn 0.098127 -0.954451 0.281726
vn 0.194527 -0.951243 0.189309
vn 0.435573 -0.748322 0.426094
vn 0.279090 -0.720069 0.607118
vn 0.092725 -0.713655 0.684532
vn -0.465046 -0.699295 0.487454
vn -0.198758 -0.838954 0.433882
vn -0.334098 -0.623852 0.706532
vn 0.473134 -0.874719 -0.060560
vn 0.613463 -0.713012 0.248375
vn 0.739603 -0.445040 0.491774
vn 0.693984 -0.718778 -0.041757
vn -0.031008 -0.397537 0.803476
vn -0.188800 0.091244 0.977767
vn 0.000000 -1.000000 0.000000
vn -0.032114 -0.777549 0.575597
vn 0.294764 -0.849284 0.437986
vn 0.316947 -0.917403 -0.133449
vn 0.185195 -0.965908 -0.092135
vn 0.223956 -0.951154 0.075932
vn 0.218595 -0.959343 -0.070185
vn 0.494245 -0.825170 -0.140351
vn 0.251871 -0.956230 -0.093639
vn 0.227578 -0.964877 -0.000375
vn 0.358380 -0.890696 -0.148088
vn 0.306933 -0.943820 -0.068605
vn 0.076108 -0.952434 0.182934
vn 0.102417 -0.863039 0.294208
vn 0.197272 -0.952039 -0.074268
vn -0.103725 -0.792326 0.459388
vn 0.370442 -0.755304 -0.084277
vn 0.305092 -0.939168 -0.136178
vn 0.276502 -0.851755 -0.273581
vn 0.099426 -0.929353 -0.217671
vn 0.305494 -0.942649 -0.103854
vn 0.170547 -0.976917 -0.073339
vn 0.243334 -0.960067 -0.042015
vn 0.190590 -0.967192 -0.125422
vn 0.232005 -0.919589 -0.246563
vn 0.250322 -0.890158 -0.330661
vn 0.417462 -0.765065 -0.317110
vn 0.449487 -0.828608 -0.000893
vn 0.486730 -0.828361 0.018549
vn 0.437745 -0.869863 0.042117
vn 0.252474 -0.945132 -0.073540
vn 0.303849 -0.885256 -0.294313
vn 0.427470 -0.849867 -0.233094
vn 0.535966 -0.822278 -0.110214
vn 0.095021 -0.958006 -0.118867
vn -0.099291 -0.940160 -0.192078
vn -0.011177 -0.876842 0.356274
vn 0.400389 -0.874743 -0.233839
vn 0.240748 -0.930000 -0.194608
vn 0.311353 -0.753814 0.265060
vn -0.169531 -0.821404 0.209373
vn -0.011821 -0.896211 -0.360645
vn 0.151325 -0.655634 -0.562292
vn 0.104431 -0.889436 -0.278611
vn 0.228137 -0.920525 -0.252296
vn 0.153794 -0.886693 0.022066
vn -0.106639 -0.919638 -0.250307
vn 0.363137 -0.845386 -0.381749
vn 0.297071 -0.879660 -0.267882
vn 0.464497 -0.852609 0.031439
vn 0.469469 -0.674337 0.327357
vn 0.443600 -0.710910 -0.201633
vn 0.461777 -0.748425 -0.356661
vn 0.682609 -0.593634 0.233195
vn 0.590055 -0.777722 -0.117188
vn 0.578219 -0.810909 0.067945
vn 0.455216 -0.872673 0.073939
vn 0.356473 -0.905048 0.126115
vn 0.508413 -0.853755 0.081025
vn 0.499007 -0.820079 0.248352
vn 0.531235 -0.845199 0.042398
vn 0.540590 -0.837827 0.057165
vn 0.510733 -0.831441 0.206378
vn 0.193838 -0.882641 0.390628
vn 0.527315 -0.806494 0.264401
vn 0.349804 -0.820385 0.419756
vn 0.521831 -0.804368 0.283742
vn 0.526747 -0.805781 0.268204
vn 0.507761 -0.811531 0.286404
vn 0.477537 -0.848694 0.218457
vn 0.494429 -0.844819 0.195055
vn 0.462907 -0.866385 0.176891
vn 0.381806 -0.900326 0.108450
vn 0.204705 -0.916305 -0.000873
vn 0.239873 -0.918013 -0.096081
vn 0.399910 -0.893487 0.063102
vn 0.401683 -0.903922 0.064463
vn 0.238806 -0.963070 0.046835
vn 0.390257 -0.897798 0.170045
vn 0.325933 -0.931784 0.089442
vn 0.280642 -0.914427 0.274603
vn 0.312325 -0.935401 -0.100076
vn 0.184092 -0.954462 0.218237
vn 0.176909 -0.968248 0.062464
vn 0.262339 -0.932153 -0.177579
vn 0.396381 -0.875039 0.264839
vn 0.135070 -0.973752 0.139608
vn 0.308641 -0.916274 0.015617
vn 0.478087 -0.832848 0.098641
vn 0.238302 -0.968696 -0.045052
vn 0.430648 -0.832154 0.344990
vn 0.154152 -0.958634 -0.088520
vn 0.059961 -0.973947 0.153043
vn 0.136292 -0.945595 -0.088412
vn 0.184660 -0.938435 0.283729
vn 0.131329 -0.947511 0.278827
vn 0.250974 -0.921988 0.277486
vn 0.144336 -0.961793 0.186672
vn 0.135937 -0.902027 0.301513
vn 0.056440 -0.937776 0.326381
vn 0.210629 -0.882848 0.386750
vn -0.090479 -0.929146 0.222850
vn 0.169238 -0.895424 0.390400
vn -0.009419 -0.934608 0.323396
vn 0.111306 -0.956388 -0.103912
vn -0.215610 -0.856500 0.356993
vn 0.037196 -0.998740 -0.033405
vn 0.029788 -0.999245 -0.003599
vn -0.113300 -0.980930 0.080012
vn 0.531813 -0.746854 0.389149
vn 0.153885 -0.785919 0.560616
vn 0.091406 -0.818119 0.496322
vn 0.203001 -0.731637 0.608544
vn 0.249274 -0.838457 -0.141555
vn 0.507029 -0.789338 0.299042
vn 0.001923 -0.749700 -0.231096
vn 0.208602 -0.792239 -0.107068
vn 0.591439 -0.716185 0.245109
vn -0.142224 -0.965173 0.195196
vn 0.501786 -0.681337 0.502247
vn 0.069340 -0.707344 0.621163
vn -0.039469 -0.949877 -0.273791
vn 0.626896 -0.554602 0.509799
vn -0.045515 -0.982725 -0.179105
vn 0.630532 -0.621660 0.416225
vn 0.444889 -0.663055 0.583032
vn 0.475687 -0.615320 0.616756
vn 0.395529 -0.691854 -0.324261
vn 0.102417 -0.727695 -0.544229
vn 0.301959 -0.606012 0.720817
vn -0.127002 -0.979915 -0.056688
vn -0.241432 -0.886113 0.011014
vn -0.118954 -0.971929 -0.034576
vn -0.138713 -0.875863 -0.308952
vn -0.214713 -0.920355 0.009716
vn 0.300116 -0.801413 0.173243
vn 0.383119 -0.863802 0.083301
vn -0.028006 -0.824777 0.425298
vn 0.294542 -0.903701 0.205322
vn 0.584904 -0.755593 -0.050110
vn 0.550137 -0.752605 -0.137961
vn 0.130576 -0.905022 0.404812
vn 0.360784 -0.645719 0.525677
vn 0.664856 -0.722649 0.130758
vn 0.681995 -0.719471 0.076315
vn 0.431712 -0.734104 0.436520
vn 0.495415 -0.673137 -0.234331
vn 0.649958 -0.642057 -0.319405
vn 0.614384 -0.628268 -0.470284
vn -0.082286 -0.830397 -0.362687
vn 0.631656 -0.414047 0.562071
vn -0.364058 -0.655423 0.478667
vn -0.143891 -0.805703 0.349244
vn -0.485999 -0.728962 0.361091
vn -0.236978 -0.756296 0.028067
vn 0.230470 -0.741556 0.500640
vn 0.279782 -0.555300 0.437057
vn -0.491927 -0.636460 0.313817
vn -0.049997 -0.284898 0.724413
vn -0.365652 -0.691852 0.406398
vn 0.452910 -0.412389 0.681156
vn 0.658972 -0.546562 -0.301137
vn -0.219669 -0.908524 0.039627
vn -0.052946 -0.796010 0.581966
vn 0.296994 -0.586541 0.549332
vn 0.021031 -0.876722 0.282111
vn 0.359358 -0.520013 0.480909
vn 0.182616 -0.811151 0.540948
vn 0.269730 -0.705245 0.655649
vn 0.201462 -0.592749 0.756936
vn -0.247445 -0.886481 -0.390817
vn -0.259041 -0.886342 -0.383790
vn 0.592621 -0.621886 -0.511916
vn 0.102250 -0.319383 -0.643977
vn -0.153670 -0.721900 -0.666134
vn -0.180931 0.224317 -0.685137
vn -0.140109 -0.158581 -0.765032
vn 0.075761 -0.630479 0.519510
vn -0.570615 -0.719628 0.387756
vn -0.361607 -0.750530 -0.553123
vn -0.469472 -0.626711 -0.541665
vn -0.255522 -0.653535 -0.711749
vn -0.568553 -0.569388 -0.593752
vn -0.588840 -0.592057 -0.543369
vn -0.570267 -0.569012 -0.592471
vn 0.188288 0.958139 -0.079849
vn 0.099466 0.982866 -0.050774
vn 0.084473 0.978344 0.105019
vn 0.155859 0.974313 0.140455
vn 0.296370 0.918293 0.088816
vn 0.140536 0.917516 0.328264
vn 0.360921 0.931188 -0.028579
vn 0.165491 0.885587 0.115928
vn 0.006525 0.927783 -0.203157
vn -0.069390 0.876582 -0.248535
vn 0.215734 0.949397 0.152211
vn 0.097234 0.900359 -0.019658
vn 0.304532 0.907071 0.150283
vn 0.282193 0.857201 -0.290504
vn 0.319970 0.926530 -0.167773
vn 0.498028 0.822900 -0.198153
vn 0.468570 0.845921 0.148140
vn 0.317395 0.895401 0.252648
vn 0.299748 0.908719 0.062760
vn 0.529666 0.785510 0.244688
vn 0.294586 0.891039 0.299885
vn 0.540234 0.818793 -0.100177
vn 0.167331 0.864360 0.461628
vn 0.343006 0.816582 0.449515
vn 0.509137 0.734674 0.377598
vn 0.648238 0.736699 0.179535
vn 0.561682 0.645665 -0.321705
vn 0.576547 0.776271 -0.254945
vn 0.304975 0.738059 -0.122565
vn 0.310936 0.614009 -0.442967
vn 0.666604 0.706062 0.238989
vn -0.291301 0.796409 -0.527544
vn 0.107897 0.413734 -0.625615
vn 0.766055 0.275834 -0.523650
vn 0.708732 -0.299429 -0.378797
vn 0.911883 -0.056897 -0.211722
vn 0.673730 -0.035231 -0.527827
vn 0.496781 -0.272862 -0.314837
vn 0.710394 0.513770 -0.366933
vn 0.758247 0.590666 -0.142343
vn 0.839416 0.540648 0.055503
vn 0.511632 -0.268585 -0.306895
vn 0.612991 -0.669785 -0.419082
vn 0.037432 0.946461 0.190065
vn -0.234722 0.898434 0.171248
vn -0.151380 0.887984 0.206103
vn -0.000309 0.847578 -0.000516
vn 0.253922 0.872914 -0.153144
vn -0.266328 0.782269 -0.444843
vn 0.694566 0.646456 0.315709
vn 0.705208 0.337932 -0.175277
vn 0.585942 0.634845 -0.245465
vn 0.837716 0.067965 0.146382
vn 0.518756 0.010977 -0.310256
vn 0.714799 0.385290 0.157758
vn 0.450892 0.872172 -0.189770
vn 0.543208 0.009351 -0.087227
vn 0.832134 0.025960 -0.187764
vn 0.045592 -0.090890 0.582139
vn -0.817892 -0.193347 0.541887
vn -0.415237 -0.590520 0.441683
vn -0.015362 -0.822835 0.501575
vn -0.152771 -0.860757 0.344060
vn -0.233879 -0.881601 0.281482
vn -0.455541 -0.779569 0.372387
vn -0.049216 -0.982808 0.162900
vn -0.788179 -0.257361 0.341531
vn -0.579882 -0.309993 0.750779
vn -0.470220 -0.421275 0.734745
vn -0.517758 -0.291233 0.803582
vn -0.224925 -0.671893 0.636491
vn -0.567460 -0.618875 0.463923
vn -0.618601 -0.627236 0.048860
vn -0.744976 -0.490328 0.417214
vn -0.844080 -0.225674 0.066532
vn -0.336293 -0.764292 0.481515
vn -0.563568 -0.767515 0.258919
vn -0.617865 -0.735428 0.196289
vn -0.670826 -0.720912 0.004016
vn -0.373246 -0.873300 0.225137
vn -0.201795 -0.855198 0.473962
vn -0.557961 -0.807670 0.010325
vn -0.685578 -0.714410 -0.040082
vn -0.540742 -0.772688 -0.187811
vn -0.756111 -0.652957 -0.044086
vn -0.401540 -0.765344 -0.410242
vn -0.561978 -0.756653 -0.252633
vn -0.326193 -0.714354 -0.525662
vn -0.694959 -0.662085 -0.280491
vn -0.418547 -0.748775 -0.436894
vn -0.675933 -0.669189 -0.299559
vn -0.569092 -0.676273 -0.467484
vn 0.034684 -0.654731 -0.689870
vn -0.972987 0.100213 -0.207977
vn 0.071147 -0.615467 -0.746477
vn -0.185328 -0.591345 -0.784834
vn -0.443854 -0.747320 -0.478185
vn -0.377162 -0.849464 -0.233431
vn -0.297096 -0.853855 -0.362194
vn -0.337226 -0.833553 -0.426943
vn -0.268918 -0.872126 -0.283848
vn -0.176617 -0.851013 -0.430616
vn -0.279341 -0.872785 -0.383653
vn -0.436237 -0.849901 -0.222371
vn -0.357577 -0.898001 -0.139724
vn -0.069436 -0.898399 -0.397276
vn -0.342214 -0.843981 -0.134186
vn -0.137948 -0.987840 -0.055245
vn -0.245842 -0.902153 -0.085229
vn -0.187346 -0.888848 -0.417612
vn -0.524874 -0.715241 -0.400496
vn -0.565784 -0.716951 -0.398968
vn -0.455152 -0.771889 -0.438131
vn -0.269724 -0.344551 -0.488895
vn 0.059676 -0.408594 -0.474150
vn 0.923830 0.049079 0.002335
vn 0.911712 0.365232 -0.063149
vn 0.944264 0.274332 -0.164272
vn 0.939331 0.201615 0.095788
vn 0.823353 0.177768 0.237864
vn 0.847828 0.149898 0.362500
vn 0.757721 -0.196126 0.538849
vn 0.832572 -0.131683 0.481351
vn 0.753099 0.090445 0.568807
vn 0.680475 -0.050796 0.583741
vn 0.689485 0.209488 0.654187
vn 0.722641 -0.368335 0.574880
vn 0.782090 -0.286115 0.553601
vn 0.646555 0.122031 0.481784
vn 0.594883 -0.378113 0.682582
vn 0.576386 0.065013 0.814587
vn 0.309443 0.390373 0.620543
vn 0.120420 0.050120 0.811198
vn 0.277581 0.931343 -0.163516
vn 0.451868 0.094841 0.035476
vn 0.047494 0.851421 0.197372
vn 0.642473 -0.056863 -0.023638
vn 0.417218 0.643310 -0.048662
vn 0.596955 -0.006157 -0.355206
vn 0.621066 0.151059 -0.605976
vn -0.300037 0.674919 -0.596633
vn -0.280283 0.488386 -0.773016
vn 0.807448 -0.388828 0.360310
vn 0.317928 0.079542 0.457319
vn 0.079969 -0.210813 0.770362
vn -0.102863 -0.181220 0.978048
vn -0.593704 -0.651071 0.290997
vn 0.256305 -0.581096 0.765042
vn -0.735235 -0.295708 -0.609906
vn -0.366585 -0.218270 -0.753223
vn -0.829176 -0.093720 -0.506302
vn -0.751751 0.066710 -0.650942
vn 0.111478 -0.018582 -0.920418
vn -0.657582 -0.036590 -0.579710
vn -0.598717 -0.059502 -0.798391
vn -0.599669 -0.030645 -0.799661
vn 0.404428 -0.102739 -0.647917
vn 0.556770 -0.626792 -0.476079
vn 0.669850 -0.625492 -0.377159
vn 0.546216 -0.788191 -0.187430
vn 0.051252 -0.292324 -0.575309
vn 0.662815 -0.712348 -0.230729
vn 0.370300 -0.884347 -0.223719
vn 0.559168 -0.811499 -0.105041
vn 0.493374 -0.832539 -0.052177
vn 0.286049 -0.914757 0.015020
vn 0.642722 -0.752708 -0.109283
vn 0.476439 -0.839622 -0.009443
vn 0.655919 -0.752626 -0.053423
vn 0.508662 -0.794701 0.111321
vn 0.679759 -0.726756 -0.098756
vn 0.245093 -0.860715 0.231332
vn 0.334864 -0.853917 0.216136
vn 0.355787 -0.858725 0.192774
vn 0.690543 -0.719799 -0.070989
vn -0.283249 -0.804438 0.076613
vn 0.477593 -0.816627 0.184160
vn 0.366628 -0.905269 -0.064682
vn 0.172515 -0.967650 -0.060121
vn 0.123961 -0.962922 -0.155727
vn 0.276329 -0.678987 -0.314789
vn 0.196201 -0.877254 0.380200
vn 0.506797 -0.711548 -0.235266
vn 0.373958 -0.900381 -0.060758
vn 0.563965 -0.775683 -0.220532
vn 0.601490 -0.792541 0.100442
vn 0.563033 -0.779597 -0.210868
vn 0.631251 -0.692437 -0.121219
vn 0.591573 -0.791053 -0.015721
vn 0.593426 -0.699848 -0.113697
vn 0.538697 -0.798607 -0.133995
vn 0.615417 -0.773335 0.152364
vn 0.678083 -0.580209 -0.058108
vn 0.608611 -0.592825 -0.165069
vn 0.000515 -0.868325 -0.000303
vn 0.239943 -0.869646 -0.141370
vn -0.460905 -0.755898 -0.235274
vn -0.287812 -0.737982 0.610366
vn 0.852876 0.154489 0.285682
vn 0.863265 -0.197495 0.157119
vn 0.706115 -0.419900 0.386761
vn 0.794669 -0.590103 0.127843
vn 0.915044 -0.150150 -0.131910
vn 0.568449 0.089002 0.817890
vn 0.934025 0.261029 0.149706
vn 0.933437 0.313377 0.167161
vn 0.957571 0.205720 0.100119
vn 0.784650 0.057229 0.400978
vn 0.968150 0.123126 -0.129181
vn 0.786921 -0.017361 0.364253
vn 0.872686 0.296382 -0.247763
vn 0.942103 0.283693 -0.146884
vn 0.766260 0.479121 -0.342351
vn 0.591177 0.674997 -0.441463
vn 0.525077 -0.087086 0.844031
vn 0.488428 -0.151506 0.859351
vn -0.079056 0.475815 -0.723945
vn -0.439308 0.619172 -0.650872
vn 0.531520 0.636237 -0.559187
vn 0.831833 -0.053107 -0.552480
vn -0.777496 -0.598128 -0.194273
vn 0.355460 -0.542472 -0.761100
vn 0.363251 -0.545384 -0.755384
vn 0.001939 0.994126 -0.096824
vn 0.018224 0.995489 -0.083016
vn -0.029664 0.999156 0.009050
vn -0.002410 0.999630 0.026871
vn -0.002676 0.999691 0.023815
vn -0.004878 0.999579 0.028457
vn 0.030915 0.992911 0.099199
vn 0.038519 0.997719 0.055439
vn 0.018643 0.984857 0.172359
vn -0.011054 0.999611 0.025600
vn -0.013233 0.999717 0.019078
vn -0.012988 0.991359 0.118769
vn -0.015940 0.999697 0.018677
vn -0.019071 0.999676 0.014088
vn 0.008921 0.999396 0.024485
vn -0.025897 0.999659 0.002367
vn -0.030330 0.999380 0.016820
vn -0.029444 0.999269 0.021820
vn -0.029204 0.999477 -0.001204
vn -0.036636 0.999253 0.008305
vn -0.037544 0.999010 -0.023823
vn -0.039640 0.999111 -0.010874
vn -0.030365 0.998882 -0.012888
vn -0.027933 0.999389 0.017400
vn -0.015159 0.999464 -0.027721
vn -0.003403 0.999722 -0.000659
vn -0.017859 0.999445 0.006832
vn 0.002439 0.999717 0.001368
vn 0.002336 0.999826 -0.013809
vn 0.029885 0.996888 0.044348
vn 0.049514 0.997342 0.046924
vn -0.035815 0.999274 0.011348
vn -0.030860 0.998717 0.037400
vn -0.000396 0.999738 0.010494
vn -0.020575 0.999134 0.033521
vn -0.016915 0.999554 0.024422
vn -0.016922 0.999434 -0.026135
vn -0.013767 0.999569 0.024477
vn -0.000299 0.999382 -0.009922
vn 0.050638 0.997897 0.032081
vn -0.000465 0.999967 0.008096
vn 0.001246 0.999955 0.005946
vn 0.060768 0.996841 0.043576
vn -0.009944 0.999870 -0.010293
vn 0.036471 0.998836 0.028149
vn 0.024278 0.998883 0.024845
vn -0.011739 0.999920 0.003841
vn -0.010101 0.999906 0.007389
vn -0.006647 0.999946 0.006523
vn -0.006968 0.999968 0.003969
vn 0.026020 0.998920 0.036369
vn 0.051247 0.997023 0.057600
vn 0.046207 0.997855 0.045122
vn -0.001149 0.986159 0.110250
vn 0.039961 0.996648 -0.071368
vn 0.074758 0.995087 -0.011621
vn -0.003875 0.994739 0.069092
vn 0.052743 0.994434 0.084348
vn 0.013259 0.998320 -0.026305
vn -0.038999 0.998204 -0.011318
vn -0.058811 0.998104 -0.012138
vn 0.023838 0.997207 0.059679
vn -0.062065 0.997901 -0.006841
vn -0.063772 0.997805 -0.016097
vn 0.028363 0.998075 -0.048151
vn -0.021632 0.999378 0.025862
vn -0.009061 0.997894 -0.027138
vn -0.027041 0.998489 -0.029643
vn 0.038580 0.997575 0.057160
vn 0.051427 0.996724 0.062242
vn 0.042066 0.997618 0.050322
vn -0.008608 0.998113 0.058252
vn -0.013424 0.998698 0.047690
vn 0.020147 0.999326 0.030612
vn -0.015341 0.999122 0.036936
vn -0.043905 0.998999 0.000183
vn -0.039983 0.999162 -0.007668
vn -0.035743 0.999270 -0.012955
vn -0.049232 0.997532 -0.032388
vn -0.113113 0.987672 -0.107376
vn -0.125679 0.987017 -0.096703
vn -0.134650 0.988249 -0.072339
vn -0.008392 0.999535 0.025724
vn -0.016168 0.999868 0.000013
vn -0.004421 0.999564 0.025460
vn 0.021946 0.999380 0.019648
vn 0.029226 0.999220 0.026311
vn -0.016520 0.999864 -0.000125
vn -0.003945 0.999326 0.029185
vn 0.027826 0.999279 0.024929
vn -0.033288 0.999440 -0.000929
vn -0.027040 0.999274 0.021836
vn -0.020376 0.999419 0.024572
vn -0.027872 0.999569 0.003211
vn -0.018213 0.999708 0.014469
vn -0.015317 0.999726 0.017519
vn -0.018120 0.999760 0.011871
vn -0.019132 0.999663 0.013400
vn -0.012655 0.999057 0.041520
vn -0.017589 0.999194 0.035624
vn -0.024799 0.999304 0.019763
vn -0.010761 0.999791 0.012041
vn -0.009635 0.888870 0.017192
vn -0.039722 0.999089 0.003040
vn -0.016179 0.999565 0.017303
vn -0.047097 0.998744 0.002365
vn -0.037928 0.998979 -0.001408
vn -0.020901 0.999727 0.007712
vn -0.025542 0.999632 -0.006682
vn -0.026693 0.999562 0.010228
vn -0.029432 0.998950 0.027135
vn -0.040933 0.998147 0.021401
vn -0.022873 0.999562 0.006437
vn -0.029605 0.999463 0.011923
vn -0.006640 0.999670 0.004104
vn 0.031281 0.998552 -0.036886
vn 0.039417 0.998928 -0.013795
vn 0.024614 0.999380 0.025186
vn 0.020461 0.999602 0.008875
vn 0.004436 0.999187 0.005364
vn -0.002383 0.998483 -0.053159
vn 0.026010 0.998672 -0.028328
vn 0.037928 0.999108 0.016702
vn 0.006123 0.999812 0.011301
vn 0.027709 0.999082 0.011370
vn 0.069436 0.996710 0.041799
vn -0.063034 0.989566 0.076297
vn -0.099195 0.988645 0.110808
vn 0.006324 0.995174 0.096111
vn 0.019692 0.995275 0.094205
vn 0.056745 0.991175 0.076293
vn 0.017775 0.987894 0.124772
vn 0.064547 0.996974 0.020421
vn -0.047604 0.991742 0.115783
vn 0.093942 0.994476 0.042786
vn 0.060173 0.997354 0.030216
vn -0.069921 0.995567 -0.039632
vn -0.022787 0.997303 -0.062966
vn -0.006547 0.997814 -0.065403
vn 0.017148 0.998954 -0.015975
vn 0.026477 0.998749 0.035485
vn -0.020076 0.999307 0.009849
vn 0.005677 0.996475 0.075534
vn 0.006003 0.998695 0.050639
vn -0.010086 0.998066 0.059671
vn 0.009091 0.999370 -0.003107
vn -0.004971 0.999935 -0.001790
vn 0.002526 0.999835 0.013326
vn 0.000204 0.999753 0.011432
vn -0.022499 0.999726 -0.006460
vn -0.085918 0.995908 -0.027063
vn -0.066622 0.997747 -0.005603
vn -0.004731 0.999919 0.010658
vn -0.047531 0.998733 0.004422
vn -0.029779 0.999165 0.017828
vn -0.014827 0.999602 0.007597
vn -0.114839 0.989645 -0.082166
vn -0.057373 0.998330 0.001047
vn -0.046339 0.998706 0.019464
vn 0.000458 0.999964 0.008437
vn -0.011804 0.999417 0.005301
vn 0.017905 0.999825 0.005308
vn 0.019573 0.999773 0.008112
vn -0.116219 0.989076 -0.090679
vn 0.022029 0.999725 0.007236
vn 0.022300 0.999747 0.002819
vn 0.012097 0.999768 0.015502
vn 0.006732 0.999866 0.006622
vn 0.000579 0.999924 0.010317
vn -0.004246 0.999914 0.009963
vn -0.005710 0.999557 0.020412
vn 0.003383 0.999592 0.026620
vn -0.011636 0.999225 0.032680
vn -0.024336 0.999011 0.034138
vn -0.009517 0.999846 -0.001093
vn 0.003145 0.999930 -0.010186
vn -0.002347 0.999534 0.018535
vn -0.019188 0.998814 0.040596
vn -0.018102 0.999621 0.005724
vn -0.011351 0.999898 0.005445
vn -0.009463 0.999851 0.014411
vn -0.009500 0.999807 0.016638
vn -0.011344 0.999742 0.017456
vn -0.013715 0.999884 0.005051
vn -0.008279 0.999849 0.015098
vn 0.000217 0.999844 0.009311
vn 0.020953 0.999778 0.001038
vn 0.013029 0.999671 0.010123
vn 0.011888 0.999861 0.006425
vn 0.000146 0.999712 0.022756
vn 0.000457 0.999756 0.021196
vn -0.003255 0.999909 0.012895
vn -0.004783 0.999912 0.012312
vn 0.004085 0.979420 0.018099
vn 0.004718 0.999837 0.015372
vn -0.002438 0.999960 -0.001316
vn -0.008146 0.950863 -0.013671
vn -0.016013 0.999660 -0.013189
vn -0.014126 0.999730 0.016541
vn -0.005062 0.999862 0.011302
vn 0.000489 0.999910 0.012563
vn 0.001923 0.999857 0.016774
vn 0.004458 0.999831 0.004809
vn -0.044295 0.998988 -0.007762
vn -0.033949 0.999319 0.010601
vn -0.002576 0.999887 -0.013627
vn 0.006412 0.999655 -0.023156
vn -0.002931 0.999464 -0.030842
vn -0.030656 0.999065 -0.028527
vn -0.020624 0.999658 -0.001942
vn -0.005265 0.999923 -0.010759
vn -0.005454 0.999831 -0.017354
vn -0.001825 0.999843 -0.017329
vn -0.007689 0.999903 -0.008040
vn -0.016298 0.999476 -0.017169
vn -0.004014 0.999612 -0.025305
vn -0.012995 0.999633 -0.022913
vn 0.016010 0.999808 0.003418
vn -0.004489 0.999880 -0.005882
vn 0.016416 0.999838 0.007291
vn -0.001106 0.999887 0.011784
vn -0.009607 0.999858 0.012278
vn -0.000378 0.999897 0.012707
vn 0.002226 0.999013 -0.039874
vn 0.005647 0.999504 0.030112
vn 0.015837 0.999537 0.025168
vn 0.011875 0.998910 -0.039464
vn 0.008393 0.999462 0.030410
vn -0.004415 0.841888 0.032964
vn 0.039480 0.999204 0.000322
vn 0.002252 0.999711 0.022224
vn 0.040367 0.999175 0.004335
vn -0.019912 0.995619 -0.083325
vn 0.011361 0.998792 -0.024775
vn -0.014876 0.998921 -0.039457
vn 0.011425 0.999369 -0.033629
vn -0.002620 0.999306 0.036871
vn -0.005997 0.999807 0.015672
vn -0.004512 0.999961 0.006799
vn 0.008776 0.999299 -0.005792
vn -0.005388 0.998961 -0.045233
vn 0.018303 0.999102 0.021137
vn 0.031695 0.999184 -0.024415
vn -0.012165 0.999200 -0.015734
vn -0.002120 0.998980 -0.045096
vn 0.018265 0.999603 0.021010
vn -0.002568 0.999936 0.010965
vn 0.047534 0.998763 -0.013272
vn 0.030764 0.998999 -0.011555
vn -0.023311 0.999614 -0.014918
vn 0.004830 0.999126 -0.039229
vn 0.005949 0.999846 -0.014532
vn -0.021013 0.999330 0.012784
vn -0.035541 0.998993 -0.018441
vn 0.030530 0.999327 -0.018707
vn 0.014165 0.999890 -0.002846
vn 0.020164 0.999585 -0.019572
vn 0.001929 0.999971 -0.005017
vn 0.007697 0.999907 -0.007173
vn 0.017429 0.999650 -0.015497
vn 0.032878 0.999443 -0.004255
vn 0.028925 0.999142 -0.009457
vn -0.016173 0.999714 -0.013512
vn -0.006449 0.999839 -0.007628
vn 0.014370 0.999185 0.035954
vn 0.018833 0.999415 0.028056
vn -0.014571 0.999552 -0.022556
vn 0.036826 0.999094 0.016872
vn 0.029841 0.998797 -0.025585
vn 0.022403 0.998732 -0.045095
vn 0.004857 0.999350 -0.030673
vn 0.016625 0.999800 -0.005303
vn 0.006712 0.999922 -0.007422
vn 0.003988 0.999825 -0.006193
vn 0.020083 0.999701 -0.012355
vn 0.014292 0.999770 -0.011157
vn 0.015290 0.999773 -0.014664
vn 0.034512 0.999123 -0.015961
vn 0.032002 0.998366 -0.021538
vn 0.053698 0.998160 -0.027665
vn -0.027885 0.999536 0.010983
vn -0.018380 0.999528 0.011597
vn 0.059376 0.997542 0.029674
vn 0.039393 0.997343 0.055174
vn 0.064061 0.997038 0.041705
vn -0.041099 0.997972 0.037203
vn 0.015348 0.997309 0.053869
vn -0.034778 0.998509 0.022584
vn -0.019606 0.997337 -0.025202
vn 0.094652 0.993532 -0.047402
vn 0.080800 0.995636 0.002317
vn -0.005011 0.998719 0.029839
vn 0.053818 0.996751 0.035154
vn -0.000972 0.999191 -0.040187
vn 0.028833 0.996653 0.009439
vn 0.049809 0.996413 0.016014
vn 0.058498 0.997889 0.023799
vn 0.078742 0.994257 0.071738
vn 0.078749 0.996488 0.022621
vn 0.068567 0.996835 -0.001074
vn 0.055590 0.998151 0.008098
vn 0.036172 0.998433 0.033894
vn -0.003506 0.999712 0.022972
vn 0.000192 0.999580 0.028987
vn -0.002396 0.999674 0.025399
vn -0.001809 0.999624 0.027197
vn -0.000369 0.999474 0.031319
vn -0.056179 0.995644 -0.071760
vn -0.046280 0.988142 -0.144288
vn -0.050543 0.984864 -0.165794
vn 0.003516 0.999895 -0.002909
vn -0.044659 0.997098 -0.043152
vn 0.023689 0.999632 0.003934
vn 0.021506 0.998281 0.045413
vn 0.007460 0.997379 0.071975
o Object
usemtl Material
f 428/428/428 4527/4527/4527 4531/4531/4531
f 412/412/412 4527/4527/4527 428/428/428
f 3193/3193/3193 4806/4806/4806 4802/4802/4802
f 3193/3193/3193 4802/4802/4802 3191/3191/3191
f 2710/2710/2710 4741/4741/4741 4760/4760/4760
f 2710/2710/2710 2700/2700/2700 4741/4741/4741
f 2160/2160/2160 4728/4728/4728 4736/4736/4736
f 2160/2160/2160 2159/2159/2159 4728/4728/4728
f 1705/1705/1705 4697/4697/4697 4696/4696/4696
f 1705/1705/1705 4696/4696/4696 1695/1695/1695
f 1/1/1 2/2/2 3/3/3
f 1/1/1 4/4/4 2/2/2
f 1/1/1 3/3/3 5/5/5
f 4/4/4 1/1/1 6/6/6
f 4/4/4 7/7/7 2/2/2
f 5/5/5 6/6/6 1/1/1
f 6/6/6 8/8/8 4/4/4
f 9/9/9 7/7/7 4/4/4
f 5/5/5 10/10/10 6/6/6
f 11/11/11 8/8/8 6/6/6
f 9/9/9 4/4/4 8/8/8
f 10/10/10 11/11/11 6/6/6
f 11/11/11 12/12/12 8/8/8
f 9/9/9 8/8/8 13/13/13
f 14/14/14 11/11/11 10/10/10
f 11/11/11 14/14/14 12/12/12
f 15/15/15 8/8/8 12/12/12
f 13/13/13 8/8/8 15/15/15
f 16/16/16 9/9/9 13/13/13
f 12/12/12 14/14/14 17/17/17
f 18/18/18 15/15/15 12/12/12
f 15/15/15 16/16/16 13/13/13
f 12/12/12 17/17/17 18/18/18
f 18/18/18 19/19/19 15/15/15
f 15/15/15 19/19/19 16/16/16
f 17/17/17 20/20/20 18/18/18
f 18/18/18 20/20/20 19/19/19
f 16/16/16 19/19/19 21/21/21
f 22/22/22 23/23/23 24/24/24
f 22/22/22 25/25/25 23/23/23
f 26/26/26 22/22/22 24/24/24
f 22/22/22 27/27/27 25/25/25
f 23/23/23 25/25/25 28/28/28
f 26/26/26 24/24/24 29/29/29
f 27/27/27 22/22/22 26/26/26
f 27/27/27 30/30/30 25/25/25
f 25/25/25 31/31/31 28/28/28
f 26/26/26 29/29/29 32/32/32
f 26/26/26 33/33/33 27/27/27
f 25/25/25 30/30/30 34/34/34
f 34/34/34 31/31/31 25/25/25
f 31/31/31 35/35/35 28/28/28
f 32/32/32 36/36/36 26/26/26
f 33/33/33 26/26/26 37/37/37
f 36/36/36 32/32/32 38/38/38
f 37/37/37 26/26/26 36/36/36
f 38/38/38 39/39/39 36/36/36
f 40/40/40 37/37/37 36/36/36
f 41/41/41 39/39/39 38/38/38
f 39/39/39 40/40/40 36/36/36
f 42/42/42 40/40/40 39/39/39
f 42/42/42 43/43/43 40/40/40
f 1669/1669/1669 4694/4694/4694 4693/4693/4693
f 1669/1669/1669 4693/4693/4693 1639/1639/1639
f 1354/1354/1354 4677/4677/4677 4676/4676/4676
f 1344/1344/1344 1354/1354/1354 4676/4676/4676
f 1209/1209/1209 4656/4656/4656 4663/4663/4663
f 1209/1209/1209 1202/1202/1202 4656/4656/4656
f 1155/1155/1155 4639/4639/4639 4640/4640/4640
f 1138/1138/1138 4636/4636/4636 4637/4637/4637
f 1138/1138/1138 1125/1125/1125 4636/4636/4636
f 978/978/978 4602/4602/4602 4604/4604/4604
f 978/978/978 962/962/962 4602/4602/4602
f 969/969/969 4601/4601/4601 968/968/968
f 963/963/963 4601/4601/4601 969/969/969
f 968/968/968 4601/4601/4601 4602/4602/4602
f 918/918/918 4587/4587/4587 4583/4583/4583
f 868/868/868 4575/4575/4575 4574/4574/4574
f 553/553/553 4542/4542/4542 4539/4539/4539
f 516/516/516 553/553/553 4539/4539/4539
f 453/453/453 4533/4533/4533 4530/4530/4530
f 436/436/436 453/453/453 4530/4530/4530
f 378/378/378 4527/4527/4527 412/412/412
f 359/359/359 4527/4527/4527 378/378/378
f 132/132/132 137/137/137 4501/4501/4501
f 3196/3196/3196 4814/4814/4814 4813/4813/4813
f 3196/3196/3196 4813/4813/4813 4812/4812/4812
f 3196/3196/3196 4812/4812/4812 4810/4810/4810
f 3196/3196/3196 4810/4810/4810 3195/3195/3195
f 3195/3195/3195 4811/4811/4811 4807/4807/4807
f 3195/3195/3195 4807/4807/4807 3194/3194/3194
f 3194/3194/3194 4808/4808/4808 4809/4809/4809
f 3192/3192/3192 4805/4805/4805 4806/4806/4806
f 3192/3192/3192 4806/4806/4806 3193/3193/3193
f 3191/3191/3191 4802/4802/4802 4803/4803/4803
f 2868/2868/2868 2869/2869/2869 4801/4801/4801
f 2869/2869/2869 2867/2867/2867 4801/4801/4801
f 2868/2868/2868 4801/4801/4801 2859/2859/2859
f 2859/2859/2859 4801/4801/4801 4800/4800/4800
f 2859/2859/2859 4800/4800/4800 4799/4799/4799
f 2859/2859/2859 4799/4799/4799 2860/2860/2860
f 2849/2849/2849 2860/2860/2860 4799/4799/4799
f 2846/2846/2846 2849/2849/2849 4799/4799/4799
f 2841/2841/2841 4799/4799/4799 4798/4798/4798
f 2833/2833/2833 4797/4797/4797 4795/4795/4795
f 2841/2841/2841 4798/4798/4798 4796/4796/4796
f 2833/2833/2833 4794/4794/4794 4797/4797/4797
f 2833/2833/2833 2840/2840/2840 4794/4794/4794
f 2828/2828/2828 4796/4796/4796 4794/4794/4794
f 2840/2840/2840 2823/2823/2823 4794/4794/4794
f 2833/2833/2833 4795/4795/4795 4793/4793/4793
f 2819/2819/2819 4793/4793/4793 4791/4791/4791
f 2813/2813/2813 4792/4792/4792 4790/4790/4790
f 2813/2813/2813 4790/4790/4790 4789/4789/4789
f 2813/2813/2813 4789/4789/4789 4788/4788/4788
f 2794/2794/2794 4788/4788/4788 4787/4787/4787
f 2794/2794/2794 4787/4787/4787 4783/4783/4783
f 2800/2800/2800 4785/4785/4785 2801/2801/2801
f 2800/2800/2800 4783/4783/4783 4786/4786/4786
f 2800/2800/2800 2794/2794/2794 4783/4783/4783
f 2800/2800/2800 4786/4786/4786 4785/4785/4785
f 2801/2801/2801 4785/4785/4785 4784/4784/4784
f 2787/2787/2787 4784/4784/4784 4782/4782/4782
f 2787/2787/2787 4782/4782/4782 4781/4781/4781
f 2778/2778/2778 4781/4781/4781 4780/4780/4780
f 2778/2778/2778 4780/4780/4780 4778/4778/4778
f 2778/2778/2778 4779/4779/4779 4777/4777/4777
f 2778/2778/2778 4777/4777/4777 2777/2777/2777
f 2765/2765/2765 4777/4777/4777 4776/4776/4776
f 2765/2765/2765 4776/4776/4776 4774/4774/4774
f 2764/2764/2764 2765/2765/2765 4775/4775/4775
f 2764/2764/2764 4775/4775/4775 4773/4773/4773
f 2756/2756/2756 2764/2764/2764 4773/4773/4773
f 2747/2747/2747 4773/4773/4773 4772/4772/4772
f 2747/2747/2747 4772/4772/4772 4771/4771/4771
f 2727/2727/2727 4771/4771/4771 4770/4770/4770
f 2734/2734/2734 4767/4767/4767 4768/4768/4768
f 2734/2734/2734 2731/2731/2731 4767/4767/4767
f 2727/2727/2727 4770/4770/4770 4766/4766/4766
f 2731/2731/2731 4765/4765/4765 4767/4767/4767
f 2731/2731/2731 2723/2723/2723 4765/4765/4765
f 2716/2716/2716 4766/4766/4766 4763/4763/4763
f 2723/2723/2723 4761/4761/4761 4764/4764/4764
f 2723/2723/2723 2712/2712/2712 4761/4761/4761
f 2709/2709/2709 4760/4760/4760 4759/4759/4759
f 2709/2709/2709 2710/2710/2710 4760/4760/4760
f 2707/2707/2707 4763/4763/4763 4757/4757/4757
f 2707/2707/2707 4758/4758/4758 4755/4755/4755
f 2706/2706/2706 4756/4756/4756 4754/4754/4754
f 2706/2706/2706 2707/2707/2707 4756/4756/4756
f 2701/2701/2701 4753/4753/4753 4752/4752/4752
f 2701/2701/2701 4752/4752/4752 2714/2714/2714
f 2703/2703/2703 2714/2714/2714 4752/4752/4752
f 2713/2713/2713 4751/4751/4751 4762/4762/4762
f 2713/2713/2713 2705/2705/2705 4751/4751/4751
f 2704/2704/2704 4762/4762/4762 4749/4749/4749
f 2704/2704/2704 4747/4747/4747 4761/4761/4761
f 2702/2702/2702 4759/4759/4759 4745/4745/4745
f 2705/2705/2705 4744/4744/4744 4750/4750/4750
f 2705/2705/2705 2699/2699/2699 4744/4744/4744
f 2701/2701/2701 4754/4754/4754 4742/4742/4742
f 2701/2701/2701 4743/4743/4743 4753/4753/4753
f 2703/2703/2703 4752/4752/4752 4746/4746/4746
f 2704/2704/2704 4749/4749/4749 4748/4748/4748
f 2700/2700/2700 4746/4746/4746 4741/4741/4741
f 2699/2699/2699 4745/4745/4745 4739/4739/4739
f 2699/2699/2699 4740/4740/4740 4744/4744/4744
f 2165/2165/2165 4737/4737/4737 4738/4738/4738
f 2165/2165/2165 4738/4738/4738 2178/2178/2178
f 2160/2160/2160 4736/4736/4736 4737/4737/4737
f 2169/2169/2169 4735/4735/4735 4734/4734/4734
f 2169/2169/2169 4734/4734/4734 2158/2158/2158
f 2158/2158/2158 4734/4734/4734 4732/4732/4732
f 2159/2159/2159 2148/2148/2148 4728/4728/4728
f 2151/2151/2151 2158/2158/2158 4732/4732/4732
f 2147/2147/2147 4732/4732/4732 4733/4733/4733
f 2147/2147/2147 4733/4733/4733 4731/4731/4731
f 2150/2150/2150 4730/4730/4730 2149/2149/2149
f 2147/2147/2147 4731/4731/4731 4729/4729/4729
f 2146/2146/2146 4722/4722/4722 4730/4730/4730
f 2146/2146/2146 4730/4730/4730 2150/2150/2150
f 2149/2149/2149 4730/4730/4730 4724/4724/4724
f 2149/2149/2149 4724/4724/4724 2145/2145/2145
f 2148/2148/2148 4725/4725/4725 4727/4727/4727
f 2148/2148/2148 2145/2145/2145 4725/4725/4725
f 2147/2147/2147 4729/4729/4729 4726/4726/4726
f 2147/2147/2147 4726/4726/4726 4723/4723/4723
f 2147/2147/2147 4723/4723/4723 2144/2144/2144
f 2146/2146/2146 2144/2144/2144 4722/4722/4722
f 1765/1765/1765 4719/4719/4719 4720/4720/4720
f 1772/1772/1772 4721/4721/4721 4718/4718/4718
f 1771/1771/1771 4715/4715/4715 4716/4716/4716
f 1765/1765/1765 4717/4717/4717 4719/4719/4719
f 1765/1765/1765 1768/1768/1768 4717/4717/4717
f 1764/1764/1764 4718/4718/4718 4711/4711/4711
f 1768/1768/1768 4714/4714/4714 4717/4717/4717
f 1768/1768/1768 1769/1769/1769 4714/4714/4714
f 1771/1771/1771 4716/4716/4716 4713/4713/4713
f 1771/1771/1771 4712/4712/4712 4715/4715/4715
f 1771/1771/1771 1760/1760/1760 4712/4712/4712
f 1769/1769/1769 4708/4708/4708 4714/4714/4714
f 1762/1762/1762 4713/4713/4713 4710/4710/4710
f 1759/1759/1759 4708/4708/4708 1769/1769/1769
f 1752/1752/1752 4707/4707/4707 4708/4708/4708
f 1746/1746/1746 4710/4710/4710 4705/4705/4705
f 1759/1759/1759 1748/1748/1748 4708/4708/4708
f 1758/1758/1758 4709/4709/4709 4706/4706/4706
f 1758/1758/1758 1753/1753/1753 4709/4709/4709
f 1753/1753/1753 4704/4704/4704 4709/4709/4709
f 1746/1746/1746 4705/4705/4705 4702/4702/4702
f 1746/1746/1746 4702/4702/4702 4701/4701/4701
f 1746/1746/1746 4701/4701/4701 4700/4700/4700
f 1746/1746/1746 4700/4700/4700 1732/1732/1732
f 1739/1739/1739 1732/1732/1732 4699/4699/4699
f 1732/1732/1732 4700/4700/4700 4699/4699/4699
f 1739/1739/1739 4699/4699/4699 1720/1720/1720
f 1720/1720/1720 4699/4699/4699 4698/4698/4698
f 1705/1705/1705 4698/4698/4698 4697/4697/4697
f 1669/1669/1669 4696/4696/4696 4695/4695/4695
f 1669/1669/1669 4695/4695/4695 4694/4694/4694
f 1608/1608/1608 4693/4693/4693 4692/4692/4692
f 1608/1608/1608 4692/4692/4692 4691/4691/4691
f 1580/1580/1580 1608/1608/1608 4691/4691/4691
f 1580/1580/1580 4691/4691/4691 4690/4690/4690
f 1579/1579/1579 1580/1580/1580 4689/4689/4689
f 1580/1580/1580 4690/4690/4690 4689/4689/4689
f 1579/1579/1579 4689/4689/4689 1548/1548/1548
f 1537/1537/1537 1548/1548/1548 4687/4687/4687
f 1548/1548/1548 4689/4689/4689 4688/4688/4688
f 1503/1503/1503 1537/1537/1537 4687/4687/4687
f 1548/1548/1548 4688/4688/4688 4687/4687/4687
f 1519/1519/1519 4687/4687/4687 4686/4686/4686
f 1472/1472/1472 4686/4686/4686 4685/4685/4685
f 1472/1472/1472 4685/4685/4685 4684/4684/4684
f 1459/1459/1459 4684/4684/4684 4683/4683/4683
f 1442/1442/1442 4683/4683/4683 4682/4682/4682
f 1427/1427/1427 4682/4682/4682 4681/4681/4681
f 1396/1396/1396 4681/4681/4681 4680/4680/4680
f 1396/1396/1396 4680/4680/4680 4679/4679/4679
f 1396/1396/1396 4679/4679/4679 4678/4678/4678
f 1396/1396/1396 4678/4678/4678 1355/1355/1355
f 1371/1371/1371 4678/4678/4678 4677/4677/4677
f 1371/1371/1371 1355/1355/1355 4678/4678/4678
f 1354/1354/1354 1371/1371/1371 4677/4677/4677
f 1330/1330/1330 1344/1344/1344 4676/4676/4676
f 1320/1320/1320 1330/1330/1330 4676/4676/4676
f 1276/1276/1276 4676/4676/4676 4675/4675/4675
f 1276/1276/1276 4675/4675/4675 4674/4674/4674
f 1276/1276/1276 4674/4674/4674 4673/4673/4673
f 1243/1243/1243 4673/4673/4673 4672/4672/4672
f 1243/1243/1243 4672/4672/4672 4671/4671/4671
f 1243/1243/1243 4671/4671/4671 4670/4670/4670
f 1243/1243/1243 4670/4670/4670 4669/4669/4669
f 1243/1243/1243 4669/4669/4669 4668/4668/4668
f 1243/1243/1243 4668/4668/4668 1236/1236/1236
f 1236/1236/1236 4668/4668/4668 4667/4667/4667
f 1231/1231/1231 1236/1236/1236 4667/4667/4667
f 1231/1231/1231 4667/4667/4667 4666/4666/4666
f 1231/1231/1231 4666/4666/4666 1220/1220/1220
f 1220/1220/1220 4666/4666/4666 4665/4665/4665
f 1205/1205/1205 4665/4665/4665 4664/4664/4664
f 1205/1205/1205 4664/4664/4664 4662/4662/4662
f 1206/1206/1206 4660/4660/4660 1204/1204/1204
f 1206/1206/1206 1200/1200/1200 4660/4660/4660
f 1200/1200/1200 4662/4662/4662 4661/4661/4661
f 1199/1199/1199 1204/1204/1204 4660/4660/4660
f 1202/1202/1202 1196/1196/1196 4656/4656/4656
f 1200/1200/1200 4661/4661/4661 4660/4660/4660
f 1199/1199/1199 4660/4660/4660 4659/4659/4659
f 1199/1199/1199 4659/4659/4659 4655/4655/4655
f 1199/1199/1199 4655/4655/4655 1190/1190/1190
f 1193/1193/1193 1194/1194/1194 4658/4658/4658
f 1196/1196/1196 1191/1191/1191 4656/4656/4656
f 1194/1194/1194 4655/4655/4655 4658/4658/4658
f 1194/1194/1194 1190/1190/1190 4655/4655/4655
f 1189/1189/1189 4658/4658/4658 4654/4654/4654
f 1192/1192/1192 4653/4653/4653 4657/4657/4657
f 1192/1192/1192 1189/1189/1189 4653/4653/4653
f 1192/1192/1192 4657/4657/4657 4651/4651/4651
f 1192/1192/1192 4651/4651/4651 1188/1188/1188
f 1191/1191/1191 4650/4650/4650 4656/4656/4656
f 1191/1191/1191 1188/1188/1188 4650/4650/4650
f 1189/1189/1189 4654/4654/4654 4652/4652/4652
f 1186/1186/1186 4648/4648/4648 4649/4649/4649
f 1186/1186/1186 1184/1184/1184 4648/4648/4648
f 1184/1184/1184 4647/4647/4647 4648/4648/4648
f 1184/1184/1184 4646/4646/4646 4647/4647/4647
f 1184/1184/1184 1180/1180/1180 4646/4646/4646
f 1180/1180/1180 4645/4645/4645 4646/4646/4646
f 1180/1180/1180 1174/1174/1174 4645/4645/4645
f 1174/1174/1174 4644/4644/4644 4645/4645/4645
f 1174/1174/1174 4643/4643/4643 4644/4644/4644
f 1174/1174/1174 4642/4642/4642 4643/4643/4643
f 1174/1174/1174 1166/1166/1166 4642/4642/4642
f 1166/1166/1166 1162/1162/1162 4641/4641/4641
f 1162/1162/1162 1155/1155/1155 4641/4641/4641
f 1166/1166/1166 4641/4641/4641 4642/4642/4642
f 1155/1155/1155 4640/4640/4640 4641/4641/4641
f 1155/1155/1155 1151/1151/1151 4639/4639/4639
f 1151/1151/1151 1145/1145/1145 4639/4639/4639
f 1145/1145/1145 4638/4638/4638 4639/4639/4639
f 1145/1145/1145 4637/4637/4637 4638/4638/4638
f 1145/1145/1145 1135/1135/1135 4637/4637/4637
f 1135/1135/1135 1138/1138/1138 4637/4637/4637
f 1125/1125/1125 4635/4635/4635 4636/4636/4636
f 1125/1125/1125 1117/1117/1117 4635/4635/4635
f 1117/1117/1117 4634/4634/4634 4635/4635/4635
f 1117/1117/1117 1105/1105/1105 4634/4634/4634
f 1106/1106/1106 4632/4632/4632 4631/4631/4631
f 1105/1105/1105 4629/4629/4629 4634/4634/4634
f 1098/1098/1098 4633/4633/4633 4628/4628/4628
f 1098/1098/1098 4627/4627/4627 4633/4633/4633
f 1106/1106/1106 4625/4625/4625 4632/4632/4632
f 1106/1106/1106 1095/1095/1095 4625/4625/4625
f 1106/1106/1106 4631/4631/4631 4630/4630/4630
f 1106/1106/1106 4630/4630/4630 1099/1099/1099
f 1104/1104/1104 4630/4630/4630 4626/4626/4626
f 1095/1095/1095 4624/4624/4624 4625/4625/4625
f 1089/1089/1089 4623/4623/4623 4624/4624/4624
f 1089/1089/1089 1083/1083/1083 4623/4623/4623
f 1083/1083/1083 1082/1082/1082 4623/4623/4623
f 1073/1073/1073 4621/4621/4621 4622/4622/4622
f 1073/1073/1073 4620/4620/4620 4621/4621/4621
f 1073/1073/1073 1049/1049/1049 4620/4620/4620
f 1049/1049/1049 4619/4619/4619 4620/4620/4620
f 1049/1049/1049 4618/4618/4618 4619/4619/4619
f 1044/1044/1044 4617/4617/4617 4616/4616/4616
f 1049/1049/1049 4615/4615/4615 4618/4618/4618
f 1049/1049/1049 1036/1036/1036 4615/4615/4615
f 1044/1044/1044 4614/4614/4614 4617/4617/4617
f 1038/1038/1038 4616/4616/4616 4615/4615/4615
f 1044/1044/1044 1022/1022/1022 4614/4614/4614
f 1022/1022/1022 4613/4613/4613 4614/4614/4614
f 1022/1022/1022 4612/4612/4612 4613/4613/4613
f 1013/1013/1013 4609/4609/4609 4610/4610/4610
f 1013/1013/1013 4610/4610/4610 1022/1022/1022
f 1022/1022/1022 4611/4611/4611 4612/4612/4612
f 1013/1013/1013 4608/4608/4608 4609/4609/4609
f 1005/1005/1005 4607/4607/4607 4608/4608/4608
f 991/991/991 4606/4606/4606 4607/4607/4607
f 991/991/991 4605/4605/4605 4606/4606/4606
f 991/991/991 4603/4603/4603 4605/4605/4605
f 991/991/991 976/976/976 4603/4603/4603
f 978/978/978 4604/4604/4604 4603/4603/4603
f 978/978/978 4603/4603/4603 976/976/976
f 968/968/968 4602/4602/4602 962/962/962
f 963/963/963 952/952/952 4601/4601/4601
f 952/952/952 951/951/951 4601/4601/4601
f 951/951/951 4600/4600/4600 4601/4601/4601
f 945/945/945 4599/4599/4599 4600/4600/4600
f 940/940/940 4597/4597/4597 4598/4598/4598
f 940/940/940 4598/4598/4598 945/945/945
f 934/934/934 4596/4596/4596 4597/4597/4597
f 930/930/930 4594/4594/4594 4595/4595/4595
f 930/930/930 4595/4595/4595 934/934/934
f 930/930/930 4593/4593/4593 4594/4594/4594
f 930/930/930 923/923/923 4593/4593/4593
f 923/923/923 4590/4590/4590 4593/4593/4593
f 919/919/919 4588/4588/4588 4592/4592/4592
f 919/919/919 4592/4592/4592 923/923/923
f 923/923/923 4592/4592/4592 4591/4591/4591
f 917/917/917 4586/4586/4586 4589/4589/4589
f 917/917/917 4589/4589/4589 919/919/919
f 918/918/918 4583/4583/4583 915/915/915
f 915/915/915 4582/4582/4582 4584/4584/4584
f 915/915/915 4584/4584/4584 916/916/916
f 917/917/917 4585/4585/4585 4586/4586/4586
f 917/917/917 916/916/916 4585/4585/4585
f 872/872/872 4581/4581/4581 4580/4580/4580
f 872/872/872 4580/4580/4580 4579/4579/4579
f 872/872/872 4579/4579/4579 4578/4578/4578
f 871/871/871 872/872/872 4578/4578/4578
f 871/871/871 4578/4578/4578 4577/4577/4577
f 870/870/870 4577/4577/4577 4576/4576/4576
f 870/870/870 4576/4576/4576 4575/4575/4575
f 864/864/864 4571/4571/4571 4573/4573/4573
f 863/863/863 4574/4574/4574 4572/4572/4572
f 864/864/864 4573/4573/4573 4570/4570/4570
f 864/864/864 4570/4570/4570 4569/4569/4569
f 864/864/864 4569/4569/4569 860/860/860
f 860/860/860 4569/4569/4569 4568/4568/4568
f 859/859/859 4568/4568/4568 4566/4566/4566
f 855/855/855 4567/4567/4567 4565/4565/4565
f 855/855/855 4565/4565/4565 4562/4562/4562
f 848/848/848 4564/4564/4564 4561/4561/4561
f 848/848/848 4559/4559/4559 4564/4564/4564
f 847/847/847 4563/4563/4563 4560/4560/4560
f 841/841/841 4558/4558/4558 4556/4556/4556
f 848/848/848 4561/4561/4561 4557/4557/4557
f 841/841/841 4554/4554/4554 4558/4558/4558
f 843/843/843 4557/4557/4557 4555/4555/4555
f 841/841/841 4556/4556/4556 849/849/849
f 849/849/849 4556/4556/4556 4553/4553/4553
f 826/826/826 849/849/849 4553/4553/4553
f 831/831/831 4552/4552/4552 4550/4550/4550
f 839/839/839 4553/4553/4553 4551/4551/4551
f 830/830/830 831/831/831 4550/4550/4550
f 708/708/708 4549/4549/4549 4548/4548/4548
f 708/708/708 4548/4548/4548 674/674/674
f 674/674/674 4548/4548/4548 4547/4547/4547
f 674/674/674 4547/4547/4547 4546/4546/4546
f 674/674/674 4546/4546/4546 654/654/654
f 654/654/654 4546/4546/4546 4545/4545/4545
f 654/654/654 4545/4545/4545 4544/4544/4544
f 654/654/654 4544/4544/4544 579/579/579
f 622/622/622 4543/4543/4543 571/571/571
f 579/579/579 4544/4544/4544 4542/4542/4542
f 570/570/570 4541/4541/4541 4543/4543/4543
f 579/579/579 4542/4542/4542 553/553/553
f 570/570/570 512/512/512 4541/4541/4541
f 512/512/512 4540/4540/4540 4541/4541/4541
f 512/512/512 4537/4537/4537 4540/4540/4540
f 516/516/516 4539/4539/4539 491/491/491
f 491/491/491 4539/4539/4539 4538/4538/4538
f 491/491/491 4538/4538/4538 4536/4536/4536
f 491/491/491 4536/4536/4536 453/453/453
f 466/466/466 4535/4535/4535 4537/4537/4537
f 453/453/453 4536/4536/4536 4533/4533/4533
f 466/466/466 4534/4534/4534 4535/4535/4535
f 447/447/447 4532/4532/4532 4534/4534/4534
f 447/447/447 4531/4531/4531 4532/4532/4532
f 436/436/436 4530/4530/4530 404/404/404
f 404/404/404 4530/4530/4530 4529/4529/4529
f 404/404/404 4529/4529/4529 4528/4528/4528
f 404/404/404 4528/4528/4528 367/367/367
f 333/333/333 4528/4528/4528 4526/4526/4526
f 314/314/314 4525/4525/4525 4527/4527/4527
f 333/333/333 4526/4526/4526 4523/4523/4523
f 314/314/314 4524/4524/4524 4525/4525/4525
f 333/333/333 4523/4523/4523 332/332/332
f 314/314/314 4522/4522/4522 4524/4524/4524
f 332/332/332 4523/4523/4523 4521/4521/4521
f 332/332/332 4521/4521/4521 303/303/303
f 314/314/314 4519/4519/4519 4522/4522/4522
f 303/303/303 4521/4521/4521 4520/4520/4520
f 303/303/303 4520/4520/4520 275/275/275
f 275/275/275 4520/4520/4520 4518/4518/4518
f 297/297/297 4517/4517/4517 4519/4519/4519
f 270/270/270 4517/4517/4517 297/297/297
f 275/275/275 4518/4518/4518 4514/4514/4514
f 270/270/270 4516/4516/4516 4517/4517/4517
f 241/241/241 275/275/275 4514/4514/4514
f 253/253/253 4515/4515/4515 4516/4516/4516
f 241/241/241 4514/4514/4514 202/202/202
f 212/212/212 4513/4513/4513 4515/4515/4515
f 206/206/206 4514/4514/4514 4511/4511/4511
f 212/212/212 4512/4512/4512 4513/4513/4513
f 212/212/212 4510/4510/4510 4512/4512/4512
f 212/212/212 199/199/199 4510/4510/4510
f 206/206/206 4511/4511/4511 4508/4508/4508
f 180/180/180 4508/4508/4508 4506/4506/4506
f 151/151/151 4504/4504/4504 4505/4505/4505
f 138/138/138 4504/4504/4504 151/151/151
f 138/138/138 4503/4503/4503 4504/4504/4504
f 138/138/138 130/130/130 4503/4503/4503
f 130/130/130 4502/4502/4502 4503/4503/4503
f 125/125/125 4500/4500/4500 4502/4502/4502
f 132/132/132 4501/4501/4501 127/127/127
f 3195/3195/3195 4810/4810/4810 4811/4811/4811
f 3194/3194/3194 4807/4807/4807 4808/4808/4808
f 3192/3192/3192 4804/4804/4804 4805/4805/4805
f 2841/2841/2841 2846/2846/2846 4799/4799/4799
f 2828/2828/2828 2841/2841/2841 4796/4796/4796
f 2823/2823/2823 2828/2828/2828 4794/4794/4794
f 2819/2819/2819 2833/2833/2833 4793/4793/4793
f 2813/2813/2813 4791/4791/4791 4792/4792/4792
f 2813/2813/2813 2819/2819/2819 4791/4791/4791
f 2794/2794/2794 2813/2813/2813 4788/4788/4788
f 2787/2787/2787 2801/2801/2801 4784/4784/4784
f 2778/2778/2778 2787/2787/2787 4781/4781/4781
f 2778/2778/2778 4778/4778/4778 4779/4779/4779
f 2765/2765/2765 2777/2777/2777 4777/4777/4777
f 2765/2765/2765 4774/4774/4774 4775/4775/4775
f 2747/2747/2747 2756/2756/2756 4773/4773/4773
f 2727/2727/2727 2747/2747/2747 4771/4771/4771
f 2734/2734/2734 4768/4768/4768 4769/4769/4769
f 2716/2716/2716 2727/2727/2727 4766/4766/4766
f 2723/2723/2723 4764/4764/4764 4765/4765/4765
f 2707/2707/2707 2716/2716/2716 4763/4763/4763
f 2704/2704/2704 2713/2713/2713 4762/4762/4762
f 2704/2704/2704 4761/4761/4761 2712/2712/2712
f 2702/2702/2702 2709/2709/2709 4759/4759/4759
f 2707/2707/2707 4757/4757/4757 4758/4758/4758
f 2707/2707/2707 4755/4755/4755 4756/4756/4756
f 2701/2701/2701 2706/2706/2706 4754/4754/4754
f 2705/2705/2705 4750/4750/4750 4751/4751/4751
f 2704/2704/2704 4748/4748/4748 4747/4747/4747
f 2700/2700/2700 2703/2703/2703 4746/4746/4746
f 2699/2699/2699 2702/2702/2702 4745/4745/4745
f 2701/2701/2701 4742/4742/4742 4743/4743/4743
f 2699/2699/2699 4739/4739/4739 4740/4740/4740
f 2160/2160/2160 4737/4737/4737 2165/2165/2165
f 2147/2147/2147 2151/2151/2151 4732/4732/4732
f 2148/2148/2148 4727/4727/4727 4728/4728/4728
f 2145/2145/2145 4724/4724/4724 4725/4725/4725
f 2144/2144/2144 4723/4723/4723 4722/4722/4722
f 1772/1772/1772 4720/4720/4720 4721/4721/4721
f 1772/1772/1772 1765/1765/1765 4720/4720/4720
f 1764/1764/1764 1772/1772/1772 4718/4718/4718
f 1762/1762/1762 1771/1771/1771 4713/4713/4713
f 1760/1760/1760 4711/4711/4711 4712/4712/4712
f 1760/1760/1760 1764/1764/1764 4711/4711/4711
f 1746/1746/1746 1762/1762/1762 4710/4710/4710
f 1748/1748/1748 1752/1752/1752 4708/4708/4708
f 1752/1752/1752 4706/4706/4706 4707/4707/4707
f 1752/1752/1752 1758/1758/1758 4706/4706/4706
f 1753/1753/1753 4703/4703/4703 4704/4704/4704
f 1753/1753/1753 1742/1742/1742 4703/4703/4703
f 1705/1705/1705 1720/1720/1720 4698/4698/4698
f 1669/1669/1669 1695/1695/1695 4696/4696/4696
f 1608/1608/1608 1639/1639/1639 4693/4693/4693
f 1519/1519/1519 1503/1503/1503 4687/4687/4687
f 1472/1472/1472 1519/1519/1519 4686/4686/4686
f 1459/1459/1459 1472/1472/1472 4684/4684/4684
f 1442/1442/1442 1459/1459/1459 4683/4683/4683
f 1427/1427/1427 1442/1442/1442 4682/4682/4682
f 1396/1396/1396 1427/1427/1427 4681/4681/4681
f 1276/1276/1276 1320/1320/1320 4676/4676/4676
f 1243/1243/1243 1276/1276/1276 4673/4673/4673
f 1205/1205/1205 1220/1220/1220 4665/4665/4665
f 1200/1200/1200 1205/1205/1205 4662/4662/4662
f 1189/1189/1189 1193/1193/1193 4658/4658/4658
f 1189/1189/1189 4652/4652/4652 4653/4653/4653
f 1188/1188/1188 4651/4651/4651 4650/4650/4650
f 1104/1104/1104 1099/1099/1099 4630/4630/4630
f 1105/1105/1105 4628/4628/4628 4629/4629/4629
f 1105/1105/1105 1098/1098/1098 4628/4628/4628
f 1098/1098/1098 4626/4626/4626 4627/4627/4627
f 1098/1098/1098 1104/1104/1104 4626/4626/4626
f 1095/1095/1095 1089/1089/1089 4624/4624/4624
f 1082/1082/1082 4622/4622/4622 4623/4623/4623
f 1082/1082/1082 1073/1073/1073 4622/4622/4622
f 1038/1038/1038 1044/1044/1044 4616/4616/4616
f 1036/1036/1036 1038/1038/1038 4615/4615/4615
f 1022/1022/1022 4610/4610/4610 4611/4611/4611
f 1005/1005/1005 4608/4608/4608 1013/1013/1013
f 991/991/991 4607/4607/4607 1005/1005/1005
f 945/945/945 4600/4600/4600 951/951/951
f 945/945/945 4598/4598/4598 4599/4599/4599
f 934/934/934 4597/4597/4597 940/940/940
f 934/934/934 4595/4595/4595 4596/4596/4596
f 923/923/923 4591/4591/4591 4590/4590/4590
f 919/919/919 4589/4589/4589 4588/4588/4588
f 916/916/916 4584/4584/4584 4585/4585/4585
f 915/915/915 4583/4583/4583 4582/4582/4582
f 870/870/870 871/871/871 4577/4577/4577
f 868/868/868 870/870/870 4575/4575/4575
f 863/863/863 868/868/868 4574/4574/4574
f 863/863/863 4572/4572/4572 4571/4571/4571
f 863/863/863 4571/4571/4571 864/864/864
f 859/859/859 860/860/860 4568/4568/4568
f 855/855/855 4566/4566/4566 4567/4567/4567
f 855/855/855 859/859/859 4566/4566/4566
f 847/847/847 4562/4562/4562 4563/4563/4563
f 847/847/847 855/855/855 4562/4562/4562
f 847/847/847 4560/4560/4560 4559/4559/4559
f 847/847/847 4559/4559/4559 848/848/848
f 848/848/848 4557/4557/4557 843/843/843
f 843/843/843 4555/4555/4555 4554/4554/4554
f 843/843/843 4554/4554/4554 841/841/841
f 839/839/839 826/826/826 4553/4553/4553
f 831/831/831 4551/4551/4551 4552/4552/4552
f 831/831/831 839/839/839 4551/4551/4551
f 824/824/824 830/830/830 4550/4550/4550
f 570/570/570 4543/4543/4543 622/622/622
f 466/466/466 4537/4537/4537 512/512/512
f 447/447/447 4534/4534/4534 466/466/466
f 428/428/428 4531/4531/4531 447/447/447
f 333/333/333 367/367/367 4528/4528/4528
f 359/359/359 314/314/314 4527/4527/4527
f 297/297/297 4519/4519/4519 314/314/314
f 253/253/253 4516/4516/4516 270/270/270
f 212/212/212 4515/4515/4515 253/253/253
f 202/202/202 4514/4514/4514 206/206/206
f 199/199/199 4509/4509/4509 4510/4510/4510
f 199/199/199 175/175/175 4509/4509/4509
f 180/180/180 206/206/206 4508/4508/4508
f 161/161/161 4506/4506/4506 4507/4507/4507
f 161/161/161 180/180/180 4506/4506/4506
f 151/151/151 4505/4505/4505 156/156/156
f 125/125/125 4502/4502/4502 130/130/130
f 127/127/127 4501/4501/4501 4500/4500/4500
f 127/127/127 4500/4500/4500 125/125/125
f 4207/4207/4207 4208/4208/4208 4272/4272/4272
f 4369/4369/4369 4498/4498/4498 4499/4499/4499
f 4498/4498/4498 4369/4369/4369 4371/4371/4371
f 4497/4497/4497 4473/4473/4473 4452/4452/4452
f 4401/4401/4401 4405/4405/4405 4400/4400/4400
f 1109/1109/1109 4430/4430/4430 1116/1116/1116
f 4258/4258/4258 2988/2988/2988 2987/2987/2987
f 4496/4496/4496 4327/4327/4327 4309/4309/4309
f 4286/4286/4286 4309/4309/4309 4306/4306/4306
f 4327/4327/4327 4306/4306/4306 4309/4309/4309
f 4493/4493/4493 4433/4433/4433 4495/4495/4495
f 4409/4409/4409 4420/4420/4420 4408/4408/4408
f 4408/4408/4408 4420/4420/4420 4335/4335/4335
f 4493/4493/4493 4494/4494/4494 4437/4437/4437
f 4433/4433/4433 4493/4493/4493 4437/4437/4437
f 4486/4486/4486 4491/4491/4491 4484/4484/4484
f 4491/4491/4491 4492/4492/4492 4484/4484/4484
f 4489/4489/4489 4490/4490/4490 4487/4487/4487
f 4489/4489/4489 4487/4487/4487 4488/4488/4488
f 4487/4487/4487 4485/4485/4485 4488/4488/4488
f 4479/4479/4479 4485/4485/4485 4487/4487/4487
f 4486/4486/4486 4484/4484/4484 4483/4483/4483
f 4485/4485/4485 4479/4479/4479 4476/4476/4476
f 4476/4476/4476 4481/4481/4481 4485/4485/4485
f 4483/4483/4483 4484/4484/4484 4482/4482/4482
f 4483/4483/4483 4482/4482/4482 4475/4475/4475
f 4475/4475/4475 4482/4482/4482 4481/4481/4481
f 4475/4475/4475 4481/4481/4481 4476/4476/4476
f 4475/4475/4475 4477/4477/4477 4480/4480/4480
f 4479/4479/4479 4478/4478/4478 4476/4476/4476
f 4478/4478/4478 4477/4477/4477 4476/4476/4476
f 4475/4475/4475 4476/4476/4476 4477/4477/4477
f 4469/4469/4469 4457/4457/4457 4459/4459/4459
f 4413/4413/4413 4470/4470/4470 4464/4464/4464
f 4474/4474/4474 4448/4448/4448 4449/4449/4449
f 4415/4415/4415 4466/4466/4466 4416/4416/4416
f 4452/4452/4452 4473/4473/4473 4471/4471/4471
f 4472/4472/4472 4471/4471/4471 4473/4473/4473
f 4472/4472/4472 4458/4458/4458 4471/4471/4471
f 4458/4458/4458 4452/4452/4452 4471/4471/4471
f 4464/4464/4464 4411/4411/4411 4413/4413/4413
f 4415/4415/4415 4467/4467/4467 4466/4466/4466
f 4467/4467/4467 4415/4415/4415 4411/4411/4411
f 4469/4469/4469 4464/4464/4464 4470/4470/4470
f 4469/4469/4469 4459/4459/4459 4464/4464/4464
f 4464/4464/4464 4467/4467/4467 4411/4411/4411
f 4465/4465/4465 4468/4468/4468 4466/4466/4466
f 4464/4464/4464 4463/4463/4463 4467/4467/4467
f 4467/4467/4467 4463/4463/4463 4466/4466/4466
f 4463/4463/4463 4465/4465/4465 4466/4466/4466
f 4463/4463/4463 4461/4461/4461 4465/4465/4465
f 4459/4459/4459 4463/4463/4463 4464/4464/4464
f 4461/4461/4461 4463/4463/4463 4459/4459/4459
f 4460/4460/4460 4462/4462/4462 4461/4461/4461
f 4459/4459/4459 4460/4460/4460 4461/4461/4461
f 4459/4459/4459 4456/4456/4456 4460/4460/4460
f 4456/4456/4456 4459/4459/4459 4457/4457/4457
f 4450/4450/4450 4452/4452/4452 4458/4458/4458
f 4457/4457/4457 4455/4455/4455 4456/4456/4456
f 4454/4454/4454 4456/4456/4456 4455/4455/4455
f 4449/4449/4449 4454/4454/4454 4455/4455/4455
f 4453/4453/4453 4454/4454/4454 4449/4449/4449
f 4449/4449/4449 4446/4446/4446 4453/4453/4453
f 4452/4452/4452 4450/4450/4450 4442/4442/4442
f 4451/4451/4451 4441/4441/4441 4450/4450/4450
f 4442/4442/4442 4450/4450/4450 4441/4441/4441
f 4446/4446/4446 4449/4449/4449 4444/4444/4444
f 4444/4444/4444 4449/4449/4449 4448/4448/4448
f 4436/4436/4436 4444/4444/4444 4448/4448/4448
f 4443/4443/4443 4447/4447/4447 4446/4446/4446
f 4444/4444/4444 4443/4443/4443 4446/4446/4446
f 4441/4441/4441 4445/4445/4445 4440/4440/4440
f 4445/4445/4445 4443/4443/4443 4440/4440/4440
f 4443/4443/4443 4444/4444/4444 4436/4436/4436
f 4436/4436/4436 4440/4440/4440 4443/4443/4443
f 4442/4442/4442 4439/4439/4439 4437/4437/4437
f 4441/4441/4441 4439/4439/4439 4442/4442/4442
f 4439/4439/4439 4441/4441/4441 4440/4440/4440
f 4440/4440/4440 4436/4436/4436 4439/4439/4439
f 4439/4439/4439 4434/4434/4434 4437/4437/4437
f 4439/4439/4439 4436/4436/4436 4434/4434/4434
f 4436/4436/4436 4438/4438/4438 4435/4435/4435
f 4433/4433/4433 4437/4437/4437 4434/4434/4434
f 4435/4435/4435 4434/4434/4434 4436/4436/4436
f 4433/4433/4433 4434/4434/4434 4435/4435/4435
f 2143/2143/2143 2142/2142/2142 2518/2518/2518
f 1116/1116/1116 4431/4431/4431 4432/4432/4432
f 1116/1116/1116 4430/4430/4430 4431/4431/4431
f 4108/4108/4108 4429/4429/4429 4134/4134/4134
f 912/912/912 4429/4429/4429 913/913/913
f 4134/4134/4134 4429/4429/4429 912/912/912
f 4314/4314/4314 4426/4426/4426 4318/4318/4318
f 4390/4390/4390 4426/4426/4426 4314/4314/4314
f 4390/4390/4390 4391/4391/4391 4428/4428/4428
f 4427/4427/4427 4390/4390/4390 4428/4428/4428
f 4426/4426/4426 4390/4390/4390 4427/4427/4427
f 2328/2328/2328 4425/4425/4425 2324/2324/2324
f 4204/4204/4204 4424/4424/4424 4221/4221/4221
f 4424/4424/4424 4204/4204/4204 4261/4261/4261
f 2989/2989/2989 4424/4424/4424 4261/4261/4261
f 4256/4256/4256 2989/2989/2989 4261/4261/4261
f 4256/4256/4256 2987/2987/2987 2989/2989/2989
f 4256/4256/4256 4258/4258/4258 2987/2987/2987
f 4423/4423/4423 2497/2497/2497 2506/2506/2506
f 4423/4423/4423 2518/2518/2518 2497/2497/2497
f 4409/4409/4409 4422/4422/4422 4421/4421/4421
f 4421/4421/4421 4420/4420/4420 4409/4409/4409
f 4419/4419/4419 4420/4420/4420 4421/4421/4421
f 4419/4419/4419 4335/4335/4335 4420/4420/4420
f 4417/4417/4417 4267/4267/4267 4265/4265/4265
f 4268/4268/4268 4267/4267/4267 4418/4418/4418
f 4417/4417/4417 4418/4418/4418 4267/4267/4267
f 4415/4415/4415 4414/4414/4414 4411/4411/4411
f 4415/4415/4415 4416/4416/4416 4414/4414/4414
f 4411/4411/4411 4414/4414/4414 4412/4412/4412
f 4411/4411/4411 4410/4410/4410 4413/4413/4413
f 4410/4410/4410 4411/4411/4411 4412/4412/4412
f 4250/4250/4250 4408/4408/4408 4335/4335/4335
f 4248/4248/4248 4252/4252/4252 4409/4409/4409
f 4248/4248/4248 4409/4409/4409 4408/4408/4408
f 4248/4248/4248 4408/4408/4408 4250/4250/4250
f 4333/4333/4333 2991/2991/2991 4328/4328/4328
f 2992/2992/2992 2991/2991/2991 4333/4333/4333
f 4402/4402/4402 4401/4401/4401 4407/4407/4407
f 4406/4406/4406 2992/2992/2992 4398/4398/4398
f 4398/4398/4398 4403/4403/4403 4406/4406/4406
f 4401/4401/4401 4402/4402/4402 4405/4405/4405
f 4400/4400/4400 4405/4405/4405 4402/4402/4402
f 4404/4404/4404 4403/4403/4403 4399/4399/4399
f 4399/4399/4399 4403/4403/4403 4398/4398/4398
f 4400/4400/4400 4402/4402/4402 4397/4397/4397
f 4331/4331/4331 4401/4401/4401 4400/4400/4400
f 4329/4329/4329 4334/4334/4334 4330/4330/4330
f 4331/4331/4331 4400/4400/4400 4329/4329/4329
f 2992/2992/2992 4333/4333/4333 4396/4396/4396
f 2992/2992/2992 4396/4396/4396 4398/4398/4398
f 4400/4400/4400 4397/4397/4397 4329/4329/4329
f 4392/4392/4392 4334/4334/4334 4329/4329/4329
f 4329/4329/4329 4397/4397/4397 4392/4392/4392
f 4399/4399/4399 4398/4398/4398 4395/4395/4395
f 4396/4396/4396 4395/4395/4395 4398/4398/4398
f 4392/4392/4392 4397/4397/4397 4393/4393/4393
f 4396/4396/4396 4333/4333/4333 4334/4334/4334
f 4395/4395/4395 4396/4396/4396 4334/4334/4334
f 4334/4334/4334 4394/4394/4394 4395/4395/4395
f 4394/4394/4394 4334/4334/4334 4393/4393/4393
f 4392/4392/4392 4393/4393/4393 4334/4334/4334
f 4391/4391/4391 4390/4390/4390 4311/4311/4311
f 4390/4390/4390 4314/4314/4314 4311/4311/4311
f 1999/1999/1999 4389/4389/4389 2006/2006/2006
f 1999/1999/1999 4388/4388/4388 4389/4389/4389
f 4388/4388/4388 1999/1999/1999 1991/1991/1991
f 1991/1991/1991 4387/4387/4387 4388/4388/4388
f 1990/1990/1990 4387/4387/4387 1991/1991/1991
f 1997/1997/1997 4387/4387/4387 1990/1990/1990
f 4386/4386/4386 4387/4387/4387 1997/1997/1997
f 4385/4385/4385 4386/4386/4386 1997/1997/1997
f 1997/1997/1997 4383/4383/4383 4385/4385/4385
f 4375/4375/4375 4384/4384/4384 4374/4374/4374
f 4374/4374/4374 4384/4384/4384 4377/4377/4377
f 4356/4356/4356 4381/4381/4381 4358/4358/4358
f 4359/4359/4359 4358/4358/4358 4380/4380/4380
f 4358/4358/4358 4381/4381/4381 4380/4380/4380
f 1988/1988/1988 4383/4383/4383 1997/1997/1997
f 4382/4382/4382 4383/4383/4383 1988/1988/1988
f 4377/4377/4377 4382/4382/4382 4378/4378/4378
f 1988/1988/1988 4378/4378/4378 4382/4382/4382
f 4381/4381/4381 4379/4379/4379 4380/4380/4380
f 4380/4380/4380 4379/4379/4379 4376/4376/4376
f 4376/4376/4376 4379/4379/4379 4375/4375/4375
f 1987/1987/1987 4378/4378/4378 1988/1988/1988
f 1987/1987/1987 4377/4377/4377 4378/4378/4378
f 4377/4377/4377 1987/1987/1987 1996/1996/1996
f 1996/1996/1996 4374/4374/4374 4377/4377/4377
f 4376/4376/4376 4375/4375/4375 4373/4373/4373
f 4375/4375/4375 4374/4374/4374 4373/4373/4373
f 2003/2003/2003 4374/4374/4374 1996/1996/1996
f 4373/4373/4373 4374/4374/4374 2003/2003/2003
f 4373/4373/4373 2003/2003/2003 2001/2001/2001
f 4371/4371/4371 4364/4364/4364 4372/4372/4372
f 4364/4364/4364 4371/4371/4371 4369/4369/4369
f 4370/4370/4370 4343/4343/4343 4351/4351/4351
f 4364/4364/4364 4369/4369/4369 4362/4362/4362
f 4362/4362/4362 4369/4369/4369 4366/4366/4366
f 4369/4369/4369 4368/4368/4368 4366/4366/4366
f 4366/4366/4366 4368/4368/4368 4367/4367/4367
f 4366/4366/4366 4367/4367/4367 4349/4349/4349
f 4362/4362/4362 4366/4366/4366 4360/4360/4360
f 4366/4366/4366 4349/4349/4349 4360/4360/4360
f 4364/4364/4364 4363/4363/4363 4365/4365/4365
f 4364/4364/4364 4362/4362/4362 4363/4363/4363
f 4363/4363/4363 4362/4362/4362 4355/4355/4355
f 4362/4362/4362 4360/4360/4360 4355/4355/4355
f 4361/4361/4361 4355/4355/4355 4359/4359/4359
f 4360/4360/4360 4349/4349/4349 4354/4354/4354
f 4355/4355/4355 4360/4360/4360 4354/4354/4354
f 4355/4355/4355 4358/4358/4358 4359/4359/4359
f 4353/4353/4353 4358/4358/4358 4355/4355/4355
f 4353/4353/4353 4356/4356/4356 4358/4358/4358
f 4352/4352/4352 4347/4347/4347 4357/4357/4357
f 4352/4352/4352 4357/4357/4357 4356/4356/4356
f 4352/4352/4352 4356/4356/4356 4353/4353/4353
f 4355/4355/4355 4354/4354/4354 4353/4353/4353
f 4349/4349/4349 4348/4348/4348 4354/4354/4354
f 4353/4353/4353 4354/4354/4354 4348/4348/4348
f 4348/4348/4348 4352/4352/4352 4353/4353/4353
f 4352/4352/4352 4345/4345/4345 4347/4347/4347
f 4352/4352/4352 4348/4348/4348 4345/4345/4345
f 4351/4351/4351 4343/4343/4343 4350/4350/4350
f 4349/4349/4349 4350/4350/4350 4343/4343/4343
f 4343/4343/4343 4348/4348/4348 4349/4349/4349
f 4348/4348/4348 4343/4343/4343 4345/4345/4345
f 4347/4347/4347 4345/4345/4345 4346/4346/4346
f 4344/4344/4344 4346/4346/4346 4345/4345/4345
f 4343/4343/4343 4344/4344/4344 4345/4345/4345
f 4244/4244/4244 4251/4251/4251 4243/4243/4243
f 4251/4251/4251 4245/4245/4245 4243/4243/4243
f 4340/4340/4340 4342/4342/4342 2984/2984/2984
f 4339/4339/4339 4342/4342/4342 4340/4340/4340
f 4339/4339/4339 4338/4338/4338 4342/4342/4342
f 2984/2984/2984 2983/2983/2983 4340/4340/4340
f 2983/2983/2983 3137/3137/3137 4197/4197/4197
f 4341/4341/4341 4197/4197/4197 4245/4245/4245
f 4197/4197/4197 4341/4341/4341 2983/2983/2983
f 4340/4340/4340 2983/2983/2983 4341/4341/4341
f 4340/4340/4340 4341/4341/4341 4245/4245/4245
f 4245/4245/4245 4339/4339/4339 4340/4340/4340
f 4339/4339/4339 4245/4245/4245 4251/4251/4251
f 4338/4338/4338 4339/4339/4339 4251/4251/4251
f 4337/4337/4337 4338/4338/4338 4251/4251/4251
f 4337/4337/4337 4251/4251/4251 4249/4249/4249
f 4250/4250/4250 4335/4335/4335 4249/4249/4249
f 4249/4249/4249 4336/4336/4336 4337/4337/4337
f 4335/4335/4335 4336/4336/4336 4249/4249/4249
f 4333/4333/4333 4330/4330/4330 4334/4334/4334
f 4328/4328/4328 4330/4330/4330 4333/4333/4333
f 4328/4328/4328 4332/4332/4332 4331/4331/4331
f 4328/4328/4328 4331/4331/4331 4329/4329/4329
f 4328/4328/4328 4329/4329/4329 4330/4330/4330
f 4306/4306/4306 4327/4327/4327 124/124/124
f 4326/4326/4326 124/124/124 4327/4327/4327
f 2312/2312/2312 2323/2323/2323 2303/2303/2303
f 2323/2323/2323 2304/2304/2304 2303/2303/2303
f 884/884/884 4322/4322/4322 885/885/885
f 4323/4323/4323 4325/4325/4325 4321/4321/4321
f 4324/4324/4324 4325/4325/4325 4323/4323/4323
f 4324/4324/4324 4323/4323/4323 4320/4320/4320
f 4323/4323/4323 4321/4321/4321 4320/4320/4320
f 884/884/884 887/887/887 4322/4322/4322
f 887/887/887 4320/4320/4320 4322/4322/4322
f 4320/4320/4320 4321/4321/4321 4322/4322/4322
f 4319/4319/4319 4311/4311/4311 4313/4313/4313
f 4314/4314/4314 4318/4318/4318 4312/4312/4312
f 4315/4315/4315 4316/4316/4316 4317/4317/4317
f 4315/4315/4315 4310/4310/4310 4316/4316/4316
f 4310/4310/4310 4315/4315/4315 4313/4313/4313
f 4312/4312/4312 4311/4311/4311 4314/4314/4314
f 4310/4310/4310 4313/4313/4313 4311/4311/4311
f 4310/4310/4310 4311/4311/4311 4312/4312/4312
f 4308/4308/4308 4309/4309/4309 4286/4286/4286
f 4286/4286/4286 4288/4288/4288 4308/4308/4308
f 4296/4296/4296 4302/4302/4302 4307/4307/4307
f 874/874/874 4306/4306/4306 124/124/124
f 4285/4285/4285 4286/4286/4286 4306/4306/4306
f 4285/4285/4285 4306/4306/4306 874/874/874
f 4303/4303/4303 4305/4305/4305 4301/4301/4301
f 4303/4303/4303 4290/4290/4290 4305/4305/4305
f 4305/4305/4305 4284/4284/4284 4301/4301/4301
f 4284/4284/4284 4305/4305/4305 4290/4290/4290
f 4298/4298/4298 4292/4292/4292 4304/4304/4304
f 4295/4295/4295 4290/4290/4290 4303/4303/4303
f 4293/4293/4293 4302/4302/4302 4296/4296/4296
f 4301/4301/4301 4284/4284/4284 4300/4300/4300
f 4299/4299/4299 4300/4300/4300 4284/4284/4284
f 4284/4284/4284 4282/4282/4282 4299/4299/4299
f 4297/4297/4297 4299/4299/4299 4282/4282/4282
f 4292/4292/4292 4298/4298/4298 4281/4281/4281
f 4298/4298/4298 4297/4297/4297 4281/4281/4281
f 4282/4282/4282 4281/4281/4281 4297/4297/4297
f 4296/4296/4296 4288/4288/4288 4293/4293/4293
f 4290/4290/4290 4295/4295/4295 4287/4287/4287
f 4295/4295/4295 4294/4294/4294 4287/4287/4287
f 4293/4293/4293 4289/4289/4289 4294/4294/4294
f 4294/4294/4294 4289/4289/4289 4287/4287/4287
f 4293/4293/4293 4288/4288/4288 4289/4289/4289
f 4292/4292/4292 4281/4281/4281 4291/4291/4291
f 874/874/874 875/875/875 4021/4021/4021
f 4021/4021/4021 4285/4285/4285 874/874/874
f 4291/4291/4291 4281/4281/4281 4283/4283/4283
f 4290/4290/4290 4277/4277/4277 4284/4284/4284
f 4287/4287/4287 4277/4277/4277 4290/4290/4290
f 4287/4287/4287 4289/4289/4289 4288/4288/4288
f 4288/4288/4288 4286/4286/4286 4287/4287/4287
f 4287/4287/4287 4286/4286/4286 4277/4277/4277
f 4278/4278/4278 4021/4021/4021 4022/4022/4022
f 4285/4285/4285 4021/4021/4021 4278/4278/4278
f 4286/4286/4286 4285/4285/4285 4277/4277/4277
f 4277/4277/4277 4285/4285/4285 4278/4278/4278
f 4284/4284/4284 4279/4279/4279 4282/4282/4282
f 4279/4279/4279 4284/4284/4284 4277/4277/4277
f 4281/4281/4281 4020/4020/4020 4283/4283/4283
f 4281/4281/4281 4282/4282/4282 4279/4279/4279
f 4279/4279/4279 4280/4280/4280 4281/4281/4281
f 4280/4280/4280 4020/4020/4020 4281/4281/4281
f 4020/4020/4020 4280/4280/4280 4022/4022/4022
f 4278/4278/4278 4022/4022/4022 4280/4280/4280
f 4280/4280/4280 4279/4279/4279 4278/4278/4278
f 4277/4277/4277 4278/4278/4278 4279/4279/4279
f 2052/2052/2052 2051/2051/2051 4275/4275/4275
f 4276/4276/4276 4275/4275/4275 4274/4274/4274
f 2051/2051/2051 4274/4274/4274 4275/4275/4275
f 4266/4266/4266 4268/4268/4268 4273/4273/4273
f 4220/4220/4220 4266/4266/4266 4273/4273/4273
f 1874/1874/1874 4207/4207/4207 4272/4272/4272
f 4271/4271/4271 4246/4246/4246 4135/4135/4135
f 4223/4223/4223 4270/4270/4270 4132/4132/4132
f 4132/4132/4132 4270/4270/4270 4269/4269/4269
f 4234/4234/4234 4131/4131/4131 4269/4269/4269
f 4131/4131/4131 4132/4132/4132 4269/4269/4269
f 4268/4268/4268 4266/4266/4266 4267/4267/4267
f 4266/4266/4266 4265/4265/4265 4267/4267/4267
f 4266/4266/4266 4220/4220/4220 4265/4265/4265
f 4219/4219/4219 4265/4265/4265 4220/4220/4220
f 4240/4240/4240 4264/4264/4264 4239/4239/4239
f 4223/4223/4223 4262/4262/4262 4263/4263/4263
f 4223/4223/4223 4224/4224/4224 4262/4262/4262
f 4261/4261/4261 4255/4255/4255 4256/4256/4256
f 4261/4261/4261 4204/4204/4204 4255/4255/4255
f 4259/4259/4259 4257/4257/4257 4260/4260/4260
f 4257/4257/4257 4259/4259/4259 4258/4258/4258
f 4258/4258/4258 4256/4256/4256 4257/4257/4257
f 4254/4254/4254 4241/4241/4241 4257/4257/4257
f 4256/4256/4256 4254/4254/4254 4257/4257/4257
f 4256/4256/4256 4255/4255/4255 4254/4254/4254
f 4204/4204/4204 4128/4128/4128 4255/4255/4255
f 4255/4255/4255 4128/4128/4128 4254/4254/4254
f 4254/4254/4254 4128/4128/4128 4127/4127/4127
f 4127/4127/4127 4241/4241/4241 4254/4254/4254
f 4143/4143/4143 4238/4238/4238 4253/4253/4253
f 4143/4143/4143 4253/4253/4253 4216/4216/4216
f 4247/4247/4247 4203/4203/4203 4252/4252/4252
f 4248/4248/4248 4247/4247/4247 4252/4252/4252
f 4249/4249/4249 4251/4251/4251 4244/4244/4244
f 4248/4248/4248 4250/4250/4250 4249/4249/4249
f 4249/4249/4249 4244/4244/4244 4248/4248/4248
f 4248/4248/4248 4244/4244/4244 4247/4247/4247
f 4244/4244/4244 4202/4202/4202 4247/4247/4247
f 4247/4247/4247 4202/4202/4202 4203/4203/4203
f 4229/4229/4229 4246/4246/4246 4234/4234/4234
f 4226/4226/4226 4246/4246/4246 4229/4229/4229
f 4226/4226/4226 4138/4138/4138 4246/4246/4246
f 4135/4135/4135 4246/4246/4246 4138/4138/4138
f 4245/4245/4245 4197/4197/4197 4193/4193/4193
f 4245/4245/4245 4193/4193/4193 4190/4190/4190
f 4190/4190/4190 4243/4243/4243 4245/4245/4245
f 4202/4202/4202 4244/4244/4244 4243/4243/4243
f 4202/4202/4202 4243/4243/4243 4190/4190/4190
f 4145/4145/4145 4142/4142/4142 4242/4242/4242
f 4217/4217/4217 4242/4242/4242 4142/4142/4142
f 4205/4205/4205 4207/4207/4207 1874/1874/1874
f 1874/1874/1874 1873/1873/1873 4205/4205/4205
f 4118/4118/4118 4241/4241/4241 4110/4110/4110
f 4111/4111/4111 4110/4110/4110 4241/4241/4241
f 4241/4241/4241 4127/4127/4127 4111/4111/4111
f 4231/4231/4231 4232/4232/4232 4240/4240/4240
f 4240/4240/4240 4239/4239/4239 4231/4231/4231
f 4144/4144/4144 4238/4238/4238 4143/4143/4143
f 4236/4236/4236 4231/4231/4231 4239/4239/4239
f 4238/4238/4238 4144/4144/4144 4137/4137/4137
f 4238/4238/4238 4137/4137/4137 4237/4237/4237
f 4137/4137/4137 4227/4227/4227 4237/4237/4237
f 4237/4237/4237 4227/4227/4227 4235/4235/4235
f 4236/4236/4236 4228/4228/4228 4231/4231/4231
f 4235/4235/4235 4228/4228/4228 4236/4236/4236
f 4227/4227/4227 4228/4228/4228 4235/4235/4235
f 4229/4229/4229 4234/4234/4234 4233/4233/4233
f 4233/4233/4233 4230/4230/4230 4229/4229/4229
f 4231/4231/4231 4230/4230/4230 4232/4232/4232
f 4228/4228/4228 4230/4230/4230 4231/4231/4231
f 4229/4229/4229 4230/4230/4230 4228/4228/4228
f 4228/4228/4228 4226/4226/4226 4229/4229/4229
f 4226/4226/4226 4228/4228/4228 4227/4227/4227
f 4137/4137/4137 4226/4226/4226 4227/4227/4227
f 4138/4138/4138 4226/4226/4226 4137/4137/4137
f 4133/4133/4133 4134/4134/4134 4225/4225/4225
f 4133/4133/4133 4225/4225/4225 4222/4222/4222
f 4222/4222/4222 4225/4225/4225 4224/4224/4224
f 4224/4224/4224 4223/4223/4223 4222/4222/4222
f 4222/4222/4222 4223/4223/4223 4132/4132/4132
f 4222/4222/4222 4132/4132/4132 4133/4133/4133
f 4221/4221/4221 4218/4218/4218 4204/4204/4204
f 4220/4220/4220 4208/4208/4208 4219/4219/4219
f 4219/4219/4219 4209/4209/4209 4214/4214/4214
f 4209/4209/4209 4219/4219/4219 4208/4208/4208
f 4211/4211/4211 4218/4218/4218 4214/4214/4214
f 4211/4211/4211 4204/4204/4204 4218/4218/4218
f 4142/4142/4142 4216/4216/4216 4217/4217/4217
f 4142/4142/4142 4143/4143/4143 4216/4216/4216
f 4185/4185/4185 4179/4179/4179 4215/4215/4215
f 1873/1873/1873 4215/4215/4215 4179/4179/4179
f 4209/4209/4209 4211/4211/4211 4214/4214/4214
f 4213/4213/4213 4165/4165/4165 4185/4185/4185
f 4166/4166/4166 4165/4165/4165 4213/4213/4213
f 4213/4213/4213 4183/4183/4183 4166/4166/4166
f 4107/4107/4107 4212/4212/4212 4105/4105/4105
f 4108/4108/4108 4105/4105/4105 4212/4212/4212
f 4206/4206/4206 4211/4211/4211 4209/4209/4209
f 4206/4206/4206 4201/4201/4201 4211/4211/4211
f 3719/3719/3719 4201/4201/4201 4206/4206/4206
f 3719/3719/3719 3718/3718/3718 4201/4201/4201
f 4157/4157/4157 4204/4204/4204 4211/4211/4211
f 4201/4201/4201 4157/4157/4157 4211/4211/4211
f 4203/4203/4203 4195/4195/4195 4210/4210/4210
f 4210/4210/4210 4184/4184/4184 4200/4200/4200
f 4195/4195/4195 4184/4184/4184 4210/4210/4210
f 4191/4191/4191 4197/4197/4197 3137/3137/3137
f 4194/4194/4194 3137/3137/3137 3135/3135/3135
f 4191/4191/4191 3137/3137/3137 4194/4194/4194
f 4206/4206/4206 4209/4209/4209 4208/4208/4208
f 4208/4208/4208 4207/4207/4207 4206/4206/4206
f 4207/4207/4207 4205/4205/4205 4206/4206/4206
f 4205/4205/4205 3719/3719/3719 4206/4206/4206
f 1873/1873/1873 4180/4180/4180 4205/4205/4205
f 4180/4180/4180 3719/3719/3719 4205/4205/4205
f 4180/4180/4180 3717/3717/3717 3719/3719/3719
f 4155/4155/4155 4128/4128/4128 4204/4204/4204
f 4204/4204/4204 4157/4157/4157 4155/4155/4155
f 4195/4195/4195 4203/4203/4203 4192/4192/4192
f 4203/4203/4203 4202/4202/4202 4192/4192/4192
f 4192/4192/4192 4202/4202/4202 4190/4190/4190
f 3717/3717/3717 4151/4151/4151 3718/3718/3718
f 3718/3718/3718 4151/4151/4151 4201/4201/4201
f 4201/4201/4201 4151/4151/4151 4157/4157/4157
f 4182/4182/4182 3128/3128/3128 4160/4160/4160
f 3128/3128/3128 4182/4182/4182 3123/3123/3123
f 3125/3125/3125 3123/3123/3123 3138/3138/3138
f 3138/3138/3138 3123/3123/3123 4182/4182/4182
f 44/44/44 45/45/45 46/46/46
f 47/47/47 45/45/45 44/44/44
f 45/45/45 48/48/48 46/46/46
f 49/49/49 44/44/44 46/46/46
f 50/50/50 47/47/47 44/44/44
f 51/51/51 48/48/48 45/45/45
f 49/49/49 46/46/46 48/48/48
f 44/44/44 49/49/49 52/52/52
f 50/50/50 53/53/53 47/47/47
f 52/52/52 50/50/50 44/44/44
f 54/54/54 51/51/51 45/45/45
f 48/48/48 51/51/51 55/55/55
f 48/48/48 56/56/56 49/49/49
f 52/52/52 49/49/49 57/57/57
f 53/53/53 50/50/50 58/58/58
f 59/59/59 47/47/47 53/53/53
f 60/60/60 50/50/50 52/52/52
f 61/61/61 51/51/51 54/54/54
f 51/51/51 62/62/62 55/55/55
f 55/55/55 63/63/63 48/48/48
f 63/63/63 56/56/56 48/48/48
f 56/56/56 64/64/64 49/49/49
f 65/65/65 52/52/52 57/57/57
f 49/49/49 66/66/66 57/57/57
f 58/58/58 59/59/59 53/53/53
f 58/58/58 50/50/50 60/60/60
f 60/60/60 52/52/52 67/67/67
f 51/51/51 61/61/61 62/62/62
f 49/49/49 64/64/64 68/68/68
f 65/65/65 57/57/57 69/69/69
f 52/52/52 65/65/65 67/67/67
f 49/49/49 68/68/68 66/66/66
f 57/57/57 66/66/66 70/70/70
f 58/58/58 71/71/71 59/59/59
f 58/58/58 60/60/60 67/67/67
f 57/57/57 70/70/70 69/69/69
f 65/65/65 69/69/69 72/72/72
f 67/67/67 65/65/65 73/73/73
f 74/74/74 66/66/66 68/68/68
f 66/66/66 74/74/74 70/70/70
f 71/71/71 58/58/58 75/75/75
f 71/71/71 76/76/76 59/59/59
f 67/67/67 75/75/75 58/58/58
f 72/72/72 73/73/73 65/65/65
f 77/77/77 67/67/67 73/73/73
f 75/75/75 78/78/78 71/71/71
f 79/79/79 76/76/76 71/71/71
f 75/75/75 67/67/67 80/80/80
f 77/77/77 81/81/81 67/67/67
f 82/82/82 78/78/78 75/75/75
f 79/79/79 71/71/71 78/78/78
f 81/81/81 80/80/80 67/67/67
f 80/80/80 83/83/83 75/75/75
f 84/84/84 81/81/81 77/77/77
f 85/85/85 78/78/78 82/82/82
f 83/83/83 82/82/82 75/75/75
f 84/84/84 80/80/80 81/81/81
f 83/83/83 80/80/80 86/86/86
f 84/84/84 77/77/77 87/87/87
f 85/85/85 82/82/82 88/88/88
f 89/89/89 82/82/82 83/83/83
f 86/86/86 80/80/80 84/84/84
f 83/83/83 86/86/86 90/90/90
f 91/91/91 84/84/84 87/87/87
f 88/88/88 92/92/92 85/85/85
f 88/88/88 82/82/82 89/89/89
f 90/90/90 89/89/89 83/83/83
f 93/93/93 86/86/86 84/84/84
f 90/90/90 86/86/86 93/93/93
f 91/91/91 87/87/87 94/94/94
f 91/91/91 95/95/95 84/84/84
f 96/96/96 92/92/92 88/88/88
f 89/89/89 97/97/97 88/88/88
f 90/90/90 97/97/97 89/89/89
f 95/95/95 93/93/93 84/84/84
f 90/90/90 93/93/93 98/98/98
f 91/91/91 94/94/94 99/99/99
f 95/95/95 91/91/91 100/100/100
f 88/88/88 97/97/97 96/96/96
f 96/96/96 101/101/101 92/92/92
f 97/97/97 90/90/90 98/98/98
f 93/93/93 95/95/95 102/102/102
f 98/98/98 93/93/93 102/102/102
f 100/100/100 91/91/91 99/99/99
f 100/100/100 103/103/103 95/95/95
f 96/96/96 97/97/97 104/104/104
f 104/104/104 101/101/101 96/96/96
f 104/104/104 97/97/97 98/98/98
f 102/102/102 95/95/95 103/103/103
f 105/105/105 98/98/98 102/102/102
f 103/103/103 100/100/100 106/106/106
f 107/107/107 104/104/104 98/98/98
f 108/108/108 102/102/102 103/103/103
f 107/107/107 98/98/98 105/105/105
f 108/108/108 105/105/105 102/102/102
f 106/106/106 108/108/108 103/103/103
f 106/106/106 100/100/100 109/109/109
f 110/110/110 107/107/107 105/105/105
f 105/105/105 108/108/108 111/111/111
f 112/112/112 108/108/108 106/106/106
f 112/112/112 106/106/106 109/109/109
f 109/109/109 100/100/100 113/113/113
f 110/110/110 105/105/105 111/111/111
f 112/112/112 111/111/111 108/108/108
f 114/114/114 112/112/112 109/109/109
f 115/115/115 109/109/109 113/113/113
f 114/114/114 109/109/109 115/115/115
f 116/116/116 112/112/112 114/114/114
f 115/115/115 113/113/113 117/117/117
f 114/114/114 115/115/115 118/118/118
f 113/113/113 119/119/119 117/117/117
f 115/115/115 117/117/117 120/120/120
f 115/115/115 120/120/120 118/118/118
f 117/117/117 119/119/119 121/121/121
f 120/120/120 117/117/117 121/121/121
f 118/118/118 120/120/120 121/121/121
f 122/122/122 123/123/123 124/124/124
f 125/125/125 126/126/126 127/127/127
f 126/126/126 125/125/125 128/128/128
f 127/127/127 126/126/126 129/129/129
f 4199/4199/4199 4200/4200/4200 4184/4184/4184
f 128/128/128 125/125/125 130/130/130
f 128/128/128 129/129/129 126/126/126
f 129/129/129 131/131/131 127/127/127
f 4198/4198/4198 4199/4199/4199 4184/4184/4184
f 4184/4184/4184 4178/4178/4178 4198/4198/4198
f 128/128/128 130/130/130 133/133/133
f 4197/4197/4197 4191/4191/4191 4189/4189/4189
f 129/129/129 128/128/128 134/134/134
f 131/131/131 135/135/135 127/127/127
f 129/129/129 136/136/136 131/131/131
f 4189/4189/4189 4193/4193/4193 4197/4197/4197
f 127/127/127 137/137/137 132/132/132
f 138/138/138 133/133/133 130/130/130
f 128/128/128 133/133/133 134/134/134
f 4196/4196/4196 4176/4176/4176 4173/4173/4173
f 139/139/139 129/129/129 134/134/134
f 131/131/131 140/140/140 135/135/135
f 135/135/135 141/141/141 127/127/127
f 136/136/136 129/129/129 139/139/139
f 136/136/136 140/140/140 131/131/131
f 127/127/127 142/142/142 137/137/137
f 138/138/138 143/143/143 133/133/133
f 4175/4175/4175 4176/4176/4176 4196/4196/4196
f 134/134/134 133/133/133 144/144/144
f 139/139/139 134/134/134 145/145/145
f 146/146/146 135/135/135 140/140/140
f 141/141/141 142/142/142 127/127/127
f 147/147/147 141/141/141 135/135/135
f 139/139/139 148/148/148 136/136/136
f 149/149/149 140/140/140 136/136/136
f 143/143/143 138/138/138 150/150/150
f 143/143/143 144/144/144 133/133/133
f 4196/4196/4196 4178/4178/4178 4175/4175/4175
f 134/134/134 144/144/144 143/143/143
f 145/145/145 134/134/134 152/152/152
f 139/139/139 145/145/145 152/152/152
f 135/135/135 146/146/146 147/147/147
f 140/140/140 149/149/149 146/146/146
f 153/153/153 142/142/142 141/141/141
f 141/141/141 147/147/147 153/153/153
f 154/154/154 148/148/148 139/139/139
f 148/148/148 154/154/154 136/136/136
f 136/136/136 155/155/155 149/149/149
f 138/138/138 151/151/151 150/150/150
f 134/134/134 143/143/143 150/150/150
f 4184/4184/4184 4195/4195/4195 4187/4187/4187
f 152/152/152 134/134/134 157/157/157
f 158/158/158 139/139/139 152/152/152
f 147/147/147 146/146/146 159/159/159
f 160/160/160 146/146/146 149/149/149
f 153/153/153 161/161/161 142/142/142
f 159/159/159 153/153/153 147/147/147
f 139/139/139 162/162/162 154/154/154
f 163/163/163 136/136/136 154/154/154
f 155/155/155 136/136/136 163/163/163
f 164/164/164 149/149/149 155/155/155
f 150/150/150 151/151/151 165/165/165
f 150/150/150 157/157/157 134/134/134
f 151/151/151 156/156/156 165/165/165
f 152/152/152 157/157/157 150/150/150
f 158/158/158 152/152/152 166/166/166
f 162/162/162 139/139/139 158/158/158
f 167/167/167 159/159/159 146/146/146
f 146/146/146 160/160/160 167/167/167
f 149/149/149 168/168/168 160/160/160
f 169/169/169 161/161/161 153/153/153
f 159/159/159 170/170/170 153/153/153
f 154/154/154 162/162/162 171/171/171
f 154/154/154 172/172/172 163/163/163
f 155/155/155 163/163/163 172/172/172
f 168/168/168 149/149/149 164/164/164
f 173/173/173 164/164/164 155/155/155
f 150/150/150 165/165/165 174/174/174
f 165/165/165 156/156/156 175/175/175
f 150/150/150 176/176/176 152/152/152
f 166/166/166 152/152/152 177/177/177
f 158/158/158 166/166/166 178/178/178
f 158/158/158 171/171/171 162/162/162
f 167/167/167 170/170/170 159/159/159
f 160/160/160 179/179/179 167/167/167
f 160/160/160 168/168/168 179/179/179
f 161/161/161 169/169/169 180/180/180
f 153/153/153 170/170/170 169/169/169
f 181/181/181 154/154/154 171/171/171
f 154/154/154 181/181/181 172/172/172
f 182/182/182 155/155/155 172/172/172
f 164/164/164 173/173/173 168/168/168
f 155/155/155 183/183/183 173/173/173
f 165/165/165 184/184/184 174/174/174
f 174/174/174 185/185/185 150/150/150
f 165/165/165 175/175/175 184/184/184
f 176/176/176 150/150/150 186/186/186
f 152/152/152 176/176/176 177/177/177
f 178/178/178 166/166/166 177/177/177
f 187/187/187 158/158/158 178/178/178
f 158/158/158 188/188/188 171/171/171
f 167/167/167 189/189/189 170/170/170
f 179/179/179 189/189/189 167/167/167
f 190/190/190 179/179/179 168/168/168
f 169/169/169 191/191/191 180/180/180
f 4195/4195/4195 4192/4192/4192 4187/4187/4187
f 170/170/170 192/192/192 169/169/169
f 171/171/171 193/193/193 181/181/181
f 194/194/194 172/172/172 181/181/181
f 182/182/182 183/183/183 155/155/155
f 195/195/195 182/182/182 172/172/172
f 173/173/173 196/196/196 168/168/168
f 196/196/196 173/173/173 183/183/183
f 197/197/197 174/174/174 184/184/184
f 198/198/198 185/185/185 174/174/174
f 186/186/186 150/150/150 185/185/185
f 184/184/184 175/175/175 199/199/199
f 177/177/177 176/176/176 186/186/186
f 200/200/200 178/178/178 177/177/177
f 187/187/187 178/178/178 200/200/200
f 188/188/188 158/158/158 187/187/187
f 188/188/188 201/201/201 171/171/171
f 189/189/189 202/202/202 170/170/170
f 203/203/203 189/189/189 179/179/179
f 204/204/204 190/190/190 168/168/168
f 205/205/205 179/179/179 190/190/190
f 180/180/180 191/191/191 206/206/206
f 169/169/169 207/207/207 191/191/191
f 4194/4194/4194 3135/3135/3135 3138/3138/3138
f 170/170/170 207/207/207 192/192/192
f 169/169/169 192/192/192 207/207/207
f 193/193/193 171/171/171 201/201/201
f 194/194/194 181/181/181 193/193/193
f 208/208/208 172/172/172 194/194/194
f 182/182/182 209/209/209 183/183/183
f 195/195/195 172/172/172 208/208/208
f 195/195/195 210/210/210 182/182/182
f 211/211/211 168/168/168 196/196/196
f 211/211/211 196/196/196 183/183/183
f 174/174/174 197/197/197 212/212/212
f 199/199/199 197/197/197 184/184/184
f 185/185/185 198/198/198 213/213/213
f 198/198/198 174/174/174 214/214/214
f 186/186/186 185/185/185 213/213/213
f 1873/1873/1873 4179/4179/4179 4180/4180/4180
f 177/177/177 186/186/186 215/215/215
f 200/200/200 177/177/177 216/216/216
f 187/187/187 200/200/200 217/217/217
f 201/201/201 188/188/188 187/187/187
f 202/202/202 207/207/207 170/170/170
f 218/218/218 202/202/202 189/189/189
f 203/203/203 219/219/219 189/189/189
f 205/205/205 203/203/203 179/179/179
f 190/190/190 204/204/204 220/220/220
f 204/204/204 168/168/168 211/211/211
f 221/221/221 205/205/205 190/190/190
f 207/207/207 206/206/206 191/191/191
f 3138/3138/3138 4172/4172/4172 4194/4194/4194
f 201/201/201 222/222/222 193/193/193
f 222/222/222 194/194/194 193/193/193
f 208/208/208 194/194/194 222/222/222
f 209/209/209 182/182/182 210/210/210
f 209/209/209 223/223/223 183/183/183
f 195/195/195 208/208/208 222/222/222
f 195/195/195 224/224/224 210/210/210
f 183/183/183 223/223/223 211/211/211
f 197/197/197 199/199/199 212/212/212
f 174/174/174 212/212/212 225/225/225
f 213/213/213 198/198/198 214/214/214
f 214/214/214 174/174/174 226/226/226
f 213/213/213 215/215/215 186/186/186
f 4191/4191/4191 4194/4194/4194 4186/4186/4186
f 216/216/216 177/177/177 215/215/215
f 200/200/200 216/216/216 217/217/217
f 227/227/227 187/187/187 217/217/217
f 187/187/187 228/228/228 201/201/201
f 202/202/202 206/206/206 207/207/207
f 202/202/202 218/218/218 229/229/229
f 219/219/219 218/218/218 189/189/189
f 230/230/230 219/219/219 203/203/203
f 231/231/231 203/203/203 205/205/205
f 220/220/220 221/221/221 190/190/190
f 204/204/204 232/232/232 220/220/220
f 211/211/211 223/223/223 204/204/204
f 221/221/221 231/231/231 205/205/205
f 4186/4186/4186 4194/4194/4194 4172/4172/4172
f 222/222/222 201/201/201 228/228/228
f 210/210/210 233/233/233 209/209/209
f 209/209/209 234/234/234 223/223/223
f 235/235/235 195/195/195 222/222/222
f 224/224/224 195/195/195 236/236/236
f 233/233/233 210/210/210 224/224/224
f 225/225/225 212/212/212 237/237/237
f 225/225/225 226/226/226 174/174/174
f 214/214/214 238/238/238 213/213/213
f 225/225/225 214/214/214 226/226/226
f 215/215/215 213/213/213 238/238/238
f 4190/4190/4190 4193/4193/4193 4189/4189/4189
f 216/216/216 215/215/215 239/239/239
f 217/217/217 216/216/216 239/239/239
f 240/240/240 227/227/227 217/217/217
f 227/227/227 240/240/240 187/187/187
f 228/228/228 187/187/187 240/240/240
f 4187/4187/4187 4192/4192/4192 4188/4188/4188
f 202/202/202 229/229/229 241/241/241
f 218/218/218 219/219/219 229/229/229
f 230/230/230 229/229/229 219/219/219
f 242/242/242 230/230/230 203/203/203
f 231/231/231 242/242/242 203/203/203
f 243/243/243 221/221/221 220/220/220
f 232/232/232 204/204/204 234/234/234
f 243/243/243 220/220/220 232/232/232
f 234/234/234 204/204/204 223/223/223
f 244/244/244 231/231/231 221/221/221
f 4192/4192/4192 4190/4190/4190 4188/4188/4188
f 4186/4186/4186 4189/4189/4189 4191/4191/4191
f 245/245/245 222/222/222 228/228/228
f 233/233/233 246/246/246 209/209/209
f 246/246/246 234/234/234 209/209/209
f 235/235/235 222/222/222 247/247/247
f 236/236/236 195/195/195 235/235/235
f 248/248/248 224/224/224 236/236/236
f 224/224/224 248/248/248 233/233/233
f 225/225/225 237/237/237 249/249/249
f 237/237/237 212/212/212 250/250/250
f 238/238/238 214/214/214 251/251/251
f 214/214/214 225/225/225 252/252/252
f 215/215/215 238/238/238 251/251/251
f 4190/4190/4190 4189/4189/4189 4188/4188/4188
f 239/239/239 215/215/215 254/254/254
f 255/255/255 217/217/217 239/239/239
f 240/240/240 217/217/217 256/256/256
f 240/240/240 257/257/257 228/228/228
f 4188/4188/4188 4189/4189/4189 4186/4186/4186
f 258/258/258 241/241/241 229/229/229
f 258/258/258 229/229/229 230/230/230
f 242/242/242 258/258/258 230/230/230
f 259/259/259 242/242/242 231/231/231
f 243/243/243 244/244/244 221/221/221
f 260/260/260 232/232/232 234/234/234
f 232/232/232 260/260/260 243/243/243
f 244/244/244 259/259/259 231/231/231
f 4188/4188/4188 4186/4186/4186 4187/4187/4187
f 4184/4184/4184 4187/4187/4187 4174/4174/4174
f 245/245/245 261/261/261 222/222/222
f 228/228/228 262/262/262 245/245/245
f 233/233/233 263/263/263 246/246/246
f 264/264/264 234/234/234 246/246/246
f 247/247/247 222/222/222 261/261/261
f 262/262/262 235/235/235 247/247/247
f 236/236/236 235/235/235 265/265/265
f 236/236/236 266/266/266 248/248/248
f 248/248/248 267/267/267 233/233/233
f 249/249/249 268/268/268 225/225/225
f 250/250/250 249/249/249 237/237/237
f 212/212/212 253/253/253 250/250/250
f 251/251/251 214/214/214 269/269/269
f 252/252/252 225/225/225 268/268/268
f 269/269/269 214/214/214 252/252/252
f 251/251/251 254/254/254 215/215/215
f 4187/4187/4187 4186/4186/4186 4174/4174/4174
f 254/254/254 271/271/271 239/239/239
f 255/255/255 239/239/239 271/271/271
f 256/256/256 217/217/217 255/255/255
f 272/272/272 240/240/240 256/256/256
f 257/257/257 240/240/240 273/273/273
f 274/274/274 228/228/228 257/257/257
f 4174/4174/4174 4186/4186/4186 4172/4172/4172
f 276/276/276 241/241/241 258/258/258
f 277/277/277 258/258/258 242/242/242
f 242/242/242 259/259/259 277/277/277
f 278/278/278 244/244/244 243/243/243
f 279/279/279 260/260/260 234/234/234
f 278/278/278 243/243/243 260/260/260
f 280/280/280 259/259/259 244/244/244
f 4159/4159/4159 4151/4151/4151 3717/3717/3717
f 4180/4180/4180 4159/4159/4159 3717/3717/3717
f 4185/4185/4185 4164/4164/4164 4179/4179/4179
f 4185/4185/4185 4165/4165/4165 4164/4164/4164
f 262/262/262 261/261/261 245/245/245
f 228/228/228 281/281/281 262/262/262
f 282/282/282 263/263/263 233/233/233
f 263/263/263 264/264/264 246/246/246
f 234/234/234 264/264/264 279/279/279
f 247/247/247 261/261/261 262/262/262
f 265/265/265 235/235/235 262/262/262
f 267/267/267 248/248/248 266/266/266
f 283/283/283 233/233/233 267/267/267
f 268/268/268 249/249/249 284/284/284
f 284/284/284 249/249/249 250/250/250
f 250/250/250 253/253/253 270/270/270
f 251/251/251 269/269/269 285/285/285
f 284/284/284 252/252/252 268/268/268
f 269/269/269 252/252/252 285/285/285
f 254/254/254 251/251/251 285/285/285
f 4172/4172/4172 3138/3138/3138 4182/4182/4182
f 286/286/286 271/271/271 254/254/254
f 286/286/286 255/255/255 271/271/271
f 286/286/286 256/256/256 255/255/255
f 272/272/272 256/256/256 287/287/287
f 273/273/273 240/240/240 272/272/272
f 288/288/288 257/257/257 273/273/273
f 257/257/257 288/288/288 274/274/274
f 281/281/281 228/228/228 274/274/274
f 4178/4178/4178 4184/4184/4184 4174/4174/4174
f 289/289/289 275/275/275 241/241/241
f 241/241/241 276/276/276 289/289/289
f 277/277/277 276/276/276 258/258/258
f 290/290/290 277/277/277 259/259/259
f 291/291/291 244/244/244 278/278/278
f 279/279/279 278/278/278 260/260/260
f 259/259/259 280/280/280 290/290/290
f 291/291/291 280/280/280 244/244/244
f 4167/4167/4167 4166/4166/4166 4183/4183/4183
f 4183/4183/4183 4169/4169/4169 4167/4167/4167
f 4182/4182/4182 4160/4160/4160 4161/4161/4161
f 4177/4177/4177 4182/4182/4182 4161/4161/4161
f 4182/4182/4182 4177/4177/4177 4172/4172/4172
f 265/265/265 262/262/262 281/281/281
f 263/263/263 282/282/282 292/292/292
f 292/292/292 282/282/282 233/233/233
f 293/293/293 264/264/264 263/263/263
f 294/294/294 279/279/279 264/264/264
f 295/295/295 233/233/233 283/283/283
f 295/295/295 283/283/283 267/267/267
f 284/284/284 250/250/250 296/296/296
f 297/297/297 250/250/250 270/270/270
f 298/298/298 252/252/252 284/284/284
f 285/285/285 252/252/252 298/298/298
f 286/286/286 254/254/254 285/285/285
f 4168/4168/4168 4169/4169/4169 4181/4181/4181
f 4181/4181/4181 4173/4173/4173 4168/4168/4168
f 287/287/287 256/256/256 286/286/286
f 287/287/287 299/299/299 272/272/272
f 272/272/272 300/300/300 273/273/273
f 301/301/301 288/288/288 273/273/273
f 301/301/301 274/274/274 288/288/288
f 302/302/302 281/281/281 274/274/274
f 4180/4180/4180 4162/4162/4162 4159/4159/4159
f 275/275/275 289/289/289 303/303/303
f 304/304/304 289/289/289 276/276/276
f 277/277/277 304/304/304 276/276/276
f 305/305/305 277/277/277 290/290/290
f 278/278/278 306/306/306 291/291/291
f 307/307/307 278/278/278 279/279/279
f 280/280/280 308/308/308 290/290/290
f 308/308/308 280/280/280 291/291/291
f 4179/4179/4179 4162/4162/4162 4180/4180/4180
f 4179/4179/4179 4164/4164/4164 4162/4162/4162
f 4178/4178/4178 4174/4174/4174 4175/4175/4175
f 4172/4172/4172 4177/4177/4177 4170/4170/4170
f 265/265/265 281/281/281 302/302/302
f 309/309/309 263/263/263 292/292/292
f 292/292/292 233/233/233 295/295/295
f 264/264/264 293/293/293 294/294/294
f 310/310/310 293/293/293 263/263/263
f 279/279/279 294/294/294 307/307/307
f 267/267/267 311/311/311 295/295/295
f 297/297/297 296/296/296 250/250/250
f 284/284/284 296/296/296 298/298/298
f 285/285/285 298/298/298 312/312/312
f 285/285/285 313/313/313 286/286/286
f 4170/4170/4170 4177/4177/4177 4161/4161/4161
f 4173/4173/4173 4176/4176/4176 4171/4171/4171
f 287/287/287 286/286/286 313/313/313
f 299/299/299 287/287/287 315/315/315
f 300/300/300 272/272/272 299/299/299
f 300/300/300 301/301/301 273/273/273
f 316/316/316 274/274/274 301/301/301
f 316/316/316 302/302/302 274/274/274
f 4176/4176/4176 4175/4175/4175 4171/4171/4171
f 4174/4174/4174 4171/4171/4171 4175/4175/4175
f 317/317/317 303/303/303 289/289/289
f 318/318/318 289/289/289 304/304/304
f 304/304/304 277/277/277 319/319/319
f 277/277/277 305/305/305 320/320/320
f 305/305/305 290/290/290 308/308/308
f 278/278/278 307/307/307 306/306/306
f 321/321/321 291/291/291 306/306/306
f 322/322/322 308/308/308 291/291/291
f 4171/4171/4171 4174/4174/4174 4172/4172/4172
f 4171/4171/4171 4168/4168/4168 4173/4173/4173
f 4172/4172/4172 4170/4170/4170 4171/4171/4171
f 323/323/323 265/265/265 302/302/302
f 292/292/292 324/324/324 309/309/309
f 325/325/325 263/263/263 309/309/309
f 311/311/311 292/292/292 295/295/295
f 310/310/310 294/294/294 293/293/293
f 263/263/263 325/325/325 310/310/310
f 310/310/310 307/307/307 294/294/294
f 314/314/314 296/296/296 297/297/297
f 296/296/296 312/312/312 298/298/298
f 285/285/285 312/312/312 326/326/326
f 327/327/327 313/313/313 285/285/285
f 4171/4171/4171 4170/4170/4170 4168/4168/4168
f 4170/4170/4170 4161/4161/4161 4168/4168/4168
f 313/313/313 315/315/315 287/287/287
f 315/315/315 328/328/328 299/299/299
f 299/299/299 329/329/329 300/300/300
f 329/329/329 301/301/301 300/300/300
f 330/330/330 316/316/316 301/301/301
f 302/302/302 316/316/316 331/331/331
f 4169/4169/4169 4168/4168/4168 4167/4167/4167
f 4167/4167/4167 4168/4168/4168 4161/4161/4161
f 303/303/303 317/317/317 333/333/333
f 289/289/289 318/318/318 317/317/317
f 334/334/334 318/318/318 304/304/304
f 319/319/319 334/334/334 304/304/304
f 320/320/320 319/319/319 277/277/277
f 335/335/335 320/320/320 305/305/305
f 308/308/308 322/322/322 305/305/305
f 336/336/336 306/306/306 307/307/307
f 321/321/321 322/322/322 291/291/291
f 337/337/337 321/321/321 306/306/306
f 4161/4161/4161 4163/4163/4163 4167/4167/4167
f 4166/4166/4166 4167/4167/4167 4163/4163/4163
f 4165/4165/4165 4166/4166/4166 4163/4163/4163
f 331/331/331 323/323/323 302/302/302
f 324/324/324 292/292/292 338/338/338
f 324/324/324 339/339/339 309/309/309
f 339/339/339 325/325/325 309/309/309
f 311/311/311 338/338/338 292/292/292
f 340/340/340 310/310/310 325/325/325
f 336/336/336 307/307/307 310/310/310
f 296/296/296 314/314/314 341/341/341
f 312/312/312 296/296/296 342/342/342
f 326/326/326 343/343/343 285/285/285
f 342/342/342 326/326/326 312/312/312
f 327/327/327 344/344/344 313/313/313
f 327/327/327 285/285/285 343/343/343
f 4163/4163/4163 4164/4164/4164 4165/4165/4165
f 4163/4163/4163 4162/4162/4162 4164/4164/4164
f 315/315/315 313/313/313 345/345/345
f 328/328/328 315/315/315 346/346/346
f 347/347/347 299/299/299 328/328/328
f 329/329/329 299/299/299 348/348/348
f 330/330/330 301/301/301 329/329/329
f 331/331/331 316/316/316 330/330/330
f 4163/4163/4163 4161/4161/4161 4162/4162/4162
f 4162/4162/4162 4161/4161/4161 4159/4159/4159
f 333/333/333 332/332/332 303/303/303
f 349/349/349 333/333/333 317/317/317
f 334/334/334 317/317/317 318/318/318
f 319/319/319 317/317/317 334/334/334
f 350/350/350 319/319/319 320/320/320
f 320/320/320 335/335/335 351/351/351
f 305/305/305 322/322/322 335/335/335
f 336/336/336 337/337/337 306/306/306
f 352/352/352 322/322/322 321/321/321
f 337/337/337 352/352/352 321/321/321
f 4160/4160/4160 4159/4159/4159 4161/4161/4161
f 4159/4159/4159 4156/4156/4156 4151/4151/4151
f 4159/4159/4159 4160/4160/4160 4158/4158/4158
f 4159/4159/4159 4158/4158/4158 4156/4156/4156
f 323/323/323 331/331/331 353/353/353
f 338/338/338 354/354/354 324/324/324
f 324/324/324 355/355/355 339/339/339
f 339/339/339 356/356/356 325/325/325
f 354/354/354 338/338/338 311/311/311
f 310/310/310 340/340/340 357/357/357
f 356/356/356 340/340/340 325/325/325
f 358/358/358 336/336/336 310/310/310
f 341/341/341 342/342/342 296/296/296
f 341/341/341 314/314/314 359/359/359
f 326/326/326 360/360/360 343/343/343
f 326/326/326 342/342/342 361/361/361
f 344/344/344 327/327/327 362/362/362
f 313/313/313 344/344/344 362/362/362
f 343/343/343 363/363/363 327/327/327
f 4158/4158/4158 4154/4154/4154 4156/4156/4156
f 4151/4151/4151 4155/4155/4155 4157/4157/4157
f 362/362/362 345/345/345 313/313/313
f 346/346/346 315/315/315 345/345/345
f 364/364/364 328/328/328 346/346/346
f 347/347/347 328/328/328 364/364/364
f 348/348/348 299/299/299 347/347/347
f 365/365/365 329/329/329 348/348/348
f 329/329/329 366/366/366 330/330/330
f 330/330/330 353/353/353 331/331/331
f 4156/4156/4156 4154/4154/4154 4150/4150/4150
f 4156/4156/4156 4150/4150/4150 4151/4151/4151
f 333/333/333 349/349/349 367/367/367
f 349/349/349 317/317/317 319/319/319
f 319/319/319 350/350/350 368/368/368
f 369/369/369 350/350/350 320/320/320
f 351/351/351 369/369/369 320/320/320
f 370/370/370 351/351/351 335/335/335
f 335/335/335 322/322/322 352/352/352
f 358/358/358 337/337/337 336/336/336
f 371/371/371 352/352/352 337/337/337
f 4128/4128/4128 4155/4155/4155 4104/4104/4104
f 4155/4155/4155 4149/4149/4149 4104/4104/4104
f 4149/4149/4149 4155/4155/4155 4151/4151/4151
f 4154/4154/4154 4152/4152/4152 4150/4150/4150
f 4148/4148/4148 4153/4153/4153 4147/4147/4147
f 372/372/372 324/324/324 354/354/354
f 355/355/355 324/324/324 372/372/372
f 355/355/355 373/373/373 339/339/339
f 374/374/374 356/356/356 339/339/339
f 354/354/354 311/311/311 375/375/375
f 310/310/310 357/357/357 358/358/358
f 376/376/376 357/357/357 340/340/340
f 356/356/356 376/376/376 340/340/340
f 342/342/342 341/341/341 377/377/377
f 341/341/341 359/359/359 378/378/378
f 4152/4152/4152 4153/4153/4153 4148/4148/4148
f 360/360/360 326/326/326 379/379/379
f 380/380/380 343/343/343 360/360/360
f 326/326/326 361/361/361 379/379/379
f 377/377/377 361/361/361 342/342/342
f 362/362/362 327/327/327 380/380/380
f 363/363/363 343/343/343 380/380/380
f 327/327/327 363/363/363 380/380/380
f 4150/4150/4150 4152/4152/4152 4148/4148/4148
f 4151/4151/4151 4150/4150/4150 4149/4149/4149
f 345/345/345 362/362/362 381/381/381
f 346/346/346 345/345/345 382/382/382
f 364/364/364 346/346/346 382/382/382
f 348/348/348 347/347/347 364/364/364
f 365/365/365 348/348/348 364/364/364
f 365/365/365 383/383/383 329/329/329
f 383/383/383 366/366/366 329/329/329
f 366/366/366 384/384/384 330/330/330
f 353/353/353 330/330/330 384/384/384
f 4148/4148/4148 4149/4149/4149 4150/4150/4150
f 4104/4104/4104 4149/4149/4149 4097/4097/4097
f 368/368/368 367/367/367 349/349/349
f 368/368/368 349/349/349 319/319/319
f 385/385/385 368/368/368 350/350/350
f 369/369/369 385/385/385 350/350/350
f 351/351/351 385/385/385 369/369/369
f 335/335/335 386/386/386 370/370/370
f 387/387/387 351/351/351 370/370/370
f 386/386/386 335/335/335 352/352/352
f 388/388/388 337/337/337 358/358/358
f 352/352/352 371/371/371 386/386/386
f 389/389/389 371/371/371 337/337/337
f 4149/4149/4149 4148/4148/4148 4097/4097/4097
f 4097/4097/4097 4148/4148/4148 4121/4121/4121
f 4148/4148/4148 4147/4147/4147 4121/4121/4121
f 4147/4147/4147 4146/4146/4146 4121/4121/4121
f 4146/4146/4146 4125/4125/4125 4099/4099/4099
f 4095/4095/4095 4146/4146/4146 4099/4099/4099
f 390/390/390 372/372/372 354/354/354
f 391/391/391 355/355/355 372/372/372
f 392/392/392 373/373/373 355/355/355
f 373/373/373 374/374/374 339/339/339
f 374/374/374 376/376/376 356/356/356
f 393/393/393 375/375/375 311/311/311
f 394/394/394 354/354/354 375/375/375
f 395/395/395 358/358/358 357/357/357
f 396/396/396 357/357/357 376/376/376
f 397/397/397 377/377/377 341/341/341
f 4095/4095/4095 4121/4121/4121 4146/4146/4146
f 397/397/397 341/341/341 378/378/378
f 379/379/379 398/398/398 360/360/360
f 380/380/380 360/360/360 399/399/399
f 379/379/379 361/361/361 400/400/400
f 361/361/361 377/377/377 401/401/401
f 362/362/362 380/380/380 402/402/402
f 4119/4119/4119 4120/4120/4120 4145/4145/4145
f 4145/4145/4145 4120/4120/4120 4141/4141/4141
f 382/382/382 345/345/345 381/381/381
f 362/362/362 402/402/402 381/381/381
f 383/383/383 365/365/365 364/364/364
f 403/403/403 366/366/366 383/383/383
f 384/384/384 366/366/366 403/403/403
f 4145/4145/4145 4141/4141/4141 4142/4142/4142
f 4143/4143/4143 4140/4140/4140 4144/4144/4144
f 4140/4140/4140 4137/4137/4137 4144/4144/4144
f 367/367/367 368/368/368 404/404/404
f 405/405/405 368/368/368 385/385/385
f 387/387/387 385/385/385 351/351/351
f 406/406/406 370/370/370 386/386/386
f 407/407/407 387/387/387 370/370/370
f 388/388/388 389/389/389 337/337/337
f 395/395/395 388/388/388 358/358/358
f 371/371/371 389/389/389 386/386/386
f 4143/4143/4143 4142/4142/4142 4140/4140/4140
f 4141/4141/4141 4140/4140/4140 4142/4142/4142
f 4141/4141/4141 4120/4120/4120 4124/4124/4124
f 4141/4141/4141 4124/4124/4124 4140/4140/4140
f 4136/4136/4136 4137/4137/4137 4140/4140/4140
f 4124/4124/4124 4139/4139/4139 4140/4140/4140
f 4139/4139/4139 4136/4136/4136 4140/4140/4140
f 394/394/394 390/390/390 354/354/354
f 391/391/391 372/372/372 390/390/390
f 391/391/391 392/392/392 355/355/355
f 408/408/408 373/373/373 392/392/392
f 409/409/409 374/374/374 373/373/373
f 409/409/409 376/376/376 374/374/374
f 410/410/410 375/375/375 393/393/393
f 375/375/375 410/410/410 394/394/394
f 411/411/411 395/395/395 357/357/357
f 357/357/357 396/396/396 411/411/411
f 376/376/376 409/409/409 396/396/396
f 377/377/377 397/397/397 378/378/378
f 4124/4124/4124 4123/4123/4123 4139/4139/4139
f 398/398/398 379/379/379 400/400/400
f 398/398/398 399/399/399 360/360/360
f 402/402/402 380/380/380 399/399/399
f 361/361/361 413/413/413 400/400/400
f 378/378/378 401/401/401 377/377/377
f 361/361/361 401/401/401 413/413/413
f 4123/4123/4123 4129/4129/4129 4139/4139/4139
f 414/414/414 382/382/382 381/381/381
f 399/399/399 381/381/381 402/402/402
f 4136/4136/4136 4139/4139/4139 4129/4129/4129
f 4135/4135/4135 4138/4138/4138 4137/4137/4137
f 4137/4137/4137 4136/4136/4136 4135/4135/4135
f 4129/4129/4129 4135/4135/4135 4136/4136/4136
f 415/415/415 404/404/404 368/368/368
f 368/368/368 405/405/405 415/415/415
f 385/385/385 387/387/387 405/405/405
f 416/416/416 406/406/406 386/386/386
f 370/370/370 406/406/406 407/407/407
f 417/417/417 387/387/387 407/407/407
f 418/418/418 389/389/389 388/388/388
f 395/395/395 419/419/419 388/388/388
f 420/420/420 386/386/386 389/389/389
f 4135/4135/4135 4129/4129/4129 4131/4131/4131
f 4102/4102/4102 4108/4108/4108 4134/4134/4134
f 4116/4116/4116 4134/4134/4134 4117/4117/4117
f 4117/4117/4117 4134/4134/4134 4133/4133/4133
f 4116/4116/4116 4102/4102/4102 4134/4134/4134
f 4133/4133/4133 4130/4130/4130 4117/4117/4117
f 4133/4133/4133 4132/4132/4132 4130/4130/4130
f 4131/4131/4131 4130/4130/4130 4132/4132/4132
f 390/390/390 394/394/394 410/410/410
f 421/421/421 391/391/391 390/390/390
f 422/422/422 392/392/392 391/391/391
f 408/408/408 423/423/423 373/373/373
f 424/424/424 408/408/408 392/392/392
f 373/373/373 423/423/423 409/409/409
f 395/395/395 411/411/411 419/419/419
f 425/425/425 411/411/411 396/396/396
f 426/426/426 396/396/396 409/409/409
f 378/378/378 412/412/412 427/427/427
f 4130/4130/4130 4131/4131/4131 4129/4129/4129
f 398/398/398 400/400/400 429/429/429
f 399/399/399 398/398/398 430/430/430
f 400/400/400 413/413/413 431/431/431
f 401/401/401 378/378/378 432/432/432
f 413/413/413 401/401/401 433/433/433
f 4117/4117/4117 4130/4130/4130 4129/4129/4129
f 414/414/414 381/381/381 434/434/434
f 381/381/381 399/399/399 435/435/435
f 4117/4117/4117 4129/4129/4129 4123/4123/4123
f 4128/4128/4128 4104/4104/4104 4126/4126/4126
f 4128/4128/4128 4126/4126/4126 4127/4127/4127
f 436/436/436 404/404/404 415/415/415
f 437/437/437 415/415/415 405/405/405
f 405/405/405 387/387/387 437/437/437
f 420/420/420 406/406/406 416/416/416
f 420/420/420 416/416/416 386/386/386
f 417/417/417 407/407/407 406/406/406
f 438/438/438 387/387/387 417/417/417
f 389/389/389 418/418/418 420/420/420
f 439/439/439 418/418/418 388/388/388
f 440/440/440 388/388/388 419/419/419
f 4127/4127/4127 4126/4126/4126 4111/4111/4111
f 4126/4126/4126 4104/4104/4104 4096/4096/4096
f 4126/4126/4126 4096/4096/4096 4111/4111/4111
f 4099/4099/4099 4125/4125/4125 4098/4098/4098
f 4098/4098/4098 4125/4125/4125 4106/4106/4106
f 4124/4124/4124 4122/4122/4122 4123/4123/4123
f 4120/4120/4120 4122/4122/4122 4124/4124/4124
f 4115/4115/4115 4117/4117/4117 4123/4123/4123
f 4122/4122/4122 4113/4113/4113 4123/4123/4123
f 4113/4113/4113 4115/4115/4115 4123/4123/4123
f 441/441/441 390/390/390 410/410/410
f 442/442/442 391/391/391 421/421/421
f 421/421/421 390/390/390 441/441/441
f 392/392/392 422/422/422 424/424/424
f 391/391/391 443/443/443 422/422/422
f 424/424/424 423/423/423 408/408/408
f 409/409/409 423/423/423 426/426/426
f 440/440/440 419/419/419 411/411/411
f 425/425/425 440/440/440 411/411/411
f 444/444/444 425/425/425 396/396/396
f 445/445/445 396/396/396 426/426/426
f 412/412/412 428/428/428 427/427/427
f 427/427/427 446/446/446 378/378/378
f 4114/4114/4114 4113/4113/4113 4122/4122/4122
f 429/429/429 400/400/400 448/448/448
f 430/430/430 398/398/398 429/429/429
f 435/435/435 399/399/399 430/430/430
f 400/400/400 431/431/431 449/449/449
f 413/413/413 433/433/433 431/431/431
f 401/401/401 432/432/432 431/431/431
f 432/432/432 378/378/378 450/450/450
f 433/433/433 401/401/401 431/431/431
f 4114/4114/4114 4122/4122/4122 4120/4120/4120
f 4121/4121/4121 4095/4095/4095 4097/4097/4097
f 414/414/414 434/434/434 451/451/451
f 434/434/434 381/381/381 452/452/452
f 452/452/452 381/381/381 435/435/435
f 4114/4114/4114 4120/4120/4120 4119/4119/4119
f 4118/4118/4118 4114/4114/4114 4119/4119/4119
f 4118/4118/4118 4110/4110/4110 4114/4114/4114
f 4116/4116/4116 4117/4117/4117 4115/4115/4115
f 454/454/454 436/436/436 415/415/415
f 415/415/415 437/437/437 454/454/454
f 455/455/455 437/437/437 387/387/387
f 420/420/420 417/417/417 406/406/406
f 387/387/387 438/438/438 456/456/456
f 457/457/457 438/438/438 417/417/417
f 418/418/418 439/439/439 420/420/420
f 440/440/440 439/439/439 388/388/388
f 4102/4102/4102 4116/4116/4116 4112/4112/4112
f 4115/4115/4115 4112/4112/4112 4116/4116/4116
f 4113/4113/4113 4112/4112/4112 4115/4115/4115
f 4110/4110/4110 4109/4109/4109 4114/4114/4114
f 4109/4109/4109 4113/4113/4113 4114/4114/4114
f 4113/4113/4113 4109/4109/4109 4112/4112/4112
f 4100/4100/4100 4102/4102/4102 4112/4112/4112
f 458/458/458 391/391/391 442/442/442
f 442/442/442 421/421/421 441/441/441
f 459/459/459 424/424/424 422/422/422
f 443/443/443 391/391/391 460/460/460
f 461/461/461 422/422/422 443/443/443
f 462/462/462 423/423/423 424/424/424
f 463/463/463 426/426/426 423/423/423
f 440/440/440 425/425/425 464/464/464
f 444/444/444 464/464/464 425/425/425
f 465/465/465 444/444/444 396/396/396
f 396/396/396 445/445/445 465/465/465
f 426/426/426 465/465/465 445/445/445
f 466/466/466 427/427/427 428/428/428
f 446/446/446 427/427/427 467/467/467
f 450/450/450 378/378/378 446/446/446
f 428/428/428 447/447/447 466/466/466
f 4100/4100/4100 4112/4112/4112 4109/4109/4109
f 429/429/429 448/448/448 468/468/468
f 449/449/449 448/448/448 400/400/400
f 469/469/469 430/430/430 429/429/429
f 435/435/435 430/430/430 470/470/470
f 431/431/431 471/471/471 449/449/449
f 432/432/432 450/450/450 431/431/431
f 4096/4096/4096 4103/4103/4103 4111/4111/4111
f 4110/4110/4110 4111/4111/4111 4103/4103/4103
f 472/472/472 414/414/414 451/451/451
f 434/434/434 452/452/452 451/451/451
f 452/452/452 435/435/435 470/470/470
f 4103/4103/4103 4109/4109/4109 4110/4110/4110
f 4109/4109/4109 4103/4103/4103 4100/4100/4100
f 4102/4102/4102 4101/4101/4101 4108/4108/4108
f 4101/4101/4101 4105/4105/4105 4108/4108/4108
f 4105/4105/4105 4106/4106/4106 4107/4107/4107
f 473/473/473 453/453/453 436/436/436
f 474/474/474 436/436/436 454/454/454
f 474/474/474 454/454/454 437/437/437
f 437/437/437 455/455/455 474/474/474
f 456/456/456 455/455/455 387/387/387
f 475/475/475 417/417/417 420/420/420
f 476/476/476 456/456/456 438/438/438
f 476/476/476 438/438/438 457/457/457
f 417/417/417 477/477/477 457/457/457
f 478/478/478 420/420/420 439/439/439
f 478/478/478 439/439/439 440/440/440
f 4098/4098/4098 4106/4106/4106 4105/4105/4105
f 4098/4098/4098 4105/4105/4105 4101/4101/4101
f 4104/4104/4104 4097/4097/4097 4096/4096/4096
f 4096/4096/4096 4100/4100/4100 4103/4103/4103
f 4101/4101/4101 4102/4102/4102 4100/4100/4100
f 4100/4100/4100 4098/4098/4098 4101/4101/4101
f 4098/4098/4098 4100/4100/4100 4096/4096/4096
f 4099/4099/4099 4098/4098/4098 4095/4095/4095
f 4095/4095/4095 4098/4098/4098 4096/4096/4096
f 460/460/460 391/391/391 458/458/458
f 458/458/458 442/442/442 479/479/479
f 424/424/424 459/459/459 462/462/462
f 422/422/422 480/480/480 459/459/459
f 443/443/443 460/460/460 481/481/481
f 480/480/480 422/422/422 461/461/461
f 461/461/461 443/443/443 482/482/482
f 423/423/423 462/462/462 463/463/463
f 483/483/483 426/426/426 463/463/463
f 484/484/484 440/440/440 464/464/464
f 484/484/484 464/464/464 444/444/444
f 465/465/465 484/484/484 444/444/444
f 485/485/485 465/465/465 426/426/426
f 427/427/427 466/466/466 486/486/486
f 486/486/486 467/467/467 427/427/427
f 467/467/467 471/471/471 446/446/446
f 450/450/450 446/446/446 471/471/471
f 4095/4095/4095 4096/4096/4096 4097/4097/4097
f 448/448/448 449/449/449 468/468/468
f 468/468/468 487/487/487 429/429/429
f 469/469/469 429/429/429 488/488/488
f 469/469/469 470/470/470 430/430/430
f 449/449/449 471/471/471 489/489/489
f 431/431/431 450/450/450 471/471/471
f 4093/4093/4093 2952/2952/2952 4094/4094/4094
f 2939/2939/2939 2948/2948/2948 4093/4093/4093
f 4093/4093/4093 2948/2948/2948 2952/2952/2952
f 2983/2983/2983 2985/2985/2985 3139/3139/3139
f 472/472/472 451/451/451 490/490/490
f 451/451/451 452/452/452 470/470/470
f 2962/2962/2962 2954/2954/2954 4092/4092/4092
f 2339/2339/2339 4090/4090/4090 4091/4091/4091
f 2333/2333/2333 2698/2698/2698 4090/4090/4090
f 4090/4090/4090 2339/2339/2339 2333/2333/2333
f 2920/2920/2920 3183/3183/3183 2926/2926/2926
f 4089/4089/4089 3752/3752/3752 3183/3183/3183
f 473/473/473 491/491/491 453/453/453
f 492/492/492 473/473/473 436/436/436
f 474/474/474 492/492/492 436/436/436
f 493/493/493 474/474/474 455/455/455
f 456/456/456 493/493/493 455/455/455
f 494/494/494 475/475/475 420/420/420
f 477/477/477 417/417/417 475/475/475
f 456/456/456 476/476/476 495/495/495
f 496/496/496 476/476/476 457/457/457
f 497/497/497 457/457/457 477/477/477
f 420/420/420 478/478/478 494/494/494
f 498/498/498 478/478/478 440/440/440
f 3775/3775/3775 4088/4088/4088 3787/3787/3787
f 3775/3775/3775 4087/4087/4087 4088/4088/4088
f 3726/3726/3726 3728/3728/3728 3768/3768/3768
f 3768/3768/3768 3728/3728/3728 4086/4086/4086
f 3775/3775/3775 3768/3768/3768 4087/4087/4087
f 3768/3768/3768 4086/4086/4086 4087/4087/4087
f 4084/4084/4084 2336/2336/2336 2339/2339/2339
f 2336/2336/2336 4084/4084/4084 2882/2882/2882
f 481/481/481 460/460/460 458/458/458
f 499/499/499 458/458/458 479/479/479
f 463/463/463 462/462/462 459/459/459
f 500/500/500 459/459/459 480/480/480
f 501/501/501 443/443/443 481/481/481
f 480/480/480 461/461/461 502/502/502
f 482/482/482 443/443/443 501/501/501
f 502/502/502 461/461/461 482/482/482
f 483/483/483 485/485/485 426/426/426
f 503/503/503 483/483/483 463/463/463
f 484/484/484 504/504/504 440/440/440
f 505/505/505 484/484/484 465/465/465
f 485/485/485 506/506/506 465/465/465
f 486/486/486 466/466/466 507/507/507
f 467/467/467 486/486/486 508/508/508
f 467/467/467 489/489/489 471/471/471
f 468/468/468 449/449/449 509/509/509
f 487/487/487 468/468/468 510/510/510
f 488/488/488 429/429/429 487/487/487
f 470/470/470 469/469/469 488/488/488
f 449/449/449 489/489/489 511/511/511
f 2894/2894/2894 2887/2887/2887 4083/4083/4083
f 2882/2882/2882 4083/4083/4083 2887/2887/2887
f 2339/2339/2339 4085/4085/4085 4076/4076/4076
f 2339/2339/2339 4076/4076/4076 4084/4084/4084
f 513/513/513 490/490/490 451/451/451
f 472/472/472 490/490/490 514/514/514
f 451/451/451 470/470/470 515/515/515
f 4084/4084/4084 4083/4083/4083 2882/2882/2882
f 4076/4076/4076 4083/4083/4083 4084/4084/4084
f 4076/4076/4076 2894/2894/2894 4083/4083/4083
f 4076/4076/4076 4082/4082/4082 4077/4077/4077
f 4082/4082/4082 4081/4081/4081 4077/4077/4077
f 4081/4081/4081 4080/4080/4080 4077/4077/4077
f 516/516/516 491/491/491 473/473/473
f 473/473/473 492/492/492 474/474/474
f 474/474/474 493/493/493 517/517/517
f 495/495/495 493/493/493 456/456/456
f 494/494/494 477/477/477 475/475/475
f 496/496/496 495/495/495 476/476/476
f 457/457/457 497/497/497 496/496/496
f 496/496/496 497/497/497 477/477/477
f 518/518/518 494/494/494 478/478/478
f 478/478/478 498/498/498 519/519/519
f 504/504/504 498/498/498 440/440/440
f 4077/4077/4077 4080/4080/4080 4079/4079/4079
f 4079/4079/4079 4075/4075/4075 4077/4077/4077
f 4075/4075/4075 4079/4079/4079 4078/4078/4078
f 4075/4075/4075 4078/4078/4078 2892/2892/2892
f 4077/4077/4077 4075/4075/4075 4076/4076/4076
f 2894/2894/2894 4075/4075/4075 2892/2892/2892
f 4075/4075/4075 2894/2894/2894 4076/4076/4076
f 124/124/124 123/123/123 873/873/873
f 481/481/481 458/458/458 499/499/499
f 520/520/520 499/499/499 479/479/479
f 521/521/521 463/463/463 459/459/459
f 521/521/521 459/459/459 500/500/500
f 480/480/480 522/522/522 500/500/500
f 501/501/501 481/481/481 499/499/499
f 502/502/502 522/522/522 480/480/480
f 502/502/502 482/482/482 501/501/501
f 503/503/503 485/485/485 483/483/483
f 523/523/523 503/503/503 463/463/463
f 524/524/524 504/504/504 484/484/484
f 505/505/505 524/524/524 484/484/484
f 465/465/465 506/506/506 505/505/505
f 485/485/485 505/505/505 506/506/506
f 466/466/466 525/525/525 507/507/507
f 507/507/507 508/508/508 486/486/486
f 467/467/467 508/508/508 511/511/511
f 489/489/489 467/467/467 511/511/511
f 509/509/509 449/449/449 526/526/526
f 468/468/468 509/509/509 527/527/527
f 510/510/510 468/468/468 527/527/527
f 528/528/528 487/487/487 510/510/510
f 487/487/487 528/528/528 488/488/488
f 488/488/488 515/515/515 470/470/470
f 526/526/526 449/449/449 511/511/511
f 3769/3769/3769 3727/3727/3727 3726/3726/3726
f 1820/1820/1820 1827/1827/1827 1826/1826/1826
f 4074/4074/4074 4071/4071/4071 2909/2909/2909
f 4074/4074/4074 4073/4073/4073 4071/4071/4071
f 512/512/512 525/525/525 466/466/466
f 490/490/490 513/513/513 529/529/529
f 513/513/513 451/451/451 529/529/529
f 514/514/514 490/490/490 530/530/530
f 451/451/451 515/515/515 529/529/529
f 4073/4073/4073 4070/4070/4070 4071/4071/4071
f 4072/4072/4072 4070/4070/4070 4073/4073/4073
f 4072/4072/4072 3184/3184/3184 4070/4070/4070
f 2906/2906/2906 2909/2909/2909 4071/4071/4071
f 2906/2906/2906 4071/4071/4071 2910/2910/2910
f 3184/3184/3184 2917/2917/2917 4070/4070/4070
f 4071/4071/4071 2912/2912/2912 2910/2910/2910
f 4070/4070/4070 2917/2917/2917 2912/2912/2912
f 531/531/531 516/516/516 473/473/473
f 532/532/532 473/473/473 474/474/474
f 533/533/533 517/517/517 493/493/493
f 517/517/517 532/532/532 474/474/474
f 533/533/533 493/493/493 495/495/495
f 477/477/477 494/494/494 496/496/496
f 534/534/534 495/495/495 496/496/496
f 519/519/519 494/494/494 518/518/518
f 519/519/519 518/518/518 478/478/478
f 535/535/535 519/519/519 498/498/498
f 498/498/498 504/504/504 535/535/535
f 4070/4070/4070 2912/2912/2912 4071/4071/4071
f 2012/2012/2012 2011/2011/2011 2008/2008/2008
f 1877/1877/1877 2012/2012/2012 1878/1878/1878
f 1878/1878/1878 2012/2012/2012 2008/2008/2008
f 3954/3954/3954 4063/4063/4063 4069/4069/4069
f 3937/3937/3937 4063/4063/4063 3954/3954/3954
f 4063/4063/4063 4068/4068/4068 4069/4069/4069
f 4065/4065/4065 4068/4068/4068 4063/4063/4063
f 4068/4068/4068 4065/4065/4065 4066/4066/4066
f 520/520/520 536/536/536 499/499/499
f 523/523/523 463/463/463 521/521/521
f 521/521/521 500/500/500 537/537/537
f 537/537/537 500/500/500 522/522/522
f 499/499/499 538/538/538 501/501/501
f 537/537/537 522/522/522 502/502/502
f 501/501/501 539/539/539 502/502/502
f 540/540/540 485/485/485 503/503/503
f 541/541/541 503/503/503 523/523/523
f 524/524/524 535/535/535 504/504/504
f 542/542/542 524/524/524 505/505/505
f 543/543/543 505/505/505 485/485/485
f 525/525/525 512/512/512 507/507/507
f 508/508/508 507/507/507 544/544/544
f 511/511/511 508/508/508 545/545/545
f 526/526/526 546/546/546 509/509/509
f 547/547/547 527/527/527 509/509/509
f 548/548/548 510/510/510 527/527/527
f 528/528/528 510/510/510 548/548/548
f 549/549/549 488/488/488 528/528/528
f 515/515/515 488/488/488 549/549/549
f 526/526/526 511/511/511 550/550/550
f 3895/3895/3895 4067/4067/4067 3906/3906/3906
f 3906/3906/3906 4067/4067/4067 4066/4066/4066
f 529/529/529 551/551/551 490/490/490
f 551/551/551 530/530/530 490/490/490
f 514/514/514 530/530/530 552/552/552
f 529/529/529 515/515/515 549/549/549
f 3937/3937/3937 3925/3925/3925 4064/4064/4064
f 4064/4064/4064 4063/4063/4063 3937/3937/3937
f 3896/3896/3896 3906/3906/3906 4066/4066/4066
f 4065/4065/4065 3896/3896/3896 4066/4066/4066
f 3914/3914/3914 4064/4064/4064 3925/3925/3925
f 4064/4064/4064 3914/3914/3914 3896/3896/3896
f 3896/3896/3896 4065/4065/4065 4064/4064/4064
f 4063/4063/4063 4064/4064/4064 4065/4065/4065
f 531/531/531 554/554/554 516/516/516
f 554/554/554 531/531/531 473/473/473
f 532/532/532 554/554/554 473/473/473
f 517/517/517 533/533/533 555/555/555
f 556/556/556 532/532/532 517/517/517
f 557/557/557 533/533/533 495/495/495
f 558/558/558 496/496/496 494/494/494
f 495/495/495 534/534/534 557/557/557
f 559/559/559 534/534/534 496/496/496
f 560/560/560 494/494/494 519/519/519
f 535/535/535 561/561/561 519/519/519
f 4062/4062/4062 3646/3646/3646 3656/3656/3656
f 3631/3631/3631 4062/4062/4062 3640/3640/3640
f 3640/3640/3640 4062/4062/4062 3656/3656/3656
f 3631/3631/3631 3646/3646/3646 4062/4062/4062
f 4058/4058/4058 4061/4061/4061 4056/4056/4056
f 4059/4059/4059 4061/4061/4061 4058/4058/4058
f 4060/4060/4060 4059/4059/4059 4057/4057/4057
f 4058/4058/4058 4057/4057/4057 4059/4059/4059
f 4049/4049/4049 4057/4057/4057 4054/4054/4054
f 4054/4054/4054 4058/4058/4058 4056/4056/4056
f 4057/4057/4057 4058/4058/4058 4054/4054/4054
f 4054/4054/4054 4056/4056/4056 4055/4055/4055
f 536/536/536 520/520/520 562/562/562
f 538/538/538 499/499/499 536/536/536
f 521/521/521 563/563/563 523/523/523
f 563/563/563 521/521/521 537/537/537
f 538/538/538 539/539/539 501/501/501
f 502/502/502 564/564/564 537/537/537
f 564/564/564 502/502/502 539/539/539
f 540/540/540 565/565/565 485/485/485
f 566/566/566 540/540/540 503/503/503
f 567/567/567 541/541/541 523/523/523
f 568/568/568 503/503/503 541/541/541
f 542/542/542 535/535/535 524/524/524
f 569/569/569 542/542/542 505/505/505
f 543/543/543 569/569/569 505/505/505
f 565/565/565 543/543/543 485/485/485
f 570/570/570 507/507/507 512/512/512
f 545/545/545 508/508/508 544/544/544
f 571/571/571 544/544/544 507/507/507
f 511/511/511 545/545/545 572/572/572
f 546/546/546 526/526/526 573/573/573
f 509/509/509 546/546/546 547/547/547
f 527/527/527 547/547/547 574/574/574
f 548/548/548 527/527/527 575/575/575
f 548/548/548 576/576/576 528/528/528
f 528/528/528 577/577/577 549/549/549
f 550/550/550 511/511/511 578/578/578
f 550/550/550 573/573/573 526/526/526
f 4049/4049/4049 4054/4054/4054 4051/4051/4051
f 530/530/530 551/551/551 529/529/529
f 530/530/530 529/529/529 552/552/552
f 529/529/529 549/549/549 577/577/577
f 4054/4054/4054 4055/4055/4055 4051/4051/4051
f 4053/4053/4053 4052/4052/4052 4050/4050/4050
f 4052/4052/4052 4048/4048/4048 4050/4050/4050
f 4050/4050/4050 4049/4049/4049 4051/4051/4051
f 4048/4048/4048 4049/4049/4049 4050/4050/4050
f 1340/1340/1340 4045/4045/4045 1316/1316/1316
f 1351/1351/1351 1316/1316/1316 4045/4045/4045
f 1351/1351/1351 4038/4038/4038 1367/1367/1367
f 579/579/579 553/553/553 516/516/516
f 4040/4040/4040 4041/4041/4041 4047/4047/4047
f 580/580/580 516/516/516 554/554/554
f 580/580/580 554/554/554 532/532/532
f 555/555/555 556/556/556 517/517/517
f 581/581/581 555/555/555 533/533/533
f 532/532/532 556/556/556 580/580/580
f 533/533/533 557/557/557 581/581/581
f 582/582/582 496/496/496 558/558/558
f 558/558/558 494/494/494 560/560/560
f 583/583/583 557/557/557 534/534/534
f 559/559/559 583/583/583 534/534/534
f 584/584/584 559/559/559 496/496/496
f 561/561/561 560/560/560 519/519/519
f 585/585/585 561/561/561 535/535/535
f 4047/4047/4047 1366/1366/1366 4040/4040/4040
f 4027/4027/4027 1367/1367/1367 4038/4038/4038
f 1367/1367/1367 4027/4027/4027 1366/1366/1366
f 1366/1366/1366 4027/4027/4027 4040/4040/4040
f 4046/4046/4046 4042/4042/4042 4043/4043/4043
f 1368/1368/1368 4045/4045/4045 1340/1340/1340
f 4045/4045/4045 1368/1368/1368 1351/1351/1351
f 1368/1368/1368 4037/4037/4037 1351/1351/1351
f 4037/4037/4037 4038/4038/4038 1351/1351/1351
f 4044/4044/4044 4039/4039/4039 4031/4031/4031
f 4033/4033/4033 4043/4043/4043 4042/4042/4042
f 4042/4042/4042 4036/4036/4036 4033/4033/4033
f 562/562/562 586/586/586 536/536/536
f 538/538/538 536/536/536 587/587/587
f 563/563/563 588/588/588 523/523/523
f 563/563/563 537/537/537 564/564/564
f 538/538/538 589/589/589 539/539/539
f 590/590/590 564/564/564 539/539/539
f 566/566/566 565/565/565 540/540/540
f 503/503/503 568/568/568 566/566/566
f 591/591/591 541/541/541 567/567/567
f 567/567/567 523/523/523 592/592/592
f 593/593/593 568/568/568 541/541/541
f 535/535/535 542/542/542 594/594/594
f 595/595/595 542/542/542 569/569/569
f 565/565/565 569/569/569 543/543/543
f 4036/4036/4036 4041/4041/4041 4032/4032/4032
f 507/507/507 570/570/570 571/571/571
f 545/545/545 544/544/544 572/572/572
f 571/571/571 596/596/596 544/544/544
f 511/511/511 572/572/572 578/578/578
f 573/573/573 547/547/547 546/546/546
f 575/575/575 527/527/527 574/574/574
f 574/574/574 547/547/547 597/597/597
f 575/575/575 598/598/598 548/548/548
f 548/548/548 599/599/599 576/576/576
f 577/577/577 528/528/528 576/576/576
f 578/578/578 600/600/600 550/550/550
f 573/573/573 550/550/550 601/601/601
f 552/552/552 529/529/529 602/602/602
f 577/577/577 603/603/603 529/529/529
f 4041/4041/4041 4040/4040/4040 4032/4032/4032
f 4026/4026/4026 4040/4040/4040 4027/4027/4027
f 4032/4032/4032 4040/4040/4040 4026/4026/4026
f 4039/4039/4039 4030/4030/4030 4031/4031/4031
f 4039/4039/4039 4033/4033/4033 4030/4030/4030
f 4027/4027/4027 4038/4038/4038 4037/4037/4037
f 4027/4027/4027 4037/4037/4037 4029/4029/4029
f 1368/1368/1368 4029/4029/4029 4037/4037/4037
f 604/604/604 579/579/579 516/516/516
f 516/516/516 580/580/580 604/604/604
f 556/556/556 555/555/555 605/605/605
f 555/555/555 581/581/581 606/606/606
f 605/605/605 580/580/580 556/556/556
f 607/607/607 581/581/581 557/557/557
f 584/584/584 496/496/496 582/582/582
f 558/558/558 585/585/585 582/582/582
f 585/585/585 558/558/558 560/560/560
f 608/608/608 557/557/557 583/583/583
f 608/608/608 583/583/583 559/559/559
f 584/584/584 608/608/608 559/559/559
f 560/560/560 561/561/561 585/585/585
f 609/609/609 585/585/585 535/535/535
f 1341/1341/1341 4035/4035/4035 1368/1368/1368
f 4035/4035/4035 4029/4029/4029 1368/1368/1368
f 4032/4032/4032 4033/4033/4033 4036/4036/4036
f 4035/4035/4035 4034/4034/4034 4029/4029/4029
f 4034/4034/4034 4025/4025/4025 4029/4029/4029
f 4033/4033/4033 4032/4032/4032 4030/4030/4030
f 4026/4026/4026 4030/4030/4030 4032/4032/4032
f 4028/4028/4028 4031/4031/4031 4030/4030/4030
f 4030/4030/4030 4026/4026/4026 4028/4028/4028
f 4025/4025/4025 4027/4027/4027 4029/4029/4029
f 4025/4025/4025 4028/4028/4028 4026/4026/4026
f 4025/4025/4025 4026/4026/4026 4027/4027/4027
f 3683/3683/3683 4024/4024/4024 4023/4023/4023
f 3681/3681/3681 3683/3683/3683 4023/4023/4023
f 586/586/586 562/562/562 610/610/610
f 611/611/611 536/536/536 586/586/586
f 612/612/612 538/538/538 587/587/587
f 587/587/587 536/536/536 611/611/611
f 588/588/588 563/563/563 613/613/613
f 592/592/592 523/523/523 588/588/588
f 613/613/613 563/563/563 564/564/564
f 538/538/538 614/614/614 589/589/589
f 589/589/589 615/615/615 539/539/539
f 590/590/590 539/539/539 615/615/615
f 590/590/590 613/613/613 564/564/564
f 616/616/616 565/565/565 566/566/566
f 568/568/568 593/593/593 566/566/566
f 541/541/541 591/591/591 617/617/617
f 618/618/618 591/591/591 567/567/567
f 592/592/592 619/619/619 567/567/567
f 620/620/620 593/593/593 541/541/541
f 594/594/594 609/609/609 535/535/535
f 609/609/609 594/594/594 542/542/542
f 621/621/621 542/542/542 595/595/595
f 595/595/595 569/569/569 565/565/565
f 4021/4021/4021 4017/4017/4017 4022/4022/4022
f 570/570/570 622/622/622 571/571/571
f 572/572/572 544/544/544 596/596/596
f 596/596/596 571/571/571 623/623/623
f 578/578/578 572/572/572 624/624/624
f 547/547/547 573/573/573 601/601/601
f 574/574/574 625/625/625 575/575/575
f 597/597/597 626/626/626 574/574/574
f 597/597/597 547/547/547 627/627/627
f 598/598/598 575/575/575 628/628/628
f 548/548/548 598/598/598 629/629/629
f 599/599/599 548/548/548 629/629/629
f 599/599/599 630/630/630 576/576/576
f 631/631/631 577/577/577 576/576/576
f 600/600/600 578/578/578 632/632/632
f 600/600/600 601/601/601 550/550/550
f 529/529/529 603/603/603 602/602/602
f 603/603/603 577/577/577 631/631/631
f 4022/4022/4022 4017/4017/4017 4020/4020/4020
f 4017/4017/4017 4021/4021/4021 875/875/875
f 4017/4017/4017 4019/4019/4019 4020/4020/4020
f 875/875/875 4018/4018/4018 4017/4017/4017
f 4017/4017/4017 4018/4018/4018 4019/4019/4019
f 4014/4014/4014 4015/4015/4015 4016/4016/4016
f 4009/4009/4009 4015/4015/4015 4014/4014/4014
f 4009/4009/4009 4013/4013/4013 4015/4015/4015
f 604/604/604 633/633/633 579/579/579
f 634/634/634 604/604/604 580/580/580
f 606/606/606 605/605/605 555/555/555
f 635/635/635 606/606/606 581/581/581
f 580/580/580 605/605/605 606/606/606
f 607/607/607 636/636/636 581/581/581
f 637/637/637 607/607/607 557/557/557
f 638/638/638 584/584/584 582/582/582
f 585/585/585 609/609/609 582/582/582
f 557/557/557 608/608/608 637/637/637
f 639/639/639 608/608/608 584/584/584
f 4009/4009/4009 4014/4014/4014 4012/4012/4012
f 4009/4009/4009 4001/4001/4001 4013/4013/4013
f 4009/4009/4009 4012/4012/4012 4004/4004/4004
f 4008/4008/4008 4003/4003/4003 3999/3999/3999
f 4007/4007/4007 4008/4008/4008 3999/3999/3999
f 3998/3998/3998 4006/4006/4006 4011/4011/4011
f 4010/4010/4010 4005/4005/4005 3996/3996/3996
f 4006/4006/4006 3997/3997/3997 4005/4005/4005
f 3996/3996/3996 4004/4004/4004 4010/4010/4010
f 4001/4001/4001 4009/4009/4009 4004/4004/4004
f 3995/3995/3995 4003/4003/4003 4008/4008/4008
f 4000/4000/4000 3999/3999/3999 4003/4003/4003
f 4007/4007/4007 3999/3999/3999 4002/4002/4002
f 640/640/640 586/586/586 610/610/610
f 640/640/640 611/611/611 586/586/586
f 612/612/612 587/587/587 641/641/641
f 614/614/614 538/538/538 612/612/612
f 587/587/587 611/611/611 641/641/641
f 642/642/642 588/588/588 613/613/613
f 588/588/588 643/643/643 592/592/592
f 615/615/615 589/589/589 614/614/614
f 615/615/615 644/644/644 590/590/590
f 645/645/645 613/613/613 590/590/590
f 565/565/565 616/616/616 621/621/621
f 646/646/646 616/616/616 566/566/566
f 620/620/620 566/566/566 593/593/593
f 617/617/617 591/591/591 647/647/647
f 617/617/617 620/620/620 541/541/541
f 591/591/591 618/618/618 648/648/648
f 567/567/567 649/649/649 618/618/618
f 619/619/619 592/592/592 643/643/643
f 649/649/649 567/567/567 619/619/619
f 542/542/542 650/650/650 609/609/609
f 650/650/650 542/542/542 621/621/621
f 621/621/621 595/595/595 565/565/565
f 3998/3998/3998 3997/3997/3997 4006/4006/4006
f 572/572/572 596/596/596 624/624/624
f 624/624/624 596/596/596 623/623/623
f 578/578/578 624/624/624 651/651/651
f 547/547/547 601/601/601 627/627/627
f 625/625/625 574/574/574 628/628/628
f 575/575/575 625/625/625 628/628/628
f 652/652/652 626/626/626 597/597/597
f 628/628/628 574/574/574 626/626/626
f 597/597/597 627/627/627 652/652/652
f 628/628/628 629/629/629 598/598/598
f 631/631/631 576/576/576 630/630/630
f 632/632/632 578/578/578 653/653/653
f 600/600/600 632/632/632 653/653/653
f 601/601/601 600/600/600 652/652/652
f 602/602/602 603/603/603 631/631/631
f 4005/4005/4005 3997/3997/3997 3996/3996/3996
f 4004/4004/4004 3996/3996/3996 4001/4001/4001
f 3991/3991/3991 4003/4003/4003 3995/3995/3995
f 4000/4000/4000 4003/4003/4003 3991/3991/3991
f 3999/3999/3999 4000/4000/4000 3990/3990/3990
f 3999/3999/3999 3994/3994/3994 4002/4002/4002
f 4002/4002/4002 3994/3994/3994 3998/3998/3998
f 3985/3985/3985 3997/3997/3997 3998/3998/3998
f 633/633/633 654/654/654 579/579/579
f 655/655/655 633/633/633 604/604/604
f 656/656/656 604/604/604 634/634/634
f 656/656/656 634/634/634 580/580/580
f 635/635/635 657/657/657 606/606/606
f 636/636/636 635/635/635 581/581/581
f 606/606/606 656/656/656 580/580/580
f 658/658/658 636/636/636 607/607/607
f 607/607/607 637/637/637 658/658/658
f 659/659/659 584/584/584 638/638/638
f 638/638/638 582/582/582 609/609/609
f 660/660/660 637/637/637 608/608/608
f 608/608/608 639/639/639 660/660/660
f 660/660/660 639/639/639 584/584/584
f 3997/3997/3997 3993/3993/3993 3996/3996/3996
f 3989/3989/3989 4001/4001/4001 3996/3996/3996
f 3995/3995/3995 3992/3992/3992 3991/3991/3991
f 3991/3991/3991 3990/3990/3990 4000/4000/4000
f 3990/3990/3990 3994/3994/3994 3999/3999/3999
f 3998/3998/3998 3994/3994/3994 3985/3985/3985
f 3985/3985/3985 3993/3993/3993 3997/3997/3997
f 3996/3996/3996 3993/3993/3993 3989/3989/3989
f 3992/3992/3992 3995/3995/3995 3988/3988/3988
f 3992/3992/3992 3977/3977/3977 3991/3991/3991
f 3987/3987/3987 3990/3990/3990 3991/3991/3991
f 3994/3994/3994 3990/3990/3990 3986/3986/3986
f 3986/3986/3986 3985/3985/3985 3994/3994/3994
f 640/640/640 610/610/610 661/661/661
f 641/641/641 611/611/611 640/640/640
f 662/662/662 614/614/614 612/612/612
f 643/643/643 588/588/588 642/642/642
f 645/645/645 642/642/642 613/613/613
f 663/663/663 615/615/615 614/614/614
f 644/644/644 615/615/615 663/663/663
f 644/644/644 645/645/645 590/590/590
f 616/616/616 646/646/646 621/621/621
f 664/664/664 646/646/646 566/566/566
f 665/665/665 566/566/566 620/620/620
f 620/620/620 617/617/617 647/647/647
f 648/648/648 647/647/647 591/591/591
f 666/666/666 648/648/648 618/618/618
f 667/667/667 618/618/618 649/649/649
f 668/668/668 619/619/619 643/643/643
f 669/669/669 649/649/649 619/619/619
f 670/670/670 609/609/609 650/650/650
f 621/621/621 671/671/671 650/650/650
f 624/624/624 623/623/623 651/651/651
f 578/578/578 651/651/651 653/653/653
f 627/627/627 601/601/601 652/652/652
f 626/626/626 652/652/652 672/672/672
f 630/630/630 673/673/673 631/631/631
f 653/653/653 652/652/652 600/600/600
f 602/602/602 631/631/631 673/673/673
f 3984/3984/3984 3993/3993/3993 3985/3985/3985
f 3984/3984/3984 3989/3989/3989 3993/3993/3993
f 3992/3992/3992 3988/3988/3988 3977/3977/3977
f 3991/3991/3991 3977/3977/3977 3987/3987/3987
f 3990/3990/3990 3987/3987/3987 3978/3978/3978
f 3978/3978/3978 3986/3986/3986 3990/3990/3990
f 3985/3985/3985 3986/3986/3986 3976/3976/3976
f 654/654/654 633/633/633 674/674/674
f 655/655/655 674/674/674 633/633/633
f 656/656/656 655/655/655 604/604/604
f 657/657/657 656/656/656 606/606/606
f 675/675/675 658/658/658 637/637/637
f 584/584/584 659/659/659 660/660/660
f 676/676/676 659/659/659 638/638/638
f 670/670/670 638/638/638 609/609/609
f 675/675/675 637/637/637 660/660/660
f 3985/3985/3985 3981/3981/3981 3984/3984/3984
f 3980/3980/3980 3983/3983/3983 3989/3989/3989
f 3980/3980/3980 3989/3989/3989 3984/3984/3984
f 3988/3988/3988 3979/3979/3979 3982/3982/3982
f 3988/3988/3988 3982/3982/3982 3977/3977/3977
f 3977/3977/3977 3978/3978/3978 3987/3987/3987
f 3978/3978/3978 3976/3976/3976 3986/3986/3986
f 3976/3976/3976 3981/3981/3981 3985/3985/3985
f 3984/3984/3984 3981/3981/3981 3971/3971/3971
f 3980/3980/3980 3970/3970/3970 3983/3983/3983
f 3971/3971/3971 3980/3980/3980 3984/3984/3984
f 3970/3970/3970 3974/3974/3974 3983/3983/3983
f 3979/3979/3979 3973/3973/3973 3982/3982/3982
f 3973/3973/3973 3964/3964/3964 3982/3982/3982
f 3982/3982/3982 3964/3964/3964 3977/3977/3977
f 641/641/641 640/640/640 661/661/661
f 663/663/663 614/614/614 662/662/662
f 677/677/677 643/643/643 642/642/642
f 677/677/677 642/642/642 645/645/645
f 663/663/663 678/678/678 644/644/644
f 679/679/679 645/645/645 644/644/644
f 646/646/646 671/671/671 621/621/621
f 664/664/664 671/671/671 646/646/646
f 566/566/566 665/665/665 664/664/664
f 647/647/647 665/665/665 620/620/620
f 648/648/648 680/680/680 647/647/647
f 666/666/666 680/680/680 648/648/648
f 681/681/681 666/666/666 618/618/618
f 667/667/667 681/681/681 618/618/618
f 667/667/667 649/649/649 669/669/669
f 668/668/668 643/643/643 677/677/677
f 669/669/669 619/619/619 668/668/668
f 682/682/682 670/670/670 650/650/650
f 671/671/671 683/683/683 650/650/650
f 652/652/652 684/684/684 672/672/672
f 652/652/652 653/653/653 684/684/684
f 3972/3972/3972 3978/3978/3978 3977/3977/3977
f 3958/3958/3958 3976/3976/3976 3978/3978/3978
f 3981/3981/3981 3976/3976/3976 3971/3971/3971
f 3971/3971/3971 3970/3970/3970 3980/3980/3980
f 3969/3969/3969 3974/3974/3974 3970/3970/3970
f 3968/3968/3968 3973/3973/3973 3979/3979/3979
f 3965/3965/3965 3966/3966/3966 3975/3975/3975
f 3967/3967/3967 3964/3964/3964 3973/3973/3973
f 3978/3978/3978 3972/3972/3972 3958/3958/3958
f 685/685/685 674/674/674 655/655/655
f 657/657/657 655/655/655 656/656/656
f 686/686/686 659/659/659 676/676/676
f 676/676/676 638/638/638 687/687/687
f 687/687/687 638/638/638 670/670/670
f 3964/3964/3964 3972/3972/3972 3977/3977/3977
f 3958/3958/3958 3963/3963/3963 3976/3976/3976
f 3963/3963/3963 3971/3971/3971 3976/3976/3976
f 3962/3962/3962 3965/3965/3965 3975/3975/3975
f 3957/3957/3957 3970/3970/3970 3971/3971/3971
f 3969/3969/3969 3962/3962/3962 3974/3974/3974
f 3956/3956/3956 3969/3969/3969 3970/3970/3970
f 3973/3973/3973 3968/3968/3968 3961/3961/3961
f 3973/3973/3973 3961/3961/3961 3967/3967/3967
f 3948/3948/3948 3966/3966/3966 3965/3965/3965
f 3964/3964/3964 3967/3967/3967 3950/3950/3950
f 3972/3972/3972 3964/3964/3964 3958/3958/3958
f 3959/3959/3959 3963/3963/3963 3958/3958/3958
f 678/678/678 663/663/663 662/662/662
f 677/677/677 645/645/645 679/679/679
f 688/688/688 644/644/644 678/678/678
f 644/644/644 689/689/689 679/679/679
f 690/690/690 671/671/671 664/664/664
f 691/691/691 664/664/664 665/665/665
f 692/692/692 665/665/665 647/647/647
f 680/680/680 693/693/693 647/647/647
f 694/694/694 680/680/680 666/666/666
f 681/681/681 667/667/667 666/666/666
f 669/669/669 695/695/695 667/667/667
f 668/668/668 677/677/677 679/679/679
f 668/668/668 696/696/696 669/669/669
f 697/697/697 670/670/670 682/682/682
f 683/683/683 682/682/682 650/650/650
f 690/690/690 683/683/683 671/671/671
f 684/684/684 653/653/653 672/672/672
f 3963/3963/3963 3957/3957/3957 3971/3971/3971
f 3953/3953/3953 3965/3965/3965 3962/3962/3962
f 3970/3970/3970 3957/3957/3957 3956/3956/3956
f 3969/3969/3969 3956/3956/3956 3962/3962/3962
f 3955/3955/3955 3961/3961/3961 3968/3968/3968
f 3961/3961/3961 3950/3950/3950 3967/3967/3967
f 657/657/657 685/685/685 655/655/655
f 676/676/676 698/698/698 686/686/686
f 698/698/698 676/676/676 687/687/687
f 698/698/698 687/687/687 670/670/670
f 3966/3966/3966 3948/3948/3948 3960/3960/3960
f 3965/3965/3965 3953/3953/3953 3948/3948/3948
f 3963/3963/3963 3959/3959/3959 3952/3952/3952
f 3964/3964/3964 3950/3950/3950 3958/3958/3958
f 3946/3946/3946 3959/3959/3959 3958/3958/3958
f 3952/3952/3952 3957/3957/3957 3963/3963/3963
f 3962/3962/3962 3951/3951/3951 3953/3953/3953
f 3945/3945/3945 3956/3956/3956 3957/3957/3957
f 3951/3951/3951 3962/3962/3962 3956/3956/3956
f 3961/3961/3961 3955/3955/3955 3949/3949/3949
f 3961/3961/3961 3949/3949/3949 3950/3950/3950
f 689/689/689 644/644/644 688/688/688
f 699/699/699 679/679/679 689/689/689
f 700/700/700 690/690/690 664/664/664
f 664/664/664 691/691/691 700/700/700
f 665/665/665 701/701/701 691/691/691
f 665/665/665 692/692/692 701/701/701
f 647/647/647 702/702/702 692/692/692
f 647/647/647 693/693/693 702/702/702
f 680/680/680 703/703/703 693/693/693
f 694/694/694 703/703/703 680/680/680
f 694/694/694 666/666/666 667/667/667
f 695/695/695 669/669/669 696/696/696
f 704/704/704 667/667/667 695/695/695
f 679/679/679 699/699/699 668/668/668
f 696/696/696 668/668/668 705/705/705
f 670/670/670 697/697/697 698/698/698
f 706/706/706 697/697/697 682/682/682
f 683/683/683 706/706/706 682/682/682
f 690/690/690 707/707/707 683/683/683
f 3948/3948/3948 3954/3954/3954 3960/3960/3960
f 3947/3947/3947 3948/3948/3948 3953/3953/3953
f 3946/3946/3946 3952/3952/3952 3959/3959/3959
f 3958/3958/3958 3950/3950/3950 3946/3946/3946
f 3957/3957/3957 3952/3952/3952 3945/3945/3945
f 709/709/709 686/686/686 698/698/698
f 3935/3935/3935 3953/3953/3953 3951/3951/3951
f 3956/3956/3956 3945/3945/3945 3951/3951/3951
f 3949/3949/3949 3955/3955/3955 3944/3944/3944
f 3949/3949/3949 3938/3938/3938 3950/3950/3950
f 3937/3937/3937 3954/3954/3954 3948/3948/3948
f 3947/3947/3947 3953/3953/3953 3935/3935/3935
f 3943/3943/3943 3948/3948/3948 3947/3947/3947
f 3936/3936/3936 3952/3952/3952 3946/3946/3946
f 3950/3950/3950 3942/3942/3942 3946/3946/3946
f 3952/3952/3952 3936/3936/3936 3940/3940/3940
f 3940/3940/3940 3945/3945/3945 3952/3952/3952
f 3935/3935/3935 3951/3951/3951 3945/3945/3945
f 689/689/689 710/710/710 699/699/699
f 700/700/700 707/707/707 690/690/690
f 701/701/701 700/700/700 691/691/691
f 702/702/702 701/701/701 692/692/692
f 693/693/693 701/701/701 702/702/702
f 703/703/703 711/711/711 693/693/693
f 712/712/712 703/703/703 694/694/694
f 713/713/713 694/694/694 667/667/667
f 714/714/714 695/695/695 696/696/696
f 715/715/715 667/667/667 704/704/704
f 704/704/704 695/695/695 714/714/714
f 705/705/705 668/668/668 699/699/699
f 716/716/716 696/696/696 705/705/705
f 706/706/706 698/698/698 697/697/697
f 717/717/717 706/706/706 683/683/683
f 707/707/707 718/718/718 683/683/683
f 3944/3944/3944 3939/3939/3939 3949/3949/3949
f 3950/3950/3950 3938/3938/3938 3942/3942/3942
f 3939/3939/3939 3938/3938/3938 3949/3949/3949
f 3948/3948/3948 3943/3943/3943 3937/3937/3937
f 3935/3935/3935 3943/3943/3943 3947/3947/3947
f 3942/3942/3942 3936/3936/3936 3946/3946/3946
f 3941/3941/3941 3940/3940/3940 3936/3936/3936
f 709/709/709 698/698/698 706/706/706
f 3941/3941/3941 3930/3930/3930 3940/3940/3940
f 3945/3945/3945 3940/3940/3940 3935/3935/3935
f 3934/3934/3934 3939/3939/3939 3944/3944/3944
f 3942/3942/3942 3938/3938/3938 3931/3931/3931
f 3933/3933/3933 3938/3938/3938 3939/3939/3939
f 3932/3932/3932 3937/3937/3937 3943/3943/3943
f 3932/3932/3932 3943/3943/3943 3935/3935/3935
f 3931/3931/3931 3936/3936/3936 3942/3942/3942
f 3941/3941/3941 3936/3936/3936 3930/3930/3930
f 3930/3930/3930 3935/3935/3935 3940/3940/3940
f 3939/3939/3939 3927/3927/3927 3933/3933/3933
f 3939/3939/3939 3934/3934/3934 3927/3927/3927
f 3938/3938/3938 3926/3926/3926 3931/3931/3931
f 710/710/710 689/689/689 719/719/719
f 720/720/720 699/699/699 710/710/710
f 700/700/700 701/701/701 707/707/707
f 721/721/721 701/701/701 693/693/693
f 711/711/711 721/721/721 693/693/693
f 722/722/722 711/711/711 703/703/703
f 712/712/712 722/722/722 703/703/703
f 712/712/712 694/694/694 723/723/723
f 723/723/723 694/694/694 713/713/713
f 713/713/713 667/667/667 724/724/724
f 714/714/714 696/696/696 716/716/716
f 724/724/724 667/667/667 715/715/715
f 724/724/724 715/715/715 704/704/704
f 725/725/725 704/704/704 714/714/714
f 705/705/705 699/699/699 720/720/720
f 705/705/705 726/726/726 716/716/716
f 706/706/706 717/717/717 727/727/727
f 718/718/718 717/717/717 683/683/683
f 707/707/707 721/721/721 718/718/718
f 3926/3926/3926 3938/3938/3938 3933/3933/3933
f 3925/3925/3925 3937/3937/3937 3932/3932/3932
f 3922/3922/3922 3932/3932/3932 3935/3935/3935
f 3931/3931/3931 3918/3918/3918 3936/3936/3936
f 3936/3936/3936 3918/3918/3918 3930/3930/3930
f 3930/3930/3930 3922/3922/3922 3935/3935/3935
f 727/727/727 709/709/709 706/706/706
f 3929/3929/3929 3915/3915/3915 3928/3928/3928
f 3934/3934/3934 3928/3928/3928 3921/3921/3921
f 3927/3927/3927 3908/3908/3908 3933/3933/3933
f 3921/3921/3921 3927/3927/3927 3934/3934/3934
f 3931/3931/3931 3926/3926/3926 3920/3920/3920
f 3908/3908/3908 3926/3926/3926 3933/3933/3933
f 3913/3913/3913 3925/3925/3925 3932/3932/3932
f 3929/3929/3929 3923/3923/3923 3916/3916/3916
f 3924/3924/3924 3910/3910/3910 3923/3923/3923
f 3932/3932/3932 3922/3922/3922 3913/3913/3913
f 3920/3920/3920 3918/3918/3918 3931/3931/3931
f 3918/3918/3918 3917/3917/3917 3930/3930/3930
f 728/728/728 710/710/710 719/719/719
f 710/710/710 728/728/728 720/720/720
f 721/721/721 707/707/707 701/701/701
f 721/721/721 711/711/711 729/729/729
f 730/730/730 711/711/711 722/722/722
f 731/731/731 722/722/722 712/712/712
f 731/731/731 712/712/712 723/723/723
f 732/732/732 723/723/723 713/713/713
f 732/732/732 713/713/713 724/724/724
f 733/733/733 714/714/714 716/716/716
f 704/704/704 725/725/725 724/724/724
f 714/714/714 734/734/734 725/725/725
f 726/726/726 705/705/705 720/720/720
f 735/735/735 716/716/716 726/726/726
f 736/736/736 727/727/727 717/717/717
f 718/718/718 737/737/737 717/717/717
f 721/721/721 729/729/729 718/718/718
f 3917/3917/3917 3922/3922/3922 3930/3930/3930
f 3929/3929/3929 3916/3916/3916 3915/3915/3915
f 3921/3921/3921 3928/3928/3928 3915/3915/3915
f 3927/3927/3927 3921/3921/3921 3908/3908/3908
f 3926/3926/3926 3908/3908/3908 3920/3920/3920
f 3925/3925/3925 3913/3913/3913 3914/3914/3914
f 3901/3901/3901 3924/3924/3924 3919/3919/3919
f 3923/3923/3923 3911/3911/3911 3916/3916/3916
f 3924/3924/3924 3901/3901/3901 3910/3910/3910
f 3911/3911/3911 3923/3923/3923 3910/3910/3910
f 3899/3899/3899 3913/3913/3913 3922/3922/3922
f 3918/3918/3918 3920/3920/3920 3909/3909/3909
f 3898/3898/3898 3917/3917/3917 3918/3918/3918
f 3899/3899/3899 3922/3922/3922 3917/3917/3917
f 3915/3915/3915 3916/3916/3916 3897/3897/3897
f 738/738/738 720/720/720 728/728/728
f 739/739/739 729/729/729 711/711/711
f 730/730/730 739/739/739 711/711/711
f 740/740/740 730/730/730 722/722/722
f 731/731/731 741/741/741 722/722/722
f 731/731/731 723/723/723 732/732/732
f 742/742/742 732/732/732 724/724/724
f 734/734/734 714/714/714 733/733/733
f 735/735/735 733/733/733 716/716/716
f 743/743/743 724/724/724 725/725/725
f 734/734/734 744/744/744 725/725/725
f 720/720/720 738/738/738 726/726/726
f 738/738/738 735/735/735 726/726/726
f 717/717/717 745/745/745 736/736/736
f 745/745/745 717/717/717 737/737/737
f 718/718/718 729/729/729 737/737/737
f 3908/3908/3908 3921/3921/3921 3915/3915/3915
f 3908/3908/3908 3907/3907/3907 3920/3920/3920
f 3920/3920/3920 3907/3907/3907 3909/3909/3909
f 3913/3913/3913 3905/3905/3905 3914/3914/3914
f 3919/3919/3919 3912/3912/3912 3902/3902/3902
f 3902/3902/3902 3901/3901/3901 3919/3919/3919
f 3911/3911/3911 3900/3900/3900 3916/3916/3916
f 3901/3901/3901 3891/3891/3891 3910/3910/3910
f 3910/3910/3910 3892/3892/3892 3911/3911/3911
f 3904/3904/3904 3913/3913/3913 3899/3899/3899
f 3909/3909/3909 3898/3898/3898 3918/3918/3918
f 3917/3917/3917 3898/3898/3898 3899/3899/3899
f 3916/3916/3916 3900/3900/3900 3897/3897/3897
f 3897/3897/3897 3908/3908/3908 3915/3915/3915
f 3908/3908/3908 3889/3889/3889 3907/3907/3907
f 729/729/729 739/739/739 746/746/746
f 740/740/740 739/739/739 730/730/730
f 722/722/722 741/741/741 740/740/740
f 747/747/747 741/741/741 731/731/731
f 748/748/748 731/731/731 732/732/732
f 749/749/749 732/732/732 742/742/742
f 742/742/742 724/724/724 743/743/743
f 744/744/744 734/734/734 733/733/733
f 750/750/750 733/733/733 735/735/735
f 743/743/743 725/725/725 751/751/751
f 751/751/751 725/725/725 744/744/744
f 738/738/738 752/752/752 735/735/735
f 746/746/746 736/736/736 745/745/745
f 746/746/746 745/745/745 737/737/737
f 746/746/746 737/737/737 729/729/729
f 3909/3909/3909 3907/3907/3907 3890/3890/3890
f 3905/3905/3905 3896/3896/3896 3914/3914/3914
f 3913/3913/3913 3885/3885/3885 3905/3905/3905
f 3913/3913/3913 3904/3904/3904 3885/3885/3885
f 3912/3912/3912 3903/3903/3903 3894/3894/3894
f 3912/3912/3912 3894/3894/3894 3902/3902/3902
f 3882/3882/3882 3901/3901/3901 3902/3902/3902
f 3900/3900/3900 3911/3911/3911 3892/3892/3892
f 3893/3893/3893 3891/3891/3891 3901/3901/3901
f 3910/3910/3910 3891/3891/3891 3892/3892/3892
f 3888/3888/3888 3904/3904/3904 3899/3899/3899
f 753/753/753 739/739/739 740/740/740
f 741/741/741 754/754/754 740/740/740
f 747/747/747 731/731/731 755/755/755
f 747/747/747 754/754/754 741/741/741
f 755/755/755 731/731/731 748/748/748
f 749/749/749 748/748/748 732/732/732
f 756/756/756 749/749/749 742/742/742
f 757/757/757 742/742/742 743/743/743
f 744/744/744 733/733/733 750/750/750
f 750/750/750 735/735/735 758/758/758
f 751/751/751 759/759/759 743/743/743
f 751/751/751 744/744/744 750/750/750
f 752/752/752 760/760/760 735/735/735
f 3890/3890/3890 3898/3898/3898 3909/3909/3909
f 3879/3879/3879 3899/3899/3899 3898/3898/3898
f 3897/3897/3897 3900/3900/3900 3878/3878/3878
f 3889/3889/3889 3908/3908/3908 3897/3897/3897
f 3890/3890/3890 3907/3907/3907 3889/3889/3889
f 3876/3876/3876 3906/3906/3906 3896/3896/3896
f 3887/3887/3887 3896/3896/3896 3905/3905/3905
f 3876/3876/3876 3895/3895/3895 3906/3906/3906
f 3905/3905/3905 3885/3885/3885 3887/3887/3887
f 761/761/761 753/753/753 740/740/740
f 754/754/754 761/761/761 740/740/740
f 762/762/762 747/747/747 755/755/755
f 747/747/747 763/763/763 754/754/754
f 764/764/764 755/755/755 748/748/748
f 764/764/764 748/748/748 749/749/749
f 765/765/765 749/749/749 756/756/756
f 756/756/756 742/742/742 766/766/766
f 766/766/766 742/742/742 757/757/757
f 759/759/759 757/757/757 743/743/743
f 758/758/758 735/735/735 760/760/760
f 767/767/767 750/750/750 758/758/758
f 759/759/759 751/751/751 768/768/768
f 750/750/750 767/767/767 751/751/751
f 3904/3904/3904 3888/3888/3888 3884/3884/3884
f 3884/3884/3884 3885/3885/3885 3904/3904/3904
f 3903/3903/3903 3883/3883/3883 3894/3894/3894
f 3894/3894/3894 3882/3882/3882 3902/3902/3902
f 3893/3893/3893 3901/3901/3901 3882/3882/3882
f 3881/3881/3881 3900/3900/3900 3892/3892/3892
f 3893/3893/3893 3880/3880/3880 3891/3891/3891
f 3892/3892/3892 3891/3891/3891 3873/3873/3873
f 769/769/769 753/753/753 761/761/761
f 770/770/770 761/761/761 754/754/754
f 771/771/771 762/762/762 755/755/755
f 747/747/747 762/762/762 772/772/772
f 770/770/770 754/754/754 763/763/763
f 747/747/747 770/770/770 763/763/763
f 764/764/764 773/773/773 755/755/755
f 749/749/749 774/774/774 764/764/764
f 765/765/765 774/774/774 749/749/749
f 765/765/765 756/756/756 775/775/775
f 766/766/766 775/775/775 756/756/756
f 766/766/766 757/757/757 759/759/759
f 760/760/760 776/776/776 758/758/758
f 758/758/758 777/777/777 767/767/767
f 767/767/767 768/768/768 751/751/751
f 759/759/759 768/768/768 778/778/778
f 3900/3900/3900 3881/3881/3881 3878/3878/3878
f 3879/3879/3879 3888/3888/3888 3899/3899/3899
f 3890/3890/3890 3879/3879/3879 3898/3898/3898
f 3878/3878/3878 3889/3889/3889 3897/3897/3897
f 3889/3889/3889 3861/3861/3861 3890/3890/3890
f 3887/3887/3887 3876/3876/3876 3896/3896/3896
f 3886/3886/3886 3895/3895/3895 3876/3876/3876
f 769/769/769 761/761/761 770/770/770
f 755/755/755 779/779/779 771/771/771
f 771/771/771 780/780/780 762/762/762
f 762/762/762 781/781/781 772/772/772
f 747/747/747 772/772/772 770/770/770
f 773/773/773 764/764/764 774/774/774
f 782/782/782 755/755/755 773/773/773
f 765/765/765 782/782/782 774/774/774
f 783/783/783 765/765/765 775/775/775
f 766/766/766 784/784/784 775/775/775
f 784/784/784 766/766/766 759/759/759
f 785/785/785 758/758/758 776/776/776
f 777/777/777 758/758/758 785/785/785
f 786/786/786 767/767/767 777/777/777
f 778/778/778 768/768/768 767/767/767
f 778/778/778 787/787/787 759/759/759
f 3885/3885/3885 3871/3871/3871 3887/3887/3887
f 3868/3868/3868 3884/3884/3884 3888/3888/3888
f 3867/3867/3867 3885/3885/3885 3884/3884/3884
f 3883/3883/3883 3875/3875/3875 3894/3894/3894
f 3894/3894/3894 3875/3875/3875 3882/3882/3882
f 3874/3874/3874 3893/3893/3893 3882/3882/3882
f 3880/3880/3880 3893/3893/3893 3874/3874/3874
f 3881/3881/3881 3892/3892/3892 3873/3873/3873
f 788/788/788 769/769/769 770/770/770
f 789/789/789 771/771/771 779/779/779
f 779/779/779 755/755/755 782/782/782
f 762/762/762 780/780/780 790/790/790
f 770/770/770 772/772/772 781/781/781
f 790/790/790 781/781/781 762/762/762
f 782/782/782 773/773/773 774/774/774
f 791/791/791 782/782/782 765/765/765
f 792/792/792 765/765/765 783/783/783
f 783/783/783 775/775/775 784/784/784
f 784/784/784 759/759/759 787/787/787
f 785/785/785 776/776/776 793/793/793
f 786/786/786 777/777/777 785/785/785
f 778/778/778 767/767/767 786/786/786
f 794/794/794 787/787/787 778/778/778
f 3891/3891/3891 3880/3880/3880 3873/3873/3873
f 3863/3863/3863 3878/3878/3878 3881/3881/3881
f 3879/3879/3879 3872/3872/3872 3888/3888/3888
f 3861/3861/3861 3879/3879/3879 3890/3890/3890
f 3861/3861/3861 3889/3889/3889 3878/3878/3878
f 3872/3872/3872 3868/3868/3868 3888/3888/3888
f 790/790/790 788/788/788 770/770/770
f 789/789/789 779/779/779 782/782/782
f 780/780/780 788/788/788 790/790/790
f 790/790/790 770/770/770 781/781/781
f 789/789/789 782/782/782 791/791/791
f 791/791/791 765/765/765 792/792/792
f 795/795/795 792/792/792 783/783/783
f 784/784/784 796/796/796 783/783/783
f 796/796/796 784/784/784 787/787/787
f 797/797/797 785/785/785 793/793/793
f 797/797/797 786/786/786 785/785/785
f 786/786/786 797/797/797 778/778/778
f 798/798/798 787/787/787 794/794/794
f 794/794/794 778/778/778 797/797/797
f 3871/3871/3871 3876/3876/3876 3887/3887/3887
f 3886/3886/3886 3870/3870/3870 3877/3877/3877
f 3870/3870/3870 3886/3886/3886 3876/3876/3876
f 3871/3871/3871 3885/3885/3885 3867/3867/3867
f 3868/3868/3868 3867/3867/3867 3884/3884/3884
f 3865/3865/3865 3875/3875/3875 3883/3883/3883
f 3866/3866/3866 3865/3865/3865 3883/3883/3883
f 3882/3882/3882 3875/3875/3875 3864/3864/3864
f 3864/3864/3864 3874/3874/3874 3882/3882/3882
f 799/799/799 789/789/789 791/791/791
f 800/800/800 791/791/791 792/792/792
f 800/800/800 792/792/792 795/795/795
f 795/795/795 783/783/783 796/796/796
f 787/787/787 798/798/798 796/796/796
f 793/793/793 801/801/801 797/797/797
f 794/794/794 802/802/802 798/798/798
f 803/803/803 794/794/794 797/797/797
f 3880/3880/3880 3874/3874/3874 3853/3853/3853
f 3881/3881/3881 3873/3873/3873 3863/3863/3863
f 3880/3880/3880 3853/3853/3853 3873/3873/3873
f 3862/3862/3862 3878/3878/3878 3863/3863/3863
f 3879/3879/3879 3861/3861/3861 3872/3872/3872
f 3878/3878/3878 3862/3862/3862 3861/3861/3861
f 3860/3860/3860 3868/3868/3868 3872/3872/3872
f 3859/3859/3859 3876/3876/3876 3871/3871/3871
f 3870/3870/3870 3840/3840/3840 3877/3877/3877
f 791/791/791 804/804/804 799/799/799
f 791/791/791 800/800/800 804/804/804
f 805/805/805 800/800/800 795/795/795
f 806/806/806 795/795/795 796/796/796
f 802/802/802 796/796/796 798/798/798
f 807/807/807 801/801/801 793/793/793
f 801/801/801 808/808/808 797/797/797
f 802/802/802 794/794/794 803/803/803
f 803/803/803 797/797/797 808/808/808
f 3876/3876/3876 3859/3859/3859 3870/3870/3870
f 3868/3868/3868 3860/3860/3860 3856/3856/3856
f 3871/3871/3871 3867/3867/3867 3849/3849/3849
f 3847/3847/3847 3867/3867/3867 3868/3868/3868
f 3865/3865/3865 3855/3855/3855 3875/3875/3875
f 3866/3866/3866 3846/3846/3846 3865/3865/3865
f 3875/3875/3875 3855/3855/3855 3864/3864/3864
f 3854/3854/3854 3874/3874/3874 3864/3864/3864
f 804/804/804 809/809/809 799/799/799
f 809/809/809 804/804/804 800/800/800
f 810/810/810 800/800/800 805/805/805
f 805/805/805 795/795/795 811/811/811
f 806/806/806 796/796/796 812/812/812
f 811/811/811 795/795/795 806/806/806
f 812/812/812 796/796/796 802/802/802
f 807/807/807 793/793/793 813/813/813
f 807/807/807 814/814/814 801/801/801
f 814/814/814 808/808/808 801/801/801
f 803/803/803 815/815/815 802/802/802
f 808/808/808 816/816/816 803/803/803
f 3853/3853/3853 3874/3874/3874 3854/3854/3854
f 3873/3873/3873 3853/3853/3853 3863/3863/3863
f 3863/3863/3863 3834/3834/3834 3862/3862/3862
f 3861/3861/3861 3843/3843/3843 3872/3872/3872
f 3862/3862/3862 3852/3852/3852 3861/3861/3861
f 3872/3872/3872 3843/3843/3843 3860/3860/3860
f 3850/3850/3850 3856/3856/3856 3860/3860/3860
f 3849/3849/3849 3859/3859/3859 3871/3871/3871
f 3840/3840/3840 3870/3870/3870 3859/3859/3859
f 817/817/817 799/799/799 809/809/809
f 800/800/800 810/810/810 809/809/809
f 818/818/818 810/810/810 805/805/805
f 811/811/811 819/819/819 805/805/805
f 806/806/806 812/812/812 820/820/820
f 811/811/811 806/806/806 821/821/821
f 812/812/812 802/802/802 822/822/822
f 813/813/813 814/814/814 807/807/807
f 816/816/816 808/808/808 814/814/814
f 815/815/815 803/803/803 823/823/823
f 822/822/822 802/802/802 815/815/815
f 823/823/823 803/803/803 816/816/816
f 3858/3858/3858 3848/3848/3848 3869/3869/3869
f 3838/3838/3838 3858/3858/3858 3857/3857/3857
f 3868/3868/3868 3856/3856/3856 3847/3847/3847
f 3847/3847/3847 3849/3849/3849 3867/3867/3867
f 3851/3851/3851 3846/3846/3846 3866/3866/3866
f 3865/3865/3865 3846/3846/3846 3855/3855/3855
f 3845/3845/3845 3864/3864/3864 3855/3855/3855
f 3864/3864/3864 3845/3845/3845 3854/3854/3854
f 3854/3854/3854 3844/3844/3844 3853/3853/3853
f 3853/3853/3853 3834/3834/3834 3863/3863/3863
f 824/824/824 817/817/817 809/809/809
f 825/825/825 809/809/809 810/810/810
f 825/825/825 810/810/810 818/818/818
f 818/818/818 805/805/805 819/819/819
f 811/811/811 826/826/826 819/819/819
f 820/820/820 812/812/812 822/822/822
f 821/821/821 806/806/806 820/820/820
f 826/826/826 811/811/811 821/821/821
f 814/814/814 813/813/813 827/827/827
f 814/814/814 828/828/828 816/816/816
f 829/829/829 815/815/815 823/823/823
f 822/822/822 815/815/815 829/829/829
f 823/823/823 816/816/816 828/828/828
f 3852/3852/3852 3862/3862/3862 3834/3834/3834
f 3852/3852/3852 3843/3843/3843 3861/3861/3861
f 3843/3843/3843 3842/3842/3842 3860/3860/3860
f 3860/3860/3860 3842/3842/3842 3850/3850/3850
f 3856/3856/3856 3850/3850/3850 3841/3841/3841
f 3859/3859/3859 3849/3849/3849 3840/3840/3840
f 3840/3840/3840 3839/3839/3839 3857/3857/3857
f 3858/3858/3858 3838/3838/3838 3848/3848/3848
f 3857/3857/3857 3839/3839/3839 3838/3838/3838
f 3856/3856/3856 3841/3841/3841 3830/3830/3830
f 3847/3847/3847 3856/3856/3856 3830/3830/3830
f 3832/3832/3832 3849/3849/3849 3847/3847/3847
f 824/824/824 809/809/809 830/830/830
f 830/830/830 809/809/809 825/825/825
f 831/831/831 825/825/825 818/818/818
f 831/831/831 818/818/818 819/819/819
f 831/831/831 819/819/819 826/826/826
f 820/820/820 822/822/822 829/829/829
f 821/821/821 820/820/820 832/832/832
f 826/826/826 821/821/821 833/833/833
f 834/834/834 827/827/827 813/813/813
f 827/827/827 835/835/835 814/814/814
f 828/828/828 814/814/814 836/836/836
f 837/837/837 829/829/829 823/823/823
f 838/838/838 823/823/823 828/828/828
f 3851/3851/3851 3836/3836/3836 3846/3846/3846
f 3855/3855/3855 3846/3846/3846 3829/3829/3829
f 3845/3845/3845 3855/3855/3855 3829/3829/3829
f 3845/3845/3845 3828/3828/3828 3854/3854/3854
f 3844/3844/3844 3854/3854/3854 3828/3828/3828
f 3844/3844/3844 3834/3834/3834 3853/3853/3853
f 3834/3834/3834 3843/3843/3843 3852/3852/3852
f 3843/3843/3843 3826/3826/3826 3842/3842/3842
f 3827/3827/3827 3850/3850/3850 3842/3842/3842
f 3851/3851/3851 3833/3833/3833 3836/3836/3836
f 3850/3850/3850 3827/3827/3827 3841/3841/3841
f 3832/3832/3832 3840/3840/3840 3849/3849/3849
f 3840/3840/3840 3824/3824/3824 3839/3839/3839
f 3818/3818/3818 3848/3848/3848 3838/3838/3838
f 830/830/830 825/825/825 831/831/831
f 839/839/839 831/831/831 826/826/826
f 829/829/829 840/840/840 820/820/820
f 832/832/832 820/820/820 840/840/840
f 833/833/833 821/821/821 832/832/832
f 841/841/841 826/826/826 833/833/833
f 842/842/842 827/827/827 834/834/834
f 835/835/835 827/827/827 842/842/842
f 836/836/836 814/814/814 835/835/835
f 838/838/838 828/828/828 836/836/836
f 837/837/837 823/823/823 838/838/838
f 840/840/840 829/829/829 837/837/837
f 3831/3831/3831 3838/3838/3838 3839/3839/3839
f 3825/3825/3825 3837/3837/3837 3841/3841/3841
f 3837/3837/3837 3830/3830/3830 3841/3841/3841
f 3830/3830/3830 3832/3832/3832 3847/3847/3847
f 3846/3846/3846 3836/3836/3836 3829/3829/3829
f 3845/3845/3845 3829/3829/3829 3835/3835/3835
f 3835/3835/3835 3828/3828/3828 3845/3845/3845
f 3828/3828/3828 3834/3834/3834 3844/3844/3844
f 3826/3826/3826 3843/3843/3843 3834/3834/3834
f 3842/3842/3842 3826/3826/3826 3827/3827/3827
f 3833/3833/3833 3820/3820/3820 3836/3836/3836
f 3827/3827/3827 3825/3825/3825 3841/3841/3841
f 3840/3840/3840 3832/3832/3832 3824/3824/3824
f 3831/3831/3831 3839/3839/3839 3824/3824/3824
f 3818/3818/3818 3838/3838/3838 3831/3831/3831
f 3837/3837/3837 3825/3825/3825 3823/3823/3823
f 3830/3830/3830 3837/3837/3837 3823/3823/3823
f 3817/3817/3817 3832/3832/3832 3830/3830/3830
f 3829/3829/3829 3836/3836/3836 3820/3820/3820
f 843/843/843 832/832/832 840/840/840
f 833/833/833 832/832/832 843/843/843
f 844/844/844 826/826/826 841/841/841
f 841/841/841 833/833/833 843/843/843
f 845/845/845 842/842/842 834/834/834
f 842/842/842 846/846/846 835/835/835
f 846/846/846 836/836/836 835/835/835
f 847/847/847 838/838/838 836/836/836
f 838/838/838 847/847/847 837/837/837
f 837/837/837 848/848/848 840/840/840
f 3829/3829/3829 3822/3822/3822 3835/3835/3835
f 3828/3828/3828 3835/3835/3835 3822/3822/3822
f 3813/3813/3813 3834/3834/3834 3828/3828/3828
f 3834/3834/3834 3813/3813/3813 3826/3826/3826
f 3821/3821/3821 3827/3827/3827 3826/3826/3826
f 3833/3833/3833 3819/3819/3819 3820/3820/3820
f 3807/3807/3807 3825/3825/3825 3827/3827/3827
f 3817/3817/3817 3824/3824/3824 3832/3832/3832
f 3831/3831/3831 3824/3824/3824 3810/3810/3810
f 3831/3831/3831 3810/3810/3810 3818/3818/3818
f 3825/3825/3825 3809/3809/3809 3823/3823/3823
f 3830/3830/3830 3823/3823/3823 3817/3817/3817
f 3820/3820/3820 3816/3816/3816 3829/3829/3829
f 3829/3829/3829 3816/3816/3816 3822/3822/3822
f 3815/3815/3815 3828/3828/3828 3822/3822/3822
f 3828/3828/3828 3815/3815/3815 3814/3814/3814
f 3814/3814/3814 3813/3813/3813 3828/3828/3828
f 3827/3827/3827 3821/3821/3821 3807/3807/3807
f 3813/3813/3813 3821/3821/3821 3826/3826/3826
f 3819/3819/3819 3812/3812/3812 3820/3820/3820
f 843/843/843 840/840/840 848/848/848
f 844/844/844 849/849/849 826/826/826
f 849/849/849 844/844/844 841/841/841
f 3807/3807/3807 3809/3809/3809 3825/3825/3825
f 850/850/850 842/842/842 845/845/845
f 851/851/851 845/845/845 834/834/834
f 852/852/852 846/846/846 842/842/842
f 852/852/852 836/836/836 846/846/846
f 847/847/847 836/836/836 853/853/853
f 848/848/848 837/837/837 847/847/847
f 3810/3810/3810 3824/3824/3824 3817/3817/3817
f 3810/3810/3810 3811/3811/3811 3818/3818/3818
f 3817/3817/3817 3823/3823/3823 3809/3809/3809
f 3804/3804/3804 3816/3816/3816 3820/3820/3820
f 3816/3816/3816 3803/3803/3803 3822/3822/3822
f 3815/3815/3815 3822/3822/3822 3803/3803/3803
f 3814/3814/3814 3815/3815/3815 3802/3802/3802
f 3813/3813/3813 3814/3814/3814 3808/3808/3808
f 3813/3813/3813 3807/3807/3807 3821/3821/3821
f 3820/3820/3820 3812/3812/3812 3804/3804/3804
f 3819/3819/3819 3800/3800/3800 3812/3812/3812
f 3818/3818/3818 3811/3811/3811 3799/3799/3799
f 3806/3806/3806 3809/3809/3809 3807/3807/3807
f 3810/3810/3810 3817/3817/3817 3805/3805/3805
f 3798/3798/3798 3811/3811/3811 3810/3810/3810
f 3805/3805/3805 3817/3817/3817 3809/3809/3809
f 3804/3804/3804 3803/3803/3803 3816/3816/3816
f 3815/3815/3815 3803/3803/3803 3802/3802/3802
f 3802/3802/3802 3808/3808/3808 3814/3814/3814
f 3808/3808/3808 3801/3801/3801 3813/3813/3813
f 3801/3801/3801 3807/3807/3807 3813/3813/3813
f 3804/3804/3804 3812/3812/3812 3800/3800/3800
f 3811/3811/3811 3798/3798/3798 3799/3799/3799
f 3796/3796/3796 3806/3806/3806 3807/3807/3807
f 3806/3806/3806 3792/3792/3792 3809/3809/3809
f 3810/3810/3810 3805/3805/3805 3798/3798/3798
f 850/850/850 845/845/845 854/854/854
f 850/850/850 852/852/852 842/842/842
f 845/845/845 851/851/851 854/854/854
f 852/852/852 853/853/853 836/836/836
f 853/853/853 855/855/855 847/847/847
f 3809/3809/3809 3792/3792/3792 3805/3805/3805
f 3804/3804/3804 3790/3790/3790 3803/3803/3803
f 3803/3803/3803 3797/3797/3797 3802/3802/3802
f 3808/3808/3808 3802/3802/3802 3789/3789/3789
f 3801/3801/3801 3808/3808/3808 3789/3789/3789
f 3807/3807/3807 3801/3801/3801 3796/3796/3796
f 3804/3804/3804 3800/3800/3800 3794/3794/3794
f 3798/3798/3798 3793/3793/3793 3799/3799/3799
f 3796/3796/3796 3792/3792/3792 3806/3806/3806
f 3805/3805/3805 3791/3791/3791 3798/3798/3798
f 3805/3805/3805 3792/3792/3792 3791/3791/3791
f 3794/3794/3794 3790/3790/3790 3804/3804/3804
f 3803/3803/3803 3790/3790/3790 3797/3797/3797
f 3797/3797/3797 3789/3789/3789 3802/3802/3802
f 3789/3789/3789 3796/3796/3796 3801/3801/3801
f 3795/3795/3795 3788/3788/3788 3800/3800/3800
f 3800/3800/3800 3788/3788/3788 3794/3794/3794
f 3798/3798/3798 3782/3782/3782 3793/3793/3793
f 3793/3793/3793 3787/3787/3787 3799/3799/3799
f 3786/3786/3786 3792/3792/3792 3796/3796/3796
f 3791/3791/3791 3782/3782/3782 3798/3798/3798
f 3792/3792/3792 3781/3781/3781 3791/3791/3791
f 3794/3794/3794 3783/3783/3783 3790/3790/3790
f 3790/3790/3790 3785/3785/3785 3797/3797/3797
f 3789/3789/3789 3797/3797/3797 3785/3785/3785
f 3796/3796/3796 3784/3784/3784 3786/3786/3786
f 3796/3796/3796 3789/3789/3789 3784/3784/3784
f 3788/3788/3788 3795/3795/3795 3779/3779/3779
f 3794/3794/3794 3788/3788/3788 3783/3783/3783
f 854/854/854 856/856/856 850/850/850
f 852/852/852 850/850/850 857/857/857
f 853/853/853 852/852/852 857/857/857
f 857/857/857 855/855/855 853/853/853
f 3782/3782/3782 3787/3787/3787 3793/3793/3793
f 3781/3781/3781 3792/3792/3792 3786/3786/3786
f 3791/3791/3791 3781/3781/3781 3782/3782/3782
f 3783/3783/3783 3780/3780/3780 3790/3790/3790
f 3780/3780/3780 3785/3785/3785 3790/3790/3790
f 3789/3789/3789 3785/3785/3785 3776/3776/3776
f 3784/3784/3784 3778/3778/3778 3786/3786/3786
f 3776/3776/3776 3784/3784/3784 3789/3789/3789
f 3783/3783/3783 3788/3788/3788 3779/3779/3779
f 3775/3775/3775 3787/3787/3787 3782/3782/3782
f 3786/3786/3786 3778/3778/3778 3781/3781/3781
f 3781/3781/3781 3774/3774/3774 3782/3782/3782
f 3783/3783/3783 3772/3772/3772 3780/3780/3780
f 3777/3777/3777 3785/3785/3785 3780/3780/3780
f 3777/3777/3777 3776/3776/3776 3785/3785/3785
f 3776/3776/3776 3778/3778/3778 3784/3784/3784
f 3779/3779/3779 3772/3772/3772 3783/3783/3783
f 3782/3782/3782 3774/3774/3774 3775/3775/3775
f 3781/3781/3781 3778/3778/3778 3773/3773/3773
f 3781/3781/3781 3773/3773/3773 3774/3774/3774
f 3777/3777/3777 3780/3780/3780 3772/3772/3772
f 3776/3776/3776 3777/3777/3777 3766/3766/3766
f 3771/3771/3771 3778/3778/3778 3776/3776/3776
f 3779/3779/3779 3770/3770/3770 3772/3772/3772
f 3774/3774/3774 3765/3765/3765 3775/3775/3775
f 3771/3771/3771 3767/3767/3767 3778/3778/3778
f 3778/3778/3778 3767/3767/3767 3773/3773/3773
f 3773/3773/3773 3764/3764/3764 3774/3774/3774
f 3772/3772/3772 3766/3766/3766 3777/3777/3777
f 3776/3776/3776 3766/3766/3766 3771/3771/3771
f 3772/3772/3772 3770/3770/3770 3763/3763/3763
f 3765/3765/3765 3768/3768/3768 3775/3775/3775
f 3764/3764/3764 3765/3765/3765 3774/3774/3774
f 3758/3758/3758 3767/3767/3767 3771/3771/3771
f 3767/3767/3767 3764/3764/3764 3773/3773/3773
f 3766/3766/3766 3772/3772/3772 3763/3763/3763
f 3766/3766/3766 3758/3758/3758 3771/3771/3771
f 857/857/857 850/850/850 856/856/856
f 856/856/856 854/854/854 858/858/858
f 855/855/855 857/857/857 859/859/859
f 3770/3770/3770 3762/3762/3762 3763/3763/3763
f 3761/3761/3761 3726/3726/3726 3768/3768/3768
f 3726/3726/3726 3757/3757/3757 3769/3769/3769
f 3761/3761/3761 3768/3768/3768 3765/3765/3765
f 3765/3765/3765 3764/3764/3764 3759/3759/3759
f 3758/3758/3758 3764/3764/3764 3767/3767/3767
f 3763/3763/3763 3758/3758/3758 3766/3766/3766
f 3763/3763/3763 3762/3762/3762 3760/3760/3760
f 3757/3757/3757 3726/3726/3726 3761/3761/3761
f 3759/3759/3759 3761/3761/3761 3765/3765/3765
f 3758/3758/3758 3759/3759/3759 3764/3764/3764
f 3758/3758/3758 3763/3763/3763 3760/3760/3760
f 3762/3762/3762 3756/3756/3756 3760/3760/3760
f 3761/3761/3761 3759/3759/3759 3757/3757/3757
f 3753/3753/3753 3759/3759/3759 3758/3758/3758
f 3758/3758/3758 3760/3760/3760 3756/3756/3756
f 3753/3753/3753 3757/3757/3757 3759/3759/3759
f 3756/3756/3756 3753/3753/3753 3758/3758/3758
f 3755/3755/3755 3757/3757/3757 3753/3753/3753
f 3753/3753/3753 3756/3756/3756 3754/3754/3754
f 3753/3753/3753 3754/3754/3754 3755/3755/3755
f 3752/3752/3752 2937/2937/2937 2930/2930/2930
f 3752/3752/3752 2930/2930/2930 2926/2926/2926
f 3752/3752/3752 2926/2926/2926 3183/3183/3183
f 3751/3751/3751 3077/3077/3077 3087/3087/3087
f 3071/3071/3071 3749/3749/3749 3076/3076/3076
f 3749/3749/3749 3071/3071/3071 3077/3077/3077
f 3077/3077/3077 3751/3751/3751 3745/3745/3745
f 3750/3750/3750 3748/3748/3748 3751/3751/3751
f 3076/3076/3076 3749/3749/3749 3747/3747/3747
f 3747/3747/3747 3082/3082/3082 3076/3076/3076
f 3748/3748/3748 3750/3750/3750 3744/3744/3744
f 3745/3745/3745 3749/3749/3749 3077/3077/3077
f 3751/3751/3751 3748/3748/3748 3745/3745/3745
f 3749/3749/3749 3743/3743/3743 3747/3747/3747
f 3082/3082/3082 3747/3747/3747 3091/3091/3091
f 3746/3746/3746 3744/3744/3744 3750/3750/3750
f 3744/3744/3744 3741/3741/3741 3748/3748/3748
f 3749/3749/3749 3745/3745/3745 3743/3743/3743
f 857/857/857 856/856/856 860/860/860
f 858/858/858 854/854/854 861/861/861
f 858/858/858 862/862/862 856/856/856
f 859/859/859 857/857/857 860/860/860
f 3745/3745/3745 3748/3748/3748 3741/3741/3741
f 3091/3091/3091 3747/3747/3747 3743/3743/3743
f 3739/3739/3739 3744/3744/3744 3746/3746/3746
f 3741/3741/3741 3744/3744/3744 3742/3742/3742
f 3745/3745/3745 3741/3741/3741 3743/3743/3743
f 3091/3091/3091 3743/3743/3743 3737/3737/3737
f 3739/3739/3739 3742/3742/3742 3744/3744/3744
f 3741/3741/3741 3742/3742/3742 3738/3738/3738
f 3737/3737/3737 3743/3743/3743 3741/3741/3741
f 3104/3104/3104 3091/3091/3091 3737/3737/3737
f 3742/3742/3742 3735/3735/3735 3738/3738/3738
f 3739/3739/3739 3735/3735/3735 3742/3742/3742
f 3741/3741/3741 3738/3738/3738 3734/3734/3734
f 3737/3737/3737 3741/3741/3741 3734/3734/3734
f 3732/3732/3732 3104/3104/3104 3737/3737/3737
f 3736/3736/3736 3733/3733/3733 3739/3739/3739
f 3731/3731/3731 3736/3736/3736 3740/3740/3740
f 3730/3730/3730 3738/3738/3738 3735/3735/3735
f 3739/3739/3739 3733/3733/3733 3735/3735/3735
f 3734/3734/3734 3738/3738/3738 3730/3730/3730
f 3734/3734/3734 3732/3732/3732 3737/3737/3737
f 3112/3112/3112 3104/3104/3104 3732/3732/3732
f 3733/3733/3733 3736/3736/3736 3731/3731/3731
f 3735/3735/3735 3733/3733/3733 3730/3730/3730
f 3730/3730/3730 3732/3732/3732 3734/3734/3734
f 3732/3732/3732 3729/3729/3729 3112/3112/3112
f 3730/3730/3730 3733/3733/3733 3731/3731/3731
f 3729/3729/3729 3732/3732/3732 3730/3730/3730
f 3729/3729/3729 3730/3730/3730 3731/3731/3731
f 3726/3726/3726 3727/3727/3727 3728/3728/3728
f 3724/3724/3724 2686/2686/2686 2682/2682/2682
f 2689/2689/2689 3723/3723/3723 2994/2994/2994
f 2686/2686/2686 3721/3721/3721 2689/2689/2689
f 2994/2994/2994 3723/3723/3723 3725/3725/3725
f 3722/3722/3722 3724/3724/3724 2682/2682/2682
f 3721/3721/3721 2686/2686/2686 3724/3724/3724
f 860/860/860 856/856/856 862/862/862
f 863/863/863 858/858/858 861/861/861
f 862/862/862 858/858/858 863/863/863
f 2689/2689/2689 3721/3721/3721 3723/3723/3723
f 3720/3720/3720 3725/3725/3725 3723/3723/3723
f 3721/3721/3721 3724/3724/3724 3722/3722/3722
f 3720/3720/3720 3723/3723/3723 3721/3721/3721
f 3720/3720/3720 3721/3721/3721 3722/3722/3722
f 3717/3717/3717 3718/3718/3718 3719/3719/3719
f 3716/3716/3716 3714/3714/3714 3710/3710/3710
f 3712/3712/3712 3713/3713/3713 3707/3707/3707
f 3715/3715/3715 3712/3712/3712 3706/3706/3706
f 3711/3711/3711 3715/3715/3715 3706/3706/3706
f 3710/3710/3710 3714/3714/3714 3711/3711/3711
f 3713/3713/3713 3709/3709/3709 3708/3708/3708
f 3707/3707/3707 3713/3713/3713 3708/3708/3708
f 3706/3706/3706 3712/3712/3712 3707/3707/3707
f 3710/3710/3710 3711/3711/3711 3706/3706/3706
f 3708/3708/3708 3709/3709/3709 3702/3702/3702
f 3708/3708/3708 3704/3704/3704 3707/3707/3707
f 3700/3700/3700 3706/3706/3706 3707/3707/3707
f 3710/3710/3710 3706/3706/3706 3703/3703/3703
f 3705/3705/3705 3702/3702/3702 3709/3709/3709
f 3701/3701/3701 3708/3708/3708 3702/3702/3702
f 3708/3708/3708 3701/3701/3701 3704/3704/3704
f 3707/3707/3707 3704/3704/3704 3700/3700/3700
f 3706/3706/3706 3700/3700/3700 3703/3703/3703
f 3699/3699/3699 3702/3702/3702 3705/3705/3705
f 3701/3701/3701 3702/3702/3702 3697/3697/3697
f 3704/3704/3704 3701/3701/3701 3696/3696/3696
f 3696/3696/3696 3700/3700/3700 3704/3704/3704
f 3703/3703/3703 3700/3700/3700 3698/3698/3698
f 3699/3699/3699 3697/3697/3697 3702/3702/3702
f 3697/3697/3697 3696/3696/3696 3701/3701/3701
f 3698/3698/3698 3700/3700/3700 3696/3696/3696
f 3695/3695/3695 3694/3694/3694 3699/3699/3699
f 3699/3699/3699 3694/3694/3694 3697/3697/3697
f 3697/3697/3697 3691/3691/3691 3696/3696/3696
f 3696/3696/3696 3693/3693/3693 3698/3698/3698
f 860/860/860 862/862/862 864/864/864
f 863/863/863 861/861/861 865/865/865
f 863/863/863 864/864/864 862/862/862
f 3695/3695/3695 3692/3692/3692 3694/3694/3694
f 3697/3697/3697 3694/3694/3694 3691/3691/3691
f 3693/3693/3693 3696/3696/3696 3691/3691/3691
f 3694/3694/3694 3692/3692/3692 3688/3688/3688
f 3695/3695/3695 3690/3690/3690 3692/3692/3692
f 3688/3688/3688 3691/3691/3691 3694/3694/3694
f 3691/3691/3691 3689/3689/3689 3693/3693/3693
f 3690/3690/3690 3688/3688/3688 3692/3692/3692
f 3689/3689/3689 3691/3691/3691 3688/3688/3688
f 3690/3690/3690 3685/3685/3685 3688/3688/3688
f 3689/3689/3689 3688/3688/3688 3684/3684/3684
f 3685/3685/3685 3684/3684/3684 3688/3688/3688
f 3687/3687/3687 3686/3686/3686 3682/3682/3682
f 3687/3687/3687 3682/3682/3682 3685/3685/3685
f 3685/3685/3685 3679/3679/3679 3684/3684/3684
f 3686/3686/3686 3683/3683/3683 3680/3680/3680
f 3686/3686/3686 3680/3680/3680 3682/3682/3682
f 3682/3682/3682 3679/3679/3679 3685/3685/3685
f 3679/3679/3679 3681/3681/3681 3684/3684/3684
f 3681/3681/3681 3680/3680/3680 3683/3683/3683
f 3682/3682/3682 3680/3680/3680 3679/3679/3679
f 3679/3679/3679 3680/3680/3680 3681/3681/3681
f 3678/3678/3678 3677/3677/3677 3675/3675/3675
f 3676/3676/3676 3678/3678/3678 3669/3669/3669
f 3675/3675/3675 3677/3677/3677 3668/3668/3668
f 3675/3675/3675 3669/3669/3669 3678/3678/3678
f 3671/3671/3671 3668/3668/3668 3677/3677/3677
f 3676/3676/3676 3669/3669/3669 3674/3674/3674
f 3668/3668/3668 3667/3667/3667 3675/3675/3675
f 3667/3667/3667 3669/3669/3669 3675/3675/3675
f 3666/3666/3666 3673/3673/3673 3672/3672/3672
f 3671/3671/3671 3664/3664/3664 3668/3668/3668
f 3670/3670/3670 3656/3656/3656 3673/3673/3673
f 863/863/863 865/865/865 866/866/866
f 3662/3662/3662 3670/3670/3670 3673/3673/3673
f 3669/3669/3669 3655/3655/3655 3674/3674/3674
f 3668/3668/3668 3654/3654/3654 3667/3667/3667
f 3667/3667/3667 3663/3663/3663 3669/3669/3669
f 3673/3673/3673 3666/3666/3666 3662/3662/3662
f 3650/3650/3650 3666/3666/3666 3672/3672/3672
f 3664/3664/3664 3671/3671/3671 3658/3658/3658
f 3668/3668/3668 3664/3664/3664 3657/3657/3657
f 3662/3662/3662 3656/3656/3656 3670/3670/3670
f 3663/3663/3663 3655/3655/3655 3669/3669/3669
f 3668/3668/3668 3657/3657/3657 3654/3654/3654
f 3654/3654/3654 3663/3663/3663 3667/3667/3667
f 3647/3647/3647 3662/3662/3662 3666/3666/3666
f 3661/3661/3661 3666/3666/3666 3650/3650/3650
f 3661/3661/3661 3647/3647/3647 3666/3666/3666
f 3665/3665/3665 3660/3660/3660 3645/3645/3645
f 3653/3653/3653 3642/3642/3642 3659/3659/3659
f 3659/3659/3659 3652/3652/3652 3658/3658/3658
f 3664/3664/3664 3658/3658/3658 3641/3641/3641
f 3641/3641/3641 3657/3657/3657 3664/3664/3664
f 3648/3648/3648 3656/3656/3656 3662/3662/3662
f 3639/3639/3639 3655/3655/3655 3663/3663/3663
f 3651/3651/3651 3649/3649/3649 3657/3657/3657
f 3657/3657/3657 3649/3649/3649 3654/3654/3654
f 3654/3654/3654 3639/3639/3639 3663/3663/3663
f 866/866/866 865/865/865 867/867/867
f 866/866/866 868/868/868 863/863/863
f 3662/3662/3662 3647/3647/3647 3648/3648/3648
f 3647/3647/3647 3661/3661/3661 3650/3650/3650
f 3660/3660/3660 3646/3646/3646 3644/3644/3644
f 3644/3644/3644 3645/3645/3645 3660/3660/3660
f 3643/3643/3643 3642/3642/3642 3653/3653/3653
f 3642/3642/3642 3652/3652/3652 3659/3659/3659
f 3658/3658/3658 3652/3652/3652 3641/3641/3641
f 3657/3657/3657 3641/3641/3641 3651/3651/3651
f 3640/3640/3640 3656/3656/3656 3648/3648/3648
f 3639/3639/3639 3650/3650/3650 3655/3655/3655
f 3651/3651/3651 3619/3619/3619 3649/3649/3649
f 3649/3649/3649 3639/3639/3639 3654/3654/3654
f 3638/3638/3638 3648/3648/3648 3647/3647/3647
f 3630/3630/3630 3647/3647/3647 3650/3650/3650
f 3628/3628/3628 3644/3644/3644 3646/3646/3646
f 3645/3645/3645 3644/3644/3644 3625/3625/3625
f 3653/3653/3653 3623/3623/3623 3643/3643/3643
f 3643/3643/3643 3633/3633/3633 3642/3642/3642
f 3642/3642/3642 3621/3621/3621 3652/3652/3652
f 3641/3641/3641 3652/3652/3652 3621/3621/3621
f 3641/3641/3641 3632/3632/3632 3651/3651/3651
f 3611/3611/3611 3640/3640/3640 3648/3648/3648
f 3651/3651/3651 3632/3632/3632 3619/3619/3619
f 3650/3650/3650 3639/3639/3639 3630/3630/3630
f 3619/3619/3619 3639/3639/3639 3649/3649/3649
f 3629/3629/3629 3638/3638/3638 3647/3647/3647
f 869/869/869 866/866/866 867/867/867
f 868/868/868 866/866/866 870/870/870
f 3648/3648/3648 3638/3638/3638 3611/3611/3611
f 3629/3629/3629 3647/3647/3647 3630/3630/3630
f 3631/3631/3631 3628/3628/3628 3646/3646/3646
f 3635/3635/3635 3627/3627/3627 3637/3637/3637
f 3635/3635/3635 3636/3636/3636 3627/3627/3627
f 3636/3636/3636 3635/3635/3635 3615/3615/3615
f 3625/3625/3625 3634/3634/3634 3645/3645/3645
f 3628/3628/3628 3625/3625/3625 3644/3644/3644
f 3623/3623/3623 3622/3622/3622 3643/3643/3643
f 3622/3622/3622 3633/3633/3633 3643/3643/3643
f 3633/3633/3633 3621/3621/3621 3642/3642/3642
f 3621/3621/3621 3632/3632/3632 3641/3641/3641
f 3611/3611/3611 3631/3631/3631 3640/3640/3640
f 3632/3632/3632 3620/3620/3620 3619/3619/3619
f 3618/3618/3618 3630/3630/3630 3639/3639/3639
f 3639/3639/3639 3619/3619/3619 3618/3618/3618
f 3638/3638/3638 3629/3629/3629 3611/3611/3611
f 3609/3609/3609 3629/3629/3629 3630/3630/3630
f 3607/3607/3607 3628/3628/3628 3631/3631/3631
f 3616/3616/3616 3637/3637/3637 3627/3627/3627
f 3627/3627/3627 3636/3636/3636 3615/3615/3615
f 3626/3626/3626 3615/3615/3615 3635/3635/3635
f 869/869/869 870/870/870 866/866/866
f 869/869/869 867/867/867 871/871/871
f 3596/3596/3596 3626/3626/3626 3634/3634/3634
f 3634/3634/3634 3625/3625/3625 3596/3596/3596
f 3614/3614/3614 3625/3625/3625 3628/3628/3628
f 3624/3624/3624 3613/3613/3613 3623/3623/3623
f 3623/3623/3623 3603/3603/3603 3622/3622/3622
f 3622/3622/3622 3612/3612/3612 3633/3633/3633
f 3621/3621/3621 3633/3633/3633 3612/3612/3612
f 3632/3632/3632 3621/3621/3621 3602/3602/3602
f 3602/3602/3602 3620/3620/3620 3632/3632/3632
f 3607/3607/3607 3631/3631/3631 3611/3611/3611
f 3619/3619/3619 3620/3620/3620 3610/3610/3610
f 3609/3609/3609 3630/3630/3630 3618/3618/3618
f 3600/3600/3600 3618/3618/3618 3619/3619/3619
f 3609/3609/3609 3611/3611/3611 3629/3629/3629
f 3617/3617/3617 3628/3628/3628 3607/3607/3607
f 3597/3597/3597 3614/3614/3614 3628/3628/3628
f 3628/3628/3628 3617/3617/3617 3597/3597/3597
f 3616/3616/3616 3627/3627/3627 3606/3606/3606
f 3606/3606/3606 3627/3627/3627 3615/3615/3615
f 3596/3596/3596 3615/3615/3615 3626/3626/3626
f 3625/3625/3625 3614/3614/3614 3596/3596/3596
f 3608/3608/3608 3604/3604/3604 3624/3624/3624
f 3604/3604/3604 3613/3613/3613 3624/3624/3624
f 3613/3613/3613 3603/3603/3603 3623/3623/3623
f 870/870/870 869/869/869 871/871/871
f 3603/3603/3603 3612/3612/3612 3622/3622/3622
f 3621/3621/3621 3612/3612/3612 3602/3602/3602
f 3602/3602/3602 3610/3610/3610 3620/3620/3620
f 3601/3601/3601 3607/3607/3607 3611/3611/3611
f 3610/3610/3610 3600/3600/3600 3619/3619/3619
f 3600/3600/3600 3609/3609/3609 3618/3618/3618
f 3592/3592/3592 3611/3611/3611 3609/3609/3609
f 3598/3598/3598 3617/3617/3617 3607/3607/3607
f 3614/3614/3614 3597/3597/3597 3605/3605/3605
f 3617/3617/3617 3598/3598/3598 3597/3597/3597
f 3579/3579/3579 3616/3616/3616 3606/3606/3606
f 3606/3606/3606 3615/3615/3615 3596/3596/3596
f 3614/3614/3614 3605/3605/3605 3596/3596/3596
f 3604/3604/3604 3608/3608/3608 3583/3583/3583
f 3613/3613/3613 3604/3604/3604 3595/3595/3595
f 3603/3603/3603 3613/3613/3613 3594/3594/3594
f 3612/3612/3612 3603/3603/3603 3585/3585/3585
f 3595/3595/3595 3594/3594/3594 3613/3613/3613
f 3593/3593/3593 909/909/909 3610/3610/3610
f 3612/3612/3612 3585/3585/3585 3602/3602/3602
f 3593/3593/3593 3610/3610/3610 3602/3602/3602
f 3611/3611/3611 3592/3592/3592 3601/3601/3601
f 3584/3584/3584 3607/3607/3607 3601/3601/3601
f 3600/3600/3600 3610/3610/3610 909/909/909
f 3591/3591/3591 3609/3609/3609 3600/3600/3600
f 3591/3591/3591 3592/3592/3592 3609/3609/3609
f 3599/3599/3599 3583/3583/3583 3608/3608/3608
f 3584/3584/3584 3598/3598/3598 3607/3607/3607
f 3605/3605/3605 3597/3597/3597 3590/3590/3590
f 3580/3580/3580 3597/3597/3597 3598/3598/3598
f 3579/3579/3579 3606/3606/3606 3596/3596/3596
f 3590/3590/3590 3596/3596/3596 3605/3605/3605
f 3583/3583/3583 3595/3595/3595 3604/3604/3604
f 3594/3594/3594 3585/3585/3585 3603/3603/3603
f 3594/3594/3594 3595/3595/3595 3570/3570/3570
f 910/910/910 909/909/909 3593/3593/3593
f 3602/3602/3602 3585/3585/3585 3593/3593/3593
f 3584/3584/3584 3601/3601/3601 3592/3592/3592
f 909/909/909 3591/3591/3591 3600/3600/3600
f 3575/3575/3575 3592/3592/3592 3591/3591/3591
f 3582/3582/3582 3583/3583/3583 3599/3599/3599
f 3581/3581/3581 3598/3598/3598 3584/3584/3584
f 3581/3581/3581 3580/3580/3580 3598/3598/3598
f 3580/3580/3580 3590/3590/3590 3597/3597/3597
f 3590/3590/3590 3579/3579/3579 3596/3596/3596
f 3587/3587/3587 3586/3586/3586 3561/3561/3561
f 3583/3583/3583 3570/3570/3570 3595/3595/3595
f 3585/3585/3585 3594/3594/3594 3570/3570/3570
f 3585/3585/3585 910/910/910 3593/3593/3593
f 3575/3575/3575 3584/3584/3584 3592/3592/3592
f 3591/3591/3591 909/909/909 3575/3575/3575
f 3583/3583/3583 3582/3582/3582 3574/3574/3574
f 3567/3567/3567 3581/3581/3581 3584/3584/3584
f 3564/3564/3564 3580/3580/3580 3581/3581/3581
f 3551/3551/3551 3590/3590/3590 3580/3580/3580
f 3564/3564/3564 3572/3572/3572 3580/3580/3580
f 3551/3551/3551 3579/3579/3579 3590/3590/3590
f 3589/3589/3589 3571/3571/3571 3578/3578/3578
f 3542/3542/3542 3588/3588/3588 3578/3578/3578
f 3587/3587/3587 3561/3561/3561 3577/3577/3577
f 3586/3586/3586 3576/3576/3576 3561/3561/3561
f 3566/3566/3566 3570/3570/3570 3583/3583/3583
f 3570/3570/3570 3569/3569/3569 3585/3585/3585
f 3569/3569/3569 910/910/910 3585/3585/3585
f 911/911/911 3559/3559/3559 909/909/909
f 3575/3575/3575 3557/3557/3557 3584/3584/3584
f 3559/3559/3559 3575/3575/3575 909/909/909
f 3584/3584/3584 3557/3557/3557 3567/3567/3567
f 3574/3574/3574 3566/3566/3566 3583/3583/3583
f 3582/3582/3582 3565/3565/3565 3574/3574/3574
f 3567/3567/3567 3564/3564/3564 3581/3581/3581
f 3572/3572/3572 3551/3551/3551 3580/3580/3580
f 3563/3563/3563 3572/3572/3572 3564/3564/3564
f 3579/3579/3579 3551/3551/3551 3562/3562/3562
f 3571/3571/3571 3542/3542/3542 3578/3578/3578
f 3561/3561/3561 3571/3571/3571 3577/3577/3577
f 3560/3560/3560 3561/3561/3561 3576/3576/3576
f 3570/3570/3570 3566/3566/3566 3556/3556/3556
f 3570/3570/3570 3548/3548/3548 3569/3569/3569
f 3569/3569/3569 911/911/911 910/910/910
f 3568/3568/3568 3559/3559/3559 911/911/911
f 3575/3575/3575 3559/3559/3559 3557/3557/3557
f 3558/3558/3558 3567/3567/3567 3557/3557/3557
f 3566/3566/3566 3574/3574/3574 3546/3546/3546
f 3566/3566/3566 3555/3555/3555 3556/3556/3556
f 3573/3573/3573 3554/3554/3554 3565/3565/3565
f 3565/3565/3565 3546/3546/3546 3574/3574/3574
f 3554/3554/3554 3573/3573/3573 3552/3552/3552
f 3544/3544/3544 3564/3564/3564 3567/3567/3567
f 3572/3572/3572 3563/3563/3563 3551/3551/3551
f 124/124/124 873/873/873 874/874/874
f 875/875/875 874/874/874 873/873/873
f 3543/3543/3543 3563/3563/3563 3564/3564/3564
f 3550/3550/3550 3562/3562/3562 3551/3551/3551
f 3561/3561/3561 3542/3542/3542 3571/3571/3571
f 3560/3560/3560 3549/3549/3549 3561/3561/3561
f 3570/3570/3570 3556/3556/3556 3548/3548/3548
f 3532/3532/3532 3568/3568/3568 911/911/911
f 3548/3548/3548 911/911/911 3569/3569/3569
f 3559/3559/3559 3568/3568/3568 3532/3532/3532
f 3558/3558/3558 3544/3544/3544 3567/3567/3567
f 3540/3540/3540 3557/3557/3557 3559/3559/3559
f 3539/3539/3539 3558/3558/3558 3557/3557/3557
f 3546/3546/3546 3555/3555/3555 3566/3566/3566
f 3556/3556/3556 3555/3555/3555 3530/3530/3530
f 3554/3554/3554 3546/3546/3546 3565/3565/3565
f 3552/3552/3552 3553/3553/3553 3537/3537/3537
f 3552/3552/3552 3538/3538/3538 3554/3554/3554
f 3543/3543/3543 3564/3564/3564 3544/3544/3544
f 3543/3543/3543 3551/3551/3551 3563/3563/3563
f 3551/3551/3551 3536/3536/3536 3550/3550/3550
f 3562/3562/3562 3550/3550/3550 3535/3535/3535
f 3549/3549/3549 3542/3542/3542 3561/3561/3561
f 3560/3560/3560 3533/3533/3533 3549/3549/3549
f 3556/3556/3556 3541/3541/3541 3548/3548/3548
f 3548/3548/3548 3532/3532/3532 911/911/911
f 3559/3559/3559 3547/3547/3547 3540/3540/3540
f 3532/3532/3532 3547/3547/3547 3559/3559/3559
f 3539/3539/3539 3544/3544/3544 3558/3558/3558
f 3557/3557/3557 3540/3540/3540 3539/3539/3539
f 3530/3530/3530 3541/3541/3541 3556/3556/3556
f 3546/3546/3546 3530/3530/3530 3555/3555/3555
f 3546/3546/3546 3554/3554/3554 3538/3538/3538
f 3537/3537/3537 3553/3553/3553 3545/3545/3545
f 3538/3538/3538 3552/3552/3552 3537/3537/3537
f 3527/3527/3527 3543/3543/3543 3544/3544/3544
f 3536/3536/3536 3551/3551/3551 3543/3543/3543
f 3535/3535/3535 3550/3550/3550 3536/3536/3536
f 3542/3542/3542 3549/3549/3549 3525/3525/3525
f 3533/3533/3533 3525/3525/3525 3549/3549/3549
f 3541/3541/3541 3532/3532/3532 3548/3548/3548
f 3547/3547/3547 3532/3532/3532 3540/3540/3540
f 3528/3528/3528 3544/3544/3544 3539/3539/3539
f 3523/3523/3523 3539/3539/3539 3540/3540/3540
f 3529/3529/3529 3545/3545/3545 3522/3522/3522
f 3541/3541/3541 3530/3530/3530 3524/3524/3524
f 3546/3546/3546 3538/3538/3538 3530/3530/3530
f 3537/3537/3537 3545/3545/3545 3529/3529/3529
f 3537/3537/3537 3520/3520/3520 3538/3538/3538
f 3528/3528/3528 3527/3527/3527 3544/3544/3544
f 3543/3543/3543 3527/3527/3527 3536/3536/3536
f 3501/3501/3501 3535/3535/3535 3536/3536/3536
f 3525/3525/3525 3534/3534/3534 3542/3542/3542
f 3516/3516/3516 3525/3525/3525 3533/3533/3533
f 3524/3524/3524 3532/3532/3532 3541/3541/3541
f 3523/3523/3523 3540/3540/3540 3532/3532/3532
f 3523/3523/3523 3528/3528/3528 3539/3539/3539
f 3529/3529/3529 3522/3522/3522 3521/3521/3521
f 3524/3524/3524 3530/3530/3530 3512/3512/3512
f 3538/3538/3538 3520/3520/3520 3530/3530/3530
f 3520/3520/3520 3537/3537/3537 3529/3529/3529
f 3519/3519/3519 3527/3527/3527 3528/3528/3528
f 3501/3501/3501 3536/3536/3536 3527/3527/3527
f 3526/3526/3526 3535/3535/3535 3501/3501/3501
f 3535/3535/3535 3526/3526/3526 3510/3510/3510
f 3534/3534/3534 3525/3525/3525 3518/3518/3518
f 3517/3517/3517 3516/3516/3516 3533/3533/3533
f 3516/3516/3516 3509/3509/3509 3525/3525/3525
f 3512/3512/3512 3515/3515/3515 3524/3524/3524
f 3524/3524/3524 3504/3504/3504 3532/3532/3532
f 3504/3504/3504 3523/3523/3523 3532/3532/3532
f 3514/3514/3514 3528/3528/3528 3523/3523/3523
f 3531/3531/3531 3506/3506/3506 3522/3522/3522
f 3521/3521/3521 3502/3502/3502 3529/3529/3529
f 3522/3522/3522 3503/3503/3503 3521/3521/3521
f 3520/3520/3520 3512/3512/3512 3530/3530/3530
f 3529/3529/3529 3502/3502/3502 3520/3520/3520
f 3512/3512/3512 3513/3513/3513 3515/3515/3515
f 3514/3514/3514 3511/3511/3511 3528/3528/3528
f 3511/3511/3511 3519/3519/3519 3528/3528/3528
f 3519/3519/3519 3501/3501/3501 3527/3527/3527
f 3510/3510/3510 3526/3526/3526 3501/3501/3501
f 3525/3525/3525 3509/3509/3509 3518/3518/3518
f 3516/3516/3516 3517/3517/3517 3499/3499/3499
f 3507/3507/3507 3509/3509/3509 3516/3516/3516
f 3515/3515/3515 3504/3504/3504 3524/3524/3524
f 3504/3504/3504 3514/3514/3514 3523/3523/3523
f 3503/3503/3503 3522/3522/3522 3506/3506/3506
f 3513/3513/3513 3497/3497/3497 3515/3515/3515
f 3521/3521/3521 3503/3503/3503 3502/3502/3502
f 3520/3520/3520 3502/3502/3502 3512/3512/3512
f 3496/3496/3496 3513/3513/3513 3512/3512/3512
f 3494/3494/3494 3511/3511/3511 3514/3514/3514
f 3519/3519/3519 3511/3511/3511 3501/3501/3501
f 3500/3500/3500 3510/3510/3510 3501/3501/3501
f 3510/3510/3510 3500/3500/3500 3492/3492/3492
f 3518/3518/3518 3509/3509/3509 3490/3490/3490
f 3508/3508/3508 3499/3499/3499 3517/3517/3517
f 3499/3499/3499 3507/3507/3507 3516/3516/3516
f 3507/3507/3507 3498/3498/3498 3509/3509/3509
f 3505/3505/3505 3494/3494/3494 3514/3514/3514
f 3486/3486/3486 3505/3505/3505 3514/3514/3514
f 3504/3504/3504 3515/3515/3515 3497/3497/3497
f 3486/3486/3486 3514/3514/3514 3504/3504/3504
f 3506/3506/3506 3487/3487/3487 3503/3503/3503
f 3496/3496/3496 3497/3497/3497 3513/3513/3513
f 3503/3503/3503 3485/3485/3485 3502/3502/3502
f 3512/3512/3512 3502/3502/3502 3496/3496/3496
f 3494/3494/3494 3501/3501/3501 3511/3511/3511
f 3501/3501/3501 3484/3484/3484 3500/3500/3500
f 3510/3510/3510 3492/3492/3492 3495/3495/3495
f 3493/3493/3493 3492/3492/3492 3500/3500/3500
f 3509/3509/3509 3498/3498/3498 3490/3490/3490
f 3489/3489/3489 3499/3499/3499 3508/3508/3508
f 3507/3507/3507 3499/3499/3499 3488/3488/3488
f 3507/3507/3507 3488/3488/3488 3498/3498/3498
f 3479/3479/3479 3487/3487/3487 3506/3506/3506
f 3505/3505/3505 3486/3486/3486 3494/3494/3494
f 3497/3497/3497 3486/3486/3486 3504/3504/3504
f 3485/3485/3485 3503/3503/3503 3487/3487/3487
f 3477/3477/3477 3497/3497/3497 3496/3496/3496
f 3502/3502/3502 3485/3485/3485 3496/3496/3496
f 3484/3484/3484 3501/3501/3501 3494/3494/3494
f 3493/3493/3493 3500/3500/3500 3484/3484/3484
f 3483/3483/3483 3495/3495/3495 3492/3492/3492
f 3469/3469/3469 3492/3492/3492 3493/3493/3493
f 3490/3490/3490 3498/3498/3498 3475/3475/3475
f 3499/3499/3499 3489/3489/3489 3481/3481/3481
f 3481/3481/3481 3488/3488/3488 3499/3499/3499
f 3488/3488/3488 3475/3475/3475 3498/3498/3498
f 3487/3487/3487 3479/3479/3479 3480/3480/3480
f 3494/3494/3494 3486/3486/3486 3472/3472/3472
f 3477/3477/3477 3486/3486/3486 3497/3497/3497
f 3487/3487/3487 3471/3471/3471 3485/3485/3485
f 3485/3485/3485 3477/3477/3477 3496/3496/3496
f 3483/3483/3483 3476/3476/3476 3495/3495/3495
f 3472/3472/3472 3484/3484/3484 3494/3494/3494
f 3469/3469/3469 3493/3493/3493 3484/3484/3484
f 3469/3469/3469 3483/3483/3483 3492/3492/3492
f 3482/3482/3482 3460/3460/3460 3491/3491/3491
f 3490/3490/3490 3475/3475/3475 3482/3482/3482
f 3474/3474/3474 3481/3481/3481 3489/3489/3489
f 3488/3488/3488 3481/3481/3481 3467/3467/3467
f 3467/3467/3467 3475/3475/3475 3488/3488/3488
f 3471/3471/3471 3487/3487/3487 3480/3480/3480
f 3479/3479/3479 3465/3465/3465 3480/3480/3480
f 3478/3478/3478 3464/3464/3464 3479/3479/3479
f 3486/3486/3486 3477/3477/3477 3472/3472/3472
f 3471/3471/3471 3477/3477/3477 3485/3485/3485
f 3470/3470/3470 3476/3476/3476 3483/3483/3483
f 3472/3472/3472 3469/3469/3469 3484/3484/3484
f 3470/3470/3470 3483/3483/3483 3469/3469/3469
f 3482/3482/3482 3475/3475/3475 3460/3460/3460
f 3474/3474/3474 3467/3467/3467 3481/3481/3481
f 3467/3467/3467 3468/3468/3468 3475/3475/3475
f 3480/3480/3480 3465/3465/3465 3471/3471/3471
f 3479/3479/3479 3473/3473/3473 3465/3465/3465
f 3464/3464/3464 3473/3473/3473 3479/3479/3479
f 3466/3466/3466 3464/3464/3464 3478/3478/3478
f 3457/3457/3457 3472/3472/3472 3477/3477/3477
f 3471/3471/3471 3457/3457/3457 3477/3477/3477
f 3463/3463/3463 3476/3476/3476 3470/3470/3470
f 3462/3462/3462 3469/3469/3469 3472/3472/3472
f 3456/3456/3456 3470/3470/3470 3469/3469/3469
f 3475/3475/3475 3468/3468/3468 3460/3460/3460
f 3461/3461/3461 3467/3467/3467 3474/3474/3474
f 3467/3467/3467 3455/3455/3455 3468/3468/3468
f 3465/3465/3465 3458/3458/3458 3471/3471/3471
f 3465/3465/3465 3473/3473/3473 3453/3453/3453
f 3473/3473/3473 3464/3464/3464 3453/3453/3453
f 3464/3464/3464 3466/3466/3466 3452/3452/3452
f 3457/3457/3457 3462/3462/3462 3472/3472/3472
f 3458/3458/3458 3457/3457/3457 3471/3471/3471
f 3456/3456/3456 3463/3463/3463 3470/3470/3470
f 3462/3462/3462 3456/3456/3456 3469/3469/3469
f 3455/3455/3455 3460/3460/3460 3468/3468/3468
f 3467/3467/3467 3461/3461/3461 3455/3455/3455
f 3466/3466/3466 3459/3459/3459 3452/3452/3452
f 3465/3465/3465 3453/3453/3453 3458/3458/3458
f 3464/3464/3464 3452/3452/3452 3453/3453/3453
f 3462/3462/3462 3457/3457/3457 3447/3447/3447
f 3451/3451/3451 3457/3457/3457 3458/3458/3458
f 3450/3450/3450 3463/3463/3463 3456/3456/3456
f 3447/3447/3447 3456/3456/3456 3462/3462/3462
f 3455/3455/3455 3446/3446/3446 3460/3460/3460
f 3461/3461/3461 3449/3449/3449 3455/3455/3455
f 3460/3460/3460 3446/3446/3446 3454/3454/3454
f 3459/3459/3459 3443/3443/3443 3452/3452/3452
f 3453/3453/3453 3448/3448/3448 3458/3458/3458
f 3453/3453/3453 3452/3452/3452 3442/3442/3442
f 3448/3448/3448 3451/3451/3451 3458/3458/3458
f 3451/3451/3451 3447/3447/3447 3457/3457/3457
f 3447/3447/3447 3450/3450/3450 3456/3456/3456
f 3455/3455/3455 3449/3449/3449 3446/3446/3446
f 3454/3454/3454 3446/3446/3446 3445/3445/3445
f 3452/3452/3452 3443/3443/3443 3444/3444/3444
f 3453/3453/3453 3442/3442/3442 3448/3448/3448
f 3452/3452/3452 3444/3444/3444 3442/3442/3442
f 3451/3451/3451 3448/3448/3448 3441/3441/3441
f 3441/3441/3441 3447/3447/3447 3451/3451/3451
f 3436/3436/3436 3450/3450/3450 3447/3447/3447
f 3449/3449/3449 3435/3435/3435 3446/3446/3446
f 3440/3440/3440 3445/3445/3445 3446/3446/3446
f 3443/3443/3443 3431/3431/3431 3444/3444/3444
f 3442/3442/3442 3437/3437/3437 3448/3448/3448
f 3442/3442/3442 3444/3444/3444 3438/3438/3438
f 3437/3437/3437 3441/3441/3441 3448/3448/3448
f 3441/3441/3441 3436/3436/3436 3447/3447/3447
f 3435/3435/3435 3440/3440/3440 3446/3446/3446
f 3426/3426/3426 3445/3445/3445 3440/3440/3440
f 3434/3434/3434 905/905/905 904/904/904
f 3431/3431/3431 3438/3438/3438 3444/3444/3444
f 3439/3439/3439 3431/3431/3431 3443/3443/3443
f 3430/3430/3430 3437/3437/3437 3442/3442/3442
f 3442/3442/3442 3438/3438/3438 3430/3430/3430
f 3437/3437/3437 3428/3428/3428 3441/3441/3441
f 3432/3432/3432 3433/3433/3433 3429/3429/3429
f 3428/3428/3428 3436/3436/3436 3441/3441/3441
f 3435/3435/3435 3427/3427/3427 3440/3440/3440
f 3440/3440/3440 3427/3427/3427 3426/3426/3426
f 3421/3421/3421 3434/3434/3434 904/904/904
f 905/905/905 3434/3434/3434 3414/3414/3414
f 3439/3439/3439 3432/3432/3432 3425/3425/3425
f 3438/3438/3438 3431/3431/3431 3408/3408/3408
f 3431/3431/3431 3439/3439/3439 3425/3425/3425
f 3430/3430/3430 3424/3424/3424 3437/3437/3437
f 3430/3430/3430 3438/3438/3438 3408/3408/3408
f 3424/3424/3424 3428/3428/3428 3437/3437/3437
f 3433/3433/3433 3416/3416/3416 3429/3429/3429
f 3429/3429/3429 3418/3418/3418 3432/3432/3432
f 3436/3436/3436 3428/3428/3428 3423/3423/3423
f 3417/3417/3417 3406/3406/3406 3428/3428/3428
f 3414/3414/3414 908/908/908 905/905/905
f 3435/3435/3435 3422/3422/3422 3427/3427/3427
f 3426/3426/3426 3427/3427/3427 3411/3411/3411
f 3421/3421/3421 3414/3414/3414 3434/3434/3434
f 3433/3433/3433 3419/3419/3419 3416/3416/3416
f 3432/3432/3432 3418/3418/3418 3425/3425/3425
f 3431/3431/3431 3425/3425/3425 3408/3408/3408
f 3408/3408/3408 3424/3424/3424 3430/3430/3430
f 3428/3428/3428 3424/3424/3424 3417/3417/3417
f 3418/3418/3418 3429/3429/3429 3416/3416/3416
f 3406/3406/3406 3423/3423/3423 3428/3428/3428
f 3415/3415/3415 3406/3406/3406 3417/3417/3417
f 3414/3414/3414 3413/3413/3413 908/908/908
f 3422/3422/3422 3411/3411/3411 3427/3427/3427
f 3411/3411/3411 3402/3402/3402 3426/3426/3426
f 3410/3410/3410 3414/3414/3414 3421/3421/3421
f 3420/3420/3420 3409/3409/3409 3419/3419/3419
f 3419/3419/3419 3396/3396/3396 3416/3416/3416
f 3418/3418/3418 3408/3408/3408 3425/3425/3425
f 3408/3408/3408 3417/3417/3417 3424/3424/3424
f 3416/3416/3416 3386/3386/3386 3418/3418/3418
f 3406/3406/3406 3407/3407/3407 3423/3423/3423
f 3393/3393/3393 3415/3415/3415 3417/3417/3417
f 3405/3405/3405 3406/3406/3406 3415/3415/3415
f 3413/3413/3413 3414/3414/3414 3403/3403/3403
f 3401/3401/3401 3411/3411/3411 3422/3422/3422
f 3389/3389/3389 3402/3402/3402 3411/3411/3411
f 3399/3399/3399 3410/3410/3410 3421/3421/3421
f 3414/3414/3414 3410/3410/3410 3388/3388/3388
f 3398/3398/3398 3409/3409/3409 3420/3420/3420
f 3409/3409/3409 3396/3396/3396 3419/3419/3419
f 3396/3396/3396 3395/3395/3395 3416/3416/3416
f 3408/3408/3408 3418/3418/3418 3386/3386/3386
f 3417/3417/3417 3408/3408/3408 3393/3393/3393
f 3416/3416/3416 3395/3395/3395 3386/3386/3386
f 3394/3394/3394 3407/3407/3407 3406/3406/3406
f 3406/3406/3406 3405/3405/3405 3373/3373/3373
f 3393/3393/3393 3405/3405/3405 3415/3415/3415
f 3392/3392/3392 3404/3404/3404 3407/3407/3407
f 3388/3388/3388 3403/3403/3403 3414/3414/3414
f 3403/3403/3403 3384/3384/3384 3413/3413/3413
f 3389/3389/3389 3391/3391/3391 3402/3402/3402
f 3412/3412/3412 3402/3402/3402 3368/3368/3368
f 3389/3389/3389 3411/3411/3411 3401/3401/3401
f 3389/3389/3389 3390/3390/3390 3391/3391/3391
f 3399/3399/3399 3388/3388/3388 3410/3410/3410
f 3398/3398/3398 3380/3380/3380 3409/3409/3409
f 3400/3400/3400 3397/3397/3397 3387/3387/3387
f 3387/3387/3387 3377/3377/3377 3400/3400/3400
f 3396/3396/3396 3409/3409/3409 3380/3380/3380
f 3395/3395/3395 3396/3396/3396 3375/3375/3375
f 3386/3386/3386 3393/3393/3393 3408/3408/3408
f 3386/3386/3386 3395/3395/3395 3376/3376/3376
f 3385/3385/3385 3392/3392/3392 3407/3407/3407
f 3407/3407/3407 3394/3394/3394 3385/3385/3385
f 3373/3373/3373 3394/3394/3394 3406/3406/3406
f 3393/3393/3393 3373/3373/3373 3405/3405/3405
f 3404/3404/3404 3392/3392/3392 3371/3371/3371
f 3388/3388/3388 3384/3384/3384 3403/3403/3403
f 3402/3402/3402 3391/3391/3391 3368/3368/3368
f 3390/3390/3390 3383/3383/3383 3391/3391/3391
f 3401/3401/3401 3384/3384/3384 3382/3382/3382
f 3382/3382/3382 3389/3389/3389 3401/3401/3401
f 3357/3357/3357 3390/3390/3390 3389/3389/3389
f 3377/3377/3377 3367/3367/3367 3400/3400/3400
f 3388/3388/3388 3399/3399/3399 3367/3367/3367
f 3379/3379/3379 3380/3380/3380 3398/3398/3398
f 3397/3397/3397 3378/3378/3378 3387/3387/3387
f 3387/3387/3387 3364/3364/3364 3377/3377/3377
f 3380/3380/3380 3375/3375/3375 3396/3396/3396
f 3375/3375/3375 3376/3376/3376 3395/3395/3395
f 3386/3386/3386 3374/3374/3374 3393/3393/3393
f 3376/3376/3376 3361/3361/3361 3386/3386/3386
f 3385/3385/3385 3372/3372/3372 3392/3392/3392
f 3373/3373/3373 3385/3385/3385 3394/3394/3394
f 3374/3374/3374 3373/3373/3373 3393/3393/3393
f 3372/3372/3372 3371/3371/3371 3392/3392/3392
f 3388/3388/3388 3381/3381/3381 3369/3369/3369
f 3369/3369/3369 3384/3384/3384 3388/3388/3388
f 3391/3391/3391 3383/3383/3383 3368/3368/3368
f 3357/3357/3357 3383/3383/3383 3390/3390/3390
f 3382/3382/3382 3384/3384/3384 3358/3358/3358
f 3389/3389/3389 3382/3382/3382 3357/3357/3357
f 3377/3377/3377 3370/3370/3370 3367/3367/3367
f 3367/3367/3367 3381/3381/3381 3388/3388/3388
f 3380/3380/3380 3379/3379/3379 3354/3354/3354
f 3378/3378/3378 3365/3365/3365 3387/3387/3387
f 3387/3387/3387 3365/3365/3365 3364/3364/3364
f 3377/3377/3377 3364/3364/3364 3363/3363/3363
f 3375/3375/3375 3380/3380/3380 3355/3355/3355
f 3375/3375/3375 3351/3351/3351 3376/3376/3376
f 3361/3361/3361 3374/3374/3374 3386/3386/3386
f 3376/3376/3376 3362/3362/3362 3361/3361/3361
f 3360/3360/3360 3372/3372/3372 3385/3385/3385
f 3360/3360/3360 3385/3385/3385 3373/3373/3373
f 3374/3374/3374 3342/3342/3342 3373/3373/3373
f 3359/3359/3359 3371/3371/3371 3372/3372/3372
f 3377/3377/3377 3349/3349/3349 3370/3370/3370
f 3381/3381/3381 3348/3348/3348 3369/3369/3369
f 3369/3369/3369 3358/3358/3358 3384/3384/3384
f 3368/3368/3368 3383/3383/3383 3357/3357/3357
f 3382/3382/3382 3358/3358/3358 3357/3357/3357
f 3370/3370/3370 3356/3356/3356 3367/3367/3367
f 3367/3367/3367 3348/3348/3348 3381/3381/3381
f 3354/3354/3354 3355/3355/3355 3380/3380/3380
f 3366/3366/3366 3354/3354/3354 3379/3379/3379
f 3346/3346/3346 3365/3365/3365 3378/3378/3378
f 3364/3364/3364 3365/3365/3365 3352/3352/3352
f 3364/3364/3364 3344/3344/3344 3363/3363/3363
f 3363/3363/3363 3349/3349/3349 3377/3377/3377
f 3351/3351/3351 3362/3362/3362 3376/3376/3376
f 3355/3355/3355 3351/3351/3351 3375/3375/3375
f 3361/3361/3361 3342/3342/3342 3374/3374/3374
f 3362/3362/3362 3343/3343/3343 3361/3361/3361
f 3372/3372/3372 3360/3360/3360 3350/3350/3350
f 3342/3342/3342 3360/3360/3360 3373/3373/3373
f 3350/3350/3350 3359/3359/3359 3372/3372/3372
f 3359/3359/3359 3341/3341/3341 3371/3371/3371
f 3349/3349/3349 3356/3356/3356 3370/3370/3370
f 3358/3358/3358 3369/3369/3369 3348/3348/3348
f 3368/3368/3368 3357/3357/3357 3347/3347/3347
f 3357/3357/3357 3358/3358/3358 3339/3339/3339
f 3356/3356/3356 3348/3348/3348 3367/3367/3367
f 3355/3355/3355 3354/3354/3354 3338/3338/3338
f 3354/3354/3354 3366/3366/3366 3337/3337/3337
f 3346/3346/3346 3345/3345/3345 3365/3365/3365
f 3365/3365/3365 3345/3345/3345 3352/3352/3352
f 3352/3352/3352 3344/3344/3344 3364/3364/3364
f 3349/3349/3349 3363/3363/3363 3344/3344/3344
f 3362/3362/3362 3351/3351/3351 3343/3343/3343
f 3355/3355/3355 3340/3340/3340 3351/3351/3351
f 3343/3343/3343 3342/3342/3342 3361/3361/3361
f 3342/3342/3342 3350/3350/3350 3360/3360/3360
f 3350/3350/3350 3341/3341/3341 3359/3359/3359
f 3349/3349/3349 3330/3330/3330 3356/3356/3356
f 3348/3348/3348 3339/3339/3339 3358/3358/3358
f 3357/3357/3357 3339/3339/3339 3347/3347/3347
f 3356/3356/3356 3330/3330/3330 3348/3348/3348
f 3338/3338/3338 3340/3340/3340 3355/3355/3355
f 3337/3337/3337 3338/3338/3338 3354/3354/3354
f 3353/3353/3353 3347/3347/3347 3337/3337/3337
f 3345/3345/3345 3346/3346/3346 3326/3326/3326
f 3345/3345/3345 3325/3325/3325 3352/3352/3352
f 3352/3352/3352 3325/3325/3325 3344/3344/3344
f 3344/3344/3344 3334/3334/3334 3349/3349/3349
f 3351/3351/3351 3333/3333/3333 3343/3343/3343
f 3340/3340/3340 3333/3333/3333 3351/3351/3351
f 3315/3315/3315 3342/3342/3342 3343/3343/3343
f 3342/3342/3342 3332/3332/3332 3350/3350/3350
f 3332/3332/3332 3341/3341/3341 3350/3350/3350
f 3334/3334/3334 3330/3330/3330 3349/3349/3349
f 3339/3339/3339 3348/3348/3348 3319/3319/3319
f 3339/3339/3339 3329/3329/3329 3347/3347/3347
f 3330/3330/3330 3319/3319/3319 3348/3348/3348
f 3340/3340/3340 3338/3338/3338 3321/3321/3321
f 3347/3347/3347 3329/3329/3329 3328/3328/3328
f 3338/3338/3338 3337/3337/3337 3318/3318/3318
f 3337/3337/3337 3347/3347/3347 3328/3328/3328
f 3336/3336/3336 3326/3326/3326 3346/3346/3346
f 3345/3345/3345 3326/3326/3326 3335/3335/3335
f 3335/3335/3335 3325/3325/3325 3345/3345/3345
f 3334/3334/3334 3344/3344/3344 3325/3325/3325
f 3340/3340/3340 3331/3331/3331 3324/3324/3324
f 3333/3333/3333 3315/3315/3315 3343/3343/3343
f 3333/3333/3333 3340/3340/3340 3324/3324/3324
f 3315/3315/3315 3314/3314/3314 3342/3342/3342
f 3314/3314/3314 3332/3332/3332 3342/3342/3342
f 3332/3332/3332 3322/3322/3322 3341/3341/3341
f 3321/3321/3321 3331/3331/3331 3340/3340/3340
f 3334/3334/3334 3320/3320/3320 3330/3330/3330
f 3339/3339/3339 3319/3319/3319 3329/3329/3329
f 3330/3330/3330 3312/3312/3312 3319/3319/3319
f 3338/3338/3338 3318/3318/3318 3321/3321/3321
f 3329/3329/3329 3301/3301/3301 3328/3328/3328
f 3328/3328/3328 3318/3318/3318 3337/3337/3337
f 3327/3327/3327 3308/3308/3308 3336/3336/3336
f 3308/3308/3308 3326/3326/3326 3336/3336/3336
f 3326/3326/3326 3317/3317/3317 3335/3335/3335
f 3335/3335/3335 3317/3317/3317 3325/3325/3325
f 3325/3325/3325 3316/3316/3316 3334/3334/3334
f 3316/3316/3316 3320/3320/3320 3334/3334/3334
f 3331/3331/3331 3305/3305/3305 3324/3324/3324
f 3324/3324/3324 3315/3315/3315 3333/3333/3333
f 3323/3323/3323 3314/3314/3314 3315/3315/3315
f 3314/3314/3314 3322/3322/3322 3332/3332/3332
f 3321/3321/3321 3305/3305/3305 3331/3331/3331
f 3320/3320/3320 3312/3312/3312 3330/3330/3330
f 3329/3329/3329 3319/3319/3319 3301/3301/3301
f 3312/3312/3312 3311/3311/3311 3319/3319/3319
f 3318/3318/3318 3306/3306/3306 3321/3321/3321
f 3318/3318/3318 3328/3328/3328 3301/3301/3301
f 3327/3327/3327 3310/3310/3310 3309/3309/3309
f 3308/3308/3308 3327/3327/3327 3309/3309/3309
f 3317/3317/3317 3326/3326/3326 3308/3308/3308
f 3317/3317/3317 3307/3307/3307 3325/3325/3325
f 3325/3325/3325 3307/3307/3307 3316/3316/3316
f 3316/3316/3316 3297/3297/3297 3320/3320/3320
f 3297/3297/3297 3302/3302/3302 3320/3320/3320
f 3295/3295/3295 3323/3323/3323 3315/3315/3315
f 3315/3315/3315 3324/3324/3324 3305/3305/3305
f 3295/3295/3295 3314/3314/3314 3323/3323/3323
f 3304/3304/3304 3322/3322/3322 3314/3314/3314
f 3321/3321/3321 3306/3306/3306 3313/3313/3313
f 3313/3313/3313 3305/3305/3305 3321/3321/3321
f 3320/3320/3320 3302/3302/3302 3312/3312/3312
f 3319/3319/3319 3311/3311/3311 3301/3301/3301
f 3311/3311/3311 3312/3312/3312 3292/3292/3292
f 3318/3318/3318 3301/3301/3301 3306/3306/3306
f 3309/3309/3309 3310/3310/3310 3300/3300/3300
f 3309/3309/3309 3291/3291/3291 3308/3308/3308
f 3317/3317/3317 3308/3308/3308 3290/3290/3290
f 3307/3307/3307 3317/3317/3317 3290/3290/3290
f 3307/3307/3307 3297/3297/3297 3316/3316/3316
f 3297/3297/3297 3296/3296/3296 3302/3302/3302
f 3305/3305/3305 3295/3295/3295 3315/3315/3315
f 3295/3295/3295 3304/3304/3304 3314/3314/3314
f 3306/3306/3306 3294/3294/3294 3313/3313/3313
f 3305/3305/3305 3313/3313/3313 3294/3294/3294
f 3293/3293/3293 3303/3303/3303 3304/3304/3304
f 3302/3302/3302 3292/3292/3292 3312/3312/3312
f 3311/3311/3311 3292/3292/3292 3301/3301/3301
f 3301/3301/3301 3274/3274/3274 3306/3306/3306
f 3310/3310/3310 3285/3285/3285 3300/3300/3300
f 3291/3291/3291 3309/3309/3309 3300/3300/3300
f 3299/3299/3299 3308/3308/3308 3291/3291/3291
f 3308/3308/3308 3299/3299/3299 3290/3290/3290
f 3298/3298/3298 3283/3283/3283 3307/3307/3307
f 3290/3290/3290 3298/3298/3298 3307/3307/3307
f 876/876/876 877/877/877 878/878/878
f 879/879/879 877/877/877 876/876/876
f 880/880/880 876/876/876 878/878/878
f 879/879/879 881/881/881 877/877/877
f 882/882/882 879/879/879 876/876/876
f 883/883/883 876/876/876 880/880/880
f 884/884/884 881/881/881 879/879/879
f 879/879/879 882/882/882 884/884/884
f 876/876/876 883/883/883 882/882/882
f 884/884/884 885/885/885 881/881/881
f 3296/3296/3296 3286/3286/3286 3302/3302/3302
f 3297/3297/3297 3307/3307/3307 3283/3283/3283
f 3281/3281/3281 3296/3296/3296 3297/3297/3297
f 3280/3280/3280 3295/3295/3295 3305/3305/3305
f 3288/3288/3288 3304/3304/3304 3295/3295/3295
f 3274/3274/3274 3289/3289/3289 3306/3306/3306
f 3289/3289/3289 3294/3294/3294 3306/3306/3306
f 3294/3294/3294 3280/3280/3280 3305/3305/3305
f 3304/3304/3304 3288/3288/3288 3287/3287/3287
f 3287/3287/3287 3293/3293/3293 3304/3304/3304
f 3303/3303/3303 3293/3293/3293 3278/3278/3278
f 3292/3292/3292 3302/3302/3302 3286/3286/3286
f 3292/3292/3292 3274/3274/3274 3301/3301/3301
f 3291/3291/3291 3300/3300/3300 3285/3285/3285
f 3291/3291/3291 3284/3284/3284 3299/3299/3299
f 3299/3299/3299 3284/3284/3284 3271/3271/3271
f 3290/3290/3290 3299/3299/3299 3271/3271/3271
f 3298/3298/3298 3290/3290/3290 3283/3283/3283
f 3296/3296/3296 3282/3282/3282 3286/3286/3286
f 3283/3283/3283 3281/3281/3281 3297/3297/3297
f 3281/3281/3281 3282/3282/3282 3296/3296/3296
f 3280/3280/3280 3288/3288/3288 3295/3295/3295
f 3289/3289/3289 3274/3274/3274 3269/3269/3269
f 3289/3289/3289 3280/3280/3280 3294/3294/3294
f 3279/3279/3279 3287/3287/3287 3288/3288/3288
f 3287/3287/3287 3278/3278/3278 3293/3293/3293
f 3286/3286/3286 3275/3275/3275 3292/3292/3292
f 3275/3275/3275 3274/3274/3274 3292/3292/3292
f 3285/3285/3285 3262/3262/3262 3291/3291/3291
f 3284/3284/3284 3291/3291/3291 3262/3262/3262
f 3284/3284/3284 3272/3272/3272 3271/3271/3271
f 3283/3283/3283 3290/3290/3290 3271/3271/3271
f 3286/3286/3286 3282/3282/3282 3265/3265/3265
f 3283/3283/3283 3270/3270/3270 3281/3281/3281
f 3281/3281/3281 3259/3259/3259 3282/3282/3282
f 3276/3276/3276 3269/3269/3269 3274/3274/3274
f 3280/3280/3280 3257/3257/3257 3288/3288/3288
f 3269/3269/3269 3280/3280/3280 3289/3289/3289
f 3257/3257/3257 3279/3279/3279 3288/3288/3288
f 3287/3287/3287 3279/3279/3279 3267/3267/3267
f 3267/3267/3267 3278/3278/3278 3287/3287/3287
f 3286/3286/3286 3265/3265/3265 3275/3275/3275
f 3275/3275/3275 3251/3251/3251 3274/3274/3274
f 3274/3274/3274 3264/3264/3264 3276/3276/3276
f 3273/3273/3273 3262/3262/3262 3285/3285/3285
f 3262/3262/3262 3272/3272/3272 3284/3284/3284
f 3272/3272/3272 3261/3261/3261 3271/3271/3271
f 3283/3283/3283 3271/3271/3271 3260/3260/3260
f 3260/3260/3260 3270/3270/3270 3283/3283/3283
f 3259/3259/3259 3265/3265/3265 3282/3282/3282
f 3270/3270/3270 3259/3259/3259 3281/3281/3281
f 3269/3269/3269 3276/3276/3276 3246/3246/3246
f 3269/3269/3269 3257/3257/3257 3280/3280/3280
f 3257/3257/3257 3267/3267/3267 3279/3279/3279
f 3256/3256/3256 3277/3277/3277 3268/3268/3268
f 3266/3266/3266 3277/3277/3277 3256/3256/3256
f 3267/3267/3267 3255/3255/3255 3278/3278/3278
f 3253/3253/3253 3277/3277/3277 3266/3266/3266
f 3264/3264/3264 3246/3246/3246 3276/3276/3276
f 3265/3265/3265 3251/3251/3251 3275/3275/3275
f 3251/3251/3251 3264/3264/3264 3274/3274/3274
f 3263/3263/3263 3250/3250/3250 3273/3273/3273
f 3273/3273/3273 3250/3250/3250 3262/3262/3262
f 3262/3262/3262 3249/3249/3249 3272/3272/3272
f 3272/3272/3272 3249/3249/3249 3248/3248/3248
f 3272/3272/3272 3248/3248/3248 3261/3261/3261
f 3261/3261/3261 3230/3230/3230 3271/3271/3271
f 3271/3271/3271 3230/3230/3230 3260/3260/3260
f 3270/3270/3270 3260/3260/3260 3247/3247/3247
f 3240/3240/3240 3265/3265/3265 3259/3259/3259
f 3259/3259/3259 3270/3270/3270 3247/3247/3247
f 3265/3265/3265 3258/3258/3258 3239/3239/3239
f 3240/3240/3240 3258/3258/3258 3265/3265/3265
f 3246/3246/3246 3257/3257/3257 3269/3269/3269
f 3245/3245/3245 3267/3267/3267 3257/3257/3257
f 3256/3256/3256 3268/3268/3268 3244/3244/3244
f 3228/3228/3228 3266/3266/3266 3256/3256/3256
f 3255/3255/3255 3244/3244/3244 3268/3268/3268
f 3237/3237/3237 3255/3255/3255 3267/3267/3267
f 3267/3267/3267 3245/3245/3245 3237/3237/3237
f 3253/3253/3253 3266/3266/3266 3228/3228/3228
f 3254/3254/3254 3252/3252/3252 3236/3236/3236
f 3253/3253/3253 3242/3242/3242 3252/3252/3252
f 3241/3241/3241 3246/3246/3246 3264/3264/3264
f 3265/3265/3265 3239/3239/3239 3251/3251/3251
f 3264/3264/3264 3251/3251/3251 3241/3241/3241
f 3263/3263/3263 3233/3233/3233 3250/3250/3250
f 3250/3250/3250 3232/3232/3232 3262/3262/3262
f 3262/3262/3262 3232/3232/3232 3249/3249/3249
f 3249/3249/3249 3231/3231/3231 3248/3248/3248
f 3230/3230/3230 3261/3261/3261 3248/3248/3248
f 3260/3260/3260 3230/3230/3230 3247/3247/3247
f 3259/3259/3259 3247/3247/3247 3240/3240/3240
f 3258/3258/3258 3240/3240/3240 3239/3239/3239
f 3257/3257/3257 3246/3246/3246 3229/3229/3229
f 3229/3229/3229 3245/3245/3245 3257/3257/3257
f 3228/3228/3228 3256/3256/3256 3244/3244/3244
f 3255/3255/3255 3237/3237/3237 3244/3244/3244
f 3238/3238/3238 3237/3237/3237 3245/3245/3245
f 3254/3254/3254 3243/3243/3243 3205/3205/3205
f 3236/3236/3236 3243/3243/3243 3254/3254/3254
f 3242/3242/3242 3253/3253/3253 3228/3228/3228
f 3242/3242/3242 3236/3236/3236 3252/3252/3252
f 3241/3241/3241 3235/3235/3235 3246/3246/3246
f 3239/3239/3239 3234/3234/3234 3251/3251/3251
f 3251/3251/3251 3234/3234/3234 3241/3241/3241
f 3232/3232/3232 3250/3250/3250 3233/3233/3233
f 3231/3231/3231 3249/3249/3249 3232/3232/3232
f 3230/3230/3230 3248/3248/3248 3231/3231/3231
f 3247/3247/3247 3230/3230/3230 3240/3240/3240
f 3240/3240/3240 3216/3216/3216 3239/3239/3239
f 3235/3235/3235 3229/3229/3229 3246/3246/3246
f 3245/3245/3245 3229/3229/3229 3238/3238/3238
f 3244/3244/3244 3237/3237/3237 3228/3228/3228
f 3238/3238/3238 3223/3223/3223 3237/3237/3237
f 3243/3243/3243 3236/3236/3236 3205/3205/3205
f 3236/3236/3236 3242/3242/3242 3228/3228/3228
f 3220/3220/3220 3235/3235/3235 3241/3241/3241
f 3239/3239/3239 3227/3227/3227 3226/3226/3226
f 3234/3234/3234 3239/3239/3239 3226/3226/3226
f 3234/3234/3234 3220/3220/3220 3241/3241/3241
f 3233/3233/3233 3219/3219/3219 3232/3232/3232
f 3232/3232/3232 3218/3218/3218 3231/3231/3231
f 3230/3230/3230 3231/3231/3231 3224/3224/3224
f 3230/3230/3230 3216/3216/3216 3240/3240/3240
f 3216/3216/3216 3227/3227/3227 3239/3239/3239
f 3229/3229/3229 3235/3235/3235 3215/3215/3215
f 3223/3223/3223 3238/3238/3238 3229/3229/3229
f 3223/3223/3223 3228/3228/3228 3237/3237/3237
f 3228/3228/3228 3205/3205/3205 3236/3236/3236
f 3220/3220/3220 3215/3215/3215 3235/3235/3235
f 3227/3227/3227 3213/3213/3213 3226/3226/3226
f 3226/3226/3226 3220/3220/3220 3234/3234/3234
f 3219/3219/3219 3233/3233/3233 3225/3225/3225
f 3218/3218/3218 3232/3232/3232 3219/3219/3219
f 3231/3231/3231 3218/3218/3218 3224/3224/3224
f 3224/3224/3224 3216/3216/3216 3230/3230/3230
f 3227/3227/3227 3216/3216/3216 3214/3214/3214
f 3215/3215/3215 3223/3223/3223 3229/3229/3229
f 3205/3205/3205 3228/3228/3228 3223/3223/3223
f 3222/3222/3222 3215/3215/3215 3220/3220/3220
f 3227/3227/3227 3214/3214/3214 3221/3221/3221
f 3221/3221/3221 3213/3213/3213 3227/3227/3227
f 3209/3209/3209 3222/3222/3222 3220/3220/3220
f 3220/3220/3220 3226/3226/3226 3213/3213/3213
f 3219/3219/3219 3225/3225/3225 3212/3212/3212
f 3219/3219/3219 3208/3208/3208 3218/3218/3218
f 3218/3218/3218 3211/3211/3211 3224/3224/3224
f 3212/3212/3212 3225/3225/3225 3217/3217/3217
f 3224/3224/3224 3211/3211/3211 3216/3216/3216
f 3214/3214/3214 3216/3216/3216 3206/3206/3206
f 3215/3215/3215 3205/3205/3205 3223/3223/3223
f 3209/3209/3209 3215/3215/3215 3222/3222/3222
f 3214/3214/3214 3204/3204/3204 3221/3221/3221
f 3213/3213/3213 3221/3221/3221 3204/3204/3204
f 3220/3220/3220 3213/3213/3213 3209/3209/3209
f 3208/3208/3208 3219/3219/3219 3212/3212/3212
f 3211/3211/3211 3218/3218/3218 3208/3208/3208
f 3217/3217/3217 3207/3207/3207 3212/3212/3212
f 3211/3211/3211 3206/3206/3206 3216/3216/3216
f 3214/3214/3214 3206/3206/3206 3210/3210/3210
f 3209/3209/3209 3205/3205/3205 3215/3215/3215
f 3210/3210/3210 3204/3204/3204 3214/3214/3214
f 3204/3204/3204 3209/3209/3209 3213/3213/3213
f 3212/3212/3212 3203/3203/3203 3208/3208/3208
f 3208/3208/3208 3201/3201/3201 3211/3211/3211
f 3212/3212/3212 3207/3207/3207 3203/3203/3203
f 3206/3206/3206 3211/3211/3211 3201/3201/3201
f 3206/3206/3206 3200/3200/3200 3210/3210/3210
f 3202/3202/3202 3205/3205/3205 3209/3209/3209
f 3204/3204/3204 3210/3210/3210 3200/3200/3200
f 3204/3204/3204 3202/3202/3202 3209/3209/3209
f 3201/3201/3201 3208/3208/3208 3203/3203/3203
f 3207/3207/3207 3197/3197/3197 3203/3203/3203
f 3201/3201/3201 3200/3200/3200 3206/3206/3206
f 3198/3198/3198 3205/3205/3205 3202/3202/3202
f 3200/3200/3200 3202/3202/3202 3204/3204/3204
f 3201/3201/3201 3203/3203/3203 3197/3197/3197
f 3200/3200/3200 3201/3201/3201 3199/3199/3199
f 3200/3200/3200 3198/3198/3198 3202/3202/3202
f 3197/3197/3197 3199/3199/3199 3201/3201/3201
f 3199/3199/3199 3198/3198/3198 3200/3200/3200
f 3197/3197/3197 3198/3198/3198 3199/3199/3199
f 3192/3192/3192 3193/3193/3193 3191/3191/3191
f 2496/2496/2496 2505/2505/2505 3189/3189/3189
f 3187/3187/3187 3190/3190/3190 3189/3189/3189
f 3187/3187/3187 3188/3188/3188 3190/3190/3190
f 3188/3188/3188 2516/2516/2516 3190/3190/3190
f 2505/2505/2505 3187/3187/3187 3189/3189/3189
f 3186/3186/3186 3188/3188/3188 3187/3187/3187
f 2516/2516/2516 3188/3188/3188 3186/3186/3186
f 3186/3186/3186 3187/3187/3187 2505/2505/2505
f 3186/3186/3186 2512/2512/2512 2516/2516/2516
f 2512/2512/2512 3186/3186/3186 2505/2505/2505
f 880/880/880 3185/3185/3185 883/883/883
f 3185/3185/3185 886/886/886 883/883/883
f 2917/2917/2917 3184/3184/3184 2920/2920/2920
f 3183/3183/3183 2920/2920/2920 3184/3184/3184
f 3182/3182/3182 3177/3177/3177 3173/3173/3173
f 3173/3173/3173 3180/3180/3180 3182/3182/3182
f 3178/3178/3178 3179/3179/3179 3170/3170/3170
f 3178/3178/3178 3169/3169/3169 3181/3181/3181
f 3177/3177/3177 3181/3181/3181 3169/3169/3169
f 3174/3174/3174 3173/3173/3173 3177/3177/3177
f 3180/3180/3180 3173/3173/3173 3176/3176/3176
f 3179/3179/3179 3172/3172/3172 3170/3170/3170
f 3168/3168/3168 3175/3175/3175 3176/3176/3176
f 3170/3170/3170 3171/3171/3171 3178/3178/3178
f 3171/3171/3171 3169/3169/3169 3178/3178/3178
f 3169/3169/3169 3174/3174/3174 3177/3177/3177
f 3173/3173/3173 3174/3174/3174 3161/3161/3161
f 3173/3173/3173 3168/3168/3168 3176/3176/3176
f 3170/3170/3170 3172/3172/3172 3165/3165/3165
f 3168/3168/3168 1081/1081/1081 3175/3175/3175
f 3170/3170/3170 3162/3162/3162 3171/3171/3171
f 3171/3171/3171 3166/3166/3166 3169/3169/3169
f 3169/3169/3169 3161/3161/3161 3174/3174/3174
f 3161/3161/3161 3168/3168/3168 3173/3173/3173
f 3172/3172/3172 3167/3167/3167 3165/3165/3165
f 3170/3170/3170 3165/3165/3165 3164/3164/3164
f 3163/3163/3163 1081/1081/1081 3168/3168/3168
f 3162/3162/3162 3166/3166/3166 3171/3171/3171
f 3164/3164/3164 3162/3162/3162 3170/3170/3170
f 3166/3166/3166 3161/3161/3161 3169/3169/3169
f 3161/3161/3161 3163/3163/3163 3168/3168/3168
f 3167/3167/3167 3158/3158/3158 3165/3165/3165
f 3165/3165/3165 3160/3160/3160 3164/3164/3164
f 3163/3163/3163 1065/1065/1065 1081/1081/1081
f 3162/3162/3162 3159/3159/3159 3166/3166/3166
f 3164/3164/3164 3156/3156/3156 3162/3162/3162
f 3159/3159/3159 3161/3161/3161 3166/3166/3166
f 3163/3163/3163 3161/3161/3161 3157/3157/3157
f 3158/3158/3158 3160/3160/3160 3165/3165/3165
f 3160/3160/3160 3156/3156/3156 3164/3164/3164
f 3163/3163/3163 3157/3157/3157 1065/1065/1065
f 3156/3156/3156 3159/3159/3159 3162/3162/3162
f 3159/3159/3159 3157/3157/3157 3161/3161/3161
f 3158/3158/3158 3156/3156/3156 3160/3160/3160
f 3157/3157/3157 3155/3155/3155 1065/1065/1065
f 3155/3155/3155 1041/1041/1041 1065/1065/1065
f 3156/3156/3156 3154/3154/3154 3159/3159/3159
f 3157/3157/3157 3159/3159/3159 3154/3154/3154
f 3156/3156/3156 3158/3158/3158 3153/3153/3153
f 3150/3150/3150 3155/3155/3155 3157/3157/3157
f 3152/3152/3152 1041/1041/1041 3155/3155/3155
f 3154/3154/3154 3156/3156/3156 3151/3151/3151
f 3157/3157/3157 3154/3154/3154 3150/3150/3150
f 3153/3153/3153 3151/3151/3151 3156/3156/3156
f 3152/3152/3152 1035/1035/1035 1041/1041/1041
f 3150/3150/3150 3152/3152/3152 3155/3155/3155
f 3151/3151/3151 3150/3150/3150 3154/3154/3154
f 3153/3153/3153 3149/3149/3149 3151/3151/3151
f 3150/3150/3150 1035/1035/1035 3152/3152/3152
f 3151/3151/3151 3149/3149/3149 3150/3150/3150
f 1042/1042/1042 1035/1035/1035 3150/3150/3150
f 3149/3149/3149 1042/1042/1042 3150/3150/3150
f 3148/3148/3148 3146/3146/3146 76/76/76
f 3146/3146/3146 3148/3148/3148 3147/3147/3147
f 3146/3146/3146 3144/3144/3144 76/76/76
f 3147/3147/3147 3143/3143/3143 3146/3146/3146
f 76/76/76 3144/3144/3144 59/59/59
f 3143/3143/3143 3147/3147/3147 3145/3145/3145
f 3146/3146/3146 3143/3143/3143 3144/3144/3144
f 59/59/59 3144/3144/3144 47/47/47
f 3145/3145/3145 3142/3142/3142 3143/3143/3143
f 3143/3143/3143 3140/3140/3140 3144/3144/3144
f 3144/3144/3144 3140/3140/3140 47/47/47
f 3140/3140/3140 3143/3143/3143 3142/3142/3142
f 47/47/47 3140/3140/3140 45/45/45
f 3142/3142/3142 3141/3141/3141 3140/3140/3140
f 3140/3140/3140 54/54/54 45/45/45
f 54/54/54 3140/3140/3140 3141/3141/3141
f 3137/3137/3137 2983/2983/2983 3139/3139/3139
f 3136/3136/3136 3139/3139/3139 2985/2985/2985
f 3137/3137/3137 3139/3139/3139 3133/3133/3133
f 3139/3139/3139 3136/3136/3136 3133/3133/3133
f 3138/3138/3138 3135/3135/3135 3125/3125/3125
f 3135/3135/3135 3137/3137/3137 3133/3133/3133
f 3133/3133/3133 3136/3136/3136 3132/3132/3132
f 3136/3136/3136 3134/3134/3134 3132/3132/3132
f 3135/3135/3135 3133/3133/3133 3125/3125/3125
f 3133/3133/3133 3132/3132/3132 3130/3130/3130
f 3132/3132/3132 3134/3134/3134 3129/3129/3129
f 3133/3133/3133 3130/3130/3130 3125/3125/3125
f 3130/3130/3130 3132/3132/3132 3120/3120/3120
f 3120/3120/3120 3132/3132/3132 3129/3129/3129
f 3122/3122/3122 3127/3127/3127 3131/3131/3131
f 3122/3122/3122 3131/3131/3131 3126/3126/3126
f 3128/3128/3128 3119/3119/3119 3126/3126/3126
f 3125/3125/3125 3130/3130/3130 3121/3121/3121
f 3130/3130/3130 3120/3120/3120 3121/3121/3121
f 3124/3124/3124 3120/3120/3120 3129/3129/3129
f 3123/3123/3123 3119/3119/3119 3128/3128/3128
f 3123/3123/3123 3125/3125/3125 3114/3114/3114
f 3111/3111/3111 3127/3127/3127 3122/3122/3122
f 3119/3119/3119 3122/3122/3122 3126/3126/3126
f 3125/3125/3125 3121/3121/3121 3114/3114/3114
f 3113/3113/3113 3121/3121/3121 3120/3120/3120
f 3118/3118/3118 3120/3120/3120 3124/3124/3124
f 3118/3118/3118 3124/3124/3124 3117/3117/3117
f 3114/3114/3114 3119/3119/3119 3123/3123/3123
f 3122/3122/3122 3119/3119/3119 3111/3111/3111
f 3121/3121/3121 3113/3113/3113 3114/3114/3114
f 3118/3118/3118 3113/3113/3113 3120/3120/3120
f 3105/3105/3105 3118/3118/3118 3117/3117/3117
f 3114/3114/3114 3111/3111/3111 3119/3119/3119
f 3110/3110/3110 3117/3117/3117 3115/3115/3115
f 3114/3114/3114 3113/3113/3113 3109/3109/3109
f 3105/3105/3105 3113/3113/3113 3118/3118/3118
f 3110/3110/3110 3105/3105/3105 3117/3117/3117
f 3108/3108/3108 3112/3112/3112 3116/3116/3116
f 3111/3111/3111 3108/3108/3108 3116/3116/3116
f 3106/3106/3106 3111/3111/3111 3114/3114/3114
f 3110/3110/3110 3115/3115/3115 3107/3107/3107
f 3106/3106/3106 3114/3114/3114 3109/3109/3109
f 3113/3113/3113 3105/3105/3105 3109/3109/3109
f 3105/3105/3105 3110/3110/3110 3102/3102/3102
f 3104/3104/3104 3112/3112/3112 3108/3108/3108
f 3111/3111/3111 3103/3103/3103 3108/3108/3108
f 3111/3111/3111 3106/3106/3106 3103/3103/3103
f 3107/3107/3107 3102/3102/3102 3110/3110/3110
f 3096/3096/3096 3106/3106/3106 3109/3109/3109
f 3109/3109/3109 3105/3105/3105 3096/3096/3096
f 3101/3101/3101 3105/3105/3105 3102/3102/3102
f 3100/3100/3100 3104/3104/3104 3108/3108/3108
f 3100/3100/3100 3108/3108/3108 3103/3103/3103
f 3106/3106/3106 3099/3099/3099 3103/3103/3103
f 3102/3102/3102 3107/3107/3107 3097/3097/3097
f 3096/3096/3096 3099/3099/3099 3106/3106/3106
f 3096/3096/3096 3105/3105/3105 3101/3101/3101
f 3102/3102/3102 3092/3092/3092 3101/3101/3101
f 3104/3104/3104 3100/3100/3100 3091/3091/3091
f 3095/3095/3095 3100/3100/3100 3103/3103/3103
f 3099/3099/3099 3094/3094/3094 3103/3103/3103
f 3094/3094/3094 3095/3095/3095 3103/3103/3103
f 3102/3102/3102 3097/3097/3097 3092/3092/3092
f 3098/3098/3098 3089/3089/3089 3097/3097/3097
f 3088/3088/3088 3099/3099/3099 3096/3096/3096
f 3096/3096/3096 3101/3101/3101 3093/3093/3093
f 3093/3093/3093 3101/3101/3101 3092/3092/3092
f 3100/3100/3100 3095/3095/3095 3091/3091/3091
f 3088/3088/3088 3094/3094/3094 3099/3099/3099
f 3095/3095/3095 3094/3094/3094 3086/3086/3086
f 3089/3089/3089 3098/3098/3098 3090/3090/3090
f 3092/3092/3092 3097/3097/3097 3089/3089/3089
f 3096/3096/3096 3093/3093/3093 3088/3088/3088
f 3083/3083/3083 3093/3093/3093 3092/3092/3092
f 3091/3091/3091 3095/3095/3095 3086/3086/3086
f 3086/3086/3086 3094/3094/3094 3088/3088/3088
f 3090/3090/3090 3085/3085/3085 3089/3089/3089
f 3084/3084/3084 3092/3092/3092 3089/3089/3089
f 3093/3093/3093 3083/3083/3083 3088/3088/3088
f 3084/3084/3084 3083/3083/3083 3092/3092/3092
f 3082/3082/3082 3091/3091/3091 3086/3086/3086
f 3074/3074/3074 3086/3086/3086 3088/3088/3088
f 3075/3075/3075 3087/3087/3087 3078/3078/3078
f 3085/3085/3085 3090/3090/3090 3081/3081/3081
f 3089/3089/3089 3085/3085/3085 3080/3080/3080
f 3080/3080/3080 3084/3084/3084 3089/3089/3089
f 3074/3074/3074 3088/3088/3088 3083/3083/3083
f 3072/3072/3072 3083/3083/3083 3084/3084/3084
f 3087/3087/3087 3077/3077/3077 3078/3078/3078
f 3082/3082/3082 3086/3086/3086 3074/3074/3074
f 3075/3075/3075 3078/3078/3078 3079/3079/3079
f 3068/3068/3068 3085/3085/3085 3081/3081/3081
f 3068/3068/3068 3080/3080/3080 3085/3085/3085
f 3084/3084/3084 3080/3080/3080 3072/3072/3072
f 3083/3083/3083 3072/3072/3072 3074/3074/3074
f 3078/3078/3078 3066/3066/3066 3079/3079/3079
f 3065/3065/3065 3078/3078/3078 3077/3077/3077
f 3064/3064/3064 3076/3076/3076 3082/3082/3082
f 3082/3082/3082 3074/3074/3074 3064/3064/3064
f 3075/3075/3075 3079/3079/3079 3070/3070/3070
f 3068/3068/3068 3081/3081/3081 3073/3073/3073
f 3080/3080/3080 3068/3068/3068 3072/3072/3072
f 3062/3062/3062 3074/3074/3074 3072/3072/3072
f 3079/3079/3079 3067/3067/3067 3070/3070/3070
f 3079/3079/3079 3066/3066/3066 3067/3067/3067
f 3078/3078/3078 3065/3065/3065 3066/3066/3066
f 3077/3077/3077 3071/3071/3071 3065/3065/3065
f 3071/3071/3071 3076/3076/3076 3064/3064/3064
f 3064/3064/3064 3074/3074/3074 3069/3069/3069
f 3063/3063/3063 3075/3075/3075 3070/3070/3070
f 3069/3069/3069 3074/3074/3074 3062/3062/3062
f 3068/3068/3068 3073/3073/3073 3053/3053/3053
f 3068/3068/3068 3062/3062/3062 3072/3072/3072
f 3070/3070/3070 3067/3067/3067 3059/3059/3059
f 3057/3057/3057 3067/3067/3067 3066/3066/3066
f 3056/3056/3056 3066/3066/3066 3065/3065/3065
f 3071/3071/3071 3061/3061/3061 3065/3065/3065
f 3064/3064/3064 3061/3061/3061 3071/3071/3071
f 3069/3069/3069 3055/3055/3055 3064/3064/3064
f 3070/3070/3070 3059/3059/3059 3063/3063/3063
f 3062/3062/3062 3055/3055/3055 3069/3069/3069
f 3053/3053/3053 3062/3062/3062 3068/3068/3068
f 3067/3067/3067 3057/3057/3057 3059/3059/3059
f 3066/3066/3066 3056/3056/3056 3057/3057/3057
f 3065/3065/3065 3061/3061/3061 3056/3056/3056
f 3055/3055/3055 3061/3061/3061 3064/3064/3064
f 3058/3058/3058 3060/3060/3060 3054/3054/3054
f 3063/3063/3063 3059/3059/3059 3048/3048/3048
f 3062/3062/3062 3053/3053/3053 3055/3055/3055
f 3054/3054/3054 3052/3052/3052 3058/3058/3058
f 3059/3059/3059 3057/3057/3057 3051/3051/3051
f 3045/3045/3045 3057/3057/3057 3056/3056/3056
f 3044/3044/3044 3056/3056/3056 3061/3061/3061
f 3061/3061/3061 3055/3055/3055 3044/3044/3044
f 3060/3060/3060 3049/3049/3049 3054/3054/3054
f 3048/3048/3048 3059/3059/3059 3051/3051/3051
f 3047/3047/3047 3055/3055/3055 3053/3053/3053
f 3052/3052/3052 3046/3046/3046 3058/3058/3058
f 3052/3052/3052 3054/3054/3054 3042/3042/3042
f 3057/3057/3057 3045/3045/3045 3051/3051/3051
f 3045/3045/3045 3056/3056/3056 3044/3044/3044
f 3055/3055/3055 3047/3047/3047 3044/3044/3044
f 3049/3049/3049 3042/3042/3042 3054/3054/3054
f 3050/3050/3050 3039/3039/3039 3049/3049/3049
f 3051/3051/3051 3038/3038/3038 3048/3048/3048
f 3053/3053/3053 3036/3036/3036 3047/3047/3047
f 3046/3046/3046 3052/3052/3052 3040/3040/3040
f 3042/3042/3042 3040/3040/3040 3052/3052/3052
f 3051/3051/3051 3045/3045/3045 3038/3038/3038
f 3033/3033/3033 3045/3045/3045 3044/3044/3044
f 3047/3047/3047 3037/3037/3037 3044/3044/3044
f 3043/3043/3043 3039/3039/3039 3050/3050/3050
f 3049/3049/3049 3039/3039/3039 3042/3042/3042
f 3035/3035/3035 3042/3042/3042 3032/3032/3032
f 3041/3041/3041 3028/3028/3028 3043/3043/3043
f 3048/3048/3048 3038/3038/3038 3041/3041/3041
f 3036/3036/3036 3037/3037/3037 3047/3047/3047
f 3040/3040/3040 3030/3030/3030 3046/3046/3046
f 3042/3042/3042 3035/3035/3035 3040/3040/3040
f 3045/3045/3045 3033/3033/3033 3038/3038/3038
f 3044/3044/3044 3037/3037/3037 3033/3033/3033
f 3035/3035/3035 3032/3032/3032 3034/3034/3034
f 3043/3043/3043 3028/3028/3028 3039/3039/3039
f 3032/3032/3032 3042/3042/3042 3039/3039/3039
f 3028/3028/3028 3041/3041/3041 3038/3038/3038
f 3031/3031/3031 3037/3037/3037 3036/3036/3036
f 3030/3030/3030 3040/3040/3040 3035/3035/3035
f 3026/3026/3026 3035/3035/3035 3034/3034/3034
f 3038/3038/3038 3033/3033/3033 3029/3029/3029
f 3033/3033/3033 3037/3037/3037 3027/3027/3027
f 3032/3032/3032 3025/3025/3025 3034/3034/3034
f 3039/3039/3039 3028/3028/3028 3032/3032/3032
f 3028/3028/3028 3038/3038/3038 3029/3029/3029
f 3037/3037/3037 3031/3031/3031 3027/3027/3027
f 3036/3036/3036 3021/3021/3021 3031/3031/3031
f 3035/3035/3035 3026/3026/3026 3030/3030/3030
f 3026/3026/3026 3034/3034/3034 3025/3025/3025
f 3033/3033/3033 3024/3024/3024 3029/3029/3029
f 3024/3024/3024 3033/3033/3033 3027/3027/3027
f 3032/3032/3032 3023/3023/3023 3025/3025/3025
f 3028/3028/3028 3023/3023/3023 3032/3032/3032
f 3028/3028/3028 3029/3029/3029 3016/3016/3016
f 3027/3027/3027 3031/3031/3031 3022/3022/3022
f 3021/3021/3021 3022/3022/3022 3031/3031/3031
f 3026/3026/3026 3020/3020/3020 3030/3030/3030
f 3025/3025/3025 3018/3018/3018 3026/3026/3026
f 3016/3016/3016 3029/3029/3029 3024/3024/3024
f 3019/3019/3019 3024/3024/3024 3027/3027/3027
f 3023/3023/3023 3017/3017/3017 3025/3025/3025
f 3023/3023/3023 3028/3028/3028 3016/3016/3016
f 3019/3019/3019 3027/3027/3027 3022/3022/3022
f 3015/3015/3015 3022/3022/3022 3021/3021/3021
f 3020/3020/3020 3026/3026/3026 3018/3018/3018
f 3025/3025/3025 3017/3017/3017 3018/3018/3018
f 3016/3016/3016 3024/3024/3024 3019/3019/3019
f 3016/3016/3016 3017/3017/3017 3023/3023/3023
f 3022/3022/3022 3015/3015/3015 3019/3019/3019
f 3015/3015/3015 3021/3021/3021 3014/3014/3014
f 3020/3020/3020 3018/3018/3018 3011/3011/3011
f 3017/3017/3017 3012/3012/3012 3018/3018/3018
f 3016/3016/3016 3019/3019/3019 3009/3009/3009
f 3016/3016/3016 3010/3010/3010 3017/3017/3017
f 3019/3019/3019 3015/3015/3015 3009/3009/3009
f 3014/3014/3014 3013/3013/3013 3015/3015/3015
f 3018/3018/3018 3012/3012/3012 3011/3011/3011
f 3017/3017/3017 3010/3010/3010 3012/3012/3012
f 3010/3010/3010 3016/3016/3016 3009/3009/3009
f 3009/3009/3009 3015/3015/3015 3013/3013/3013
f 3014/3014/3014 3006/3006/3006 3013/3013/3013
f 3012/3012/3012 3004/3004/3004 3011/3011/3011
f 3010/3010/3010 3005/3005/3005 3012/3012/3012
f 3010/3010/3010 3009/3009/3009 3003/3003/3003
f 3013/3013/3013 3007/3007/3007 3009/3009/3009
f 3006/3006/3006 3007/3007/3007 3013/3013/3013
f 3012/3012/3012 3005/3005/3005 3004/3004/3004
f 3011/3011/3011 3004/3004/3004 3008/3008/3008
f 3010/3010/3010 3003/3003/3003 3005/3005/3005
f 3009/3009/3009 3007/3007/3007 3003/3003/3003
f 3007/3007/3007 3006/3006/3006 3000/3000/3000
f 3004/3004/3004 3005/3005/3005 2999/2999/2999
f 3004/3004/3004 3002/3002/3002 3008/3008/3008
f 3003/3003/3003 3001/3001/3001 3005/3005/3005
f 3003/3003/3003 3007/3007/3007 3000/3000/3000
f 3006/3006/3006 2692/2692/2692 3000/3000/3000
f 3005/3005/3005 3001/3001/3001 2999/2999/2999
f 2999/2999/2999 3002/3002/3002 3004/3004/3004
f 3003/3003/3003 2998/2998/2998 3001/3001/3001
f 3003/3003/3003 3000/3000/3000 2998/2998/2998
f 2692/2692/2692 2690/2690/2690 3000/3000/3000
f 3001/3001/3001 2997/2997/2997 2999/2999/2999
f 2999/2999/2999 2996/2996/2996 3002/3002/3002
f 3001/3001/3001 2998/2998/2998 2997/2997/2997
f 3000/3000/3000 2690/2690/2690 2998/2998/2998
f 2997/2997/2997 2996/2996/2996 2999/2999/2999
f 2998/2998/2998 2993/2993/2993 2997/2997/2997
f 2998/2998/2998 2690/2690/2690 2993/2993/2993
f 2996/2996/2996 2997/2997/2997 2993/2993/2993
f 2690/2690/2690 2689/2689/2689 2993/2993/2993
f 2996/2996/2996 2993/2993/2993 2995/2995/2995
f 2993/2993/2993 2689/2689/2689 2994/2994/2994
f 2993/2993/2993 2994/2994/2994 2995/2995/2995
f 2990/2990/2990 2991/2991/2991 2992/2992/2992
f 2989/2989/2989 2987/2987/2987 2986/2986/2986
f 2986/2986/2986 2987/2987/2987 2988/2988/2988
f 2982/2982/2982 2985/2985/2985 2983/2983/2983
f 2982/2982/2982 2983/2983/2983 2984/2984/2984
f 2979/2979/2979 2981/2981/2981 2980/2980/2980
f 2978/2978/2978 2977/2977/2977 2980/2980/2980
f 2980/2980/2980 2977/2977/2977 2979/2979/2979
f 2978/2978/2978 2975/2975/2975 2977/2977/2977
f 2977/2977/2977 2974/2974/2974 2979/2979/2979
f 2978/2978/2978 2976/2976/2976 2972/2972/2972
f 2978/2978/2978 2972/2972/2972 2975/2975/2975
f 2975/2975/2975 2968/2968/2968 2977/2977/2977
f 2977/2977/2977 2968/2968/2968 2974/2974/2974
f 2976/2976/2976 2970/2970/2970 2972/2972/2972
f 2973/2973/2973 2970/2970/2970 2976/2976/2976
f 2968/2968/2968 2975/2975/2975 2972/2972/2972
f 2971/2971/2971 2974/2974/2974 2968/2968/2968
f 2970/2970/2970 2966/2966/2966 2972/2972/2972
f 2967/2967/2967 2970/2970/2970 2973/2973/2973
f 2973/2973/2973 2969/2969/2969 2967/2967/2967
f 2972/2972/2972 2966/2966/2966 2968/2968/2968
f 2968/2968/2968 2697/2697/2697 2971/2971/2971
f 2966/2966/2966 2970/2970/2970 2967/2967/2967
f 2969/2969/2969 2965/2965/2965 2967/2967/2967
f 2697/2697/2697 2968/2968/2968 2966/2966/2966
f 2967/2967/2967 2963/2963/2963 2966/2966/2966
f 2967/2967/2967 2965/2965/2965 2963/2963/2963
f 2966/2966/2966 2960/2960/2960 2697/2697/2697
f 2960/2960/2960 2966/2966/2966 2963/2963/2963
f 2958/2958/2958 2963/2963/2963 2965/2965/2965
f 2694/2694/2694 2697/2697/2697 2960/2960/2960
f 2963/2963/2963 2961/2961/2961 2960/2960/2960
f 2959/2959/2959 2964/2964/2964 2695/2695/2695
f 2695/2695/2695 2694/2694/2694 2957/2957/2957
f 2958/2958/2958 2961/2961/2961 2963/2963/2963
f 2694/2694/2694 2960/2960/2960 2957/2957/2957
f 2960/2960/2960 2961/2961/2961 2955/2955/2955
f 2695/2695/2695 2957/2957/2957 2959/2959/2959
f 2959/2959/2959 2954/2954/2954 2962/2962/2962
f 2955/2955/2955 2961/2961/2961 2958/2958/2958
f 2960/2960/2960 2955/2955/2955 2957/2957/2957
f 2957/2957/2957 2954/2954/2954 2959/2959/2959
f 2955/2955/2955 2958/2958/2958 2956/2956/2956
f 2955/2955/2955 2954/2954/2954 2957/2957/2957
f 2954/2954/2954 2955/2955/2955 2956/2956/2956
f 2949/2949/2949 2953/2953/2953 2951/2951/2951
f 2949/2949/2949 2950/2950/2950 2953/2953/2953
f 2952/2952/2952 2948/2948/2948 2947/2947/2947
f 2942/2942/2942 2949/2949/2949 2951/2951/2951
f 2949/2949/2949 2944/2944/2944 2950/2950/2950
f 2943/2943/2943 2947/2947/2947 2948/2948/2948
f 2938/2938/2938 2946/2946/2946 2947/2947/2947
f 2946/2946/2946 2942/2942/2942 2951/2951/2951
f 2941/2941/2941 2950/2950/2950 2944/2944/2944
f 2950/2950/2950 2941/2941/2941 2945/2945/2945
f 2942/2942/2942 2940/2940/2940 2949/2949/2949
f 2940/2940/2940 2944/2944/2944 2949/2949/2949
f 2939/2939/2939 2943/2943/2943 2948/2948/2948
f 2943/2943/2943 2938/2938/2938 2947/2947/2947
f 2938/2938/2938 2942/2942/2942 2946/2946/2946
f 2944/2944/2944 2936/2936/2936 2941/2941/2941
f 2933/2933/2933 2945/2945/2945 2941/2941/2941
f 2935/2935/2935 2936/2936/2936 2944/2944/2944
f 2931/2931/2931 2940/2940/2940 2942/2942/2942
f 2944/2944/2944 2940/2940/2940 2935/2935/2935
f 2932/2932/2932 2943/2943/2943 2939/2939/2939
f 2932/2932/2932 2938/2938/2938 2943/2943/2943
f 2938/2938/2938 2931/2931/2931 2942/2942/2942
f 2936/2936/2936 2933/2933/2933 2941/2941/2941
f 2935/2935/2935 2927/2927/2927 2936/2936/2936
f 2935/2935/2935 2940/2940/2940 2931/2931/2931
f 2939/2939/2939 2934/2934/2934 2932/2932/2932
f 2931/2931/2931 2938/2938/2938 2932/2932/2932
f 2937/2937/2937 2933/2933/2933 2930/2930/2930
f 2936/2936/2936 2927/2927/2927 2933/2933/2933
f 2927/2927/2927 2935/2935/2935 2931/2931/2931
f 2929/2929/2929 2932/2932/2932 2934/2934/2934
f 2924/2924/2924 2931/2931/2931 2932/2932/2932
f 2930/2930/2930 2933/2933/2933 2927/2927/2927
f 2931/2931/2931 2928/2928/2928 2927/2927/2927
f 2924/2924/2924 2932/2932/2932 2929/2929/2929
f 2924/2924/2924 2928/2928/2928 2931/2931/2931
f 2927/2927/2927 2923/2923/2923 2930/2930/2930
f 2921/2921/2921 2927/2927/2927 2928/2928/2928
f 2926/2926/2926 2930/2930/2930 2923/2923/2923
f 2922/2922/2922 2924/2924/2924 2929/2929/2929
f 2929/2929/2929 2925/2925/2925 2922/2922/2922
f 2921/2921/2921 2928/2928/2928 2924/2924/2924
f 2923/2923/2923 2927/2927/2927 2921/2921/2921
f 2923/2923/2923 2920/2920/2920 2926/2926/2926
f 2916/2916/2916 2924/2924/2924 2922/2922/2922
f 2925/2925/2925 2918/2918/2918 2922/2922/2922
f 2919/2919/2919 2918/2918/2918 2925/2925/2925
f 2924/2924/2924 2916/2916/2916 2921/2921/2921
f 2914/2914/2914 2923/2923/2923 2921/2921/2921
f 2920/2920/2920 2923/2923/2923 2914/2914/2914
f 2922/2922/2922 2918/2918/2918 2916/2916/2916
f 2919/2919/2919 2915/2915/2915 2918/2918/2918
f 2914/2914/2914 2921/2921/2921 2916/2916/2916
f 2914/2914/2914 2917/2917/2917 2920/2920/2920
f 2913/2913/2913 2916/2916/2916 2918/2918/2918
f 2908/2908/2908 2915/2915/2915 2919/2919/2919
f 2915/2915/2915 2913/2913/2913 2918/2918/2918
f 2916/2916/2916 2911/2911/2911 2914/2914/2914
f 2914/2914/2914 2912/2912/2912 2917/2917/2917
f 2911/2911/2911 2916/2916/2916 2913/2913/2913
f 2913/2913/2913 2915/2915/2915 2908/2908/2908
f 2912/2912/2912 2914/2914/2914 2911/2911/2911
f 2908/2908/2908 2911/2911/2911 2913/2913/2913
f 2911/2911/2911 2910/2910/2910 2912/2912/2912
f 2910/2910/2910 2911/2911/2911 2908/2908/2908
f 2908/2908/2908 2906/2906/2906 2910/2910/2910
f 2906/2906/2906 2907/2907/2907 2909/2909/2909
f 2904/2904/2904 2906/2906/2906 2908/2908/2908
f 2903/2903/2903 2907/2907/2907 2906/2906/2906
f 2903/2903/2903 2905/2905/2905 2907/2907/2907
f 2904/2904/2904 2901/2901/2901 2906/2906/2906
f 2903/2903/2903 2906/2906/2906 2901/2901/2901
f 2897/2897/2897 2905/2905/2905 2903/2903/2903
f 2902/2902/2902 2899/2899/2899 2904/2904/2904
f 2904/2904/2904 2899/2899/2899 2901/2901/2901
f 2897/2897/2897 2903/2903/2903 2901/2901/2901
f 2898/2898/2898 2899/2899/2899 2902/2902/2902
f 2897/2897/2897 2901/2901/2901 2899/2899/2899
f 2900/2900/2900 2896/2896/2896 2898/2898/2898
f 2898/2898/2898 2897/2897/2897 2899/2899/2899
f 2896/2896/2896 2897/2897/2897 2898/2898/2898
f 2893/2893/2893 2434/2434/2434 2407/2407/2407
f 2893/2893/2893 2895/2895/2895 2434/2434/2434
f 2888/2888/2888 2893/2893/2893 2407/2407/2407
f 2891/2891/2891 2895/2895/2895 2893/2893/2893
f 2895/2895/2895 2891/2891/2891 2890/2890/2890
f 2892/2892/2892 2887/2887/2887 2894/2894/2894
f 2407/2407/2407 2381/2381/2381 2888/2888/2888
f 2888/2888/2888 2891/2891/2891 2893/2893/2893
f 2886/2886/2886 2890/2890/2890 2891/2891/2891
f 2892/2892/2892 2889/2889/2889 2887/2887/2887
f 2381/2381/2381 2372/2372/2372 2888/2888/2888
f 2886/2886/2886 2891/2891/2891 2888/2888/2888
f 2885/2885/2885 2890/2890/2890 2886/2886/2886
f 2889/2889/2889 2884/2884/2884 2883/2883/2883
f 2883/2883/2883 2887/2887/2887 2889/2889/2889
f 2372/2372/2372 2881/2881/2881 2888/2888/2888
f 2888/2888/2888 2881/2881/2881 2886/2886/2886
f 2878/2878/2878 2885/2885/2885 2886/2886/2886
f 2884/2884/2884 2874/2874/2874 2883/2883/2883
f 2887/2887/2887 2883/2883/2883 2879/2879/2879
f 2336/2336/2336 2882/2882/2882 2877/2877/2877
f 2882/2882/2882 2887/2887/2887 2879/2879/2879
f 2372/2372/2372 2875/2875/2875 2881/2881/2881
f 2881/2881/2881 2878/2878/2878 2886/2886/2886
f 2878/2878/2878 2880/2880/2880 2885/2885/2885
f 2880/2880/2880 2874/2874/2874 2884/2884/2884
f 2336/2336/2336 2877/2877/2877 2334/2334/2334
f 2874/2874/2874 2879/2879/2879 2883/2883/2883
f 2882/2882/2882 2879/2879/2879 2877/2877/2877
f 2338/2338/2338 2332/2332/2332 2876/2876/2876
f 2334/2334/2334 2871/2871/2871 2332/2332/2332
f 2348/2348/2348 2338/2338/2338 2876/2876/2876
f 2372/2372/2372 2363/2363/2363 2875/2875/2875
f 2348/2348/2348 2873/2873/2873 2363/2363/2363
f 2875/2875/2875 2878/2878/2878 2881/2881/2881
f 2878/2878/2878 2874/2874/2874 2880/2880/2880
f 2877/2877/2877 2871/2871/2871 2334/2334/2334
f 2879/2879/2879 2874/2874/2874 2877/2877/2877
f 2332/2332/2332 2871/2871/2871 2876/2876/2876
f 2876/2876/2876 2873/2873/2873 2348/2348/2348
f 2363/2363/2363 2873/2873/2873 2875/2875/2875
f 2875/2875/2875 2872/2872/2872 2878/2878/2878
f 2878/2878/2878 2872/2872/2872 2874/2874/2874
f 2871/2871/2871 2877/2877/2877 2874/2874/2874
f 2873/2873/2873 2876/2876/2876 2871/2871/2871
f 2875/2875/2875 2873/2873/2873 2872/2872/2872
f 2872/2872/2872 2871/2871/2871 2874/2874/2874
f 2871/2871/2871 2872/2872/2872 2873/2873/2873
f 878/878/878 877/877/877 2870/2870/2870
f 877/877/877 2331/2331/2331 2870/2870/2870
f 2868/2868/2868 2864/2864/2864 2869/2869/2869
f 2867/2867/2867 2869/2869/2869 2864/2864/2864
f 2859/2859/2859 2864/2864/2864 2868/2868/2868
f 2864/2864/2864 2866/2866/2866 2867/2867/2867
f 2866/2866/2866 2862/2862/2862 2865/2865/2865
f 2859/2859/2859 2854/2854/2854 2864/2864/2864
f 2866/2866/2866 2864/2864/2864 2858/2858/2858
f 2866/2866/2866 2858/2858/2858 2863/2863/2863
f 2866/2866/2866 2863/2863/2863 2857/2857/2857
f 2857/2857/2857 2862/2862/2862 2866/2866/2866
f 2865/2865/2865 2862/2862/2862 2851/2851/2851
f 2851/2851/2851 2861/2861/2861 2865/2865/2865
f 2859/2859/2859 2860/2860/2860 2849/2849/2849
f 2855/2855/2855 2854/2854/2854 2859/2859/2859
f 2858/2858/2858 2864/2864/2864 2854/2854/2854
f 2858/2858/2858 2848/2848/2848 2863/2863/2863
f 2857/2857/2857 2863/2863/2863 2848/2848/2848
f 2862/2862/2862 2857/2857/2857 2853/2853/2853
f 2853/2853/2853 2856/2856/2856 2862/2862/2862
f 2856/2856/2856 2852/2852/2852 2862/2862/2862
f 2852/2852/2852 2851/2851/2851 2862/2862/2862
f 2851/2851/2851 2850/2850/2850 2861/2861/2861
f 2849/2849/2849 2855/2855/2855 2859/2859/2859
f 2855/2855/2855 2845/2845/2845 2854/2854/2854
f 2858/2858/2858 2854/2854/2854 2848/2848/2848
f 2857/2857/2857 2848/2848/2848 2853/2853/2853
f 2853/2853/2853 2836/2836/2836 2856/2856/2856
f 2856/2856/2856 2836/2836/2836 2852/2852/2852
f 2852/2852/2852 2842/2842/2842 2851/2851/2851
f 2850/2850/2850 2851/2851/2851 2847/2847/2847
f 2849/2849/2849 2845/2845/2845 2855/2855/2855
f 2845/2845/2845 2844/2844/2844 2854/2854/2854
f 2848/2848/2848 2854/2854/2854 2844/2844/2844
f 2848/2848/2848 2837/2837/2837 2853/2853/2853
f 2837/2837/2837 2836/2836/2836 2853/2853/2853
f 2852/2852/2852 2836/2836/2836 2842/2842/2842
f 2842/2842/2842 2847/2847/2847 2851/2851/2851
f 2847/2847/2847 2831/2831/2831 2850/2850/2850
f 2849/2849/2849 2846/2846/2846 2828/2828/2828
f 2828/2828/2828 2845/2845/2845 2849/2849/2849
f 2839/2839/2839 2838/2838/2838 2845/2845/2845
f 2838/2838/2838 2844/2844/2844 2845/2845/2845
f 2844/2844/2844 2837/2837/2837 2848/2848/2848
f 2837/2837/2837 2843/2843/2843 2836/2836/2836
f 2836/2836/2836 2835/2835/2835 2842/2842/2842
f 2842/2842/2842 2834/2834/2834 2847/2847/2847
f 2831/2831/2831 2847/2847/2847 2834/2834/2834
f 2846/2846/2846 2841/2841/2841 2828/2828/2828
f 2828/2828/2828 2839/2839/2839 2845/2845/2845
f 2838/2838/2838 2839/2839/2839 2827/2827/2827
f 2838/2838/2838 2832/2832/2832 2844/2844/2844
f 2837/2837/2837 2844/2844/2844 2832/2832/2832
f 2837/2837/2837 2826/2826/2826 2843/2843/2843
f 2843/2843/2843 2826/2826/2826 2836/2836/2836
f 2836/2836/2836 2830/2830/2830 2835/2835/2835
f 2842/2842/2842 2835/2835/2835 2824/2824/2824
f 2824/2824/2824 2834/2834/2834 2842/2842/2842
f 2829/2829/2829 2831/2831/2831 2834/2834/2834
f 2833/2833/2833 2823/2823/2823 2840/2840/2840
f 2828/2828/2828 2827/2827/2827 2839/2839/2839
f 2827/2827/2827 2832/2832/2832 2838/2838/2838
f 2832/2832/2832 2826/2826/2826 2837/2837/2837
f 2826/2826/2826 2830/2830/2830 2836/2836/2836
f 2830/2830/2830 2824/2824/2824 2835/2835/2835
f 2824/2824/2824 2829/2829/2829 2834/2834/2834
f 2831/2831/2831 2829/2829/2829 2820/2820/2820
f 2833/2833/2833 2819/2819/2819 2823/2823/2823
f 2827/2827/2827 2828/2828/2828 2814/2814/2814
f 2832/2832/2832 2827/2827/2827 2817/2817/2817
f 2817/2817/2817 2821/2821/2821 2832/2832/2832
f 2832/2832/2832 2821/2821/2821 2826/2826/2826
f 2826/2826/2826 2816/2816/2816 2830/2830/2830
f 2825/2825/2825 2831/2831/2831 2820/2820/2820
f 2816/2816/2816 2824/2824/2824 2830/2830/2830
f 2824/2824/2824 2820/2820/2820 2829/2829/2829
f 2823/2823/2823 2814/2814/2814 2828/2828/2828
f 2819/2819/2819 2818/2818/2818 2823/2823/2823
f 2814/2814/2814 2822/2822/2822 2827/2827/2827
f 2822/2822/2822 2817/2817/2817 2827/2827/2827
f 2817/2817/2817 2810/2810/2810 2821/2821/2821
f 2816/2816/2816 2826/2826/2826 2821/2821/2821
f 2825/2825/2825 2820/2820/2820 2809/2809/2809
f 2820/2820/2820 2824/2824/2824 2816/2816/2816
f 2819/2819/2819 2807/2807/2807 2818/2818/2818
f 2818/2818/2818 2814/2814/2814 2823/2823/2823
f 2813/2813/2813 2815/2815/2815 2819/2819/2819
f 2814/2814/2814 2812/2812/2812 2822/2822/2822
f 2817/2817/2817 2822/2822/2822 2812/2812/2812
f 2811/2811/2811 2810/2810/2810 2817/2817/2817
f 2816/2816/2816 2821/2821/2821 2810/2810/2810
f 2803/2803/2803 2809/2809/2809 2820/2820/2820
f 2816/2816/2816 2803/2803/2803 2820/2820/2820
f 2815/2815/2815 2807/2807/2807 2819/2819/2819
f 2814/2814/2814 2818/2818/2818 2807/2807/2807
f 2815/2815/2815 2813/2813/2813 2794/2794/2794
f 2800/2800/2800 2812/2812/2812 2814/2814/2814
f 2812/2812/2812 2806/2806/2806 2817/2817/2817
f 2806/2806/2806 2811/2811/2811 2817/2817/2817
f 2811/2811/2811 2798/2798/2798 2810/2810/2810
f 2810/2810/2810 2804/2804/2804 2816/2816/2816
f 2809/2809/2809 2803/2803/2803 2808/2808/2808
f 2804/2804/2804 2803/2803/2803 2816/2816/2816
f 2808/2808/2808 2795/2795/2795 2809/2809/2809
f 2794/2794/2794 2807/2807/2807 2815/2815/2815
f 2807/2807/2807 2800/2800/2800 2814/2814/2814
f 2800/2800/2800 2806/2806/2806 2812/2812/2812
f 2811/2811/2811 2806/2806/2806 2799/2799/2799
f 2799/2799/2799 2798/2798/2798 2811/2811/2811
f 2798/2798/2798 2805/2805/2805 2810/2810/2810
f 2805/2805/2805 2797/2797/2797 2810/2810/2810
f 2810/2810/2810 2797/2797/2797 2804/2804/2804
f 2803/2803/2803 2796/2796/2796 2808/2808/2808
f 2803/2803/2803 2804/2804/2804 2791/2791/2791
f 2795/2795/2795 2802/2802/2802 2809/2809/2809
f 2796/2796/2796 2795/2795/2795 2808/2808/2808
f 2794/2794/2794 2800/2800/2800 2807/2807/2807
f 2800/2800/2800 2793/2793/2793 2806/2806/2806
f 2801/2801/2801 2787/2787/2787 2800/2800/2800
f 2793/2793/2793 2799/2799/2799 2806/2806/2806
f 2798/2798/2798 2799/2799/2799 2786/2786/2786
f 2798/2798/2798 2785/2785/2785 2805/2805/2805
f 2797/2797/2797 2805/2805/2805 2785/2785/2785
f 2797/2797/2797 2791/2791/2791 2804/2804/2804
f 2790/2790/2790 2796/2796/2796 2803/2803/2803
f 2791/2791/2791 2790/2790/2790 2803/2803/2803
f 2795/2795/2795 2788/2788/2788 2802/2802/2802
f 2795/2795/2795 2796/2796/2796 2783/2783/2783
f 2787/2787/2787 2793/2793/2793 2800/2800/2800
f 2786/2786/2786 2792/2792/2792 2798/2798/2798
f 2793/2793/2793 2786/2786/2786 2799/2799/2799
f 2792/2792/2792 2785/2785/2785 2798/2798/2798
f 2785/2785/2785 2791/2791/2791 2797/2797/2797
f 2790/2790/2790 2783/2783/2783 2796/2796/2796
f 2791/2791/2791 2775/2775/2775 2790/2790/2790
f 2789/2789/2789 2784/2784/2784 2795/2795/2795
f 2784/2784/2784 2788/2788/2788 2795/2795/2795
f 2783/2783/2783 2789/2789/2789 2795/2795/2795
f 2787/2787/2787 2778/2778/2778 2793/2793/2793
f 2792/2792/2792 2786/2786/2786 2782/2782/2782
f 2778/2778/2778 2786/2786/2786 2793/2793/2793
f 2785/2785/2785 2792/2792/2792 2782/2782/2782
f 2785/2785/2785 2775/2775/2775 2791/2791/2791
f 2790/2790/2790 2775/2775/2775 2783/2783/2783
f 2784/2784/2784 2789/2789/2789 2768/2768/2768
f 2784/2784/2784 2781/2781/2781 2788/2788/2788
f 2783/2783/2783 2768/2768/2768 2789/2789/2789
f 2781/2781/2781 2770/2770/2770 2788/2788/2788
f 2777/2777/2777 2782/2782/2782 2786/2786/2786
f 2778/2778/2778 2777/2777/2777 2786/2786/2786
f 2782/2782/2782 2776/2776/2776 2785/2785/2785
f 2776/2776/2776 2775/2775/2775 2785/2785/2785
f 2783/2783/2783 2775/2775/2775 2774/2774/2774
f 2768/2768/2768 2781/2781/2781 2784/2784/2784
f 2773/2773/2773 2772/2772/2772 2781/2781/2781
f 2768/2768/2768 2783/2783/2783 2774/2774/2774
f 2780/2780/2780 2772/2772/2772 2773/2773/2773
f 2772/2772/2772 2770/2770/2770 2781/2781/2781
f 2771/2771/2771 2766/2766/2766 2779/2779/2779
f 2777/2777/2777 2765/2765/2765 2782/2782/2782
f 2776/2776/2776 2782/2782/2782 2765/2765/2765
f 2776/2776/2776 2756/2756/2756 2775/2775/2775
f 2774/2774/2774 2775/2775/2775 2763/2763/2763
f 2762/2762/2762 2780/2780/2780 2773/2773/2773
f 2768/2768/2768 2773/2773/2773 2781/2781/2781
f 2768/2768/2768 2774/2774/2774 2769/2769/2769
f 2772/2772/2772 2780/2780/2780 2762/2762/2762
f 2771/2771/2771 2779/2779/2779 2767/2767/2767
f 2772/2772/2772 2761/2761/2761 2770/2770/2770
f 2753/2753/2753 2766/2766/2766 2771/2771/2771
f 2765/2765/2765 2756/2756/2756 2776/2776/2776
f 2756/2756/2756 2763/2763/2763 2775/2775/2775
f 2763/2763/2763 2769/2769/2769 2774/2774/2774
f 2768/2768/2768 2762/2762/2762 2773/2773/2773
f 2769/2769/2769 2746/2746/2746 2768/2768/2768
f 2762/2762/2762 2761/2761/2761 2772/2772/2772
f 2753/2753/2753 2771/2771/2771 2767/2767/2767
f 2761/2761/2761 2767/2767/2767 2770/2770/2770
f 2753/2753/2753 2759/2759/2759 2766/2766/2766
f 2764/2764/2764 2756/2756/2756 2765/2765/2765
f 2755/2755/2755 2754/2754/2754 2756/2756/2756
f 2756/2756/2756 2754/2754/2754 2763/2763/2763
f 2763/2763/2763 2746/2746/2746 2769/2769/2769
f 2746/2746/2746 2762/2762/2762 2768/2768/2768
f 2760/2760/2760 2759/2759/2759 2753/2753/2753
f 2745/2745/2745 2761/2761/2761 2762/2762/2762
f 2767/2767/2767 2761/2761/2761 2753/2753/2753
f 2759/2759/2759 2760/2760/2760 2742/2742/2742
f 2759/2759/2759 2751/2751/2751 2766/2766/2766
f 2757/2757/2757 2749/2749/2749 2750/2750/2750
f 2747/2747/2747 2755/2755/2755 2756/2756/2756
f 2754/2754/2754 2755/2755/2755 2727/2727/2727
f 2754/2754/2754 2746/2746/2746 2763/2763/2763
f 2746/2746/2746 2745/2745/2745 2762/2762/2762
f 2736/2736/2736 2760/2760/2760 2753/2753/2753
f 2745/2745/2745 2753/2753/2753 2761/2761/2761
f 2744/2744/2744 2760/2760/2760 2736/2736/2736
f 2744/2744/2744 2742/2742/2742 2760/2760/2760
f 2759/2759/2759 2742/2742/2742 2730/2730/2730
f 2751/2751/2751 2759/2759/2759 2730/2730/2730
f 2740/2740/2740 2758/2758/2758 2751/2751/2751
f 2740/2740/2740 2739/2739/2739 2758/2758/2758
f 2728/2728/2728 2757/2757/2757 2750/2750/2750
f 2749/2749/2749 2757/2757/2757 2728/2728/2728
f 2738/2738/2738 2748/2748/2748 2749/2749/2749
f 2718/2718/2718 2733/2733/2733 2748/2748/2748
f 2747/2747/2747 2727/2727/2727 2755/2755/2755
f 2746/2746/2746 2754/2754/2754 2727/2727/2727
f 2745/2745/2745 2746/2746/2746 2737/2737/2737
f 2745/2745/2745 2736/2736/2736 2753/2753/2753
f 2735/2735/2735 2744/2744/2744 2736/2736/2736
f 2718/2718/2718 2743/2743/2743 2733/2733/2733
f 2732/2732/2732 2752/2752/2752 2733/2733/2733
f 2732/2732/2732 2731/2731/2731 2752/2752/2752
f 2714/2714/2714 2742/2742/2742 2744/2744/2744
f 2741/2741/2741 2730/2730/2730 2742/2742/2742
f 2711/2711/2711 2741/2741/2741 2742/2742/2742
f 2730/2730/2730 2740/2740/2740 2751/2751/2751
f 2721/2721/2721 2719/2719/2719 2740/2740/2740
f 2739/2739/2739 2740/2740/2740 2719/2719/2719
f 2750/2750/2750 2739/2739/2739 2729/2729/2729
f 2729/2729/2729 2728/2728/2728 2750/2750/2750
f 2728/2728/2728 2738/2738/2738 2749/2749/2749
f 2748/2748/2748 2738/2738/2738 2718/2718/2718
f 2737/2737/2737 2726/2726/2726 2745/2745/2745
f 2727/2727/2727 2737/2737/2737 2746/2746/2746
f 2726/2726/2726 2736/2736/2736 2745/2745/2745
f 2725/2725/2725 2735/2735/2735 2736/2736/2736
f 2714/2714/2714 2744/2744/2744 2735/2735/2735
f 2724/2724/2724 2743/2743/2743 2718/2718/2718
f 2724/2724/2724 2733/2733/2733 2743/2743/2743
f 2712/2712/2712 2732/2732/2732 2733/2733/2733
f 2723/2723/2723 2731/2731/2731 2732/2732/2732
f 2714/2714/2714 2711/2711/2711 2742/2742/2742
f 2741/2741/2741 2711/2711/2711 2730/2730/2730
f 2721/2721/2721 2740/2740/2740 2730/2730/2730
f 2720/2720/2720 2719/2719/2719 2721/2721/2721
f 2719/2719/2719 2729/2729/2729 2739/2739/2739
f 2708/2708/2708 2728/2728/2728 2729/2729/2729
f 2738/2738/2738 2728/2728/2728 2718/2718/2718
f 2716/2716/2716 2726/2726/2726 2737/2737/2737
f 2727/2727/2727 2716/2716/2716 2737/2737/2737
f 2736/2736/2736 2726/2726/2726 2706/2706/2706
f 2735/2735/2735 2725/2725/2725 2715/2715/2715
f 2706/2706/2706 2725/2725/2725 2736/2736/2736
f 2715/2715/2715 2714/2714/2714 2735/2735/2735
f 2717/2717/2717 2713/2713/2713 2718/2718/2718
f 2713/2713/2713 2724/2724/2724 2718/2718/2718
f 2733/2733/2733 2724/2724/2724 2712/2712/2712
f 2712/2712/2712 2723/2723/2723 2732/2732/2732
f 2722/2722/2722 2711/2711/2711 2714/2714/2714
f 2711/2711/2711 2721/2721/2721 2730/2730/2730
f 2721/2721/2721 2700/2700/2700 2709/2709/2709
f 2709/2709/2709 2720/2720/2720 2721/2721/2721
f 2719/2719/2719 2720/2720/2720 2702/2702/2702
f 2729/2729/2729 2719/2719/2719 2708/2708/2708
f 2708/2708/2708 2718/2718/2718 2728/2728/2728
f 2699/2699/2699 2717/2717/2717 2718/2718/2718
f 2716/2716/2716 2707/2707/2707 2726/2726/2726
f 2707/2707/2707 2706/2706/2706 2726/2726/2726
f 2706/2706/2706 2715/2715/2715 2725/2725/2725
f 2701/2701/2701 2714/2714/2714 2715/2715/2715
f 2703/2703/2703 2722/2722/2722 2714/2714/2714
f 2713/2713/2713 2717/2717/2717 2705/2705/2705
f 2724/2724/2724 2713/2713/2713 2704/2704/2704
f 2704/2704/2704 2712/2712/2712 2724/2724/2724
f 2711/2711/2711 2722/2722/2722 2703/2703/2703
f 2711/2711/2711 2700/2700/2700 2721/2721/2721
f 2710/2710/2710 2709/2709/2709 2700/2700/2700
f 2720/2720/2720 2709/2709/2709 2702/2702/2702
f 2702/2702/2702 2708/2708/2708 2719/2719/2719
f 2718/2718/2718 2708/2708/2708 2699/2699/2699
f 2717/2717/2717 2699/2699/2699 2705/2705/2705
f 2701/2701/2701 2715/2715/2715 2706/2706/2706
f 2703/2703/2703 2700/2700/2700 2711/2711/2711
f 2702/2702/2702 2699/2699/2699 2708/2708/2708
f 2337/2337/2337 2698/2698/2698 2333/2333/2333
f 2697/2697/2697 2694/2694/2694 2696/2696/2696
f 2694/2694/2694 2695/2695/2695 2696/2696/2696
f 2691/2691/2691 2687/2687/2687 2692/2692/2692
f 2691/2691/2691 2693/2693/2693 2685/2685/2685
f 2691/2691/2691 2688/2688/2688 2687/2687/2687
f 2692/2692/2692 2687/2687/2687 2690/2690/2690
f 2684/2684/2684 2689/2689/2689 2690/2690/2690
f 2691/2691/2691 2685/2685/2685 2688/2688/2688
f 2688/2688/2688 2683/2683/2683 2687/2687/2687
f 2687/2687/2687 2684/2684/2684 2690/2690/2690
f 2689/2689/2689 2684/2684/2684 2686/2686/2686
f 2685/2685/2685 2683/2683/2683 2688/2688/2688
f 2683/2683/2683 2684/2684/2684 2687/2687/2687
f 2682/2682/2682 2686/2686/2686 2684/2684/2684
f 2681/2681/2681 2683/2683/2683 2685/2685/2685
f 2683/2683/2683 2682/2682/2682 2684/2684/2684
f 2681/2681/2681 2682/2682/2682 2683/2683/2683
f 2680/2680/2680 100/100/100 99/99/99
f 100/100/100 2680/2680/2680 113/113/113
f 2680/2680/2680 2679/2679/2679 113/113/113
f 2679/2679/2679 119/119/119 113/113/113
f 2678/2678/2678 2679/2679/2679 2680/2680/2680
f 119/119/119 2679/2679/2679 2506/2506/2506
f 2678/2678/2678 2506/2506/2506 2679/2679/2679
f 813/813/813 2674/2674/2674 834/834/834
f 813/813/813 793/793/793 2674/2674/2674
f 834/834/834 2674/2674/2674 2675/2675/2675
f 793/793/793 2677/2677/2677 2674/2674/2674
f 793/793/793 776/776/776 2677/2677/2677
f 2671/2671/2671 834/834/834 2675/2675/2675
f 2664/2664/2664 2675/2675/2675 2674/2674/2674
f 2670/2670/2670 2674/2674/2674 2677/2677/2677
f 2670/2670/2670 2677/2677/2677 776/776/776
f 776/776/776 760/760/760 2663/2663/2663
f 2676/2676/2676 2669/2669/2669 2673/2673/2673
f 872/872/872 2669/2669/2669 2676/2676/2676
f 2673/2673/2673 2668/2668/2668 2672/2672/2672
f 851/851/851 834/834/834 2671/2671/2671
f 2675/2675/2675 2664/2664/2664 2671/2671/2671
f 2674/2674/2674 2670/2670/2670 2664/2664/2664
f 2663/2663/2663 2670/2670/2670 776/776/776
f 760/760/760 752/752/752 2663/2663/2663
f 2669/2669/2669 2654/2654/2654 2673/2673/2673
f 2669/2669/2669 872/872/872 2661/2661/2661
f 871/871/871 2661/2661/2661 872/872/872
f 2673/2673/2673 2654/2654/2654 2668/2668/2668
f 2672/2672/2672 2668/2668/2668 2666/2666/2666
f 2671/2671/2671 2664/2664/2664 851/851/851
f 851/851/851 2653/2653/2653 2659/2659/2659
f 2670/2670/2670 2663/2663/2663 2664/2664/2664
f 752/752/752 2662/2662/2662 2663/2663/2663
f 752/752/752 738/738/738 2652/2652/2652
f 2661/2661/2661 2654/2654/2654 2669/2669/2669
f 871/871/871 2660/2660/2660 2661/2661/2661
f 854/854/854 851/851/851 2659/2659/2659
f 2659/2659/2659 2653/2653/2653 2658/2658/2658
f 2667/2667/2667 2656/2656/2656 2665/2665/2665
f 2666/2666/2666 2668/2668/2668 2654/2654/2654
f 2665/2665/2665 2656/2656/2656 2646/2646/2646
f 851/851/851 2664/2664/2664 2653/2653/2653
f 2664/2664/2664 2663/2663/2663 2634/2634/2634
f 2663/2663/2663 2662/2662/2662 2644/2644/2644
f 2652/2652/2652 2662/2662/2662 752/752/752
f 738/738/738 728/728/728 2652/2652/2652
f 2651/2651/2651 2654/2654/2654 2661/2661/2661
f 2641/2641/2641 2661/2661/2661 2660/2660/2660
f 2660/2660/2660 871/871/871 2642/2642/2642
f 854/854/854 2659/2659/2659 861/861/861
f 2659/2659/2659 2658/2658/2658 2650/2650/2650
f 2624/2624/2624 2658/2658/2658 2653/2653/2653
f 2649/2649/2649 2656/2656/2656 2667/2667/2667
f 2667/2667/2667 2657/2657/2657 2649/2649/2649
f 2657/2657/2657 2655/2655/2655 2639/2639/2639
f 2666/2666/2666 2654/2654/2654 2648/2648/2648
f 2654/2654/2654 2651/2651/2651 2620/2620/2620
f 2646/2646/2646 2656/2656/2656 2647/2647/2647
f 2646/2646/2646 21/21/21 2665/2665/2665
f 2664/2664/2664 2634/2634/2634 2653/2653/2653
f 2653/2653/2653 2645/2645/2645 2624/2624/2624
f 2663/2663/2663 2644/2644/2644 2634/2634/2634
f 2662/2662/2662 2652/2652/2652 2644/2644/2644
f 886/886/886 882/882/882 883/883/883
f 887/887/887 882/882/882 886/886/886
f 887/887/887 884/884/884 882/882/882
f 2652/2652/2652 728/728/728 2643/2643/2643
f 689/689/689 688/688/688 2631/2631/2631
f 2661/2661/2661 2641/2641/2641 2651/2651/2651
f 2641/2641/2641 2660/2660/2660 2642/2642/2642
f 871/871/871 867/867/867 2642/2642/2642
f 2640/2640/2640 865/865/865 861/861/861
f 2625/2625/2625 861/861/861 2659/2659/2659
f 2659/2659/2659 2650/2650/2650 2625/2625/2625
f 2658/2658/2658 2624/2624/2624 2650/2650/2650
f 2656/2656/2656 2649/2649/2649 2621/2621/2621
f 2639/2639/2639 2649/2649/2649 2657/2657/2657
f 2621/2621/2621 2647/2647/2647 2656/2656/2656
f 2651/2651/2651 2630/2630/2630 2620/2620/2620
f 2655/2655/2655 2638/2638/2638 2639/2639/2639
f 2654/2654/2654 2620/2620/2620 2648/2648/2648
f 2647/2647/2647 2618/2618/2618 2646/2646/2646
f 21/21/21 2646/2646/2646 16/16/16
f 2647/2647/2647 2637/2637/2637 2636/2636/2636
f 2645/2645/2645 2653/2653/2653 2634/2634/2634
f 2645/2645/2645 2604/2604/2604 2624/2624/2624
f 2644/2644/2644 2633/2633/2633 2634/2634/2634
f 2617/2617/2617 2644/2644/2644 2652/2652/2652
f 2652/2652/2652 2643/2643/2643 2617/2617/2617
f 2643/2643/2643 728/728/728 2632/2632/2632
f 719/719/719 2632/2632/2632 728/728/728
f 719/719/719 689/689/689 2631/2631/2631
f 2631/2631/2631 688/688/688 678/678/678
f 2641/2641/2641 2630/2630/2630 2651/2651/2651
f 2641/2641/2641 2642/2642/2642 2629/2629/2629
f 2629/2629/2629 2628/2628/2628 2641/2641/2641
f 2642/2642/2642 867/867/867 2627/2627/2627
f 865/865/865 2626/2626/2626 867/867/867
f 2626/2626/2626 865/865/865 2640/2640/2640
f 861/861/861 2625/2625/2625 2640/2640/2640
f 2650/2650/2650 2624/2624/2624 2625/2625/2625
f 2624/2624/2624 2635/2635/2635 2623/2623/2623
f 2639/2639/2639 2621/2621/2621 2649/2649/2649
f 2647/2647/2647 2621/2621/2621 2637/2637/2637
f 2620/2620/2620 2630/2630/2630 2622/2622/2622
f 2648/2648/2648 2619/2619/2619 2638/2638/2638
f 2639/2639/2639 2638/2638/2638 2609/2609/2609
f 2648/2648/2648 2620/2620/2620 2619/2619/2619
f 2618/2618/2618 2647/2647/2647 2636/2636/2636
f 16/16/16 2646/2646/2646 2618/2618/2618
f 2637/2637/2637 2608/2608/2608 2636/2636/2636
f 2624/2624/2624 2604/2604/2604 2635/2635/2635
f 2604/2604/2604 2645/2645/2645 2634/2634/2634
f 2634/2634/2634 2633/2633/2633 2603/2603/2603
f 2644/2644/2644 2617/2617/2617 2633/2633/2633
f 2643/2643/2643 2632/2632/2632 2617/2617/2617
f 2632/2632/2632 719/719/719 2589/2589/2589
f 719/719/719 2631/2631/2631 2589/2589/2589
f 2631/2631/2631 678/678/678 2616/2616/2616
f 2641/2641/2641 2601/2601/2601 2630/2630/2630
f 2622/2622/2622 2630/2630/2630 2615/2615/2615
f 2642/2642/2642 2614/2614/2614 2629/2629/2629
f 2627/2627/2627 2614/2614/2614 2642/2642/2642
f 2629/2629/2629 2600/2600/2600 2628/2628/2628
f 2641/2641/2641 2628/2628/2628 2601/2601/2601
f 867/867/867 2613/2613/2613 2627/2627/2627
f 2626/2626/2626 2613/2613/2613 867/867/867
f 2640/2640/2640 2599/2599/2599 2626/2626/2626
f 2640/2640/2640 2625/2625/2625 2599/2599/2599
f 2625/2625/2625 2624/2624/2624 2612/2612/2612
f 2624/2624/2624 2623/2623/2623 2584/2584/2584
f 2635/2635/2635 2611/2611/2611 2623/2623/2623
f 2639/2639/2639 2609/2609/2609 2621/2621/2621
f 2621/2621/2621 2597/2597/2597 2637/2637/2637
f 2620/2620/2620 2622/2622/2622 2610/2610/2610
f 2619/2619/2619 2609/2609/2609 2638/2638/2638
f 2620/2620/2620 2596/2596/2596 2619/2619/2619
f 2637/2637/2637 2597/2597/2597 2608/2608/2608
f 2605/2605/2605 7/7/7 9/9/9
f 2618/2618/2618 2636/2636/2636 2593/2593/2593
f 2618/2618/2618 2607/2607/2607 16/16/16
f 16/16/16 2607/2607/2607 9/9/9
f 2636/2636/2636 2608/2608/2608 2593/2593/2593
f 2605/2605/2605 2606/2606/2606 7/7/7
f 2611/2611/2611 2635/2635/2635 2604/2604/2604
f 2634/2634/2634 2603/2603/2603 2604/2604/2604
f 2633/2633/2633 2602/2602/2602 2603/2603/2603
f 2602/2602/2602 2633/2633/2633 2617/2617/2617
f 2589/2589/2589 2617/2617/2617 2632/2632/2632
f 2616/2616/2616 2589/2589/2589 2631/2631/2631
f 2616/2616/2616 678/678/678 2587/2587/2587
f 2630/2630/2630 2601/2601/2601 2615/2615/2615
f 2615/2615/2615 2598/2598/2598 2622/2622/2622
f 2614/2614/2614 2600/2600/2600 2629/2629/2629
f 2627/2627/2627 2585/2585/2585 2614/2614/2614
f 2601/2601/2601 2628/2628/2628 2600/2600/2600
f 2613/2613/2613 2585/2585/2585 2627/2627/2627
f 2626/2626/2626 2599/2599/2599 2613/2613/2613
f 2625/2625/2625 2612/2612/2612 2599/2599/2599
f 2584/2584/2584 2612/2612/2612 2624/2624/2624
f 2623/2623/2623 2611/2611/2611 2584/2584/2584
f 2622/2622/2622 2598/2598/2598 2610/2610/2610
f 2621/2621/2621 2609/2609/2609 2597/2597/2597
f 2610/2610/2610 2596/2596/2596 2620/2620/2620
f 2619/2619/2619 2596/2596/2596 2609/2609/2609
f 2597/2597/2597 2595/2595/2595 2608/2608/2608
f 2594/2594/2594 2605/2605/2605 9/9/9
f 2618/2618/2618 2593/2593/2593 2607/2607/2607
f 9/9/9 2607/2607/2607 2580/2580/2580
f 2608/2608/2608 2592/2592/2592 2593/2593/2593
f 2591/2591/2591 2606/2606/2606 2605/2605/2605
f 2604/2604/2604 2590/2590/2590 2611/2611/2611
f 2611/2611/2611 2590/2590/2590 2583/2583/2583
f 2604/2604/2604 2603/2603/2603 2578/2578/2578
f 2603/2603/2603 2602/2602/2602 2577/2577/2577
f 2617/2617/2617 2589/2589/2589 2602/2602/2602
f 2589/2589/2589 2616/2616/2616 2587/2587/2587
f 662/662/662 2587/2587/2587 678/678/678
f 2601/2601/2601 2586/2586/2586 2615/2615/2615
f 2598/2598/2598 2615/2615/2615 2586/2586/2586
f 2614/2614/2614 2585/2585/2585 2600/2600/2600
f 2601/2601/2601 2600/2600/2600 2562/2562/2562
f 2613/2613/2613 2599/2599/2599 2585/2585/2585
f 2575/2575/2575 2599/2599/2599 2612/2612/2612
f 2612/2612/2612 2584/2584/2584 2575/2575/2575
f 2611/2611/2611 2583/2583/2583 2584/2584/2584
f 2598/2598/2598 2572/2572/2572 2610/2610/2610
f 2609/2609/2609 2582/2582/2582 2597/2597/2597
f 2610/2610/2610 2572/2572/2572 2596/2596/2596
f 2596/2596/2596 2582/2582/2582 2609/2609/2609
f 2595/2595/2595 2581/2581/2581 2608/2608/2608
f 2559/2559/2559 2595/2595/2595 2597/2597/2597
f 2608/2608/2608 2581/2581/2581 2592/2592/2592
f 2580/2580/2580 2594/2594/2594 9/9/9
f 2605/2605/2605 2594/2594/2594 2569/2569/2569
f 2607/2607/2607 2593/2593/2593 2580/2580/2580
f 2593/2593/2593 2592/2592/2592 2568/2568/2568
f 2606/2606/2606 2591/2591/2591 2579/2579/2579
f 2569/2569/2569 2591/2591/2591 2605/2605/2605
f 2588/2588/2588 662/662/662 612/612/612
f 2604/2604/2604 2578/2578/2578 2590/2590/2590
f 2590/2590/2590 2566/2566/2566 2583/2583/2583
f 2603/2603/2603 2577/2577/2577 2578/2578/2578
f 2602/2602/2602 2589/2589/2589 2577/2577/2577
f 2576/2576/2576 662/662/662 2588/2588/2588
f 2587/2587/2587 2555/2555/2555 2589/2589/2589
f 2587/2587/2587 662/662/662 2576/2576/2576
f 2562/2562/2562 2586/2586/2586 2601/2601/2601
f 2586/2586/2586 2573/2573/2573 2598/2598/2598
f 2585/2585/2585 2562/2562/2562 2600/2600/2600
f 2599/2599/2599 2575/2575/2575 2585/2585/2585
f 2574/2574/2574 2575/2575/2575 2584/2584/2584
f 2584/2584/2584 2583/2583/2583 2561/2561/2561
f 2572/2572/2572 2598/2598/2598 2573/2573/2573
f 2597/2597/2597 2582/2582/2582 2559/2559/2559
f 2582/2582/2582 2596/2596/2596 2572/2572/2572
f 2595/2595/2595 2559/2559/2559 2581/2581/2581
f 2581/2581/2581 2570/2570/2570 2592/2592/2592
f 2580/2580/2580 2569/2569/2569 2594/2594/2594
f 2593/2593/2593 2568/2568/2568 2580/2580/2580
f 2592/2592/2592 2570/2570/2570 2568/2568/2568
f 2567/2567/2567 2579/2579/2579 2591/2591/2591
f 2569/2569/2569 2567/2567/2567 2591/2591/2591
f 2557/2557/2557 2588/2588/2588 612/612/612
f 2590/2590/2590 2578/2578/2578 2566/2566/2566
f 2583/2583/2583 2566/2566/2566 2560/2560/2560
f 2578/2578/2578 2577/2577/2577 2547/2547/2547
f 2555/2555/2555 2577/2577/2577 2589/2589/2589
f 2588/2588/2588 2557/2557/2557 2576/2576/2576
f 2587/2587/2587 2576/2576/2576 2555/2555/2555
f 612/612/612 641/641/641 2564/2564/2564
f 2573/2573/2573 2586/2586/2586 2562/2562/2562
f 2585/2585/2585 2575/2575/2575 2562/2562/2562
f 2584/2584/2584 2561/2561/2561 2574/2574/2574
f 2543/2543/2543 2575/2575/2575 2574/2574/2574
f 2583/2583/2583 2560/2560/2560 2561/2561/2561
f 2573/2573/2573 2552/2552/2552 2572/2572/2572
f 2572/2572/2572 2559/2559/2559 2582/2582/2582
f 2581/2581/2581 2571/2571/2571 2551/2551/2551
f 2559/2559/2559 2571/2571/2571 2581/2581/2581
f 2581/2581/2581 2551/2551/2551 2570/2570/2570
f 2558/2558/2558 2569/2569/2569 2580/2580/2580
f 2580/2580/2580 2568/2568/2568 2558/2558/2558
f 2570/2570/2570 2540/2540/2540 2568/2568/2568
f 2579/2579/2579 2567/2567/2567 2549/2549/2549
f 2550/2550/2550 2567/2567/2567 2569/2569/2569
f 2564/2564/2564 2557/2557/2557 612/612/612
f 2578/2578/2578 2547/2547/2547 2566/2566/2566
f 2566/2566/2566 2556/2556/2556 2560/2560/2560
f 2547/2547/2547 2577/2577/2577 2565/2565/2565
f 2577/2577/2577 2555/2555/2555 2565/2565/2565
f 2555/2555/2555 2576/2576/2576 2557/2557/2557
f 661/661/661 2546/2546/2546 641/641/641
f 2564/2564/2564 641/641/641 2546/2546/2546
f 2554/2554/2554 661/661/661 2563/2563/2563
f 2562/2562/2562 2553/2553/2553 2573/2573/2573
f 2575/2575/2575 2543/2543/2543 2562/2562/2562
f 2574/2574/2574 2561/2561/2561 2543/2543/2543
f 2560/2560/2560 2542/2542/2542 2561/2561/2561
f 2552/2552/2552 2573/2573/2573 2553/2553/2553
f 2559/2559/2559 2572/2572/2572 2552/2552/2552
f 2559/2559/2559 2551/2551/2551 2571/2571/2571
f 2570/2570/2570 2551/2551/2551 2540/2540/2540
f 2569/2569/2569 2558/2558/2558 2550/2550/2550
f 2568/2568/2568 2540/2540/2540 2558/2558/2558
f 2567/2567/2567 2550/2550/2550 2549/2549/2549
f 2560/2560/2560 2556/2556/2556 2548/2548/2548
f 2557/2557/2557 2564/2564/2564 2545/2545/2545
f 2556/2556/2556 2566/2566/2566 2547/2547/2547
f 2565/2565/2565 2555/2555/2555 2547/2547/2547
f 2555/2555/2555 2557/2557/2557 2539/2539/2539
f 2546/2546/2546 661/661/661 2554/2554/2554
f 2546/2546/2546 2545/2545/2545 2564/2564/2564
f 2544/2544/2544 2554/2554/2554 2563/2563/2563
f 2562/2562/2562 2543/2543/2543 2553/2553/2553
f 2561/2561/2561 2542/2542/2542 2543/2543/2543
f 2560/2560/2560 2548/2548/2548 2542/2542/2542
f 2553/2553/2553 2536/2536/2536 2552/2552/2552
f 2552/2552/2552 2534/2534/2534 2559/2559/2559
f 2534/2534/2534 2551/2551/2551 2559/2559/2559
f 2551/2551/2551 2541/2541/2541 2540/2540/2540
f 2558/2558/2558 2540/2540/2540 2550/2550/2550
f 2533/2533/2533 2549/2549/2549 2550/2550/2550
f 2556/2556/2556 2532/2532/2532 2548/2548/2548
f 2539/2539/2539 2557/2557/2557 2545/2545/2545
f 2556/2556/2556 2547/2547/2547 2532/2532/2532
f 2539/2539/2539 2547/2547/2547 2555/2555/2555
f 2546/2546/2546 2554/2554/2554 2531/2531/2531
f 2545/2545/2545 2546/2546/2546 2538/2538/2538
f 2531/2531/2531 2554/2554/2554 2544/2544/2544
f 2537/2537/2537 2544/2544/2544 2549/2549/2549
f 2543/2543/2543 2536/2536/2536 2553/2553/2553
f 2530/2530/2530 2543/2543/2543 2542/2542/2542
f 2535/2535/2535 2542/2542/2542 2548/2548/2548
f 2536/2536/2536 2534/2534/2534 2552/2552/2552
f 2534/2534/2534 2541/2541/2541 2551/2551/2551
f 2541/2541/2541 2529/2529/2529 2540/2540/2540
f 2540/2540/2540 2533/2533/2533 2550/2550/2550
f 2549/2549/2549 2533/2533/2533 2537/2537/2537
f 2548/2548/2548 2532/2532/2532 2535/2535/2535
f 2539/2539/2539 2545/2545/2545 2528/2528/2528
f 2547/2547/2547 2539/2539/2539 2532/2532/2532
f 2538/2538/2538 2546/2546/2546 2531/2531/2531
f 2528/2528/2528 2545/2545/2545 2538/2538/2538
f 2537/2537/2537 2531/2531/2531 2544/2544/2544
f 2543/2543/2543 2530/2530/2530 2536/2536/2536
f 2542/2542/2542 2535/2535/2535 2530/2530/2530
f 2536/2536/2536 2527/2527/2527 2534/2534/2534
f 2534/2534/2534 2529/2529/2529 2541/2541/2541
f 2540/2540/2540 2529/2529/2529 2533/2533/2533
f 2526/2526/2526 2537/2537/2537 2533/2533/2533
f 2535/2535/2535 2532/2532/2532 2525/2525/2525
f 2528/2528/2528 2532/2532/2532 2539/2539/2539
f 2528/2528/2528 2538/2538/2538 2531/2531/2531
f 2531/2531/2531 2537/2537/2537 2526/2526/2526
f 2530/2530/2530 2527/2527/2527 2536/2536/2536
f 2535/2535/2535 2525/2525/2525 2530/2530/2530
f 2527/2527/2527 2529/2529/2529 2534/2534/2534
f 2529/2529/2529 2526/2526/2526 2533/2533/2533
f 2532/2532/2532 2528/2528/2528 2525/2525/2525
f 2528/2528/2528 2531/2531/2531 2526/2526/2526
f 2530/2530/2530 2525/2525/2525 2527/2527/2527
f 2529/2529/2529 2527/2527/2527 2526/2526/2526
f 2525/2525/2525 2528/2528/2528 2526/2526/2526
f 2525/2525/2525 2526/2526/2526 2527/2527/2527
f 2524/2524/2524 2522/2522/2522 2520/2520/2520
f 2521/2521/2521 2522/2522/2522 2523/2523/2523
f 2521/2521/2521 2523/2523/2523 2519/2519/2519
f 2520/2520/2520 2522/2522/2522 2521/2521/2521
f 2519/2519/2519 2520/2520/2520 2521/2521/2521
f 87/87/87 2515/2515/2515 2142/2142/2142
f 77/77/77 2515/2515/2515 87/87/87
f 2142/2142/2142 2515/2515/2515 2518/2518/2518
f 2514/2514/2514 2513/2513/2513 116/116/116
f 2510/2510/2510 2013/2013/2013 2517/2517/2517
f 2513/2513/2513 2517/2517/2517 116/116/116
f 2511/2511/2511 77/77/77 73/73/73
f 2511/2511/2511 2515/2515/2515 77/77/77
f 2497/2497/2497 2518/2518/2518 2515/2515/2515
f 116/116/116 114/114/114 2514/2514/2514
f 2007/2007/2007 2013/2013/2013 2510/2510/2510
f 2513/2513/2513 2514/2514/2514 2499/2499/2499
f 2517/2517/2517 2513/2513/2513 2510/2510/2510
f 2509/2509/2509 74/74/74 2516/2516/2516
f 2509/2509/2509 2516/2516/2516 2512/2512/2512
f 2511/2511/2511 73/73/73 72/72/72
f 2497/2497/2497 2515/2515/2515 2511/2511/2511
f 2499/2499/2499 2514/2514/2514 114/114/114
f 2007/2007/2007 2510/2510/2510 2507/2507/2507
f 2510/2510/2510 2513/2513/2513 2499/2499/2499
f 114/114/114 118/118/118 2500/2500/2500
f 74/74/74 2509/2509/2509 2495/2495/2495
f 2505/2505/2505 2509/2509/2509 2512/2512/2512
f 70/70/70 74/74/74 2504/2504/2504
f 2511/2511/2511 72/72/72 2503/2503/2503
f 2497/2497/2497 2511/2511/2511 2503/2503/2503
f 2502/2502/2502 2501/2501/2501 2508/2508/2508
f 2000/2000/2000 2007/2007/2007 2507/2507/2507
f 114/114/114 2500/2500/2500 2499/2499/2499
f 2510/2510/2510 2499/2499/2499 2507/2507/2507
f 2500/2500/2500 118/118/118 2498/2498/2498
f 2495/2495/2495 2504/2504/2504 74/74/74
f 2495/2495/2495 2509/2509/2509 2505/2505/2505
f 2487/2487/2487 72/72/72 69/69/69
f 2494/2494/2494 69/69/69 70/70/70
f 2494/2494/2494 70/70/70 2504/2504/2504
f 2503/2503/2503 72/72/72 2487/2487/2487
f 2503/2503/2503 2493/2493/2493 2497/2497/2497
f 2502/2502/2502 2486/2486/2486 2501/2501/2501
f 2508/2508/2508 2501/2501/2501 2491/2491/2491
f 2000/2000/2000 2507/2507/2507 2490/2490/2490
f 2499/2499/2499 2500/2500/2500 2485/2485/2485
f 2507/2507/2507 2499/2499/2499 2490/2490/2490
f 2489/2489/2489 2500/2500/2500 2498/2498/2498
f 2498/2498/2498 118/118/118 2483/2483/2483
f 119/119/119 2506/2506/2506 2497/2497/2497
f 2505/2505/2505 2496/2496/2496 2488/2488/2488
f 2504/2504/2504 2495/2495/2495 2473/2473/2473
f 2495/2495/2495 2505/2505/2505 2488/2488/2488
f 69/69/69 2494/2494/2494 2487/2487/2487
f 2473/2473/2473 2494/2494/2494 2504/2504/2504
f 2493/2493/2493 2503/2503/2503 2487/2487/2487
f 2497/2497/2497 2493/2493/2493 2482/2482/2482
f 2492/2492/2492 2486/2486/2486 2502/2502/2502
f 2486/2486/2486 2491/2491/2491 2501/2501/2501
f 2500/2500/2500 2489/2489/2489 2485/2485/2485
f 2000/2000/2000 2490/2490/2490 1984/1984/1984
f 2490/2490/2490 2499/2499/2499 2485/2485/2485
f 2498/2498/2498 2484/2484/2484 2489/2489/2489
f 118/118/118 121/121/121 2483/2483/2483
f 2484/2484/2484 2498/2498/2498 2483/2483/2483
f 119/119/119 2497/2497/2497 2482/2482/2482
f 2488/2488/2488 2496/2496/2496 2481/2481/2481
f 2495/2495/2495 2488/2488/2488 2473/2473/2473
f 2494/2494/2494 2473/2473/2473 2487/2487/2487
f 2472/2472/2472 2493/2493/2493 2487/2487/2487
f 2493/2493/2493 2472/2472/2472 2482/2482/2482
f 2492/2492/2492 2477/2477/2477 2486/2486/2486
f 2486/2486/2486 2468/2468/2468 2491/2491/2491
f 2485/2485/2485 2489/2489/2489 2467/2467/2467
f 2490/2490/2490 2485/2485/2485 1984/1984/1984
f 2467/2467/2467 2489/2489/2489 2484/2484/2484
f 121/121/121 2476/2476/2476 2483/2483/2483
f 2483/2483/2483 2465/2465/2465 2484/2484/2484
f 119/119/119 2476/2476/2476 121/121/121
f 2464/2464/2464 119/119/119 2482/2482/2482
f 2481/2481/2481 2473/2473/2473 2488/2488/2488
f 2487/2487/2487 2473/2473/2473 2472/2472/2472
f 2482/2482/2482 2472/2472/2472 2475/2475/2475
f 2479/2479/2479 2480/2480/2480 2459/2459/2459
f 2479/2479/2479 2470/2470/2470 2478/2478/2478
f 2477/2477/2477 2469/2469/2469 2486/2486/2486
f 2478/2478/2478 2458/2458/2458 2477/2477/2477
f 2469/2469/2469 2468/2468/2468 2486/2486/2486
f 1984/1984/1984 2485/2485/2485 2467/2467/2467
f 2467/2467/2467 2484/2484/2484 2466/2466/2466
f 2466/2466/2466 2484/2484/2484 2465/2465/2465
f 2465/2465/2465 2483/2483/2483 2476/2476/2476
f 119/119/119 2464/2464/2464 2476/2476/2476
f 2482/2482/2482 2475/2475/2475 2464/2464/2464
f 2463/2463/2463 2481/2481/2481 2474/2474/2474
f 2481/2481/2481 2463/2463/2463 2473/2473/2473
f 2454/2454/2454 2472/2472/2472 2473/2473/2473
f 2453/2453/2453 2475/2475/2475 2472/2472/2472
f 2480/2480/2480 2461/2461/2461 2460/2460/2460
f 2459/2459/2459 2480/2480/2480 2460/2460/2460
f 2459/2459/2459 2470/2470/2470 2479/2479/2479
f 2478/2478/2478 2470/2470/2470 2458/2458/2458
f 2477/2477/2477 2458/2458/2458 2469/2469/2469
f 2468/2468/2468 2457/2457/2457 2471/2471/2471
f 2469/2469/2469 2442/2442/2442 2468/2468/2468
f 1968/1968/1968 1984/1984/1984 2467/2467/2467
f 2449/2449/2449 2467/2467/2467 2466/2466/2466
f 2465/2465/2465 2456/2456/2456 2466/2466/2466
f 2476/2476/2476 2448/2448/2448 2465/2465/2465
f 2448/2448/2448 2476/2476/2476 2464/2464/2464
f 2464/2464/2464 2475/2475/2475 2453/2453/2453
f 2455/2455/2455 2466/2466/2466 2456/2456/2456
f 2447/2447/2447 2463/2463/2463 2474/2474/2474
f 2473/2473/2473 2463/2463/2463 2454/2454/2454
f 2472/2472/2472 2454/2454/2454 2462/2462/2462
f 2453/2453/2453 2472/2472/2472 2462/2462/2462
f 2461/2461/2461 2437/2437/2437 2460/2460/2460
f 2460/2460/2460 2451/2451/2451 2459/2459/2459
f 2459/2459/2459 2445/2445/2445 2470/2470/2470
f 2457/2457/2457 2450/2450/2450 2471/2471/2471
f 2445/2445/2445 2458/2458/2458 2470/2470/2470
f 2442/2442/2442 2469/2469/2469 2458/2458/2458
f 2442/2442/2442 2457/2457/2457 2468/2468/2468
f 1968/1968/1968 2467/2467/2467 2449/2449/2449
f 2466/2466/2466 2455/2455/2455 2449/2449/2449
f 2465/2465/2465 2448/2448/2448 2456/2456/2456
f 2448/2448/2448 2464/2464/2464 2453/2453/2453
f 2456/2456/2456 2441/2441/2441 2455/2455/2455
f 2454/2454/2454 2463/2463/2463 2447/2447/2447
f 2439/2439/2439 2462/2462/2462 2454/2454/2454
f 2453/2453/2453 2462/2462/2462 2439/2439/2439
f 2452/2452/2452 2437/2437/2437 2461/2461/2461
f 2437/2437/2437 2451/2451/2451 2460/2460/2460
f 2451/2451/2451 2445/2445/2445 2459/2459/2459
f 2444/2444/2444 2450/2450/2450 2457/2457/2457
f 2443/2443/2443 2458/2458/2458 2445/2445/2445
f 2443/2443/2443 2442/2442/2442 2458/2458/2458
f 2442/2442/2442 2444/2444/2444 2457/2457/2457
f 1968/1968/1968 2449/2449/2449 2432/2432/2432
f 2455/2455/2455 2431/2431/2431 2449/2449/2449
f 2441/2441/2441 2456/2456/2456 2448/2448/2448
f 2448/2448/2448 2453/2453/2453 2440/2440/2440
f 2455/2455/2455 2441/2441/2441 2431/2431/2431
f 2439/2439/2439 2454/2454/2454 2447/2447/2447
f 2440/2440/2440 2453/2453/2453 2439/2439/2439
f 2452/2452/2452 2438/2438/2438 2446/2446/2446
f 2452/2452/2452 2446/2446/2446 2437/2437/2437
f 2437/2437/2437 2436/2436/2436 2451/2451/2451
f 2451/2451/2451 2435/2435/2435 2445/2445/2445
f 2451/2451/2451 2436/2436/2436 2435/2435/2435
f 2433/2433/2433 2450/2450/2450 2444/2444/2444
f 2426/2426/2426 2443/2443/2443 2445/2445/2445
f 2422/2422/2422 2442/2442/2442 2443/2443/2443
f 2424/2424/2424 2444/2444/2444 2442/2442/2442
f 1951/1951/1951 1968/1968/1968 2432/2432/2432
f 2449/2449/2449 2431/2431/2431 2432/2432/2432
f 2448/2448/2448 2420/2420/2420 2441/2441/2441
f 2420/2420/2420 2448/2448/2448 2440/2440/2440
f 2441/2441/2441 2429/2429/2429 2431/2431/2431
f 2440/2440/2440 2428/2428/2428 2430/2430/2430
f 2419/2419/2419 2439/2439/2439 2447/2447/2447
f 2440/2440/2440 2439/2439/2439 2428/2428/2428
f 2438/2438/2438 2418/2418/2418 2446/2446/2446
f 2446/2446/2446 2418/2418/2418 2437/2437/2437
f 2437/2437/2437 2425/2425/2425 2436/2436/2436
f 2435/2435/2435 2426/2426/2426 2445/2445/2445
f 2436/2436/2436 2416/2416/2416 2435/2435/2435
f 2433/2433/2433 2444/2444/2444 2424/2424/2424
f 2443/2443/2443 2426/2426/2426 2422/2422/2422
f 2422/2422/2422 2424/2424/2424 2442/2442/2442
f 1930/1930/1930 1951/1951/1951 2432/2432/2432
f 2421/2421/2421 2432/2432/2432 2431/2431/2431
f 2441/2441/2441 2420/2420/2420 2429/2429/2429
f 2420/2420/2420 2440/2440/2440 2430/2430/2430
f 2431/2431/2431 2429/2429/2429 2412/2412/2412
f 2430/2430/2430 2428/2428/2428 2403/2403/2403
f 2419/2419/2419 2428/2428/2428 2439/2439/2439
f 2427/2427/2427 2418/2418/2418 2438/2438/2438
f 1900/1900/1900 2411/2411/2411 2427/2427/2427
f 2418/2418/2418 2417/2417/2417 2437/2437/2437
f 2417/2417/2417 2425/2425/2425 2437/2437/2437
f 2425/2425/2425 2416/2416/2416 2436/2436/2436
f 2435/2435/2435 2415/2415/2415 2426/2426/2426
f 2435/2435/2435 2416/2416/2416 2415/2415/2415
f 2424/2424/2424 2414/2414/2414 2433/2433/2433
f 2423/2423/2423 2407/2407/2407 2434/2434/2434
f 2414/2414/2414 2423/2423/2423 2433/2433/2433
f 2426/2426/2426 2409/2409/2409 2422/2422/2422
f 2406/2406/2406 2424/2424/2424 2422/2422/2422
f 1930/1930/1930 2432/2432/2432 2421/2421/2421
f 2421/2421/2421 2431/2431/2431 2412/2412/2412
f 2429/2429/2429 2420/2420/2420 2413/2413/2413
f 2430/2430/2430 2403/2403/2403 2420/2420/2420
f 2412/2412/2412 2429/2429/2429 2413/2413/2413
f 2428/2428/2428 2419/2419/2419 2403/2403/2403
f 2411/2411/2411 2418/2418/2418 2427/2427/2427
f 1900/1900/1900 1890/1890/1890 2411/2411/2411
f 2418/2418/2418 2401/2401/2401 2417/2417/2417
f 2417/2417/2417 2410/2410/2410 2425/2425/2425
f 2425/2425/2425 2408/2408/2408 2416/2416/2416
f 2415/2415/2415 2409/2409/2409 2426/2426/2426
f 2415/2415/2415 2416/2416/2416 2400/2400/2400
f 2410/2410/2410 2408/2408/2408 2425/2425/2425
f 2406/2406/2406 2414/2414/2414 2424/2424/2424
f 2423/2423/2423 2414/2414/2414 2407/2407/2407
f 2409/2409/2409 2406/2406/2406 2422/2422/2422
f 1930/1930/1930 2421/2421/2421 2405/2405/2405
f 2421/2421/2421 2404/2404/2404 2405/2405/2405
f 2404/2404/2404 2421/2421/2421 2412/2412/2412
f 2420/2420/2420 2403/2403/2403 2413/2413/2413
f 2412/2412/2412 2413/2413/2413 2397/2397/2397
f 2403/2403/2403 2419/2419/2419 2402/2402/2402
f 2418/2418/2418 2411/2411/2411 2401/2401/2401
f 2411/2411/2411 1890/1890/1890 1882/1882/1882
f 2401/2401/2401 2410/2410/2410 2417/2417/2417
f 2416/2416/2416 2408/2408/2408 2400/2400/2400
f 2400/2400/2400 2409/2409/2409 2415/2415/2415
f 2410/2410/2410 2394/2394/2394 2408/2408/2408
f 2414/2414/2414 2406/2406/2406 2399/2399/2399
f 2399/2399/2399 2407/2407/2407 2414/2414/2414
f 2396/2396/2396 2406/2406/2406 2409/2409/2409
f 1930/1930/1930 2405/2405/2405 1912/1912/1912
f 2405/2405/2405 2404/2404/2404 2392/2392/2392
f 2412/2412/2412 2398/2398/2398 2404/2404/2404
f 2397/2397/2397 2413/2413/2413 2403/2403/2403
f 2412/2412/2412 2397/2397/2397 2398/2398/2398
f 2403/2403/2403 2402/2402/2402 2389/2389/2389
f 2411/2411/2411 1882/1882/1882 2401/2401/2401
f 2401/2401/2401 2394/2394/2394 2410/2410/2410
f 2400/2400/2400 2408/2408/2408 2395/2395/2395
f 2396/2396/2396 2409/2409/2409 2400/2400/2400
f 2408/2408/2408 2394/2394/2394 2395/2395/2395
f 2393/2393/2393 2399/2399/2399 2406/2406/2406
f 2381/2381/2381 2407/2407/2407 2399/2399/2399
f 2393/2393/2393 2406/2406/2406 2396/2396/2396
f 1912/1912/1912 2405/2405/2405 2392/2392/2392
f 2404/2404/2404 2390/2390/2390 2392/2392/2392
f 2398/2398/2398 2390/2390/2390 2404/2404/2404
f 2403/2403/2403 2389/2389/2389 2397/2397/2397
f 2397/2397/2397 2383/2383/2383 2398/2398/2398
f 2389/2389/2389 2402/2402/2402 2391/2391/2391
f 1882/1882/1882 2388/2388/2388 2401/2401/2401
f 2401/2401/2401 2388/2388/2388 2394/2394/2394
f 2395/2395/2395 2387/2387/2387 2400/2400/2400
f 2387/2387/2387 2396/2396/2396 2400/2400/2400
f 2394/2394/2394 2386/2386/2386 2395/2395/2395
f 2381/2381/2381 2399/2399/2399 2393/2393/2393
f 2382/2382/2382 2393/2393/2393 2396/2396/2396
f 1912/1912/1912 2392/2392/2392 2380/2380/2380
f 2390/2390/2390 2385/2385/2385 2392/2392/2392
f 2390/2390/2390 2398/2398/2398 2383/2383/2383
f 2383/2383/2383 2397/2397/2397 2389/2389/2389
f 2389/2389/2389 2391/2391/2391 2379/2379/2379
f 1882/1882/1882 1879/1879/1879 2388/2388/2388
f 2388/2388/2388 2378/2378/2378 2394/2394/2394
f 2395/2395/2395 2377/2377/2377 2387/2387/2387
f 2396/2396/2396 2387/2387/2387 2382/2382/2382
f 2386/2386/2386 2377/2377/2377 2395/2395/2395
f 2378/2378/2378 2386/2386/2386 2394/2394/2394
f 2382/2382/2382 2381/2381/2381 2393/2393/2393
f 2380/2380/2380 2392/2392/2392 2385/2385/2385
f 1907/1907/1907 1912/1912/1912 2380/2380/2380
f 2390/2390/2390 2374/2374/2374 2385/2385/2385
f 2379/2379/2379 2391/2391/2391 2384/2384/2384
f 2390/2390/2390 2383/2383/2383 2374/2374/2374
f 2389/2389/2389 2379/2379/2379 2383/2383/2383
f 1879/1879/1879 2378/2378/2378 2388/2388/2388
f 2377/2377/2377 2382/2382/2382 2387/2387/2387
f 2386/2386/2386 2376/2376/2376 2377/2377/2377
f 2376/2376/2376 2386/2386/2386 2378/2378/2378
f 2375/2375/2375 2381/2381/2381 2382/2382/2382
f 2385/2385/2385 2370/2370/2370 2380/2380/2380
f 1907/1907/1907 2380/2380/2380 2371/2371/2371
f 2385/2385/2385 2374/2374/2374 2370/2370/2370
f 2362/2362/2362 2379/2379/2379 2384/2384/2384
f 2383/2383/2383 2379/2379/2379 2374/2374/2374
f 1881/1881/1881 2378/2378/2378 1879/1879/1879
f 2373/2373/2373 2382/2382/2382 2377/2377/2377
f 2377/2377/2377 2376/2376/2376 2367/2367/2367
f 2378/2378/2378 2368/2368/2368 2376/2376/2376
f 2373/2373/2373 2375/2375/2375 2382/2382/2382
f 2375/2375/2375 2372/2372/2372 2381/2381/2381
f 1892/1892/1892 1907/1907/1907 2371/2371/2371
f 2380/2380/2380 2370/2370/2370 2371/2371/2371
f 2370/2370/2370 2374/2374/2374 2369/2369/2369
f 2379/2379/2379 2362/2362/2362 2374/2374/2374
f 1881/1881/1881 2368/2368/2368 2378/2378/2378
f 2367/2367/2367 2373/2373/2373 2377/2377/2377
f 2376/2376/2376 2368/2368/2368 2367/2367/2367
f 2366/2366/2366 2375/2375/2375 2373/2373/2373
f 2375/2375/2375 2366/2366/2366 2372/2372/2372
f 2371/2371/2371 2365/2365/2365 1892/1892/1892
f 2370/2370/2370 2361/2361/2361 2371/2371/2371
f 2369/2369/2369 2360/2360/2360 2370/2370/2370
f 2374/2374/2374 2362/2362/2362 2369/2369/2369
f 1892/1892/1892 2365/2365/2365 1885/1885/1885
f 1881/1881/1881 2364/2364/2364 2368/2368/2368
f 2373/2373/2373 2367/2367/2367 2357/2357/2357
f 2368/2368/2368 2359/2359/2359 2367/2367/2367
f 2357/2357/2357 2366/2366/2366 2373/2373/2373
f 2366/2366/2366 2363/2363/2363 2372/2372/2372
f 2371/2371/2371 2361/2361/2361 2365/2365/2365
f 2370/2370/2370 2360/2360/2360 2361/2361/2361
f 2369/2369/2369 2362/2362/2362 2360/2360/2360
f 2364/2364/2364 2359/2359/2359 2368/2368/2368
f 2365/2365/2365 2355/2355/2355 1885/1885/1885
f 2358/2358/2358 2364/2364/2364 1881/1881/1881
f 1881/1881/1881 1885/1885/1885 2358/2358/2358
f 2359/2359/2359 2357/2357/2357 2367/2367/2367
f 2357/2357/2357 2363/2363/2363 2366/2366/2366
f 2361/2361/2361 2355/2355/2355 2365/2365/2365
f 2361/2361/2361 2360/2360/2360 2351/2351/2351
f 2360/2360/2360 2362/2362/2362 2352/2352/2352
f 2364/2364/2364 2349/2349/2349 2359/2359/2359
f 2355/2355/2355 2354/2354/2354 1885/1885/1885
f 2364/2364/2364 2358/2358/2358 2349/2349/2349
f 2358/2358/2358 1885/1885/1885 2354/2354/2354
f 2353/2353/2353 2357/2357/2357 2359/2359/2359
f 2357/2357/2357 2348/2348/2348 2363/2363/2363
f 2362/2362/2362 2356/2356/2356 2352/2352/2352
f 2355/2355/2355 2361/2361/2361 2351/2351/2351
f 2351/2351/2351 2360/2360/2360 2350/2350/2350
f 2350/2350/2350 2360/2360/2360 2352/2352/2352
f 2349/2349/2349 2353/2353/2353 2359/2359/2359
f 2354/2354/2354 2355/2355/2355 2343/2343/2343
f 2358/2358/2358 2354/2354/2354 2349/2349/2349
f 2353/2353/2353 2348/2348/2348 2357/2357/2357
f 2356/2356/2356 2345/2345/2345 2352/2352/2352
f 2355/2355/2355 2351/2351/2351 2343/2343/2343
f 2351/2351/2351 2350/2350/2350 2344/2344/2344
f 2350/2350/2350 2352/2352/2352 2347/2347/2347
f 2346/2346/2346 2353/2353/2353 2349/2349/2349
f 2354/2354/2354 2343/2343/2343 2349/2349/2349
f 2353/2353/2353 2346/2346/2346 2348/2348/2348
f 2352/2352/2352 2345/2345/2345 2347/2347/2347
f 2351/2351/2351 2344/2344/2344 2343/2343/2343
f 2344/2344/2344 2350/2350/2350 2347/2347/2347
f 2349/2349/2349 2343/2343/2343 2346/2346/2346
f 2346/2346/2346 2338/2338/2338 2348/2348/2348
f 2347/2347/2347 2345/2345/2345 2342/2342/2342
f 2344/2344/2344 2340/2340/2340 2343/2343/2343
f 2347/2347/2347 2342/2342/2342 2344/2344/2344
f 2343/2343/2343 2338/2338/2338 2346/2346/2346
f 2340/2340/2340 2341/2341/2341 2343/2343/2343
f 2342/2342/2342 2345/2345/2345 2337/2337/2337
f 2342/2342/2342 2340/2340/2340 2344/2344/2344
f 2341/2341/2341 2338/2338/2338 2343/2343/2343
f 2340/2340/2340 2335/2335/2335 2341/2341/2341
f 2340/2340/2340 2342/2342/2342 2337/2337/2337
f 2338/2338/2338 2341/2341/2341 2335/2335/2335
f 2340/2340/2340 2337/2337/2337 2335/2335/2335
f 2339/2339/2339 2336/2336/2336 2333/2333/2333
f 2335/2335/2335 2332/2332/2332 2338/2338/2338
f 2337/2337/2337 2333/2333/2333 2335/2335/2335
f 2336/2336/2336 2334/2334/2334 2333/2333/2333
f 2335/2335/2335 2333/2333/2333 2332/2332/2332
f 2332/2332/2332 2333/2333/2333 2334/2334/2334
f 881/881/881 2327/2327/2327 877/877/877
f 877/877/877 2330/2330/2330 2331/2331/2331
f 2327/2327/2327 881/881/881 2329/2329/2329
f 2327/2327/2327 2330/2330/2330 877/877/877
f 2327/2327/2327 2329/2329/2329 2325/2325/2325
f 2330/2330/2330 2327/2327/2327 2324/2324/2324
f 2329/2329/2329 2322/2322/2322 2325/2325/2325
f 2327/2327/2327 2325/2325/2325 2320/2320/2320
f 2328/2328/2328 2324/2324/2324 2319/2319/2319
f 2327/2327/2327 2320/2320/2320 2324/2324/2324
f 2322/2322/2322 2326/2326/2326 2321/2321/2321
f 2320/2320/2320 2325/2325/2325 2322/2322/2322
f 2324/2324/2324 2320/2320/2320 2319/2319/2319
f 2318/2318/2318 2322/2322/2322 2321/2321/2321
f 2312/2312/2312 2321/2321/2321 2323/2323/2323
f 2322/2322/2322 2318/2318/2318 2320/2320/2320
f 2320/2320/2320 2315/2315/2315 2319/2319/2319
f 2321/2321/2321 2312/2312/2312 2318/2318/2318
f 2318/2318/2318 2315/2315/2315 2320/2320/2320
f 2319/2319/2319 2315/2315/2315 2317/2317/2317
f 2316/2316/2316 2317/2317/2317 2313/2313/2313
f 2318/2318/2318 2312/2312/2312 2315/2315/2315
f 2315/2315/2315 2313/2313/2313 2317/2317/2317
f 2316/2316/2316 2313/2313/2313 2314/2314/2314
f 2313/2313/2313 2315/2315/2315 2312/2312/2312
f 2314/2314/2314 2313/2313/2313 2311/2311/2311
f 2312/2312/2312 2311/2311/2311 2313/2313/2313
f 2311/2311/2311 2312/2312/2312 2303/2303/2303
f 2303/2303/2303 2309/2309/2309 2311/2311/2311
f 2305/2305/2305 2308/2308/2308 2310/2310/2310
f 2307/2307/2307 2305/2305/2305 2310/2310/2310
f 2309/2309/2309 2303/2303/2303 2307/2307/2307
f 2305/2305/2305 2306/2306/2306 2308/2308/2308
f 2303/2303/2303 2305/2305/2305 2307/2307/2307
f 2305/2305/2305 2304/2304/2304 2306/2306/2306
f 2303/2303/2303 2304/2304/2304 2305/2305/2305
f 2302/2302/2302 2300/2300/2300 2301/2301/2301
f 2299/2299/2299 2300/2300/2300 2302/2302/2302
f 2300/2300/2300 2295/2295/2295 2301/2301/2301
f 2301/2301/2301 2295/2295/2295 2296/2296/2296
f 2299/2299/2299 2295/2295/2295 2300/2300/2300
f 2295/2295/2295 2298/2298/2298 2296/2296/2296
f 2299/2299/2299 2297/2297/2297 2295/2295/2295
f 2291/2291/2291 2298/2298/2298 2295/2295/2295
f 2298/2298/2298 2291/2291/2291 2296/2296/2296
f 2297/2297/2297 2294/2294/2294 2292/2292/2292
f 2297/2297/2297 2292/2292/2292 2295/2295/2295
f 2295/2295/2295 2290/2290/2290 2291/2291/2291
f 2296/2296/2296 2291/2291/2291 2293/2293/2293
f 2294/2294/2294 2286/2286/2286 2292/2292/2292
f 2292/2292/2292 2290/2290/2290 2295/2295/2295
f 2290/2290/2290 2289/2289/2289 2291/2291/2291
f 2286/2286/2286 2294/2294/2294 2288/2288/2288
f 2291/2291/2291 2287/2287/2287 2293/2293/2293
f 2290/2290/2290 2292/2292/2292 2286/2286/2286
f 2289/2289/2289 2284/2284/2284 2291/2291/2291
f 2290/2290/2290 2282/2282/2282 2289/2289/2289
f 2288/2288/2288 2285/2285/2285 2286/2286/2286
f 2291/2291/2291 2284/2284/2284 2287/2287/2287
f 2279/2279/2279 2288/2288/2288 2280/2280/2280
f 2286/2286/2286 2282/2282/2282 2290/2290/2290
f 2289/2289/2289 2282/2282/2282 2284/2284/2284
f 2286/2286/2286 2285/2285/2285 2275/2275/2275
f 2279/2279/2279 2285/2285/2285 2288/2288/2288
f 2284/2284/2284 2281/2281/2281 2287/2287/2287
f 2280/2280/2280 2283/2283/2283 2279/2279/2279
f 2286/2286/2286 2275/2275/2275 2282/2282/2282
f 2282/2282/2282 2278/2278/2278 2284/2284/2284
f 2285/2285/2285 2279/2279/2279 2275/2275/2275
f 2284/2284/2284 2278/2278/2278 2281/2281/2281
f 2280/2280/2280 2271/2271/2271 2283/2283/2283
f 2283/2283/2283 2271/2271/2271 2279/2279/2279
f 2278/2278/2278 2282/2282/2282 2275/2275/2275
f 2279/2279/2279 2274/2274/2274 2275/2275/2275
f 2273/2273/2273 2281/2281/2281 2278/2278/2278
f 2280/2280/2280 2276/2276/2276 2271/2271/2271
f 2268/2268/2268 2276/2276/2276 2277/2277/2277
f 2279/2279/2279 2271/2271/2271 2274/2274/2274
f 2275/2275/2275 2270/2270/2270 2278/2278/2278
f 2274/2274/2274 2266/2266/2266 2275/2275/2275
f 2278/2278/2278 2269/2269/2269 2273/2273/2273
f 2270/2270/2270 2269/2269/2269 2278/2278/2278
f 2277/2277/2277 2264/2264/2264 2272/2272/2272
f 2277/2277/2277 2272/2272/2272 2268/2268/2268
f 2276/2276/2276 2268/2268/2268 2271/2271/2271
f 2271/2271/2271 2267/2267/2267 2274/2274/2274
f 2275/2275/2275 2266/2266/2266 2270/2270/2270
f 2274/2274/2274 2267/2267/2267 2266/2266/2266
f 2265/2265/2265 2273/2273/2273 2269/2269/2269
f 2270/2270/2270 2262/2262/2262 2269/2269/2269
f 2272/2272/2272 2264/2264/2264 2263/2263/2263
f 2272/2272/2272 2263/2263/2263 2268/2268/2268
f 2268/2268/2268 2260/2260/2260 2271/2271/2271
f 2271/2271/2271 2260/2260/2260 2267/2267/2267
f 2262/2262/2262 2270/2270/2270 2266/2266/2266
f 2267/2267/2267 2258/2258/2258 2266/2266/2266
f 2269/2269/2269 2262/2262/2262 2265/2265/2265
f 2264/2264/2264 2261/2261/2261 2263/2263/2263
f 2260/2260/2260 2268/2268/2268 2263/2263/2263
f 2258/2258/2258 2267/2267/2267 2260/2260/2260
f 2266/2266/2266 2259/2259/2259 2262/2262/2262
f 2266/2266/2266 2258/2258/2258 2259/2259/2259
f 2262/2262/2262 2257/2257/2257 2265/2265/2265
f 2261/2261/2261 2264/2264/2264 2252/2252/2252
f 2261/2261/2261 2251/2251/2251 2263/2263/2263
f 2260/2260/2260 2263/2263/2263 2251/2251/2251
f 2260/2260/2260 2250/2250/2250 2258/2258/2258
f 2259/2259/2259 2253/2253/2253 2262/2262/2262
f 2258/2258/2258 2249/2249/2249 2259/2259/2259
f 2262/2262/2262 2253/2253/2253 2257/2257/2257
f 2256/2256/2256 2257/2257/2257 2248/2248/2248
f 2251/2251/2251 2261/2261/2261 2252/2252/2252
f 2251/2251/2251 2255/2255/2255 2260/2260/2260
f 2255/2255/2255 2244/2244/2244 2260/2260/2260
f 2250/2250/2250 2254/2254/2254 2258/2258/2258
f 2260/2260/2260 2244/2244/2244 2250/2250/2250
f 2253/2253/2253 2259/2259/2259 2249/2249/2249
f 2258/2258/2258 2254/2254/2254 2249/2249/2249
f 2253/2253/2253 2248/2248/2248 2257/2257/2257
f 2248/2248/2248 2247/2247/2247 2256/2256/2256
f 2247/2247/2247 2246/2246/2246 2256/2256/2256
f 2252/2252/2252 2245/2245/2245 2251/2251/2251
f 2244/2244/2244 2255/2255/2255 2251/2251/2251
f 2250/2250/2250 2235/2235/2235 2254/2254/2254
f 2244/2244/2244 2243/2243/2243 2250/2250/2250
f 2249/2249/2249 2242/2242/2242 2253/2253/2253
f 2254/2254/2254 2235/2235/2235 2249/2249/2249
f 2248/2248/2248 2253/2253/2253 2242/2242/2242
f 2247/2247/2247 2248/2248/2248 2239/2239/2239
f 2246/2246/2246 2247/2247/2247 2241/2241/2241
f 2252/2252/2252 2238/2238/2238 2245/2245/2245
f 2245/2245/2245 2240/2240/2240 2251/2251/2251
f 2244/2244/2244 2251/2251/2251 2240/2240/2240
f 2235/2235/2235 2250/2250/2250 2243/2243/2243
f 2236/2236/2236 2243/2243/2243 2244/2244/2244
f 2249/2249/2249 2235/2235/2235 2242/2242/2242
f 2242/2242/2242 2239/2239/2239 2248/2248/2248
f 2239/2239/2239 2241/2241/2241 2247/2247/2247
f 2241/2241/2241 2234/2234/2234 2246/2246/2246
f 2240/2240/2240 2245/2245/2245 2238/2238/2238
f 2240/2240/2240 2237/2237/2237 2244/2244/2244
f 2236/2236/2236 2244/2244/2244 2237/2237/2237
f 2243/2243/2243 2236/2236/2236 2235/2235/2235
f 2239/2239/2239 2242/2242/2242 2235/2235/2235
f 2241/2241/2241 2239/2239/2239 2231/2231/2231
f 2234/2234/2234 2241/2241/2241 2231/2231/2231
f 2238/2238/2238 2233/2233/2233 2240/2240/2240
f 2240/2240/2240 2233/2233/2233 2237/2237/2237
f 2237/2237/2237 2232/2232/2232 2236/2236/2236
f 2226/2226/2226 2236/2236/2236 2228/2228/2228
f 2236/2236/2236 2226/2226/2226 2235/2235/2235
f 2235/2235/2235 2231/2231/2231 2239/2239/2239
f 2231/2231/2231 2230/2230/2230 2234/2234/2234
f 2238/2238/2238 2229/2229/2229 2233/2233/2233
f 2233/2233/2233 2223/2223/2223 2237/2237/2237
f 2237/2237/2237 2223/2223/2223 2232/2232/2232
f 2232/2232/2232 2228/2228/2228 2236/2236/2236
f 2228/2228/2228 2227/2227/2227 2226/2226/2226
f 2231/2231/2231 2235/2235/2235 2226/2226/2226
f 2222/2222/2222 2230/2230/2230 2231/2231/2231
f 2222/2222/2222 2225/2225/2225 2230/2230/2230
f 2230/2230/2230 2224/2224/2224 2234/2234/2234
f 2223/2223/2223 2233/2233/2233 2229/2229/2229
f 2228/2228/2228 2232/2232/2232 2223/2223/2223
f 2228/2228/2228 2219/2219/2219 2227/2227/2227
f 2227/2227/2227 2218/2218/2218 2226/2226/2226
f 2222/2222/2222 2231/2231/2231 2226/2226/2226
f 2222/2222/2222 2217/2217/2217 2225/2225/2225
f 2215/2215/2215 2230/2230/2230 2225/2225/2225
f 2230/2230/2230 2215/2215/2215 2224/2224/2224
f 2224/2224/2224 2220/2220/2220 2221/2221/2221
f 2229/2229/2229 2206/2206/2206 2223/2223/2223
f 2223/2223/2223 2219/2219/2219 2228/2228/2228
f 2218/2218/2218 2227/2227/2227 2219/2219/2219
f 2222/2222/2222 2226/2226/2226 2218/2218/2218
f 2217/2217/2217 2222/2222/2222 2212/2212/2212
f 2215/2215/2215 2225/2225/2225 2217/2217/2217
f 2215/2215/2215 2220/2220/2220 2224/2224/2224
f 2220/2220/2220 2210/2210/2210 2221/2221/2221
f 2223/2223/2223 2206/2206/2206 2219/2219/2219
f 2218/2218/2218 2219/2219/2219 2205/2205/2205
f 2218/2218/2218 2212/2212/2212 2222/2222/2222
f 2212/2212/2212 2211/2211/2211 2217/2217/2217
f 2215/2215/2215 2217/2217/2217 2203/2203/2203
f 2210/2210/2210 2216/2216/2216 2221/2221/2221
f 2220/2220/2220 2215/2215/2215 2210/2210/2210
f 2201/2201/2201 2215/2215/2215 2203/2203/2203
f 2196/2196/2196 2214/2214/2214 2216/2216/2216
f 2214/2214/2214 2209/2209/2209 2216/2216/2216
f 2213/2213/2213 2208/2208/2208 2209/2209/2209
f 2219/2219/2219 2206/2206/2206 2205/2205/2205
f 2212/2212/2212 2218/2218/2218 2205/2205/2205
f 2212/2212/2212 2197/2197/2197 2211/2211/2211
f 2211/2211/2211 2203/2203/2203 2217/2217/2217
f 2203/2203/2203 2202/2202/2202 2201/2201/2201
f 2210/2210/2210 2196/2196/2196 2216/2216/2216
f 2215/2215/2215 2201/2201/2201 2210/2210/2210
f 2209/2209/2209 2214/2214/2214 2196/2196/2196
f 2200/2200/2200 2213/2213/2213 2209/2209/2209
f 2208/2208/2208 2213/2213/2213 2200/2200/2200
f 2207/2207/2207 2187/2187/2187 2206/2206/2206
f 2206/2206/2206 2198/2198/2198 2205/2205/2205
f 2205/2205/2205 2194/2194/2194 2212/2212/2212
f 2197/2197/2197 2212/2212/2212 2204/2204/2204
f 2194/2194/2194 2204/2204/2204 2212/2212/2212
f 2203/2203/2203 2211/2211/2211 2197/2197/2197
f 2202/2202/2202 2203/2203/2203 2185/2185/2185
f 2202/2202/2202 2183/2183/2183 2201/2201/2201
f 2201/2201/2201 2196/2196/2196 2210/2210/2210
f 2196/2196/2196 2200/2200/2200 2209/2209/2209
f 2200/2200/2200 2189/2189/2189 2208/2208/2208
f 2195/2195/2195 2199/2199/2199 2207/2207/2207
f 2199/2199/2199 2187/2187/2187 2207/2207/2207
f 2206/2206/2206 2187/2187/2187 2198/2198/2198
f 2198/2198/2198 2194/2194/2194 2205/2205/2205
f 2204/2204/2204 2186/2186/2186 2197/2197/2197
f 2194/2194/2194 2186/2186/2186 2204/2204/2204
f 2197/2197/2197 2185/2185/2185 2203/2203/2203
f 2183/2183/2183 2202/2202/2202 2185/2185/2185
f 2196/2196/2196 2201/2201/2201 2183/2183/2183
f 2190/2190/2190 2200/2200/2200 2196/2196/2196
f 2190/2190/2190 2192/2192/2192 2200/2200/2200
f 2192/2192/2192 2189/2189/2189 2200/2200/2200
f 2195/2195/2195 2188/2188/2188 2199/2199/2199
f 2199/2199/2199 2188/2188/2188 2187/2187/2187
f 2187/2187/2187 2194/2194/2194 2198/2198/2198
f 2186/2186/2186 2193/2193/2193 2197/2197/2197
f 2186/2186/2186 2194/2194/2194 2181/2181/2181
f 2197/2197/2197 2193/2193/2193 2185/2185/2185
f 2185/2185/2185 2191/2191/2191 2183/2183/2183
f 2183/2183/2183 2190/2190/2190 2196/2196/2196
f 2179/2179/2179 2192/2192/2192 2190/2190/2190
f 2184/2184/2184 2182/2182/2182 2192/2192/2192
f 2192/2192/2192 2182/2182/2182 2189/2189/2189
f 2195/2195/2195 2180/2180/2180 2188/2188/2188
f 2188/2188/2188 2177/2177/2177 2187/2187/2187
f 2187/2187/2187 2181/2181/2181 2194/2194/2194
f 2186/2186/2186 2174/2174/2174 2193/2193/2193
f 2181/2181/2181 2171/2171/2171 2186/2186/2186
f 2193/2193/2193 2174/2174/2174 2185/2185/2185
f 2185/2185/2185 2173/2173/2173 2191/2191/2191
f 2179/2179/2179 2184/2184/2184 2192/2192/2192
f 2183/2183/2183 2191/2191/2191 2173/2173/2173
f 2183/2183/2183 2179/2179/2179 2190/2190/2190
f 2184/2184/2184 2165/2165/2165 2182/2182/2182
f 2182/2182/2182 2178/2178/2178 2189/2189/2189
f 2188/2188/2188 2180/2180/2180 2177/2177/2177
f 2181/2181/2181 2187/2187/2187 2177/2177/2177
f 2171/2171/2171 2181/2181/2181 2172/2172/2172
f 2186/2186/2186 2171/2171/2171 2174/2174/2174
f 2185/2185/2185 2174/2174/2174 2173/2173/2173
f 2165/2165/2165 2184/2184/2184 2179/2179/2179
f 2179/2179/2179 2183/2183/2183 2173/2173/2173
f 2165/2165/2165 2178/2178/2178 2182/2182/2182
f 2180/2180/2180 2163/2163/2163 2177/2177/2177
f 2177/2177/2177 2172/2172/2172 2181/2181/2181
f 2163/2163/2163 2180/2180/2180 2176/2176/2176
f 2172/2172/2172 2175/2175/2175 2171/2171/2171
f 2170/2170/2170 2174/2174/2174 2171/2171/2171
f 2174/2174/2174 2166/2166/2166 2173/2173/2173
f 2173/2173/2173 2165/2165/2165 2179/2179/2179
f 2168/2168/2168 2176/2176/2176 2169/2169/2169
f 2172/2172/2172 2177/2177/2177 2163/2163/2163
f 2172/2172/2172 2167/2167/2167 2175/2175/2175
f 2176/2176/2176 2168/2168/2168 2163/2163/2163
f 2175/2175/2175 2167/2167/2167 2171/2171/2171
f 2174/2174/2174 2170/2170/2170 2166/2166/2166
f 2171/2171/2171 2162/2162/2162 2170/2170/2170
f 2166/2166/2166 2165/2165/2165 2173/2173/2173
f 2169/2169/2169 2158/2158/2158 2168/2168/2168
f 2167/2167/2167 2172/2172/2172 2163/2163/2163
f 2168/2168/2168 2154/2154/2154 2163/2163/2163
f 2167/2167/2167 2162/2162/2162 2171/2171/2171
f 2170/2170/2170 2161/2161/2161 2166/2166/2166
f 2162/2162/2162 2161/2161/2161 2170/2170/2170
f 2165/2165/2165 2166/2166/2166 2156/2156/2156
f 2164/2164/2164 2168/2168/2168 2158/2158/2158
f 2168/2168/2168 2164/2164/2164 2154/2154/2154
f 2163/2163/2163 2153/2153/2153 2167/2167/2167
f 2154/2154/2154 2157/2157/2157 2163/2163/2163
f 2167/2167/2167 2153/2153/2153 2162/2162/2162
f 2161/2161/2161 2156/2156/2156 2166/2166/2166
f 2162/2162/2162 2152/2152/2152 2161/2161/2161
f 2156/2156/2156 2160/2160/2160 2165/2165/2165
f 2148/2148/2148 2159/2159/2159 2160/2160/2160
f 2158/2158/2158 2155/2155/2155 2164/2164/2164
f 2164/2164/2164 2155/2155/2155 2154/2154/2154
f 2163/2163/2163 2157/2157/2157 2153/2153/2153
f 2149/2149/2149 2157/2157/2157 2154/2154/2154
f 2153/2153/2153 2152/2152/2152 2162/2162/2162
f 2161/2161/2161 2152/2152/2152 2156/2156/2156
f 2160/2160/2160 2156/2156/2156 2148/2148/2148
f 2158/2158/2158 2151/2151/2151 2155/2155/2155
f 2155/2155/2155 2146/2146/2146 2154/2154/2154
f 2157/2157/2157 2149/2149/2149 2153/2153/2153
f 2154/2154/2154 2150/2150/2150 2149/2149/2149
f 2153/2153/2153 2145/2145/2145 2152/2152/2152
f 2152/2152/2152 2148/2148/2148 2156/2156/2156
f 2146/2146/2146 2155/2155/2155 2151/2151/2151
f 2154/2154/2154 2146/2146/2146 2150/2150/2150
f 2153/2153/2153 2149/2149/2149 2145/2145/2145
f 2148/2148/2148 2152/2152/2152 2145/2145/2145
f 2151/2151/2151 2147/2147/2147 2144/2144/2144
f 2151/2151/2151 2144/2144/2144 2146/2146/2146
f 87/87/87 2142/2142/2142 94/94/94
f 94/94/94 2142/2142/2142 2143/2143/2143
f 2141/2141/2141 2137/2137/2137 2139/2139/2139
f 2137/2137/2137 2136/2136/2136 2140/2140/2140
f 2130/2130/2130 2141/2141/2141 2139/2139/2139
f 2135/2135/2135 2139/2139/2139 2138/2138/2138
f 2141/2141/2141 2130/2130/2130 2137/2137/2137
f 2136/2136/2136 2118/2118/2118 2140/2140/2140
f 2137/2137/2137 2133/2133/2133 2136/2136/2136
f 2139/2139/2139 2135/2135/2135 2130/2130/2130
f 2128/2128/2128 2135/2135/2135 2138/2138/2138
f 2137/2137/2137 2130/2130/2130 2133/2133/2133
f 2136/2136/2136 2133/2133/2133 2118/2118/2118
f 2135/2135/2135 2129/2129/2129 2130/2130/2130
f 2128/2128/2128 2129/2129/2129 2135/2135/2135
f 2134/2134/2134 2126/2126/2126 2127/2127/2127
f 2118/2118/2118 2133/2133/2133 2130/2130/2130
f 2130/2130/2130 2129/2129/2129 2125/2125/2125
f 2124/2124/2124 2132/2132/2132 2127/2127/2127
f 2123/2123/2123 2128/2128/2128 2132/2132/2132
f 2117/2117/2117 2129/2129/2129 2128/2128/2128
f 2123/2123/2123 2132/2132/2132 2124/2124/2124
f 2122/2122/2122 2126/2126/2126 2131/2131/2131
f 2127/2127/2127 2126/2126/2126 2119/2119/2119
f 2130/2130/2130 2125/2125/2125 2118/2118/2118
f 2125/2125/2125 2129/2129/2129 2117/2117/2117
f 2124/2124/2124 2127/2127/2127 2120/2120/2120
f 2117/2117/2117 2128/2128/2128 2123/2123/2123
f 2123/2123/2123 2124/2124/2124 2116/2116/2116
f 2127/2127/2127 2119/2119/2119 2120/2120/2120
f 2126/2126/2126 2122/2122/2122 2119/2119/2119
f 2125/2125/2125 2121/2121/2121 2118/2118/2118
f 2121/2121/2121 2125/2125/2125 2117/2117/2117
f 2116/2116/2116 2124/2124/2124 2120/2120/2120
f 2123/2123/2123 2116/2116/2116 2117/2117/2117
f 2120/2120/2120 2119/2119/2119 2111/2111/2111
f 2119/2119/2119 2122/2122/2122 2115/2115/2115
f 2118/2118/2118 2121/2121/2121 2110/2110/2110
f 2118/2118/2118 2113/2113/2113 2114/2114/2114
f 2110/2110/2110 2121/2121/2121 2117/2117/2117
f 2112/2112/2112 2116/2116/2116 2120/2120/2120
f 2117/2117/2117 2116/2116/2116 2109/2109/2109
f 2120/2120/2120 2111/2111/2111 2112/2112/2112
f 2119/2119/2119 2115/2115/2115 2111/2111/2111
f 2113/2113/2113 2118/2118/2118 2110/2110/2110
f 2113/2113/2113 2106/2106/2106 2114/2114/2114
f 2110/2110/2110 2117/2117/2117 2109/2109/2109
f 2116/2116/2116 2112/2112/2112 2109/2109/2109
f 2112/2112/2112 2111/2111/2111 2105/2105/2105
f 2111/2111/2111 2115/2115/2115 2108/2108/2108
f 2114/2114/2114 2106/2106/2106 2107/2107/2107
f 2106/2106/2106 2113/2113/2113 2110/2110/2110
f 2103/2103/2103 2110/2110/2110 2109/2109/2109
f 2112/2112/2112 2105/2105/2105 2109/2109/2109
f 2111/2111/2111 2108/2108/2108 2105/2105/2105
f 2107/2107/2107 2106/2106/2106 2100/2100/2100
f 2103/2103/2103 2106/2106/2106 2110/2110/2110
f 2102/2102/2102 2103/2103/2103 2109/2109/2109
f 2109/2109/2109 2105/2105/2105 2102/2102/2102
f 2105/2105/2105 2108/2108/2108 2101/2101/2101
f 2107/2107/2107 2100/2100/2100 2104/2104/2104
f 2106/2106/2106 2103/2103/2103 2100/2100/2100
f 2097/2097/2097 2103/2103/2103 2102/2102/2102
f 2099/2099/2099 2102/2102/2102 2105/2105/2105
f 2099/2099/2099 2105/2105/2105 2101/2101/2101
f 2098/2098/2098 2104/2104/2104 2100/2100/2100
f 2100/2100/2100 2103/2103/2103 2097/2097/2097
f 2102/2102/2102 2099/2099/2099 2097/2097/2097
f 2099/2099/2099 2101/2101/2101 2093/2093/2093
f 2098/2098/2098 2100/2100/2100 2097/2097/2097
f 2097/2097/2097 2099/2099/2099 2093/2093/2093
f 2098/2098/2098 2097/2097/2097 2095/2095/2095
f 2098/2098/2098 2095/2095/2095 2096/2096/2096
f 2095/2095/2095 2097/2097/2097 2093/2093/2093
f 2096/2096/2096 2095/2095/2095 2087/2087/2087
f 2095/2095/2095 2093/2093/2093 2084/2084/2084
f 2092/2092/2092 2095/2095/2095 2084/2084/2084
f 2095/2095/2095 2092/2092/2092 2087/2087/2087
f 2085/2085/2085 2094/2094/2094 2086/2086/2086
f 2093/2093/2093 2085/2085/2085 2084/2084/2084
f 2092/2092/2092 2084/2084/2084 2087/2087/2087
f 2083/2083/2083 2090/2090/2090 2088/2088/2088
f 2089/2089/2089 2087/2087/2087 2076/2076/2076
f 2086/2086/2086 2091/2091/2091 2078/2078/2078
f 2085/2085/2085 2086/2086/2086 2081/2081/2081
f 2085/2085/2085 2080/2080/2080 2084/2084/2084
f 2084/2084/2084 2077/2077/2077 2087/2087/2087
f 2079/2079/2079 2083/2083/2083 2088/2088/2088
f 2069/2069/2069 2090/2090/2090 2083/2083/2083
f 2082/2082/2082 2089/2089/2089 2076/2076/2076
f 2088/2088/2088 2082/2082/2082 2079/2079/2079
f 2087/2087/2087 2077/2077/2077 2076/2076/2076
f 2081/2081/2081 2086/2086/2086 2078/2078/2078
f 2085/2085/2085 2081/2081/2081 2074/2074/2074
f 2080/2080/2080 2085/2085/2085 2074/2074/2074
f 2080/2080/2080 2077/2077/2077 2084/2084/2084
f 2079/2079/2079 2069/2069/2069 2083/2083/2083
f 2082/2082/2082 2076/2076/2076 2079/2079/2079
f 2077/2077/2077 2075/2075/2075 2076/2076/2076
f 2074/2074/2074 2081/2081/2081 2078/2078/2078
f 2077/2077/2077 2080/2080/2080 2074/2074/2074
f 2076/2076/2076 2069/2069/2069 2079/2079/2079
f 2075/2075/2075 2073/2073/2073 2076/2076/2076
f 2070/2070/2070 2075/2075/2075 2077/2077/2077
f 2078/2078/2078 2071/2071/2071 2074/2074/2074
f 2074/2074/2074 2070/2070/2070 2077/2077/2077
f 2073/2073/2073 2075/2075/2075 2072/2072/2072
f 2073/2073/2073 2069/2069/2069 2076/2076/2076
f 2070/2070/2070 2072/2072/2072 2075/2075/2075
f 2071/2071/2071 2070/2070/2070 2074/2074/2074
f 2069/2069/2069 2073/2073/2073 2072/2072/2072
f 2072/2072/2072 2070/2070/2070 2066/2066/2066
f 2070/2070/2070 2071/2071/2071 2068/2068/2068
f 2069/2069/2069 2072/2072/2072 2067/2067/2067
f 2066/2066/2066 2067/2067/2067 2072/2072/2072
f 2071/2071/2071 2061/2061/2061 2068/2068/2068
f 2070/2070/2070 2068/2068/2068 2066/2066/2066
f 2067/2067/2067 2065/2065/2065 2069/2069/2069
f 2066/2066/2066 2064/2064/2064 2067/2067/2067
f 2066/2066/2066 2068/2068/2068 2061/2061/2061
f 2064/2064/2064 2065/2065/2065 2067/2067/2067
f 2061/2061/2061 2064/2064/2064 2066/2066/2066
f 888/888/888 889/889/889 890/890/890
f 891/891/891 889/889/889 888/888/888
f 892/892/892 888/888/888 890/890/890
f 891/891/891 888/888/888 893/893/893
f 894/894/894 888/888/888 892/892/892
f 895/895/895 891/891/891 893/893/893
f 888/888/888 896/896/896 893/893/893
f 894/894/894 896/896/896 888/888/888
f 893/893/893 897/897/897 895/895/895
f 893/893/893 896/896/896 898/898/898
f 894/894/894 899/899/899 896/896/896
f 897/897/897 893/893/893 900/900/900
f 896/896/896 899/899/899 898/898/898
f 898/898/898 900/900/900 893/893/893
f 894/894/894 901/901/901 899/899/899
f 899/899/899 902/902/902 898/898/898
f 898/898/898 903/903/903 900/900/900
f 901/901/901 904/904/904 899/899/899
f 902/902/902 903/903/903 898/898/898
f 902/902/902 899/899/899 905/905/905
f 904/904/904 905/905/905 899/899/899
f 902/902/902 906/906/906 903/903/903
f 905/905/905 907/907/907 902/902/902
f 907/907/907 906/906/906 902/902/902
f 905/905/905 908/908/908 907/907/907
f 907/907/907 908/908/908 906/906/906
f 2065/2065/2065 2064/2064/2064 2062/2062/2062
f 2061/2061/2061 2063/2063/2063 2064/2064/2064
f 2063/2063/2063 2062/2062/2062 2064/2064/2064
f 2061/2061/2061 2062/2062/2062 2063/2063/2063
f 2054/2054/2054 2058/2058/2058 2060/2060/2060
f 2057/2057/2057 2059/2059/2059 2056/2056/2056
f 2056/2056/2056 2058/2058/2058 2054/2054/2054
f 2057/2057/2057 2056/2056/2056 2055/2055/2055
f 2055/2055/2055 2056/2056/2056 2054/2054/2054
f 2055/2055/2055 2054/2054/2054 2053/2053/2053
f 2054/2054/2054 2050/2050/2050 2053/2053/2053
f 2053/2053/2053 2050/2050/2050 2052/2052/2052
f 2050/2050/2050 2051/2051/2051 2052/2052/2052
f 1648/1648/1648 1659/1659/1659 2049/2049/2049
f 1661/1661/1661 1648/1648/1648 2048/2048/2048
f 2048/2048/2048 1648/1648/1648 2049/2049/2049
f 2049/2049/2049 1659/1659/1659 2039/2039/2039
f 1661/1661/1661 2045/2045/2045 1685/1685/1685
f 2048/2048/2048 2045/2045/2045 1661/1661/1661
f 2049/2049/2049 2039/2039/2039 2048/2048/2048
f 1659/1659/1659 1682/1682/1682 2046/2046/2046
f 1659/1659/1659 2046/2046/2046 2039/2039/2039
f 2045/2045/2045 2041/2041/2041 1685/1685/1685
f 2048/2048/2048 2039/2039/2039 2045/2045/2045
f 2040/2040/2040 2044/2044/2044 2047/2047/2047
f 2040/2040/2040 2047/2047/2047 2043/2043/2043
f 2042/2042/2042 2046/2046/2046 1682/1682/1682
f 2046/2046/2046 2042/2042/2042 2039/2039/2039
f 2045/2045/2045 2039/2039/2039 2041/2041/2041
f 2037/2037/2037 2044/2044/2044 2040/2040/2040
f 2036/2036/2036 2040/2040/2040 2043/2043/2043
f 1682/1682/1682 2027/2027/2027 2042/2042/2042
f 2042/2042/2042 2027/2027/2027 2039/2039/2039
f 2039/2039/2039 2035/2035/2035 2041/2041/2041
f 2035/2035/2035 2038/2038/2038 2041/2041/2041
f 2040/2040/2040 2032/2032/2032 2037/2037/2037
f 2032/2032/2032 2040/2040/2040 2036/2036/2036
f 2027/2027/2027 1682/1682/1682 1701/1701/1701
f 2030/2030/2030 1701/1701/1701 1721/1721/1721
f 2039/2039/2039 2027/2027/2027 2035/2035/2035
f 2035/2035/2035 2031/2031/2031 2038/2038/2038
f 2031/2031/2031 2033/2033/2033 2038/2038/2038
f 2034/2034/2034 1721/1721/1721 1733/1733/1733
f 2030/2030/2030 1721/1721/1721 2034/2034/2034
f 2029/2029/2029 2037/2037/2037 2032/2032/2032
f 2036/2036/2036 2028/2028/2028 2032/2032/2032
f 1701/1701/1701 2030/2030/2030 2027/2027/2027
f 2031/2031/2031 2035/2035/2035 2027/2027/2027
f 2031/2031/2031 2021/2021/2021 2033/2033/2033
f 2025/2025/2025 2034/2034/2034 1733/1733/1733
f 2030/2030/2030 2034/2034/2034 2025/2025/2025
f 2032/2032/2032 2024/2024/2024 2029/2029/2029
f 2021/2021/2021 2028/2028/2028 2033/2033/2033
f 2024/2024/2024 2032/2032/2032 2028/2028/2028
f 2023/2023/2023 2027/2027/2027 2030/2030/2030
f 2027/2027/2027 2021/2021/2021 2031/2031/2031
f 1733/1733/1733 2026/2026/2026 2022/2022/2022
f 2022/2022/2022 2025/2025/2025 1733/1733/1733
f 2020/2020/2020 2030/2030/2030 2025/2025/2025
f 2030/2030/2030 2020/2020/2020 2023/2023/2023
f 2016/2016/2016 2029/2029/2029 2024/2024/2024
f 2021/2021/2021 2024/2024/2024 2028/2028/2028
f 2021/2021/2021 2027/2027/2027 2023/2023/2023
f 2018/2018/2018 2022/2022/2022 2026/2026/2026
f 2020/2020/2020 2025/2025/2025 2022/2022/2022
f 2019/2019/2019 2023/2023/2023 2020/2020/2020
f 2024/2024/2024 2021/2021/2021 2016/2016/2016
f 2023/2023/2023 2019/2019/2019 2021/2021/2021
f 2020/2020/2020 2022/2022/2022 2018/2018/2018
f 2020/2020/2020 2017/2017/2017 2019/2019/2019
f 2019/2019/2019 2016/2016/2016 2021/2021/2021
f 2020/2020/2020 2018/2018/2018 2017/2017/2017
f 2017/2017/2017 2016/2016/2016 2019/2019/2019
f 2016/2016/2016 2017/2017/2017 2018/2018/2018
f 2012/2012/2012 2015/2015/2015 2011/2011/2011
f 2012/2012/2012 2014/2014/2014 2015/2015/2015
f 2013/2013/2013 2011/2011/2011 2015/2015/2015
f 2010/2010/2010 2014/2014/2014 2012/2012/2012
f 2011/2011/2011 2013/2013/2013 2007/2007/2007
f 1877/1877/1877 2010/2010/2010 2012/2012/2012
f 2008/2008/2008 2011/2011/2011 2007/2007/2007
f 1877/1877/1877 2009/2009/2009 2010/2010/2010
f 2007/2007/2007 2004/2004/2004 2008/2008/2008
f 2005/2005/2005 2009/2009/2009 1877/1877/1877
f 1878/1878/1878 2008/2008/2008 2004/2004/2004
f 2000/2000/2000 2004/2004/2004 2007/2007/2007
f 1992/1992/1992 2005/2005/2005 1877/1877/1877
f 2005/2005/2005 1999/1999/1999 2006/2006/2006
f 2004/2004/2004 1998/1998/1998 1878/1878/1878
f 2000/2000/2000 1993/1993/1993 2004/2004/2004
f 1985/1985/1985 2001/2001/2001 2003/2003/2003
f 2002/2002/2002 2001/2001/2001 1995/1995/1995
f 1993/1993/1993 2000/2000/2000 1994/1994/1994
f 1876/1876/1876 1878/1878/1878 1998/1998/1998
f 1992/1992/1992 1877/1877/1877 1876/1876/1876
f 1999/1999/1999 2005/2005/2005 1992/1992/1992
f 1989/1989/1989 1998/1998/1998 2004/2004/2004
f 1989/1989/1989 2004/2004/2004 1993/1993/1993
f 2003/2003/2003 1996/1996/1996 1985/1985/1985
f 1986/1986/1986 2002/2002/2002 1995/1995/1995
f 1995/1995/1995 2001/2001/2001 1985/1985/1985
f 1994/1994/1994 2000/2000/2000 1984/1984/1984
f 1993/1993/1993 1994/1994/1994 1980/1980/1980
f 1979/1979/1979 1876/1876/1876 1998/1998/1998
f 1977/1977/1977 1992/1992/1992 1876/1876/1876
f 1978/1978/1978 1999/1999/1999 1992/1992/1992
f 1978/1978/1978 1991/1991/1991 1999/1999/1999
f 1976/1976/1976 1990/1990/1990 1991/1991/1991
f 1975/1975/1975 1997/1997/1997 1990/1990/1990
f 1989/1989/1989 1979/1979/1979 1998/1998/1998
f 1989/1989/1989 1993/1993/1993 1974/1974/1974
f 1975/1975/1975 1988/1988/1988 1997/1997/1997
f 1973/1973/1973 1987/1987/1987 1988/1988/1988
f 1996/1996/1996 1987/1987/1987 1982/1982/1982
f 1981/1981/1981 1985/1985/1985 1996/1996/1996
f 1996/1996/1996 1982/1982/1982 1981/1981/1981
f 1971/1971/1971 1986/1986/1986 1995/1995/1995
f 1971/1971/1971 1995/1995/1995 1985/1985/1985
f 1994/1994/1994 1984/1984/1984 1980/1980/1980
f 1993/1993/1993 1980/1980/1980 1974/1974/1974
f 1977/1977/1977 1876/1876/1876 1979/1979/1979
f 1978/1978/1978 1992/1992/1992 1977/1977/1977
f 1976/1976/1976 1991/1991/1991 1978/1978/1978
f 1976/1976/1976 1983/1983/1983 1990/1990/1990
f 1975/1975/1975 1990/1990/1990 1983/1983/1983
f 1974/1974/1974 1979/1979/1979 1989/1989/1989
f 1975/1975/1975 1973/1973/1973 1988/1988/1988
f 1982/1982/1982 1987/1987/1987 1973/1973/1973
f 1985/1985/1985 1972/1972/1972 1969/1969/1969
f 1985/1985/1985 1981/1981/1981 1972/1972/1972
f 1981/1981/1981 1982/1982/1982 1955/1955/1955
f 1970/1970/1970 1986/1986/1986 1971/1971/1971
f 1969/1969/1969 1971/1971/1971 1985/1985/1985
f 1980/1980/1980 1984/1984/1984 1968/1968/1968
f 1974/1974/1974 1980/1980/1980 1961/1961/1961
f 1979/1979/1979 1967/1967/1967 1977/1977/1977
f 1977/1977/1977 1959/1959/1959 1978/1978/1978
f 1976/1976/1976 1978/1978/1978 1966/1966/1966
f 1983/1983/1983 1976/1976/1976 1958/1958/1958
f 1983/1983/1983 1958/1958/1958 1975/1975/1975
f 1974/1974/1974 1965/1965/1965 1979/1979/1979
f 1973/1973/1973 1975/1975/1975 1964/1964/1964
f 1982/1982/1982 1973/1973/1973 1955/1955/1955
f 1969/1969/1969 1972/1972/1972 1963/1963/1963
f 1981/1981/1981 1955/1955/1955 1972/1972/1972
f 1970/1970/1970 1971/1971/1971 1952/1952/1952
f 1971/1971/1971 1969/1969/1969 1962/1962/1962
f 1961/1961/1961 1980/1980/1980 1968/1968/1968
f 1957/1957/1957 1974/1974/1974 1961/1961/1961
f 1960/1960/1960 1979/1979/1979 1965/1965/1965
f 1967/1967/1967 1979/1979/1979 1960/1960/1960
f 1978/1978/1978 1959/1959/1959 1966/1966/1966
f 1959/1959/1959 1977/1977/1977 1967/1967/1967
f 1958/1958/1958 1976/1976/1976 1966/1966/1966
f 1975/1975/1975 1958/1958/1958 1964/1964/1964
f 1965/1965/1965 1974/1974/1974 1957/1957/1957
f 1970/1970/1970 1953/1953/1953 1956/1956/1956
f 1973/1973/1973 1964/1964/1964 1955/1955/1955
f 1969/1969/1969 1963/1963/1963 1946/1946/1946
f 1963/1963/1963 1972/1972/1972 1954/1954/1954
f 1972/1972/1972 1955/1955/1955 1954/1954/1954
f 1952/1952/1952 1971/1971/1971 1962/1962/1962
f 1970/1970/1970 1952/1952/1952 1953/1953/1953
f 1962/1962/1962 1969/1969/1969 1946/1946/1946
f 1968/1968/1968 1951/1951/1951 1961/1961/1961
f 1944/1944/1944 1957/1957/1957 1961/1961/1961
f 1948/1948/1948 1960/1960/1960 1965/1965/1965
f 1950/1950/1950 1967/1967/1967 1960/1960/1960
f 1942/1942/1942 1966/1966/1966 1959/1959/1959
f 1967/1967/1967 1950/1950/1950 1959/1959/1959
f 1958/1958/1958 1966/1966/1966 1942/1942/1942
f 1941/1941/1941 1964/1964/1964 1958/1958/1958
f 1948/1948/1948 1965/1965/1965 1957/1957/1957
f 1953/1953/1953 1947/1947/1947 1956/1956/1956
f 1955/1955/1955 1964/1964/1964 1941/1941/1941
f 1946/1946/1946 1963/1963/1963 1954/1954/1954
f 1955/1955/1955 1938/1938/1938 1954/1954/1954
f 1952/1952/1952 1962/1962/1962 1936/1936/1936
f 1952/1952/1952 1945/1945/1945 1953/1953/1953
f 1936/1936/1936 1962/1962/1962 1946/1946/1946
f 1940/1940/1940 1957/1957/1957 1944/1944/1944
f 1961/1961/1961 1951/1951/1951 1944/1944/1944
f 1943/1943/1943 1960/1960/1960 1948/1948/1948
f 1950/1950/1950 1960/1960/1960 1943/1943/1943
f 1959/1959/1959 1950/1950/1950 1942/1942/1942
f 1942/1942/1942 1949/1949/1949 1958/1958/1958
f 1958/1958/1958 1949/1949/1949 1941/1941/1941
f 1948/1948/1948 1957/1957/1957 1940/1940/1940
f 1947/1947/1947 1953/1953/1953 1932/1932/1932
f 1939/1939/1939 1956/1956/1956 1947/1947/1947
f 1941/1941/1941 1938/1938/1938 1955/1955/1955
f 1954/1954/1954 1937/1937/1937 1946/1946/1946
f 1954/1954/1954 1938/1938/1938 1937/1937/1937
f 1953/1953/1953 1945/1945/1945 1932/1932/1932
f 1936/1936/1936 1945/1945/1945 1952/1952/1952
f 1936/1936/1936 1946/1946/1946 1931/1931/1931
f 1944/1944/1944 1935/1935/1935 1940/1940/1940
f 1951/1951/1951 1930/1930/1930 1944/1944/1944
f 1943/1943/1943 1948/1948/1948 1929/1929/1929
f 1950/1950/1950 1943/1943/1943 1934/1934/1934
f 1934/1934/1934 1942/1942/1942 1950/1950/1950
f 1949/1949/1949 1942/1942/1942 1928/1928/1928
f 1949/1949/1949 1928/1928/1928 1941/1941/1941
f 1929/1929/1929 1948/1948/1948 1940/1940/1940
f 1927/1927/1927 1940/1940/1940 1935/1935/1935
f 1947/1947/1947 1932/1932/1932 1939/1939/1939
f 1938/1938/1938 1941/1941/1941 1933/1933/1933
f 1931/1931/1931 1946/1946/1946 1937/1937/1937
f 1925/1925/1925 1937/1937/1937 1938/1938/1938
f 1945/1945/1945 1936/1936/1936 1932/1932/1932
f 1936/1936/1936 1931/1931/1931 1924/1924/1924
f 1944/1944/1944 1930/1930/1930 1935/1935/1935
f 1934/1934/1934 1943/1943/1943 1929/1929/1929
f 1928/1928/1928 1942/1942/1942 1934/1934/1934
f 1941/1941/1941 1928/1928/1928 1933/1933/1933
f 1927/1927/1927 1929/1929/1929 1940/1940/1940
f 1927/1927/1927 1935/1935/1935 1922/1922/1922
f 1932/1932/1932 1926/1926/1926 1939/1939/1939
f 1938/1938/1938 1933/1933/1933 1925/1925/1925
f 1931/1931/1931 1937/1937/1937 1925/1925/1925
f 1936/1936/1936 1924/1924/1924 1932/1932/1932
f 1924/1924/1924 1931/1931/1931 1923/1923/1923
f 1922/1922/1922 1935/1935/1935 1930/1930/1930
f 1921/1921/1921 1934/1934/1934 1929/1929/1929
f 1928/1928/1928 1934/1934/1934 1921/1921/1921
f 1928/1928/1928 1917/1917/1917 1933/1933/1933
f 1911/1911/1911 1929/1929/1929 1927/1927/1927
f 1927/1927/1927 1922/1922/1922 1920/1920/1920
f 1932/1932/1932 1914/1914/1914 1926/1926/1926
f 1933/1933/1933 1917/1917/1917 1925/1925/1925
f 1931/1931/1931 1925/1925/1925 1918/1918/1918
f 1932/1932/1932 1924/1924/1924 1914/1914/1914
f 1924/1924/1924 1923/1923/1923 1913/1913/1913
f 1918/1918/1918 1923/1923/1923 1931/1931/1931
f 1930/1930/1930 1912/1912/1912 1922/1922/1922
f 1911/1911/1911 1921/1921/1921 1929/1929/1929
f 1917/1917/1917 1928/1928/1928 1921/1921/1921
f 1920/1920/1920 1922/1922/1922 1916/1916/1916
f 1927/1927/1927 1920/1920/1920 1911/1911/1911
f 1914/1914/1914 1919/1919/1919 1926/1926/1926
f 1915/1915/1915 1925/1925/1925 1917/1917/1917
f 1915/1915/1915 1918/1918/1918 1925/1925/1925
f 1913/1913/1913 1914/1914/1914 1924/1924/1924
f 1923/1923/1923 1918/1918/1918 1913/1913/1913
f 1922/1922/1922 1912/1912/1912 1916/1916/1916
f 1921/1921/1921 1911/1911/1911 1917/1917/1917
f 1911/1911/1911 1920/1920/1920 1916/1916/1916
f 1910/1910/1910 1919/1919/1919 1914/1914/1914
f 1915/1915/1915 1917/1917/1917 1902/1902/1902
f 1918/1918/1918 1915/1915/1915 1909/1909/1909
f 1909/1909/1909 1908/1908/1908 1918/1918/1918
f 1905/1905/1905 1914/1914/1914 1913/1913/1913
f 1918/1918/1918 1908/1908/1908 1913/1913/1913
f 1904/1904/1904 1916/1916/1916 1912/1912/1912
f 1917/1917/1917 1911/1911/1911 1902/1902/1902
f 1911/1911/1911 1916/1916/1916 1904/1904/1904
f 1910/1910/1910 1914/1914/1914 1906/1906/1906
f 1909/1909/1909 1915/1915/1915 1902/1902/1902
f 1906/1906/1906 1914/1914/1914 1905/1905/1905
f 1908/1908/1908 1909/1909/1909 1898/1898/1898
f 1913/1913/1913 1908/1908/1908 1905/1905/1905
f 1903/1903/1903 1912/1912/1912 1907/1907/1907
f 1912/1912/1912 1903/1903/1903 1904/1904/1904
f 1911/1911/1911 1901/1901/1901 1902/1902/1902
f 1911/1911/1911 1904/1904/1904 1901/1901/1901
f 1910/1910/1910 1906/1906/1906 1900/1900/1900
f 1909/1909/1909 1902/1902/1902 1899/1899/1899
f 1898/1898/1898 1909/1909/1909 1899/1899/1899
f 1906/1906/1906 1905/1905/1905 1894/1894/1894
f 1908/1908/1908 1898/1898/1898 1905/1905/1905
f 1907/1907/1907 1892/1892/1892 1903/1903/1903
f 1903/1903/1903 1897/1897/1897 1904/1904/1904
f 1902/1902/1902 1901/1901/1901 1891/1891/1891
f 1901/1901/1901 1904/1904/1904 1893/1893/1893
f 1906/1906/1906 1896/1896/1896 1900/1900/1900
f 1902/1902/1902 1895/1895/1895 1899/1899/1899
f 1906/1906/1906 1894/1894/1894 1896/1896/1896
f 1898/1898/1898 1899/1899/1899 1889/1889/1889
f 1905/1905/1905 1898/1898/1898 1894/1894/1894
f 1904/1904/1904 1897/1897/1897 1893/1893/1893
f 1903/1903/1903 1892/1892/1892 1897/1897/1897
f 1891/1891/1891 1895/1895/1895 1902/1902/1902
f 1901/1901/1901 1893/1893/1893 1891/1891/1891
f 1896/1896/1896 1890/1890/1890 1900/1900/1900
f 1899/1899/1899 1895/1895/1895 1889/1889/1889
f 1896/1896/1896 1894/1894/1894 1887/1887/1887
f 1898/1898/1898 1889/1889/1889 1894/1894/1894
f 909/909/909 910/910/910 911/911/911
f 912/912/912 913/913/913 914/914/914
f 1897/1897/1897 1888/1888/1888 1893/1893/1893
f 1888/1888/1888 1897/1897/1897 1892/1892/1892
f 1895/1895/1895 1891/1891/1891 1884/1884/1884
f 1891/1891/1891 1893/1893/1893 1886/1886/1886
f 1896/1896/1896 1887/1887/1887 1890/1890/1890
f 1895/1895/1895 1884/1884/1884 1889/1889/1889
f 1887/1887/1887 1894/1894/1894 1889/1889/1889
f 1893/1893/1893 1888/1888/1888 1886/1886/1886
f 1892/1892/1892 1885/1885/1885 1888/1888/1888
f 1891/1891/1891 1886/1886/1886 1884/1884/1884
f 1890/1890/1890 1887/1887/1887 1882/1882/1882
f 1889/1889/1889 1884/1884/1884 1887/1887/1887
f 1888/1888/1888 1883/1883/1883 1886/1886/1886
f 1883/1883/1883 1888/1888/1888 1885/1885/1885
f 1884/1884/1884 1886/1886/1886 1880/1880/1880
f 1884/1884/1884 1882/1882/1882 1887/1887/1887
f 1886/1886/1886 1883/1883/1883 1880/1880/1880
f 1885/1885/1885 1881/1881/1881 1883/1883/1883
f 1884/1884/1884 1880/1880/1880 1882/1882/1882
f 1883/1883/1883 1881/1881/1881 1880/1880/1880
f 1882/1882/1882 1880/1880/1880 1879/1879/1879
f 1879/1879/1879 1880/1880/1880 1881/1881/1881
f 1876/1876/1876 1877/1877/1877 1878/1878/1878
f 1873/1873/1873 1874/1874/1874 1875/1875/1875
f 1864/1864/1864 1872/1872/1872 1871/1871/1871
f 1866/1866/1866 1870/1870/1870 1867/1867/1867
f 1869/1869/1869 1870/1870/1870 1863/1863/1863
f 1871/1871/1871 1868/1868/1868 1864/1864/1864
f 1860/1860/1860 1866/1866/1866 1867/1867/1867
f 1863/1863/1863 1870/1870/1870 1866/1866/1866
f 1865/1865/1865 1869/1869/1869 1863/1863/1863
f 1862/1862/1862 1864/1864/1864 1868/1868/1868
f 1860/1860/1860 1867/1867/1867 1861/1861/1861
f 1859/1859/1859 1866/1866/1866 1860/1860/1860
f 1863/1863/1863 1866/1866/1866 1859/1859/1859
f 1865/1865/1865 1863/1863/1863 1856/1856/1856
f 1858/1858/1858 1864/1864/1864 1862/1862/1862
f 1860/1860/1860 1861/1861/1861 1854/1854/1854
f 1853/1853/1853 1859/1859/1859 1860/1860/1860
f 1859/1859/1859 1856/1856/1856 1863/1863/1863
f 1858/1858/1858 1862/1862/1862 1855/1855/1855
f 1855/1855/1855 1862/1862/1862 1851/1851/1851
f 1854/1854/1854 1861/1861/1861 1857/1857/1857
f 1850/1850/1850 1857/1857/1857 1858/1858/1858
f 1860/1860/1860 1854/1854/1854 1853/1853/1853
f 1859/1859/1859 1853/1853/1853 1852/1852/1852
f 1852/1852/1852 1856/1856/1856 1859/1859/1859
f 1850/1850/1850 1858/1858/1858 1855/1855/1855
f 1855/1855/1855 1851/1851/1851 1846/1846/1846
f 1857/1857/1857 1850/1850/1850 1854/1854/1854
f 1853/1853/1853 1854/1854/1854 1845/1845/1845
f 1852/1852/1852 1853/1853/1853 1849/1849/1849
f 1856/1856/1856 1852/1852/1852 1848/1848/1848
f 1850/1850/1850 1855/1855/1855 1846/1846/1846
f 1846/1846/1846 1851/1851/1851 1847/1847/1847
f 1845/1845/1845 1854/1854/1854 1850/1850/1850
f 1845/1845/1845 1849/1849/1849 1853/1853/1853
f 1852/1852/1852 1849/1849/1849 1844/1844/1844
f 1844/1844/1844 1843/1843/1843 1852/1852/1852
f 1848/1848/1848 1852/1852/1852 1843/1843/1843
f 1847/1847/1847 1851/1851/1851 1842/1842/1842
f 1846/1846/1846 1838/1838/1838 1850/1850/1850
f 1846/1846/1846 1847/1847/1847 1839/1839/1839
f 1850/1850/1850 1838/1838/1838 1845/1845/1845
f 1849/1849/1849 1845/1845/1845 1841/1841/1841
f 1841/1841/1841 1844/1844/1844 1849/1849/1849
f 1837/1837/1837 1843/1843/1843 1844/1844/1844
f 1843/1843/1843 1840/1840/1840 1848/1848/1848
f 1839/1839/1839 1847/1847/1847 1842/1842/1842
f 1838/1838/1838 1846/1846/1846 1839/1839/1839
f 1845/1845/1845 1838/1838/1838 1841/1841/1841
f 1837/1837/1837 1844/1844/1844 1841/1841/1841
f 1843/1843/1843 1837/1837/1837 1836/1836/1836
f 1836/1836/1836 1840/1840/1840 1843/1843/1843
f 1832/1832/1832 1839/1839/1839 1842/1842/1842
f 1838/1838/1838 1839/1839/1839 1830/1830/1830
f 1841/1841/1841 1838/1838/1838 1835/1835/1835
f 1835/1835/1835 1837/1837/1837 1841/1841/1841
f 1836/1836/1836 1837/1837/1837 1834/1834/1834
f 1836/1836/1836 1833/1833/1833 1840/1840/1840
f 1832/1832/1832 1831/1831/1831 1839/1839/1839
f 1830/1830/1830 1839/1839/1839 1831/1831/1831
f 1835/1835/1835 1838/1838/1838 1830/1830/1830
f 1835/1835/1835 1818/1818/1818 1837/1837/1837
f 1829/1829/1829 1836/1836/1836 1834/1834/1834
f 1818/1818/1818 1834/1834/1834 1837/1837/1837
f 1829/1829/1829 1828/1828/1828 1836/1836/1836
f 1836/1836/1836 1828/1828/1828 1833/1833/1833
f 1831/1831/1831 1832/1832/1832 1819/1819/1819
f 1823/1823/1823 1830/1830/1830 1831/1831/1831
f 1835/1835/1835 1830/1830/1830 1818/1818/1818
f 1818/1818/1818 1829/1829/1829 1834/1834/1834
f 1829/1829/1829 1817/1817/1817 1828/1828/1828
f 1828/1828/1828 1822/1822/1822 1833/1833/1833
f 1826/1826/1826 1827/1827/1827 1815/1815/1815
f 1824/1824/1824 1825/1825/1825 1814/1814/1814
f 1819/1819/1819 1832/1832/1832 1824/1824/1824
f 1823/1823/1823 1831/1831/1831 1819/1819/1819
f 1818/1818/1818 1830/1830/1830 1823/1823/1823
f 1818/1818/1818 1817/1817/1817 1829/1829/1829
f 1817/1817/1817 1816/1816/1816 1828/1828/1828
f 1822/1822/1822 1828/1828/1828 1816/1816/1816
f 1815/1815/1815 1827/1827/1827 1821/1821/1821
f 1820/1820/1820 1826/1826/1826 1815/1815/1815
f 1809/1809/1809 1825/1825/1825 1820/1820/1820
f 1814/1814/1814 1825/1825/1825 1809/1809/1809
f 1813/1813/1813 1824/1824/1824 1814/1814/1814
f 1813/1813/1813 1819/1819/1819 1824/1824/1824
f 1823/1823/1823 1819/1819/1819 1807/1807/1807
f 1818/1818/1818 1823/1823/1823 1807/1807/1807
f 1812/1812/1812 1817/1817/1817 1818/1818/1818
f 1817/1817/1817 1806/1806/1806 1816/1816/1816
f 1811/1811/1811 1822/1822/1822 1816/1816/1816
f 1815/1815/1815 1821/1821/1821 1810/1810/1810
f 1809/1809/1809 1820/1820/1820 1815/1815/1815
f 1814/1814/1814 1809/1809/1809 1808/1808/1808
f 1814/1814/1814 1800/1800/1800 1813/1813/1813
f 1819/1819/1819 1813/1813/1813 1807/1807/1807
f 1812/1812/1812 1804/1804/1804 1817/1817/1817
f 1807/1807/1807 1812/1812/1812 1818/1818/1818
f 1804/1804/1804 1806/1806/1806 1817/1817/1817
f 1816/1816/1816 1806/1806/1806 1811/1811/1811
f 1815/1815/1815 1810/1810/1810 1805/1805/1805
f 1809/1809/1809 1815/1815/1815 1805/1805/1805
f 1801/1801/1801 1808/1808/1808 1809/1809/1809
f 1800/1800/1800 1814/1814/1814 1808/1808/1808
f 1813/1813/1813 1800/1800/1800 1807/1807/1807
f 1807/1807/1807 1804/1804/1804 1812/1812/1812
f 1799/1799/1799 1806/1806/1806 1804/1804/1804
f 1806/1806/1806 1803/1803/1803 1811/1811/1811
f 1805/1805/1805 1810/1810/1810 1802/1802/1802
f 1801/1801/1801 1809/1809/1809 1805/1805/1805
f 1800/1800/1800 1808/1808/1808 1801/1801/1801
f 1800/1800/1800 1804/1804/1804 1807/1807/1807
f 1799/1799/1799 1804/1804/1804 1797/1797/1797
f 1799/1799/1799 1803/1803/1803 1806/1806/1806
f 1805/1805/1805 1802/1802/1802 1798/1798/1798
f 1798/1798/1798 1801/1801/1801 1805/1805/1805
f 1795/1795/1795 1800/1800/1800 1801/1801/1801
f 1797/1797/1797 1804/1804/1804 1800/1800/1800
f 1797/1797/1797 1796/1796/1796 1799/1799/1799
f 1803/1803/1803 1799/1799/1799 1794/1794/1794
f 1793/1793/1793 1798/1798/1798 1802/1802/1802
f 1801/1801/1801 1798/1798/1798 1795/1795/1795
f 1797/1797/1797 1800/1800/1800 1795/1795/1795
f 1796/1796/1796 1797/1797/1797 1791/1791/1791
f 1796/1796/1796 1794/1794/1794 1799/1799/1799
f 1795/1795/1795 1798/1798/1798 1793/1793/1793
f 1792/1792/1792 1797/1797/1797 1795/1795/1795
f 1792/1792/1792 1791/1791/1791 1797/1797/1797
f 1791/1791/1791 1794/1794/1794 1796/1796/1796
f 1795/1795/1795 1793/1793/1793 1788/1788/1788
f 1788/1788/1788 1792/1792/1792 1795/1795/1795
f 1792/1792/1792 1789/1789/1789 1791/1791/1791
f 1791/1791/1791 1787/1787/1787 1794/1794/1794
f 1788/1788/1788 1793/1793/1793 1790/1790/1790
f 1788/1788/1788 1789/1789/1789 1792/1792/1792
f 1791/1791/1791 1789/1789/1789 1787/1787/1787
f 1784/1784/1784 1788/1788/1788 1790/1790/1790
f 1786/1786/1786 1789/1789/1789 1788/1788/1788
f 1786/1786/1786 1787/1787/1787 1789/1789/1789
f 1784/1784/1784 1786/1786/1786 1788/1788/1788
f 1786/1786/1786 1785/1785/1785 1787/1787/1787
f 1784/1784/1784 1783/1783/1783 1786/1786/1786
f 1783/1783/1783 1785/1785/1785 1786/1786/1786
f 1783/1783/1783 1784/1784/1784 1782/1782/1782
f 1783/1783/1783 1780/1780/1780 1785/1785/1785
f 1782/1782/1782 1784/1784/1784 1781/1781/1781
f 1783/1783/1783 1782/1782/1782 1780/1780/1780
f 1782/1782/1782 1781/1781/1781 1777/1777/1777
f 1780/1780/1780 1782/1782/1782 1777/1777/1777
f 1777/1777/1777 1781/1781/1781 1778/1778/1778
f 1780/1780/1780 1777/1777/1777 1779/1779/1779
f 1777/1777/1777 1778/1778/1778 1776/1776/1776
f 1779/1779/1779 1777/1777/1777 1773/1773/1773
f 1778/1778/1778 1774/1774/1774 1776/1776/1776
f 1777/1777/1777 1776/1776/1776 1773/1773/1773
f 1773/1773/1773 1776/1776/1776 1774/1774/1774
f 1773/1773/1773 1774/1774/1774 1775/1775/1775
f 1770/1770/1770 1765/1765/1765 1772/1772/1772
f 1768/1768/1768 1765/1765/1765 1766/1766/1766
f 1770/1770/1770 1772/1772/1772 1764/1764/1764
f 1759/1759/1759 1769/1769/1769 1768/1768/1768
f 1766/1766/1766 1763/1763/1763 1768/1768/1768
f 1767/1767/1767 1763/1763/1763 1766/1766/1766
f 1762/1762/1762 1760/1760/1760 1771/1771/1771
f 1754/1754/1754 1765/1765/1765 1770/1770/1770
f 1756/1756/1756 1767/1767/1767 1766/1766/1766
f 1761/1761/1761 1766/1766/1766 1765/1765/1765
f 1754/1754/1754 1770/1770/1770 1764/1764/1764
f 1763/1763/1763 1759/1759/1759 1768/1768/1768
f 1763/1763/1763 1767/1767/1767 1756/1756/1756
f 1757/1757/1757 1760/1760/1760 1762/1762/1762
f 1765/1765/1765 1754/1754/1754 1751/1751/1751
f 1761/1761/1761 1756/1756/1756 1766/1766/1766
f 1751/1751/1751 1761/1761/1761 1765/1765/1765
f 1764/1764/1764 1760/1760/1760 1754/1754/1754
f 1759/1759/1759 1763/1763/1763 1749/1749/1749
f 1763/1763/1763 1756/1756/1756 1749/1749/1749
f 1757/1757/1757 1750/1750/1750 1760/1760/1760
f 1746/1746/1746 1757/1757/1757 1762/1762/1762
f 1755/1755/1755 1751/1751/1751 1754/1754/1754
f 1751/1751/1751 1756/1756/1756 1761/1761/1761
f 1750/1750/1750 1754/1754/1754 1760/1760/1760
f 1744/1744/1744 1755/1755/1755 1754/1754/1754
f 1749/1749/1749 1748/1748/1748 1759/1759/1759
f 1753/1753/1753 1758/1758/1758 1747/1747/1747
f 1752/1752/1752 1748/1748/1748 1741/1741/1741
f 1752/1752/1752 1747/1747/1747 1758/1758/1758
f 1735/1735/1735 1749/1749/1749 1756/1756/1756
f 1746/1746/1746 1750/1750/1750 1757/1757/1757
f 1755/1755/1755 1745/1745/1745 1751/1751/1751
f 1751/1751/1751 1735/1735/1735 1756/1756/1756
f 1744/1744/1744 1745/1745/1745 1755/1755/1755
f 1744/1744/1744 1754/1754/1754 1750/1750/1750
f 1748/1748/1748 1749/1749/1749 1738/1738/1738
f 1747/1747/1747 1742/1742/1742 1753/1753/1753
f 1743/1743/1743 1741/1741/1741 1748/1748/1748
f 1741/1741/1741 1747/1747/1747 1752/1752/1752
f 1740/1740/1740 1749/1749/1749 1735/1735/1735
f 1750/1750/1750 1746/1746/1746 1732/1732/1732
f 1745/1745/1745 1735/1735/1735 1751/1751/1751
f 1731/1731/1731 1745/1745/1745 1744/1744/1744
f 1732/1732/1732 1744/1744/1744 1750/1750/1750
f 1740/1740/1740 1738/1738/1738 1749/1749/1749
f 1738/1738/1738 1743/1743/1743 1748/1748/1748
f 1747/1747/1747 1737/1737/1737 1742/1742/1742
f 1747/1747/1747 1736/1736/1736 1737/1737/1737
f 1726/1726/1726 1741/1741/1741 1743/1743/1743
f 1747/1747/1747 1741/1741/1741 1736/1736/1736
f 1734/1734/1734 1740/1740/1740 1735/1735/1735
f 1731/1731/1731 1735/1735/1735 1745/1745/1745
f 1732/1732/1732 1731/1731/1731 1744/1744/1744
f 1740/1740/1740 1727/1727/1727 1738/1738/1738
f 1743/1743/1743 1738/1738/1738 1726/1726/1726
f 1742/1742/1742 1737/1737/1737 1730/1730/1730
f 1736/1736/1736 1715/1715/1715 1737/1737/1737
f 1741/1741/1741 1726/1726/1726 1736/1736/1736
f 1723/1723/1723 1734/1734/1734 1735/1735/1735
f 1734/1734/1734 1727/1727/1727 1740/1740/1740
f 1732/1732/1732 1739/1739/1739 1720/1720/1720
f 1731/1731/1731 1728/1728/1728 1735/1735/1735
f 1729/1729/1729 1731/1731/1731 1732/1732/1732
f 1727/1727/1727 1726/1726/1726 1738/1738/1738
f 1737/1737/1737 1715/1715/1715 1730/1730/1730
f 1726/1726/1726 1715/1715/1715 1736/1736/1736
f 1728/1728/1728 1723/1723/1723 1735/1735/1735
f 1723/1723/1723 1727/1727/1727 1734/1734/1734
f 1721/1721/1721 1713/1713/1713 1733/1733/1733
f 1720/1720/1720 1729/1729/1729 1732/1732/1732
f 1719/1719/1719 1728/1728/1728 1731/1731/1731
f 1729/1729/1729 1719/1719/1719 1731/1731/1731
f 1717/1717/1717 1716/1716/1716 1727/1727/1727
f 1726/1726/1726 1727/1727/1727 1716/1716/1716
f 916/916/916 917/917/917 920/920/920
f 916/916/916 921/921/921 915/915/915
f 922/922/922 918/918/918 915/915/915
f 1715/1715/1715 1725/1725/1725 1730/1730/1730
f 1718/1718/1718 1715/1715/1715 1726/1726/1726
f 1725/1725/1725 1708/1708/1708 1724/1724/1724
f 1728/1728/1728 1714/1714/1714 1723/1723/1723
f 1710/1710/1710 1727/1727/1727 1723/1723/1723
f 1724/1724/1724 1707/1707/1707 1722/1722/1722
f 1721/1721/1721 1702/1702/1702 1713/1713/1713
f 1720/1720/1720 1712/1712/1712 1729/1729/1729
f 1728/1728/1728 1719/1719/1719 1699/1699/1699
f 1711/1711/1711 1719/1719/1719 1729/1729/1729
f 1712/1712/1712 1711/1711/1711 1729/1729/1729
f 1699/1699/1699 1714/1714/1714 1728/1728/1728
f 1709/1709/1709 1718/1718/1718 1726/1726/1726
f 1710/1710/1710 1717/1717/1717 1727/1727/1727
f 1716/1716/1716 1717/1717/1717 1698/1698/1698
f 1716/1716/1716 1709/1709/1709 1726/1726/1726
f 1725/1725/1725 1715/1715/1715 1708/1708/1708
f 1718/1718/1718 1697/1697/1697 1715/1715/1715
f 1707/1707/1707 1724/1724/1724 1708/1708/1708
f 1723/1723/1723 1714/1714/1714 1706/1706/1706
f 1706/1706/1706 1710/1710/1710 1723/1723/1723
f 1703/1703/1703 1722/1722/1722 1707/1707/1707
f 1703/1703/1703 1692/1692/1692 1722/1722/1722
f 919/919/919 924/924/924 917/917/917
f 925/925/925 916/916/916 920/920/920
f 920/920/920 917/917/917 924/924/924
f 926/926/926 921/921/921 916/916/916
f 926/926/926 915/915/915 921/921/921
f 922/922/922 915/915/915 926/926/926
f 918/918/918 922/922/922 926/926/926
f 1702/1702/1702 1694/1694/1694 1713/1713/1713
f 1701/1701/1701 1702/1702/1702 1721/1721/1721
f 1700/1700/1700 1712/1712/1712 1720/1720/1720
f 1705/1705/1705 1700/1700/1700 1720/1720/1720
f 1711/1711/1711 1699/1699/1699 1719/1719/1719
f 1711/1711/1711 1712/1712/1712 1681/1681/1681
f 1714/1714/1714 1699/1699/1699 1696/1696/1696
f 1718/1718/1718 1709/1709/1709 1697/1697/1697
f 1710/1710/1710 1698/1698/1698 1717/1717/1717
f 1698/1698/1698 1709/1709/1709 1716/1716/1716
f 1715/1715/1715 1697/1697/1697 1708/1708/1708
f 1689/1689/1689 1707/1707/1707 1708/1708/1708
f 1696/1696/1696 1706/1706/1706 1714/1714/1714
f 1710/1710/1710 1706/1706/1706 1679/1679/1679
f 1713/1713/1713 1694/1694/1694 1704/1704/1704
f 1693/1693/1693 1703/1703/1703 1707/1707/1707
f 1687/1687/1687 1692/1692/1692 1703/1703/1703
f 1702/1702/1702 1691/1691/1691 1694/1694/1694
f 1683/1683/1683 1702/1702/1702 1701/1701/1701
f 1712/1712/1712 1700/1700/1700 1681/1681/1681
f 1669/1669/1669 1700/1700/1700 1705/1705/1705
f 1681/1681/1681 1699/1699/1699 1711/1711/1711
f 1680/1680/1680 1696/1696/1696 1699/1699/1699
f 1690/1690/1690 1697/1697/1697 1709/1709/1709
f 924/924/924 919/919/919 923/923/923
f 927/927/927 916/916/916 925/925/925
f 925/925/925 920/920/920 928/928/928
f 920/920/920 924/924/924 928/928/928
f 916/916/916 929/929/929 926/926/926
f 1679/1679/1679 1698/1698/1698 1710/1710/1710
f 1709/1709/1709 1698/1698/1698 1690/1690/1690
f 1689/1689/1689 1708/1708/1708 1697/1697/1697
f 1707/1707/1707 1689/1689/1689 1693/1693/1693
f 1688/1688/1688 1706/1706/1706 1696/1696/1696
f 1688/1688/1688 1679/1679/1679 1706/1706/1706
f 1705/1705/1705 1695/1695/1695 1669/1669/1669
f 1676/1676/1676 1704/1704/1704 1694/1694/1694
f 1687/1687/1687 1703/1703/1703 1693/1693/1693
f 1687/1687/1687 1686/1686/1686 1692/1692/1692
f 1684/1684/1684 1694/1694/1694 1691/1691/1691
f 1683/1683/1683 1691/1691/1691 1702/1702/1702
f 1682/1682/1682 1683/1683/1683 1701/1701/1701
f 1669/1669/1669 1681/1681/1681 1700/1700/1700
f 1699/1699/1699 1681/1681/1681 1680/1680/1680
f 1680/1680/1680 1666/1666/1666 1696/1696/1696
f 1697/1697/1697 1690/1690/1690 1667/1667/1667
f 1679/1679/1679 1690/1690/1690 1698/1698/1698
f 1667/1667/1667 1689/1689/1689 1697/1697/1697
f 1675/1675/1675 1693/1693/1693 1689/1689/1689
f 923/923/923 928/928/928 924/924/924
f 929/929/929 916/916/916 927/927/927
f 931/931/931 927/927/927 925/925/925
f 932/932/932 925/925/925 928/928/928
f 933/933/933 926/926/926 929/929/929
f 1666/1666/1666 1688/1688/1688 1696/1696/1696
f 1679/1679/1679 1688/1688/1688 1678/1678/1678
f 1694/1694/1694 1684/1684/1684 1676/1676/1676
f 1675/1675/1675 1687/1687/1687 1693/1693/1693
f 1663/1663/1663 1686/1686/1686 1687/1687/1687
f 1686/1686/1686 1673/1673/1673 1692/1692/1692
f 1684/1684/1684 1691/1691/1691 1660/1660/1660
f 1660/1660/1660 1691/1691/1691 1683/1683/1683
f 1671/1671/1671 1683/1683/1683 1682/1682/1682
f 1681/1681/1681 1669/1669/1669 1656/1656/1656
f 1680/1680/1680 1681/1681/1681 1668/1668/1668
f 1644/1644/1644 1666/1666/1666 1680/1680/1680
f 1679/1679/1679 1667/1667/1667 1690/1690/1690
f 1667/1667/1667 1675/1675/1675 1689/1689/1689
f 1666/1666/1666 1678/1678/1678 1688/1688/1688
f 1678/1678/1678 1655/1655/1655 1679/1679/1679
f 1644/1644/1644 1677/1677/1677 1666/1666/1666
f 1684/1684/1684 1672/1672/1672 1665/1665/1665
f 1684/1684/1684 1665/1665/1665 1676/1676/1676
f 930/930/930 934/934/934 923/923/923
f 928/928/928 923/923/923 935/935/935
f 931/931/931 929/929/929 927/927/927
f 925/925/925 936/936/936 931/931/931
f 936/936/936 925/925/925 932/932/932
f 928/928/928 937/937/937 932/932/932
f 938/938/938 926/926/926 933/933/933
f 933/933/933 929/929/929 939/939/939
f 1664/1664/1664 1687/1687/1687 1675/1675/1675
f 1687/1687/1687 1674/1674/1674 1649/1649/1649
f 1664/1664/1664 1674/1674/1674 1687/1687/1687
f 1649/1649/1649 1663/1663/1663 1687/1687/1687
f 1686/1686/1686 1663/1663/1663 1662/1662/1662
f 1662/1662/1662 1673/1673/1673 1686/1686/1686
f 1685/1685/1685 1673/1673/1673 1661/1661/1661
f 1672/1672/1672 1684/1684/1684 1660/1660/1660
f 1660/1660/1660 1683/1683/1683 1671/1671/1671
f 1671/1671/1671 1682/1682/1682 1659/1659/1659
f 1657/1657/1657 1656/1656/1656 1669/1669/1669
f 1656/1656/1656 1668/1668/1668 1681/1681/1681
f 1668/1668/1668 1644/1644/1644 1680/1680/1680
f 1655/1655/1655 1667/1667/1667 1679/1679/1679
f 1642/1642/1642 1675/1675/1675 1667/1667/1667
f 1666/1666/1666 1677/1677/1677 1641/1641/1641
f 1654/1654/1654 1678/1678/1678 1666/1666/1666
f 1654/1654/1654 1655/1655/1655 1678/1678/1678
f 1644/1644/1644 1641/1641/1641 1677/1677/1677
f 1653/1653/1653 1675/1675/1675 1642/1642/1642
f 1653/1653/1653 1651/1651/1651 1675/1675/1675
f 1638/1638/1638 1665/1665/1665 1672/1672/1672
f 1652/1652/1652 1676/1676/1676 1665/1665/1665
f 1651/1651/1651 1664/1664/1664 1675/1675/1675
f 934/934/934 935/935/935 923/923/923
f 941/941/941 928/928/928 935/935/935
f 939/939/939 929/929/929 931/931/931
f 936/936/936 942/942/942 931/931/931
f 936/936/936 932/932/932 937/937/937
f 943/943/943 937/937/937 928/928/928
f 938/938/938 933/933/933 944/944/944
f 933/933/933 939/939/939 944/944/944
f 1674/1674/1674 1664/1664/1664 1649/1649/1649
f 1649/1649/1649 1650/1650/1650 1663/1663/1663
f 1662/1662/1662 1663/1663/1663 1636/1636/1636
f 1673/1673/1673 1662/1662/1662 1635/1635/1635
f 1635/1635/1635 1661/1661/1661 1673/1673/1673
f 1638/1638/1638 1672/1672/1672 1660/1660/1660
f 1671/1671/1671 1633/1633/1633 1660/1660/1660
f 1633/1633/1633 1671/1671/1671 1659/1659/1659
f 1647/1647/1647 1659/1659/1659 1648/1648/1648
f 1658/1658/1658 1670/1670/1670 1646/1646/1646
f 1639/1639/1639 1657/1657/1657 1669/1669/1669
f 1656/1656/1656 1657/1657/1657 1630/1630/1630
f 1644/1644/1644 1668/1668/1668 1656/1656/1656
f 1667/1667/1667 1655/1655/1655 1642/1642/1642
f 1641/1641/1641 1654/1654/1654 1666/1666/1666
f 1655/1655/1655 1654/1654/1654 1628/1628/1628
f 1643/1643/1643 1641/1641/1641 1644/1644/1644
f 1640/1640/1640 1653/1653/1653 1642/1642/1642
f 1627/1627/1627 1651/1651/1651 1653/1653/1653
f 1665/1665/1665 1638/1638/1638 1652/1652/1652
f 946/946/946 934/934/934 940/940/940
f 935/935/935 934/934/934 947/947/947
f 941/941/941 935/935/935 948/948/948
f 928/928/928 941/941/941 949/949/949
f 939/939/939 931/931/931 942/942/942
f 942/942/942 936/936/936 937/937/937
f 943/943/943 928/928/928 949/949/949
f 950/950/950 937/937/937 943/943/943
f 944/944/944 939/939/939 942/942/942
f 1664/1664/1664 1651/1651/1651 1637/1637/1637
f 1637/1637/1637 1649/1649/1649 1664/1664/1664
f 1650/1650/1650 1636/1636/1636 1663/1663/1663
f 1623/1623/1623 1650/1650/1650 1649/1649/1649
f 1636/1636/1636 1635/1635/1635 1662/1662/1662
f 1661/1661/1661 1635/1635/1635 1648/1648/1648
f 1660/1660/1660 1634/1634/1634 1638/1638/1638
f 1634/1634/1634 1660/1660/1660 1633/1633/1633
f 1647/1647/1647 1633/1633/1633 1659/1659/1659
f 1648/1648/1648 1612/1612/1612 1647/1647/1647
f 1632/1632/1632 1658/1658/1658 1646/1646/1646
f 1639/1639/1639 1630/1630/1630 1657/1657/1657
f 1630/1630/1630 1644/1644/1644 1656/1656/1656
f 1629/1629/1629 1643/1643/1643 1644/1644/1644
f 1628/1628/1628 1642/1642/1642 1655/1655/1655
f 1654/1654/1654 1641/1641/1641 1628/1628/1628
f 1641/1641/1641 1643/1643/1643 1607/1607/1607
f 1617/1617/1617 1640/1640/1640 1642/1642/1642
f 1653/1653/1653 1640/1640/1640 1627/1627/1627
f 1627/1627/1627 1626/1626/1626 1651/1651/1651
f 1638/1638/1638 1601/1601/1601 1652/1652/1652
f 1626/1626/1626 1625/1625/1625 1651/1651/1651
f 1625/1625/1625 1637/1637/1637 1651/1651/1651
f 1649/1649/1649 1637/1637/1637 1624/1624/1624
f 940/940/940 945/945/945 952/952/952
f 953/953/953 934/934/934 946/946/946
f 946/946/946 940/940/940 952/952/952
f 934/934/934 953/953/953 947/947/947
f 948/948/948 935/935/935 947/947/947
f 948/948/948 949/949/949 941/941/941
f 937/937/937 950/950/950 942/942/942
f 949/949/949 954/954/954 943/943/943
f 950/950/950 943/943/943 954/954/954
f 944/944/944 942/942/942 950/950/950
f 1650/1650/1650 1623/1623/1623 1636/1636/1636
f 1624/1624/1624 1623/1623/1623 1649/1649/1649
f 1635/1635/1635 1636/1636/1636 1622/1622/1622
f 1635/1635/1635 1612/1612/1612 1648/1648/1648
f 1621/1621/1621 1638/1638/1638 1634/1634/1634
f 1611/1611/1611 1634/1634/1634 1633/1633/1633
f 1647/1647/1647 1612/1612/1612 1633/1633/1633
f 1632/1632/1632 1620/1620/1620 1645/1645/1645
f 1646/1646/1646 1610/1610/1610 1632/1632/1632
f 1631/1631/1631 1645/1645/1645 1620/1620/1620
f 1608/1608/1608 1630/1630/1630 1639/1639/1639
f 1630/1630/1630 1619/1619/1619 1644/1644/1644
f 1644/1644/1644 1619/1619/1619 1618/1618/1618
f 1618/1618/1618 1629/1629/1629 1644/1644/1644
f 1643/1643/1643 1629/1629/1629 1607/1607/1607
f 1642/1642/1642 1628/1628/1628 1617/1617/1617
f 951/951/951 952/952/952 945/945/945
f 1607/1607/1607 1628/1628/1628 1641/1641/1641
f 1617/1617/1617 1627/1627/1627 1640/1640/1640
f 1604/1604/1604 1626/1626/1626 1627/1627/1627
f 1621/1621/1621 1616/1616/1616 1615/1615/1615
f 1638/1638/1638 1621/1621/1621 1601/1601/1601
f 1614/1614/1614 1613/1613/1613 1626/1626/1626
f 1613/1613/1613 1625/1625/1625 1626/1626/1626
f 1637/1637/1637 1625/1625/1625 1600/1600/1600
f 1600/1600/1600 1624/1624/1624 1637/1637/1637
f 953/953/953 946/946/946 955/955/955
f 952/952/952 955/955/955 946/946/946
f 956/956/956 947/947/947 953/953/953
f 948/948/948 947/947/947 956/956/956
f 957/957/957 949/949/949 948/948/948
f 954/954/954 949/949/949 957/957/957
f 1636/1636/1636 1623/1623/1623 1598/1598/1598
f 1623/1623/1623 1624/1624/1624 1599/1599/1599
f 1598/1598/1598 1622/1622/1622 1636/1636/1636
f 1622/1622/1622 1612/1612/1612 1635/1635/1635
f 1621/1621/1621 1634/1634/1634 1611/1611/1611
f 1616/1616/1616 1621/1621/1621 1597/1597/1597
f 1611/1611/1611 1633/1633/1633 1612/1612/1612
f 1620/1620/1620 1632/1632/1632 1610/1610/1610
f 1631/1631/1631 1620/1620/1620 1609/1609/1609
f 1608/1608/1608 1619/1619/1619 1630/1630/1630
f 1592/1592/1592 1618/1618/1618 1619/1619/1619
f 1618/1618/1618 1607/1607/1607 1629/1629/1629
f 1606/1606/1606 1617/1617/1617 1628/1628/1628
f 1605/1605/1605 1606/1606/1606 1628/1628/1628
f 1605/1605/1605 1628/1628/1628 1607/1607/1607
f 1604/1604/1604 1627/1627/1627 1617/1617/1617
f 1604/1604/1604 1614/1614/1614 1626/1626/1626
f 1575/1575/1575 1615/1615/1615 1616/1616/1616
f 1615/1615/1615 1601/1601/1601 1621/1621/1621
f 1614/1614/1614 1587/1587/1587 1613/1613/1613
f 1625/1625/1625 1613/1613/1613 1600/1600/1600
f 1600/1600/1600 1599/1599/1599 1624/1624/1624
f 956/956/956 953/953/953 955/955/955
f 952/952/952 958/958/958 955/955/955
f 956/956/956 959/959/959 948/948/948
f 957/957/957 948/948/948 960/960/960
f 957/957/957 961/961/961 954/954/954
f 1599/1599/1599 1598/1598/1598 1623/1623/1623
f 1622/1622/1622 1598/1598/1598 1612/1612/1612
f 1602/1602/1602 1616/1616/1616 1597/1597/1597
f 1597/1597/1597 1621/1621/1621 1611/1611/1611
f 1585/1585/1585 1611/1611/1611 1612/1612/1612
f 1610/1610/1610 1595/1595/1595 1620/1620/1620
f 1620/1620/1620 1594/1594/1594 1609/1609/1609
f 1620/1620/1620 1593/1593/1593 1594/1594/1594
f 1593/1593/1593 1620/1620/1620 1595/1595/1595
f 1608/1608/1608 1592/1592/1592 1619/1619/1619
f 1592/1592/1592 1607/1607/1607 1618/1618/1618
f 1617/1617/1617 1606/1606/1606 1591/1591/1591
f 1582/1582/1582 1606/1606/1606 1605/1605/1605
f 1583/1583/1583 1605/1605/1605 1607/1607/1607
f 1591/1591/1591 1604/1604/1604 1617/1617/1617
f 1590/1590/1590 1614/1614/1614 1604/1604/1604
f 1616/1616/1616 1602/1602/1602 1575/1575/1575
f 1575/1575/1575 1601/1601/1601 1615/1615/1615
f 1601/1601/1601 1577/1577/1577 1603/1603/1603
f 1590/1590/1590 1587/1587/1587 1614/1614/1614
f 1587/1587/1587 1600/1600/1600 1613/1613/1613
f 964/964/964 956/956/956 955/955/955
f 958/958/958 952/952/952 965/965/965
f 966/966/966 955/955/955 958/958/958
f 959/959/959 956/956/956 964/964/964
f 960/960/960 948/948/948 959/959/959
f 960/960/960 967/967/967 957/957/957
f 961/961/961 957/957/957 967/967/967
f 1599/1599/1599 1600/1600/1600 1574/1574/1574
f 1586/1586/1586 1598/1598/1598 1599/1599/1599
f 1585/1585/1585 1612/1612/1612 1598/1598/1598
f 1602/1602/1602 1597/1597/1597 1572/1572/1572
f 1597/1597/1597 1611/1611/1611 1585/1585/1585
f 1596/1596/1596 1602/1602/1602 1572/1572/1572
f 1576/1576/1576 1602/1602/1602 1596/1596/1596
f 1610/1610/1610 1569/1569/1569 1595/1595/1595
f 1609/1609/1609 1594/1594/1594 1584/1584/1584
f 1593/1593/1593 1567/1567/1567 1594/1594/1594
f 1595/1595/1595 1554/1554/1554 1593/1593/1593
f 1580/1580/1580 1566/1566/1566 1608/1608/1608
f 1566/1566/1566 1592/1592/1592 1608/1608/1608
f 1592/1592/1592 1583/1583/1583 1607/1607/1607
f 1582/1582/1582 1591/1591/1591 1606/1606/1606
f 952/952/952 963/963/963 965/965/965
f 1583/1583/1583 1582/1582/1582 1605/1605/1605
f 1591/1591/1591 1581/1581/1581 1604/1604/1604
f 1604/1604/1604 1581/1581/1581 1590/1590/1590
f 1588/1588/1588 1562/1562/1562 1589/1589/1589
f 1577/1577/1577 1588/1588/1588 1603/1603/1603
f 1576/1576/1576 1575/1575/1575 1602/1602/1602
f 1575/1575/1575 1577/1577/1577 1601/1601/1601
f 1590/1590/1590 1570/1570/1570 1587/1587/1587
f 1587/1587/1587 1560/1560/1560 1600/1600/1600
f 970/970/970 964/964/964 955/955/955
f 958/958/958 965/965/965 971/971/971
f 972/972/972 955/955/955 966/966/966
f 958/958/958 973/973/973 966/966/966
f 959/959/959 964/964/964 970/970/970
f 960/960/960 959/959/959 974/974/974
f 967/967/967 960/960/960 974/974/974
f 961/961/961 967/967/967 975/975/975
f 1560/1560/1560 1574/1574/1574 1600/1600/1600
f 1599/1599/1599 1574/1574/1574 1573/1573/1573
f 1573/1573/1573 1586/1586/1586 1599/1599/1599
f 1598/1598/1598 1586/1586/1586 1558/1558/1558
f 1558/1558/1558 1585/1585/1585 1598/1598/1598
f 1572/1572/1572 1597/1597/1597 1585/1585/1585
f 1571/1571/1571 1596/1596/1596 1572/1572/1572
f 1571/1571/1571 1576/1576/1576 1596/1596/1596
f 1554/1554/1554 1595/1595/1595 1569/1569/1569
f 1584/1584/1584 1594/1594/1594 1568/1568/1568
f 1594/1594/1594 1567/1567/1567 1568/1568/1568
f 1567/1567/1567 1593/1593/1593 1554/1554/1554
f 1580/1580/1580 1579/1579/1579 1566/1566/1566
f 968/968/968 962/962/962 977/977/977
f 1551/1551/1551 1564/1564/1564 1583/1583/1583
f 965/965/965 963/963/963 969/969/969
f 1566/1566/1566 1583/1583/1583 1592/1592/1592
f 1591/1591/1591 1582/1582/1582 1550/1550/1550
f 1564/1564/1564 1582/1582/1582 1583/1583/1583
f 1550/1550/1550 1581/1581/1581 1591/1591/1591
f 1563/1563/1563 1590/1590/1590 1581/1581/1581
f 1590/1590/1590 1563/1563/1563 1570/1570/1570
f 1562/1562/1562 1578/1578/1578 1589/1589/1589
f 1588/1588/1588 1577/1577/1577 1562/1562/1562
f 1545/1545/1545 1575/1575/1575 1576/1576/1576
f 970/970/970 955/955/955 972/972/972
f 965/965/965 969/969/969 971/971/971
f 973/973/973 958/958/958 971/971/971
f 972/972/972 966/966/966 973/973/973
f 974/974/974 959/959/959 970/970/970
f 974/974/974 975/975/975 967/967/967
f 1575/1575/1575 1561/1561/1561 1577/1577/1577
f 1570/1570/1570 1560/1560/1560 1587/1587/1587
f 1574/1574/1574 1560/1560/1560 1543/1543/1543
f 1559/1559/1559 1573/1573/1573 1574/1574/1574
f 1573/1573/1573 1558/1558/1558 1586/1586/1586
f 1558/1558/1558 1572/1572/1572 1585/1585/1585
f 1572/1572/1572 1527/1527/1527 1571/1571/1571
f 1557/1557/1557 1576/1576/1576 1571/1571/1571
f 1569/1569/1569 1556/1556/1556 1554/1554/1554
f 1568/1568/1568 1553/1553/1553 1584/1584/1584
f 1540/1540/1540 1568/1568/1568 1567/1567/1567
f 1554/1554/1554 1552/1552/1552 1567/1567/1567
f 1565/1565/1565 1564/1564/1564 1551/1551/1551
f 977/977/977 962/962/962 978/978/978
f 968/968/968 977/977/977 979/979/979
f 969/969/969 968/968/968 980/980/980
f 1579/1579/1579 1537/1537/1537 1566/1566/1566
f 1583/1583/1583 1566/1566/1566 1551/1551/1551
f 1565/1565/1565 1536/1536/1536 1564/1564/1564
f 1582/1582/1582 1564/1564/1564 1550/1550/1550
f 1550/1550/1550 1563/1563/1563 1581/1581/1581
f 1525/1525/1525 1570/1570/1570 1563/1563/1563
f 1548/1548/1548 1537/1537/1537 1579/1579/1579
f 1578/1578/1578 1546/1546/1546 1555/1555/1555
f 1562/1562/1562 1546/1546/1546 1578/1578/1578
f 1577/1577/1577 1531/1531/1531 1562/1562/1562
f 1531/1531/1531 1577/1577/1577 1561/1561/1561
f 974/974/974 970/970/970 972/972/972
f 971/971/971 969/969/969 980/980/980
f 973/973/973 971/971/971 981/981/981
f 973/973/973 982/982/982 972/972/972
f 975/975/975 974/974/974 983/983/983
f 1576/1576/1576 1557/1557/1557 1545/1545/1545
f 1545/1545/1545 1561/1561/1561 1575/1575/1575
f 1544/1544/1544 1560/1560/1560 1570/1570/1570
f 1529/1529/1529 1543/1543/1543 1560/1560/1560
f 1543/1543/1543 1559/1559/1559 1574/1574/1574
f 1573/1573/1573 1559/1559/1559 1508/1508/1508
f 1508/1508/1508 1558/1558/1558 1573/1573/1573
f 1527/1527/1527 1572/1572/1572 1558/1558/1558
f 1571/1571/1571 1527/1527/1527 1557/1557/1557
f 1525/1525/1525 1544/1544/1544 1570/1570/1570
f 1542/1542/1542 1556/1556/1556 1569/1569/1569
f 1555/1555/1555 1542/1542/1542 1569/1569/1569
f 1554/1554/1554 1556/1556/1556 1541/1541/1541
f 1541/1541/1541 1556/1556/1556 1524/1524/1524
f 978/978/978 979/979/979 977/977/977
f 968/968/968 979/979/979 984/984/984
f 980/980/980 968/968/968 984/984/984
f 1568/1568/1568 1540/1540/1540 1553/1553/1553
f 1540/1540/1540 1567/1567/1567 1539/1539/1539
f 1567/1567/1567 1552/1552/1552 1539/1539/1539
f 1554/1554/1554 1538/1538/1538 1552/1552/1552
f 1518/1518/1518 1565/1565/1565 1551/1551/1551
f 1537/1537/1537 1551/1551/1551 1566/1566/1566
f 1518/1518/1518 1536/1536/1536 1565/1565/1565
f 1536/1536/1536 1550/1550/1550 1564/1564/1564
f 974/974/974 972/972/972 982/982/982
f 985/985/985 971/971/971 980/980/980
f 973/973/973 981/981/981 986/986/986
f 981/981/981 971/971/971 987/987/987
f 982/982/982 973/973/973 988/988/988
f 983/983/983 974/974/974 989/989/989
f 990/990/990 975/975/975 983/983/983
f 1516/1516/1516 1563/1563/1563 1550/1550/1550
f 1516/1516/1516 1525/1525/1525 1563/1563/1563
f 1533/1533/1533 1549/1549/1549 1547/1547/1547
f 1514/1514/1514 1549/1549/1549 1533/1533/1533
f 1497/1497/1497 1555/1555/1555 1546/1546/1546
f 1531/1531/1531 1546/1546/1546 1562/1562/1562
f 1561/1561/1561 1511/1511/1511 1531/1531/1531
f 1530/1530/1530 1545/1545/1545 1557/1557/1557
f 1511/1511/1511 1561/1561/1561 1545/1545/1545
f 1544/1544/1544 1529/1529/1529 1560/1560/1560
f 1543/1543/1543 1529/1529/1529 1528/1528/1528
f 1543/1543/1543 1508/1508/1508 1559/1559/1559
f 992/992/992 978/978/978 976/976/976
f 979/979/979 978/978/978 992/992/992
f 992/992/992 984/984/984 979/979/979
f 993/993/993 980/980/980 984/984/984
f 1508/1508/1508 1527/1527/1527 1558/1558/1558
f 1530/1530/1530 1557/1557/1557 1527/1527/1527
f 1525/1525/1525 1509/1509/1509 1544/1544/1544
f 1542/1542/1542 1524/1524/1524 1556/1556/1556
f 1542/1542/1542 1555/1555/1555 1497/1497/1497
f 1541/1541/1541 1523/1523/1523 1554/1554/1554
f 1554/1554/1554 1523/1523/1523 1538/1538/1538
f 1524/1524/1524 1522/1522/1522 1541/1541/1541
f 1553/1553/1553 1540/1540/1540 1521/1521/1521
f 974/974/974 982/982/982 994/994/994
f 985/985/985 980/980/980 993/993/993
f 985/985/985 987/987/987 971/971/971
f 981/981/981 987/987/987 986/986/986
f 995/995/995 973/973/973 986/986/986
f 988/988/988 973/973/973 995/995/995
f 988/988/988 994/994/994 982/982/982
f 996/996/996 989/989/989 974/974/974
f 990/990/990 983/983/983 989/989/989
f 1540/1540/1540 1539/1539/1539 1504/1504/1504
f 1539/1539/1539 1552/1552/1552 1520/1520/1520
f 1552/1552/1552 1538/1538/1538 1520/1520/1520
f 1551/1551/1551 1537/1537/1537 1518/1518/1518
f 1517/1517/1517 1536/1536/1536 1518/1518/1518
f 1550/1550/1550 1536/1536/1536 1516/1516/1516
f 1526/1526/1526 1525/1525/1525 1516/1516/1516
f 1549/1549/1549 1514/1514/1514 1535/1535/1535
f 1533/1533/1533 1547/1547/1547 1498/1498/1498
f 1501/1501/1501 1514/1514/1514 1533/1533/1533
f 1498/1498/1498 1547/1547/1547 1532/1532/1532
f 1534/1534/1534 1499/1499/1499 1532/1532/1532
f 997/997/997 976/976/976 991/991/991
f 976/976/976 998/998/998 992/992/992
f 992/992/992 999/999/999 984/984/984
f 993/993/993 984/984/984 1000/1000/1000
f 1497/1497/1497 1546/1546/1546 1531/1531/1531
f 1512/1512/1512 1531/1531/1531 1511/1511/1511
f 1510/1510/1510 1545/1545/1545 1530/1530/1530
f 1510/1510/1510 1511/1511/1511 1545/1545/1545
f 1509/1509/1509 1529/1529/1529 1544/1544/1544
f 1482/1482/1482 1528/1528/1528 1529/1529/1529
f 1528/1528/1528 1508/1508/1508 1543/1543/1543
f 1507/1507/1507 1527/1527/1527 1508/1508/1508
f 1483/1483/1483 1530/1530/1530 1527/1527/1527
f 1525/1525/1525 1526/1526/1526 1478/1478/1478
f 994/994/994 1001/1001/1001 974/974/974
f 987/987/987 985/985/985 993/993/993
f 986/986/986 987/987/987 993/993/993
f 995/995/995 986/986/986 1002/1002/1002
f 994/994/994 988/988/988 995/995/995
f 1003/1003/1003 989/989/989 996/996/996
f 996/996/996 974/974/974 1001/1001/1001
f 989/989/989 1004/1004/1004 990/990/990
f 1506/1506/1506 1509/1509/1509 1525/1525/1525
f 1497/1497/1497 1524/1524/1524 1542/1542/1542
f 1541/1541/1541 1505/1505/1505 1523/1523/1523
f 1523/1523/1523 1493/1493/1493 1538/1538/1538
f 1522/1522/1522 1505/1505/1505 1541/1541/1541
f 1524/1524/1524 1477/1477/1477 1522/1522/1522
f 1540/1540/1540 1504/1504/1504 1521/1521/1521
f 1539/1539/1539 1520/1520/1520 1504/1504/1504
f 1538/1538/1538 1493/1493/1493 1520/1520/1520
f 1503/1503/1503 1518/1518/1518 1537/1537/1537
f 1471/1471/1471 1517/1517/1517 1518/1518/1518
f 1517/1517/1517 1502/1502/1502 1536/1536/1536
f 1502/1502/1502 1516/1516/1516 1536/1536/1536
f 1488/1488/1488 1526/1526/1526 1516/1516/1516
f 1535/1535/1535 1500/1500/1500 1515/1515/1515
f 1500/1500/1500 1535/1535/1535 1514/1514/1514
f 1468/1468/1468 1514/1514/1514 1501/1501/1501
f 976/976/976 997/997/997 998/998/998
f 998/998/998 997/997/997 991/991/991
f 992/992/992 998/998/998 1006/1006/1006
f 999/999/999 992/992/992 1007/1007/1007
f 999/999/999 1000/1000/1000 984/984/984
f 1000/1000/1000 1008/1008/1008 993/993/993
f 1499/1499/1499 1534/1534/1534 1513/1513/1513
f 1501/1501/1501 1533/1533/1533 1498/1498/1498
f 1498/1498/1498 1532/1532/1532 1499/1499/1499
f 1531/1531/1531 1512/1512/1512 1497/1497/1497
f 1451/1451/1451 1512/1512/1512 1511/1511/1511
f 1483/1483/1483 1510/1510/1510 1530/1530/1530
f 1496/1496/1496 1511/1511/1511 1510/1510/1510
f 1509/1509/1509 1482/1482/1482 1529/1529/1529
f 1001/1001/1001 994/994/994 995/995/995
f 1008/1008/1008 986/986/986 993/993/993
f 1002/1002/1002 986/986/986 1009/1009/1009
f 995/995/995 1002/1002/1002 1010/1010/1010
f 1004/1004/1004 989/989/989 1003/1003/1003
f 1003/1003/1003 996/996/996 1011/1011/1011
f 1011/1011/1011 996/996/996 1001/1001/1001
f 1482/1482/1482 1508/1508/1508 1528/1528/1528
f 1480/1480/1480 1507/1507/1507 1508/1508/1508
f 1483/1483/1483 1527/1527/1527 1507/1507/1507
f 1488/1488/1488 1478/1478/1478 1526/1526/1526
f 1495/1495/1495 1494/1494/1494 1488/1488/1488
f 1478/1478/1478 1506/1506/1506 1525/1525/1525
f 1509/1509/1509 1506/1506/1506 1481/1481/1481
f 1477/1477/1477 1524/1524/1524 1497/1497/1497
f 1493/1493/1493 1523/1523/1523 1505/1505/1505
f 1505/1505/1505 1522/1522/1522 1477/1477/1477
f 1521/1521/1521 1504/1504/1504 1492/1492/1492
f 1520/1520/1520 1474/1474/1474 1504/1504/1504
f 1474/1474/1474 1520/1520/1520 1493/1493/1493
f 1503/1503/1503 1519/1519/1519 1472/1472/1472
f 1491/1491/1491 1490/1490/1490 1503/1503/1503
f 1518/1518/1518 1503/1503/1503 1471/1471/1471
f 1012/1012/1012 991/991/991 1005/1005/1005
f 1471/1471/1471 1502/1502/1502 1517/1517/1517
f 1502/1502/1502 1488/1488/1488 1516/1516/1516
f 998/998/998 991/991/991 1012/1012/1012
f 1007/1007/1007 992/992/992 1006/1006/1006
f 1006/1006/1006 998/998/998 1012/1012/1012
f 999/999/999 1007/1007/1007 1006/1006/1006
f 1014/1014/1014 1000/1000/1000 999/999/999
f 1008/1008/1008 1000/1000/1000 1014/1014/1014
f 1469/1469/1469 1515/1515/1515 1500/1500/1500
f 1468/1468/1468 1500/1500/1500 1514/1514/1514
f 1501/1501/1501 1487/1487/1487 1468/1468/1468
f 1486/1486/1486 1499/1499/1499 1513/1513/1513
f 1513/1513/1513 1485/1485/1485 1486/1486/1486
f 1466/1466/1466 1501/1501/1501 1498/1498/1498
f 1467/1467/1467 1498/1498/1498 1499/1499/1499
f 1451/1451/1451 1497/1497/1497 1512/1512/1512
f 995/995/995 1015/1015/1015 1001/1001/1001
f 986/986/986 1008/1008/1008 1014/1014/1014
f 1009/1009/1009 986/986/986 1014/1014/1014
f 1009/1009/1009 1010/1010/1010 1002/1002/1002
f 1010/1010/1010 1016/1016/1016 995/995/995
f 1017/1017/1017 1004/1004/1004 1003/1003/1003
f 1018/1018/1018 1003/1003/1003 1011/1011/1011
f 1011/1011/1011 1001/1001/1001 1019/1019/1019
f 1451/1451/1451 1511/1511/1511 1496/1496/1496
f 1496/1496/1496 1510/1510/1510 1483/1483/1483
f 1481/1481/1481 1482/1482/1482 1509/1509/1509
f 1508/1508/1508 1482/1482/1482 1480/1480/1480
f 1507/1507/1507 1480/1480/1480 1483/1483/1483
f 1479/1479/1479 1495/1495/1495 1488/1488/1488
f 1494/1494/1494 1478/1478/1478 1488/1488/1488
f 1494/1494/1494 1495/1495/1495 1447/1447/1447
f 1506/1506/1506 1478/1478/1478 1481/1481/1481
f 1497/1497/1497 1484/1484/1484 1477/1477/1477
f 1505/1505/1505 1475/1475/1475 1493/1493/1493
f 1475/1475/1475 1505/1505/1505 1477/1477/1477
f 1504/1504/1504 1474/1474/1474 1492/1492/1492
f 1493/1493/1493 1476/1476/1476 1474/1474/1474
f 1012/1012/1012 1005/1005/1005 1020/1020/1020
f 1005/1005/1005 1013/1013/1013 1021/1021/1021
f 1461/1461/1461 1473/1473/1473 1492/1492/1492
f 1472/1472/1472 1491/1491/1491 1503/1503/1503
f 1006/1006/1006 1012/1012/1012 1023/1023/1023
f 1024/1024/1024 999/999/999 1006/1006/1006
f 1014/1014/1014 999/999/999 1024/1024/1024
f 1458/1458/1458 1490/1490/1490 1491/1491/1491
f 1490/1490/1490 1471/1471/1471 1503/1503/1503
f 1471/1471/1471 1489/1489/1489 1502/1502/1502
f 1489/1489/1489 1457/1457/1457 1502/1502/1502
f 1488/1488/1488 1470/1470/1470 1479/1479/1479
f 1457/1457/1457 1488/1488/1488 1502/1502/1502
f 1015/1015/1015 995/995/995 1025/1025/1025
f 1019/1019/1019 1001/1001/1001 1015/1015/1015
f 1009/1009/1009 1014/1014/1014 1026/1026/1026
f 1010/1010/1010 1009/1009/1009 1026/1026/1026
f 1027/1027/1027 1016/1016/1016 1010/1010/1010
f 1025/1025/1025 995/995/995 1016/1016/1016
f 1017/1017/1017 1003/1003/1003 1018/1018/1018
f 1018/1018/1018 1011/1011/1011 1028/1028/1028
f 1019/1019/1019 1028/1028/1028 1011/1011/1011
f 1487/1487/1487 1501/1501/1501 1466/1466/1466
f 1469/1469/1469 1500/1500/1500 1468/1468/1468
f 1487/1487/1487 1456/1456/1456 1468/1468/1468
f 1486/1486/1486 1467/1467/1467 1499/1499/1499
f 1486/1486/1486 1485/1485/1485 1453/1453/1453
f 1467/1467/1467 1466/1466/1466 1498/1498/1498
f 1484/1484/1484 1497/1497/1497 1451/1451/1451
f 1020/1020/1020 1005/1005/1005 1021/1021/1021
f 1023/1023/1023 1012/1012/1012 1020/1020/1020
f 1022/1022/1022 1021/1021/1021 1013/1013/1013
f 1450/1450/1450 1451/1451/1451 1496/1496/1496
f 1029/1029/1029 1006/1006/1006 1023/1023/1023
f 1024/1024/1024 1006/1006/1006 1029/1029/1029
f 1014/1014/1014 1024/1024/1024 1030/1030/1030
f 1450/1450/1450 1496/1496/1496 1483/1483/1483
f 1464/1464/1464 1482/1482/1482 1481/1481/1481
f 1448/1448/1448 1480/1480/1480 1482/1482/1482
f 1463/1463/1463 1483/1483/1483 1480/1480/1480
f 1495/1495/1495 1479/1479/1479 1447/1447/1447
f 1478/1478/1478 1494/1494/1494 1447/1447/1447
f 1432/1432/1432 1481/1481/1481 1478/1478/1478
f 1462/1462/1462 1479/1479/1479 1470/1470/1470
f 1031/1031/1031 1015/1015/1015 1025/1025/1025
f 1019/1019/1019 1015/1015/1015 1031/1031/1031
f 1026/1026/1026 1014/1014/1014 1032/1032/1032
f 1010/1010/1010 1026/1026/1026 1033/1033/1033
f 1027/1027/1027 1010/1010/1010 1034/1034/1034
f 1025/1025/1025 1016/1016/1016 1027/1027/1027
f 1028/1028/1028 1035/1035/1035 1018/1018/1018
f 1028/1028/1028 1019/1019/1019 1031/1031/1031
f 1484/1484/1484 1452/1452/1452 1477/1477/1477
f 1493/1493/1493 1445/1445/1445 1476/1476/1476
f 1475/1475/1475 1445/1445/1445 1493/1493/1493
f 1020/1020/1020 1021/1021/1021 1036/1036/1036
f 1020/1020/1020 1037/1037/1037 1023/1023/1023
f 1038/1038/1038 1021/1021/1021 1022/1022/1022
f 1029/1029/1029 1023/1023/1023 1037/1037/1037
f 1030/1030/1030 1024/1024/1024 1029/1029/1029
f 1032/1032/1032 1014/1014/1014 1030/1030/1030
f 1477/1477/1477 1446/1446/1446 1475/1475/1475
f 1474/1474/1474 1461/1461/1461 1492/1492/1492
f 1476/1476/1476 1444/1444/1444 1474/1474/1474
f 1461/1461/1461 1443/1443/1443 1473/1473/1473
f 1472/1472/1472 1458/1458/1458 1491/1491/1491
f 1471/1471/1471 1490/1490/1490 1458/1458/1458
f 1471/1471/1471 1457/1457/1457 1489/1489/1489
f 1488/1488/1488 1457/1457/1457 1470/1470/1470
f 1039/1039/1039 1031/1031/1031 1025/1025/1025
f 1033/1033/1033 1026/1026/1026 1032/1032/1032
f 1034/1034/1034 1010/1010/1010 1033/1033/1033
f 1040/1040/1040 1027/1027/1027 1034/1034/1034
f 1027/1027/1027 1040/1040/1040 1025/1025/1025
f 1041/1041/1041 1035/1035/1035 1028/1028/1028
f 1042/1042/1042 1018/1018/1018 1035/1035/1035
f 1028/1028/1028 1031/1031/1031 1043/1043/1043
f 1456/1456/1456 1487/1487/1487 1466/1466/1466
f 1455/1455/1455 1469/1469/1469 1468/1468/1468
f 1437/1437/1437 1468/1468/1468 1456/1456/1456
f 1037/1037/1037 1020/1020/1020 1036/1036/1036
f 1021/1021/1021 1038/1038/1038 1036/1036/1036
f 1038/1038/1038 1022/1022/1022 1044/1044/1044
f 1029/1029/1029 1037/1037/1037 1045/1045/1045
f 1030/1030/1030 1029/1029/1029 1046/1046/1046
f 1032/1032/1032 1030/1030/1030 1046/1046/1046
f 1453/1453/1453 1467/1467/1467 1486/1486/1486
f 1454/1454/1454 1453/1453/1453 1485/1485/1485
f 1436/1436/1436 1466/1466/1466 1467/1467/1467
f 1452/1452/1452 1484/1484/1484 1451/1451/1451
f 1465/1465/1465 1451/1451/1451 1450/1450/1450
f 1483/1483/1483 1463/1463/1463 1450/1450/1450
f 1039/1039/1039 1025/1025/1025 1040/1040/1040
f 1043/1043/1043 1031/1031/1031 1039/1039/1039
f 1033/1033/1033 1032/1032/1032 1047/1047/1047
f 1034/1034/1034 1033/1033/1033 1047/1047/1047
f 1048/1048/1048 1040/1040/1040 1034/1034/1034
f 1043/1043/1043 1041/1041/1041 1028/1028/1028
f 1482/1482/1482 1464/1464/1464 1448/1448/1448
f 1432/1432/1432 1464/1464/1464 1481/1481/1481
f 1480/1480/1480 1448/1448/1448 1463/1463/1463
f 1037/1037/1037 1036/1036/1036 1049/1049/1049
f 1462/1462/1462 1447/1447/1447 1479/1479/1479
f 1447/1447/1447 1432/1432/1432 1478/1478/1478
f 1045/1045/1045 1037/1037/1037 1049/1049/1049
f 1045/1045/1045 1050/1050/1050 1029/1029/1029
f 1046/1046/1046 1029/1029/1029 1051/1051/1051
f 1032/1032/1032 1046/1046/1046 1052/1052/1052
f 1441/1441/1441 1462/1462/1462 1470/1470/1470
f 1446/1446/1446 1477/1477/1477 1452/1452/1452
f 1444/1444/1444 1476/1476/1476 1445/1445/1445
f 1445/1445/1445 1475/1475/1475 1446/1446/1446
f 1474/1474/1474 1444/1444/1444 1461/1461/1461
f 1443/1443/1443 1460/1460/1460 1473/1473/1473
f 1040/1040/1040 1053/1053/1053 1039/1039/1039
f 1054/1054/1054 1043/1043/1043 1039/1039/1039
f 1047/1047/1047 1032/1032/1032 1055/1055/1055
f 1047/1047/1047 1056/1056/1056 1034/1034/1034
f 1040/1040/1040 1048/1048/1048 1056/1056/1056
f 1048/1048/1048 1034/1034/1034 1056/1056/1056
f 1057/1057/1057 1041/1041/1041 1043/1043/1043
f 1461/1461/1461 1429/1429/1429 1443/1443/1443
f 1459/1459/1459 1442/1442/1442 1472/1472/1472
f 1442/1442/1442 1458/1458/1458 1472/1472/1472
f 1471/1471/1471 1458/1458/1458 1426/1426/1426
f 1426/1426/1426 1457/1457/1457 1471/1471/1471
f 1425/1425/1425 1470/1470/1470 1457/1457/1457
f 1049/1049/1049 1058/1058/1058 1045/1045/1045
f 1050/1050/1050 1045/1045/1045 1058/1058/1058
f 1051/1051/1051 1029/1029/1029 1050/1050/1050
f 1051/1051/1051 1059/1059/1059 1046/1046/1046
f 1032/1032/1032 1052/1052/1052 1060/1060/1060
f 1059/1059/1059 1052/1052/1052 1046/1046/1046
f 1470/1470/1470 1425/1425/1425 1441/1441/1441
f 1466/1466/1466 1439/1439/1439 1456/1456/1456
f 1438/1438/1438 1469/1469/1469 1455/1455/1455
f 1468/1468/1468 1437/1437/1437 1455/1455/1455
f 1456/1456/1456 1440/1440/1440 1437/1437/1437
f 1411/1411/1411 1454/1454/1454 1460/1460/1460
f 1453/1453/1453 1436/1436/1436 1467/1467/1467
f 1454/1454/1454 1420/1420/1420 1453/1453/1453
f 1439/1439/1439 1466/1466/1466 1435/1435/1435
f 1040/1040/1040 1061/1061/1061 1053/1053/1053
f 1062/1062/1062 1039/1039/1039 1053/1053/1053
f 1054/1054/1054 1039/1039/1039 1062/1062/1062
f 1054/1054/1054 1057/1057/1057 1043/1043/1043
f 1063/1063/1063 1047/1047/1047 1055/1055/1055
f 1055/1055/1055 1032/1032/1032 1060/1060/1060
f 1056/1056/1056 1047/1047/1047 1063/1063/1063
f 1056/1056/1056 1064/1064/1064 1040/1040/1040
f 1065/1065/1065 1041/1041/1041 1057/1057/1057
f 1435/1435/1435 1466/1466/1466 1436/1436/1436
f 1434/1434/1434 1452/1452/1452 1451/1451/1451
f 1417/1417/1417 1451/1451/1451 1465/1465/1465
f 1417/1417/1417 1465/1465/1465 1450/1450/1450
f 1433/1433/1433 1450/1450/1450 1463/1463/1463
f 1058/1058/1058 1049/1049/1049 1066/1066/1066
f 1051/1051/1051 1050/1050/1050 1058/1058/1058
f 1059/1059/1059 1051/1051/1051 1058/1058/1058
f 1060/1060/1060 1052/1052/1052 1067/1067/1067
f 1052/1052/1052 1059/1059/1059 1067/1067/1067
f 1463/1463/1463 1449/1449/1449 1433/1433/1433
f 1449/1449/1449 1463/1463/1463 1415/1415/1415
f 1432/1432/1432 1448/1448/1448 1464/1464/1464
f 1415/1415/1415 1463/1463/1463 1448/1448/1448
f 1414/1414/1414 1447/1447/1447 1462/1462/1462
f 1431/1431/1431 1432/1432/1432 1447/1447/1447
f 1462/1462/1462 1441/1441/1441 1414/1414/1414
f 1061/1061/1061 1040/1040/1040 1068/1068/1068
f 1061/1061/1061 1069/1069/1069 1053/1053/1053
f 1053/1053/1053 1069/1069/1069 1062/1062/1062
f 1062/1062/1062 1057/1057/1057 1054/1054/1054
f 1070/1070/1070 1063/1063/1063 1055/1055/1055
f 1055/1055/1055 1060/1060/1060 1071/1071/1071
f 1056/1056/1056 1063/1063/1063 1070/1070/1070
f 1068/1068/1068 1064/1064/1064 1056/1056/1056
f 1068/1068/1068 1040/1040/1040 1064/1064/1064
f 1065/1065/1065 1057/1057/1057 1072/1072/1072
f 1452/1452/1452 1418/1418/1418 1446/1446/1446
f 1445/1445/1445 1430/1430/1430 1444/1444/1444
f 1446/1446/1446 1413/1413/1413 1445/1445/1445
f 1461/1461/1461 1444/1444/1444 1429/1429/1429
f 1443/1443/1443 1411/1411/1411 1460/1460/1460
f 1066/1066/1066 1049/1049/1049 1073/1073/1073
f 1058/1058/1058 1066/1066/1066 1073/1073/1073
f 1058/1058/1058 1074/1074/1074 1059/1059/1059
f 1060/1060/1060 1067/1067/1067 1075/1075/1075
f 1067/1067/1067 1059/1059/1059 1074/1074/1074
f 1443/1443/1443 1429/1429/1429 1428/1428/1428
f 1442/1442/1442 1427/1427/1427 1458/1458/1458
f 1427/1427/1427 1426/1426/1426 1458/1458/1458
f 1457/1457/1457 1426/1426/1426 1425/1425/1425
f 1424/1424/1424 1441/1441/1441 1425/1425/1425
f 1423/1423/1423 1440/1440/1440 1456/1456/1456
f 1439/1439/1439 1423/1423/1423 1456/1456/1456
f 1061/1061/1061 1068/1068/1068 1076/1076/1076
f 1061/1061/1061 1077/1077/1077 1069/1069/1069
f 1069/1069/1069 1078/1078/1078 1062/1062/1062
f 1062/1062/1062 1072/1072/1072 1057/1057/1057
f 1070/1070/1070 1055/1055/1055 1079/1079/1079
f 1071/1071/1071 1080/1080/1080 1055/1055/1055
f 1075/1075/1075 1071/1071/1071 1060/1060/1060
f 1070/1070/1070 1076/1076/1076 1056/1056/1056
f 1068/1068/1068 1056/1056/1056 1076/1076/1076
f 1065/1065/1065 1072/1072/1072 1081/1081/1081
f 1455/1455/1455 1422/1422/1422 1438/1438/1438
f 1422/1422/1422 1455/1455/1455 1421/1421/1421
f 1421/1421/1421 1455/1455/1455 1437/1437/1437
f 1440/1440/1440 1407/1407/1407 1437/1437/1437
f 1420/1420/1420 1454/1454/1454 1411/1411/1411
f 1453/1453/1453 1419/1419/1419 1436/1436/1436
f 1420/1420/1420 1419/1419/1419 1453/1453/1453
f 1082/1082/1082 1058/1058/1058 1073/1073/1073
f 1074/1074/1074 1058/1058/1058 1083/1083/1083
f 1083/1083/1083 1075/1075/1075 1067/1067/1067
f 1067/1067/1067 1074/1074/1074 1083/1083/1083
f 1435/1435/1435 1393/1393/1393 1439/1439/1439
f 1405/1405/1405 1435/1435/1435 1436/1436/1436
f 1418/1418/1418 1452/1452/1452 1434/1434/1434
f 1434/1434/1434 1451/1451/1451 1417/1417/1417
f 1450/1450/1450 1433/1433/1433 1417/1417/1417
f 1449/1449/1449 1416/1416/1416 1433/1433/1433
f 1416/1416/1416 1449/1449/1449 1415/1415/1415
f 1076/1076/1076 1084/1084/1084 1061/1061/1061
f 1077/1077/1077 1061/1061/1061 1085/1085/1085
f 1086/1086/1086 1069/1069/1069 1077/1077/1077
f 1086/1086/1086 1078/1078/1078 1069/1069/1069
f 1078/1078/1078 1072/1072/1072 1062/1062/1062
f 1080/1080/1080 1079/1079/1079 1055/1055/1055
f 1070/1070/1070 1079/1079/1079 1087/1087/1087
f 1080/1080/1080 1071/1071/1071 1088/1088/1088
f 1071/1071/1071 1075/1075/1075 1089/1089/1089
f 1076/1076/1076 1070/1070/1070 1087/1087/1087
f 1081/1081/1081 1072/1072/1072 1078/1078/1078
f 1415/1415/1415 1448/1448/1448 1432/1432/1432
f 1414/1414/1414 1431/1431/1431 1447/1447/1447
f 1432/1432/1432 1431/1431/1431 1402/1402/1402
f 1409/1409/1409 1414/1414/1414 1441/1441/1441
f 1413/1413/1413 1446/1446/1446 1418/1418/1418
f 1430/1430/1430 1399/1399/1399 1444/1444/1444
f 1082/1082/1082 1083/1083/1083 1058/1058/1058
f 1413/1413/1413 1430/1430/1430 1445/1445/1445
f 1075/1075/1075 1083/1083/1083 1089/1089/1089
f 1444/1444/1444 1399/1399/1399 1429/1429/1429
f 1398/1398/1398 1428/1428/1428 1429/1429/1429
f 1443/1443/1443 1428/1428/1428 1411/1411/1411
f 1412/1412/1412 1397/1397/1397 1428/1428/1428
f 1396/1396/1396 1426/1426/1426 1427/1427/1427
f 1410/1410/1410 1425/1425/1425 1426/1426/1426
f 1381/1381/1381 1424/1424/1424 1425/1425/1425
f 1424/1424/1424 1409/1409/1409 1441/1441/1441
f 1090/1090/1090 1084/1084/1084 1076/1076/1076
f 1085/1085/1085 1061/1061/1061 1084/1084/1084
f 1091/1091/1091 1077/1077/1077 1085/1085/1085
f 1077/1077/1077 1092/1092/1092 1086/1086/1086
f 1093/1093/1093 1079/1079/1079 1080/1080/1080
f 1087/1087/1087 1079/1079/1079 1093/1093/1093
f 1094/1094/1094 1080/1080/1080 1088/1088/1088
f 1095/1095/1095 1088/1088/1088 1071/1071/1071
f 1071/1071/1071 1089/1089/1089 1095/1095/1095
f 1087/1087/1087 1090/1090/1090 1076/1076/1076
f 1423/1423/1423 1407/1407/1407 1440/1440/1440
f 1393/1393/1393 1423/1423/1423 1439/1439/1439
f 1408/1408/1408 1438/1438/1438 1422/1422/1422
f 1421/1421/1421 1391/1391/1391 1422/1422/1422
f 1407/1407/1407 1421/1421/1421 1437/1437/1437
f 1420/1420/1420 1411/1411/1411 1406/1406/1406
f 1436/1436/1436 1419/1419/1419 1405/1405/1405
f 1378/1378/1378 1419/1419/1419 1420/1420/1420
f 1405/1405/1405 1393/1393/1393 1435/1435/1435
f 1404/1404/1404 1418/1418/1418 1434/1434/1434
f 1404/1404/1404 1434/1434/1434 1417/1417/1417
f 1403/1403/1403 1417/1417/1417 1433/1433/1433
f 1403/1403/1403 1433/1433/1433 1416/1416/1416
f 1387/1387/1387 1416/1416/1416 1415/1415/1415
f 1402/1402/1402 1415/1415/1415 1432/1432/1432
f 1431/1431/1431 1414/1414/1414 1401/1401/1401
f 1401/1401/1401 1402/1402/1402 1431/1431/1431
f 1096/1096/1096 1084/1084/1084 1090/1090/1090
f 1084/1084/1084 1096/1096/1096 1085/1085/1085
f 1096/1096/1096 1091/1091/1091 1085/1085/1085
f 1092/1092/1092 1077/1077/1077 1091/1091/1091
f 1097/1097/1097 1086/1086/1086 1092/1092/1092
f 1093/1093/1093 1080/1080/1080 1094/1094/1094
f 1087/1087/1087 1093/1093/1093 1094/1094/1094
f 1094/1094/1094 1088/1088/1088 1098/1098/1098
f 1088/1088/1088 1095/1095/1095 1099/1099/1099
f 1414/1414/1414 1409/1409/1409 1386/1386/1386
f 1090/1090/1090 1087/1087/1087 1100/1100/1100
f 1418/1418/1418 1385/1385/1385 1413/1413/1413
f 1399/1399/1399 1430/1430/1430 1413/1413/1413
f 1429/1429/1429 1399/1399/1399 1398/1398/1398
f 1398/1398/1398 1412/1412/1412 1428/1428/1428
f 1428/1428/1428 1397/1397/1397 1411/1411/1411
f 1412/1412/1412 1383/1383/1383 1397/1397/1397
f 1426/1426/1426 1396/1396/1396 1410/1410/1410
f 1425/1425/1425 1410/1410/1410 1381/1381/1381
f 1355/1355/1355 1394/1394/1394 1410/1410/1410
f 1381/1381/1381 1409/1409/1409 1424/1424/1424
f 1392/1392/1392 1407/1407/1407 1423/1423/1423
f 1393/1393/1393 1392/1392/1392 1423/1423/1423
f 1391/1391/1391 1408/1408/1408 1422/1422/1422
f 1090/1090/1090 1101/1101/1101 1096/1096/1096
f 1096/1096/1096 1102/1102/1102 1091/1091/1091
f 1103/1103/1103 1092/1092/1092 1091/1091/1091
f 1097/1097/1097 1092/1092/1092 1103/1103/1103
f 1100/1100/1100 1087/1087/1087 1094/1094/1094
f 1098/1098/1098 1088/1088/1088 1104/1104/1104
f 1098/1098/1098 1105/1105/1105 1094/1094/1094
f 1088/1088/1088 1099/1099/1099 1104/1104/1104
f 1099/1099/1099 1095/1095/1095 1106/1106/1106
f 1407/1407/1407 1391/1391/1391 1421/1421/1421
f 1107/1107/1107 1090/1090/1090 1100/1100/1100
f 1411/1411/1411 1379/1379/1379 1406/1406/1406
f 1406/1406/1406 1378/1378/1378 1420/1420/1420
f 1419/1419/1419 1378/1378/1378 1405/1405/1405
f 1393/1393/1393 1405/1405/1405 1390/1390/1390
f 1389/1389/1389 1400/1400/1400 1409/1409/1409
f 1385/1385/1385 1418/1418/1418 1404/1404/1404
f 1417/1417/1417 1388/1388/1388 1404/1404/1404
f 1388/1388/1388 1417/1417/1417 1403/1403/1403
f 1387/1387/1387 1403/1403/1403 1416/1416/1416
f 1415/1415/1415 1402/1402/1402 1387/1387/1387
f 1386/1386/1386 1401/1401/1401 1414/1414/1414
f 1361/1361/1361 1402/1402/1402 1401/1401/1401
f 1400/1400/1400 1386/1386/1386 1409/1409/1409
f 1385/1385/1385 1399/1399/1399 1413/1413/1413
f 1399/1399/1399 1373/1373/1373 1398/1398/1398
f 1398/1398/1398 1384/1384/1384 1412/1412/1412
f 1101/1101/1101 1090/1090/1090 1108/1108/1108
f 1102/1102/1102 1096/1096/1096 1101/1101/1101
f 1102/1102/1102 1109/1109/1109 1091/1091/1091
f 1109/1109/1109 1103/1103/1103 1091/1091/1091
f 1100/1100/1100 1094/1094/1094 1110/1110/1110
f 1384/1384/1384 1383/1383/1383 1412/1412/1412
f 1397/1397/1397 1379/1379/1379 1411/1411/1411
f 1105/1105/1105 1111/1111/1111 1094/1094/1094
f 1383/1383/1383 1372/1372/1372 1397/1397/1397
f 1395/1395/1395 1394/1394/1394 1355/1355/1355
f 1355/1355/1355 1410/1410/1410 1396/1396/1396
f 1394/1394/1394 1395/1395/1395 1354/1354/1354
f 1112/1112/1112 1107/1107/1107 1100/1100/1100
f 1107/1107/1107 1113/1113/1113 1090/1090/1090
f 1394/1394/1394 1381/1381/1381 1410/1410/1410
f 1409/1409/1409 1381/1381/1381 1389/1389/1389
f 1392/1392/1392 1369/1369/1369 1407/1407/1407
f 1393/1393/1393 1370/1370/1370 1392/1392/1392
f 1391/1391/1391 1380/1380/1380 1408/1408/1408
f 1369/1369/1369 1391/1391/1391 1407/1407/1407
f 1379/1379/1379 1378/1378/1378 1406/1406/1406
f 1378/1378/1378 1390/1390/1390 1405/1405/1405
f 1390/1390/1390 1377/1377/1377 1393/1393/1393
f 1364/1364/1364 1400/1400/1400 1389/1389/1389
f 1375/1375/1375 1385/1385/1385 1404/1404/1404
f 1375/1375/1375 1404/1404/1404 1388/1388/1388
f 1362/1362/1362 1388/1388/1388 1403/1403/1403
f 1362/1362/1362 1403/1403/1403 1387/1387/1387
f 1402/1402/1402 1361/1361/1361 1387/1387/1387
f 1386/1386/1386 1361/1361/1361 1401/1401/1401
f 1108/1108/1108 1090/1090/1090 1113/1113/1113
f 1114/1114/1114 1101/1101/1101 1108/1108/1108
f 1101/1101/1101 1114/1114/1114 1102/1102/1102
f 1102/1102/1102 1115/1115/1115 1109/1109/1109
f 1103/1103/1103 1109/1109/1109 1116/1116/1116
f 1110/1110/1110 1112/1112/1112 1100/1100/1100
f 1110/1110/1110 1094/1094/1094 1111/1111/1111
f 1400/1400/1400 1364/1364/1364 1386/1386/1386
f 1373/1373/1373 1399/1399/1399 1385/1385/1385
f 1373/1373/1373 1384/1384/1384 1398/1398/1398
f 1117/1117/1117 1111/1111/1111 1105/1105/1105
f 1358/1358/1358 1383/1383/1383 1384/1384/1384
f 1357/1357/1357 1372/1372/1372 1383/1383/1383
f 1372/1372/1372 1379/1379/1379 1397/1397/1397
f 1107/1107/1107 1112/1112/1112 1118/1118/1118
f 1119/1119/1119 1113/1113/1113 1107/1107/1107
f 1382/1382/1382 1395/1395/1395 1355/1355/1355
f 1382/1382/1382 1354/1354/1354 1395/1395/1395
f 1354/1354/1354 1381/1381/1381 1394/1394/1394
f 1353/1353/1353 1389/1389/1389 1381/1381/1381
f 1353/1353/1353 1376/1376/1376 1389/1389/1389
f 1393/1393/1393 1377/1377/1377 1370/1370/1370
f 1392/1392/1392 1370/1370/1370 1369/1369/1369
f 1369/1369/1369 1380/1380/1380 1391/1391/1391
f 1365/1365/1365 1378/1378/1378 1379/1379/1379
f 1349/1349/1349 1390/1390/1390 1378/1378/1378
f 1390/1390/1390 1349/1349/1349 1377/1377/1377
f 1376/1376/1376 1364/1364/1364 1389/1389/1389
f 1359/1359/1359 1385/1385/1385 1348/1348/1348
f 1348/1348/1348 1385/1385/1385 1375/1375/1375
f 1108/1108/1108 1113/1113/1113 1119/1119/1119
f 1108/1108/1108 1120/1120/1120 1114/1114/1114
f 1121/1121/1121 1102/1102/1102 1114/1114/1114
f 1115/1115/1115 1102/1102/1102 1121/1121/1121
f 1112/1112/1112 1110/1110/1110 1118/1118/1118
f 1110/1110/1110 1111/1111/1111 1117/1117/1117
f 1388/1388/1388 1362/1362/1362 1375/1375/1375
f 1374/1374/1374 1362/1362/1362 1387/1387/1387
f 1387/1387/1387 1361/1361/1361 1374/1374/1374
f 1364/1364/1364 1361/1361/1361 1386/1386/1386
f 1385/1385/1385 1359/1359/1359 1373/1373/1373
f 1358/1358/1358 1384/1384/1384 1373/1373/1373
f 1357/1357/1357 1383/1383/1383 1358/1358/1358
f 1122/1122/1122 1107/1107/1107 1118/1118/1118
f 1119/1119/1119 1107/1107/1107 1122/1122/1122
f 1357/1357/1357 1356/1356/1356 1372/1372/1372
f 1372/1372/1372 1345/1345/1345 1379/1379/1379
f 1371/1371/1371 1382/1382/1382 1355/1355/1355
f 1382/1382/1382 1371/1371/1371 1354/1354/1354
f 1381/1381/1381 1354/1354/1354 1353/1353/1353
f 1363/1363/1363 1376/1376/1376 1353/1353/1353
f 1377/1377/1377 1350/1350/1350 1370/1370/1370
f 1370/1370/1370 1342/1342/1342 1369/1369/1369
f 1369/1369/1369 1352/1352/1352 1380/1380/1380
f 1366/1366/1366 1339/1339/1339 1367/1367/1367
f 1345/1345/1345 1365/1365/1365 1379/1379/1379
f 1365/1365/1365 1349/1349/1349 1378/1378/1378
f 1349/1349/1349 1350/1350/1350 1377/1377/1377
f 1123/1123/1123 1108/1108/1108 1119/1119/1119
f 1108/1108/1108 1123/1123/1123 1120/1120/1120
f 1121/1121/1121 1114/1114/1114 1120/1120/1120
f 1124/1124/1124 1115/1115/1115 1121/1121/1121
f 1118/1118/1118 1110/1110/1110 1117/1117/1117
f 1376/1376/1376 1336/1336/1336 1364/1364/1364
f 1376/1376/1376 1363/1363/1363 1336/1336/1336
f 1360/1360/1360 1359/1359/1359 1348/1348/1348
f 1348/1348/1348 1375/1375/1375 1362/1362/1362
f 1323/1323/1323 1362/1362/1362 1374/1374/1374
f 1323/1323/1323 1374/1374/1374 1361/1361/1361
f 1347/1347/1347 1361/1361/1361 1364/1364/1364
f 1333/1333/1333 1359/1359/1359 1360/1360/1360
f 1122/1122/1122 1118/1118/1118 1126/1126/1126
f 1127/1127/1127 1119/1119/1119 1122/1122/1122
f 1332/1332/1332 1373/1373/1373 1359/1359/1359
f 1373/1373/1373 1332/1332/1332 1358/1358/1358
f 1358/1358/1358 1346/1346/1346 1357/1357/1357
f 1321/1321/1321 1356/1356/1356 1357/1357/1357
f 1356/1356/1356 1345/1345/1345 1372/1372/1372
f 1344/1344/1344 1353/1353/1353 1354/1354/1354
f 1343/1343/1343 1363/1363/1363 1353/1353/1353
f 1350/1350/1350 1342/1342/1342 1370/1370/1370
f 1369/1369/1369 1342/1342/1342 1352/1352/1352
f 1368/1368/1368 1340/1340/1340 1341/1341/1341
f 1339/1339/1339 1351/1351/1351 1367/1367/1367
f 1339/1339/1339 1366/1366/1366 1338/1338/1338
f 1345/1345/1345 1328/1328/1328 1365/1365/1365
f 1123/1123/1123 1119/1119/1119 1127/1127/1127
f 1123/1123/1123 1128/1128/1128 1120/1120/1120
f 1129/1129/1129 1121/1121/1121 1120/1120/1120
f 1121/1121/1121 1129/1129/1129 1124/1124/1124
f 1125/1125/1125 1118/1118/1118 1117/1117/1117
f 1328/1328/1328 1349/1349/1349 1365/1365/1365
f 1327/1327/1327 1350/1350/1350 1349/1349/1349
f 1337/1337/1337 1329/1329/1329 1350/1350/1350
f 1364/1364/1364 1336/1336/1336 1347/1347/1347
f 1343/1343/1343 1336/1336/1336 1363/1363/1363
f 1335/1335/1335 1360/1360/1360 1348/1348/1348
f 1323/1323/1323 1348/1348/1348 1362/1362/1362
f 1126/1126/1126 1118/1118/1118 1130/1130/1130
f 1131/1131/1131 1122/1122/1122 1126/1126/1126
f 1127/1127/1127 1122/1122/1122 1132/1132/1132
f 1361/1361/1361 1347/1347/1347 1323/1323/1323
f 1333/1333/1333 1360/1360/1360 1335/1335/1335
f 1333/1333/1333 1332/1332/1332 1359/1359/1359
f 1346/1346/1346 1358/1358/1358 1332/1332/1332
f 1321/1321/1321 1357/1357/1357 1346/1346/1346
f 1356/1356/1356 1321/1321/1321 1345/1345/1345
f 1353/1353/1353 1344/1344/1344 1330/1330/1330
f 1330/1330/1330 1343/1343/1343 1353/1353/1353
f 1329/1329/1329 1342/1342/1342 1350/1350/1350
f 1319/1319/1319 1352/1352/1352 1342/1342/1342
f 1133/1133/1133 1123/1123/1123 1127/1127/1127
f 1123/1123/1123 1133/1133/1133 1128/1128/1128
f 1129/1129/1129 1120/1120/1120 1128/1128/1128
f 1134/1134/1134 1124/1124/1124 1129/1129/1129
f 1130/1130/1130 1118/1118/1118 1125/1125/1125
f 1317/1317/1317 1341/1341/1341 1340/1340/1340
f 1316/1316/1316 1351/1351/1351 1339/1339/1339
f 1338/1338/1338 1315/1315/1315 1339/1339/1339
f 1331/1331/1331 1328/1328/1328 1345/1345/1345
f 1328/1328/1328 1326/1326/1326 1349/1349/1349
f 1327/1327/1327 1337/1337/1337 1350/1350/1350
f 1326/1326/1326 1327/1327/1327 1349/1349/1349
f 1337/1337/1337 1325/1325/1325 1329/1329/1329
f 1130/1130/1130 1135/1135/1135 1126/1126/1126
f 1132/1132/1132 1122/1122/1122 1131/1131/1131
f 1131/1131/1131 1126/1126/1126 1135/1135/1135
f 1136/1136/1136 1127/1127/1127 1132/1132/1132
f 1347/1347/1347 1336/1336/1336 1311/1311/1311
f 1336/1336/1336 1343/1343/1343 1310/1310/1310
f 1311/1311/1311 1334/1334/1334 1347/1347/1347
f 1335/1335/1335 1348/1348/1348 1323/1323/1323
f 1334/1334/1334 1323/1323/1323 1347/1347/1347
f 1309/1309/1309 1333/1333/1333 1335/1335/1335
f 1322/1322/1322 1332/1332/1332 1333/1333/1333
f 1307/1307/1307 1346/1346/1346 1332/1332/1332
f 1307/1307/1307 1321/1321/1321 1346/1346/1346
f 1321/1321/1321 1331/1331/1331 1345/1345/1345
f 1137/1137/1137 1133/1133/1133 1127/1127/1127
f 1134/1134/1134 1128/1128/1128 1133/1133/1133
f 1134/1134/1134 1129/1129/1129 1128/1128/1128
f 1138/1138/1138 1130/1130/1130 1125/1125/1125
f 1330/1330/1330 1310/1310/1310 1343/1343/1343
f 1342/1342/1342 1329/1329/1329 1319/1319/1319
f 1317/1317/1317 1318/1318/1318 1341/1341/1341
f 1317/1317/1317 1340/1340/1340 1316/1316/1316
f 1316/1316/1316 1339/1339/1339 1315/1315/1315
f 1314/1314/1314 1315/1315/1315 1338/1338/1338
f 1331/1331/1331 1302/1302/1302 1328/1328/1328
f 1313/1313/1313 1326/1326/1326 1328/1328/1328
f 1301/1301/1301 1337/1337/1337 1327/1327/1327
f 1130/1130/1130 1138/1138/1138 1135/1135/1135
f 1132/1132/1132 1131/1131/1131 1139/1139/1139
f 1135/1135/1135 1139/1139/1139 1131/1131/1131
f 1127/1127/1127 1136/1136/1136 1137/1137/1137
f 1136/1136/1136 1132/1132/1132 1140/1140/1140
f 1312/1312/1312 1327/1327/1327 1326/1326/1326
f 1300/1300/1300 1325/1325/1325 1337/1337/1337
f 1329/1329/1329 1325/1325/1325 1305/1305/1305
f 1324/1324/1324 1300/1300/1300 1337/1337/1337
f 1301/1301/1301 1324/1324/1324 1337/1337/1337
f 1336/1336/1336 1310/1310/1310 1311/1311/1311
f 1334/1334/1334 1311/1311/1311 1298/1298/1298
f 1309/1309/1309 1335/1335/1335 1323/1323/1323
f 1133/1133/1133 1137/1137/1137 1134/1134/1134
f 1323/1323/1323 1334/1334/1334 1298/1298/1298
f 1333/1333/1333 1308/1308/1308 1322/1322/1322
f 1308/1308/1308 1333/1333/1333 1309/1309/1309
f 1307/1307/1307 1332/1332/1332 1322/1322/1322
f 1296/1296/1296 1321/1321/1321 1307/1307/1307
f 1302/1302/1302 1331/1331/1331 1321/1321/1321
f 1320/1320/1320 1306/1306/1306 1330/1330/1330
f 1306/1306/1306 1310/1310/1310 1330/1330/1330
f 1305/1305/1305 1319/1319/1319 1329/1329/1329
f 1318/1318/1318 1317/1317/1317 1293/1293/1293
f 1292/1292/1292 1317/1317/1317 1316/1316/1316
f 1139/1139/1139 1141/1141/1141 1132/1132/1132
f 1139/1139/1139 1135/1135/1135 1142/1142/1142
f 1143/1143/1143 1137/1137/1137 1136/1136/1136
f 1140/1140/1140 1132/1132/1132 1141/1141/1141
f 1140/1140/1140 1144/1144/1144 1136/1136/1136
f 1315/1315/1315 1291/1291/1291 1316/1316/1316
f 1315/1315/1315 1314/1314/1314 1303/1303/1303
f 1302/1302/1302 1313/1313/1313 1328/1328/1328
f 1313/1313/1313 1289/1289/1289 1326/1326/1326
f 1312/1312/1312 1301/1301/1301 1327/1327/1327
f 1289/1289/1289 1312/1312/1312 1326/1326/1326
f 1300/1300/1300 1305/1305/1305 1325/1325/1325
f 1300/1300/1300 1324/1324/1324 1301/1301/1301
f 1280/1280/1280 1311/1311/1311 1310/1310/1310
f 1137/1137/1137 1143/1143/1143 1134/1134/1134
f 1299/1299/1299 1298/1298/1298 1311/1311/1311
f 1323/1323/1323 1298/1298/1298 1309/1309/1309
f 1288/1288/1288 1322/1322/1322 1308/1308/1308
f 1279/1279/1279 1308/1308/1308 1309/1309/1309
f 1288/1288/1288 1307/1307/1307 1322/1322/1322
f 1297/1297/1297 1296/1296/1296 1307/1307/1307
f 1321/1321/1321 1296/1296/1296 1302/1302/1302
f 1276/1276/1276 1306/1306/1306 1320/1320/1320
f 1306/1306/1306 1295/1295/1295 1310/1310/1310
f 1142/1142/1142 1141/1141/1141 1139/1139/1139
f 1145/1145/1145 1142/1142/1142 1135/1135/1135
f 1136/1136/1136 1146/1146/1146 1143/1143/1143
f 1147/1147/1147 1140/1140/1140 1141/1141/1141
f 1136/1136/1136 1144/1144/1144 1148/1148/1148
f 1149/1149/1149 1144/1144/1144 1140/1140/1140
f 1319/1319/1319 1305/1305/1305 1294/1294/1294
f 1318/1318/1318 1293/1293/1293 1304/1304/1304
f 1317/1317/1317 1292/1292/1292 1293/1293/1293
f 1292/1292/1292 1316/1316/1316 1291/1291/1291
f 1315/1315/1315 1303/1303/1303 1291/1291/1291
f 1303/1303/1303 1314/1314/1314 1290/1290/1290
f 1289/1289/1289 1313/1313/1313 1302/1302/1302
f 1150/1150/1150 1134/1134/1134 1143/1143/1143
f 1301/1301/1301 1312/1312/1312 1289/1289/1289
f 1285/1285/1285 1305/1305/1305 1300/1300/1300
f 1301/1301/1301 1269/1269/1269 1300/1300/1300
f 1280/1280/1280 1299/1299/1299 1311/1311/1311
f 1310/1310/1310 1295/1295/1295 1280/1280/1280
f 1298/1298/1298 1299/1299/1299 1281/1281/1281
f 1279/1279/1279 1309/1309/1309 1298/1298/1298
f 1145/1145/1145 1141/1141/1141 1142/1142/1142
f 1143/1143/1143 1146/1146/1146 1150/1150/1150
f 1148/1148/1148 1146/1146/1146 1136/1136/1136
f 1149/1149/1149 1140/1140/1140 1147/1147/1147
f 1147/1147/1147 1141/1141/1141 1151/1151/1151
f 1149/1149/1149 1148/1148/1148 1144/1144/1144
f 1279/1279/1279 1288/1288/1288 1308/1308/1308
f 1297/1297/1297 1307/1307/1307 1288/1288/1288
f 1267/1267/1267 1296/1296/1296 1297/1297/1297
f 1287/1287/1287 1302/1302/1302 1296/1296/1296
f 1276/1276/1276 1295/1295/1295 1306/1306/1306
f 1305/1305/1305 1285/1285/1285 1294/1294/1294
f 1304/1304/1304 1293/1293/1293 1274/1274/1274
f 1293/1293/1293 1292/1292/1292 1284/1284/1284
f 1292/1292/1292 1291/1291/1291 1273/1273/1273
f 1291/1291/1291 1303/1303/1303 1283/1283/1283
f 1283/1283/1283 1303/1303/1303 1290/1290/1290
f 1282/1282/1282 1302/1302/1302 1287/1287/1287
f 1145/1145/1145 1151/1151/1151 1141/1141/1141
f 1146/1146/1146 1152/1152/1152 1150/1150/1150
f 1153/1153/1153 1146/1146/1146 1148/1148/1148
f 1149/1149/1149 1147/1147/1147 1151/1151/1151
f 1154/1154/1154 1148/1148/1148 1149/1149/1149
f 1302/1302/1302 1282/1282/1282 1289/1289/1289
f 1269/1269/1269 1301/1301/1301 1289/1289/1289
f 1285/1285/1285 1300/1300/1300 1269/1269/1269
f 1281/1281/1281 1299/1299/1299 1280/1280/1280
f 1286/1286/1286 1280/1280/1280 1295/1295/1295
f 1281/1281/1281 1279/1279/1279 1298/1298/1298
f 1278/1278/1278 1288/1288/1288 1279/1279/1279
f 1267/1267/1267 1297/1297/1297 1288/1288/1288
f 1287/1287/1287 1296/1296/1296 1267/1267/1267
f 1277/1277/1277 1286/1286/1286 1295/1295/1295
f 1295/1295/1295 1276/1276/1276 1277/1277/1277
f 1153/1153/1153 1152/1152/1152 1146/1146/1146
f 1148/1148/1148 1154/1154/1154 1153/1153/1153
f 1156/1156/1156 1149/1149/1149 1151/1151/1151
f 1149/1149/1149 1157/1157/1157 1154/1154/1154
f 1285/1285/1285 1264/1264/1264 1294/1294/1294
f 1293/1293/1293 1284/1284/1284 1274/1274/1274
f 1284/1284/1284 1292/1292/1292 1273/1273/1273
f 1291/1291/1291 1283/1283/1283 1273/1273/1273
f 1290/1290/1290 1272/1272/1272 1283/1283/1283
f 1287/1287/1287 1271/1271/1271 1270/1270/1270
f 1287/1287/1287 1270/1270/1270 1282/1282/1282
f 1269/1269/1269 1289/1289/1289 1282/1282/1282
f 1275/1275/1275 1285/1285/1285 1269/1269/1269
f 1259/1259/1259 1281/1281/1281 1280/1280/1280
f 1266/1266/1266 1280/1280/1280 1286/1286/1286
f 1155/1155/1155 1156/1156/1156 1151/1151/1151
f 1268/1268/1268 1279/1279/1279 1281/1281/1281
f 1258/1258/1258 1278/1278/1278 1279/1279/1279
f 1158/1158/1158 1152/1152/1152 1153/1153/1153
f 1159/1159/1159 1153/1153/1153 1154/1154/1154
f 1156/1156/1156 1160/1160/1160 1149/1149/1149
f 1157/1157/1157 1149/1149/1149 1161/1161/1161
f 1159/1159/1159 1154/1154/1154 1157/1157/1157
f 1288/1288/1288 1278/1278/1278 1267/1267/1267
f 1271/1271/1271 1287/1287/1287 1267/1267/1267
f 1286/1286/1286 1277/1277/1277 1266/1266/1266
f 1243/1243/1243 1277/1277/1277 1276/1276/1276
f 1264/1264/1264 1285/1285/1285 1275/1275/1275
f 1263/1263/1263 1274/1274/1274 1284/1284/1284
f 1284/1284/1284 1273/1273/1273 1263/1263/1263
f 1273/1273/1273 1283/1283/1283 1262/1262/1262
f 1261/1261/1261 1262/1262/1262 1283/1283/1283
f 1272/1272/1272 1261/1261/1261 1283/1283/1283
f 1260/1260/1260 1270/1270/1270 1271/1271/1271
f 1162/1162/1162 1156/1156/1156 1155/1155/1155
f 1254/1254/1254 1282/1282/1282 1270/1270/1270
f 1282/1282/1282 1254/1254/1254 1269/1269/1269
f 1269/1269/1269 1257/1257/1257 1275/1275/1275
f 1158/1158/1158 1153/1153/1153 1159/1159/1159
f 1163/1163/1163 1149/1149/1149 1160/1160/1160
f 1160/1160/1160 1156/1156/1156 1162/1162/1162
f 1161/1161/1161 1149/1149/1149 1163/1163/1163
f 1164/1164/1164 1157/1157/1157 1161/1161/1161
f 1165/1165/1165 1159/1159/1159 1157/1157/1157
f 1259/1259/1259 1268/1268/1268 1281/1281/1281
f 1266/1266/1266 1259/1259/1259 1280/1280/1280
f 1279/1279/1279 1268/1268/1268 1258/1258/1258
f 1278/1278/1278 1258/1258/1258 1267/1267/1267
f 1252/1252/1252 1271/1271/1271 1267/1267/1267
f 1265/1265/1265 1275/1275/1275 1257/1257/1257
f 1243/1243/1243 1266/1266/1266 1277/1277/1277
f 1265/1265/1265 1250/1250/1250 1275/1275/1275
f 1275/1275/1275 1250/1250/1250 1264/1264/1264
f 1263/1263/1263 1256/1256/1256 1274/1274/1274
f 1273/1273/1273 1248/1248/1248 1263/1263/1263
f 1248/1248/1248 1273/1273/1273 1262/1262/1262
f 1262/1262/1262 1261/1261/1261 1247/1247/1247
f 1159/1159/1159 1165/1165/1165 1158/1158/1158
f 1163/1163/1163 1160/1160/1160 1162/1162/1162
f 1163/1163/1163 1162/1162/1162 1161/1161/1161
f 1167/1167/1167 1157/1157/1157 1164/1164/1164
f 1164/1164/1164 1161/1161/1161 1168/1168/1168
f 1169/1169/1169 1165/1165/1165 1157/1157/1157
f 1240/1240/1240 1261/1261/1261 1272/1272/1272
f 1260/1260/1260 1271/1271/1271 1252/1252/1252
f 1254/1254/1254 1270/1270/1270 1260/1260/1260
f 1257/1257/1257 1269/1269/1269 1254/1254/1254
f 1268/1268/1268 1259/1259/1259 1237/1237/1237
f 1253/1253/1253 1259/1259/1259 1266/1266/1266
f 1237/1237/1237 1258/1258/1258 1268/1268/1268
f 1258/1258/1258 1252/1252/1252 1267/1267/1267
f 1251/1251/1251 1265/1265/1265 1257/1257/1257
f 1243/1243/1243 1253/1253/1253 1266/1266/1266
f 1170/1170/1170 1158/1158/1158 1165/1165/1165
f 1161/1161/1161 1162/1162/1162 1168/1168/1168
f 1171/1171/1171 1157/1157/1157 1167/1167/1167
f 1167/1167/1167 1164/1164/1164 1172/1172/1172
f 1172/1172/1172 1164/1164/1164 1168/1168/1168
f 1170/1170/1170 1165/1165/1165 1169/1169/1169
f 1157/1157/1157 1173/1173/1173 1169/1169/1169
f 1265/1265/1265 1251/1251/1251 1250/1250/1250
f 1249/1249/1249 1264/1264/1264 1250/1250/1250
f 1263/1263/1263 1248/1248/1248 1256/1256/1256
f 1174/1174/1174 1162/1162/1162 1166/1166/1166
f 1262/1262/1262 1255/1255/1255 1248/1248/1248
f 1247/1247/1247 1255/1255/1255 1262/1262/1262
f 1247/1247/1247 1261/1261/1261 1240/1240/1240
f 1239/1239/1239 1260/1260/1260 1252/1252/1252
f 1162/1162/1162 1172/1172/1172 1168/1168/1168
f 1175/1175/1175 1157/1157/1157 1171/1171/1171
f 1171/1171/1171 1167/1167/1167 1176/1176/1176
f 1176/1176/1176 1167/1167/1167 1172/1172/1172
f 1170/1170/1170 1169/1169/1169 1173/1173/1173
f 1177/1177/1177 1173/1173/1173 1157/1157/1157
f 1239/1239/1239 1254/1254/1254 1260/1260/1260
f 1254/1254/1254 1246/1246/1246 1257/1257/1257
f 1178/1178/1178 1162/1162/1162 1174/1174/1174
f 1253/1253/1253 1237/1237/1237 1259/1259/1259
f 1252/1252/1252 1258/1258/1258 1237/1237/1237
f 1246/1246/1246 1244/1244/1244 1257/1257/1257
f 1251/1251/1251 1257/1257/1257 1244/1244/1244
f 1238/1238/1238 1253/1253/1253 1243/1243/1243
f 1172/1172/1172 1162/1162/1162 1178/1178/1178
f 1157/1157/1157 1175/1175/1175 1177/1177/1177
f 1175/1175/1175 1171/1171/1171 1176/1176/1176
f 1176/1176/1176 1172/1172/1172 1179/1179/1179
f 1173/1173/1173 1177/1177/1177 1170/1170/1170
f 1230/1230/1230 1250/1250/1250 1251/1251/1251
f 1178/1178/1178 1174/1174/1174 1180/1180/1180
f 1242/1242/1242 1249/1249/1249 1250/1250/1250
f 1256/1256/1256 1248/1248/1248 1241/1241/1241
f 1255/1255/1255 1234/1234/1234 1248/1248/1248
f 1255/1255/1255 1247/1247/1247 1234/1234/1234
f 1235/1235/1235 1247/1247/1247 1240/1240/1240
f 1252/1252/1252 1245/1245/1245 1239/1239/1239
f 1246/1246/1246 1254/1254/1254 1239/1239/1239
f 1253/1253/1253 1238/1238/1238 1237/1237/1237
f 1245/1245/1245 1252/1252/1252 1237/1237/1237
f 1178/1178/1178 1181/1181/1181 1172/1172/1172
f 1179/1179/1179 1172/1172/1172 1182/1182/1182
f 1176/1176/1176 1179/1179/1179 1183/1183/1183
f 1246/1246/1246 1232/1232/1232 1244/1244/1244
f 1181/1181/1181 1178/1178/1178 1180/1180/1180
f 1230/1230/1230 1251/1251/1251 1244/1244/1244
f 1236/1236/1236 1238/1238/1238 1243/1243/1243
f 1242/1242/1242 1250/1250/1250 1230/1230/1230
f 1222/1222/1222 1249/1249/1249 1242/1242/1242
f 1248/1248/1248 1234/1234/1234 1241/1241/1241
f 1247/1247/1247 1235/1235/1235 1234/1234/1234
f 1240/1240/1240 1233/1233/1233 1235/1235/1235
f 1225/1225/1225 1239/1239/1239 1245/1245/1245
f 1232/1232/1232 1246/1246/1246 1239/1239/1239
f 1224/1224/1224 1237/1237/1237 1238/1238/1238
f 1225/1225/1225 1245/1245/1245 1237/1237/1237
f 1230/1230/1230 1244/1244/1244 1232/1232/1232
f 1231/1231/1231 1238/1238/1238 1236/1236/1236
f 1222/1222/1222 1242/1242/1242 1230/1230/1230
f 1182/1182/1182 1172/1172/1172 1181/1181/1181
f 1183/1183/1183 1179/1179/1179 1182/1182/1182
f 1234/1234/1234 1228/1228/1228 1241/1241/1241
f 1181/1181/1181 1180/1180/1180 1184/1184/1184
f 1235/1235/1235 1227/1227/1227 1234/1234/1234
f 1226/1226/1226 1240/1240/1240 1229/1229/1229
f 1233/1233/1233 1240/1240/1240 1226/1226/1226
f 1214/1214/1214 1235/1235/1235 1233/1233/1233
f 1232/1232/1232 1239/1239/1239 1225/1225/1225
f 1231/1231/1231 1224/1224/1224 1238/1238/1238
f 1224/1224/1224 1225/1225/1225 1237/1237/1237
f 1213/1213/1213 1230/1230/1230 1232/1232/1232
f 1230/1230/1230 1219/1219/1219 1222/1222/1222
f 1234/1234/1234 1216/1216/1216 1228/1228/1228
f 1227/1227/1227 1235/1235/1235 1214/1214/1214
f 1216/1216/1216 1234/1234/1234 1227/1227/1227
f 1229/1229/1229 1211/1211/1211 1226/1226/1226
f 1214/1214/1214 1233/1233/1233 1226/1226/1226
f 1213/1213/1213 1232/1232/1232 1225/1225/1225
f 1220/1220/1220 1224/1224/1224 1231/1231/1231
f 1181/1181/1181 1183/1183/1183 1182/1182/1182
f 1225/1225/1225 1224/1224/1224 1212/1212/1212
f 1181/1181/1181 1184/1184/1184 1185/1185/1185
f 1230/1230/1230 1213/1213/1213 1223/1223/1223
f 1219/1219/1219 1230/1230/1230 1223/1223/1223
f 1218/1218/1218 1222/1222/1222 1219/1219/1219
f 1217/1217/1217 1222/1222/1222 1218/1218/1218
f 1211/1211/1211 1229/1229/1229 1222/1222/1222
f 1216/1216/1216 1221/1221/1221 1228/1228/1228
f 1216/1216/1216 1227/1227/1227 1214/1214/1214
f 1214/1214/1214 1226/1226/1226 1211/1211/1211
f 1225/1225/1225 1212/1212/1212 1213/1213/1213
f 1212/1212/1212 1224/1224/1224 1220/1220/1220
f 1204/1204/1204 1223/1223/1223 1213/1213/1213
f 1223/1223/1223 1204/1204/1204 1219/1219/1219
f 1198/1198/1198 1218/1218/1218 1219/1219/1219
f 1203/1203/1203 1217/1217/1217 1218/1218/1218
f 1222/1222/1222 1217/1217/1217 1211/1211/1211
f 1210/1210/1210 1221/1221/1221 1216/1216/1216
f 1215/1215/1215 1221/1221/1221 1210/1210/1210
f 1201/1201/1201 1216/1216/1216 1214/1214/1214
f 1181/1181/1181 1185/1185/1185 1183/1183/1183
f 1207/1207/1207 1214/1214/1214 1211/1211/1211
f 1185/1185/1185 1184/1184/1184 1186/1186/1186
f 1212/1212/1212 1200/1200/1200 1213/1213/1213
f 1205/1205/1205 1212/1212/1212 1220/1220/1220
f 1204/1204/1204 1213/1213/1213 1206/1206/1206
f 1198/1198/1198 1219/1219/1219 1204/1204/1204
f 1198/1198/1198 1203/1203/1203 1218/1218/1218
f 1203/1203/1203 1211/1211/1211 1217/1217/1217
f 1210/1210/1210 1216/1216/1216 1201/1201/1201
f 1210/1210/1210 1196/1196/1196 1215/1215/1215
f 1209/1209/1209 1208/1208/1208 1202/1202/1202
f 1208/1208/1208 1215/1215/1215 1196/1196/1196
f 1201/1201/1201 1214/1214/1214 1207/1207/1207
f 1195/1195/1195 1207/1207/1207 1211/1211/1211
f 1206/1206/1206 1213/1213/1213 1200/1200/1200
f 1212/1212/1212 1205/1205/1205 1200/1200/1200
f 1204/1204/1204 1199/1199/1199 1198/1198/1198
f 1193/1193/1193 1203/1203/1203 1198/1198/1198
f 1197/1197/1197 1211/1211/1211 1203/1203/1203
f 1211/1211/1211 1197/1197/1197 1195/1195/1195
f 1196/1196/1196 1210/1210/1210 1201/1201/1201
f 1202/1202/1202 1208/1208/1208 1196/1196/1196
f 1207/1207/1207 1195/1195/1195 1201/1201/1201
f 1190/1190/1190 1198/1198/1198 1199/1199/1199
f 1194/1194/1194 1193/1193/1193 1198/1198/1198
f 1197/1197/1197 1203/1203/1203 1193/1193/1193
f 1192/1192/1192 1195/1195/1195 1197/1197/1197
f 1201/1201/1201 1191/1191/1191 1196/1196/1196
f 1191/1191/1191 1201/1201/1201 1195/1195/1195
f 1198/1198/1198 1190/1190/1190 1194/1194/1194
f 1189/1189/1189 1197/1197/1197 1193/1193/1193
f 1192/1192/1192 1197/1197/1197 1189/1189/1189
f 1188/1188/1188 1195/1195/1195 1192/1192/1192
f 1188/1188/1188 1191/1191/1191 1195/1195/1195
f 1187/1187/1187 900/900/900 903/903/903

