mtllib cola_can.mtl
v 0.072323 -0.140374 -0.013915
v 0.071153 -0.140098 -0.019836
v 0.067479 -0.140517 -0.022269
v 0.066137 -0.140873 -0.014399
v 0.066400 -0.140648 -0.024429
v 0.066493 -0.140608 -0.018914
v 0.066589 -0.140749 -0.012382
v 0.067981 -0.140494 -0.007611
v 0.073415 -0.140274 0.008111
v 0.072792 -0.140418 0.004069
v 0.067841 -0.140640 -0.028267
v 0.060451 -0.140344 -0.022859
v 0.061137 -0.140677 -0.017098
v 0.063541 -0.140798 -0.012128
v 0.069370 -0.140563 -0.002512
v 0.073191 -0.140380 0.005376
v 0.072749 -0.140437 -0.000185
v 0.064940 -0.140699 -0.027521
v 0.065534 -0.140564 -0.006765
v 0.072528 -0.140486 -0.002966
v 0.067416 -0.140301 0.008345
v 0.071374 -0.140007 0.011958
v 0.065613 -0.140710 -0.034115
v 0.059635 -0.140470 -0.020419
v 0.059891 -0.140573 -0.010922
v 0.063743 -0.140646 -0.007865
v 0.063987 -0.140529 0.000666
v 0.068514 -0.139981 0.016942
v 0.067408 -0.140460 0.003038
v 0.065715 -0.140289 0.008443
v 0.056680 -0.140648 -0.019660
v 0.057287 -0.140548 -0.013991
v 0.062779 -0.140565 -0.002480
v 0.063590 -0.140408 0.012511
v 0.068735 -0.140023 0.019723
v 0.065982 -0.140038 0.016702
v 0.061037 -0.140494 0.003759
v 0.069659 -0.140274 0.026125
v 0.059729 -0.140584 0.012044
v 0.066481 -0.140256 0.029791
v 0.059950 -0.140467 0.014825
v 0.065211 -0.140282 0.024060
v 0.065546 -0.140008 0.020014
v 0.059508 -0.140656 0.009263
v 0.060221 -0.140127 0.020139
v 0.054976 -0.140663 0.011834
v 0.055810 -0.140580 0.017178
v 0.063388 -0.140325 0.030145
v 0.057646 -0.140088 0.020741
v 0.061380 -0.140301 0.028756
v 0.061276 -0.140368 0.031510
v 0.054510 -0.140579 0.022106
v 0.058226 -0.140316 0.028362
v 0.060912 -0.140152 0.037405
v 0.057188 -0.140506 0.032204
v 0.009297 -0.109344 -0.027723
v 0.012046 -0.108799 -0.024735
v 0.011815 -0.112253 -0.029856
v 0.009358 -0.107161 -0.023131
v 0.013387 -0.111655 -0.026249
v 0.011797 -0.106876 -0.020363
v 0.007139 -0.105703 -0.020689
v 0.015120 -0.111430 -0.021568
v 0.014224 -0.108866 -0.020719
v 0.003380 -0.107872 -0.026401
v 0.015201 -0.114725 -0.024851
v 0.015047 -0.109445 -0.017862
v 0.007227 -0.105313 -0.013138
v 0.017283 -0.114094 -0.019887
v 0.012821 -0.107183 -0.014663
v 0.010383 -0.106293 -0.013075
v 0.017804 -0.116615 -0.022981
v 0.015341 -0.109079 -0.015211
v 0.006819 -0.106031 -0.008047
v 0.018270 -0.111835 -0.014879
v 0.019438 -0.114107 -0.016124
v 0.013382 -0.107214 -0.008034
v 0.015825 -0.108813 -0.013057
v 0.010636 -0.106422 -0.006700
v 0.020666 -0.116970 -0.020366
v 0.016135 -0.108829 -0.008588
v 0.008322 -0.106658 -0.003352
v 0.018871 -0.111347 -0.012693
v 0.021270 -0.114591 -0.013274
v 0.013687 -0.108146 -0.003885
v 0.010906 -0.106938 -0.003664
v 0.005308 -0.106304 -0.004277
v 0.015851 -0.109504 -0.003620
v 0.019114 -0.111334 -0.009914
v 0.011240 -0.108303 -0.000583
v 0.005565 -0.107580 -0.000441
v 0.021587 -0.113810 -0.010110
v 0.019266 -0.111445 -0.007127
v 0.013668 -0.108904 -0.001197
v 0.008346 -0.107316 -0.000662
v 0.024353 -0.114347 -0.010529
v 0.019573 -0.111554 -0.004353
v 0.016689 -0.110035 -0.001326
v 0.021808 -0.112933 -0.007330
v 0.009131 -0.108765 0.002253
v 0.024476 -0.112229 -0.007077
v 0.022407 -0.111693 -0.004487
v 0.019470 -0.110951 -0.001547
v 0.014129 -0.109964 0.001676
v 0.011553 -0.111073 0.004663
v 0.006055 -0.108862 0.004237
v 0.022285 -0.110392 -0.000377
v 0.019691 -0.110370 0.001234
v 0.016910 -0.110123 0.001455
v 0.024940 -0.110167 -0.003308
v 0.014350 -0.110639 0.004457
v 0.006265 -0.111354 0.008367
v 0.022657 -0.109577 0.004258
v 0.018971 -0.109983 0.004254
v 0.011790 -0.111612 0.007459
v 0.009009 -0.111630 0.007680
v 0.009036 -0.111623 0.010477
v 0.012011 -0.110710 0.010240
v 0.048790 -0.091788 0.010115
v 0.050997 -0.094879 0.007002
v 0.048105 -0.092092 0.005934
v 0.045382 -0.090184 0.007587
v 0.045161 -0.091007 0.004806
v 0.045603 -0.090269 0.010368
v 0.042380 -0.091082 0.005027
v 0.044907 -0.092438 0.002700
v 0.042762 -0.090515 0.010516
v 0.045835 -0.089388 0.013281
v 0.042261 -0.092115 0.002210
v 0.039909 -0.090738 0.005855
v 0.041044 -0.090273 0.013469
v 0.037486 -0.091439 0.002092
v 0.041938 -0.093281 -0.000534
v 0.039747 -0.090637 0.011054
v 0.043233 -0.089215 0.015754
v 0.039157 -0.092914 -0.000313
v 0.036818 -0.090156 0.005470
v 0.034372 -0.089528 0.008571
v 0.037482 -0.090526 0.013812
v 0.041115 -0.089413 0.016468
v 0.046045 -0.088851 0.015930
v 0.036492 -0.092128 0.001370
v 0.039003 -0.094917 -0.002246
v 0.034037 -0.090041 0.005691
v 0.032962 -0.090146 0.015332
v 0.043485 -0.087575 0.018932
v 0.046218 -0.089856 0.018644
v 0.036324 -0.095057 -0.000176
v 0.033406 -0.092128 0.002721
v 0.041730 -0.095056 -0.003154
v 0.031699 -0.089715 0.011474
v 0.034922 -0.090603 0.016814
v 0.037703 -0.090595 0.016593
v 0.040981 -0.087495 0.020557
v 0.033620 -0.094919 0.002050
v 0.038850 -0.097314 -0.003174
v 0.031478 -0.089766 0.008693
v 0.027393 -0.089628 0.016579
v 0.032362 -0.090234 0.019816
v 0.038198 -0.089542 0.019677
v 0.043707 -0.087278 0.021713
v 0.045200 -0.089338 0.021594
v 0.028918 -0.090207 0.011695
v 0.029360 -0.089728 0.017256
v 0.035154 -0.090503 0.019556
v 0.029882 -0.090172 0.020352
v 0.038563 -0.087935 0.027646
v 0.041147 -0.086746 0.024715
v 0.026358 -0.090150 0.014697
v 0.032495 -0.089718 0.022573
v 0.035419 -0.089224 0.027496
v 0.027223 -0.090477 0.022801
v 0.027436 -0.090563 0.025649
v 0.034111 -0.089510 0.030885
v 0.033539 -0.089412 0.028118
v 0.027489 -0.090503 0.028523
v 0.025139 -0.100567 0.028376
v 0.025998 -0.097707 0.028718
v 0.024554 -0.097707 0.027208
v 0.026691 -0.097707 0.031461
v 0.024680 -0.094923 0.028834
v 0.021310 -0.103308 0.026567
v 0.026995 -0.100547 0.033520
v 0.025770 -0.094917 0.031534
v 0.022679 -0.094917 0.026183
v 0.021521 -0.105621 0.029045
v 0.021659 -0.095094 0.025419
v 0.022410 -0.106007 0.033820
v 0.026223 -0.097707 0.034297
v 0.025867 -0.094917 0.034325
v 0.024722 -0.092405 0.028293
v 0.019364 -0.106286 0.026222
v 0.018841 -0.100497 0.025750
v 0.025008 -0.103177 0.034393
v 0.026204 -0.100497 0.037097
v 0.026361 -0.092128 0.031487
v 0.024168 -0.091895 0.026065
v 0.019067 -0.107728 0.029280
v 0.018798 -0.103286 0.025208
v 0.019231 -0.108320 0.032408
v 0.018793 -0.097707 0.025149
v 0.025309 -0.103234 0.037168
v 0.025342 -0.097346 0.037151
v 0.027805 -0.092086 0.034254
v 0.021716 -0.092389 0.023461
v 0.014969 -0.109493 0.026923
v 0.015822 -0.103286 0.023998
v 0.019492 -0.108276 0.034795
v 0.018870 -0.095821 0.023690
v 0.016993 -0.097707 0.023837
v 0.023042 -0.106111 0.038708
v 0.025471 -0.100497 0.038740
v 0.026088 -0.094917 0.037106
v 0.028127 -0.093392 0.036944
v 0.027684 -0.091027 0.031382
v 0.024240 -0.090838 0.023260
v 0.015319 -0.110205 0.029973
v 0.015579 -0.106076 0.024141
v 0.019835 -0.107385 0.039775
v 0.014052 -0.110821 0.035493
v 0.015418 -0.100242 0.024435
v 0.015898 -0.098820 0.023924
v 0.024939 -0.103286 0.039996
v 0.025523 -0.097396 0.040192
v 0.030726 -0.091099 0.034167
v 0.030465 -0.090201 0.031161
v 0.021245 -0.092135 0.020700
v 0.024019 -0.090210 0.020479
v 0.010853 -0.112311 0.029790
v 0.010474 -0.110406 0.024260
v 0.013818 -0.103467 0.021214
v 0.017353 -0.108847 0.039028
v 0.017623 -0.097726 0.020713
v 0.025214 -0.100497 0.039974
v 0.028357 -0.094921 0.039712
v 0.033558 -0.093321 0.039349
v 0.018797 -0.095544 0.020895
v 0.010516 -0.111833 0.026634
v 0.011455 -0.112111 0.035217
v 0.017703 -0.109121 0.043369
v 0.014198 -0.111578 0.040908
v 0.015613 -0.100338 0.021030
v 0.020966 -0.094718 0.017874
v 0.022386 -0.092120 0.017774
v 0.007997 -0.113182 0.030149
v 0.008245 -0.112746 0.034648
v 0.008248 -0.108803 0.021564
v 0.007776 -0.113571 0.027368
v 0.011630 -0.112890 0.041087
v 0.015455 -0.101773 0.018362
v 0.020568 -0.097707 0.017581
v 0.018339 -0.100603 0.018172
v 0.023798 -0.090716 0.017699
v 0.009849 -0.106011 0.019320
v 0.006025 -0.111655 0.021910
v 0.007555 -0.113142 0.024587
v 0.014825 -0.111727 0.044110
v 0.011883 -0.112559 0.043832
v 0.012867 -0.103436 0.018568
v 0.005164 -0.114431 0.027610
v 0.005437 -0.112873 0.033151
v 0.008613 -0.113503 0.041157
v 0.004512 -0.110314 0.019209
v 0.001939 -0.115330 0.025140
v 0.015242 -0.103357 0.015676
v 0.005666 -0.112963 0.036036
v 0.007735 -0.107458 0.016194
v 0.012453 -0.104193 0.015802
v 0.004003 -0.112395 0.021506
v 0.002214 -0.115666 0.027810
v 0.002675 -0.114145 0.033243
v 0.002998 -0.114351 0.036962
v 0.004033 -0.110144 0.016532
v 0.002020 -0.112182 0.019467
v 0.001622 -0.114295 0.022814
v 0.013906 -0.105777 0.013155
v -0.000224 -0.117586 0.028004
v 0.006233 -0.109808 0.014118
v -0.001145 -0.117022 0.023156
v -0.000442 -0.117194 0.030697
v -0.000497 -0.117603 0.025227
v -0.001451 -0.113813 0.016907
v 0.009569 -0.108893 0.013253
v 0.003856 -0.111407 0.013260
v -0.001173 -0.114526 0.019303
v -0.003350 -0.121564 0.025352
v -0.002302 -0.120150 0.028275
v 0.001640 -0.111824 0.013863
v 0.009036 -0.111623 0.010477
v 0.006483 -0.111777 0.011101
v -0.004010 -0.117235 0.019909
v -0.001672 -0.113217 0.014127
v -0.003468 -0.114974 0.017050
v 0.000847 -0.111840 0.010617
v 0.003581 -0.111754 0.010435
v -0.003763 -0.120060 0.022608
v 0.006265 -0.111354 0.008367
v -0.007411 -0.117242 0.017432
v -0.006353 -0.121928 0.022869
v -0.001893 -0.112432 0.011346
v -0.004913 -0.114350 0.014575
v 0.000349 -0.109247 0.004954
v 0.003226 -0.109269 0.005342
v -0.007626 -0.114889 0.013870
v -0.002083 -0.111483 0.008958
v 0.006055 -0.108862 0.004237
v -0.012036 -0.122565 0.020628
v -0.011218 -0.117122 0.015269
v -0.004674 -0.112728 0.011567
v -0.002131 -0.109006 0.004891
v 0.003048 -0.108758 0.003096
v -0.012418 -0.120129 0.017564
v -0.012187 -0.114646 0.011948
v -0.004872 -0.111496 0.009075
v -0.007455 -0.113397 0.011788
v 0.000224 -0.108305 0.002782
v 0.005565 -0.107580 -0.000441
v -0.015874 -0.122634 0.018252
v -0.015168 -0.119409 0.015839
v -0.015661 -0.117235 0.014169
v -0.002556 -0.107631 0.003003
v -0.005067 -0.108828 0.006021
v 0.002784 -0.107733 -0.000220
v -0.019480 -0.117342 0.013053
v -0.007689 -0.111159 0.009349
v -0.002784 -0.106102 0.000144
v -0.005337 -0.107016 0.003224
v -0.007935 -0.108043 0.006436
v 0.000054 -0.105598 -0.002320
v 0.002639 -0.106056 -0.002925
v -0.020828 -0.119989 0.014944
v -0.015900 -0.114445 0.011169
v -0.011989 -0.110973 0.009499
v -0.005558 -0.106375 0.000443
v -0.008118 -0.107013 0.003445
v 0.005308 -0.106304 -0.004277
v -0.025302 -0.119936 0.013256
v -0.021239 -0.113385 0.010208
v -0.017090 -0.111512 0.009764
v -0.002999 -0.105561 -0.002559
v -0.004476 -0.106076 -0.002441
v -0.008339 -0.107550 0.000664
v -0.012380 -0.108827 0.003836
v -0.000439 -0.105245 -0.005561
v 0.002342 -0.105503 -0.005782
v -0.026092 -0.117260 0.010490
v -0.024116 -0.114712 0.009823
v -0.016240 -0.110323 0.006889
v -0.010984 -0.108640 0.006859
v -0.005780 -0.106748 -0.002338
v -0.010653 -0.109056 0.001081
v 0.002121 -0.105101 -0.008563
v -0.029615 -0.120143 0.010627
v -0.021696 -0.112631 0.007289
v -0.018891 -0.111655 0.008746
v -0.003221 -0.106106 -0.007428
v -0.013930 -0.111326 0.000741
v -0.000660 -0.105318 -0.008342
v 0.006819 -0.106031 -0.008047
v -0.026504 -0.115128 0.007737
v -0.029654 -0.122753 0.013599
v -0.029966 -0.117384 0.007980
v -0.015965 -0.111849 0.001538
v -0.018923 -0.112031 0.004248
v 0.001900 -0.105018 -0.011344
v -0.032562 -0.120228 0.007960
v -0.027053 -0.115709 0.005252
v -0.001374 -0.105798 -0.011669
v -0.013962 -0.114431 -0.002415
v 0.004681 -0.105101 -0.011565
v -0.030335 -0.117459 0.005122
v -0.035407 -0.122974 0.008207
v -0.033635 -0.119320 0.005378
v -0.003716 -0.108382 -0.010979
v -0.020761 -0.114353 0.001518
v -0.016479 -0.114519 -0.001384
v -0.001000 -0.106120 -0.013641
v 0.001463 -0.105482 -0.016651
v 0.007227 -0.105313 -0.013138
v -0.036172 -0.121814 0.005706
v -0.027720 -0.117252 0.002275
v -0.002442 -0.108866 -0.013797
v -0.014282 -0.117030 -0.005239
v 0.004460 -0.104865 -0.014346
v -0.033367 -0.119185 0.002654
v -0.038793 -0.125527 0.005991
v -0.035690 -0.120706 0.002818
v -0.025232 -0.117215 0.001026
v -0.030808 -0.118334 -0.000348
v -0.019802 -0.117036 -0.004031
v -0.011562 -0.115522 -0.004677
v -0.017152 -0.116877 -0.004589
v -0.001374 -0.108594 -0.016680
v 0.004239 -0.105028 -0.017127
v 0.007139 -0.105703 -0.020689
v -0.038077 -0.123275 0.002984
v -0.028027 -0.118173 -0.000569
v -0.011505 -0.117301 -0.007383
v -0.008591 -0.114457 -0.003633
v -0.015183 -0.119741 -0.007185
v -0.000989 -0.111603 -0.013589
v -0.000435 -0.108866 -0.019553
v 0.003882 -0.105817 -0.020666
v -0.033548 -0.120044 -0.002137
v -0.039701 -0.125604 0.003157
v -0.036851 -0.122177 0.000353
v -0.023245 -0.120105 -0.004144
v -0.028079 -0.119915 -0.003407
v -0.031061 -0.119673 -0.003539
v -0.009003 -0.116338 -0.007679
v -0.000437 -0.111655 -0.019475
v -0.000152 -0.108866 -0.022375
v 0.001016 -0.107540 -0.022467
v -0.041013 -0.128393 0.003262
v -0.039519 -0.125224 -0.001244
v -0.025849 -0.122046 -0.006291
v -0.011614 -0.119621 -0.011322
v -0.009142 -0.117272 -0.010256
v -0.006284 -0.114403 -0.005406
v -0.022049 -0.122941 -0.006876
v -0.001522 -0.114309 -0.017062
v -0.001563 -0.111655 -0.022646
v 0.003380 -0.107872 -0.026401
v -0.034031 -0.121489 -0.005689
v -0.036904 -0.122563 -0.002662
v -0.041749 -0.128889 0.000522
v -0.039813 -0.128393 0.005965
v -0.029937 -0.121894 -0.006154
v -0.016047 -0.122415 -0.010098
v -0.006231 -0.115897 -0.011344
v -0.001277 -0.114678 -0.019487
v -0.001102 -0.113394 -0.013904
v -0.001843 -0.113992 -0.022098
v -0.002203 -0.110428 -0.025443
v -0.000279 -0.108866 -0.025163
v 0.000780 -0.108525 -0.026338
v -0.036833 -0.122789 -0.005523
v -0.041629 -0.131321 0.002639
v -0.041438 -0.128393 -0.002301
v -0.039942 -0.125222 -0.005219
v -0.025864 -0.123089 -0.008563
v -0.028815 -0.123409 -0.008742
v -0.008707 -0.117526 -0.013258
v -0.017134 -0.124030 -0.012837
v -0.020347 -0.124050 -0.009575
v -0.004325 -0.115849 -0.019244
v -0.002585 -0.114584 -0.013789
v -0.003018 -0.111655 -0.024945
v 0.000584 -0.110113 -0.030435
v -0.032545 -0.122656 -0.007670
v -0.034837 -0.122786 -0.008501
v -0.042332 -0.131690 0.000567
v -0.042304 -0.131036 -0.004042
v -0.041292 -0.128393 -0.005112
v -0.023388 -0.125061 -0.011845
v -0.011798 -0.120583 -0.015936
v -0.020568 -0.124965 -0.012356
v -0.008159 -0.117194 -0.018210
v -0.004104 -0.115336 -0.016463
v -0.004363 -0.114868 -0.024838
v -0.005085 -0.114317 -0.027045
v -0.002207 -0.110464 -0.027808
v -0.002726 -0.111668 -0.031693
v -0.037244 -0.123714 -0.010913
v -0.040519 -0.136812 0.003953
v -0.040947 -0.128349 -0.009711
v -0.028911 -0.124520 -0.011693
v -0.031692 -0.123955 -0.011472
v -0.009850 -0.118727 -0.016095
v -0.020729 -0.125220 -0.015569
v -0.015017 -0.123267 -0.018515
v -0.007466 -0.116718 -0.018819
v -0.004546 -0.115863 -0.022025
v -0.005209 -0.113506 -0.030368
v -0.034473 -0.123384 -0.011251
v -0.040027 -0.125783 -0.011951
v -0.042637 -0.133973 -0.002206
v -0.041598 -0.136762 0.000510
v -0.038091 -0.139527 0.009713
v -0.041642 -0.131183 -0.007882
v -0.026351 -0.124732 -0.014695
v -0.012739 -0.120277 -0.022105
v -0.018454 -0.125038 -0.017426
v -0.012668 -0.121138 -0.018581
v -0.009803 -0.117388 -0.021607
v -0.007378 -0.116318 -0.024287
v -0.006817 -0.114783 -0.029750
v -0.034694 -0.123562 -0.014031
v -0.037522 -0.124526 -0.013966
v -0.042736 -0.136940 -0.004556
v -0.042906 -0.133973 -0.004983
v -0.040236 -0.139584 0.004707
v -0.042660 -0.133695 -0.008031
v -0.041488 -0.131183 -0.010693
v -0.041253 -0.128393 -0.013510
v -0.023594 -0.125520 -0.015207
v -0.029132 -0.123988 -0.014474
v -0.031913 -0.123568 -0.014253
v -0.021232 -0.127035 -0.020699
v -0.015221 -0.123223 -0.021177
v -0.006094 -0.114080 -0.033147
v -0.040654 -0.128285 -0.016461
v -0.041705 -0.139833 0.000223
v -0.041489 -0.141703 0.006098
v -0.041645 -0.131183 -0.013479
v -0.025193 -0.125604 -0.017585
v -0.029353 -0.123540 -0.017255
v -0.009924 -0.117469 -0.024408
v -0.024002 -0.127287 -0.020350
v -0.018403 -0.125623 -0.020676
v -0.014279 -0.119781 -0.028250
v -0.034833 -0.124552 -0.017303
v -0.038098 -0.128149 -0.021546
v -0.041710 -0.141089 0.003317
v -0.042819 -0.139653 -0.005854
v -0.041268 -0.141918 0.008879
v -0.041937 -0.133997 -0.013467
v -0.026572 -0.124220 -0.017476
v -0.032134 -0.123714 -0.017033
v -0.021453 -0.127034 -0.023480
v -0.019156 -0.125462 -0.025491
v -0.016244 -0.122972 -0.025329
v -0.011056 -0.117254 -0.035336
v -0.039039 -0.131664 -0.024662
v -0.042908 -0.136778 -0.010220
v -0.044712 -0.141888 0.000757
v -0.044933 -0.141903 -0.002024
v -0.044491 -0.141873 0.003538
v -0.047099 -0.142072 0.003939
v -0.041390 -0.134141 -0.017041
v -0.041653 -0.131183 -0.016277
v -0.027167 -0.125750 -0.020043
v -0.029574 -0.124589 -0.020035
v -0.024247 -0.127344 -0.023231
v -0.014534 -0.119656 -0.029963
v -0.035357 -0.126671 -0.022374
v -0.032355 -0.124797 -0.019814
v -0.038698 -0.130760 -0.025353
v -0.040780 -0.130711 -0.019292
v -0.043173 -0.139445 -0.012754
v -0.045154 -0.142243 -0.004804
v -0.045819 -0.141973 0.011238
v -0.041763 -0.136677 -0.016877
v -0.021791 -0.125775 -0.027820
v -0.024455 -0.126745 -0.026039
v -0.018602 -0.122396 -0.030043
v -0.013994 -0.118939 -0.035266
v -0.035870 -0.128415 -0.026457
v -0.032535 -0.125825 -0.022070
v -0.036822 -0.131211 -0.028660
v -0.045439 -0.141735 -0.008996
v -0.048506 -0.142128 -0.006373
v -0.049284 -0.142458 0.007168
v -0.041010 -0.142138 0.012222
v -0.040246 -0.136737 -0.021979
v -0.029754 -0.126082 -0.022550
v -0.027236 -0.126559 -0.025818
v -0.018639 -0.121280 -0.034891
v -0.014102 -0.119429 -0.038339
v -0.032797 -0.126737 -0.025376
v -0.037185 -0.134025 -0.028476
v -0.045817 -0.141845 -0.013147
v -0.049246 -0.142333 0.014832
v -0.049984 -0.142352 0.003486
v -0.044614 -0.141755 0.015157
v -0.043030 -0.139873 -0.016167
v -0.041340 -0.139103 -0.021271
v -0.024194 -0.124804 -0.031535
v -0.027457 -0.126404 -0.028599
v -0.032418 -0.127099 -0.028431
v -0.030016 -0.126472 -0.025597
v -0.035435 -0.128688 -0.027965
v -0.033518 -0.133312 -0.033776
v -0.038906 -0.136935 -0.026322
v -0.050452 -0.142320 0.001214
v -0.050682 -0.142726 -0.012785
v -0.050574 -0.142574 -0.010435
v -0.053539 -0.142491 0.012568
v -0.053295 -0.142554 0.008089
v -0.040992 -0.139675 -0.024066
v -0.019371 -0.122112 -0.032015
v -0.016996 -0.120661 -0.037826
v -0.033441 -0.128393 -0.031192
v -0.036159 -0.136130 -0.030888
v -0.033330 -0.131183 -0.033614
v -0.050532 -0.142338 -0.001791
v -0.046227 -0.142029 -0.018659
v -0.048818 -0.142453 -0.018100
v -0.050442 -0.142334 -0.007070
v -0.047232 -0.142210 0.019772
v -0.052219 -0.142506 0.016879
v -0.053959 -0.142564 0.004395
v -0.043479 -0.140976 -0.018930
v -0.043700 -0.141568 -0.021711
v -0.030485 -0.126776 -0.031102
v -0.021823 -0.123629 -0.037469
v -0.017423 -0.122539 -0.040736
v -0.033567 -0.137029 -0.036589
v -0.030477 -0.131183 -0.036441
v -0.038907 -0.140633 -0.032874
v -0.040108 -0.139552 -0.027593
v -0.055995 -0.142748 -0.016826
v -0.054400 -0.142732 -0.010450
v -0.043412 -0.142148 0.026303
v -0.058805 -0.142653 0.011101
v -0.058508 -0.142467 0.020067
v -0.044097 -0.142168 -0.025128
v -0.025118 -0.124755 -0.034382
v -0.027493 -0.125785 -0.034193
v -0.025399 -0.125536 -0.037217
v -0.031220 -0.128185 -0.034133
v -0.036209 -0.139706 -0.035644
v -0.030550 -0.133465 -0.037311
v -0.041658 -0.141467 -0.029418
v -0.046930 -0.142311 -0.021710
v -0.056068 -0.142789 -0.020939
v -0.039937 -0.142114 0.025213
v -0.047821 -0.142192 0.029664
v -0.049572 -0.142327 0.019863
v -0.054098 -0.142146 0.022331
v -0.061569 -0.142624 0.006464
v -0.044471 -0.142379 -0.027502
v -0.021251 -0.125361 -0.040620
v -0.022466 -0.125713 -0.040088
v -0.033452 -0.139765 -0.039129
v -0.028710 -0.133689 -0.039408
v -0.028395 -0.128246 -0.037027
v -0.039297 -0.142174 -0.036730
v -0.058269 -0.142723 -0.007300
v -0.047793 -0.142612 -0.024166
v -0.060110 -0.143021 -0.017284
v -0.038606 -0.142065 0.032943
v -0.045282 -0.142187 0.028787
v -0.060758 -0.142592 0.018076
v -0.055300 -0.142274 0.024775
v -0.058430 -0.142508 0.004617
v -0.062979 -0.142757 0.015816
v -0.025815 -0.128531 -0.039715
v -0.037685 -0.142355 -0.039010
v -0.041930 -0.142362 -0.034599
v -0.044287 -0.142360 -0.029895
v -0.059149 -0.142799 -0.008796
v -0.060385 -0.142965 -0.020384
v -0.052485 -0.142874 -0.026609
v -0.042716 -0.142156 0.031295
v -0.050742 -0.142220 0.024098
v -0.059565 -0.142547 0.025697
v -0.061992 -0.142711 -0.000281
v -0.063753 -0.142762 0.008442
v -0.050600 -0.142990 -0.033111
v -0.023271 -0.128579 -0.041714
v -0.034429 -0.142283 -0.042515
v -0.029090 -0.138963 -0.042469
v -0.025467 -0.133729 -0.042673
v -0.042145 -0.142776 -0.038297
v -0.047341 -0.142940 -0.036427
v -0.062012 -0.142893 -0.005780
v -0.061256 -0.142980 -0.022442
v -0.057446 -0.143130 -0.030406
v -0.062450 -0.142986 -0.010454
v -0.043719 -0.142070 0.040593
v -0.049618 -0.142037 0.037520
v -0.052396 -0.142272 0.032045
v -0.065365 -0.142923 0.019392
v -0.064553 -0.142851 0.024365
v -0.056619 -0.142571 0.027382
v -0.054910 -0.142386 0.030892
v -0.066075 -0.142884 0.013650
v -0.031343 -0.140985 -0.042283
v -0.037428 -0.142619 -0.042480
v -0.045114 -0.142853 -0.037098
v -0.042519 -0.142902 -0.041541
v -0.066276 -0.143181 -0.027687
v -0.063573 -0.143069 -0.016378
v -0.047509 -0.142028 0.038687
v -0.051873 -0.142264 0.032230
v -0.068859 -0.143057 0.019241
v -0.065404 -0.142804 0.031693
v -0.059685 -0.142516 0.033442
v -0.066738 -0.143011 0.005307
v -0.068856 -0.143033 0.013871
v -0.052806 -0.143043 -0.034537
v -0.032389 -0.142463 -0.044867
v -0.045553 -0.142977 -0.041684
v -0.064639 -0.143043 -0.005750
v -0.065326 -0.142847 -0.000582
v -0.064934 -0.143115 -0.019293
v -0.062229 -0.143220 -0.033264
v -0.046481 -0.142234 0.043949
v -0.053449 -0.142202 0.037580
v -0.049824 -0.142228 0.040913
v -0.067850 -0.143021 0.023956
v -0.061218 -0.142606 0.031418
v -0.066959 -0.142991 0.002526
v -0.069519 -0.143159 0.005528
v -0.069378 -0.143141 0.008492
v -0.039479 -0.142703 -0.048183
v -0.032740 -0.142706 -0.047604
v -0.044608 -0.142698 -0.048636
v -0.067738 -0.143294 -0.022556
v -0.069386 -0.143095 -0.012695
v -0.056890 -0.143135 -0.032561
v -0.064050 -0.143233 -0.031287
v -0.056066 -0.142342 0.033944
v -0.067750 -0.142992 0.027775
v -0.061725 -0.142797 0.037049
v -0.069522 -0.143147 0.000304
v -0.051605 -0.142706 -0.044143
v -0.048870 -0.142723 -0.045853
v -0.067559 -0.143037 -0.003934
v -0.068507 -0.143178 -0.016940
v -0.057633 -0.142960 -0.039007
v -0.064560 -0.143337 -0.036812
v -0.052772 -0.142736 0.043868
v -0.055293 -0.142347 0.038378
v -0.058334 -0.142715 0.040827
v -0.073114 -0.143378 0.006287
v -0.054000 -0.142704 -0.042103
v -0.035008 -0.142646 -0.053185
v -0.040033 -0.142718 -0.053276
v -0.045911 -0.142707 -0.049520
v -0.071041 -0.143292 -0.017332
v -0.061933 -0.143240 -0.039851
v -0.070384 -0.143190 -0.006561
v -0.074204 -0.143508 0.000095
v -0.058427 -0.143111 -0.046065
v -0.032283 -0.142553 -0.054161
v -0.071067 -0.143206 -0.013938
v -0.073434 -0.143407 -0.007805
v -0.056658 -0.142900 0.045569
v -0.050539 -0.142814 -0.050545
v -0.032196 -0.142765 0.065259
v -0.029323 -0.142436 0.061428
v -0.034926 -0.142653 0.062946
v -0.034377 -0.142298 0.057454
v -0.036898 -0.142511 0.058608
v -0.039325 -0.142646 0.058480
v -0.043903 -0.142533 0.053810
v -0.038881 -0.142176 0.050741
v -0.052918 -0.142908 0.048757
v -0.042858 -0.142288 0.050160
v -0.046538 -0.142522 0.052136
v -0.041624 -0.142133 0.046214
v -0.046481 -0.142234 0.043949
v -0.038518 -0.142176 0.043553
v -0.052772 -0.142736 0.043868
v -0.043719 -0.142070 0.040593
v -0.056658 -0.142900 0.045569
v 0.066481 -0.140256 0.029791
v 0.064499 -0.139962 0.036851
v 0.060912 -0.140152 0.037405
v 0.059568 -0.140293 0.038726
v 0.057188 -0.140506 0.032204
v 0.055428 -0.140567 0.044596
v 0.053743 -0.140343 0.039819
v 0.055599 -0.140493 0.046752
v 0.049840 -0.140556 0.050652
v 0.049923 -0.140503 0.043492
v 0.049603 -0.140507 0.036871
v 0.044340 -0.140482 0.051983
v 0.048818 -0.140539 0.046482
v 0.042157 -0.140509 0.045099
v 0.043193 -0.140398 0.056813
v 0.042740 -0.140660 0.039522
v 0.043013 -0.140578 0.049070
v 0.040811 -0.140504 0.054287
v 0.039868 -0.140698 0.040049
v 0.040103 -0.140624 0.044840
v 0.040356 -0.140652 0.049964
v 0.035471 -0.140955 0.056796
v 0.037796 -0.140738 0.052966
v 0.035854 -0.140865 0.058842
v 0.036837 -0.140808 0.050855
v 0.036368 -0.140702 0.064530
v 0.034448 -0.140643 0.044670
v 0.031749 -0.141097 0.059543
v 0.035298 -0.140801 0.046933
v 0.034087 -0.140132 0.040076
v 0.032234 -0.141150 0.053408
v 0.031720 -0.141128 0.062645
v 0.032455 -0.141177 0.056189
v 0.032034 -0.140918 0.045638
v 0.034794 -0.140899 0.050406
v 0.027075 -0.141421 0.066940
v 0.029221 -0.141245 0.054057
v 0.027017 -0.141099 0.059988
v 0.028509 -0.141394 0.067205
v 0.023936 -0.141391 0.067849
v 0.022213 -0.141205 0.061835
v 0.023070 -0.141185 0.058898
v 0.027047 -0.141239 0.053623
v 0.023742 -0.141199 0.053977
v 0.029192 -0.140994 0.048847
v 0.016543 -0.141310 0.061510
v 0.020003 -0.141335 0.055349
v 0.019428 -0.141311 0.071210
v 0.018772 -0.141326 0.060075
v 0.018942 -0.141282 0.067611
v 0.019981 -0.141018 0.049296
v 0.025987 -0.140881 0.047720
v 0.011901 -0.141270 0.067917
v 0.018024 -0.141239 0.051767
v 0.013813 -0.141328 0.071541
v 0.015140 -0.141298 0.055341
v 0.010871 -0.141177 0.066300
v 0.013534 -0.141513 0.049130
v 0.010429 -0.141272 0.060739
v 0.010650 -0.141195 0.063519
v 0.005734 -0.141151 0.066994
v 0.007488 -0.141056 0.072896
v 0.010208 -0.141289 0.057958
v 0.003355 -0.141070 0.063855
v 0.002953 -0.141003 0.069510
v 0.003320 -0.139598 -0.028154
v 0.005914 -0.141784 -0.031252
v 0.003133 -0.141077 -0.031031
v 0.006135 -0.141013 -0.028471
v 0.005693 -0.141549 -0.034033
v 0.000607 -0.139544 -0.031166
v 0.008695 -0.141648 -0.031473
v 0.006410 -0.138915 -0.025741
v 0.008474 -0.141735 -0.034254
v 0.002912 -0.141881 -0.033812
v 0.000131 -0.141658 -0.033591
v 0.001346 -0.136762 -0.030889
v 0.009693 -0.141516 -0.029519
v 0.009137 -0.140916 -0.025911
v 0.005588 -0.136793 -0.026373
v 0.005643 -0.141508 -0.037517
v 0.002691 -0.141894 -0.036593
v -0.002871 -0.141054 -0.036151
v 0.000058 -0.136485 -0.033423
v 0.009264 -0.139552 -0.024312
v 0.009426 -0.136762 -0.023196
v 0.010673 -0.141339 -0.036750
v -0.000090 -0.141899 -0.036372
v -0.003913 -0.139547 -0.036071
v 0.003448 -0.134202 -0.031056
v 0.008772 -0.133798 -0.025630
v -0.000318 -0.141692 -0.039136
v 0.008449 -0.141296 -0.042959
v -0.003060 -0.141750 -0.039042
v 0.006191 -0.131579 -0.031274
v -0.003663 -0.136364 -0.037420
v 0.009091 -0.130599 -0.028831
v 0.005030 -0.141210 -0.042376
v -0.005806 -0.139552 -0.037878
v -0.005990 -0.137989 -0.038812
v -0.000098 -0.133961 -0.036344
v 0.000521 -0.141313 -0.044076
v -0.005873 -0.141024 -0.038711
v -0.006412 -0.141463 -0.048232
v -0.006094 -0.141378 -0.041491
v -0.007704 -0.139552 -0.041363
v 0.048506 -0.108343 -0.010811
v 0.046513 -0.111515 -0.014627
v 0.046277 -0.108866 -0.014659
v 0.049917 -0.111929 -0.008416
v 0.043466 -0.110929 -0.017509
v 0.046957 -0.104566 -0.011192
v 0.049962 -0.114793 -0.008380
v 0.049950 -0.108647 -0.006860
v 0.043152 -0.114229 -0.017313
v 0.043438 -0.108866 -0.016867
v 0.048553 -0.103070 -0.005994
v 0.043755 -0.105501 -0.014132
v 0.047041 -0.119096 -0.012206
v 0.052142 -0.111798 -0.003890
v 0.044909 -0.118154 -0.014760
v 0.040484 -0.111655 -0.018828
v 0.040618 -0.108959 -0.017134
v 0.047036 -0.100514 -0.006506
v 0.044058 -0.100522 -0.009070
v 0.051260 -0.108866 -0.004074
v 0.050049 -0.106132 -0.003776
v 0.041013 -0.117295 -0.018056
v 0.038870 -0.114468 -0.019887
v 0.040836 -0.106122 -0.014393
v 0.047558 -0.100058 -0.003780
v 0.041275 -0.100503 -0.008870
v 0.043131 -0.123005 -0.014796
v 0.053160 -0.108222 -0.001569
v 0.050068 -0.103957 -0.000655
v 0.040492 -0.119671 -0.018108
v 0.037640 -0.112158 -0.019400
v 0.038083 -0.108858 -0.015773
v 0.041021 -0.103268 -0.011665
v 0.044309 -0.097955 -0.005970
v 0.047687 -0.100180 -0.000991
v 0.041501 -0.097769 -0.006028
v 0.046440 -0.122814 -0.011758
v 0.051898 -0.106076 -0.001326
v 0.055198 -0.108866 0.001210
v 0.049338 -0.103286 -0.001123
v 0.037714 -0.117150 -0.020468
v 0.037548 -0.114445 -0.020549
v 0.038083 -0.104940 -0.011789
v 0.045740 -0.097707 -0.003635
v 0.046466 -0.097707 -0.000894
v 0.038387 -0.102395 -0.008640
v 0.038720 -0.100500 -0.005871
v 0.047016 -0.125362 -0.009780
v 0.044296 -0.127664 -0.012045
v 0.039052 -0.122894 -0.018535
v 0.056096 -0.111571 0.002557
v 0.054555 -0.106076 0.001261
v 0.053131 -0.106076 -0.000543
v 0.050910 -0.100497 0.001268
v 0.034832 -0.120024 -0.022556
v 0.034829 -0.112587 -0.019559
v 0.034968 -0.111560 -0.016893
v 0.035540 -0.109074 -0.013566
v 0.041730 -0.095056 -0.003154
v 0.044666 -0.094947 -0.000711
v 0.048158 -0.097615 0.001729
v 0.038850 -0.097314 -0.003174
v 0.040858 -0.128454 -0.014504
v 0.034572 -0.122693 -0.022249
v 0.038449 -0.125607 -0.017816
v 0.055534 -0.106399 0.003835
v 0.053309 -0.103187 0.001325
v 0.034691 -0.117086 -0.022375
v 0.034666 -0.114445 -0.021608
v 0.047365 -0.094917 0.002189
v 0.045987 -0.128393 -0.009252
v 0.041729 -0.131334 -0.012025
v 0.031906 -0.128131 -0.021680
v 0.054602 -0.103286 0.004056
v 0.053505 -0.100488 0.004137
v 0.031312 -0.120024 -0.024667
v 0.031703 -0.117235 -0.023674
v 0.031911 -0.114445 -0.021058
v 0.031716 -0.113753 -0.016461
v 0.032670 -0.111771 -0.013439
v 0.041938 -0.093281 -0.000534
v 0.050515 -0.098018 0.001755
v 0.050311 -0.095435 0.004397
v 0.044171 -0.131616 -0.009174
v 0.038394 -0.131315 -0.014466
v 0.037964 -0.128543 -0.017073
v 0.031754 -0.125606 -0.023294
v 0.034752 -0.128088 -0.019469
v 0.052072 -0.097707 0.004257
v 0.031827 -0.115087 -0.022118
v 0.031343 -0.122814 -0.024660
v 0.031609 -0.114106 -0.019311
v 0.031633 -0.109728 -0.009162
v 0.044907 -0.092438 0.002700
v 0.048105 -0.092092 0.005934
v 0.038176 -0.133908 -0.011308
v 0.042063 -0.133975 -0.009280
v 0.029494 -0.128477 -0.022018
v 0.031786 -0.131111 -0.019208
v 0.052906 -0.097707 0.006989
v 0.028730 -0.120024 -0.025865
v 0.028851 -0.117553 -0.024348
v 0.029046 -0.116012 -0.021897
v 0.029528 -0.114989 -0.016326
v 0.029570 -0.114334 -0.014665
v 0.050997 -0.094879 0.007002
v 0.034958 -0.133869 -0.013554
v 0.035357 -0.131261 -0.016876
v 0.028795 -0.126050 -0.025054
v 0.029329 -0.132060 -0.019372
v 0.028692 -0.122814 -0.026342
v 0.027276 -0.114570 -0.013291
v 0.038387 -0.136762 -0.009997
v 0.035355 -0.136046 -0.011088
v 0.026303 -0.130751 -0.021193
v 0.025757 -0.128329 -0.024335
v 0.026044 -0.118426 -0.024457
v 0.025847 -0.120530 -0.026936
v 0.026355 -0.117271 -0.021451
v 0.026761 -0.115929 -0.016197
v 0.041033 -0.136525 -0.008417
v 0.032385 -0.136053 -0.013684
v 0.025365 -0.125466 -0.027123
v 0.026617 -0.133941 -0.017811
v 0.029878 -0.134079 -0.016529
v 0.026222 -0.122814 -0.027450
v 0.024007 -0.115932 -0.014628
v 0.035767 -0.139373 -0.011345
v 0.042262 -0.136762 -0.006157
v 0.038383 -0.139552 -0.010043
v 0.032617 -0.138908 -0.014035
v 0.029586 -0.136762 -0.015096
v 0.021373 -0.134421 -0.018592
v 0.023134 -0.129084 -0.024670
v 0.023105 -0.120482 -0.026757
v 0.023537 -0.117386 -0.020076
v 0.041367 -0.139552 -0.007722
v 0.044213 -0.133790 -0.005731
v 0.040378 -0.139552 -0.008806
v 0.022900 -0.122842 -0.028569
v 0.020679 -0.131854 -0.021612
v 0.022302 -0.136808 -0.017569
v 0.027119 -0.136762 -0.016361
v 0.023013 -0.126089 -0.027380
v 0.035271 -0.142029 -0.013997
v 0.038273 -0.141666 -0.011437
v 0.042568 -0.139552 -0.006181
v 0.043485 -0.136762 -0.003456
v 0.041275 -0.141086 -0.008877
v 0.029593 -0.139525 -0.016377
v 0.017103 -0.133623 -0.020099
v 0.015497 -0.136836 -0.018660
v 0.020652 -0.128644 -0.026304
v 0.020258 -0.120889 -0.026793
v 0.035087 -0.141594 -0.016793
v 0.040176 -0.142469 -0.011434
v 0.044277 -0.140713 -0.006317
v 0.032269 -0.140557 -0.016557
v 0.019487 -0.125625 -0.029310
v 0.018197 -0.139191 -0.018246
v 0.023734 -0.139985 -0.018307
v 0.026584 -0.139552 -0.017662
v 0.020482 -0.118836 -0.024015
v 0.016880 -0.123001 -0.029220
v 0.038416 -0.142080 -0.014161
v 0.044056 -0.141727 -0.009098
v 0.044517 -0.139535 -0.003589
v 0.041134 -0.142342 -0.010640
v 0.029267 -0.140647 -0.019116
v 0.020940 -0.139796 -0.018259
v 0.015263 -0.139552 -0.019264
v 0.016298 -0.128440 -0.029254
v 0.026486 -0.140514 -0.018895
v 0.017600 -0.119789 -0.026686
v 0.034581 -0.141282 -0.019453
v 0.044685 -0.140714 -0.017300
v 0.040933 -0.142342 -0.013170
v 0.046700 -0.141346 -0.008994
v 0.047279 -0.140327 -0.003757
v 0.042384 -0.142342 -0.011764
v 0.014352 -0.125604 -0.030714
v 0.017971 -0.141363 -0.021013
v 0.013989 -0.139552 -0.020700
v 0.015141 -0.140467 -0.020792
v 0.022746 -0.141560 -0.021650
v 0.015022 -0.119936 -0.029301
v 0.041150 -0.140740 -0.020129
v 0.043613 -0.141258 -0.014660
v 0.043834 -0.141832 -0.011879
v 0.026680 -0.141061 -0.021659
v 0.032114 -0.141439 -0.022995
v 0.014373 -0.122814 -0.030456
v 0.012546 -0.136762 -0.020794
v 0.008973 -0.128316 -0.031223
v 0.015966 -0.117235 -0.026454
v 0.034617 -0.141359 -0.022322
v 0.046676 -0.140958 -0.013687
v 0.046293 -0.140476 -0.021600
v 0.049601 -0.140350 -0.004822
v 0.012583 -0.122814 -0.031782
v 0.017692 -0.141552 -0.023822
v 0.014920 -0.141664 -0.023573
v 0.012051 -0.139623 -0.023165
v 0.025634 -0.141161 -0.025152
v 0.009091 -0.130599 -0.028831
v 0.011604 -0.125694 -0.031744
v 0.014240 -0.116850 -0.029156
v 0.013063 -0.120024 -0.031821
v 0.037388 -0.141153 -0.022560
v 0.049242 -0.140887 -0.012925
v 0.050973 -0.140560 -0.018290
v 0.041694 -0.140688 -0.025606
v 0.049617 -0.140729 -0.009540
v 0.028825 -0.141365 -0.024678
v 0.033237 -0.141082 -0.029003
v 0.022873 -0.141242 -0.026889
v 0.009426 -0.136762 -0.023196
v 0.006191 -0.131579 -0.031274
v 0.008556 -0.125781 -0.034729
v 0.011392 -0.117019 -0.033682
v 0.036828 -0.141112 -0.028806
v 0.050943 -0.140720 -0.024602
v 0.046805 -0.140664 -0.026357
v 0.053110 -0.140414 -0.007563
v 0.028604 -0.141385 -0.027459
v 0.010692 -0.122900 -0.034144
v 0.017611 -0.141095 -0.029267
v 0.014699 -0.141843 -0.026354
v 0.009264 -0.139552 -0.024312
v 0.011864 -0.133727 -0.022659
v 0.022523 -0.141537 -0.032101
v 0.005772 -0.130861 -0.033444
v 0.011258 -0.119918 -0.034482
v 0.052177 -0.140961 -0.012542
v 0.053799 -0.140673 -0.023244
v 0.042807 -0.140608 -0.032032
v 0.039878 -0.140793 -0.028672
v 0.036504 -0.141076 -0.033684
v 0.029611 -0.141228 -0.031327
v 0.011918 -0.141635 -0.026133
v 0.008772 -0.133798 -0.025630
v 0.025602 -0.141529 -0.030019
v 0.007369 -0.125604 -0.036965
v 0.008370 -0.123429 -0.037207
v 0.008813 -0.114445 -0.034627
v 0.008108 -0.117349 -0.036961
v 0.057287 -0.140548 -0.013991
v 0.049012 -0.140749 -0.030428
v 0.054146 -0.140618 -0.028352
v 0.054516 -0.140650 -0.018325
v 0.038641 -0.140906 -0.036728
v 0.033257 -0.140769 -0.037000
v 0.008615 -0.120024 -0.037444
v 0.017038 -0.141390 -0.032137
v 0.011571 -0.141396 -0.028953
v 0.009137 -0.140916 -0.025911
v 0.025427 -0.141532 -0.032749
v 0.004932 -0.129329 -0.037065
v 0.008807 -0.111655 -0.031572
v 0.055829 -0.140580 -0.028053
v 0.056680 -0.140648 -0.019660
v 0.046522 -0.140790 -0.037158
v 0.039910 -0.140904 -0.038077
v 0.017564 -0.141607 -0.035146
v 0.012987 -0.141374 -0.033764
v 0.022215 -0.140988 -0.038047
v 0.005238 -0.125519 -0.039578
v 0.005475 -0.122814 -0.039812
v 0.004365 -0.114360 -0.036931
v 0.005663 -0.112143 -0.033710
v 0.005338 -0.117235 -0.038500
v 0.053349 -0.140808 -0.033902
v 0.061504 -0.140725 -0.031415
v 0.060451 -0.140344 -0.022859
v 0.049745 -0.140788 -0.035696
v 0.036062 -0.140852 -0.039246
v 0.029581 -0.140896 -0.037676
v 0.009693 -0.141516 -0.029519
v 0.027065 -0.140979 -0.037703
v 0.002280 -0.125630 -0.042222
v 0.005305 -0.119957 -0.039621
v 0.055720 -0.140823 -0.034783
v 0.060222 -0.140663 -0.036841
v 0.062149 -0.140729 -0.027266
v 0.045180 -0.140886 -0.042524
v 0.035841 -0.140813 -0.042027
v 0.033022 -0.140593 -0.046343
v 0.021223 -0.140888 -0.039961
v 0.013815 -0.141384 -0.037477
v 0.010673 -0.141339 -0.036750
v 0.026865 -0.140997 -0.042317
v -0.000806 -0.128264 -0.041756
v 0.002313 -0.120024 -0.041349
v 0.002611 -0.117090 -0.039443
v 0.002936 -0.111692 -0.033600
v 0.053296 -0.140645 -0.038467
v 0.064313 -0.140665 -0.035895
v 0.064940 -0.140699 -0.027521
v 0.049966 -0.140562 -0.040351
v 0.041385 -0.140773 -0.042529
v 0.017597 -0.140897 -0.040753
v 0.011724 -0.141315 -0.039818
v 0.002138 -0.122814 -0.042049
v -0.000820 -0.130940 -0.038885
v -0.000664 -0.125604 -0.043593
v -0.001608 -0.116438 -0.039101
v -0.000020 -0.113652 -0.036672
v 0.058063 -0.140654 -0.039247
v 0.065613 -0.140710 -0.034115
v 0.049392 -0.140718 -0.044692
v 0.044036 -0.140899 -0.047374
v 0.038029 -0.140811 -0.046070
v 0.029512 -0.140855 -0.049877
v 0.020632 -0.140849 -0.045397
v 0.002745 -0.131295 -0.036640
v -0.003390 -0.130959 -0.041555
v -0.002213 -0.125604 -0.044598
v -0.000723 -0.119997 -0.041944
v -0.000288 -0.111631 -0.033600
v 0.000584 -0.110113 -0.030435
v 0.061076 -0.140678 -0.041103
v 0.052595 -0.140747 -0.045619
v 0.046632 -0.140786 -0.049972
v 0.037626 -0.140855 -0.051929
v 0.028322 -0.141086 -0.053992
v 0.027122 -0.141105 -0.046380
v 0.024228 -0.140937 -0.049785
v 0.017978 -0.141217 -0.050259
v 0.012209 -0.141219 -0.044985
v 0.008449 -0.141296 -0.042959
v -0.000678 -0.122814 -0.043775
v -0.000098 -0.133961 -0.036344
v -0.003565 -0.128313 -0.044453
v -0.003663 -0.136364 -0.037420
v -0.002787 -0.113727 -0.036371
v 0.049303 -0.140830 -0.048694
v 0.045767 -0.140778 -0.054134
v 0.042125 -0.140978 -0.048647
v 0.035178 -0.140826 -0.050369
v 0.015900 -0.141221 -0.047310
v 0.011040 -0.141207 -0.044100
v 0.002869 -0.133924 -0.033461
v -0.006270 -0.132649 -0.044268
v -0.005990 -0.137989 -0.038812
v -0.003457 -0.122748 -0.044523
v -0.003606 -0.125604 -0.045403
v -0.003305 -0.120115 -0.041619
v -0.005888 -0.117039 -0.038904
v -0.002650 -0.112151 -0.033370
v -0.002726 -0.111668 -0.031693
v 0.052071 -0.140850 -0.050938
v 0.048948 -0.140866 -0.054388
v 0.041776 -0.140622 -0.055911
v 0.034542 -0.141041 -0.053591
v 0.022821 -0.141156 -0.055910
v 0.018124 -0.141290 -0.060038
v 0.017393 -0.141359 -0.051992
v 0.009696 -0.141202 -0.050774
v 0.012278 -0.141200 -0.054473
v 0.000058 -0.136485 -0.033423
v -0.006963 -0.128393 -0.046760
v -0.005693 -0.119971 -0.041575
v -0.005406 -0.114499 -0.035838
v -0.006094 -0.114080 -0.033147
v 0.037208 -0.140752 -0.058173
v 0.035227 -0.140735 -0.060479
v 0.029411 -0.140878 -0.061744
v 0.003887 -0.141374 -0.048431
v -0.008774 -0.136972 -0.044101
v -0.008910 -0.131183 -0.047125
v -0.006334 -0.122581 -0.044516
v -0.006500 -0.125604 -0.046599
v -0.008432 -0.115843 -0.035709
v -0.008411 -0.117289 -0.038355
v 0.042857 -0.140667 -0.059375
v 0.037534 -0.140730 -0.061647
v 0.031097 -0.140764 -0.059558
v 0.023170 -0.141172 -0.060609
v 0.007856 -0.141326 -0.056526
v 0.000521 -0.141313 -0.044076
v -0.009302 -0.133987 -0.046840
v -0.007704 -0.139552 -0.041363
v -0.009372 -0.128393 -0.047529
v -0.009034 -0.125585 -0.046866
v -0.008895 -0.119792 -0.041521
v 0.033624 -0.140769 -0.065276
v 0.022870 -0.141296 -0.064109
v 0.012253 -0.141313 -0.058713
v 0.004367 -0.141300 -0.050719
v 0.000022 -0.141373 -0.050352
v -0.011612 -0.136880 -0.046784
v -0.009179 -0.139760 -0.043683
v -0.012209 -0.133973 -0.048016
v -0.012165 -0.128393 -0.047457
v -0.009112 -0.122612 -0.044256
v -0.011056 -0.117254 -0.035336
v -0.011765 -0.119983 -0.041067
v 0.017793 -0.141300 -0.071708
v 0.025989 -0.141187 -0.066377
v 0.012956 -0.141347 -0.060191
v 0.003193 -0.141293 -0.055127
v -0.001216 -0.141403 -0.049671
v -0.012031 -0.139552 -0.045766
v -0.006412 -0.141463 -0.048232
v -0.012196 -0.131183 -0.047845
v -0.011836 -0.125813 -0.046582
v -0.014102 -0.119429 -0.038339
v 0.016100 -0.141275 -0.065954
v 0.011825 -0.141347 -0.062505
v 0.005227 -0.141272 -0.062486
v 0.000281 -0.141265 -0.054419
v -0.014799 -0.139552 -0.045385
v -0.015032 -0.133973 -0.048317
v -0.009317 -0.141552 -0.046832
v -0.015005 -0.131183 -0.047983
v -0.014896 -0.127898 -0.046613
v -0.012280 -0.122782 -0.043828
v -0.014388 -0.120341 -0.040224
v 0.013847 -0.141248 -0.071023
v 0.011604 -0.141317 -0.065286
v 0.001049 -0.141317 -0.061535
v -0.013115 -0.141004 -0.046505
v -0.014914 -0.137219 -0.046841
v -0.010151 -0.141626 -0.049628
v -0.014803 -0.125604 -0.045434
v -0.017423 -0.122539 -0.040736
v 0.011383 -0.141313 -0.068067
v -0.001109 -0.141511 -0.067912
v -0.001572 -0.141370 -0.057936
v -0.017575 -0.139552 -0.045105
v -0.017687 -0.137040 -0.046511
v -0.018286 -0.134075 -0.047818
v -0.017891 -0.131296 -0.047099
v -0.012301 -0.141716 -0.051779
v -0.017565 -0.128982 -0.045924
v -0.014639 -0.123075 -0.043379
v 0.008140 -0.141363 -0.069964
v 0.008427 -0.141345 -0.066210
v -0.002040 -0.141262 -0.061479
v 0.002438 -0.141251 -0.072511
v -0.004671 -0.141315 -0.061013
v -0.017660 -0.141559 -0.046169
v -0.015100 -0.141972 -0.049171
v -0.007070 -0.141683 -0.054023
v -0.021251 -0.125361 -0.040620
v -0.004709 -0.141600 -0.071487
v -0.000108 -0.141311 -0.072704
v -0.020494 -0.139972 -0.045873
v -0.017898 -0.142049 -0.048976
v -0.020509 -0.136762 -0.046806
v -0.022116 -0.134003 -0.045676
v -0.023271 -0.128579 -0.041714
v -0.012628 -0.141514 -0.054717
v 0.008160 -0.141430 -0.073408
v -0.007077 -0.141467 -0.059719
v -0.020440 -0.137889 -0.045948
v -0.020738 -0.141928 -0.051764
v -0.011148 -0.141547 -0.057636
v -0.007735 -0.141534 -0.067076
v -0.023442 -0.141805 -0.048508
v -0.023418 -0.139552 -0.045764
v -0.023301 -0.136401 -0.045758
v -0.025467 -0.133729 -0.042673
v -0.016072 -0.141900 -0.061695
v -0.020886 -0.141877 -0.059205
v -0.011914 -0.141908 -0.070224
v -0.010990 -0.141771 -0.063096
v -0.025883 -0.136762 -0.044009
v -0.027237 -0.142410 -0.052320
v -0.014313 -0.141957 -0.065407
v -0.023885 -0.142040 -0.054069
v -0.026002 -0.140837 -0.045506
v -0.029090 -0.138963 -0.042469
v -0.028162 -0.142338 -0.048134
v -0.024106 -0.142031 -0.056850
v -0.025932 -0.139552 -0.044621
v -0.032740 -0.142706 -0.047604
v -0.023145 -0.142207 -0.065608
v -0.024890 -0.142179 -0.061093
v -0.016474 -0.141918 -0.069461
v -0.028783 -0.141746 -0.045285
v -0.026666 -0.142186 -0.061199
v -0.032283 -0.142553 -0.054161
v -0.032389 -0.142463 -0.044867
v -0.029635 -0.142305 -0.058192
v -0.029446 -0.142496 -0.053627
v -0.031343 -0.140985 -0.042283
v -0.029667 -0.142421 -0.056408
v -0.030259 -0.142101 -0.062367
v -0.027212 -0.142047 -0.066056
v -0.034511 -0.142593 -0.057537
v -0.030184 -0.142115 -0.065280
v -0.024990 -0.142094 -0.067974
v -0.036522 -0.142632 -0.063324
v -0.038211 -0.142690 -0.057423
v -0.040033 -0.142718 -0.053276
v -0.039814 -0.142715 -0.062114
v -0.043332 -0.142732 -0.055714
v -0.044608 -0.142698 -0.048636
v -0.046855 -0.142889 -0.055815
v 0.035977 -0.105782 -0.010426
v 0.038387 -0.102395 -0.008640
v 0.038083 -0.104940 -0.011789
v 0.035755 -0.103408 -0.004731
v 0.034889 -0.108139 -0.011688
v 0.038720 -0.100500 -0.005871
v 0.033517 -0.105809 -0.006432
v 0.035540 -0.109074 -0.013566
v 0.036771 -0.100521 -0.001868
v 0.031046 -0.103420 0.001899
v 0.031633 -0.109728 -0.009162
v 0.033336 -0.103165 -0.000352
v 0.029123 -0.108724 -0.005089
v 0.034288 -0.101034 0.002872
v 0.036417 -0.098416 -0.000047
v 0.027203 -0.108507 -0.002161
v 0.024476 -0.112229 -0.007077
v 0.024940 -0.110167 -0.003308
v 0.028375 -0.106213 0.000816
v 0.033856 -0.100497 0.005485
v 0.034233 -0.097143 0.002877
v 0.025147 -0.108836 0.000698
v 0.027960 -0.105700 0.003375
v 0.031576 -0.100663 0.008764
v 0.022285 -0.110392 -0.000377
v 0.024997 -0.108579 0.003611
v 0.028678 -0.103667 0.006117
v 0.031381 -0.097707 0.007482
v 0.033864 -0.097707 0.005459
v 0.029932 -0.094833 0.005723
v 0.022657 -0.109577 0.004258
v 0.027756 -0.106076 0.006190
v 0.028838 -0.097143 0.009202
v 0.029277 -0.103286 0.008868
v 0.031256 -0.096400 0.005912
v 0.025102 -0.108658 0.006136
v 0.028865 -0.106192 0.008727
v 0.028792 -0.100497 0.010113
v 0.031934 -0.103038 0.011186
v 0.028589 -0.094956 0.007693
v 0.030481 -0.092049 0.005321
v 0.023135 -0.109327 0.009356
v 0.026083 -0.098037 0.011847
v 0.028509 -0.091933 0.008419
v 0.020133 -0.109588 0.006796
v 0.025616 -0.108753 0.009159
v 0.025985 -0.094917 0.011762
v 0.023406 -0.100679 0.014812
v 0.029229 -0.103316 0.011289
v 0.031856 -0.106590 0.011288
v 0.031256 -0.090948 0.005912
v 0.018971 -0.109983 0.004254
v 0.020356 -0.108865 0.009575
v 0.023135 -0.108881 0.012226
v 0.028918 -0.107701 0.011695
v 0.023219 -0.097707 0.014628
v 0.023530 -0.094579 0.014879
v 0.026113 -0.092110 0.011903
v 0.017079 -0.109749 0.007036
v 0.025696 -0.108759 0.011951
v 0.026048 -0.103469 0.014258
v 0.024303 -0.092128 0.014860
v 0.029139 -0.108217 0.014476
v 0.014350 -0.110639 0.004457
v 0.017546 -0.108701 0.009458
v 0.020575 -0.108155 0.012358
v 0.023650 -0.108084 0.014823
v 0.020930 -0.100497 0.016816
v 0.023641 -0.103286 0.015728
v 0.031920 -0.107417 0.014254
v 0.011790 -0.111612 0.007459
v 0.015124 -0.109138 0.010160
v 0.017033 -0.106233 0.012794
v 0.020838 -0.103286 0.015669
v 0.023856 -0.106083 0.016031
v 0.033666 -0.106076 0.014116
v 0.029272 -0.106076 0.016150
v 0.020664 -0.106190 0.015208
v 0.018025 -0.103405 0.015478
v 0.032047 -0.106076 0.015855
v 0.012011 -0.110710 0.010240
v 0.012166 -0.108866 0.012185
v -0.011341 -0.113594 -0.001896
v -0.011234 -0.111655 -0.000552
v -0.008560 -0.113251 -0.002117
v -0.008511 -0.111655 -0.001501
v -0.008489 -0.108866 -0.001213
v -0.006880 -0.111655 -0.002250
v -0.005879 -0.111655 -0.003592
v -0.007720 -0.108866 -0.002184
v -0.005188 -0.111655 -0.005183
v -0.006331 -0.109006 -0.005092
v -0.005228 -0.114445 -0.007979
v -0.006001 -0.107402 -0.005119
v -0.003573 -0.111655 -0.008287
v -0.006112 -0.108866 -0.006523
v -0.003457 -0.114511 -0.010780
v -0.005329 -0.108866 -0.007971
v -0.002100 -0.111655 -0.011026
v -0.003662 -0.110638 -0.010902
v 0.025537 -0.131950 0.040203
v 0.027935 -0.131398 0.042728
v 0.025788 -0.130090 0.042727
v 0.028437 -0.133813 0.039588
v 0.028718 -0.128393 0.044378
v 0.022964 -0.130743 0.041131
v 0.030938 -0.134047 0.042427
v 0.025436 -0.133973 0.038305
v 0.025880 -0.128393 0.043890
v 0.031479 -0.128393 0.043916
v 0.023124 -0.128393 0.044419
v 0.031467 -0.131183 0.043756
v 0.028604 -0.136187 0.036525
v 0.029195 -0.125485 0.045194
v 0.031549 -0.126446 0.045141
v 0.022693 -0.133891 0.037392
v 0.020346 -0.128862 0.043650
v 0.030882 -0.136263 0.036398
v 0.023228 -0.127186 0.045729
v 0.025822 -0.125537 0.045494
v 0.019715 -0.131291 0.040676
v 0.028011 -0.139552 0.035487
v 0.025234 -0.136762 0.035754
v 0.027273 -0.122963 0.046254
v 0.019767 -0.133819 0.037399
v 0.018883 -0.128393 0.043276
v 0.030884 -0.139815 0.036422
v 0.024243 -0.139566 0.034464
v 0.022017 -0.136762 0.034729
v 0.023308 -0.125604 0.046729
v 0.023324 -0.122814 0.046936
v 0.031783 -0.122693 0.047678
v 0.017028 -0.132866 0.038030
v 0.019563 -0.135641 0.034826
v 0.017337 -0.128658 0.041665
v 0.020447 -0.127381 0.045950
v 0.033684 -0.139579 0.036451
v 0.027877 -0.140836 0.037065
v 0.025346 -0.140785 0.037165
v 0.024555 -0.120135 0.047404
v 0.034487 -0.122814 0.046541
v 0.028955 -0.120024 0.047360
v 0.016568 -0.134069 0.035689
v 0.017223 -0.126168 0.043408
v 0.034087 -0.140132 0.040076
v 0.031129 -0.140278 0.039504
v 0.020411 -0.140447 0.037674
v 0.019511 -0.139617 0.034824
v 0.019493 -0.136762 0.033949
v 0.020605 -0.125604 0.047938
v 0.020572 -0.120024 0.047525
v 0.034132 -0.125382 0.044862
v 0.032898 -0.119913 0.047720
v 0.031530 -0.120024 0.047904
v 0.014001 -0.132855 0.035268
v 0.014097 -0.131530 0.036863
v 0.015578 -0.125604 0.040740
v 0.017700 -0.125000 0.046035
v 0.031350 -0.140419 0.042284
v 0.025567 -0.140927 0.039946
v 0.022323 -0.140682 0.041082
v 0.017785 -0.136762 0.032169
v 0.020574 -0.122814 0.047540
v 0.028514 -0.118034 0.048074
v 0.023449 -0.118786 0.048510
v 0.013762 -0.133985 0.032586
v 0.016353 -0.128393 0.040678
v 0.016698 -0.122814 0.043449
v 0.028569 -0.140780 0.042506
v 0.025788 -0.140842 0.042727
v 0.013178 -0.140638 0.038351
v 0.019570 -0.140868 0.043960
v 0.016561 -0.135273 0.032266
v 0.021725 -0.117235 0.048647
v 0.017595 -0.122814 0.046324
v 0.031823 -0.117235 0.048239
v 0.011153 -0.131042 0.032560
v 0.013146 -0.128079 0.036683
v 0.015394 -0.122814 0.040755
v 0.032034 -0.140918 0.045638
v 0.013962 -0.139674 0.034777
v 0.017517 -0.140888 0.042661
v 0.019981 -0.141018 0.049296
v 0.016600 -0.139559 0.032226
v 0.016482 -0.136762 0.031276
v 0.023532 -0.117235 0.049549
v 0.017868 -0.119692 0.048713
v 0.034323 -0.114080 0.047585
v 0.031883 -0.114445 0.048996
v 0.010760 -0.133604 0.029695
v 0.011122 -0.128393 0.034253
v 0.014033 -0.125604 0.038426
v 0.029192 -0.140994 0.048847
v 0.025987 -0.140881 0.047720
v 0.011021 -0.139570 0.035534
v 0.014856 -0.140915 0.042056
v 0.013534 -0.141513 0.049130
v 0.013161 -0.136762 0.030040
v 0.026358 -0.114445 0.049901
v 0.023612 -0.114445 0.050557
v 0.019446 -0.117235 0.048828
v 0.029234 -0.113331 0.049271
v 0.009231 -0.131183 0.030051
v 0.008720 -0.128227 0.032741
v 0.011124 -0.125835 0.035555
v 0.014329 -0.122814 0.039390
v 0.008864 -0.140988 0.039181
v 0.013780 -0.139153 0.032487
v 0.011796 -0.141027 0.041019
v 0.020750 -0.114445 0.049754
v 0.017953 -0.117235 0.049772
v 0.031939 -0.111655 0.049693
v 0.007825 -0.133973 0.027985
v 0.010692 -0.136762 0.028853
v 0.005814 -0.140688 0.035961
v 0.010778 -0.138325 0.029928
v 0.026642 -0.109098 0.050536
v 0.023629 -0.111655 0.050771
v 0.020668 -0.116655 0.048731
v 0.015106 -0.119535 0.049173
v 0.017980 -0.114445 0.050116
v 0.029144 -0.108866 0.049738
v 0.007904 -0.130726 0.029576
v 0.010484 -0.141352 0.045589
v 0.005817 -0.139922 0.032976
v 0.006100 -0.141451 0.041493
v 0.007997 -0.139038 0.030149
v 0.020844 -0.111655 0.050939
v 0.015236 -0.117235 0.050803
v 0.031504 -0.108696 0.049317
v 0.007869 -0.136762 0.028543
v 0.000339 -0.140648 0.033608
v 0.002735 -0.140964 0.036318
v 0.007874 -0.141232 0.050545
v 0.023638 -0.108866 0.050880
v 0.029110 -0.106076 0.049309
v 0.012459 -0.117235 0.051073
v 0.015290 -0.114445 0.051477
v 0.034642 -0.108866 0.048500
v 0.005146 -0.136762 0.029482
v 0.006322 -0.141469 0.044274
v 0.002575 -0.139552 0.032351
v 0.005315 -0.139552 0.031616
v 0.002202 -0.141576 0.041950
v 0.006103 -0.141255 0.047984
v 0.015140 -0.141298 0.055341
v 0.026360 -0.106076 0.049919
v 0.018082 -0.111655 0.051396
v 0.020814 -0.108866 0.050568
v 0.012496 -0.114445 0.051535
v 0.012326 -0.118968 0.049394
v 0.015228 -0.111655 0.050706
v 0.031579 -0.103483 0.047756
v 0.034645 -0.105951 0.047632
v -0.000035 -0.141177 0.037505
v -0.000493 -0.139552 0.030901
v 0.005216 -0.138633 0.030370
v 0.003254 -0.141421 0.053617
v 0.007193 -0.141308 0.055500
v 0.023293 -0.105957 0.048935
v 0.026197 -0.103579 0.047877
v 0.020668 -0.107225 0.048731
v 0.009554 -0.114445 0.049593
v 0.009830 -0.117235 0.049023
v 0.028827 -0.103277 0.048088
v 0.001120 -0.141603 0.044800
v 0.002821 -0.141347 0.048102
v -0.003304 -0.141447 0.033715
v -0.000298 -0.136762 0.031417
v -0.003127 -0.140692 0.031033
v -0.005552 -0.141333 0.041210
v 0.010208 -0.141289 0.057958
v 0.015440 -0.110243 0.049074
v 0.012306 -0.111642 0.049445
v 0.028201 -0.100298 0.045513
v 0.034534 -0.103286 0.047144
v -0.001981 -0.141544 0.045366
v -0.005772 -0.141405 0.037301
v -0.003096 -0.136988 0.031412
v -0.003192 -0.139552 0.030203
v 0.002544 -0.141526 0.058634
v -0.001617 -0.141665 0.056157
v 0.005851 -0.141271 0.059882
v 0.022848 -0.105767 0.045861
v 0.025101 -0.103286 0.045580
v 0.026009 -0.102035 0.045508
v 0.006749 -0.114445 0.046890
v 0.009324 -0.112791 0.046834
v 0.031682 -0.100307 0.046242
v 0.037259 -0.103286 0.046219
v -0.001579 -0.141351 0.050499
v -0.005907 -0.141498 0.031254
v -0.010574 -0.141736 0.034867
v -0.002882 -0.134337 0.034104
v -0.006589 -0.141448 0.046672
v -0.008025 -0.141407 0.039818
v 0.001644 -0.141499 0.055840
v 0.002708 -0.141430 0.060327
v 0.003355 -0.141070 0.063855
v 0.012009 -0.111602 0.046532
v 0.017516 -0.108788 0.045573
v 0.006612 -0.117235 0.047024
v 0.030647 -0.096444 0.042348
v 0.025777 -0.100389 0.042780
v 0.037217 -0.100497 0.045683
v -0.005954 -0.141409 0.051001
v -0.009128 -0.141730 0.031528
v -0.006277 -0.139552 0.028536
v -0.006243 -0.136824 0.031571
v -0.007583 -0.141427 0.045380
v -0.011166 -0.141423 0.042881
v -0.000805 -0.141566 0.060149
v 0.023138 -0.106146 0.043129
v 0.024947 -0.103286 0.042793
v 0.014885 -0.110769 0.046392
v 0.020226 -0.107506 0.043169
v 0.003662 -0.117235 0.046027
v 0.009324 -0.118192 0.046834
v 0.009102 -0.113339 0.044053
v 0.011883 -0.112559 0.043832
v 0.028525 -0.097064 0.042733
v 0.034330 -0.098683 0.044630
v 0.027116 -0.097707 0.042621
v -0.008925 -0.140012 0.028494
v -0.013479 -0.141785 0.032329
v -0.005666 -0.134311 0.034291
v -0.007141 -0.141444 0.050941
v -0.006920 -0.141409 0.053722
v 0.014825 -0.111727 0.044110
v 0.017703 -0.109121 0.043369
v 0.006348 -0.120311 0.044613
v 0.003957 -0.114726 0.044409
v 0.006322 -0.113508 0.044274
v 0.028357 -0.094921 0.039712
v 0.034041 -0.094986 0.041188
v 0.025214 -0.100497 0.039974
v 0.025523 -0.097396 0.040192
v 0.037279 -0.098389 0.044269
v -0.012667 -0.140980 0.029047
v -0.012426 -0.141458 0.042516
v -0.013808 -0.141777 0.037479
v -0.008909 -0.137941 0.028694
v -0.005566 -0.131183 0.035547
v -0.008249 -0.133833 0.034042
v -0.009923 -0.141570 0.053773
v -0.002596 -0.141412 0.061671
v -0.000474 -0.141236 0.064404
v -0.006699 -0.141463 0.056503
v 0.023042 -0.106111 0.038708
v 0.024939 -0.103286 0.039996
v 0.019835 -0.107385 0.039775
v 0.003067 -0.120147 0.044631
v 0.001746 -0.117235 0.044638
v 0.008613 -0.113503 0.041157
v 0.033558 -0.093321 0.039349
v -0.011762 -0.139552 0.028018
v -0.016711 -0.141702 0.045069
v -0.018690 -0.141952 0.037094
v -0.017331 -0.141372 0.029484
v -0.011893 -0.136920 0.029311
v -0.002701 -0.130019 0.036383
v -0.012607 -0.141745 0.051083
v -0.000351 -0.141048 0.067204
v 0.004001 -0.122799 0.041792
v 0.003396 -0.115078 0.041754
v 0.006100 -0.113944 0.041493
v 0.036877 -0.095447 0.041410
v -0.014579 -0.139552 0.027775
v -0.010358 -0.131084 0.034545
v -0.005058 -0.128173 0.036696
v -0.013908 -0.136601 0.028974
v -0.012481 -0.141782 0.054164
v -0.006351 -0.141597 0.064033
v 0.002953 -0.141003 0.069510
v -0.011266 -0.141890 0.058389
v 0.002239 -0.122814 0.041800
v 0.000539 -0.118758 0.041936
v 0.000404 -0.117297 0.039345
v 0.005666 -0.112963 0.036036
v -0.018191 -0.141734 0.044576
v -0.019057 -0.141774 0.051525
v -0.019872 -0.141635 0.030108
v -0.019219 -0.139624 0.026167
v -0.013604 -0.133726 0.031644
v -0.009353 -0.128500 0.034652
v -0.002556 -0.125604 0.038209
v -0.015812 -0.142150 0.057029
v -0.002612 -0.141205 0.067790
v -0.000419 -0.141246 0.072608
v 0.003084 -0.125461 0.038756
v 0.000522 -0.120228 0.042075
v 0.002998 -0.114351 0.036962
v -0.018269 -0.136869 0.027174
v -0.019149 -0.141783 0.040702
v -0.022449 -0.141885 0.047877
v -0.020254 -0.140825 0.026798
v -0.021457 -0.141988 0.037214
v -0.014580 -0.131183 0.032222
v -0.011996 -0.128302 0.031954
v -0.005744 -0.125604 0.037070
v -0.008189 -0.126146 0.034234
v -0.017272 -0.133999 0.029398
v -0.006353 -0.141617 0.072039
v -0.009115 -0.141785 0.064072
v 0.000466 -0.122814 0.041024
v -0.000121 -0.117045 0.036391
v -0.022027 -0.141799 0.042660
v -0.021045 -0.141860 0.052047
v -0.020688 -0.142024 0.056983
v -0.023217 -0.141576 0.027115
v -0.023367 -0.136762 0.024333
v -0.018681 -0.131189 0.029249
v -0.008688 -0.126541 0.031475
v -0.005506 -0.122728 0.036928
v -0.015320 -0.142016 0.062201
v -0.010566 -0.141874 0.068131
v -0.011818 -0.141939 0.062507
v 0.000306 -0.125436 0.039010
v -0.002145 -0.120024 0.038732
v 0.002675 -0.114145 0.033243
v -0.020620 -0.133954 0.027202
v -0.024083 -0.141912 0.052132
v -0.026276 -0.141943 0.028069
v -0.023298 -0.139552 0.024269
v -0.023174 -0.133973 0.025273
v -0.014282 -0.128829 0.031515
v -0.008909 -0.126692 0.028694
v -0.002247 -0.122814 0.039175
v -0.007648 -0.125604 0.031392
v -0.015690 -0.142046 0.064755
v -0.011376 -0.141886 0.068069
v -0.000445 -0.116947 0.033618
v -0.003513 -0.119950 0.036656
v -0.025381 -0.141894 0.039105
v -0.028360 -0.142046 0.045753
v -0.020382 -0.142026 0.060390
v -0.026037 -0.141227 0.024459
v -0.026001 -0.133962 0.023112
v -0.026447 -0.136415 0.022413
v -0.017249 -0.128398 0.029350
v -0.011690 -0.127454 0.028915
v -0.006363 -0.122140 0.034154
v -0.022071 -0.131153 0.026712
v -0.025429 -0.142235 0.065102
v -0.014244 -0.142023 0.068250
v -0.000442 -0.117194 0.030697
v -0.029112 -0.141921 0.051871
v -0.025988 -0.141935 0.055342
v -0.025331 -0.142165 0.061047
v -0.028818 -0.141817 0.024680
v -0.029721 -0.141793 0.035367
v -0.029313 -0.139546 0.020723
v -0.024242 -0.131183 0.024316
v -0.020212 -0.128442 0.026559
v -0.014471 -0.127052 0.029136
v -0.009986 -0.125725 0.026196
v -0.006442 -0.125364 0.028498
v -0.003958 -0.119873 0.033986
v -0.005797 -0.122894 0.031306
v -0.019719 -0.142081 0.068732
v -0.030276 -0.141964 0.040412
v -0.032343 -0.142019 0.048209
v -0.030325 -0.141950 0.026570
v -0.029039 -0.140760 0.021899
v -0.030936 -0.141676 0.033244
v -0.027696 -0.133978 0.021570
v -0.026280 -0.131149 0.021754
v -0.017473 -0.126723 0.026577
v -0.014693 -0.125605 0.026352
v -0.003202 -0.119968 0.030847
v -0.020879 -0.128126 0.024049
v -0.029323 -0.142436 0.061428
v -0.023256 -0.129958 0.024238
v -0.033403 -0.142106 0.040051
v -0.032420 -0.142202 0.056092
v -0.034620 -0.142215 0.052232
v -0.031157 -0.141741 0.030463
v -0.031820 -0.141973 0.022120
v -0.035882 -0.142075 0.035916
v -0.031765 -0.139609 0.018557
v -0.023477 -0.129143 0.021457
v -0.031402 -0.136839 0.018832
v -0.005865 -0.124055 0.025786
v -0.014913 -0.124929 0.023575
v -0.004144 -0.122814 0.028315
v -0.002302 -0.120150 0.028275
v -0.028946 -0.142271 0.058272
v -0.035322 -0.142074 0.045509
v -0.038881 -0.142176 0.050741
v -0.035457 -0.141824 0.029658
v -0.034498 -0.142378 0.022873
v -0.032041 -0.141147 0.019339
v -0.029653 -0.131145 0.018303
v -0.026285 -0.128442 0.018839
v -0.032003 -0.132899 0.016983
v -0.016671 -0.125917 0.024276
v -0.011272 -0.123502 0.022533
v -0.021511 -0.128152 0.021180
v -0.038836 -0.142173 0.039469
v -0.034377 -0.142298 0.057454
v -0.038518 -0.142176 0.043553
v -0.036898 -0.142511 0.058608
v -0.038606 -0.142065 0.032943
v -0.037550 -0.141998 0.014437
v -0.033255 -0.136762 0.016637
v -0.023423 -0.127753 0.018946
v -0.003350 -0.121564 0.025352
v -0.006353 -0.121928 0.022869
v -0.015134 -0.124274 0.020794
v -0.039057 -0.142065 0.036688
v -0.036310 -0.141881 0.028706
v -0.034821 -0.142344 0.019531
v -0.035255 -0.139584 0.014504
v -0.027552 -0.124761 0.016426
v -0.032779 -0.128359 0.014497
v -0.035056 -0.133153 0.014008
v -0.017890 -0.125648 0.020421
v -0.012036 -0.122565 0.020628
v -0.020917 -0.126945 0.018455
v -0.043719 -0.142070 0.040593
v -0.039937 -0.142114 0.025213
v -0.037277 -0.142319 0.021389
v -0.038266 -0.141261 0.011439
v -0.037909 -0.142293 0.016917
v -0.023814 -0.125604 0.017219
v -0.015874 -0.122634 0.018252
v -0.021023 -0.125604 0.017125
v -0.038091 -0.139527 0.009713
v -0.041010 -0.142138 0.012222
v -0.037309 -0.134086 0.011265
v -0.032358 -0.125839 0.013470
v -0.035500 -0.126268 0.010978
v -0.026726 -0.123283 0.015793
v -0.018362 -0.125280 0.018252
v -0.040384 -0.141841 0.020003
v -0.041268 -0.141918 0.008879
v -0.044614 -0.141755 0.015157
v -0.037291 -0.131937 0.010883
v -0.029654 -0.122753 0.013599
v -0.024060 -0.122766 0.015956
v -0.020828 -0.119989 0.014944
v -0.018223 -0.122814 0.017142
v -0.041629 -0.131321 0.002639
v -0.040023 -0.131183 0.005982
v -0.038291 -0.128393 0.008250
v -0.025302 -0.119936 0.013256
v -0.015168 -0.119409 0.015839
v -0.035407 -0.122974 0.008207
v -0.037250 -0.125604 0.008560
v -0.039813 -0.128393 0.005965
v -0.038793 -0.125527 0.005991
v 0.002575 -0.139552 0.032351
v 0.002803 -0.136762 0.030676
v -0.000298 -0.136762 0.031417
v 0.005216 -0.138633 0.030370
v 0.002492 -0.133973 0.030638
v 0.005146 -0.136762 0.029482
v -0.000445 -0.133880 0.033539
v 0.002771 -0.131229 0.033416
v -0.002882 -0.134337 0.034104
v 0.005068 -0.133973 0.028510
v 0.005199 -0.130959 0.030151
v 0.000090 -0.130031 0.036222
v -0.002701 -0.130019 0.036383
v 0.007825 -0.133973 0.027985
v 0.002935 -0.128415 0.036166
v 0.007904 -0.130726 0.029576
v 0.000152 -0.128393 0.037075
v 0.005501 -0.128453 0.033268
v 0.000306 -0.125436 0.039010
v -0.002556 -0.125604 0.038209
v 0.008720 -0.128227 0.032741
v 0.003084 -0.125461 0.038756
v 0.005457 -0.125393 0.035573
v 0.008353 -0.125604 0.034628
v 0.011122 -0.128393 0.034253
v 0.011124 -0.125835 0.035555
v 0.051160 -0.103130 0.009859
v 0.052655 -0.100497 0.009807
v 0.051249 -0.100497 0.010981
v 0.053827 -0.103286 0.008213
v 0.052794 -0.097707 0.009796
v 0.048409 -0.099872 0.012734
v 0.053789 -0.100204 0.007101
v 0.051069 -0.106076 0.008724
v 0.050848 -0.097657 0.012518
v 0.048278 -0.102826 0.009540
v 0.055380 -0.105926 0.006765
v 0.053849 -0.106076 0.008492
v 0.051344 -0.094917 0.010359
v 0.052906 -0.097707 0.006989
v 0.048674 -0.097707 0.013790
v 0.047085 -0.100497 0.013049
v 0.053505 -0.100488 0.004137
v 0.048301 -0.106076 0.009102
v 0.050948 -0.108969 0.007192
v 0.050359 -0.094917 0.012788
v 0.050997 -0.094879 0.007002
v 0.045890 -0.097707 0.013975
v 0.046785 -0.103294 0.010290
v 0.053789 -0.108866 0.007731
v 0.054602 -0.103286 0.004056
v 0.048790 -0.091788 0.010115
v 0.046045 -0.096195 0.015930
v 0.047244 -0.094845 0.015855
v 0.045888 -0.100497 0.013951
v 0.045868 -0.103286 0.013229
v 0.055372 -0.108866 0.006793
v 0.055534 -0.106399 0.003835
v 0.048077 -0.108866 0.009724
v 0.053712 -0.111236 0.006769
v 0.048781 -0.091946 0.013578
v 0.043347 -0.097707 0.016344
v 0.045923 -0.107620 0.013980
v 0.049086 -0.112270 0.007410
v 0.050876 -0.111655 0.006295
v 0.045835 -0.089388 0.013281
v 0.042731 -0.097502 0.019082
v 0.045347 -0.094913 0.018670
v 0.048184 -0.092128 0.015760
v 0.044814 -0.102787 0.015653
v 0.056425 -0.111655 0.005686
v 0.048203 -0.111655 0.009821
v 0.050762 -0.116531 0.004581
v 0.047301 -0.089338 0.015830
v 0.041621 -0.100497 0.019080
v 0.045044 -0.106076 0.016010
v 0.056380 -0.114445 0.005125
v 0.056610 -0.111655 0.003896
v 0.047566 -0.114378 0.011089
v 0.045949 -0.112071 0.015651
v 0.053682 -0.116829 0.005901
v 0.046045 -0.088851 0.015930
v 0.040049 -0.097467 0.021864
v 0.042629 -0.094650 0.021726
v 0.044163 -0.092557 0.021703
v 0.046218 -0.089856 0.018644
v 0.043392 -0.103286 0.017754
v 0.045280 -0.108866 0.015991
v 0.056294 -0.114445 0.003825
v 0.056096 -0.111571 0.002557
v 0.047825 -0.120078 0.007046
v 0.053667 -0.120024 0.006197
v 0.043121 -0.103445 0.018852
v 0.044622 -0.106076 0.018842
v 0.056352 -0.120670 0.003704
v 0.056385 -0.117235 0.005180
v 0.050780 -0.122183 0.005051
v 0.046290 -0.114507 0.016474
v 0.046643 -0.118284 0.012201
v 0.045214 -0.108866 0.018794
v 0.056448 -0.120024 0.005980
v 0.043909 -0.091683 0.023555
v 0.045200 -0.089338 0.021594
v 0.047824 -0.122814 0.006962
v 0.045704 -0.111679 0.018752
v 0.046788 -0.125208 0.009655
v 0.053666 -0.122814 0.006190
v 0.044004 -0.103021 0.021377
v 0.045676 -0.106076 0.021556
v 0.050858 -0.125604 0.006066
v 0.046496 -0.117882 0.015327
v 0.046088 -0.117235 0.018312
v 0.045740 -0.122600 0.013097
v 0.044842 -0.111655 0.021623
v 0.055516 -0.122814 0.003983
v 0.045333 -0.108866 0.021584
v 0.048170 -0.127861 0.007363
v 0.044917 -0.122814 0.016020
v 0.044455 -0.114445 0.021653
v 0.045923 -0.128393 0.010849
v 0.053618 -0.125604 0.005577
v 0.053572 -0.125945 0.003878
v 0.045702 -0.103286 0.024353
v 0.044091 -0.109004 0.024577
v 0.050897 -0.128393 0.006558
v 0.043540 -0.122866 0.018981
v 0.045038 -0.120024 0.018808
v 0.044735 -0.117235 0.021631
v 0.044742 -0.128393 0.013235
v 0.043319 -0.125626 0.016274
v 0.043503 -0.111661 0.023631
v 0.042382 -0.114516 0.024627
v 0.045550 -0.106076 0.024365
v 0.050891 -0.131183 0.007089
v 0.052209 -0.128393 0.004246
v 0.048176 -0.131639 0.009987
v 0.043555 -0.117516 0.023561
v 0.045738 -0.131183 0.012060
v 0.043665 -0.106076 0.026953
v 0.041672 -0.108653 0.028151
v 0.050729 -0.131534 0.003955
v 0.043575 -0.120246 0.022388
v 0.043004 -0.128022 0.016104
v 0.044393 -0.131183 0.013263
v 0.041242 -0.112950 0.026963
v 0.041826 -0.120135 0.027921
v 0.044116 -0.103286 0.027248
v 0.050328 -0.133973 0.007194
v 0.048798 -0.133956 0.010662
v 0.040485 -0.127871 0.022080
v 0.043061 -0.120024 0.024563
v 0.041839 -0.133430 0.016061
v 0.046070 -0.133428 0.013282
v 0.049248 -0.136762 0.007280
v 0.040870 -0.133561 0.017400
v 0.042636 -0.136115 0.015786
v 0.046171 -0.136587 0.013653
v 0.038331 -0.131857 0.022454
v 0.042036 -0.136843 0.016308
v 0.048466 -0.136762 0.010250
v 0.038162 -0.134099 0.020511
v 0.038379 -0.136762 0.019803
v 0.050857 -0.139604 0.007152
v 0.048313 -0.139708 0.012059
v 0.035611 -0.133783 0.027772
v 0.040389 -0.139688 0.019020
v 0.044293 -0.139528 0.016154
v 0.050797 -0.139713 0.009955
v 0.045414 -0.139917 0.015172
v 0.036903 -0.136762 0.022254
v 0.035704 -0.136762 0.025376
v 0.038357 -0.139380 0.022581
v 0.054247 -0.140423 0.008749
v 0.048826 -0.141272 0.015709
v 0.051386 -0.140432 0.012707
v 0.035836 -0.139542 0.027981
v 0.043485 -0.140877 0.018932
v 0.040926 -0.140816 0.021934
v 0.046266 -0.141518 0.018711
v 0.036587 -0.139552 0.025077
v 0.035751 -0.139729 0.030741
v 0.041574 -0.140997 0.024609
v 0.054976 -0.140663 0.011834
v 0.049006 -0.141553 0.019461
v 0.051607 -0.140992 0.015488
v 0.038366 -0.140437 0.024936
v 0.038736 -0.140793 0.028972
v 0.045304 -0.141435 0.021213
v 0.039043 -0.140556 0.033833
v 0.047833 -0.140757 0.026141
v 0.055810 -0.140580 0.017178
v 0.051828 -0.141083 0.018269
v 0.042823 -0.140689 0.033607
v 0.042618 -0.141053 0.028183
v 0.054510 -0.140579 0.022106
v 0.039868 -0.140698 0.040049
v 0.047075 -0.140301 0.031120
v 0.052750 -0.140609 0.025757
v 0.042252 -0.140699 0.038619
v 0.050035 -0.140073 0.029862
v 0.055435 -0.140574 0.027899
v 0.042740 -0.140660 0.039522
v 0.049603 -0.140507 0.036871
v 0.052713 -0.140261 0.029392
v 0.058226 -0.140316 0.028362
v 0.052866 -0.140346 0.032632
v 0.057188 -0.140506 0.032204
v 0.053743 -0.140343 0.039819
v 0.032505 -0.125604 0.042193
v 0.040811 -0.125208 0.024688
v 0.043575 -0.120246 0.022388
v 0.041364 -0.122847 0.026948
v 0.040485 -0.127871 0.022080
v 0.043061 -0.120024 0.024563
v 0.038272 -0.126463 0.028713
v 0.039269 -0.128238 0.025144
v 0.041826 -0.120135 0.027921
v 0.038949 -0.123020 0.030768
v 0.038331 -0.131857 0.022454
v 0.039167 -0.120173 0.031832
v 0.036393 -0.123441 0.033618
v 0.035611 -0.133783 0.027772
v 0.040463 -0.117235 0.030366
v 0.035322 -0.126699 0.033138
v 0.040345 -0.114445 0.030375
v 0.038951 -0.115517 0.033419
v 0.036340 -0.120024 0.033555
v 0.033594 -0.125387 0.035979
v 0.033513 -0.128754 0.034649
v 0.041242 -0.112950 0.026963
v 0.034933 -0.120024 0.036403
v 0.033765 -0.122814 0.037463
v 0.033151 -0.133895 0.033414
v 0.040744 -0.111655 0.030344
v 0.035789 -0.117485 0.035869
v 0.032449 -0.128393 0.036600
v 0.032779 -0.122814 0.039372
v 0.033763 -0.136762 0.030899
v 0.032795 -0.131183 0.036573
v 0.040219 -0.111655 0.033184
v 0.041672 -0.108653 0.028151
v 0.036538 -0.114584 0.036359
v 0.033947 -0.118993 0.039398
v 0.032039 -0.125604 0.039431
v 0.035751 -0.139729 0.030741
v 0.033527 -0.136638 0.033995
v 0.033205 -0.133973 0.036540
v 0.038625 -0.109227 0.037063
v 0.040751 -0.108866 0.030343
v 0.033717 -0.114445 0.039033
v 0.032301 -0.128393 0.039410
v 0.032571 -0.120024 0.042187
v 0.032670 -0.122814 0.042179
v 0.031694 -0.134125 0.039459
v 0.040745 -0.108831 0.033184
v 0.039850 -0.106076 0.030415
v 0.033443 -0.117235 0.042118
v 0.033376 -0.131183 0.039325
v 0.034014 -0.128393 0.042073
v 0.032505 -0.125604 0.042193
v 0.035899 -0.139738 0.033527
v 0.030882 -0.136263 0.036398
v 0.039605 -0.106076 0.036390
v 0.041402 -0.103286 0.030169
v 0.033990 -0.111981 0.039336
v 0.033243 -0.114445 0.042134
v 0.034262 -0.122814 0.043717
v 0.034338 -0.119830 0.044845
v 0.039043 -0.140556 0.033833
v 0.033684 -0.139579 0.036451
v 0.034062 -0.131183 0.042069
v 0.039054 -0.103499 0.035617
v 0.036620 -0.106076 0.038172
v 0.039611 -0.103104 0.033306
v 0.044116 -0.103286 0.027248
v 0.034431 -0.108866 0.039241
v 0.034348 -0.114390 0.044845
v 0.031479 -0.128393 0.043916
v 0.034443 -0.117235 0.045282
v 0.034132 -0.125382 0.044862
v 0.036469 -0.140147 0.036281
v 0.032935 -0.133973 0.042158
v 0.041543 -0.100497 0.030266
v 0.038921 -0.100497 0.031921
v 0.033436 -0.111655 0.042119
v 0.034368 -0.109197 0.042045
v 0.034546 -0.111655 0.044469
v 0.031467 -0.131183 0.043756
v 0.034805 -0.122814 0.044808
v 0.032898 -0.119913 0.047720
v 0.034087 -0.140132 0.040076
v 0.030938 -0.134047 0.042427
v 0.037328 -0.100497 0.036212
v 0.036594 -0.103286 0.038666
v 0.035691 -0.106076 0.039141
v 0.043082 -0.100497 0.027359
v 0.037933 -0.100497 0.033366
v 0.036788 -0.105477 0.042142
v 0.034323 -0.114080 0.047585
v 0.034487 -0.122814 0.046541
v 0.039868 -0.140698 0.040049
v 0.038808 -0.099244 0.030498
v 0.043928 -0.101472 0.024494
v 0.041368 -0.099572 0.027496
v 0.037316 -0.097704 0.033521
v 0.037124 -0.108857 0.044624
v 0.034912 -0.111655 0.048012
v 0.037319 -0.101560 0.039281
v 0.041229 -0.100497 0.025750
v 0.045702 -0.103286 0.024353
v 0.038497 -0.106076 0.044515
v 0.035887 -0.108866 0.047521
v 0.031939 -0.111655 0.049693
v 0.037397 -0.097707 0.036207
v 0.038593 -0.097707 0.038910
v 0.039626 -0.103077 0.044425
v 0.039195 -0.097707 0.027668
v 0.038755 -0.097293 0.030374
v 0.041147 -0.101419 0.024715
v 0.044004 -0.103021 0.021377
v 0.039055 -0.097707 0.024881
v 0.037311 -0.106076 0.046873
v 0.034642 -0.108866 0.048500
v 0.039186 -0.094844 0.036065
v 0.039541 -0.100497 0.041633
v 0.039999 -0.094829 0.028590
v 0.038643 -0.100497 0.024703
v 0.040926 -0.101875 0.021934
v 0.037259 -0.103286 0.046219
v 0.034645 -0.105951 0.047632
v 0.040800 -0.092128 0.033138
v 0.039666 -0.097707 0.041623
v 0.039949 -0.099290 0.044354
v 0.043121 -0.103445 0.018852
v 0.038145 -0.098885 0.022155
v 0.037217 -0.100497 0.045683
v 0.040039 -0.092128 0.035997
v 0.039159 -0.094917 0.038865
v 0.036877 -0.095447 0.041410
v 0.040505 -0.100421 0.044526
v 0.040049 -0.097467 0.021864
v 0.041503 -0.091994 0.029987
v 0.038107 -0.100559 0.022064
v 0.040777 -0.100497 0.020064
v 0.039250 -0.090585 0.036059
v 0.039345 -0.092128 0.037252
v 0.037279 -0.098389 0.044269
v 0.041592 -0.092365 0.027478
v 0.041756 -0.088843 0.030492
v 0.041621 -0.100497 0.019080
v 0.039127 -0.089272 0.034231
v 0.036682 -0.092210 0.038958
v 0.043909 -0.091683 0.023555
v 0.043860 -0.089338 0.026680
v 0.040449 -0.089338 0.033166
v 0.036396 -0.090838 0.036575
v 0.033558 -0.093321 0.039349
v 0.041368 -0.087175 0.027496
v 0.038808 -0.088053 0.030498
v 0.036402 -0.089388 0.033318
v 0.044500 -0.089338 0.024448
v 0.043928 -0.087056 0.024494
v 0.038563 -0.087935 0.027646
v 0.033467 -0.090491 0.033721
v 0.030726 -0.091099 0.034167
v 0.045200 -0.089338 0.021594
v 0.041147 -0.086746 0.024715
v 0.034111 -0.089510 0.030885
v 0.043707 -0.087278 0.021713
v 0.054807 -0.116827 0.001174
v 0.053656 -0.120236 0.001000
v 0.053005 -0.116640 -0.001321
v 0.056352 -0.120670 0.003704
v 0.051944 -0.120024 -0.001330
v 0.052368 -0.114264 -0.003124
v 0.055516 -0.122814 0.003983
v 0.056294 -0.114445 0.003825
v 0.050510 -0.123128 -0.001430
v 0.051092 -0.118769 -0.004083
v 0.052142 -0.111798 -0.003890
v 0.053572 -0.125945 0.003878
v 0.056096 -0.111571 0.002557
v 0.050104 -0.124693 -0.001048
v 0.050436 -0.117235 -0.006807
v 0.049962 -0.114793 -0.008380
v 0.050679 -0.127186 0.001651
v 0.049449 -0.119469 -0.007585
v 0.048318 -0.125425 -0.006353
v 0.052209 -0.128393 0.004246
v 0.047602 -0.130574 -0.001077
v 0.047041 -0.119096 -0.012206
v 0.050729 -0.131534 0.003955
v 0.047016 -0.125362 -0.009780
v 0.047965 -0.133452 0.001830
v 0.046423 -0.130665 -0.004065
v 0.047059 -0.128371 -0.006358
v 0.046498 -0.133973 -0.000897
v 0.048013 -0.136762 0.004455
v 0.045987 -0.128393 -0.009252
v 0.044781 -0.136762 -0.000953
v 0.044171 -0.131616 -0.009174
v 0.045703 -0.136762 0.001965
v 0.049248 -0.136762 0.007280
v 0.044213 -0.133790 -0.005731
v 0.043485 -0.136762 -0.003456
v 0.047226 -0.139601 0.002099
v 0.050375 -0.139649 0.004392
v 0.047151 -0.139689 -0.000949
v 0.044517 -0.139535 -0.003589
v 0.050857 -0.139604 0.007152
v 0.050659 -0.140005 0.001653
v 0.054247 -0.140423 0.008749
v 0.047279 -0.140327 -0.003757
v 0.053372 -0.140095 0.001500
v 0.049601 -0.140350 -0.004822
v 0.053110 -0.140414 -0.007563
v 0.056506 -0.140517 0.006703
v 0.054906 -0.140436 -0.006120
v 0.057581 -0.140404 0.002872
v 0.054976 -0.140663 0.011834
v 0.058067 -0.140519 -0.005827
v 0.055179 -0.140603 -0.009982
v 0.061037 -0.140494 0.003759
v 0.059011 -0.140444 0.000222
v 0.059891 -0.140573 -0.010922
v 0.057287 -0.140548 -0.013991
v 0.062779 -0.140565 -0.002480
v 0.015043 -0.131622 -0.023764
v 0.017438 -0.131152 -0.023717
v 0.017103 -0.133623 -0.020099
v 0.020679 -0.131854 -0.021612
v 0.020652 -0.128644 -0.026304
v 0.023134 -0.129084 -0.024670
v 0.026303 -0.130751 -0.021193
v 0.015000 -0.133887 -0.020595
v 0.017449 -0.129724 -0.026538
v 0.016298 -0.128440 -0.029254
v 0.012127 -0.131230 -0.026223
v 0.011864 -0.133727 -0.022659
v 0.015497 -0.136836 -0.018660
v 0.012546 -0.136762 -0.020794
v 0.008881 -0.120696 0.041272
v 0.011525 -0.120014 0.041047
v 0.009077 -0.119938 0.043733
v 0.006348 -0.120311 0.044613
v 0.011883 -0.118757 0.043832
v 0.004001 -0.122799 0.041792
v 0.008685 -0.122596 0.037073
v 0.009324 -0.118192 0.046834
v 0.011441 -0.121871 0.038270
v 0.006052 -0.122869 0.038812
v 0.012104 -0.118340 0.046613
v 0.013121 -0.120024 0.040935
v 0.014726 -0.118336 0.043569
v 0.009830 -0.117235 0.049023
v 0.014462 -0.120239 0.041063
v 0.011768 -0.122983 0.037359
v 0.014329 -0.122814 0.039390
v 0.012326 -0.118968 0.049394
v 0.015106 -0.119535 0.049173
v 0.015120 -0.119843 0.046373
v 0.017868 -0.119692 0.048713
v 0.017595 -0.122814 0.046324
v 0.016698 -0.122814 0.043449
v 0.014033 -0.125604 0.038426
v 0.015394 -0.122814 0.040755
v 0.002869 -0.133924 -0.033461
v 0.005772 -0.130861 -0.033444
v 0.020536 -0.117235 0.047068
v 0.029139 -0.104304 0.014476
v 0.031903 -0.103385 0.014045
v 0.031694 -0.134125 0.039459
v 0.032935 -0.133973 0.042158
v 0.073191 -0.140376 -0.013613
v 0.072960 -0.140340 -0.014803
v 0.071751 -0.140103 -0.019850
v 0.071330 -0.140360 -0.021303
v 0.073594 -0.140348 -0.011232
v 0.070982 -0.140423 -0.022436
v 0.069411 -0.140679 -0.026906
v 0.074210 -0.140344 -0.005858
v 0.073909 -0.140167 0.008928
v 0.074288 -0.140275 0.004838
v 0.074367 -0.140217 0.003420
v 0.068846 -0.140657 -0.028327
v 0.074311 -0.140372 -0.004414
v 0.073669 -0.140069 0.010728
v 0.074444 -0.140216 0.000343
v 0.068396 -0.140656 -0.029396
v 0.074405 -0.140371 -0.002451
v 0.073216 -0.139864 0.013473
v 0.072823 -0.139910 0.015456
v 0.065729 -0.140713 -0.034956
v 0.072239 -0.139877 0.017982
v 0.070503 -0.140209 0.023900
v 0.071984 -0.139903 0.018977
v 0.069971 -0.140254 0.025424
v 0.067634 -0.140207 0.031108
v 0.068222 -0.140300 0.029796
v -0.072160 -0.143139 0.018293
v -0.071791 -0.143135 0.019698
v -0.070670 -0.143196 0.023400
v -0.070234 -0.143176 0.024682
v -0.073260 -0.143154 0.013212
v -0.069190 -0.143281 -0.027471
v -0.070222 -0.143350 -0.024713
v -0.069623 -0.143126 0.026360
v -0.067020 -0.142909 0.032410
v -0.067519 -0.142951 0.031358
v -0.064904 -0.142976 0.036462
v -0.062942 -0.142991 0.039753
v -0.073649 -0.143249 0.010865
v -0.068416 -0.143293 -0.029346
v -0.071016 -0.143362 -0.022330
v -0.064715 -0.143341 -0.036800
v -0.067500 -0.143299 -0.031397
v -0.066259 -0.142923 0.033939
v -0.060773 -0.143002 0.042995
v -0.059776 -0.142990 0.044370
v -0.074109 -0.143417 0.007070
v -0.049348 -0.142933 -0.055732
v -0.071510 -0.143350 -0.020700
v -0.061428 -0.143217 -0.042050
v -0.062036 -0.143252 -0.041155
v -0.058792 -0.143014 0.045668
v -0.074445 -0.143515 0.000489
v -0.071799 -0.143336 -0.019673
v -0.072815 -0.143327 -0.015497
v -0.073125 -0.143302 -0.013958
v -0.058634 -0.143119 -0.045873
v -0.073756 -0.143388 -0.010116
v -0.052723 -0.142935 -0.052556
v -0.072352 -0.143322 -0.017530
v -0.074037 -0.143433 -0.007795
v -0.031958 -0.142760 0.067236
v -0.033782 -0.142730 0.066339
v -0.028137 -0.142527 0.068918
v -0.026127 -0.142355 0.069705
v -0.035975 -0.142642 0.065175
v -0.039392 -0.142547 0.063168
v -0.043826 -0.142699 0.060175
v -0.045254 -0.142674 0.059107
v -0.047842 -0.142633 0.057033
v -0.052327 -0.142912 0.052952
v -0.049619 -0.142713 0.055497
v -0.053380 -0.142976 0.051890
v -0.054283 -0.142993 0.050945
v -0.055667 -0.143032 0.049423
v -0.056714 -0.143009 0.048224
v -0.058792 -0.143014 0.045668
v 0.066531 -0.140148 0.033403
v 0.067323 -0.140181 0.031776
v 0.064619 -0.139963 0.036969
v 0.063889 -0.140063 0.038211
v 0.062586 -0.140256 0.040310
v 0.061809 -0.140271 0.041491
v 0.059572 -0.140251 0.044643
v 0.057587 -0.140385 0.047176
v 0.055233 -0.140403 0.049914
v 0.053066 -0.140400 0.052210
v 0.049665 -0.140544 0.055454
v 0.047504 -0.140512 0.057313
v 0.046107 -0.140504 0.058443
v 0.043560 -0.140466 0.060369
v 0.041807 -0.140510 0.061596
v 0.036762 -0.140695 0.064737
v 0.034049 -0.140976 0.066199
v 0.031446 -0.141176 0.067475
v 0.028895 -0.141365 0.068609
v 0.025026 -0.141334 0.070112
v 0.019775 -0.141303 0.071772
v 0.014802 -0.141330 0.072959
v 0.008121 -0.141089 0.074001
v 0.011052 -0.141216 0.073620
v 0.012565 -0.141302 0.073377
v 0.006566 -0.141124 0.074156
v 0.003216 -0.141195 0.074373
v 0.001005 -0.141328 0.074435
v 0.063429 -0.140697 -0.038969
v 0.064712 -0.140677 -0.036805
v 0.065729 -0.140713 -0.034956
v 0.062076 -0.140687 -0.041095
v 0.059117 -0.140584 -0.045242
v 0.060341 -0.140629 -0.043603
v 0.058065 -0.140601 -0.046584
v 0.055528 -0.140645 -0.049581
v 0.054250 -0.140734 -0.050981
v 0.046378 -0.140851 -0.058232
v 0.048375 -0.140881 -0.056586
v 0.052756 -0.140794 -0.052525
v 0.050769 -0.140795 -0.054448
v 0.051759 -0.140785 -0.053508
v 0.044889 -0.140822 -0.059387
v 0.049639 -0.140840 -0.055481
v 0.043340 -0.140728 -0.060530
v 0.040850 -0.140789 -0.062236
v 0.030150 -0.140919 -0.068067
v 0.028917 -0.140967 -0.068595
v 0.039599 -0.140818 -0.063039
v 0.034203 -0.140810 -0.066124
v 0.037042 -0.140818 -0.064575
v 0.021611 -0.141212 -0.071240
v 0.024858 -0.141148 -0.070167
v 0.038446 -0.140857 -0.063749
v 0.019963 -0.141275 -0.071720
v 0.014797 -0.141260 -0.072959
v 0.017843 -0.141300 -0.072276
v 0.012824 -0.141289 -0.073332
v 0.009740 -0.141360 -0.073803
v 0.008590 -0.141419 -0.073949
v -0.002645 -0.141427 -0.074397
v 0.004630 -0.141315 -0.074301
v 0.007472 -0.141379 -0.074067
v 0.001460 -0.141341 -0.074431
v 0.003278 -0.141301 -0.074373
v -0.007200 -0.141735 -0.074095
v -0.010457 -0.141876 -0.073706
v -0.013405 -0.142012 -0.073227
v -0.016404 -0.141999 -0.072614
v -0.018371 -0.141940 -0.072141
v -0.021998 -0.142080 -0.071118
v -0.030846 -0.142285 -0.067753
v -0.029609 -0.142270 -0.068302
v -0.024600 -0.142053 -0.070263
v -0.025674 -0.142016 -0.069877
v -0.034542 -0.142558 -0.065947
v -0.036477 -0.142622 -0.064897
v -0.037377 -0.142609 -0.064382
v -0.041808 -0.142704 -0.061598
v -0.039966 -0.142694 -0.062809
v -0.048625 -0.142935 -0.056371
v -0.046897 -0.142871 -0.057817
v -0.000385 -0.141354 0.074444
v 0.001005 -0.141328 0.074435
v -0.003945 -0.141590 0.074340
v -0.007389 -0.141720 0.074077
v -0.005729 -0.141694 0.074224
v -0.012122 -0.141906 0.073448
v -0.015222 -0.141894 0.072869
v -0.023098 -0.142235 0.070770
v -0.025282 -0.142303 0.070018
v -0.016548 -0.141932 0.072581
v -0.019441 -0.142104 0.071860
vt 0.057228 0.162658
vt 0.061167 0.166983
vt 0.063707 0.156899
vt 0.059316 0.139838
vt 0.065332 0.156261
vt 0.061937 0.147855
vt 0.057964 0.138241
vt 0.054680 0.135795
vt 0.043671 0.132119
vt 0.046272 0.136232
vt 0.067302 0.168117
vt 0.065975 0.129935
vt 0.062321 0.124278
vt 0.058675 0.126108
vt 0.051229 0.133394
vt 0.045370 0.135684
vt 0.048822 0.142741
vt 0.067627 0.155458
vt 0.054885 0.125120
vt 0.050557 0.146321
vt 0.045367 0.108744
vt 0.042006 0.117827
vt 0.071522 0.168669
vt 0.064722 0.123236
vt 0.058961 0.109875
vt 0.056059 0.120063
vt 0.050922 0.107778
vt 0.039981 0.099313
vt 0.048508 0.117090
vt 0.045822 0.102120
vt 0.065069 0.111071
vt 0.061508 0.104599
vt 0.053133 0.108023
vt 0.044105 0.088258
vt 0.038306 0.096037
vt 0.040910 0.090261
vt 0.049965 0.091935
vt 0.034359 0.090379
vt 0.045549 0.074966
vt 0.033277 0.073127
vt 0.043870 0.071476
vt 0.036946 0.076927
vt 0.039129 0.083645
vt 0.047227 0.078378
vt 0.040706 0.064060
vt 0.047076 0.058059
vt 0.043770 0.053202
vt 0.034064 0.061422
vt 0.041140 0.053757
vt 0.035476 0.056101
vt 0.033964 0.051881
vt 0.041363 0.041482
vt 0.036677 0.045335
vt 0.030746 0.041713
vt 0.034866 0.036528
vt 0.424703 0.301630
vt 0.425148 0.287633
vt 0.422009 0.292392
vt 0.427359 0.293148
vt 0.423317 0.281686
vt 0.427962 0.277437
vt 0.429746 0.294436
vt 0.424763 0.265360
vt 0.426314 0.268537
vt 0.427359 0.322274
vt 0.422007 0.270063
vt 0.427207 0.256670
vt 0.433413 0.271856
vt 0.423971 0.250577
vt 0.430230 0.256637
vt 0.432083 0.260605
vt 0.421308 0.254248
vt 0.428493 0.248174
vt 0.435664 0.257145
vt 0.426755 0.234899
vt 0.425028 0.232523
vt 0.433166 0.234978
vt 0.429446 0.240456
vt 0.434947 0.240626
vt 0.421527 0.236696
vt 0.431451 0.226115
vt 0.437145 0.237837
vt 0.427756 0.226957
vt 0.425570 0.219859
vt 0.434681 0.220760
vt 0.436092 0.230237
vt 0.437780 0.250450
vt 0.433638 0.211680
vt 0.428995 0.217932
vt 0.436926 0.218755
vt 0.438997 0.237066
vt 0.427256 0.208112
vt 0.430222 0.209096
vt 0.435668 0.212177
vt 0.438139 0.229187
vt 0.425830 0.203193
vt 0.431388 0.199827
vt 0.434255 0.201723
vt 0.428790 0.200019
vt 0.438711 0.216766
vt 0.428174 0.194110
vt 0.430358 0.190813
vt 0.432945 0.192475
vt 0.436475 0.201304
vt 0.438240 0.199919
vt 0.440509 0.220667
vt 0.432786 0.180265
vt 0.434378 0.184118
vt 0.435447 0.192788
vt 0.430614 0.180283
vt 0.437444 0.191908
vt 0.441398 0.205823
vt 0.435132 0.166115
vt 0.436149 0.177999
vt 0.439245 0.190643
vt 0.440174 0.198862
vt 0.441425 0.190804
vt 0.440765 0.182738
vt 0.890151 0.280162
vt 0.890592 0.299541
vt 0.891112 0.293114
vt 0.891550 0.279116
vt 0.892316 0.289232
vt 0.891128 0.270481
vt 0.893713 0.282870
vt 0.893245 0.297969
vt 0.892613 0.264539
vt 0.890330 0.260016
vt 0.894521 0.293697
vt 0.894722 0.274456
vt 0.893006 0.250961
vt 0.896709 0.283168
vt 0.895476 0.304110
vt 0.894092 0.256755
vt 0.891250 0.246362
vt 0.896724 0.297060
vt 0.896123 0.268404
vt 0.896716 0.251977
vt 0.894824 0.242910
vt 0.892280 0.240020
vt 0.889707 0.250983
vt 0.897564 0.284609
vt 0.897794 0.306340
vt 0.897416 0.261810
vt 0.896740 0.228019
vt 0.890130 0.233995
vt 0.889676 0.244203
vt 0.898909 0.293528
vt 0.898699 0.274006
vt 0.896583 0.315270
vt 0.897740 0.237163
vt 0.895733 0.228086
vt 0.894382 0.234519
vt 0.891136 0.223515
vt 0.899872 0.280736
vt 0.899098 0.311312
vt 0.898213 0.246212
vt 0.899264 0.213316
vt 0.896476 0.212635
vt 0.893364 0.223969
vt 0.889580 0.225098
vt 0.889632 0.231906
vt 0.899348 0.231869
vt 0.898132 0.213657
vt 0.895226 0.219679
vt 0.897612 0.205701
vt 0.891619 0.197061
vt 0.890277 0.209477
vt 0.900252 0.219557
vt 0.895865 0.203371
vt 0.893631 0.193274
vt 0.899290 0.193943
vt 0.899023 0.183590
vt 0.894715 0.176108
vt 0.894535 0.187821
vt 0.898814 0.172610
vt 0.903881 0.168159
vt 0.902364 0.168211
vt 0.903101 0.173532
vt 0.901850 0.157785
vt 0.901806 0.168207
vt 0.906730 0.172635
vt 0.902676 0.148999
vt 0.901121 0.158030
vt 0.902879 0.177881
vt 0.907323 0.162270
vt 0.903454 0.180435
vt 0.906706 0.144088
vt 0.901821 0.146503
vt 0.900855 0.147090
vt 0.900816 0.171296
vt 0.908736 0.172086
vt 0.906784 0.175889
vt 0.904469 0.143914
vt 0.902705 0.134791
vt 0.899746 0.159425
vt 0.901028 0.180137
vt 0.909161 0.159593
vt 0.907923 0.176940
vt 0.909061 0.147383
vt 0.905763 0.179333
vt 0.904143 0.133334
vt 0.901822 0.135040
vt 0.898894 0.149154
vt 0.902502 0.189378
vt 0.911805 0.166390
vt 0.909330 0.180512
vt 0.908740 0.138306
vt 0.905103 0.185931
vt 0.906663 0.183842
vt 0.906086 0.125538
vt 0.902884 0.128061
vt 0.900538 0.136264
vt 0.899075 0.138322
vt 0.898743 0.160804
vt 0.900795 0.191802
vt 0.911667 0.154455
vt 0.910485 0.178767
vt 0.907857 0.119505
vt 0.912004 0.132294
vt 0.908301 0.179816
vt 0.907577 0.182612
vt 0.904095 0.122236
vt 0.901522 0.123232
vt 0.897272 0.151150
vt 0.897253 0.163177
vt 0.902831 0.200389
vt 0.900861 0.203142
vt 0.914436 0.152499
vt 0.914363 0.174600
vt 0.910519 0.190677
vt 0.909540 0.120772
vt 0.906650 0.196542
vt 0.902894 0.123150
vt 0.899375 0.127173
vt 0.896598 0.131586
vt 0.905255 0.197203
vt 0.914672 0.164814
vt 0.913651 0.131751
vt 0.909142 0.104153
vt 0.911780 0.111251
vt 0.908533 0.193404
vt 0.904404 0.207835
vt 0.902617 0.209763
vt 0.916007 0.149536
vt 0.915366 0.132220
vt 0.915002 0.184956
vt 0.916477 0.160172
vt 0.913380 0.108913
vt 0.909377 0.203327
vt 0.906035 0.209387
vt 0.907985 0.205926
vt 0.901392 0.213992
vt 0.913424 0.195630
vt 0.917033 0.181579
vt 0.916652 0.171107
vt 0.911302 0.099222
vt 0.912923 0.098513
vt 0.911153 0.200846
vt 0.917955 0.157793
vt 0.916808 0.136677
vt 0.914941 0.106896
vt 0.917467 0.192243
vt 0.919967 0.165787
vt 0.910556 0.213596
vt 0.916497 0.125454
vt 0.915187 0.206664
vt 0.911855 0.211351
vt 0.918265 0.182086
vt 0.919735 0.155289
vt 0.918525 0.134610
vt 0.918140 0.120108
vt 0.917852 0.202794
vt 0.919279 0.189488
vt 0.919940 0.175218
vt 0.912273 0.223813
vt 0.921529 0.152805
vt 0.916916 0.213311
vt 0.922170 0.171700
vt 0.921266 0.142238
vt 0.921896 0.163599
vt 0.921709 0.197691
vt 0.915238 0.220264
vt 0.918669 0.215174
vt 0.921627 0.187942
vt 0.924597 0.160503
vt 0.923371 0.149975
vt 0.919802 0.211835
vt 0.916745 0.229863
vt 0.917770 0.224395
vt 0.923872 0.183324
vt 0.921838 0.209001
vt 0.923065 0.195872
vt 0.920455 0.224543
vt 0.919160 0.226156
vt 0.924506 0.171647
vt 0.917946 0.235374
vt 0.925715 0.191889
vt 0.926354 0.168853
vt 0.921901 0.220459
vt 0.923747 0.205548
vt 0.920237 0.248565
vt 0.918856 0.247750
vt 0.925306 0.207185
vt 0.921857 0.230492
vt 0.917484 0.253138
vt 0.929504 0.175133
vt 0.927714 0.199227
vt 0.923317 0.218522
vt 0.921338 0.248300
vt 0.918945 0.257028
vt 0.929133 0.188219
vt 0.927624 0.213527
vt 0.923189 0.229166
vt 0.924879 0.216381
vt 0.920141 0.257870
vt 0.917637 0.272551
vt 0.931624 0.183064
vt 0.930399 0.194435
vt 0.930051 0.202013
vt 0.921206 0.256684
vt 0.922589 0.242995
vt 0.918977 0.270965
vt 0.932113 0.205148
vt 0.924411 0.227362
vt 0.921005 0.269276
vt 0.922308 0.255444
vt 0.923669 0.240921
vt 0.919670 0.280301
vt 0.918662 0.282977
vt 0.933524 0.195679
vt 0.929475 0.215555
vt 0.926450 0.225487
vt 0.922426 0.267240
vt 0.923650 0.253819
vt 0.917613 0.288790
vt 0.935960 0.200968
vt 0.931914 0.218264
vt 0.929179 0.222463
vt 0.921146 0.280691
vt 0.922043 0.279568
vt 0.924009 0.260797
vt 0.926385 0.249997
vt 0.920057 0.293723
vt 0.918844 0.294924
vt 0.935730 0.213463
vt 0.933896 0.218219
vt 0.928588 0.235338
vt 0.925352 0.237958
vt 0.922733 0.275195
vt 0.925720 0.256545
vt 0.919041 0.306525
vt 0.938532 0.210221
vt 0.932155 0.230724
vt 0.930239 0.226044
vt 0.921568 0.298732
vt 0.928324 0.257268
vt 0.920432 0.305054
vt 0.917127 0.304456
vt 0.935481 0.225962
vt 0.939133 0.196617
vt 0.938051 0.222605
vt 0.929467 0.256802
vt 0.930794 0.244609
vt 0.919356 0.317932
vt 0.940380 0.220335
vt 0.936196 0.235930
vt 0.921243 0.318284
vt 0.929727 0.270041
vt 0.918086 0.319107
vt 0.938539 0.234497
vt 0.942779 0.216912
vt 0.940903 0.231359
vt 0.922774 0.312887
vt 0.932790 0.254139
vt 0.930917 0.267146
vt 0.921352 0.326191
vt 0.920195 0.339276
vt 0.917104 0.325616
vt 0.943058 0.227802
vt 0.937341 0.247368
vt 0.923042 0.326403
vt 0.931011 0.281870
vt 0.918342 0.330594
vt 0.940970 0.243038
vt 0.945641 0.223761
vt 0.942711 0.240783
vt 0.936132 0.253296
vt 0.939591 0.256938
vt 0.933711 0.275757
vt 0.929083 0.281102
vt 0.932352 0.278719
vt 0.922695 0.336681
vt 0.918746 0.341793
vt 0.917932 0.355899
vt 0.944823 0.237903
vt 0.938073 0.258678
vt 0.929904 0.290973
vt 0.927533 0.280804
vt 0.932552 0.287848
vt 0.923415 0.324926
vt 0.922589 0.348276
vt 0.919510 0.355575
vt 0.941796 0.262740
vt 0.946432 0.235364
vt 0.944049 0.250027
vt 0.936527 0.273488
vt 0.938936 0.269463
vt 0.940463 0.269492
vt 0.928361 0.293268
vt 0.923579 0.345676
vt 0.922697 0.359819
vt 0.921664 0.361368
vt 0.948007 0.232971
vt 0.946629 0.254219
vt 0.938720 0.280566
vt 0.931091 0.305357
vt 0.928976 0.303067
vt 0.926727 0.290919
vt 0.937085 0.283139
vt 0.924828 0.333723
vt 0.924397 0.358508
vt 0.920992 0.377175
vt 0.942857 0.276707
vt 0.944486 0.262542
vt 0.948824 0.243982
vt 0.947091 0.222026
vt 0.940823 0.279257
vt 0.934136 0.297737
vt 0.927568 0.312885
vt 0.925048 0.343235
vt 0.924310 0.326111
vt 0.925306 0.354315
vt 0.924516 0.370972
vt 0.923000 0.371222
vt 0.922469 0.376338
vt 0.944789 0.274530
vt 0.949293 0.233776
vt 0.948768 0.256241
vt 0.947239 0.270939
vt 0.939272 0.289272
vt 0.940951 0.289251
vt 0.929111 0.315128
vt 0.935458 0.307558
vt 0.936812 0.293754
vt 0.926909 0.341106
vt 0.925505 0.324478
vt 0.925304 0.367849
vt 0.923487 0.391630
vt 0.942610 0.284570
vt 0.943974 0.287539
vt 0.949988 0.242009
vt 0.950211 0.261699
vt 0.948953 0.268114
vt 0.938911 0.301837
vt 0.931911 0.323348
vt 0.937471 0.304428
vt 0.929160 0.335548
vt 0.926383 0.330275
vt 0.927074 0.364606
vt 0.927429 0.374063
vt 0.924737 0.380625
vt 0.925755 0.395439
vt 0.945815 0.296647
vt 0.950193 0.225740
vt 0.949183 0.287607
vt 0.941628 0.300723
vt 0.942917 0.299757
vt 0.930332 0.325611
vt 0.937923 0.317336
vt 0.934641 0.331432
vt 0.928709 0.338454
vt 0.927263 0.352343
vt 0.927500 0.388380
vt 0.944223 0.298781
vt 0.948099 0.299076
vt 0.951096 0.252155
vt 0.951088 0.239591
vt 0.949147 0.201770
vt 0.950250 0.277852
vt 0.940615 0.313388
vt 0.932823 0.348594
vt 0.936864 0.325301
vt 0.932763 0.333570
vt 0.930339 0.349109
vt 0.929007 0.361039
vt 0.928682 0.384713
vt 0.944661 0.310348
vt 0.946511 0.308938
vt 0.952239 0.260084
vt 0.951506 0.263651
vt 0.950778 0.221321
vt 0.951575 0.276593
vt 0.950430 0.289666
vt 0.949727 0.303566
vt 0.939469 0.315272
vt 0.941833 0.312654
vt 0.943172 0.311665
vt 0.939222 0.336815
vt 0.934965 0.342262
vt 0.928380 0.399264
vt 0.949641 0.316205
vt 0.952063 0.239033
vt 0.951939 0.214203
vt 0.950780 0.301330
vt 0.940547 0.324799
vt 0.942065 0.324575
vt 0.930674 0.360469
vt 0.940707 0.334960
vt 0.937316 0.338072
vt 0.933982 0.374102
vt 0.945354 0.323374
vt 0.948660 0.338044
vt 0.952140 0.225739
vt 0.953186 0.263746
vt 0.951625 0.202906
vt 0.951774 0.299203
vt 0.940823 0.325269
vt 0.943597 0.323202
vt 0.939585 0.348144
vt 0.938080 0.357779
vt 0.935771 0.359332
vt 0.932136 0.405476
vt 0.950531 0.348141
vt 0.952817 0.283594
vt 0.954249 0.234844
vt 0.954635 0.246156
vt 0.953865 0.223553
vt 0.955326 0.220966
vt 0.951848 0.314084
vt 0.951050 0.313085
vt 0.941858 0.334641
vt 0.942773 0.335333
vt 0.941114 0.346703
vt 0.934222 0.381252
vt 0.946775 0.342965
vt 0.944317 0.333993
vt 0.950138 0.351824
vt 0.950708 0.326237
vt 0.953966 0.292203
vt 0.955112 0.257295
vt 0.953909 0.191589
vt 0.952777 0.311454
vt 0.939751 0.366965
vt 0.941288 0.358736
vt 0.937213 0.379131
vt 0.934183 0.403730
vt 0.947974 0.358605
vt 0.944946 0.342595
vt 0.949547 0.365351
vt 0.955519 0.274757
vt 0.957097 0.262999
vt 0.956351 0.206760
vt 0.951243 0.189382
vt 0.952433 0.332722
vt 0.943571 0.344577
vt 0.942677 0.357879
vt 0.937306 0.400175
vt 0.934675 0.415917
vt 0.945679 0.355655
vt 0.950564 0.362106
vt 0.956150 0.291698
vt 0.955574 0.175339
vt 0.957061 0.221745
vt 0.952821 0.176189
vt 0.954328 0.305995
vt 0.953650 0.327826
vt 0.941037 0.383147
vt 0.943001 0.369534
vt 0.945869 0.368136
vt 0.944115 0.356924
vt 0.947959 0.364707
vt 0.948843 0.384728
vt 0.952157 0.350623
vt 0.957531 0.231000
vt 0.959101 0.288709
vt 0.958775 0.279077
vt 0.958249 0.182818
vt 0.958554 0.201447
vt 0.953881 0.338925
vt 0.937697 0.387529
vt 0.936520 0.412807
vt 0.947080 0.378510
vt 0.950843 0.370260
vt 0.948090 0.386025
vt 0.957865 0.243396
vt 0.956948 0.314246
vt 0.958473 0.311269
vt 0.958314 0.265296
vt 0.953961 0.156061
vt 0.957097 0.165558
vt 0.959288 0.216545
vt 0.955146 0.316504
vt 0.955695 0.327480
vt 0.944971 0.379601
vt 0.939957 0.408747
vt 0.937613 0.422967
vt 0.950222 0.392856
vt 0.946808 0.397655
vt 0.953823 0.374409
vt 0.953687 0.353607
vt 0.962556 0.304682
vt 0.961011 0.278235
vt 0.951253 0.131420
vt 0.961462 0.186702
vt 0.960373 0.149405
vt 0.956403 0.341045
vt 0.941770 0.395029
vt 0.943341 0.393353
vt 0.942425 0.406061
vt 0.946083 0.390949
vt 0.952340 0.386578
vt 0.947612 0.399068
vt 0.955253 0.359427
vt 0.957708 0.326562
vt 0.963009 0.321961
vt 0.949476 0.137557
vt 0.953360 0.115448
vt 0.955283 0.154562
vt 0.957542 0.142274
vt 0.963526 0.205141
vt 0.956893 0.350635
vt 0.940495 0.419996
vt 0.941194 0.417556
vt 0.951184 0.400660
vt 0.946887 0.407357
vt 0.944848 0.402807
vt 0.954827 0.388824
vt 0.962955 0.264146
vt 0.958511 0.336418
vt 0.965096 0.305784
vt 0.948055 0.107330
vt 0.952051 0.120383
vt 0.961908 0.156617
vt 0.958028 0.131507
vt 0.961833 0.214103
vt 0.963478 0.165028
vt 0.943808 0.413481
vt 0.954205 0.397922
vt 0.956136 0.379947
vt 0.957009 0.360537
vt 0.963637 0.270201
vt 0.965549 0.318955
vt 0.961497 0.346038
vt 0.950423 0.111650
vt 0.955507 0.136657
vt 0.960463 0.125331
vt 0.964461 0.233475
vt 0.964663 0.195876
vt 0.961066 0.373215
vt 0.942661 0.421443
vt 0.952737 0.412077
vt 0.948921 0.414719
vt 0.945476 0.420407
vt 0.956716 0.394791
vt 0.959506 0.387061
vt 0.965062 0.256676
vt 0.966276 0.327598
vt 0.964832 0.361576
vt 0.965808 0.276366
vt 0.950088 0.073660
vt 0.953575 0.082431
vt 0.955700 0.103123
vt 0.964586 0.148720
vt 0.963596 0.128148
vt 0.958613 0.119917
vt 0.957256 0.106400
vt 0.965567 0.172755
vt 0.950688 0.412167
vt 0.954458 0.411825
vt 0.958286 0.389866
vt 0.957262 0.408055
vt 0.969892 0.349509
vt 0.967090 0.301344
vt 0.952306 0.078996
vt 0.955387 0.102667
vt 0.966733 0.147576
vt 0.963367 0.096772
vt 0.959777 0.092975
vt 0.966828 0.207953
vt 0.967261 0.170508
vt 0.962492 0.379143
vt 0.951903 0.421264
vt 0.959001 0.408780
vt 0.966670 0.255770
vt 0.966519 0.233644
vt 0.968215 0.313586
vt 0.967996 0.373583
vt 0.951319 0.058331
vt 0.955748 0.079774
vt 0.953427 0.068453
vt 0.965647 0.128047
vt 0.960885 0.100480
vt 0.967233 0.219761
vt 0.968533 0.205901
vt 0.968144 0.193252
vt 0.956138 0.435309
vt 0.952409 0.432140
vt 0.959047 0.437837
vt 0.970302 0.327142
vt 0.970271 0.284441
vt 0.964716 0.370710
vt 0.968907 0.365057
vt 0.957609 0.093119
vt 0.965201 0.111903
vt 0.960687 0.076612
vt 0.969057 0.228344
vt 0.962631 0.419821
vt 0.961219 0.426709
vt 0.968255 0.247207
vt 0.970179 0.302878
vt 0.965742 0.398256
vt 0.969797 0.388746
vt 0.954929 0.054388
vt 0.956751 0.075298
vt 0.958348 0.063150
vt 0.970725 0.201155
vt 0.963832 0.411416
vt 0.954130 0.455211
vt 0.956924 0.456338
vt 0.959873 0.441682
vt 0.971817 0.304082
vt 0.968478 0.401804
vt 0.970291 0.257648
vt 0.972068 0.227510
vt 0.966949 0.428249
vt 0.952717 0.458830
vt 0.971466 0.289412
vt 0.972368 0.262111
vt 0.956995 0.044711
vt 0.962659 0.446527
vt 0.217148 0.116209
vt 0.216152 0.101834
vt 0.215256 0.120694
vt 0.212814 0.110596
vt 0.212625 0.120012
vt 0.211854 0.127240
vt 0.208274 0.133855
vt 0.208342 0.113973
vt 0.203147 0.154273
vt 0.206873 0.125018
vt 0.206681 0.139266
vt 0.205416 0.115469
vt 0.202880 0.126682
vt 0.205153 0.102828
vt 0.200908 0.146280
vt 0.202191 0.113494
vt 0.200467 0.160905
vt 0.519636 0.271566
vt 0.516937 0.271874
vt 0.516366 0.260856
vt 0.515706 0.257714
vt 0.517901 0.244223
vt 0.512999 0.249584
vt 0.514776 0.239873
vt 0.512190 0.252123
vt 0.510108 0.236679
vt 0.512971 0.230632
vt 0.515502 0.223891
vt 0.509099 0.219580
vt 0.511687 0.229616
vt 0.511656 0.206478
vt 0.507041 0.219960
vt 0.513847 0.203772
vt 0.510127 0.212650
vt 0.507831 0.209747
vt 0.513382 0.194796
vt 0.511543 0.199467
vt 0.509505 0.204549
vt 0.506164 0.193797
vt 0.508026 0.198478
vt 0.505372 0.196808
vt 0.508779 0.193513
vt 0.503058 0.203411
vt 0.511104 0.180591
vt 0.504621 0.183381
vt 0.510227 0.185200
vt 0.513044 0.175838
vt 0.507209 0.180076
vt 0.503292 0.185822
vt 0.506069 0.183057
vt 0.510418 0.173304
vt 0.508748 0.186295
vt 0.500902 0.173263
vt 0.506634 0.170395
vt 0.503986 0.167532
vt 0.500935 0.178462
vt 0.500207 0.163058
vt 0.502707 0.152405
vt 0.504049 0.153128
vt 0.506615 0.162685
vt 0.506175 0.151719
vt 0.508846 0.166267
vt 0.502272 0.132512
vt 0.505212 0.139970
vt 0.498298 0.149864
vt 0.503096 0.139190
vt 0.499855 0.145403
vt 0.507818 0.135521
vt 0.509048 0.154646
vt 0.499029 0.120853
vt 0.506551 0.130631
vt 0.497584 0.130246
vt 0.504771 0.123274
vt 0.499671 0.116072
vt 0.507144 0.113537
vt 0.502028 0.110681
vt 0.500864 0.113360
vt 0.498864 0.098384
vt 0.496415 0.108654
vt 0.503197 0.108026
vt 0.500041 0.087894
vt 0.497504 0.090136
vt 0.513558 0.088721
vt 0.513509 0.069242
vt 0.512200 0.077882
vt 0.514813 0.077541
vt 0.512236 0.064141
vt 0.510911 0.087851
vt 0.514866 0.063271
vt 0.516180 0.089894
vt 0.513580 0.057060
vt 0.510885 0.069473
vt 0.509569 0.076544
vt 0.511371 0.094732
vt 0.516205 0.066036
vt 0.517426 0.077307
vt 0.515597 0.097197
vt 0.510727 0.056347
vt 0.509587 0.063571
vt 0.506975 0.079061
vt 0.509968 0.094540
vt 0.518216 0.085056
vt 0.518908 0.096371
vt 0.513694 0.047728
vt 0.508263 0.069966
vt 0.506526 0.086339
vt 0.512430 0.098668
vt 0.517780 0.102204
vt 0.506960 0.064832
vt 0.509840 0.038014
vt 0.505611 0.070682
vt 0.513762 0.102283
vt 0.506151 0.093337
vt 0.516567 0.105671
vt 0.508311 0.047269
vt 0.504790 0.086247
vt 0.504324 0.089697
vt 0.508523 0.096316
vt 0.505230 0.052816
vt 0.504360 0.079710
vt 0.499848 0.057701
vt 0.503023 0.072762
vt 0.502308 0.082422
vt 0.426393 0.085990
vt 0.423310 0.101007
vt 0.425066 0.100457
vt 0.424668 0.079738
vt 0.423120 0.118325
vt 0.428963 0.091505
vt 0.422843 0.081468
vt 0.427291 0.076228
vt 0.421081 0.121821
vt 0.424700 0.116624
vt 0.431396 0.078730
vt 0.427799 0.110635
vt 0.419214 0.101525
vt 0.425938 0.065648
vt 0.419214 0.113437
vt 0.422595 0.134976
vt 0.424924 0.131193
vt 0.433125 0.084944
vt 0.432698 0.101880
vt 0.427872 0.068040
vt 0.429889 0.071927
vt 0.419144 0.135008
vt 0.420616 0.145694
vt 0.427679 0.126013
vt 0.434192 0.080105
vt 0.433114 0.115733
vt 0.416401 0.125210
vt 0.428837 0.056599
vt 0.432261 0.068277
vt 0.417686 0.139037
vt 0.422455 0.150101
vt 0.425779 0.142683
vt 0.430429 0.121030
vt 0.435335 0.096564
vt 0.434926 0.077661
vt 0.435779 0.110594
vt 0.417131 0.106525
vt 0.430455 0.061144
vt 0.429036 0.045396
vt 0.432646 0.071724
vt 0.418843 0.153527
vt 0.420581 0.152918
vt 0.429650 0.136864
vt 0.436024 0.087502
vt 0.436741 0.081960
vt 0.432278 0.131132
vt 0.434333 0.126017
vt 0.416174 0.103858
vt 0.414351 0.120139
vt 0.415709 0.148347
vt 0.427624 0.042273
vt 0.430923 0.046455
vt 0.430545 0.054554
vt 0.435001 0.060411
vt 0.416666 0.171395
vt 0.422500 0.164550
vt 0.424052 0.160740
vt 0.426692 0.153437
vt 0.438420 0.105467
vt 0.438852 0.088923
vt 0.437362 0.071728
vt 0.437231 0.121222
vt 0.413474 0.139166
vt 0.415127 0.173750
vt 0.414366 0.152147
vt 0.431375 0.040444
vt 0.432969 0.050436
vt 0.418628 0.170381
vt 0.420607 0.168356
vt 0.439383 0.073461
vt 0.414659 0.110305
vt 0.412502 0.134553
vt 0.412337 0.188843
vt 0.433562 0.042568
vt 0.435540 0.045839
vt 0.416401 0.190969
vt 0.418487 0.186631
vt 0.421175 0.181510
vt 0.423210 0.177482
vt 0.425357 0.168848
vt 0.440337 0.101284
vt 0.436828 0.060269
vt 0.439321 0.057791
vt 0.413038 0.122841
vt 0.412105 0.152494
vt 0.412902 0.155406
vt 0.413327 0.190041
vt 0.412765 0.172897
vt 0.437572 0.050802
vt 0.420402 0.183339
vt 0.414632 0.192143
vt 0.422034 0.181055
vt 0.428169 0.168732
vt 0.441468 0.083622
vt 0.442227 0.065377
vt 0.411719 0.152128
vt 0.411914 0.131493
vt 0.412345 0.200965
vt 0.411443 0.188318
vt 0.438248 0.045121
vt 0.416332 0.205013
vt 0.418440 0.201624
vt 0.420264 0.197299
vt 0.422753 0.188618
vt 0.423716 0.186403
vt 0.440336 0.052439
vt 0.411388 0.169212
vt 0.411695 0.169124
vt 0.412828 0.206516
vt 0.411160 0.200574
vt 0.414395 0.206983
vt 0.424313 0.196146
vt 0.410482 0.151506
vt 0.410931 0.166179
vt 0.411714 0.216271
vt 0.412119 0.221362
vt 0.418233 0.215946
vt 0.416031 0.220641
vt 0.419980 0.210559
vt 0.422562 0.202293
vt 0.410816 0.137751
vt 0.410414 0.182388
vt 0.412920 0.225263
vt 0.410981 0.212471
vt 0.410905 0.195976
vt 0.414341 0.220352
vt 0.423437 0.213793
vt 0.408851 0.166152
vt 0.411305 0.130363
vt 0.408852 0.153014
vt 0.408592 0.182984
vt 0.409882 0.197074
vt 0.411147 0.237845
vt 0.411908 0.234592
vt 0.416513 0.233840
vt 0.420759 0.222724
vt 0.409267 0.137296
vt 0.412629 0.119423
vt 0.409018 0.142750
vt 0.414388 0.237933
vt 0.411688 0.243631
vt 0.409982 0.233294
vt 0.409771 0.209784
vt 0.412776 0.237212
vt 0.406432 0.172162
vt 0.407151 0.155821
vt 0.409647 0.130521
vt 0.412077 0.122619
vt 0.407988 0.139493
vt 0.407809 0.199544
vt 0.411673 0.259019
vt 0.410518 0.265639
vt 0.411932 0.248201
vt 0.416641 0.247892
vt 0.405676 0.175412
vt 0.406424 0.147435
vt 0.408700 0.123399
vt 0.406766 0.187799
vt 0.412859 0.256439
vt 0.408923 0.253644
vt 0.407665 0.228736
vt 0.407749 0.214772
vt 0.418894 0.242658
vt 0.414908 0.268027
vt 0.405895 0.157755
vt 0.407153 0.127149
vt 0.410301 0.119554
vt 0.406652 0.142268
vt 0.406195 0.204344
vt 0.408185 0.241390
vt 0.408757 0.268265
vt 0.411593 0.272593
vt 0.406753 0.216926
vt 0.417746 0.260231
vt 0.404932 0.180163
vt 0.404601 0.130147
vt 0.405752 0.145317
vt 0.407037 0.114538
vt 0.409415 0.107424
vt 0.406064 0.137390
vt 0.413091 0.282959
vt 0.406694 0.258654
vt 0.408417 0.275794
vt 0.407693 0.270958
vt 0.405661 0.237600
vt 0.417081 0.276139
vt 0.404024 0.149420
vt 0.405437 0.133391
vt 0.406107 0.130434
vt 0.405378 0.219221
vt 0.403853 0.195355
vt 0.414932 0.281689
vt 0.410209 0.281654
vt 0.411994 0.309964
vt 0.419681 0.266977
vt 0.403788 0.182822
vt 0.405532 0.117970
vt 0.402838 0.125773
vt 0.408706 0.097428
vt 0.414703 0.292119
vt 0.405583 0.263371
vt 0.406010 0.275761
vt 0.407752 0.287715
vt 0.404146 0.227993
vt 0.411460 0.306604
vt 0.413049 0.297545
vt 0.419217 0.278786
vt 0.416393 0.289068
vt 0.403404 0.169790
vt 0.405488 0.105184
vt 0.403378 0.100578
vt 0.401829 0.151641
vt 0.406781 0.100879
vt 0.403737 0.212579
vt 0.401539 0.196038
vt 0.403840 0.242939
vt 0.409781 0.298932
vt 0.410380 0.323809
vt 0.412327 0.316395
vt 0.417890 0.298992
vt 0.401046 0.178503
vt 0.400786 0.105521
vt 0.400752 0.127284
vt 0.407192 0.082865
vt 0.402677 0.216653
vt 0.414050 0.304585
vt 0.403792 0.270347
vt 0.404897 0.280333
vt 0.407768 0.301831
vt 0.411424 0.286314
vt 0.401678 0.250914
vt 0.410002 0.329296
vt 0.415746 0.301553
vt 0.405164 0.090978
vt 0.400919 0.090365
vt 0.399085 0.151987
vt 0.400816 0.163372
vt 0.399124 0.184987
vt 0.401079 0.216047
vt 0.405505 0.292702
vt 0.410745 0.304456
vt 0.402039 0.233836
vt 0.411773 0.325359
vt 0.412909 0.320417
vt 0.419592 0.312339
vt 0.416949 0.319959
vt 0.404105 0.067048
vt 0.398677 0.119733
vt 0.398800 0.092263
vt 0.402779 0.083417
vt 0.397602 0.177428
vt 0.398443 0.204359
vt 0.414964 0.318815
vt 0.402586 0.276774
vt 0.404629 0.297957
vt 0.406405 0.304873
vt 0.400975 0.237857
vt 0.409842 0.338442
vt 0.422502 0.307195
vt 0.398678 0.083541
vt 0.401924 0.073683
vt 0.396189 0.138085
vt 0.396818 0.172439
vt 0.401181 0.278270
vt 0.402569 0.297880
vt 0.399641 0.259579
vt 0.411148 0.339593
vt 0.412743 0.338309
vt 0.419448 0.337612
vt 0.421867 0.325849
vt 0.416856 0.335861
vt 0.396457 0.100582
vt 0.396233 0.056889
vt 0.400233 0.056712
vt 0.396291 0.120408
vt 0.396981 0.192906
vt 0.398675 0.223256
vt 0.404620 0.307368
vt 0.399017 0.235620
vt 0.410503 0.358089
vt 0.414676 0.338297
vt 0.395671 0.089086
vt 0.394095 0.067017
vt 0.397901 0.051051
vt 0.393986 0.149958
vt 0.395835 0.197010
vt 0.394536 0.216063
vt 0.399065 0.266797
vt 0.400955 0.299077
vt 0.401758 0.312838
vt 0.397087 0.242215
vt 0.409486 0.372465
vt 0.414422 0.355665
vt 0.416996 0.350659
vt 0.422577 0.338854
vt 0.394562 0.104306
vt 0.393817 0.044908
vt 0.397357 0.036874
vt 0.394339 0.123064
vt 0.394702 0.169379
vt 0.399309 0.285373
vt 0.400372 0.312245
vt 0.412385 0.358077
vt 0.408930 0.368153
vt 0.410431 0.374543
vt 0.418149 0.370487
vt 0.420619 0.358415
vt 0.393387 0.080007
vt 0.394364 0.037067
vt 0.392373 0.129955
vt 0.391966 0.160632
vt 0.393665 0.190305
vt 0.393387 0.238308
vt 0.396878 0.276881
vt 0.409095 0.347179
vt 0.408276 0.384638
vt 0.410275 0.383708
vt 0.414661 0.371402
vt 0.423055 0.354430
vt 0.425010 0.344971
vt 0.391997 0.065371
vt 0.391358 0.113897
vt 0.390354 0.149473
vt 0.391007 0.198951
vt 0.391559 0.249775
vt 0.395209 0.246058
vt 0.394289 0.264941
vt 0.394972 0.296888
vt 0.398208 0.317403
vt 0.399611 0.332389
vt 0.412144 0.374602
vt 0.407950 0.361123
vt 0.408825 0.390174
vt 0.406618 0.379596
vt 0.421059 0.371281
vt 0.390450 0.134124
vt 0.388516 0.158228
vt 0.391664 0.171948
vt 0.392188 0.209848
vt 0.396609 0.302876
vt 0.398776 0.321710
vt 0.408627 0.342917
vt 0.406612 0.402946
vt 0.405458 0.392694
vt 0.412314 0.389316
vt 0.410172 0.391801
vt 0.415082 0.383337
vt 0.418434 0.390780
vt 0.423111 0.365470
vt 0.424007 0.363039
vt 0.388859 0.121365
vt 0.387744 0.141412
vt 0.388487 0.181382
vt 0.390662 0.217074
vt 0.391599 0.280584
vt 0.390416 0.310711
vt 0.394212 0.302345
vt 0.396147 0.338367
vt 0.394073 0.331472
vt 0.407515 0.356215
vt 0.408386 0.410435
vt 0.415537 0.394713
vt 0.421101 0.383011
vt 0.422395 0.381699
vt 0.388148 0.208416
vt 0.387392 0.221801
vt 0.387770 0.254404
vt 0.398007 0.362684
vt 0.404424 0.414508
vt 0.406795 0.420410
vt 0.412851 0.403139
vt 0.410143 0.407813
vt 0.420689 0.397247
vt 0.418821 0.401847
vt 0.386540 0.179426
vt 0.386375 0.210874
vt 0.388600 0.242529
vt 0.389298 0.285563
vt 0.393832 0.356679
vt 0.400392 0.371519
vt 0.405237 0.421783
vt 0.403793 0.404940
vt 0.408451 0.423290
vt 0.410433 0.420417
vt 0.416133 0.409882
vt 0.385261 0.236617
vt 0.387568 0.292346
vt 0.392072 0.338363
vt 0.396996 0.364109
vt 0.397821 0.384305
vt 0.403849 0.432465
vt 0.402978 0.415722
vt 0.405224 0.437549
vt 0.408902 0.436376
vt 0.413338 0.415950
vt 0.420268 0.408993
vt 0.416585 0.422660
vt 0.384705 0.331151
vt 0.385910 0.279232
vt 0.391237 0.337220
vt 0.395273 0.377172
vt 0.398292 0.389024
vt 0.402711 0.432529
vt 0.399689 0.410960
vt 0.407013 0.437208
vt 0.410819 0.433209
vt 0.418245 0.428635
vt 0.387939 0.330499
vt 0.390348 0.346745
vt 0.391588 0.379919
vt 0.396091 0.390050
vt 0.403286 0.444501
vt 0.405537 0.451267
vt 0.400667 0.421961
vt 0.407386 0.450625
vt 0.409950 0.447632
vt 0.413853 0.430191
vt 0.417031 0.433431
vt 0.385853 0.350763
vt 0.389074 0.352542
vt 0.392739 0.398959
vt 0.401716 0.438831
vt 0.404128 0.447811
vt 0.399608 0.430868
vt 0.411829 0.445027
vt 0.415878 0.448456
vt 0.387758 0.358455
vt 0.390017 0.421631
vt 0.394788 0.405260
vt 0.403818 0.456598
vt 0.404788 0.459903
vt 0.406166 0.465356
vt 0.408095 0.462328
vt 0.399003 0.444838
vt 0.409933 0.458692
vt 0.414175 0.440446
vt 0.387398 0.378540
vt 0.389194 0.370359
vt 0.393338 0.414038
vt 0.387279 0.412577
vt 0.393973 0.426002
vt 0.402218 0.458869
vt 0.400369 0.452841
vt 0.397227 0.424477
vt 0.414689 0.465676
vt 0.388899 0.446741
vt 0.387626 0.425949
vt 0.403708 0.471215
vt 0.400839 0.465247
vt 0.405266 0.473352
vt 0.407615 0.478701
vt 0.412584 0.476711
vt 0.397941 0.451957
vt 0.385622 0.384763
vt 0.394872 0.435177
vt 0.404914 0.471288
vt 0.400221 0.483640
vt 0.396424 0.450613
vt 0.391590 0.452817
vt 0.402027 0.489439
vt 0.404440 0.484187
vt 0.406309 0.483981
vt 0.409406 0.487943
vt 0.395256 0.482039
vt 0.397157 0.499489
vt 0.390627 0.479817
vt 0.393842 0.460623
vt 0.407142 0.492075
vt 0.400724 0.514139
vt 0.393256 0.481330
vt 0.399704 0.502631
vt 0.404165 0.495057
vt 0.406883 0.502933
vt 0.402579 0.509698
vt 0.398587 0.509418
vt 0.405256 0.493159
vt 0.403260 0.528755
vt 0.394532 0.523763
vt 0.396822 0.522054
vt 0.391794 0.500400
vt 0.404130 0.506793
vt 0.397064 0.530499
vt 0.400679 0.540637
vt 0.404404 0.521639
vt 0.398749 0.537501
vt 0.400487 0.526796
vt 0.406092 0.512114
vt 0.399427 0.533752
vt 0.397205 0.549664
vt 0.395122 0.543894
vt 0.399626 0.558017
vt 0.395922 0.555943
vt 0.393856 0.537794
vt 0.397501 0.580325
vt 0.400197 0.574273
vt 0.402129 0.572962
vt 0.398496 0.592314
vt 0.401656 0.592960
vt 0.404627 0.582462
vt 0.402063 0.608516
vt 0.904012 0.344622
vt 0.901660 0.336649
vt 0.902846 0.351303
vt 0.903289 0.319930
vt 0.905492 0.350986
vt 0.900790 0.324323
vt 0.905070 0.326496
vt 0.905654 0.360060
vt 0.901698 0.306926
vt 0.905194 0.289053
vt 0.907506 0.339360
vt 0.904217 0.300149
vt 0.908031 0.319494
vt 0.903084 0.286756
vt 0.900812 0.297029
vt 0.908718 0.305658
vt 0.911157 0.325546
vt 0.910197 0.309139
vt 0.907380 0.293093
vt 0.903145 0.275878
vt 0.900975 0.281622
vt 0.909738 0.292574
vt 0.907437 0.282331
vt 0.904154 0.260941
vt 0.911354 0.294764
vt 0.909880 0.281145
vt 0.906363 0.270522
vt 0.902485 0.261426
vt 0.901623 0.272339
vt 0.901136 0.261990
vt 0.911168 0.276794
vt 0.907935 0.272137
vt 0.903033 0.250696
vt 0.906222 0.260779
vt 0.901657 0.265283
vt 0.910095 0.272028
vt 0.907889 0.264551
vt 0.904957 0.251814
vt 0.905852 0.254689
vt 0.901757 0.252922
vt 0.899400 0.260524
vt 0.911293 0.258268
vt 0.904529 0.238151
vt 0.900167 0.245997
vt 0.912136 0.263768
vt 0.910237 0.261770
vt 0.902832 0.234015
vt 0.906990 0.226937
vt 0.906447 0.249361
vt 0.907477 0.259091
vt 0.898634 0.257968
vt 0.912506 0.272146
vt 0.911895 0.252812
vt 0.911279 0.247172
vt 0.908921 0.255850
vt 0.905404 0.223185
vt 0.903616 0.218353
vt 0.901252 0.229788
vt 0.913177 0.258661
vt 0.910438 0.251723
vt 0.907673 0.236443
vt 0.902039 0.216169
vt 0.909354 0.246856
vt 0.914316 0.265602
vt 0.912652 0.248882
vt 0.911665 0.241932
vt 0.910906 0.237425
vt 0.907777 0.215574
vt 0.908411 0.227576
vt 0.908125 0.250557
vt 0.915885 0.251802
vt 0.913691 0.243247
vt 0.911729 0.232334
vt 0.909224 0.223515
vt 0.909684 0.231297
vt 0.907368 0.250797
vt 0.908043 0.242474
vt 0.910806 0.228958
vt 0.910106 0.220028
vt 0.907560 0.246545
vt 0.915530 0.240424
vt 0.914621 0.230803
vt 0.928523 0.267811
vt 0.927390 0.259990
vt 0.927331 0.273072
vt 0.926400 0.268616
vt 0.924757 0.263900
vt 0.925807 0.274466
vt 0.925411 0.281628
vt 0.924454 0.269206
vt 0.925112 0.289290
vt 0.923942 0.283696
vt 0.926656 0.304141
vt 0.922875 0.282343
vt 0.924436 0.304692
vt 0.923725 0.289789
vt 0.925977 0.318623
vt 0.923397 0.297087
vt 0.923824 0.318362
vt 0.923759 0.314146
vt 0.575409 0.223873
vt 0.577874 0.222991
vt 0.576613 0.219573
vt 0.577038 0.227620
vt 0.579059 0.211507
vt 0.574267 0.222946
vt 0.579096 0.229853
vt 0.574568 0.229675
vt 0.577169 0.213827
vt 0.580512 0.207842
vt 0.575740 0.217776
vt 0.580377 0.219850
vt 0.575682 0.232795
vt 0.579720 0.199254
vt 0.581070 0.200347
vt 0.572586 0.230835
vt 0.573957 0.220798
vt 0.576882 0.231493
vt 0.576312 0.214934
vt 0.577837 0.203651
vt 0.572131 0.228256
vt 0.574913 0.246067
vt 0.573422 0.237696
vt 0.579058 0.191580
vt 0.570852 0.233799
vt 0.572691 0.220614
vt 0.576927 0.245563
vt 0.572338 0.248603
vt 0.571139 0.239547
vt 0.576649 0.209613
vt 0.576965 0.196303
vt 0.582376 0.187782
vt 0.569453 0.233761
vt 0.569618 0.237627
vt 0.571085 0.220824
vt 0.574312 0.218856
vt 0.578526 0.241530
vt 0.575463 0.254343
vt 0.574043 0.257171
vt 0.577938 0.183326
vt 0.583461 0.183669
vt 0.580582 0.178042
vt 0.568174 0.234863
vt 0.571725 0.212599
vt 0.580237 0.249503
vt 0.578318 0.252478
vt 0.571358 0.262287
vt 0.569711 0.254784
vt 0.569349 0.241049
vt 0.575032 0.214593
vt 0.575593 0.187006
vt 0.582444 0.193178
vt 0.583095 0.173936
vt 0.582363 0.176173
vt 0.566541 0.232431
vt 0.567206 0.229176
vt 0.569618 0.207405
vt 0.573116 0.211145
vt 0.579596 0.257627
vt 0.575289 0.262373
vt 0.573849 0.267122
vt 0.567656 0.239953
vt 0.575540 0.200342
vt 0.580656 0.170399
vt 0.577755 0.179998
vt 0.565550 0.233383
vt 0.570081 0.219068
vt 0.571412 0.197867
vt 0.578083 0.262773
vt 0.576556 0.266684
vt 0.567298 0.272850
vt 0.573384 0.276448
vt 0.567055 0.236273
vt 0.576689 0.175258
vt 0.573174 0.201637
vt 0.582727 0.163486
vt 0.563755 0.223068
vt 0.566524 0.214544
vt 0.569497 0.194889
vt 0.581400 0.264881
vt 0.566390 0.261335
vt 0.571623 0.276622
vt 0.575852 0.286615
vt 0.566997 0.253366
vt 0.566545 0.239900
vt 0.578277 0.174279
vt 0.574373 0.190703
vt 0.583970 0.145292
vt 0.583147 0.151552
vt 0.562485 0.229951
vt 0.564344 0.214158
vt 0.567737 0.205288
vt 0.581131 0.274382
vt 0.578768 0.275679
vt 0.564899 0.265678
vt 0.569773 0.278849
vt 0.571843 0.296633
vt 0.564102 0.241520
vt 0.580201 0.158635
vt 0.578801 0.162550
vt 0.575429 0.177259
vt 0.581686 0.149424
vt 0.561647 0.221645
vt 0.562286 0.213563
vt 0.564815 0.204815
vt 0.568285 0.193835
vt 0.564985 0.281126
vt 0.565411 0.255290
vt 0.567499 0.281141
vt 0.576657 0.164335
vt 0.574894 0.180705
vt 0.583541 0.139380
vt 0.560082 0.231949
vt 0.562182 0.242274
vt 0.561878 0.277544
vt 0.562648 0.250730
vt 0.580725 0.133729
vt 0.578933 0.149494
vt 0.576097 0.173709
vt 0.572829 0.193811
vt 0.575071 0.167885
vt 0.581903 0.128936
vt 0.560651 0.220312
vt 0.568507 0.292897
vt 0.560765 0.268756
vt 0.564165 0.290960
vt 0.561055 0.257362
vt 0.577262 0.152672
vt 0.573621 0.185417
vt 0.583152 0.125190
vt 0.560359 0.244923
vt 0.557601 0.279658
vt 0.560099 0.283172
vt 0.568888 0.305529
vt 0.579014 0.136164
vt 0.581723 0.114924
vt 0.571955 0.188993
vt 0.573955 0.173019
vt 0.584664 0.121782
vt 0.559029 0.249637
vt 0.565387 0.296146
vt 0.558524 0.269870
vt 0.559954 0.265300
vt 0.561888 0.297334
vt 0.566723 0.302807
vt 0.575476 0.305958
vt 0.580303 0.118475
vt 0.575715 0.156317
vt 0.577095 0.138592
vt 0.572177 0.176209
vt 0.571149 0.194625
vt 0.573580 0.158286
vt 0.582559 0.097915
vt 0.584317 0.106721
vt 0.558795 0.289793
vt 0.556089 0.270898
vt 0.559427 0.259221
vt 0.567199 0.318910
vt 0.570526 0.316977
vt 0.577943 0.119512
vt 0.579301 0.103623
vt 0.576190 0.128018
vt 0.569421 0.176279
vt 0.569373 0.188515
vt 0.581028 0.099948
vt 0.562295 0.304489
vt 0.564679 0.307766
vt 0.555356 0.287832
vt 0.556329 0.259384
vt 0.554505 0.279285
vt 0.556619 0.304796
vt 0.573509 0.317936
vt 0.573001 0.148623
vt 0.571140 0.159367
vt 0.579509 0.082623
vt 0.584071 0.093419
vt 0.560513 0.309444
vt 0.555054 0.297657
vt 0.554560 0.263695
vt 0.554144 0.272859
vt 0.568845 0.331129
vt 0.565059 0.332246
vt 0.571544 0.327996
vt 0.576298 0.114661
vt 0.577593 0.100103
vt 0.578134 0.093081
vt 0.566442 0.174946
vt 0.568090 0.164021
vt 0.581974 0.080462
vt 0.585277 0.089729
vt 0.562781 0.318634
vt 0.552837 0.286618
vt 0.551080 0.300497
vt 0.555588 0.256549
vt 0.557990 0.317877
vt 0.554496 0.305568
vt 0.567075 0.326213
vt 0.569680 0.334161
vt 0.571652 0.339402
vt 0.569699 0.154901
vt 0.572808 0.134131
vt 0.566436 0.188788
vt 0.579633 0.057767
vt 0.576797 0.081731
vt 0.585055 0.075739
vt 0.560088 0.325988
vt 0.550870 0.292156
vt 0.551612 0.273512
vt 0.552597 0.267040
vt 0.556842 0.316435
vt 0.553531 0.316061
vt 0.567275 0.339450
vt 0.575285 0.112394
vt 0.576273 0.096505
vt 0.571486 0.147633
vt 0.573484 0.121788
vt 0.564086 0.190446
vt 0.568129 0.190004
vt 0.566793 0.162487
vt 0.568489 0.155454
vt 0.578497 0.063082
vt 0.582870 0.068223
vt 0.577572 0.067303
vt 0.549918 0.278653
vt 0.548310 0.299451
vt 0.553857 0.260121
vt 0.559272 0.327675
vt 0.560519 0.333246
vt 0.570481 0.148823
vt 0.571984 0.132314
vt 0.565307 0.199695
vt 0.563589 0.175328
vt 0.565073 0.166647
vt 0.577079 0.049170
vt 0.581192 0.046479
vt 0.575230 0.079173
vt 0.575527 0.064186
vt 0.584480 0.063816
vt 0.547715 0.288540
vt 0.552556 0.317163
vt 0.549855 0.310102
vt 0.549928 0.269907
vt 0.554286 0.248141
vt 0.552070 0.260638
vt 0.558507 0.338398
vt 0.566723 0.344769
vt 0.569338 0.347054
vt 0.561791 0.339338
vt 0.573342 0.106289
vt 0.575060 0.092821
vt 0.571804 0.116824
vt 0.563169 0.202692
vt 0.562256 0.190273
vt 0.565297 0.159261
vt 0.580101 0.036719
vt 0.547911 0.279209
vt 0.550584 0.329574
vt 0.546451 0.316597
vt 0.544810 0.296970
vt 0.548163 0.270144
vt 0.556427 0.240938
vt 0.555633 0.337101
vt 0.570665 0.352464
vt 0.562690 0.209267
vt 0.562160 0.173324
vt 0.563809 0.164561
vt 0.582988 0.046624
vt 0.545994 0.282216
vt 0.550770 0.251633
vt 0.554956 0.235831
vt 0.546717 0.270557
vt 0.556914 0.343973
vt 0.565180 0.356717
vt 0.573944 0.352657
vt 0.559438 0.352337
vt 0.561548 0.211374
vt 0.560413 0.194373
vt 0.559291 0.183272
vt 0.561365 0.151916
vt 0.549391 0.330727
vt 0.551331 0.347578
vt 0.543331 0.302615
vt 0.542421 0.285237
vt 0.547705 0.262240
vt 0.551392 0.238766
vt 0.557094 0.223694
vt 0.555732 0.357221
vt 0.569390 0.358027
vt 0.573094 0.366410
vt 0.560962 0.217468
vt 0.560484 0.201615
vt 0.560016 0.162691
vt 0.543254 0.273732
vt 0.547371 0.323992
vt 0.547613 0.344795
vt 0.541985 0.293046
vt 0.544610 0.320741
vt 0.547154 0.252934
vt 0.548686 0.236160
vt 0.554572 0.225417
vt 0.551943 0.225797
vt 0.544520 0.263785
vt 0.568720 0.376208
vt 0.563288 0.361930
vt 0.560087 0.212075
vt 0.557815 0.177862
vt 0.546066 0.332258
vt 0.550126 0.352118
vt 0.552254 0.363930
vt 0.540136 0.300751
vt 0.538943 0.274202
vt 0.543405 0.252469
vt 0.550655 0.223384
vt 0.554600 0.211476
vt 0.558152 0.368133
vt 0.564019 0.374473
vt 0.560745 0.363085
vt 0.559262 0.220992
vt 0.557432 0.198012
vt 0.558391 0.156338
vt 0.541559 0.263589
vt 0.547994 0.357107
vt 0.538377 0.308232
vt 0.539106 0.286387
vt 0.539227 0.263212
vt 0.547026 0.240505
vt 0.549555 0.219550
vt 0.557596 0.212007
vt 0.551282 0.217752
vt 0.558943 0.375097
vt 0.563419 0.375663
vt 0.556565 0.173332
vt 0.555748 0.195718
vt 0.542525 0.329711
vt 0.542670 0.349384
vt 0.553802 0.371688
vt 0.537403 0.297607
vt 0.536646 0.262605
vt 0.536263 0.272842
vt 0.544287 0.238165
vt 0.547824 0.226581
vt 0.553005 0.204974
vt 0.540290 0.251751
vt 0.551983 0.392677
vt 0.561456 0.381383
vt 0.555504 0.169908
vt 0.544259 0.364182
vt 0.547802 0.367751
vt 0.550457 0.381850
vt 0.535612 0.304214
vt 0.538266 0.327267
vt 0.533990 0.287102
vt 0.538067 0.250133
vt 0.541378 0.236887
vt 0.546030 0.228346
vt 0.547970 0.212150
vt 0.551057 0.210405
vt 0.554470 0.191427
vt 0.552385 0.203059
vt 0.557690 0.391850
vt 0.539507 0.339792
vt 0.540620 0.360897
vt 0.535149 0.310547
vt 0.534585 0.294380
vt 0.536740 0.323905
vt 0.535031 0.261892
vt 0.535899 0.247778
vt 0.543158 0.225850
vt 0.544903 0.217161
vt 0.553836 0.185942
vt 0.540118 0.231789
vt 0.547648 0.390626
vt 0.538653 0.243252
vt 0.537155 0.344144
vt 0.543338 0.381013
vt 0.540327 0.375021
vt 0.535733 0.318678
vt 0.532820 0.303712
vt 0.534069 0.338385
vt 0.531707 0.286306
vt 0.537612 0.234884
vt 0.531868 0.274113
vt 0.550460 0.199367
vt 0.543825 0.209644
vt 0.552409 0.195957
vt 0.553511 0.181726
vt 0.546732 0.381220
vt 0.537528 0.359323
vt 0.536610 0.377898
vt 0.532473 0.323202
vt 0.531213 0.310475
vt 0.531829 0.294926
vt 0.532583 0.245570
vt 0.534886 0.230395
vt 0.530700 0.253860
vt 0.542920 0.217295
vt 0.545833 0.197458
vt 0.538806 0.227652
vt 0.533020 0.351066
vt 0.542361 0.388071
vt 0.534536 0.360046
vt 0.540865 0.396230
vt 0.531207 0.335693
vt 0.526774 0.296140
vt 0.529982 0.271948
vt 0.536822 0.224194
vt 0.551857 0.184687
vt 0.549089 0.185608
vt 0.542762 0.202328
vt 0.532001 0.344600
vt 0.531593 0.322621
vt 0.530050 0.304104
vt 0.528208 0.282855
vt 0.533114 0.211023
vt 0.529197 0.229961
vt 0.527799 0.253262
vt 0.540878 0.210961
vt 0.544679 0.190983
vt 0.538316 0.216902
vt 0.529726 0.360459
vt 0.528036 0.321298
vt 0.528862 0.310865
vt 0.525452 0.288119
vt 0.527205 0.302694
vt 0.535932 0.212009
vt 0.541404 0.191613
vt 0.537779 0.208767
vt 0.525011 0.277154
vt 0.523826 0.296838
vt 0.525582 0.255150
vt 0.529047 0.216335
vt 0.526232 0.217603
vt 0.533412 0.202335
vt 0.539877 0.206242
vt 0.526276 0.310014
vt 0.522792 0.289847
vt 0.522026 0.305458
vt 0.525350 0.244905
vt 0.530753 0.199535
vt 0.535243 0.197337
vt 0.536974 0.179654
vt 0.539514 0.193170
vt 0.520256 0.232898
vt 0.522167 0.236176
vt 0.523736 0.225681
vt 0.533461 0.181480
vt 0.540978 0.172521
vt 0.525347 0.198040
vt 0.524342 0.212510
vt 0.522107 0.223525
vt 0.522615 0.209620
vt 0.065410 0.048122
vt 0.067157 0.059747
vt 0.068486 0.046537
vt 0.065046 0.064595
vt 0.068851 0.065926
vt 0.066274 0.071018
vt 0.069772 0.048926
vt 0.069710 0.070438
vt 0.070576 0.037264
vt 0.068024 0.079973
vt 0.069230 0.083889
vt 0.071208 0.055358
vt 0.072533 0.044281
vt 0.066820 0.091410
vt 0.070840 0.071552
vt 0.068276 0.097185
vt 0.071964 0.058135
vt 0.070099 0.084435
vt 0.073262 0.062536
vt 0.074697 0.052618
vt 0.068695 0.100815
vt 0.071948 0.077324
vt 0.070959 0.089169
vt 0.070036 0.100060
vt 0.067146 0.106745
vt 0.069185 0.108346
vt 0.662091 0.120726
vt 0.663277 0.107854
vt 0.661517 0.107738
vt 0.665062 0.123043
vt 0.663428 0.091577
vt 0.658353 0.102631
vt 0.665738 0.102766
vt 0.662658 0.135256
vt 0.660313 0.093268
vt 0.660159 0.113326
vt 0.667032 0.138172
vt 0.664869 0.139809
vt 0.662026 0.073607
vt 0.665176 0.086380
vt 0.657911 0.092353
vt 0.657188 0.104640
vt 0.667232 0.098208
vt 0.660407 0.131092
vt 0.663422 0.148345
vt 0.659803 0.076580
vt 0.663769 0.066600
vt 0.655754 0.088051
vt 0.658624 0.114921
vt 0.665219 0.154102
vt 0.668049 0.116108
vt 0.660284 0.050353
vt 0.654649 0.083076
vt 0.655575 0.076835
vt 0.655766 0.104356
vt 0.656191 0.119081
vt 0.666951 0.155080
vt 0.668812 0.135177
vt 0.659856 0.147744
vt 0.665674 0.165363
vt 0.658149 0.057574
vt 0.652445 0.088345
vt 0.655770 0.145519
vt 0.661901 0.163859
vt 0.663847 0.161425
vt 0.656151 0.037002
vt 0.650266 0.091351
vt 0.652397 0.079472
vt 0.656335 0.061759
vt 0.653946 0.119175
vt 0.668320 0.170562
vt 0.659869 0.163827
vt 0.664662 0.184502
vt 0.655634 0.043461
vt 0.649511 0.107084
vt 0.653899 0.139271
vt 0.668540 0.184942
vt 0.669468 0.167092
vt 0.658651 0.180462
vt 0.654774 0.174272
vt 0.666045 0.194604
vt 0.654638 0.038730
vt 0.646572 0.092003
vt 0.648449 0.079215
vt 0.649545 0.069010
vt 0.653027 0.050063
vt 0.651625 0.123771
vt 0.654085 0.155600
vt 0.669202 0.181958
vt 0.669828 0.162833
vt 0.661130 0.203384
vt 0.665869 0.213030
vt 0.650743 0.126425
vt 0.651833 0.144362
vt 0.669058 0.216695
vt 0.668450 0.200589
vt 0.664326 0.216129
vt 0.654518 0.190399
vt 0.657326 0.202590
vt 0.652301 0.161415
vt 0.667896 0.214012
vt 0.648123 0.066752
vt 0.650343 0.050688
vt 0.661151 0.217858
vt 0.652690 0.178307
vt 0.658876 0.234528
vt 0.665765 0.227894
vt 0.649754 0.130707
vt 0.650862 0.152068
vt 0.663809 0.237206
vt 0.655361 0.207023
vt 0.653258 0.209330
vt 0.656157 0.226213
vt 0.650276 0.182797
vt 0.668346 0.226667
vt 0.650623 0.167660
vt 0.661119 0.246174
vt 0.653850 0.232334
vt 0.650010 0.197930
vt 0.657578 0.252307
vt 0.665917 0.237939
vt 0.666801 0.240058
vt 0.649040 0.141671
vt 0.647817 0.172606
vt 0.663482 0.252791
vt 0.651108 0.236580
vt 0.652231 0.223757
vt 0.650247 0.214132
vt 0.655386 0.255354
vt 0.652612 0.244725
vt 0.648051 0.184636
vt 0.646671 0.200856
vt 0.648955 0.157891
vt 0.663146 0.268663
vt 0.665694 0.250197
vt 0.659611 0.272071
vt 0.648208 0.217710
vt 0.656746 0.269357
vt 0.645907 0.159891
vt 0.643761 0.173704
vt 0.664755 0.262836
vt 0.648997 0.230218
vt 0.652511 0.256410
vt 0.655132 0.269315
vt 0.644339 0.194938
vt 0.644254 0.238949
vt 0.645983 0.144876
vt 0.662657 0.282214
vt 0.659644 0.287105
vt 0.647189 0.264325
vt 0.647263 0.233002
vt 0.651784 0.282135
vt 0.656264 0.284691
vt 0.661827 0.294419
vt 0.650349 0.283909
vt 0.652492 0.297089
vt 0.656115 0.302175
vt 0.645596 0.281620
vt 0.651791 0.300764
vt 0.659627 0.299880
vt 0.646708 0.288252
vt 0.647314 0.300736
vt 0.662982 0.312172
vt 0.658482 0.319095
vt 0.640548 0.298662
vt 0.649127 0.318276
vt 0.653398 0.319217
vt 0.661385 0.319541
vt 0.654724 0.321316
vt 0.644877 0.303432
vt 0.642184 0.308425
vt 0.645659 0.320951
vt 0.664474 0.328099
vt 0.656737 0.337562
vt 0.660238 0.331560
vt 0.640704 0.329606
vt 0.651233 0.331252
vt 0.647745 0.332609
vt 0.653234 0.340515
vt 0.642994 0.324034
vt 0.638903 0.337482
vt 0.646543 0.341975
vt 0.663268 0.339006
vt 0.654662 0.349254
vt 0.658796 0.342178
vt 0.644241 0.332347
vt 0.641969 0.345527
vt 0.651094 0.344308
vt 0.639040 0.358049
vt 0.649802 0.360178
vt 0.660806 0.354819
vt 0.657330 0.350537
vt 0.641671 0.367695
vt 0.645013 0.354264
vt 0.656952 0.365060
vt 0.635443 0.378213
vt 0.646138 0.369631
vt 0.653470 0.370892
vt 0.637974 0.380413
vt 0.648984 0.372561
vt 0.654062 0.383904
vt 0.637687 0.384099
vt 0.644130 0.394071
vt 0.651169 0.379277
vt 0.655811 0.391425
vt 0.649206 0.389578
vt 0.652607 0.401090
vt 0.645070 0.413769
vt 0.583399 0.204817
vt 0.602971 0.253047
vt 0.606333 0.272516
vt 0.604138 0.235774
vt 0.601511 0.273014
vt 0.606284 0.255006
vt 0.602424 0.219755
vt 0.601158 0.248751
vt 0.606077 0.227385
vt 0.604532 0.203125
vt 0.599338 0.268426
vt 0.606722 0.193217
vt 0.605047 0.178133
vt 0.598044 0.227087
vt 0.609031 0.204165
vt 0.602951 0.182737
vt 0.611764 0.201654
vt 0.610814 0.176823
vt 0.608220 0.175633
vt 0.604474 0.158252
vt 0.601912 0.170730
vt 0.613547 0.228348
vt 0.608361 0.152168
vt 0.606280 0.145187
vt 0.598050 0.183252
vt 0.614223 0.200314
vt 0.610314 0.155095
vt 0.602395 0.154761
vt 0.606404 0.129659
vt 0.595906 0.204137
vt 0.599757 0.157864
vt 0.613798 0.177269
vt 0.617185 0.216669
vt 0.612453 0.149718
vt 0.609145 0.127236
vt 0.604364 0.130951
vt 0.592149 0.210562
vt 0.595332 0.181852
vt 0.597108 0.161056
vt 0.616160 0.141999
vt 0.616967 0.198024
vt 0.613638 0.125216
vt 0.601743 0.134059
vt 0.608331 0.105451
vt 0.605729 0.108496
vt 0.597191 0.138214
vt 0.616254 0.175591
vt 0.620288 0.193569
vt 0.610381 0.104075
vt 0.598634 0.138645
vt 0.599898 0.116499
vt 0.603330 0.111033
vt 0.591271 0.191137
vt 0.596744 0.160817
vt 0.618880 0.145656
vt 0.622248 0.195827
vt 0.615743 0.120741
vt 0.613126 0.100762
vt 0.604283 0.098673
vt 0.606667 0.086878
vt 0.588305 0.194439
vt 0.592107 0.167061
vt 0.597426 0.119332
vt 0.622036 0.148515
vt 0.620238 0.127241
vt 0.622703 0.167555
vt 0.621358 0.224215
vt 0.618520 0.118834
vt 0.611773 0.080812
vt 0.601072 0.099902
vt 0.608902 0.080711
vt 0.601736 0.092556
vt 0.589765 0.172691
vt 0.595759 0.120034
vt 0.625029 0.192882
vt 0.626147 0.175140
vt 0.615676 0.098098
vt 0.617513 0.097067
vt 0.614377 0.080864
vt 0.598698 0.103898
vt 0.603628 0.090931
vt 0.606751 0.063299
vt 0.590370 0.142242
vt 0.596956 0.115811
vt 0.625993 0.138201
vt 0.622941 0.120339
vt 0.620547 0.118317
vt 0.624860 0.219141
vt 0.626357 0.161993
vt 0.619709 0.094947
vt 0.611355 0.058808
vt 0.603365 0.077278
vt 0.585785 0.150584
vt 0.627869 0.185228
vt 0.624075 0.244540
vt 0.626803 0.214079
vt 0.629575 0.157119
vt 0.615461 0.079152
vt 0.613207 0.053008
vt 0.624123 0.114457
vt 0.626361 0.228465
vt 0.621145 0.250619
vt 0.617414 0.078240
vt 0.615461 0.054433
vt 0.614629 0.036984
vt 0.628863 0.135483
vt 0.627494 0.114930
vt 0.619803 0.076603
vt 0.629956 0.207191
vt 0.629972 0.184397
vt 0.625714 0.237181
vt 0.623228 0.270463
vt 0.630713 0.229043
vt 0.617531 0.057616
vt 0.615983 0.045352
vt 0.630926 0.136231
vt 0.623286 0.096698
vt 0.632331 0.198813
vt 0.628097 0.231738
vt 0.626069 0.258841
vt 0.620583 0.059469
vt 0.619112 0.048728
vt 0.633695 0.160266
vt 0.626165 0.093664
vt 0.623594 0.072889
vt 0.623961 0.288499
vt 0.630648 0.249430
vt 0.623638 0.060371
vt 0.633413 0.135161
vt 0.630160 0.112941
vt 0.630258 0.089454
vt 0.622007 0.073450
vt 0.631147 0.254606
vt 0.634227 0.187527
vt 0.628972 0.251201
vt 0.628033 0.272173
vt 0.635534 0.131835
vt 0.633491 0.123625
vt 0.626179 0.069613
vt 0.634387 0.208699
vt 0.637460 0.180840
vt 0.627798 0.281649
vt 0.637497 0.145614
vt 0.634457 0.105893
vt 0.634817 0.244946
vt 0.636686 0.217113
vt 0.636967 0.156680
vt 0.636677 0.123794
vt 0.634858 0.100038
vt 0.640260 0.203693
vt 0.639908 0.175004
vt 0.639026 0.149177
vt 0.636882 0.237019
vt 0.639756 0.233676
vt 0.640831 0.197964
vt 0.639244 0.142657
vt 0.639872 0.135801
vt 0.637197 0.262192
vt 0.641512 0.225963
vt 0.640622 0.165564
vt 0.640287 0.256474
vt 0.095545 0.193494
vt 0.097758 0.189081
vt 0.092986 0.173240
vt 0.101555 0.210188
vt 0.095321 0.170619
vt 0.089539 0.160496
vt 0.102874 0.210763
vt 0.095291 0.219294
vt 0.096937 0.168020
vt 0.092605 0.148916
vt 0.086617 0.156556
vt 0.103891 0.207715
vt 0.091788 0.211458
vt 0.098132 0.170070
vt 0.089815 0.127590
vt 0.086570 0.116834
vt 0.101675 0.189754
vt 0.090921 0.120193
vt 0.095866 0.126776
vt 0.104923 0.209155
vt 0.101209 0.166462
vt 0.087315 0.084928
vt 0.106269 0.204286
vt 0.093813 0.100189
vt 0.104820 0.187002
vt 0.099494 0.143229
vt 0.097442 0.125756
vt 0.103257 0.165706
vt 0.108401 0.204828
vt 0.095815 0.103556
vt 0.104102 0.164330
vt 0.097132 0.104156
vt 0.105639 0.186716
vt 0.110282 0.227017
vt 0.099891 0.129711
vt 0.102352 0.145941
vt 0.109518 0.183438
vt 0.113152 0.199116
vt 0.108787 0.159036
vt 0.105606 0.141230
vt 0.114279 0.221443
vt 0.113055 0.176082
vt 0.118831 0.231308
vt 0.108773 0.135930
vt 0.115798 0.171964
vt 0.110730 0.124509
vt 0.113525 0.097399
vt 0.120756 0.212218
vt 0.115711 0.106646
vt 0.120798 0.178813
vt 0.120601 0.256556
vt 0.119132 0.104434
vt 0.115150 0.074189
vt 0.124891 0.182801
vt 0.121670 0.154604
vt 0.119777 0.058391
vt 0.116227 0.037379
vt 0.125206 0.126354
vt 0.518834 0.117226
vt 0.519048 0.122895
vt 0.520426 0.118508
vt 0.520203 0.128437
vt 0.518240 0.133512
vt 0.519143 0.138038
vt 0.520943 0.141977
vt 0.520086 0.114143
vt 0.517964 0.125328
vt 0.516796 0.124818
vt 0.517711 0.111735
vt 0.519175 0.108145
vt 0.521162 0.111684
vt 0.520386 0.105697
vt 0.073090 0.104997
vt 0.072837 0.112131
vt 0.074114 0.107279
vt 0.074703 0.099978
vt 0.073906 0.115442
vt 0.073459 0.089731
vt 0.071286 0.101732
vt 0.075535 0.111510
vt 0.071588 0.109721
vt 0.072114 0.094676
vt 0.074919 0.118896
vt 0.072634 0.115952
vt 0.073514 0.121475
vt 0.076424 0.116025
vt 0.072514 0.119083
vt 0.071018 0.109866
vt 0.071413 0.118152
vt 0.075849 0.123446
vt 0.075379 0.130279
vt 0.074193 0.127870
vt 0.074928 0.138140
vt 0.073000 0.137583
vt 0.072257 0.129651
vt 0.070202 0.118252
vt 0.071665 0.122440
vt 0.511854 0.102583
vt 0.513066 0.107737
vt 0.576057 0.178877
vt 0.907386 0.244612
vt 0.907271 0.248215
vt 0.578204 0.234093
vt 0.579164 0.233165
vt 0.056788 0.165682
vt 0.057588 0.166612
vt 0.061006 0.169438
vt 0.062017 0.170616
vt 0.055222 0.163409
vt 0.062808 0.171149
vt 0.066038 0.172377
vt 0.051773 0.157377
vt 0.043021 0.132585
vt 0.045336 0.140658
vt 0.046157 0.143129
vt 0.067066 0.172298
vt 0.050884 0.155558
vt 0.042026 0.128692
vt 0.047965 0.148243
vt 0.067853 0.172210
vt 0.049681 0.152778
vt 0.040525 0.122337
vt 0.039492 0.117853
vt 0.072017 0.170501
vt 0.038192 0.111731
vt 0.035361 0.096756
vt 0.037699 0.109310
vt 0.034661 0.092564
vt 0.032151 0.075351
vt 0.032721 0.079670
vt 0.968864 0.149902
vt 0.968497 0.144098
vt 0.967453 0.128811
vt 0.967057 0.123595
vt 0.970059 0.171256
vt 0.971709 0.348299
vt 0.972085 0.336252
vt 0.966508 0.116829
vt 0.964285 0.092728
vt 0.964697 0.096876
vt 0.962654 0.077047
vt 0.961186 0.064468
vt 0.970559 0.181204
vt 0.971422 0.356543
vt 0.972331 0.325744
vt 0.969893 0.388696
vt 0.971054 0.365455
vt 0.963685 0.086736
vt 0.959620 0.052506
vt 0.958910 0.047450
vt 0.971278 0.197331
vt 0.962500 0.468002
vt 0.972468 0.318617
vt 0.968389 0.411254
vt 0.968674 0.407400
vt 0.958233 0.042776
vt 0.972181 0.225706
vt 0.972545 0.314182
vt 0.972749 0.295751
vt 0.972780 0.289029
vt 0.967058 0.427441
vt 0.972802 0.272121
vt 0.964170 0.455292
vt 0.972672 0.304717
vt 0.972755 0.261896
vt 0.218155 0.118324
vt 0.217199 0.122413
vt 0.220025 0.109096
vt 0.220957 0.104038
vt 0.216004 0.126988
vt 0.214036 0.134043
vt 0.211302 0.143303
vt 0.210369 0.145958
vt 0.208589 0.150645
vt 0.205308 0.158751
vt 0.207324 0.153887
vt 0.204483 0.160529
vt 0.203753 0.161958
vt 0.202603 0.163968
vt 0.201702 0.165284
vt 0.199834 0.167838
vt 0.518326 0.275126
vt 0.518990 0.276129
vt 0.516901 0.272368
vt 0.516339 0.271171
vt 0.515364 0.268935
vt 0.514839 0.267517
vt 0.513417 0.263236
vt 0.512228 0.259077
vt 0.510924 0.253857
vt 0.509818 0.248818
vt 0.508129 0.240476
vt 0.507186 0.234975
vt 0.506601 0.231216
vt 0.505553 0.224396
vt 0.504858 0.219462
vt 0.503009 0.204947
vt 0.502028 0.196880
vt 0.501165 0.188891
vt 0.500361 0.180982
vt 0.499322 0.168762
vt 0.498082 0.151540
vt 0.497036 0.134876
vt 0.495965 0.111707
vt 0.496394 0.121891
vt 0.496625 0.127116
vt 0.495720 0.106206
vt 0.495246 0.094366
vt 0.494950 0.086392
vt 0.392538 0.051319
vt 0.393322 0.043323
vt 0.393957 0.036928
vt 0.391817 0.060016
vt 0.390451 0.078669
vt 0.390983 0.071032
vt 0.390007 0.085275
vt 0.388992 0.101335
vt 0.388507 0.109519
vt 0.386295 0.159200
vt 0.386735 0.146768
vt 0.387990 0.119017
vt 0.387417 0.131540
vt 0.387698 0.125321
vt 0.386019 0.168611
vt 0.387075 0.138635
vt 0.385820 0.178109
vt 0.385395 0.193543
vt 0.384406 0.259322
vt 0.384340 0.266730
vt 0.385203 0.201328
vt 0.384679 0.234602
vt 0.384902 0.217314
vt 0.384253 0.309986
vt 0.384204 0.290952
vt 0.385037 0.208550
vt 0.384288 0.319598
vt 0.384631 0.349079
vt 0.384391 0.331863
vt 0.384834 0.360309
vt 0.385127 0.377225
vt 0.385264 0.383506
vt 0.387185 0.442250
vt 0.385907 0.404677
vt 0.385437 0.389655
vt 0.386425 0.421269
vt 0.386134 0.411871
vt 0.387999 0.464726
vt 0.388690 0.480068
vt 0.389393 0.493696
vt 0.390220 0.507103
vt 0.390855 0.515669
vt 0.391856 0.530818
vt 0.394832 0.564768
vt 0.394391 0.560278
vt 0.392757 0.541236
vt 0.393125 0.545433
vt 0.396065 0.577426
vt 0.396815 0.583887
vt 0.397199 0.586790
vt 0.399036 0.600009
vt 0.398235 0.594700
vt 0.402085 0.617502
vt 0.401267 0.613531
vt 0.573989 0.371437
vt 0.574943 0.369274
vt 0.571479 0.377971
vt 0.568924 0.383516
vt 0.570186 0.381139
vt 0.565282 0.390831
vt 0.562758 0.394257
vt 0.556033 0.403754
vt 0.554111 0.405805
vt 0.561674 0.395857
vt 0.559256 0.399815
vn -0.052628 0.997351 0.009008
vn -0.081645 0.993516 0.027142
vn -0.006347 0.996791 0.000879
vn -0.045977 0.996198 0.033822
vn 0.004777 0.998442 -0.038901
vn -0.047549 0.996466 0.036997
vn -0.053021 0.997530 -0.038323
vn -0.038324 0.998800 -0.003554
vn -0.021469 0.997118 -0.060125
vn -0.018564 0.998881 -0.019616
vn -0.009412 0.999793 -0.003099
vn 0.021028 0.998038 0.010843
vn 0.018649 0.998685 0.025561
vn 0.023867 0.998686 -0.020885
vn -0.013789 0.999620 -0.000958
vn -0.020380 0.998537 -0.032655
vn -0.068912 0.996476 -0.012294
vn 0.004911 0.999223 -0.017846
vn -0.015618 0.999461 -0.014377
vn -0.038082 0.998727 0.001352
vn -0.019545 0.998541 -0.034400
vn -0.035619 0.998025 -0.040474
vn -0.020865 0.999773 -0.004090
vn -0.028753 0.997198 0.061165
vn 0.039173 0.998939 -0.014648
vn 0.015189 0.999043 -0.022951
vn -0.004330 0.999756 -0.017131
vn -0.024451 0.999538 -0.006270
vn -0.002590 0.999642 -0.025865
vn -0.025436 0.999020 -0.013620
vn -0.008562 0.998431 0.015539
vn 0.020562 0.999646 -0.016140
vn 0.002112 0.999670 -0.011630
vn -0.048179 0.997818 -0.032914
vn -0.013021 0.998848 0.036238
vn -0.040244 0.997878 -0.040584
vn -0.020769 0.999077 0.002606
vn -0.006861 0.999200 0.020569
vn -0.037743 0.998731 -0.021896
vn -0.015420 0.999357 -0.015619
vn -0.045259 0.997603 -0.046489
vn -0.003435 0.999165 0.026748
vn -0.010633 0.998579 0.031931
vn -0.032998 0.998637 0.005678
vn -0.016707 0.998078 -0.008573
vn -0.011524 0.999322 -0.005495
vn -0.067286 0.994159 -0.050727
vn -0.010089 0.999811 0.006222
vn -0.080663 0.991535 -0.005947
vn 0.000414 0.999604 0.021658
vn -0.032758 0.998810 -0.023095
vn -0.150702 0.987512 0.009282
vn -0.039577 0.996540 0.032284
vn -0.036946 0.998557 -0.038837
vn -0.030092 0.998740 -0.001924
vn 0.204259 0.850162 -0.464466
vn 0.554592 0.680766 -0.396475
vn 0.639964 0.519421 -0.513381
vn 0.245699 0.887193 -0.380962
vn 0.819585 0.423237 -0.370237
vn 0.385642 0.886921 -0.118725
vn 0.184279 0.923355 -0.281813
vn 0.828527 0.440964 -0.328612
vn 0.716813 0.591078 -0.257422
vn 0.096202 0.882190 -0.456745
vn 0.800016 0.443172 -0.385663
vn 0.721998 0.626741 -0.206826
vn 0.272125 0.958396 0.003740
vn 0.753146 0.536399 -0.367533
vn 0.484275 0.859744 -0.060978
vn 0.263091 0.958736 0.018345
vn 0.575018 0.657685 -0.445676
vn 0.629289 0.746249 -0.200038
vn 0.133325 0.981191 0.088844
vn 0.709501 0.612159 -0.327641
vn 0.636032 0.665258 -0.365730
vn 0.396837 0.906552 0.038985
vn 0.595293 0.776789 -0.137356
vn 0.200560 0.965422 0.079078
vn 0.327009 0.836320 -0.381263
vn 0.562900 0.817714 0.033051
vn 0.089210 0.963562 0.207286
vn 0.685984 0.684564 -0.184247
vn 0.419295 0.807071 -0.302060
vn 0.433491 0.872604 0.195267
vn 0.277311 0.909408 0.252208
vn 0.050889 0.970762 0.206101
vn 0.485018 0.857227 0.069938
vn 0.633991 0.758005 -0.079505
vn 0.278065 0.882110 0.359152
vn 0.027897 0.943781 0.307252
vn 0.392701 0.776438 -0.273096
vn 0.486592 0.834679 -0.016553
vn 0.354858 0.899360 0.232621
vn 0.124649 0.914281 0.325635
vn -0.046734 0.877109 -0.392952
vn 0.210860 0.928079 -0.142014
vn 0.245794 0.947261 0.054515
vn 0.262439 0.830353 -0.270261
vn 0.221184 0.876446 0.389525
vn -0.310156 0.817622 -0.451058
vn -0.082599 0.894252 -0.304331
vn 0.190216 0.933723 -0.148490
vn 0.141141 0.925959 0.283730
vn 0.185878 0.874133 0.396143
vn 0.248616 0.860608 0.421167
vn -0.137186 0.947930 -0.235937
vn 0.008347 0.976818 -0.139595
vn 0.012258 0.988758 0.045101
vn -0.355283 0.862002 -0.352566
vn -0.091140 0.975069 0.162619
vn 0.238456 0.873870 0.366227
vn -0.100744 0.982117 -0.158757
vn -0.073315 0.987295 -0.057662
vn -0.053138 0.967942 0.025060
vn -0.019127 0.963680 0.030456
vn -0.108756 0.974360 -0.001523
vn -0.166223 0.953829 -0.148047
vn 0.535813 0.809164 -0.156546
vn 0.715426 0.678499 -0.166748
vn 0.555841 0.768029 -0.245978
vn 0.168876 0.919442 -0.124438
vn 0.212334 0.837411 -0.406991
vn 0.185889 0.925835 -0.144124
vn 0.015583 0.947810 -0.245469
vn 0.200276 0.836596 -0.458058
vn -0.087649 0.980842 -0.106097
vn -0.044894 0.941972 -0.240815
vn 0.143119 0.908524 -0.388798
vn 0.129347 0.976502 -0.095913
vn -0.136174 0.965467 -0.204579
vn 0.026278 0.897215 -0.393881
vn 0.037002 0.833332 -0.515542
vn 0.098237 0.985711 0.023801
vn -0.008957 0.886267 -0.218931
vn -0.112293 0.727810 -0.585516
vn 0.119532 0.954726 -0.224039
vn 0.112044 0.983451 0.020356
vn -0.051375 0.976541 -0.028788
vn -0.280213 0.893549 -0.288521
vn -0.128759 0.949359 0.091951
vn -0.390283 0.456204 -0.745099
vn -0.301724 0.570511 -0.692863
vn -0.187477 0.869231 -0.389229
vn 0.117723 0.987155 0.083111
vn 0.252366 0.799216 -0.249428
vn 0.398233 0.788226 -0.041257
vn -0.618911 0.172092 -0.675435
vn -0.453653 0.445026 -0.641362
vn -0.202759 0.615160 -0.702716
vn -0.022611 0.986913 0.009595
vn 0.018863 0.975558 -0.026032
vn -0.189244 0.945811 -0.135650
vn -0.375474 0.862632 -0.220024
vn -0.593309 -0.015518 -0.722906
vn -0.702441 0.252176 -0.594841
vn -0.318566 0.886411 -0.211475
vn -0.064621 0.977753 0.008779
vn 0.079730 0.987786 -0.055359
vn -0.370349 0.891160 -0.190814
vn 0.209019 0.877384 -0.142146
vn 0.707823 0.688956 0.000383
vn -0.372665 0.854133 -0.262438
vn 0.107485 0.985312 0.071181
vn -0.088722 0.966447 -0.126595
vn -0.017242 0.988607 0.044786
vn -0.460633 0.870462 -0.136782
vn -0.290176 0.904181 -0.151389
vn -0.493456 0.756518 -0.333883
vn -0.088733 0.984219 -0.066572
vn -0.204894 0.950511 -0.122571
vn -0.079565 0.973170 0.150208
vn -0.261698 0.946075 0.040221
vn -0.203449 0.963033 0.090108
vn -0.158244 0.985875 0.006053
vn -0.274265 0.938500 0.054103
vn -0.746400 0.454171 0.375047
vn -0.834173 -0.145309 0.399555
vn -0.555268 0.039208 0.785134
vn -0.944757 -0.063057 0.119699
vn -0.802019 -0.168883 0.502501
vn -0.461721 0.226564 0.799894
vn -0.825520 0.358070 0.120110
vn -0.913066 -0.088746 0.248869
vn -0.749975 0.074823 0.562821
vn -0.693023 0.627211 0.293489
vn -0.420795 0.252597 0.823252
vn -0.674859 0.697521 0.138845
vn -0.956207 -0.186146 -0.214155
vn -0.863148 0.232678 0.078111
vn -0.693167 0.498844 0.309205
vn -0.494289 0.486330 0.614623
vn -0.317358 0.072813 0.912653
vn -0.810529 0.542983 0.025362
vn -0.901438 0.086635 -0.202549
vn -0.745653 0.511239 0.273826
vn -0.476000 0.707434 0.346374
vn -0.547461 0.794494 0.248966
vn -0.414861 0.034881 0.886668
vn -0.520877 0.837455 0.091909
vn -0.458383 0.346278 0.779674
vn -0.825815 0.496229 -0.000574
vn -0.950192 -0.010937 -0.114824
vn -0.489527 0.739037 0.358853
vn -0.601154 0.653879 0.365167
vn -0.455876 0.749569 0.422212
vn -0.528068 -0.019878 0.796025
vn -0.503982 0.852645 -0.061678
vn -0.687757 0.570365 0.292286
vn -0.571367 0.497456 0.380674
vn -0.610326 0.744405 0.048774
vn -0.954603 0.048706 -0.174727
vn -0.689946 0.580223 0.250168
vn -0.365124 0.790315 0.418857
vn -0.384068 0.862315 0.259360
vn -0.276614 0.892372 0.276592
vn -0.450909 0.879743 0.091314
vn -0.475690 0.464793 0.700727
vn -0.498167 0.852669 -0.019006
vn -0.464426 0.877622 0.038126
vn -0.660485 0.132049 0.451406
vn -0.626850 0.483078 0.211182
vn -0.899349 0.335879 -0.124257
vn -0.817142 0.333474 0.176545
vn -0.232059 0.877044 0.406498
vn -0.223087 0.937725 0.242155
vn -0.717433 0.626034 -0.084386
vn -0.321096 0.891543 0.055992
vn -0.358077 0.917050 0.076539
vn -0.478808 0.598849 0.611800
vn -0.606232 0.495233 0.447002
vn -0.531110 0.835270 0.019278
vn -0.712126 0.494620 -0.398667
vn -0.973733 0.103313 -0.202735
vn -0.387011 0.775256 0.471380
vn -0.226157 0.844482 0.485493
vn -0.779874 0.431160 -0.307641
vn -0.424989 0.840297 0.251132
vn -0.349952 0.925290 0.050832
vn -0.597722 0.790550 0.116210
vn -0.533418 0.826155 0.106657
vn -0.732929 0.525261 -0.290424
vn -0.766881 0.294737 -0.532887
vn -0.703942 0.532548 -0.389869
vn -0.250181 0.940770 -0.089635
vn -0.150694 0.978054 0.045782
vn -0.540133 0.584346 0.582683
vn -0.430012 0.861971 0.124843
vn -0.317043 0.931285 0.091452
vn -0.527669 0.736205 -0.266342
vn -0.684642 0.195326 -0.669824
vn -0.427096 0.564857 -0.626950
vn -0.456691 0.833290 -0.176048
vn -0.604586 0.746541 0.180819
vn -0.493236 0.585247 0.631320
vn -0.401460 0.777705 0.405804
vn -0.485037 0.839076 0.134009
vn -0.308243 0.940593 -0.015082
vn -0.531834 0.798796 -0.051488
vn -0.335171 0.915715 -0.146305
vn -0.261248 0.932464 -0.100682
vn -0.130130 0.980818 0.080176
vn -0.564051 0.720599 0.322974
vn -0.432522 0.819178 0.285031
vn -0.194299 0.759807 -0.560788
vn -0.140390 0.968265 0.084193
vn -0.525642 0.726444 -0.279289
vn -0.480268 0.754261 -0.306239
vn -0.354283 0.776417 0.510814
vn -0.518905 0.825693 -0.092863
vn -0.469829 0.854849 -0.152014
vn -0.427082 0.900815 0.075870
vn -0.518967 0.814944 -0.040502
vn -0.523894 0.774042 0.323331
vn -0.534884 0.725688 0.418732
vn -0.310074 0.620429 -0.680100
vn -0.721157 0.673878 -0.000692
vn -0.376214 0.757566 -0.507364
vn -0.646885 0.610967 0.440609
vn -0.656008 0.731541 -0.159950
vn -0.728143 0.624986 0.211104
vn -0.509475 0.831421 0.168129
vn -0.362555 0.659209 -0.644595
vn -0.213861 0.908638 -0.241167
vn -0.565080 0.715537 0.402294
vn -0.716096 0.603563 0.260292
vn -0.776975 0.620518 -0.084596
vn -0.390161 0.894454 0.008229
vn -0.235821 0.778086 -0.479878
vn -0.117042 0.903080 -0.210512
vn -0.502356 0.642829 0.556691
vn -0.314132 0.908309 0.238833
vn -0.400903 0.791710 0.434402
vn -0.132534 0.929712 0.257141
vn 0.027312 0.927810 0.277641
vn -0.579202 0.583567 0.534339
vn 0.084047 0.910973 0.359712
vn -0.369773 0.699687 0.604464
vn -0.392017 0.663833 0.630230
vn -0.133834 0.917822 0.355177
vn -0.229245 0.884986 0.389045
vn -0.016179 0.901979 0.417954
vn 0.047431 0.901496 0.403484
vn -0.268771 0.793173 0.535899
vn -0.035808 0.885991 0.451360
vn -0.007186 0.920637 0.358715
vn -0.358465 0.688991 0.628834
vn -0.254326 0.704785 0.650524
vn -0.124623 0.873441 0.455594
vn 0.159133 0.822982 0.529460
vn 0.002099 0.955158 0.281434
vn -0.348563 0.666999 0.654194
vn -0.124498 0.659867 0.715509
vn 0.123392 0.777647 0.586309
vn -0.115038 0.777598 0.597376
vn 0.216188 0.873854 0.420553
vn 0.031125 0.928091 0.333884
vn -0.346623 0.659383 0.661268
vn -0.239655 0.598823 0.760943
vn -0.197355 0.672305 0.701889
vn 0.172174 0.867964 0.431731
vn 0.237571 0.799169 0.527740
vn 0.156573 0.880982 0.407754
vn -0.216095 0.601881 0.752660
vn 0.034602 0.663991 0.732507
vn 0.071120 0.905832 0.343461
vn 0.059555 0.883725 0.315100
vn 0.018760 0.790840 0.505762
vn 0.192083 0.900533 0.325124
vn 0.164094 0.921134 0.292356
vn -0.226976 0.619030 0.749479
vn -0.090549 0.512721 0.842917
vn -0.043778 0.691035 0.682384
vn -0.163268 0.922558 0.160241
vn -0.184418 0.880541 0.097553
vn 0.194631 0.961443 0.180392
vn -0.337497 0.644035 0.679254
vn -0.217539 0.598648 0.690125
vn -0.108963 0.622677 0.693103
vn -0.161355 0.966865 0.036494
vn -0.316681 0.929286 -0.014952
vn -0.432361 0.815811 -0.174508
vn -0.381582 0.869025 -0.150180
vn -0.038203 0.977722 0.028824
vn 0.102346 0.980270 0.118691
vn -0.384876 0.591350 0.692699
vn -0.389168 0.607283 0.617507
vn -0.306019 0.890689 0.143467
vn -0.217879 0.861798 0.341641
vn -0.586097 0.724022 -0.200387
vn -0.482630 0.714011 -0.432504
vn 0.114771 0.980349 0.095152
vn -0.472370 0.608829 0.629999
vn -0.422108 0.878695 0.005963
vn -0.359671 0.880828 0.271055
vn -0.504436 0.787121 -0.196099
vn -0.334134 0.686932 -0.603549
vn -0.157230 0.973979 -0.009809
vn 0.155414 0.975182 0.129847
vn -0.474284 0.793707 0.220193
vn -0.496553 0.647584 0.573039
vn -0.514411 0.674650 0.435635
vn -0.388106 0.760246 -0.506397
vn -0.421106 0.848601 -0.294454
vn -0.073665 0.974393 -0.021114
vn -0.572178 0.613912 0.538339
vn -0.419243 0.836662 -0.317559
vn -0.522258 0.744211 -0.221335
vn -0.220270 0.739857 -0.622189
vn 0.032397 0.978812 0.081632
vn -0.424534 0.885957 -0.090705
vn -0.596583 0.605454 0.519108
vn -0.575435 0.751288 0.203009
vn -0.781342 0.410483 -0.359155
vn -0.398667 0.788806 -0.459111
vn -0.259847 0.779837 -0.555891
vn -0.558829 0.711093 -0.233702
vn -0.423091 0.816519 -0.171910
vn 0.169817 0.980467 0.032642
vn -0.681601 0.628149 0.331762
vn -0.235738 0.918020 -0.275208
vn -0.780038 -0.000717 -0.374160
vn -0.259261 0.710231 -0.633842
vn 0.046687 0.980168 -0.012930
vn -0.484516 0.866439 -0.091216
vn -0.795199 0.490405 0.323590
vn -0.637861 0.752970 -0.026486
vn -0.298874 0.781051 -0.491798
vn -0.292896 0.915655 -0.205440
vn -0.385067 0.716240 -0.530648
vn -0.241249 0.811344 -0.515159
vn -0.221994 0.591104 -0.739295
vn -0.827791 0.174663 -0.271181
vn -0.062460 0.976689 -0.141322
vn 0.065216 0.968676 -0.176432
vn -0.764956 0.622575 0.082691
vn -0.038612 0.900493 -0.409603
vn -0.445024 0.745405 -0.474292
vn -0.304276 0.767243 -0.502031
vn -0.383431 0.635682 -0.639131
vn -0.917767 -0.100829 -0.171680
vn -0.850918 0.363070 -0.096959
vn -0.201700 0.926037 -0.275974
vn -0.493650 0.836021 -0.185450
vn -0.844015 0.508742 0.109342
vn -0.676479 0.724342 -0.094283
vn -0.297949 0.609543 -0.691158
vn 0.056735 0.822648 -0.562954
vn -0.084442 0.842371 -0.482373
vn -0.357262 0.859907 -0.334368
vn -0.949573 0.088790 0.015918
vn -0.792718 0.562270 0.006168
vn -0.437742 0.839816 -0.227596
vn -0.898392 0.284700 0.291322
vn -0.805104 0.576423 0.006308
vn -0.001714 0.825665 -0.544871
vn -0.576009 0.754936 -0.275166
vn -0.509436 0.804430 -0.265912
vn -0.525570 0.702692 -0.352437
vn -0.155754 0.754300 -0.571721
vn -0.688924 0.571526 -0.093897
vn -0.866913 0.288686 0.293154
vn -0.205108 0.920588 -0.302629
vn -0.184855 0.849861 -0.418860
vn -0.645865 0.755576 -0.043128
vn -0.909025 0.365022 0.068304
vn -0.889314 0.206945 0.394672
vn 0.027481 0.821353 -0.563671
vn -0.428595 0.773841 -0.431130
vn -0.443229 0.878314 -0.125550
vn -0.633401 0.591283 0.077510
vn -0.749035 0.418244 -0.255613
vn -0.684164 0.515542 0.330503
vn -0.729575 0.630831 0.089492
vn -0.592798 0.787944 -0.059071
vn -0.341392 0.893658 -0.262251
vn -0.497843 0.835025 -0.147324
vn -0.934255 -0.018168 0.330443
vn -0.890136 0.442509 -0.033387
vn -0.747392 0.608751 -0.024858
vn 0.068287 0.896739 -0.425364
vn 0.034445 0.908427 -0.399058
vn -0.608723 0.781053 -0.082986
vn -0.477655 0.845891 -0.151058
vn -0.223381 0.872405 -0.382633
vn -0.364954 0.908941 -0.012380
vn -0.469162 0.821534 -0.136334
vn -0.784379 0.385717 0.434713
vn -0.268753 0.901893 -0.336881
vn 0.084836 0.918769 -0.364586
vn -0.161503 0.933094 -0.245527
vn -0.960715 -0.030034 0.199671
vn -0.958545 0.251227 -0.046742
vn -0.924270 0.353821 -0.046842
vn 0.054654 0.937488 -0.267990
vn -0.631379 0.761600 -0.056684
vn -0.234053 0.928053 -0.223383
vn -0.513665 0.841173 0.054719
vn -0.345719 0.930065 -0.105461
vn -0.582662 0.635121 0.375924
vn -0.661066 0.663292 0.220142
vn -0.548317 0.795467 -0.135855
vn -0.519185 0.809589 -0.154414
vn -0.435216 0.865124 -0.119698
vn -0.936073 -0.082517 0.335527
vn -0.954014 0.275997 -0.008034
vn 0.112400 0.940199 -0.153087
vn 0.140014 0.956212 -0.157022
vn -0.663827 0.729575 0.113119
vn -0.178203 0.951913 -0.209096
vn -0.579617 0.798829 -0.004505
vn -0.338665 0.931723 -0.020401
vn -0.369602 0.899377 0.125474
vn -0.666371 0.719104 0.042006
vn 0.035948 0.968298 -0.178029
vn -0.731676 0.606527 -0.106081
vn -0.987266 0.065810 0.074933
vn -0.958912 -0.073293 0.260973
vn -0.836463 0.209541 0.308798
vn -0.947606 0.283068 -0.108345
vn 0.252329 0.943041 0.021423
vn -0.688732 0.698089 0.170306
vn -0.414646 0.884177 -0.128621
vn -0.693904 0.697380 0.140446
vn -0.560367 0.794257 0.108964
vn -0.371384 0.903122 0.154946
vn -0.525270 0.838578 0.119160
vn -0.132871 0.956132 -0.126075
vn -0.511763 0.793090 -0.293261
vn -0.983342 -0.041159 0.125092
vn -0.985538 0.071566 0.007388
vn -0.860557 0.257323 0.304707
vn -0.963836 0.193970 -0.086072
vn -0.962382 0.237861 -0.044925
vn -0.933988 0.290533 -0.037757
vn 0.089745 0.937062 -0.229481
vn 0.159432 0.969697 0.113826
vn 0.105325 0.983760 0.063427
vn -0.320030 0.908729 -0.123398
vn -0.627659 0.754013 0.097740
vn -0.558821 0.827678 0.045266
vn -0.760586 0.535872 -0.273482
vn -0.776118 0.392418 0.201277
vn -0.418225 0.823151 0.160743
vn -0.980149 0.126971 -0.023182
vn 0.443670 0.813711 -0.275245
vn 0.115276 0.948174 -0.056061
vn -0.543075 0.819445 0.130121
vn 0.081751 0.923433 -0.220544
vn -0.528695 0.833742 0.002129
vn -0.579174 0.796732 0.117392
vn -0.362861 0.864587 -0.324199
vn -0.607788 0.702657 -0.314509
vn -0.503815 0.783890 0.208987
vn -0.804944 0.423810 0.086142
vn -0.109836 0.966743 0.040030
vn -0.969319 0.185008 -0.136229
vn 0.386065 0.810252 -0.241250
vn -0.091619 0.951803 -0.185666
vn -0.227038 0.936592 0.160680
vn -0.533697 0.789005 0.243557
vn -0.646781 0.699738 0.277459
vn -0.521694 0.848692 0.037771
vn -0.894313 0.175539 -0.342290
vn -0.988520 0.099294 -0.024727
vn -0.329987 0.902785 0.096730
vn -0.314095 0.888892 0.022709
vn -0.169662 0.973876 0.068662
vn -0.076222 0.995851 0.013619
vn -0.963813 0.050100 -0.236273
vn -0.956094 0.133120 -0.131321
vn 0.349044 0.840611 -0.347659
vn 0.104560 0.864941 -0.430310
vn 0.149837 0.955785 -0.026702
vn -0.512944 0.826810 0.172624
vn -0.390094 0.859007 -0.300281
vn -0.146420 0.897384 -0.396578
vn -0.729998 0.517031 -0.353424
vn -0.918986 0.144640 -0.294703
vn -0.840878 0.418684 -0.048162
vn -0.365237 0.829654 0.046612
vn -0.059198 0.994882 -0.007873
vn -0.939412 0.241610 -0.214700
vn -0.335933 0.836559 0.386240
vn -0.091573 0.952585 0.259590
vn -0.507212 0.771852 0.356822
vn -0.466715 0.878967 -0.000236
vn -0.550207 0.746456 -0.316000
vn -0.148793 0.929853 -0.294707
vn -0.783373 0.286963 -0.497482
vn -0.375930 0.872276 0.034772
vn -0.071860 0.994110 -0.001894
vn -0.073770 0.995557 0.000412
vn 0.035717 0.996988 -0.006854
vn -0.932805 0.184166 -0.273485
vn 0.131188 0.930023 -0.239517
vn 0.111410 0.984503 0.038251
vn -0.471258 0.866595 0.015428
vn -0.444257 0.861741 -0.183116
vn -0.268634 0.922488 -0.230569
vn -0.844425 0.129548 -0.515749
vn -0.371079 0.893497 -0.012802
vn -0.081797 0.995607 -0.003032
vn -0.056760 0.997363 0.027021
vn -0.055272 0.995489 0.015171
vn -0.709786 0.616502 -0.132107
vn -0.823613 0.482749 -0.207975
vn -0.342545 0.885709 0.240369
vn -0.140627 0.965543 0.114670
vn -0.295388 0.923783 -0.138273
vn -0.051700 0.984339 -0.118416
vn -0.620166 0.681805 -0.314967
vn -0.778294 0.242958 -0.554561
vn -0.838920 0.341695 -0.345787
vn -0.078407 0.996660 0.008574
vn -0.089620 0.992553 -0.003113
vn -0.101587 0.991912 -0.053688
vn -0.022171 0.999516 -0.010613
vn -0.027078 0.999426 -0.000470
vn -0.686475 0.657336 -0.175569
vn -0.429896 0.871781 0.203907
vn -0.474254 0.814999 -0.274205
vn -0.625170 0.618757 -0.388706
vn -0.759747 0.448747 -0.427364
vn -0.732931 0.306763 -0.584917
vn -0.088643 0.995975 -0.005524
vn -0.356297 0.909673 -0.049574
vn -0.082751 0.993894 -0.011000
vn -0.083567 0.995261 -0.026796
vn -0.062080 0.996975 0.012361
vn -0.023174 0.998316 -0.027064
vn -0.024564 0.998890 -0.002620
vn -0.486386 0.821406 -0.142619
vn -0.487745 0.823432 -0.138931
vn -0.345236 0.908366 -0.052441
vn -0.493439 0.776200 -0.355565
vn -0.490642 0.744726 -0.447947
vn -0.711438 0.461269 -0.515495
vn -0.679476 0.283521 -0.670019
vn -0.611330 0.695909 -0.305919
vn -0.735548 0.610995 -0.240507
vn -0.039886 0.998706 0.009646
vn -0.041547 0.998258 -0.013796
vn -0.025788 0.998745 0.016585
vn -0.022045 0.999540 -0.006506
vn -0.033991 0.998547 -0.017916
vn -0.356215 0.897600 -0.067980
vn -0.447100 0.876052 -0.018011
vn -0.451454 0.827045 -0.206258
vn -0.509177 0.738503 -0.380245
vn -0.586285 0.585622 -0.479757
vn -0.608731 0.655554 -0.413368
vn -0.676101 0.358644 -0.638212
vn -0.460654 0.852569 -0.177963
vn -0.215677 0.967749 -0.089332
vn -0.031118 0.999019 -0.024111
vn -0.004010 0.999608 0.018795
vn -0.013565 0.999585 -0.010113
vn -0.005271 0.998827 -0.024854
vn -0.016425 0.997645 -0.034475
vn -0.025751 0.999037 0.009047
vn -0.188434 0.958585 -0.055368
vn -0.501632 0.680052 -0.521688
vn -0.493870 0.625929 -0.587917
vn -0.555036 0.591553 -0.545863
vn -0.645628 0.412966 -0.638123
vn -0.607191 0.492491 -0.582385
vn -0.346217 0.875812 -0.257809
vn -0.015352 0.999415 -0.018375
vn -0.063696 0.996389 -0.034076
vn -0.037365 0.998918 -0.006087
vn -0.017007 0.999810 -0.005372
vn -0.007879 0.999888 0.002733
vn -0.059231 0.998104 -0.005797
vn -0.050853 0.996916 0.025968
vn -0.012384 0.999234 -0.010155
vn -0.042794 0.998838 0.003933
vn -0.614863 0.413526 -0.658818
vn -0.282649 0.885451 -0.240596
vn -0.234788 0.948475 -0.136061
vn -0.165084 0.977737 -0.066275
vn -0.035153 0.999040 -0.022330
vn -0.041723 0.998904 0.017123
vn -0.033325 0.998928 -0.031446
vn -0.004275 0.999819 -0.010124
vn -0.006262 0.999500 0.003760
vn -0.048114 0.998323 0.002334
vn -0.049978 0.998424 -0.013030
vn -0.062703 0.997929 -0.006073
vn -0.049330 0.998130 -0.024922
vn -0.537501 0.447495 -0.709361
vn -0.307384 0.856395 -0.343086
vn -0.607601 0.451190 -0.650225
vn -0.631457 0.377914 -0.674026
vn -0.080797 0.992068 -0.069485
vn -0.054679 0.997098 -0.030792
vn -0.051717 0.998174 -0.028128
vn -0.033097 0.999356 0.002014
vn -0.020139 0.999401 -0.025087
vn -0.040091 0.998989 -0.014022
vn -0.003342 0.999686 0.000084
vn -0.019658 0.999171 -0.010047
vn -0.028022 0.999475 -0.003823
vn -0.056275 0.998259 0.000988
vn -0.059127 0.998180 -0.005917
vn -0.041766 0.996631 0.006652
vn -0.041807 0.998122 -0.007197
vn -0.048411 0.998791 0.004447
vn -0.402745 0.739897 -0.501607
vn -0.049360 0.995878 -0.043241
vn -0.068134 0.995432 -0.053940
vn -0.040184 0.997920 -0.001596
vn -0.026050 0.999268 -0.016976
vn -0.015977 0.999772 -0.003555
vn -0.003808 0.999318 0.012456
vn -0.036337 0.998979 -0.024549
vn -0.040172 0.999053 0.007917
vn -0.053779 0.998276 0.004462
vn -0.052186 0.997720 0.008371
vn -0.062841 0.997889 -0.003435
vn -0.043458 0.998868 -0.002982
vn -0.000322 0.999096 0.024437
vn -0.156723 0.954608 -0.182105
vn 0.002719 0.998978 0.019496
vn -0.020481 0.999372 -0.012731
vn -0.050291 0.998101 -0.018273
vn -0.036630 0.999100 -0.008462
vn -0.029448 0.999183 -0.001297
vn -0.044472 0.996428 0.060975
vn -0.042640 0.998451 0.004351
vn -0.057874 0.995109 0.074911
vn -0.053953 0.998458 -0.004386
vn -0.053838 0.998225 0.011771
vn -0.056671 0.998206 0.014202
vn -0.059948 0.998138 -0.003646
vn -0.051518 0.998326 -0.016908
vn -0.010599 0.999629 0.004713
vn -0.013435 0.999071 -0.009134
vn 0.000906 0.999363 0.021525
vn -0.038350 0.999000 -0.007447
vn -0.029370 0.999141 -0.004629
vn -0.016086 0.999532 0.020091
vn -0.018792 0.999404 -0.020600
vn -0.037447 0.998982 -0.019285
vn -0.067883 0.997671 -0.006349
vn -0.064814 0.997048 0.038264
vn -0.068421 0.997594 0.000384
vn -0.001096 0.998670 0.005553
vn -0.000489 0.999291 0.005402
vn -0.038215 0.998744 -0.007831
vn -0.037534 0.998941 -0.026414
vn -0.042929 0.998384 0.012949
vn -0.027029 0.999423 -0.012069
vn -0.049646 0.994240 0.088735
vn -0.057946 0.995513 0.065077
vn -0.072502 0.996090 0.048477
vn -0.061501 0.997870 -0.011958
vn -0.033351 0.997800 0.010356
vn -0.010940 0.999731 0.011969
vn -0.007291 0.999814 0.002740
vn -0.019158 0.999337 -0.020383
vn -0.033841 0.999122 -0.020912
vn -0.056715 0.998325 -0.005315
vn -0.068995 0.997571 0.003931
vn -0.072390 0.997289 0.000743
vn -0.058648 0.985486 -0.026691
vn -0.023892 0.999209 0.028622
vn -0.046423 0.998588 -0.025835
vn -0.065743 0.997742 0.008290
vn -0.038656 0.996646 0.066620
vn -0.042044 0.985541 -0.021353
vn -0.036334 0.997556 0.030551
vn -0.050985 0.996836 0.047197
vn -0.007527 0.998216 0.045108
vn -0.032654 0.997447 0.061317
vn -0.031366 0.997822 0.032131
vn -0.029885 0.998394 0.028331
vn -0.018888 0.998734 0.040623
vn -0.029212 0.998144 0.042324
vn -0.061350 0.997790 0.017411
vn -0.056874 0.997391 0.036345
vn -0.048380 0.998394 0.012246
vn -0.012087 0.999421 0.016553
vn -0.054952 0.997309 0.039611
vn 0.016333 0.999860 0.002631
vn -0.060644 0.997038 0.041545
vn -0.006581 0.999539 0.013528
vn -0.033903 0.998524 0.040363
vn -0.034909 0.997146 -0.049928
vn -0.055515 0.996615 -0.039940
vn -0.060728 0.996546 -0.004883
vn -0.035330 0.998298 0.001910
vn -0.033465 0.998483 -0.020476
vn -0.018178 0.998474 0.019336
vn -0.013020 0.999176 0.011768
vn -0.015853 0.999362 -0.014860
vn -0.005729 0.999685 -0.003136
vn -0.011732 0.999465 0.009265
vn -0.017062 0.999521 -0.006225
vn 0.000706 0.999332 -0.007168
vn 0.003281 0.999938 0.000483
vn -0.014569 0.999174 -0.007234
vn -0.037783 0.998263 -0.004686
vn -0.029494 0.999081 -0.030270
vn -0.050996 0.997169 0.010460
vn -0.052951 0.998025 -0.007573
vn 0.021537 0.996246 0.022019
vn -0.026600 0.999072 0.010238
vn -0.036688 0.999047 -0.012094
vn -0.072500 0.997090 -0.001456
vn -0.081440 0.996656 0.005926
vn -0.070729 0.997186 -0.020248
vn -0.053536 0.998262 0.006489
vn -0.075526 0.996743 -0.012126
vn 0.014513 0.994595 0.061421
vn -0.022839 0.998804 0.000778
vn -0.034996 0.998050 0.037192
vn 0.048173 0.990279 0.106460
vn -0.051699 0.998153 0.022647
vn -0.070713 0.997145 0.004509
vn -0.041103 0.998392 -0.011867
vn -0.032742 0.997206 0.048212
vn -0.053731 0.998106 0.028471
vn -0.005922 0.998953 0.035283
vn -0.007889 0.999555 -0.002290
vn -0.005374 0.999259 0.012324
vn -0.035705 0.998491 -0.003144
vn 0.004969 0.999498 0.004972
vn -0.009208 0.999299 0.028702
vn -0.018845 0.999376 -0.012455
vn 0.014436 0.998203 0.047977
vn -0.003968 0.998878 0.033310
vn 0.023659 0.997700 0.060835
vn 0.004547 0.999582 0.000218
vn -0.014826 0.999232 0.014626
vn 0.005627 0.999884 0.003548
vn -0.026925 0.998667 -0.019195
vn 0.008229 0.999861 0.000187
vn -0.030077 0.998137 0.045558
vn -0.000083 0.998617 0.050789
vn 0.017988 0.999495 0.000370
vn -0.040582 0.998236 0.013735
vn 0.018290 0.999544 0.005416
vn -0.004635 0.999672 -0.001501
vn 0.019589 0.999447 0.011459
vn -0.059913 0.997797 -0.001765
vn 0.011081 0.999755 -0.011917
vn 0.014918 0.999663 -0.018316
vn 0.024022 0.999324 -0.006655
vn 0.020116 0.999209 -0.002918
vn 0.014138 0.999790 -0.007146
vn 0.021079 0.999561 -0.007403
vn 0.003977 0.998797 0.009883
vn 0.521795 0.351088 -0.572176
vn 0.140429 0.939964 -0.158720
vn 0.222290 0.850798 -0.348240
vn 0.227544 0.864481 -0.337483
vn -0.001806 0.983724 -0.014873
vn 0.642918 0.172544 -0.586705
vn -0.011279 0.983859 -0.127355
vn 0.491274 0.396497 -0.693000
vn -0.045140 0.992558 0.037009
vn -0.030267 0.975250 -0.140718
vn 0.269013 0.820973 -0.315061
vn 0.699163 -0.376395 -0.539290
vn -0.015995 0.985683 -0.078819
vn 0.307693 0.801793 -0.402115
vn 0.621177 -0.422326 -0.612219
vn -0.033745 0.995354 0.059144
vn -0.046876 0.992473 0.033770
vn 0.437904 0.723611 -0.320250
vn 0.672436 -0.428781 -0.567201
vn 0.467182 0.447243 -0.733648
vn 0.567616 -0.111593 -0.748543
vn -0.073442 0.993895 0.038449
vn 0.145864 0.975020 -0.017745
vn 0.653319 -0.034563 -0.591131
vn 0.620190 -0.611198 -0.459885
vn 0.531315 -0.600214 -0.573241
vn -0.013948 0.989840 0.053270
vn -0.007411 0.998247 0.014987
vn 0.083555 0.935352 -0.078358
vn 0.597563 -0.601777 -0.520595
vn 0.635388 -0.433943 -0.620782
vn 0.436165 -0.695544 -0.518417
vn -0.023937 0.996748 0.048392
vn 0.455493 0.388854 -0.555763
vn 0.732814 -0.005863 -0.488154
vn 0.574001 -0.604111 -0.552786
vn -0.040686 0.997037 0.045612
vn 0.543595 0.439713 -0.265417
vn 0.144324 0.931924 0.016204
vn 0.486041 0.701648 -0.140209
vn 0.674511 0.612824 -0.256219
vn 0.878568 0.196863 -0.409386
vn 0.792900 -0.068106 -0.585683
vn 0.664128 0.302629 -0.636822
vn 0.889340 0.070169 -0.441599
vn 0.489207 0.112712 -0.803154
vn 0.645821 0.474650 -0.531964
vn 0.862362 -0.058665 -0.498106
vn 0.900887 0.250388 -0.340567
vn 0.588568 -0.129097 -0.786064
vn 0.236722 0.513024 -0.756307
vn 0.885563 0.357991 -0.253904
vn 0.209763 0.622755 -0.698257
vn 0.770119 -0.160996 -0.604916
vn 0.851094 0.116050 -0.497371
vn 0.666704 -0.192430 -0.716221
vn 0.308935 0.219957 -0.872952
vn -0.061608 0.600685 -0.747235
vn 0.639513 0.583955 -0.436834
vn 0.260245 0.681164 -0.637858
vn 0.775823 0.330383 -0.509829
vn 0.834448 0.375716 -0.338388
vn 0.580540 -0.149604 -0.797019
vn 0.466577 0.013422 -0.855914
vn -0.195918 0.668901 -0.698525
vn 0.792039 0.527925 -0.202097
vn -0.274144 0.686756 -0.616528
vn 0.645823 -0.256607 -0.716981
vn 0.748363 0.241255 -0.598358
vn 0.603087 0.442328 -0.542240
vn 0.626744 -0.155663 -0.760682
vn -0.124811 0.614781 -0.691622
vn -0.405815 0.679874 -0.598621
vn -0.275525 0.688627 -0.645099
vn 0.396514 0.713464 -0.509501
vn 0.743977 0.436035 -0.361069
vn -0.293540 0.659306 -0.616883
vn 0.705766 -0.238526 -0.658763
vn 0.617008 0.496539 -0.583759
vn 0.861838 0.124134 -0.469940
vn 0.730265 0.425902 -0.387921
vn 0.570583 -0.032081 -0.816471
vn 0.319807 0.310290 -0.832150
vn -0.415662 0.659128 -0.615928
vn 0.709806 0.600352 -0.330946
vn 0.769306 0.462565 -0.368338
vn -0.458298 0.703834 -0.534936
vn -0.569104 0.616383 -0.532642
vn 0.772245 -0.291477 -0.558834
vn 0.664404 -0.344356 -0.652066
vn 0.608588 -0.290120 -0.733681
vn 0.883684 0.074095 -0.439886
vn 0.836205 0.282988 -0.445274
vn 0.537569 0.421591 -0.696586
vn 0.549239 0.393127 -0.692264
vn 0.549205 -0.016049 -0.820350
vn -0.231252 0.775441 -0.428917
vn -0.480853 0.748439 -0.411211
vn -0.577661 0.653304 -0.477450
vn 0.097821 0.732748 -0.556869
vn 0.520939 0.667876 -0.488050
vn 0.501378 0.441294 -0.660768
vn -0.537939 0.594139 -0.594476
vn 0.598703 -0.360026 -0.708930
vn 0.595681 -0.237218 -0.755313
vn 0.602942 -0.313796 -0.731755
vn 0.924862 0.224027 -0.302133
vn 0.613703 0.417217 -0.612028
vn 0.382395 0.193830 -0.872169
vn 0.119145 0.529907 -0.768711
vn 0.593022 0.522941 -0.586419
vn 0.738681 -0.389243 -0.549015
vn 0.518161 -0.541500 -0.639205
vn 0.493451 -0.432576 -0.729305
vn 0.866972 0.337573 -0.362139
vn 0.738178 0.435933 -0.478610
vn 0.447322 0.127685 -0.850154
vn 0.324117 0.325216 -0.855262
vn -0.282711 0.826764 -0.426260
vn -0.512901 0.812193 -0.247168
vn -0.553964 0.716061 -0.409470
vn 0.409738 0.728884 -0.548250
vn 0.431030 0.453477 -0.651016
vn 0.599242 0.564231 -0.489220
vn 0.672177 -0.498055 -0.535708
vn 0.465497 -0.624150 -0.609288
vn 0.548221 -0.429828 -0.704227
vn 0.500936 -0.425084 -0.723895
vn 0.505298 -0.455171 -0.723761
vn 0.752235 0.443566 -0.438392
vn 0.007215 0.609028 -0.704956
vn 0.532950 -0.142389 -0.811990
vn -0.467688 0.869171 -0.139548
vn -0.448130 0.749279 -0.477684
vn 0.492383 0.667047 -0.553905
vn 0.577323 0.623695 -0.507917
vn 0.376623 -0.595787 -0.680016
vn 0.571144 -0.505983 -0.596243
vn 0.306367 -0.632613 -0.696127
vn 0.384451 -0.652464 -0.634143
vn 0.800765 0.526922 -0.272941
vn 0.270085 0.345558 -0.825104
vn -0.076461 0.632704 -0.653676
vn -0.407579 0.862922 -0.245034
vn -0.424187 0.881335 -0.161291
vn -0.411093 0.797307 -0.428507
vn 0.747601 0.579109 -0.320297
vn 0.404475 -0.670364 -0.605282
vn 0.431016 -0.618677 -0.637836
vn 0.429254 -0.496319 -0.725829
vn 0.253581 -0.689001 -0.662756
vn 0.440779 -0.090430 -0.856957
vn -0.358250 0.812653 -0.446917
vn 0.407008 -0.184556 -0.858852
vn 0.491245 -0.183335 -0.753790
vn 0.210969 -0.700005 -0.674573
vn 0.322914 -0.683750 -0.651277
vn -0.170642 0.810163 -0.495128
vn 0.142503 0.458421 -0.800430
vn -0.298595 0.896622 -0.282768
vn -0.267049 0.921430 -0.244987
vn 0.637115 -0.174697 -0.683700
vn 0.532384 -0.177211 -0.734613
vn 0.318441 -0.452639 -0.802537
vn 0.190254 -0.570785 -0.767458
vn 0.364409 -0.572044 -0.704621
vn 0.267864 0.126174 -0.881244
vn 0.011138 0.917384 -0.309931
vn 0.514881 0.312421 -0.752766
vn 0.814943 -0.246766 -0.448838
vn 0.467603 0.274728 -0.783718
vn 0.539414 0.421797 -0.602015
vn 0.455622 -0.114705 -0.788435
vn 0.165683 -0.578735 -0.769810
vn 0.292577 -0.662867 -0.685568
vn -0.018471 0.763997 -0.558924
vn -0.005231 0.917198 -0.322816
vn 0.588994 0.386253 -0.528692
vn 0.756086 -0.507069 -0.403830
vn 0.593176 0.108287 -0.762228
vn 0.178166 0.201064 -0.846573
vn 0.151028 -0.734799 -0.659354
vn 0.155295 -0.078053 -0.938363
vn 0.288386 0.008760 -0.872332
vn 0.319841 -0.500188 -0.781893
vn 0.423935 0.703180 -0.287587
vn 0.318564 0.692802 -0.506364
vn 0.724288 0.358241 -0.482595
vn 0.818572 -0.034428 -0.448454
vn 0.370813 0.605090 -0.645033
vn 0.321624 0.606057 -0.639352
vn 0.153787 -0.609415 -0.758361
vn 0.281748 -0.127160 -0.884074
vn 0.386687 -0.577234 -0.715358
vn 0.079614 0.693281 -0.691616
vn 0.072485 0.928389 0.089224
vn 0.286089 0.781565 -0.330138
vn 0.220254 0.885467 -0.314413
vn 0.235324 0.886231 -0.307777
vn 0.301661 -0.221350 -0.853273
vn 0.160900 0.394944 -0.811512
vn 0.072117 0.621318 -0.648806
vn 0.222377 0.499022 -0.794290
vn 0.236607 0.780422 -0.532132
vn 0.271080 0.370626 -0.828305
vn -0.023944 0.960883 0.166754
vn 0.038826 0.866061 -0.319520
vn 0.505628 0.632304 -0.463833
vn 0.050592 0.880328 -0.363327
vn 0.093296 0.964181 -0.207810
vn 0.038210 0.647566 -0.655702
vn 0.382782 0.380862 -0.712491
vn 0.270906 -0.478268 -0.802065
vn 0.084741 0.905992 -0.353547
vn 0.472802 0.562088 -0.628383
vn 0.041437 0.984653 -0.032478
vn -0.060243 0.987793 0.111097
vn -0.092065 0.940596 0.254894
vn -0.125630 0.975467 -0.077573
vn 0.043886 0.957881 -0.239797
vn -0.204476 0.958477 0.066807
vn 0.310065 -0.139836 -0.899238
vn 0.102886 0.878614 -0.375217
vn 0.604374 0.461750 -0.569223
vn 0.204235 0.843486 -0.404147
vn -0.040707 0.958082 -0.150565
vn 0.717560 0.246534 -0.617452
vn -0.077196 0.994828 0.032695
vn -0.165416 0.951676 0.223981
vn -0.223549 0.963020 0.094977
vn -0.001634 0.974965 -0.152618
vn 0.012907 0.993350 -0.042440
vn 0.575187 0.080980 -0.788219
vn 0.594261 0.180625 -0.705301
vn 0.444260 -0.541333 -0.635509
vn 0.728561 0.445372 -0.499988
vn -0.046583 0.997606 0.009846
vn -0.139114 0.979027 0.117323
vn -0.008076 0.998823 -0.002086
vn -0.110254 0.983570 -0.110189
vn 0.618660 -0.129511 -0.739441
vn -0.015681 0.985337 -0.001104
vn 0.297039 0.853107 -0.257515
vn 0.424047 0.626981 -0.539517
vn -0.012159 0.994605 -0.022147
vn 0.329805 -0.651419 -0.637876
vn 0.541073 -0.405224 -0.682617
vn 0.817630 0.333930 -0.458095
vn 0.771830 -0.032935 -0.614192
vn -0.095896 0.994847 0.005119
vn -0.035121 0.994439 0.022129
vn -0.003417 0.998172 0.025335
vn -0.044753 0.998164 -0.001164
vn -0.130195 0.985955 -0.059543
vn 0.055172 0.997375 -0.037523
vn -0.020106 0.998089 0.037225
vn -0.003220 0.997043 0.022420
vn 0.544777 -0.013010 -0.729982
vn 0.675939 -0.569134 -0.454021
vn 0.691937 -0.496685 -0.503990
vn 0.739950 0.282538 -0.588947
vn -0.065294 0.996558 0.008638
vn 0.007217 0.999421 -0.014949
vn 0.010543 0.999524 -0.014180
vn -0.054449 0.993171 -0.084589
vn -0.002329 0.996736 0.032178
vn 0.750754 -0.251484 -0.594958
vn -0.018589 0.992353 0.018217
vn 0.038778 0.937825 -0.020777
vn 0.264622 0.617932 -0.688344
vn 0.609571 -0.366033 -0.700130
vn 0.009746 0.995805 -0.014084
vn 0.697455 -0.559620 -0.433215
vn 0.747274 0.024622 -0.629452
vn -0.042549 0.993697 -0.005077
vn -0.023647 0.999185 0.002418
vn -0.023157 0.998384 -0.013095
vn -0.085230 0.995838 -0.002432
vn 0.016859 0.998195 0.034478
vn -0.058831 0.995521 0.014252
vn 0.147729 0.866861 -0.333282
vn 0.640206 -0.398286 -0.656890
vn -0.038138 0.995505 -0.047513
vn 0.725996 -0.414055 -0.517397
vn 0.713023 -0.255171 -0.617408
vn 0.480851 0.555977 -0.649856
vn 0.554674 0.361152 -0.722315
vn -0.050630 0.995009 -0.008007
vn 0.007178 0.999663 -0.011593
vn -0.014346 0.999217 -0.013856
vn 0.011231 0.999548 -0.017785
vn 0.005592 0.998485 0.028970
vn -0.014271 0.997623 0.035175
vn 0.646491 0.053624 -0.721907
vn 0.032207 0.995429 -0.086945
vn -0.000552 0.988755 0.038421
vn 0.132671 0.911553 -0.218080
vn -0.037110 0.995691 0.065891
vn 0.531057 -0.576973 -0.587284
vn 0.366559 0.728958 -0.564318
vn -0.003290 0.998436 -0.025870
vn -0.028587 0.999020 0.010959
vn 0.001699 0.999528 -0.022018
vn -0.022516 0.998565 -0.003315
vn -0.022336 0.993804 0.059184
vn -0.003337 0.998131 -0.017467
vn -0.020982 0.995545 0.071488
vn 0.666849 -0.327083 -0.643916
vn 0.601108 -0.027276 -0.776580
vn 0.208438 0.654166 -0.699111
vn 0.179356 0.819413 -0.527662
vn 0.415850 0.403217 -0.800141
vn -0.002590 0.999478 -0.005464
vn 0.007520 0.999758 0.001513
vn -0.021342 0.997554 -0.026617
vn -0.017392 0.998663 0.016637
vn 0.021305 0.999655 0.006407
vn -0.045791 0.997637 0.035203
vn -0.026206 0.996573 -0.023963
vn -0.015237 0.996887 0.053474
vn 0.497286 -0.353949 -0.727486
vn 0.473095 0.261466 -0.823169
vn -0.017810 0.998687 -0.000460
vn -0.006144 0.999375 -0.002774
vn 0.015474 0.997953 -0.042646
vn -0.023524 0.998725 0.002474
vn 0.021037 0.999279 0.015846
vn -0.013893 0.998388 -0.006673
vn -0.004764 0.997124 0.045582
vn 0.038482 0.998762 0.001602
vn 0.000394 0.999798 0.012613
vn -0.016195 0.998331 0.000810
vn 0.472096 -0.585174 -0.643130
vn 0.285718 0.385979 -0.825998
vn 0.188170 0.533137 -0.799587
vn 0.056035 0.850759 -0.513595
vn 0.007682 0.999346 0.014027
vn 0.003226 0.999876 0.006409
vn -0.009959 0.998840 -0.023598
vn -0.024585 0.997985 0.003207
vn 0.009786 0.999561 0.005178
vn -0.045843 0.995982 0.024796
vn -0.031443 0.996124 0.046780
vn 0.457540 0.169905 -0.844879
vn 0.493379 -0.559062 -0.651307
vn 0.448572 -0.218299 -0.818927
vn -0.019390 0.632342 -0.765966
vn 0.014631 0.750184 -0.645419
vn -0.007422 0.999640 0.008837
vn 0.001523 0.999889 0.003898
vn -0.020927 0.999063 -0.018257
vn -0.009134 0.999275 -0.010558
vn 0.023722 0.999259 -0.009962
vn -0.049903 0.996998 -0.010626
vn -0.011015 0.998821 -0.015448
vn 0.511679 -0.606926 -0.587001
vn 0.668922 -0.500527 -0.541670
vn 0.490570 -0.160479 -0.794994
vn 0.126392 0.552001 -0.780558
vn -0.113239 0.869566 -0.453903
vn -0.083275 0.890060 -0.429611
vn 0.011681 0.999871 0.005699
vn -0.010945 0.999497 -0.010758
vn -0.009349 0.999492 -0.001602
vn -0.006721 0.998598 0.005907
vn -0.014287 0.998595 -0.007382
vn -0.015205 0.994994 0.013379
vn -0.010456 0.998773 -0.018182
vn -0.057624 0.997217 -0.027502
vn -0.018646 0.999143 -0.004626
vn -0.015972 0.999697 0.002892
vn 0.392847 0.250372 -0.834361
vn 0.510296 -0.555630 -0.644873
vn 0.598899 -0.407270 -0.664431
vn 0.615004 -0.478379 -0.621659
vn -0.234437 0.770603 -0.546737
vn 0.006712 0.999619 -0.018282
vn 0.015926 0.998919 0.008192
vn 0.003652 0.998831 0.019284
vn -0.010529 0.997824 -0.063914
vn -0.008689 0.998920 -0.022284
vn -0.013505 0.999534 0.012826
vn 0.575154 -0.613363 -0.539156
vn 0.687378 -0.407111 -0.579093
vn 0.742636 -0.421961 -0.505422
vn 0.102479 0.528391 -0.781668
vn 0.362450 0.100405 -0.851520
vn -0.051810 0.653870 -0.743427
vn -0.214947 0.710709 -0.652978
vn -0.381418 0.837380 -0.363675
vn -0.338846 0.881585 -0.307889
vn -0.013328 0.999434 -0.004241
vn 0.009741 0.999590 -0.005885
vn -0.005811 0.999117 0.022614
vn -0.025036 0.998276 0.009697
vn -0.018691 0.999341 -0.007965
vn -0.013381 0.999151 -0.007632
vn 0.006137 0.997556 -0.004300
vn -0.021615 0.999626 -0.001429
vn 0.006623 0.999646 -0.006937
vn 0.553232 -0.615405 -0.561437
vn 0.444628 -0.183058 -0.836984
vn -0.036417 0.697460 -0.704491
vn -0.354092 0.810524 -0.429337
vn -0.436404 0.850946 -0.268241
vn -0.040430 0.998733 0.019245
vn -0.009178 0.999117 0.030065
vn -0.047047 0.998492 -0.004819
vn -0.012343 0.999485 -0.001825
vn 0.709215 -0.360251 -0.576630
vn 0.373013 -0.113794 -0.871087
vn 0.055006 0.601820 -0.763758
vn 0.235552 0.310222 -0.869583
vn -0.384070 0.817793 -0.382309
vn -0.241624 0.808268 -0.493216
vn 0.019068 0.999110 -0.020126
vn -0.000821 0.999438 -0.018719
vn -0.027748 0.998406 0.015016
vn -0.039050 0.998926 -0.017297
vn -0.003712 0.999599 -0.004129
vn -0.005745 0.999860 -0.011753
vn 0.563926 -0.326842 -0.722220
vn 0.595864 0.280379 -0.385421
vn 0.078301 0.104981 -0.957283
vn 0.009440 0.432449 -0.851003
vn -0.056739 0.739859 -0.660673
vn -0.019294 0.999477 -0.013414
vn -0.023987 0.999308 -0.004909
vn -0.012843 0.999538 -0.027284
vn 0.003250 0.999314 0.011707
vn -0.005454 0.999729 0.007223
vn 0.271149 -0.403470 -0.818745
vn 0.313768 0.512589 -0.473775
vn 0.205524 -0.104681 -0.945260
vn -0.055909 0.154453 -0.954782
vn -0.095883 0.687619 -0.715761
vn -0.405079 0.854869 -0.297307
vn -0.222342 0.765779 -0.582666
vn -0.000214 0.999853 0.001818
vn -0.055687 0.998035 -0.001912
vn -0.009331 0.999850 0.002207
vn 0.001088 0.999897 0.003417
vn -0.012440 0.999707 0.004943
vn 0.300175 0.108400 -0.740173
vn -0.028483 0.987306 -0.041679
vn 0.060155 0.160996 -0.961871
vn -0.167330 0.502851 -0.823326
vn -0.344755 0.858350 -0.364907
vn -0.000327 0.999928 0.003969
vn 0.008359 0.999917 0.004583
vn -0.004117 0.999596 -0.000024
vn -0.015328 0.999491 0.003900
vn -0.072865 -0.244837 -0.864045
vn -0.051919 -0.146751 -0.933032
vn 0.054531 0.840056 -0.351719
vn -0.128974 0.260587 -0.922020
vn -0.241658 0.352010 -0.884614
vn -0.203201 0.678360 -0.700636
vn -0.340768 0.747531 -0.542278
vn -0.009086 0.999847 0.001913
vn 0.001732 0.999828 -0.001856
vn -0.005163 0.999611 -0.011550
vn -0.057682 0.794771 -0.442357
vn -0.048546 -0.453670 -0.882627
vn -0.023473 0.984143 -0.090280
vn -0.409220 0.541448 -0.721210
vn -0.461505 0.684397 -0.545969
vn -0.014078 0.999845 0.004065
vn -0.026385 0.998841 -0.001961
vn -0.013735 0.999533 0.005642
vn 0.032046 0.067007 -0.860464
vn -0.017816 -0.419844 -0.879455
vn -0.240406 -0.080954 -0.892238
vn -0.432113 0.369303 -0.801476
vn -0.022507 0.997863 0.034580
vn -0.458142 0.483197 -0.738627
vn -0.398886 0.637612 -0.645157
vn 0.006602 0.979901 -0.004939
vn -0.001401 0.999854 -0.008880
vn 0.000430 0.999296 -0.019397
vn -0.011198 0.999210 0.004290
vn -0.039972 0.997158 -0.003487
vn 0.061300 0.729547 -0.475649
vn -0.065000 0.973108 -0.141562
vn -0.033674 0.996065 0.009299
vn -0.484304 0.550154 -0.678637
vn -0.031266 0.998773 -0.020960
vn -0.038690 0.998486 0.010886
vn 0.109164 0.461926 -0.666429
vn 0.020279 0.944373 -0.156380
vn -0.249642 -0.163555 -0.870123
vn -0.527598 0.337182 -0.764984
vn -0.526648 0.448667 -0.718341
vn -0.024058 0.998494 0.004228
vn 0.000000 -0.000000 -0.000000
vn -0.045188 0.998155 0.003412
vn -0.114241 -0.177776 -0.929280
vn -0.037212 0.997547 0.014684
vn -0.022636 0.998773 -0.018367
vn -0.056452 0.997742 -0.019890
vn -0.073998 0.908296 -0.283129
vn -0.246521 0.330550 -0.797851
vn -0.372065 0.040323 -0.866049
vn -0.598513 0.388068 -0.700836
vn -0.027893 0.998777 -0.036924
vn -0.037091 0.998712 -0.019807
vn -0.043600 0.998366 -0.017369
vn -0.057505 0.997787 -0.019670
vn -0.553021 0.265885 -0.772783
vn -0.067431 0.996150 -0.003063
vn -0.027325 0.999023 -0.018153
vn -0.061517 0.997340 0.020519
vn -0.287472 0.753460 -0.536862
vn -0.481719 0.463755 -0.709649
vn -0.140734 0.964070 -0.155645
vn -0.070906 0.996784 0.000701
vn -0.443249 0.313812 -0.818978
vn -0.059984 0.997006 -0.014401
vn -0.019528 0.998967 -0.002227
vn -0.044756 0.998276 -0.024976
vn -0.016713 0.999468 0.005616
vn -0.318229 0.785034 -0.458177
vn -0.015247 0.998588 0.018646
vn -0.030989 0.999157 0.014068
vn -0.171054 0.942915 -0.236397
vn -0.032266 0.998084 0.040026
vn -0.034835 0.998691 0.018161
vn -0.389902 0.720566 -0.515281
vn -0.044051 0.997189 0.043523
vn -0.061210 0.996506 0.012299
vn -0.002722 0.998574 0.006649
vn -0.055759 0.997681 0.023750
vn -0.022301 0.997705 -0.007964
vn 0.030923 0.999181 0.024062
vn -0.055633 0.997733 0.005027
vn -0.016405 0.999812 0.001194
vn -0.010709 0.999891 -0.001945
vn -0.012588 0.999719 0.006535
vn -0.020095 0.999585 -0.003751
vn -0.021346 0.999503 -0.010900
vn -0.036755 0.999195 -0.007882
vn -0.635184 0.654405 -0.388568
vn -0.676325 0.641366 -0.349781
vn -0.594648 0.617107 -0.512675
vn -0.622265 0.689460 -0.345662
vn -0.651094 0.588792 -0.474648
vn -0.759697 0.526537 -0.360950
vn -0.591011 0.688895 -0.407832
vn -0.636727 0.578692 -0.508586
vn -0.746898 0.502301 -0.383863
vn -0.553620 0.754412 -0.338933
vn -0.542975 0.681251 -0.470193
vn -0.586272 0.719100 -0.337605
vn -0.515263 0.741684 -0.415699
vn -0.714605 0.430979 -0.356431
vn -0.813022 0.077069 -0.552970
vn -0.535937 0.763262 -0.348399
vn -0.422730 0.800533 -0.423356
vn -0.434551 0.836053 -0.326925
vn -0.632586 0.727960 -0.246403
vn -0.684263 0.318881 -0.358613
vn -0.749426 -0.258557 -0.470822
vn -0.491360 0.834466 -0.202572
vn -0.706711 0.652181 -0.176308
vn -0.557978 0.286402 -0.328474
vn -0.410043 0.887625 -0.192966
vn -0.607487 0.770009 -0.058676
vn -0.723738 0.578253 -0.087494
vn -0.617364 -0.359799 -0.638090
vn -0.640271 -0.360471 -0.440597
vn -0.707787 -0.132743 -0.617123
vn -0.277319 0.942876 -0.062231
vn -0.752066 0.590594 0.150904
vn -0.619850 -0.311777 -0.677346
vn -0.727559 0.353822 0.423510
vn -0.564107 -0.645872 -0.478207
vn -0.497992 0.828700 0.101163
vn -0.630133 0.465720 0.433897
vn -0.501288 -0.329504 -0.752244
vn -0.487630 -0.157914 0.131172
vn -0.761998 -0.207015 -0.530770
vn -0.589496 0.393784 -0.572143
vn -0.103633 0.968487 -0.081533
vn -0.686947 -0.078387 -0.711528
vn -0.698445 0.410669 -0.446916
vn -0.035443 0.982070 -0.142035
vn -0.371498 0.879151 0.108026
vn -0.786583 -0.007359 -0.580733
vn -0.583195 -0.186986 -0.734375
vn -0.285440 -0.611981 -0.541634
vn -0.553207 0.378835 0.381142
vn -0.454856 0.770463 -0.387355
vn -0.112060 0.982267 -0.142143
vn 0.158440 0.907668 -0.320124
vn 0.051798 0.956751 -0.193570
vn -0.357226 0.873746 0.259841
vn -0.722784 0.049601 -0.679072
vn -0.747815 0.166699 -0.625731
vn -0.675945 0.453911 -0.455149
vn -0.199344 0.930401 -0.222860
vn -0.132864 0.963449 -0.069280
vn -0.383224 -0.491085 -0.678877
vn -0.743792 0.357277 -0.501829
vn -0.153580 0.831741 -0.229467
vn -0.247385 0.956627 -0.068190
vn -0.099923 0.827639 -0.506212
vn 0.351475 0.829696 -0.399909
vn 0.094898 0.739527 -0.560076
vn -0.398985 0.353850 -0.783552
vn -0.134189 -0.137724 -0.909153
vn -0.318056 0.763374 -0.235983
vn -0.357479 0.891937 -0.203904
vn -0.304309 0.739702 -0.532286
vn 0.144173 0.715287 -0.610881
vn -0.098918 0.148198 -0.913289
vn -0.012521 -0.106766 -0.841911
vn -0.643562 -0.001250 0.027087
vn -0.032593 0.086927 -0.771558
vn 0.283765 0.435624 -0.761343
vn 0.041724 0.537937 -0.767764
vn -0.312001 -0.036266 -0.673944
vn -0.338283 0.746108 -0.536574
vn -0.374309 0.567661 -0.717563
vn -0.157985 0.646843 -0.732659
vn -0.357436 0.442648 -0.777749
vn -0.251269 0.607526 -0.699242
vn -0.413829 0.134254 -0.865340
vn -0.547951 0.400879 -0.642281
vn -0.582039 0.247845 -0.641382
vn -0.732498 0.107857 -0.486841
vn -0.703421 0.179944 -0.494419
vn -0.825982 -0.022310 -0.376671
vn -0.843969 0.001553 -0.279541
vn -0.667455 0.574597 -0.360050
vn -0.697818 0.563474 -0.229692
vn -0.779700 -0.028199 -0.383006
vn -0.767575 0.163004 -0.369874
vn -0.654667 0.587134 -0.322770
vn -0.788145 -0.030509 -0.347871
vn -0.729937 -0.007868 -0.410802
vn -0.749771 -0.382194 -0.380631
vn -0.268208 -0.722175 0.616065
vn -0.297730 -0.506923 0.718324
vn -0.174501 -0.655224 0.690411
vn -0.240048 -0.781057 0.495250
vn -0.058628 -0.409361 0.886958
vn -0.070946 -0.768778 0.624620
vn -0.274048 -0.720408 0.405190
vn -0.206035 -0.732894 0.641005
vn 0.077812 -0.478718 0.839245
vn 0.185416 -0.305450 0.754129
vn -0.017188 -0.751049 0.639808
vn -0.256521 -0.219464 0.927008
vn -0.137742 -0.541450 0.776935
vn -0.028576 -0.358930 0.918229
vn 0.143394 -0.516547 0.669009
vn -0.123919 -0.709051 0.673930
vn -0.069763 -0.777386 0.596358
vn -0.073692 -0.386784 0.809647
vn 0.188144 -0.625300 0.716746
vn 0.227048 -0.366665 0.877844
vn -0.152638 -0.724514 0.636550
vn -0.153555 0.223426 0.784539
vn -0.186524 -0.483803 0.839015
vn -0.058817 -0.363668 0.902692
vn -0.115910 -0.802899 0.575347
vn -0.513860 -0.604531 0.589106
vn -0.154091 0.594225 0.509283
vn -0.072953 0.304488 0.674179
vn -0.182886 -0.310887 0.853290
vn 0.337915 -0.354017 0.810936
vn 0.212229 -0.132405 0.946005
vn -0.035511 -0.348463 0.871895
vn -0.370313 -0.665194 0.614673
vn -0.298986 -0.714689 0.570413
vn -0.554954 -0.492300 0.632490
vn -0.276339 -0.666501 0.568311
vn -0.048141 0.503956 0.572090
vn -0.106911 0.953549 0.125194
vn 0.042211 0.943642 0.228376
vn 0.063676 -0.361086 0.913614
vn 0.326222 -0.438809 0.816385
vn -0.121701 -0.272671 0.939413
vn -0.342952 -0.831619 0.412910
vn -0.752449 -0.383228 0.457317
vn -0.050362 0.988313 0.131938
vn -0.165414 0.973570 0.113471
vn 0.012735 0.978446 0.156777
vn -0.123853 0.679904 0.446029
vn -0.466755 0.005649 0.771883
vn -0.057722 -0.222263 0.787849
vn 0.049107 -0.224199 0.839527
vn 0.336748 -0.734130 0.317519
vn 0.285870 -0.103293 0.946303
vn -0.056546 -0.157812 0.969955
vn -0.584930 -0.661307 0.428943
vn -0.686983 -0.363993 0.590571
vn -0.821928 -0.169566 0.528009
vn -0.647070 -0.281680 0.547853
vn -0.100737 0.986743 0.081878
vn 0.033193 0.996915 0.007537
vn 0.017879 0.998251 0.029869
vn -0.620887 -0.005047 0.693967
vn -0.186887 0.031565 0.922322
vn 0.102344 -0.331135 0.918086
vn 0.004386 -0.511959 0.829519
vn -0.511683 -0.633764 0.506092
vn -0.759130 -0.211919 0.614006
vn -0.911359 -0.114082 0.376582
vn -0.045649 0.995378 0.037202
vn 0.007908 0.998923 0.002690
vn -0.011185 0.974342 0.193600
vn -0.049056 0.997144 0.048217
vn -0.359202 -0.707016 0.534427
vn -0.367372 -0.332045 0.799369
vn -0.277306 -0.243998 0.745181
vn 0.196104 -0.159643 0.940103
vn -0.674139 -0.500264 0.516441
vn -0.750354 -0.207367 0.621922
vn -0.846175 -0.075613 0.519683
vn -0.018547 0.991872 0.095208
vn 0.040730 0.972693 0.196812
vn -0.032425 0.996637 0.073653
vn -0.039815 0.998164 0.035019
vn -0.170225 0.614033 0.475427
vn -0.227720 0.206152 0.797881
vn 0.071144 -0.390659 0.875802
vn 0.288865 -0.432308 0.832337
vn 0.435918 -0.159222 0.874772
vn 0.179641 -0.241953 0.919593
vn -0.554617 -0.395084 0.701268
vn -0.705538 -0.316620 0.610095
vn -0.767356 -0.143228 0.612112
vn 0.007120 0.999334 0.026039
vn 0.008470 0.999224 0.024252
vn -0.085182 0.956120 0.244299
vn -0.047897 0.995214 0.082332
vn -0.018836 0.997166 0.029501
vn -0.390813 -0.041343 0.729505
vn 0.236198 -0.216988 0.940284
vn -0.084199 -0.245022 0.915915
vn 0.418671 -0.273067 0.780793
vn 0.144772 -0.179786 0.955634
vn -0.539141 -0.503392 0.645899
vn -0.541560 -0.557926 0.613062
vn -0.686519 -0.282744 0.667895
vn -0.781768 -0.128072 0.610276
vn -0.076735 0.974869 0.168558
vn -0.046479 0.760042 0.483364
vn -0.045835 0.995458 0.078654
vn -0.032874 -0.341681 0.912078
vn 0.334879 -0.320510 0.853703
vn 0.149380 -0.051849 0.947655
vn -0.229942 -0.118791 0.878927
vn -0.275835 0.157795 0.861459
vn -0.114030 0.969046 0.204413
vn -0.162374 0.811770 0.415462
vn 0.216665 -0.006349 0.963083
vn 0.076566 -0.125830 0.969471
vn 0.049678 -0.605335 0.624902
vn 0.111977 -0.554759 0.804232
vn 0.223424 -0.227724 0.893249
vn 0.153180 0.017552 0.966997
vn -0.435596 -0.523593 0.714560
vn -0.016623 0.997364 0.023747
vn -0.115111 0.944818 0.266612
vn -0.053315 0.992864 0.090079
vn -0.063395 0.795427 0.456352
vn 0.073763 -0.171771 0.946495
vn 0.217513 -0.311372 0.889034
vn 0.244368 0.229508 0.939024
vn 0.099410 0.377422 0.875817
vn -0.145117 0.932477 0.269782
vn -0.040382 0.990618 0.126207
vn 0.010063 0.999175 -0.005427
vn -0.073245 0.296274 0.891220
vn 0.174194 0.321600 0.906390
vn -0.282595 -0.367363 0.796459
vn 0.237020 0.016200 0.915773
vn 0.256483 0.217916 0.939744
vn 0.252132 0.389390 0.865218
vn -0.026081 0.998630 -0.030841
vn -0.147879 0.568523 0.598146
vn 0.085683 0.882957 0.417130
vn 0.001635 0.997272 0.056087
vn -0.017593 0.999020 -0.017776
vn 0.014254 0.999277 -0.012286
vn -0.006093 0.443645 0.849203
vn -0.120821 0.153939 0.824921
vn -0.199971 0.488681 0.778014
vn -0.237182 0.166669 0.856253
vn -0.296159 -0.635083 0.679133
vn -0.085041 0.332271 0.800612
vn 0.148165 0.372847 0.889975
vn 0.254629 0.241189 0.934526
vn -0.039733 0.993462 0.051280
vn -0.241089 0.231013 0.730910
vn 0.148698 0.652128 0.703892
vn -0.035266 0.999253 0.013755
vn -0.020913 0.999311 0.001105
vn -0.407682 0.657520 0.508399
vn -0.219814 0.640174 0.640355
vn -0.365729 0.744960 0.421943
vn -0.568240 0.233503 0.652765
vn -0.535535 -0.305802 0.700128
vn -0.083150 0.564262 0.765405
vn -0.015846 0.998570 -0.035830
vn -0.020753 0.998338 -0.006766
vn -0.097217 0.985156 0.040937
vn -0.119436 -0.366855 0.845920
vn -0.235957 0.831338 0.422627
vn 0.004762 0.998842 0.023651
vn -0.006756 0.999345 -0.022117
vn -0.407333 0.791798 0.277217
vn -0.432164 0.696881 0.449837
vn -0.261685 0.584425 0.708034
vn 0.193467 0.296942 0.924760
vn 0.015449 0.999343 -0.001153
vn -0.040480 0.998536 -0.032939
vn -0.089706 -0.556480 0.772574
vn -0.294695 0.154672 0.760076
vn -0.038981 0.998645 -0.005168
vn 0.006060 0.998672 0.012727
vn -0.032363 0.997691 -0.043209
vn -0.531769 0.828069 0.007658
vn -0.714213 0.647600 0.119745
vn -0.565520 0.571898 0.452789
vn -0.467040 0.427862 0.546981
vn -0.466297 0.810548 0.098940
vn -0.005455 0.551196 0.808205
vn 0.315802 0.183607 0.930891
vn -0.002493 0.998477 0.001756
vn -0.152615 0.841912 0.438757
vn -0.038157 0.998522 -0.031456
vn 0.010092 -0.599402 0.778038
vn -0.000215 0.999578 0.009911
vn -0.037956 0.998567 -0.033448
vn -0.042099 0.998864 0.015015
vn -0.053359 0.996009 -0.063531
vn -0.036108 0.996755 -0.062106
vn -0.337518 0.909301 -0.153559
vn -0.551919 0.816860 -0.072258
vn -0.306965 -0.371526 0.773449
vn -0.096867 0.714515 0.685925
vn -0.803804 0.350731 0.378559
vn 0.132370 0.436201 0.869931
vn 0.002676 0.999127 0.005305
vn -0.041966 0.955316 0.183308
vn -0.226281 -0.113363 0.686230
vn -0.156545 -0.731346 0.644666
vn -0.010404 0.999747 0.019107
vn -0.032870 0.998717 0.008620
vn -0.018285 0.997047 -0.059704
vn -0.679849 0.682625 -0.030646
vn -0.898794 0.375293 0.088490
vn -0.460206 0.835004 -0.192640
vn -0.452025 0.882912 -0.028589
vn -0.360299 -0.071189 0.788207
vn -0.202041 -0.700970 0.648504
vn -0.241309 0.935030 -0.004018
vn -0.298358 0.923111 -0.194471
vn -0.295772 0.709167 0.596069
vn 0.015201 0.662402 0.744895
vn -0.596762 0.501439 0.573766
vn -0.096013 0.604403 0.653422
vn -0.002466 0.991211 0.081103
vn -0.061244 -0.552958 0.795073
vn -0.045855 0.998855 -0.007704
vn 0.005595 0.998864 0.011203
vn -0.462173 0.807103 -0.279684
vn -0.586226 0.792158 -0.064345
vn -0.116931 -0.593156 0.778619
vn -0.559806 0.658757 0.359974
vn -0.254043 0.925277 0.064096
vn -0.281986 0.749386 0.574290
vn -0.000204 0.699263 0.712006
vn -0.972177 0.152062 0.129391
vn -0.680264 0.473436 0.421083
vn 0.039304 0.660367 0.746270
vn -0.045711 0.839963 0.459566
vn -0.048018 0.997931 -0.031825
vn -0.034434 0.998630 -0.028522
vn -0.170389 -0.526217 0.737764
vn -0.172639 -0.291679 0.918152
vn -0.264634 -0.572384 0.750420
vn -0.050603 0.997802 0.020899
vn -0.018193 0.997895 -0.026666
vn -0.031060 0.996473 -0.071137
vn -0.031874 0.997762 0.011691
vn -0.550457 0.785179 0.035274
vn -0.876642 0.436053 0.011939
vn -0.432016 0.892215 0.081496
vn -0.358425 -0.456042 0.699124
vn -0.702164 0.328123 0.359466
vn -0.164259 0.975167 0.031716
vn -0.112093 0.753228 0.639190
vn -0.083074 -0.092630 0.885641
vn -0.033012 0.999011 0.006302
vn -0.023659 0.997434 0.009982
vn -0.067015 0.914922 0.270254
vn -0.191997 -0.677458 0.678321
vn -0.121146 -0.398950 0.905975
vn -0.034619 0.998015 0.031575
vn -0.039410 0.998038 -0.008762
vn -0.010773 -0.738743 0.673426
vn -0.538515 0.809648 0.120926
vn -0.274038 0.939835 0.084070
vn 0.062523 0.717972 0.692371
vn -0.198280 0.176331 0.793849
vn -0.379409 -0.083137 0.836761
vn -0.364450 -0.179476 0.854551
vn -0.291815 -0.526493 0.774864
vn -0.079130 0.996114 0.034337
vn -0.072062 0.997018 0.004469
vn -0.020468 0.998976 0.023253
vn -0.063107 0.997378 0.018327
vn -0.277482 -0.614847 0.668871
vn -0.832465 -0.012726 0.412396
vn -0.715391 0.607274 0.235653
vn -0.309140 0.925777 0.183429
vn -0.008610 0.999244 -0.003993
vn -0.007565 0.998893 0.030849
vn -0.059081 0.987990 0.094802
vn -0.330387 0.291003 0.746733
vn -0.416820 -0.456206 0.767081
vn -0.457662 0.243180 0.694942
vn -0.330096 -0.209988 0.895683
vn -0.014916 0.997868 0.026613
vn -0.079299 0.996226 0.003006
vn -0.056039 0.997287 0.043915
vn -0.056501 -0.702165 0.686209
vn -0.675871 -0.043238 0.594530
vn -0.602787 0.771491 0.152457
vn -0.420134 -0.316854 0.833971
vn -0.006707 0.998656 -0.031555
vn -0.023370 0.999520 0.006574
vn -0.189198 0.840554 0.397748
vn -0.021537 0.998028 0.012295
vn -0.469956 0.044242 0.791395
vn -0.407869 0.654080 0.470244
vn -0.543310 -0.077930 0.780647
vn -0.746744 0.272385 0.393813
vn -0.434801 -0.408985 0.779639
vn -0.074577 0.996595 0.019914
vn -0.051011 0.998532 0.000964
vn -0.418371 -0.373228 0.715538
vn -0.657055 0.724950 0.170338
vn -0.024119 0.999358 -0.003116
vn -0.025074 0.999300 0.020096
vn 0.003827 0.999239 0.019419
vn -0.134260 0.922383 0.221877
vn -0.499029 -0.144957 0.847811
vn -0.558556 0.030552 0.772303
vn -0.561888 0.750377 0.157173
vn -0.638010 0.288642 0.571790
vn -0.014315 0.999386 0.002981
vn -0.044993 0.998619 0.002014
vn -0.039900 0.998967 -0.003280
vn -0.226405 -0.478232 0.801971
vn -0.683848 0.333579 0.512339
vn -0.663058 0.743036 0.049406
vn -0.550534 -0.287450 0.773238
vn -0.013122 0.999580 0.003899
vn -0.010103 0.995368 0.023976
vn -0.417127 0.343069 0.732866
vn -0.576361 -0.193838 0.773573
vn -0.331360 0.530358 0.657622
vn -0.385542 0.863618 0.176155
vn -0.519177 -0.043925 0.764560
vn -0.750456 0.591347 -0.163424
vn -0.024011 0.999598 -0.000828
vn -0.040949 0.998722 -0.016143
vn -0.647890 0.755574 0.038630
vn -0.644286 0.595262 0.336428
vn 0.004270 0.999565 0.001487
vn -0.019911 0.999512 0.000050
vn -0.016680 0.999421 0.015725
vn -0.274259 0.812654 0.426936
vn -0.631990 0.005576 0.745795
vn -0.535452 -0.030415 0.840241
vn -0.478176 0.547840 0.619716
vn -0.042321 0.872059 0.431405
vn -0.774213 0.546972 -0.026686
vn -0.615488 0.223930 0.644997
vn -0.031766 0.999218 0.008993
vn -0.028502 0.999227 -0.012213
vn -0.674235 0.717155 -0.144222
vn -0.024331 0.999160 0.006485
vn -0.022643 0.998370 0.038218
vn -0.027562 0.998764 0.028143
vn -0.155788 0.951366 0.186566
vn 0.003685 0.998681 0.020672
vn -0.531464 0.196292 0.767316
vn -0.655332 0.315048 0.577397
vn -0.589537 0.543504 0.518317
vn -0.137025 0.810467 0.513556
vn -0.166969 0.845100 0.467394
vn -0.566291 0.723031 0.032858
vn -0.675855 0.707847 0.016849
vn -0.751511 0.568063 -0.328662
vn -0.025138 0.999456 -0.004061
vn -0.027883 0.998988 0.028787
vn -0.014755 0.999522 0.002660
vn -0.034269 0.996408 -0.033319
vn -0.400957 0.733266 0.461951
vn -0.011233 0.997849 0.020172
vn -0.641234 0.178391 0.730421
vn -0.589214 0.490596 0.591557
vn -0.410835 0.825441 0.343433
vn -0.084007 0.886273 0.379174
vn -0.708493 0.654800 -0.252804
vn -0.540950 0.779598 0.225135
vn -0.050523 0.997645 0.036290
vn -0.552377 0.717214 0.349653
vn -0.017864 0.999534 0.003183
vn -0.032877 0.998198 0.043836
vn -0.033547 0.998560 0.031216
vn 0.005953 0.998902 -0.040443
vn -0.191661 0.943741 0.181163
vn -0.034945 0.998437 0.033080
vn -0.669104 0.291587 0.635274
vn -0.420067 0.762702 0.446636
vn -0.683039 0.124236 0.711044
vn -0.417760 0.747974 0.440499
vn -0.190888 0.892171 0.343424
vn -0.738100 0.613069 -0.107859
vn -0.748617 0.589939 -0.249106
vn -0.033943 0.997043 0.063476
vn -0.021909 0.999697 -0.004675
vn -0.016234 0.999306 0.023409
vn -0.032562 0.997564 -0.022039
vn -0.049388 0.986928 -0.020553
vn -0.413982 0.761757 0.353201
vn -0.571258 0.389289 0.708375
vn -0.383672 0.563956 0.685670
vn -0.677585 0.243863 0.690088
vn -0.457958 0.866026 0.184675
vn -0.264959 0.801909 0.517841
vn -0.464607 0.842053 0.228608
vn 0.004324 0.999610 0.013965
vn -0.041209 0.998183 0.030996
vn -0.012387 0.999708 -0.003638
vn -0.027489 0.998379 0.036546
vn -0.036326 0.998690 0.011321
vn -0.420347 0.756544 0.347252
vn -0.746419 0.101269 0.653904
vn -0.141176 0.692875 0.656663
vn -0.671384 0.641248 0.252861
vn -0.356230 0.734286 0.562084
vn -0.388511 0.808965 0.394187
vn 0.010724 0.999546 0.016916
vn -0.023995 0.997056 -0.040741
vn -0.184226 0.952880 0.102495
vn -0.764444 0.196524 0.547043
vn -0.412034 0.440384 0.770604
vn -0.613258 0.328588 0.712146
vn -0.732249 0.174483 0.651365
vn -0.517128 0.791326 0.284085
vn -0.346361 0.764348 0.540481
vn -0.375312 0.794499 0.397451
vn 0.016244 0.999601 0.009690
vn 0.005060 0.996332 -0.007484
vn 0.078378 0.994663 0.001903
vn -0.514036 0.722174 0.335977
vn 0.056129 0.993346 -0.006333
vn -0.031432 0.458050 0.877321
vn -0.448896 0.631338 0.586678
vn -0.182178 0.448506 0.839130
vn -0.842004 0.099328 0.472553
vn -0.065031 0.977031 0.069665
vn -0.860615 0.017632 0.500474
vn -0.563901 0.427238 0.704460
vn -0.671369 0.352322 0.633169
vn -0.255001 0.561457 0.762235
vn -0.489955 0.575952 0.560539
vn 0.078247 0.992528 -0.002285
vn -0.433445 0.780539 0.307922
vn 0.053779 0.995335 -0.017051
vn -0.796861 0.175770 0.570286
vn -0.525242 0.530767 0.654517
vn -0.175760 0.525419 0.817377
vn -0.178738 0.444325 0.859424
vn -0.315525 0.448707 0.824059
vn -0.895624 0.002357 0.443595
vn -0.870912 0.068338 0.480216
vn -0.806006 0.193837 0.551787
vn -0.285557 0.629419 0.716446
vn -0.250397 0.530703 0.799578
vn -0.618679 0.530886 0.573720
vn -0.725331 0.390345 0.536947
vn -0.848301 0.134357 0.497726
vn -0.774574 0.369656 0.489755
vn 0.313319 0.465562 0.818268
vn 0.334205 0.292334 0.864043
vn 0.360462 -0.133665 0.794638
vn 0.429610 0.423698 0.797080
vn 0.552446 -0.299173 0.679150
vn 0.422166 0.260957 0.840083
vn 0.386274 -0.535802 0.715210
vn 0.561168 -0.591967 0.560362
vn 0.283067 -0.500196 0.816153
vn 0.362195 -0.165544 0.815934
vn 0.494552 -0.568632 0.591315
vn 0.281299 -0.561024 0.748502
vn 0.096162 -0.470253 0.864919
vn 0.172063 -0.092704 0.903524
vn 0.456667 -0.547834 0.648032
vn 0.181593 -0.637908 0.716708
vn 0.050404 -0.469997 0.859353
vn 0.417390 -0.628835 0.590208
vn 0.040929 -0.577732 0.790882
vn -0.090368 -0.445738 0.881022
vn 0.044273 -0.636715 0.710213
vn 0.508677 -0.628113 0.517332
vn 0.441947 -0.591988 0.614708
vn -0.118764 -0.557074 0.765707
vn -0.397042 -0.496599 0.761275
vn -0.365331 -0.449873 0.780029
vn 0.234889 -0.420100 0.795913
vn 0.729280 -0.087497 0.597143
vn 0.570383 -0.278953 0.740158
vn 0.591222 -0.021913 0.699901
vn 0.834879 0.221280 0.291526
vn 0.246006 -0.486417 0.775304
vn 0.919877 0.214767 0.144999
vn 0.129754 -0.284625 0.908253
vn 0.656063 -0.089480 0.653147
vn 0.140097 -0.458205 0.777718
vn 0.869311 0.161390 0.237871
vn 0.250434 -0.167959 0.840962
vn 0.808058 0.460504 0.178882
vn 0.896860 0.418140 -0.014626
vn 0.407044 -0.338467 0.767138
vn 0.588106 -0.385983 0.603354
vn 0.944385 0.306900 -0.068089
vn 0.410791 -0.101413 0.832941
vn 0.239220 -0.282575 0.838946
vn 0.740159 0.212856 0.484122
vn 0.822555 0.559104 -0.047067
vn 0.373271 -0.370823 0.728128
vn 0.813333 -0.038228 0.453516
vn 0.225856 -0.236335 0.844090
vn 0.944101 0.321887 0.042616
vn 0.758265 0.621670 0.058013
vn 0.484279 -0.654845 0.485042
vn 0.708872 -0.181365 0.602666
vn 0.727434 -0.000815 0.657236
vn 0.889252 -0.072676 0.379216
vn 0.709527 -0.013134 0.497691
vn 0.956678 0.190213 0.040522
vn 0.804933 0.041549 0.531818
vn 0.031173 -0.232879 0.911921
vn 0.757996 0.404859 0.150288
vn 0.707396 -0.159920 0.525739
vn 0.917727 0.115870 0.374895
vn 0.784839 -0.174520 0.531668
vn 0.187846 -0.303525 0.865833
vn 0.602156 0.749219 -0.152124
vn 0.661341 -0.505787 0.480788
vn 0.710958 -0.426146 0.532403
vn 0.843218 -0.076662 0.465792
vn 0.823683 0.107106 0.533662
vn 0.744510 0.018432 0.411913
vn 0.922204 0.052304 0.372542
vn 0.152255 -0.091064 0.822225
vn 0.691352 0.541151 0.053907
vn 0.785102 0.002072 0.538005
vn 0.908259 0.175458 0.301918
vn 0.560721 -0.076239 0.602167
vn 0.954531 0.090217 -0.097976
vn 0.946340 -0.092422 0.281366
vn 0.943909 0.128358 0.253738
vn -0.004250 -0.011388 0.924851
vn 0.352284 0.897877 0.053121
vn 0.651815 -0.443724 0.592819
vn 0.639866 -0.525321 0.552507
vn 0.808444 -0.250968 0.483594
vn 0.812726 0.072012 0.446314
vn 0.832833 0.304832 0.390261
vn 0.960189 0.148643 0.168992
vn 0.981782 -0.042622 -0.082741
vn 0.923415 0.087571 -0.348948
vn 0.838154 -0.091352 0.453324
vn -0.033123 -0.067828 0.809762
vn 0.829089 0.455235 -0.063120
vn 0.894951 0.323339 -0.102838
vn 0.725194 -0.218971 0.207746
vn 0.572072 0.089540 0.538970
vn 0.118944 0.106004 0.864336
vn 0.973533 0.024547 0.165079
vn 0.956471 -0.130634 0.229494
vn 0.967856 0.097384 -0.005013
vn 0.327912 -0.106334 0.584591
vn 0.768406 -0.476647 0.378887
vn 0.903551 -0.280183 0.320604
vn 0.622514 0.095612 0.697521
vn 0.951469 0.065549 0.247275
vn 0.924392 -0.051956 0.357462
vn 0.250318 -0.068917 0.727905
vn 0.817402 0.436967 -0.372273
vn 0.900881 0.066670 -0.111894
vn 0.319387 0.016062 0.807418
vn 0.935192 -0.218196 0.171965
vn 0.933608 -0.050282 0.297347
vn 0.897070 -0.164102 0.382270
vn 0.891653 -0.082646 0.364932
vn 0.699286 -0.219455 0.648812
vn 0.921310 -0.176322 0.237840
vn 0.615960 0.205087 0.679988
vn 0.901988 -0.294186 0.262051
vn 0.879066 0.016705 0.454455
vn 0.829290 0.068263 0.496600
vn 0.349559 -0.373687 0.491814
vn 0.597481 -0.392737 0.480107
vn 0.860300 0.056092 0.141451
vn 0.821213 -0.321702 0.419903
vn 0.661744 -0.008552 0.538622
vn 0.865791 -0.363509 0.303729
vn 0.888084 -0.347746 0.267213
vn 0.887620 -0.128039 0.404711
vn 0.833333 -0.115618 0.525739
vn 0.870763 -0.293403 0.358025
vn 0.828323 -0.232477 0.496654
vn 0.861437 0.046287 0.479662
vn 0.858572 -0.229294 0.319913
vn 0.719408 0.101198 0.463240
vn 0.743382 -0.195618 0.576556
vn 0.705785 0.293584 0.602167
vn 0.875061 0.048059 0.449494
vn 0.689027 0.277463 0.634771
vn 0.778922 -0.231382 0.564557
vn 0.780852 -0.279391 0.546856
vn 0.921401 -0.249611 0.051824
vn 0.885020 -0.329599 0.309790
vn 0.867236 -0.202585 0.444712
vn 0.601879 0.143329 0.743613
vn 0.876309 -0.065077 0.443617
vn 0.905853 0.113113 0.396268
vn 0.785872 -0.187349 0.569198
vn 0.866461 -0.140172 0.267042
vn 0.785985 0.065064 0.514037
vn 0.865777 -0.309772 0.373000
vn 0.949351 -0.066722 0.301498
vn 0.770848 -0.062746 0.610225
vn 0.562032 0.247969 0.761037
vn 0.895216 -0.094124 0.182323
vn 0.793387 -0.232057 0.521144
vn 0.529121 0.179261 0.815927
vn 0.662745 0.151554 0.696368
vn 0.791144 -0.389694 0.454445
vn 0.609842 0.230737 0.733289
vn 0.795742 0.243120 0.396354
vn 0.846930 -0.261413 0.420259
vn 0.740449 0.167981 0.595531
vn 0.622480 0.686191 0.101315
vn 0.475030 0.575082 0.483533
vn 0.941396 -0.146894 0.193634
vn 0.549640 0.564420 0.506516
vn 0.451887 0.549345 0.621690
vn 0.419024 0.770355 0.240018
vn 0.477723 0.606352 0.459132
vn 0.828006 0.188481 0.436556
vn 0.933717 -0.030642 0.248219
vn 0.580245 0.658874 0.339913
vn 0.181078 0.972857 0.098018
vn 0.118218 0.938267 0.246847
vn 0.120457 0.960867 0.205065
vn 0.743961 0.426347 0.066092
vn 0.259413 0.898676 0.290573
vn 0.309756 0.920517 0.120193
vn 0.202490 0.923736 0.209691
vn 0.733903 0.475466 0.335338
vn 0.590297 0.588052 0.003672
vn 0.091986 0.975274 0.011004
vn -0.000178 0.990619 0.061118
vn -0.083497 0.989342 -0.059029
vn -0.072755 0.988480 0.075135
vn 0.301754 0.918640 0.165119
vn 0.169924 0.973574 -0.012805
vn 0.051849 0.988893 -0.051441
vn 0.106957 0.985878 -0.026545
vn -0.061861 0.990429 -0.099889
vn -0.114718 0.992836 -0.003744
vn -0.141387 0.989170 0.000285
vn -0.023641 0.996126 -0.028389
vn -0.040497 0.993957 -0.047389
vn -0.095939 0.990918 -0.051863
vn 0.021794 0.999429 0.009594
vn -0.070609 0.994203 -0.017889
vn -0.005558 0.994460 -0.071350
vn -0.014204 0.999458 -0.005003
vn -0.018035 0.993074 -0.029467
vn -0.004360 0.996391 -0.010385
vn -0.038360 0.997948 0.020018
vn -0.016030 0.998438 0.038963
vn 0.078009 0.994111 -0.039312
vn -0.094978 0.995307 0.017974
vn 0.026803 0.998106 0.009645
vn 0.011701 0.998455 -0.007541
vn -0.000438 0.999200 -0.000444
vn 0.639597 -0.576729 0.042561
vn 0.858512 -0.407649 0.295775
vn 0.893402 -0.378215 0.239350
vn 0.831545 -0.374242 0.378401
vn 0.873527 -0.396522 0.280342
vn 0.907253 -0.297904 0.292816
vn 0.790894 -0.388905 0.463040
vn 0.848835 -0.395911 0.342735
vn 0.878564 -0.074548 0.416962
vn 0.754737 -0.369823 0.529504
vn 0.855854 -0.432496 0.283639
vn 0.718497 -0.192270 0.627748
vn 0.741980 -0.248916 0.582077
vn 0.822949 -0.251484 0.444034
vn 0.862617 -0.051775 0.494448
vn 0.783861 -0.334275 0.520911
vn 0.932472 0.016005 0.333827
vn 0.756967 -0.249670 0.549802
vn 0.673045 -0.182979 0.654422
vn 0.809866 -0.284543 0.497750
vn 0.864239 -0.201617 0.428524
vn 0.957661 -0.011059 0.250613
vn 0.871161 -0.144924 0.450898
vn 0.822171 -0.249697 0.493045
vn 0.939994 -0.063219 0.255301
vn 0.951731 -0.137124 0.240288
vn 0.776714 -0.202595 0.551637
vn 0.918523 -0.054245 0.287171
vn 0.909993 -0.219039 0.285980
vn 0.813874 0.196453 0.362690
vn 0.927841 0.012101 0.108822
vn 0.903841 -0.195749 0.313751
vn 0.787321 -0.130031 0.520949
vn 0.659651 -0.324375 0.676949
vn 0.902092 -0.126736 0.360681
vn 0.913621 -0.035906 0.030378
vn 0.633375 0.582549 0.240483
vn 0.759157 0.292029 0.286540
vn 0.790335 -0.197478 0.296281
vn 0.654141 -0.189443 0.684110
vn 0.946279 0.077158 0.178552
vn 0.775783 -0.117240 0.503275
vn 0.901368 0.199451 -0.244311
vn 0.859087 -0.109838 -0.134841
vn 0.884166 -0.065520 -0.265022
vn 0.814555 -0.389034 0.007786
vn 0.934795 0.060596 0.179862
vn 0.836734 0.004014 0.274904
vn 0.934115 -0.042920 -0.108403
vn 0.870749 -0.073044 -0.269299
vn 0.735669 0.166356 0.140164
vn 0.788844 0.092690 -0.101652
vn 0.480472 0.762143 0.154150
vn 0.594486 -0.179534 0.524103
vn 0.722819 0.084922 0.550814
vn 0.698105 -0.115501 0.641611
vn 0.742627 -0.132381 0.476622
vn 0.949299 -0.036718 -0.106257
vn 0.790216 -0.020511 -0.571381
vn 0.874084 0.049785 -0.096098
vn 0.162230 0.980187 0.034680
vn 0.470997 0.696661 0.370706
vn 0.666955 -0.240966 0.257170
vn 0.804592 0.225399 0.440943
vn 0.573362 0.010744 0.783201
vn 0.868253 0.223863 0.239846
vn 0.765237 0.089164 0.520506
vn 0.684055 -0.218009 0.399912
vn 0.957961 -0.019161 -0.212669
vn 0.576317 0.114958 0.792776
vn 0.938025 -0.079843 0.071130
vn 0.875042 -0.251169 -0.287960
vn 0.235382 0.961806 0.123038
vn 0.577453 -0.228357 0.152976
vn 0.593981 0.364351 0.530699
vn 0.694835 0.328018 0.533117
vn 0.913809 -0.197329 -0.086587
vn 0.783277 -0.404214 -0.288100
vn 0.842492 -0.326294 -0.193074
vn 0.538554 -0.172315 0.797634
vn 0.928822 -0.034804 -0.073844
vn 0.889861 -0.039696 0.395307
vn 0.141251 0.982978 0.051138
vn 0.361873 -0.289766 0.838383
vn 0.888988 0.102036 0.097252
vn 0.798255 -0.025164 0.425205
vn 0.857585 -0.318602 -0.045080
vn 0.627873 0.582298 0.102448
vn 0.847990 0.347814 0.314943
vn 0.781904 -0.405569 -0.411111
vn 0.873583 -0.160167 0.242771
vn 0.908177 0.126469 0.305578
vn 0.097579 0.995179 0.009867
vn 0.678886 0.487898 0.355146
vn 0.419405 0.741109 -0.160723
vn 0.570411 0.734146 0.080435
vn 0.876069 -0.267736 0.159704
vn 0.711258 -0.459707 -0.180316
vn 0.713227 -0.218070 0.406172
vn 0.828168 -0.378325 -0.359654
vn 0.373959 0.566179 -0.542439
vn 0.671437 0.655218 0.016837
vn 0.744521 -0.238919 0.048541
vn 0.694178 -0.271505 0.421957
vn 0.482635 -0.179259 0.853485
vn 0.878982 -0.294466 -0.208426
vn 0.828929 -0.113390 -0.187021
vn 0.683210 -0.255124 -0.035883
vn 0.810005 0.197104 0.149926
vn 0.926637 -0.121382 0.297508
vn 0.149580 0.881321 -0.330216
vn 0.383914 0.829389 -0.341412
vn 0.743264 -0.091226 -0.151113
vn 0.629477 -0.076324 0.616812
vn 0.548041 -0.014111 0.820885
vn 0.882349 -0.382458 -0.001132
vn 0.861882 -0.223408 -0.355370
vn 0.862502 -0.451424 0.172599
vn 0.549726 0.406726 -0.373805
vn 0.356688 0.837165 -0.067437
vn 0.583782 0.067863 0.742736
vn 0.351152 0.169908 0.904558
vn 0.859227 -0.270451 0.200576
vn 0.633369 0.468684 0.104560
vn 0.576590 0.270337 0.218122
vn 0.579824 0.642225 0.134916
vn 0.689799 -0.302473 0.280463
vn 0.361145 0.173769 0.861308
vn 0.881033 -0.012845 0.311654
vn 0.732951 0.143214 0.452238
vn 0.434860 0.491598 0.510031
vn 0.309494 -0.014680 0.622681
vn 0.737761 -0.530897 0.325482
vn 0.866062 -0.351570 0.241532
vn 0.546468 0.489639 0.251379
vn 0.594577 0.179823 0.602599
vn 0.446986 0.617872 0.450314
vn 0.681958 0.228299 0.491211
vn 0.333546 0.682612 0.611078
vn 0.796043 -0.532706 0.258696
vn 0.553312 0.424673 0.332594
vn 0.731583 0.059907 0.627481
vn 0.180973 0.730400 0.404402
vn 0.185080 0.620415 0.660348
vn 0.787400 -0.506680 0.323831
vn 0.785674 -0.030414 0.358614
vn 0.514423 0.524817 0.421863
vn -0.182338 0.862418 0.451934
vn -0.208942 0.770407 0.575363
vn 0.235656 0.775896 0.346185
vn -0.054822 0.942126 0.185484
vn -0.236498 0.915161 0.309978
vn 0.902398 0.087162 0.167107
vn 0.519373 0.624778 0.186369
vn -0.144385 0.929879 0.180396
vn -0.231005 0.918724 0.307168
vn -0.214221 0.877513 0.411315
vn 0.859655 0.127593 0.210915
vn -0.011497 0.975391 0.075538
vn -0.266547 0.940361 0.185197
vn 0.598362 0.622808 0.005874
vn 0.826148 -0.103820 -0.538430
vn 0.707333 -0.314894 -0.622881
vn 0.817642 -0.220999 -0.522086
vn 0.754699 -0.128782 -0.610656
vn 0.807251 -0.302113 -0.494432
vn 0.882937 -0.122102 -0.439920
vn 0.626021 -0.352790 -0.695291
vn 0.881280 -0.033625 -0.464043
vn 0.870354 -0.295528 -0.370774
vn 0.878859 -0.262706 -0.385674
vn 0.863471 -0.068115 -0.496790
vn 0.647047 -0.370534 -0.663971
vn 0.864155 -0.082109 -0.493218
vn 0.836564 -0.359288 -0.387002
vn 0.887773 -0.170470 -0.418334
vn 0.890162 -0.097566 -0.440560
vn 0.742513 -0.354108 -0.559131
vn 0.890965 -0.238766 -0.376732
vn 0.895222 -0.324972 -0.289278
vn 0.711018 -0.369847 -0.591066
vn 0.850397 -0.365402 -0.362420
vn 0.862309 -0.179868 -0.472623
vn 0.748001 -0.383240 -0.525127
vn 0.878870 -0.252029 -0.392834
vn 0.758943 -0.406447 -0.482480
vn 0.833033 -0.432038 -0.329166
vn 0.853849 -0.427912 -0.281780
vn 0.825081 -0.384053 -0.397482
vn 0.698032 -0.067958 -0.520361
vn 0.850964 -0.417374 -0.312071
vn 0.764855 -0.106198 -0.398052
vn 0.833471 -0.471828 -0.286109
vn 0.749510 0.041887 -0.360768
vn 0.799981 0.077106 -0.298170
vn 0.847157 -0.441460 -0.295637
vn 0.824692 -0.279885 -0.380005
vn 0.466347 0.637790 -0.329703
vn 0.363795 0.797937 -0.192169
vn 0.386541 0.788698 -0.194913
vn 0.582033 0.580482 -0.437079
vn 0.562841 0.724505 -0.110107
vn 0.056189 0.993985 -0.062206
vn 0.143518 0.986657 0.019577
vn 0.101585 0.955824 -0.212654
vn 0.065004 0.996052 -0.009807
vn 0.034205 0.990270 -0.081995
vn 0.027424 0.996567 -0.032847
vn 0.048151 0.997621 0.039558
vn 0.022974 0.998880 -0.031994
vn 0.040233 0.998607 0.020270
vn 0.040149 0.997710 0.040372
vn 0.033929 0.998895 -0.020703
vn 0.019360 0.995713 -0.008277
vn 0.021140 0.999424 0.018358
vn 0.036733 0.998939 -0.009368
vn 0.009770 0.999605 -0.011079
vn 0.040721 0.991975 0.035026
vn 0.026657 0.999612 -0.006504
vn 0.253583 -0.821403 -0.501252
vn 0.202526 -0.829066 -0.515456
vn 0.201112 -0.756224 -0.599943
vn 0.194883 -0.808225 -0.555371
vn 0.244279 -0.814586 -0.520530
vn 0.207407 -0.802076 -0.559911
vn 0.199132 -0.800568 -0.565188
vn 0.383969 -0.562594 -0.688689
vn 0.240511 -0.852464 -0.460204
vn 0.249062 -0.829652 -0.497728
vn 0.329619 -0.787549 -0.498763
vn 0.409139 -0.676796 -0.573419
vn 0.421933 -0.440082 -0.778858
vn 0.513674 -0.385331 -0.766032
vn 0.299876 -0.861807 0.380249
vn 0.215234 -0.865233 0.418282
vn 0.239625 -0.891197 0.335374
vn 0.322346 -0.856013 0.388671
vn 0.236426 -0.908407 0.284262
vn 0.427553 -0.812308 0.371619
vn 0.147693 -0.738328 0.551357
vn 0.093130 -0.873837 0.456267
vn 0.037374 -0.811801 0.533357
vn 0.502169 -0.733131 0.423404
vn -0.153056 -0.892656 0.054232
vn -0.148126 -0.731924 0.586651
vn -0.493947 -0.613267 0.163120
vn -0.310966 -0.863935 0.102744
vn -0.541842 -0.477826 0.563560
vn -0.435662 -0.439842 0.735885
vn -0.516678 -0.413879 0.706720
vn -0.382780 -0.888976 -0.170454
vn -0.242507 -0.944621 0.005217
vn -0.567511 -0.661157 0.118913
vn -0.357263 -0.673242 0.462812
vn -0.646437 -0.546073 0.467625
vn -0.835908 -0.456244 0.182984
vn -0.634102 -0.251765 0.728162
vn -0.824350 -0.364611 0.424185
vn 0.683285 -0.660429 -0.298686
vn 0.671500 -0.677116 -0.294063
vn 0.038610 -0.174935 0.485675
vn 0.002808 -0.739398 -0.584660
vn -0.313246 -0.555749 -0.240244
vn -0.048736 -0.913957 0.268180
vn 0.042345 -0.998419 0.036960
vn 0.001476 0.999751 0.001928
vn 0.006062 0.999044 0.042418
vn 0.008879 0.997472 0.022387
vn -0.016936 0.993354 -0.093502
vn -0.016097 0.999750 -0.002070
vn -0.028617 0.998484 -0.047011
vn -0.012279 0.998945 -0.027563
vn -0.026936 0.999533 0.010189
vn -0.133196 0.989583 -0.048683
vn -0.117351 0.992421 -0.011896
vn -0.126065 0.991908 0.002704
vn 0.017163 0.999822 0.002229
vn -0.034340 0.998697 0.026667
vn -0.046470 0.995304 -0.073381
vn -0.121051 0.991932 -0.026921
vn 0.006366 0.999903 -0.011415
vn -0.078220 0.996067 -0.023051
vn -0.031995 0.996854 -0.054962
vn -0.048421 0.998285 -0.007607
vn -0.001953 0.999890 -0.010289
vn -0.026129 0.999486 -0.006602
vn -0.013482 0.998441 0.050231
vn -0.025673 0.998393 0.048425
vn 0.011687 0.997664 0.033173
vn 0.025321 0.997896 -0.059679
vn 0.018652 0.997810 -0.005494
vn -0.026926 0.999630 0.003689
vn -0.023817 0.999514 0.018198
vn -0.046576 0.998595 0.013112
vn -0.065890 0.997809 -0.003069
vn -0.029718 0.999359 -0.012672
vn -0.033925 0.999321 0.006372
vn -0.027772 0.999552 0.005879
vn -0.065780 0.997810 -0.006905
vn -0.063913 0.997769 0.002667
vn -0.066001 0.997792 -0.007300
vn -0.058905 0.997305 0.042246
vn -0.062641 0.997088 0.043458
vn -0.046665 0.998319 -0.033485
vn -0.036504 0.999130 -0.020132
vn -0.021576 0.999696 -0.010611
vn -0.028183 0.999361 -0.021474
vn -0.030513 0.999292 -0.021629
vn -0.040265 0.998451 0.037557
vn -0.071382 0.996378 0.045698
vn -0.057189 0.996825 0.054078
vn -0.055728 0.998114 -0.021294
vn -0.014541 0.999293 -0.023430
vn -0.016987 0.999727 -0.014797
vn -0.058142 0.998220 -0.011536
vn -0.044710 0.998933 -0.004158
vn -0.050589 0.997104 0.056786
vn -0.042784 0.998925 -0.008673
vn -0.016848 0.999752 -0.013360
vn -0.040582 0.998872 -0.020292
vn -0.056323 0.998250 0.006935
vn -0.048755 0.976327 -0.013278
vn -0.045017 0.998878 0.014587
vn -0.038826 0.999023 -0.017719
vn -0.021481 0.999730 -0.007443
vn -0.035711 0.999241 0.009744
vn -0.036589 0.998588 0.001673
vn 0.026365 0.999564 0.005928
vn -0.082678 0.996234 0.022569
vn -0.096079 0.995000 0.027274
vn 0.028811 0.999529 0.009215
vn -0.004972 0.999321 -0.003400
vn -0.008385 0.999629 0.009144
vn -0.003585 0.999664 0.025659
vn -0.018114 0.999423 0.019370
vn -0.081463 0.996580 0.012382
vn -0.063819 0.997879 0.004765
vn -0.055163 0.998229 0.013394
vn -0.039828 0.999103 0.013945
vn -0.033632 0.998842 0.032215
vn -0.030324 0.998657 0.040444
vn -0.051414 0.997877 0.039967
vn 0.022485 0.998926 -0.030222
vn -0.019378 0.999372 -0.029657
vn 0.037504 0.998707 -0.028081
vn -0.045819 0.997182 0.059260
vn -0.022763 0.997892 0.048745
vn -0.014652 0.999109 0.012375
vn -0.036284 0.998622 -0.006941
vn -0.069187 0.997390 -0.012841
vn -0.040192 0.998622 -0.032967
vn -0.037642 0.998939 -0.021993
vn -0.023140 0.999309 -0.003459
vn 0.011746 0.999926 -0.001390
vn 0.026932 0.999486 0.001486
vn 0.011714 0.999591 0.017946
vn -0.022819 0.999572 0.016878
vn -0.028300 0.999315 0.018596
vn -0.085953 0.995917 0.017478
vn -0.074141 0.997233 0.005022
vn -0.029529 0.998777 -0.012242
vn -0.001815 0.999718 -0.023597
vn -0.001752 0.999753 -0.021266
vn -0.000663 0.999957 -0.002266
vn 0.036324 0.999016 0.008985
vn 0.049789 0.998594 0.012133
vn 0.031578 0.999024 0.007314
vn -0.018691 0.999003 0.040548
vn -0.030660 0.998513 0.041184
vn -0.058633 0.997368 0.042653
vn 0.006474 0.999941 -0.006433
vn 0.020643 0.999655 -0.003738
vn 0.032590 0.999468 0.001503
vn 0.009630 0.999876 0.008426
vn 0.004134 0.999720 0.012510
vn 0.012655 0.999785 0.015971
vn -0.025418 0.999651 0.007140
vn -0.034680 0.999264 -0.000126
vn -0.053444 0.998474 -0.010333
vn 0.027518 0.999526 -0.013713
vn 0.003060 0.999498 -0.007797
vn -0.039260 0.998889 0.018391
vn -0.038177 0.998907 0.024194
vn -0.028165 0.999144 0.028624
vn 0.053398 0.998161 -0.017177
vn -0.036613 0.999326 0.000588
vn 0.060806 0.997337 -0.027004
vn 0.009041 0.998758 -0.048990
vn -0.030829 0.999265 -0.015443
vn -0.063490 0.997687 0.002836
vn 0.005830 0.998474 -0.054632
vn 0.015006 0.999084 -0.037950
vn 0.031016 0.998797 -0.035275
vn -0.024705 0.999476 0.013925
vn -0.032458 0.999183 0.019258
vn 0.028907 0.998082 -0.048066
vn -0.011583 0.998024 -0.043112
vn 0.005012 0.999891 -0.003982
vn 0.003126 0.999921 -0.000827
vn -0.018135 0.999774 -0.009866
vn -0.025827 0.999563 -0.009905
vn -0.004888 0.755886 -0.011164
vn -0.053754 0.998119 0.014027
vn 0.022038 0.999706 -0.008689
vn 0.027079 0.999579 -0.008125
vn -0.021020 0.999115 -0.036438
vn -0.006895 0.999376 -0.029913
vn -0.057066 0.998251 0.002858
vn -0.045196 0.998931 -0.009604
vn -0.017016 0.999344 -0.023816
vn 0.009026 0.999554 -0.025647
vn -0.026893 0.999302 0.010944
vn -0.005944 0.999341 0.021014
vn -0.089796 0.994683 -0.027907
vn -0.056087 0.997328 -0.039373
vn 0.024810 0.999373 0.022245
vn -0.028442 0.997735 -0.003473
vn -0.079044 0.996399 -0.025700
vn -0.014731 0.999626 0.006182
vn -0.007811 0.999468 0.027808
vn -0.018950 0.999623 0.000162
vn -0.002531 0.999467 0.029858
vn -0.021785 0.999584 -0.013405
vn -0.026565 0.999601 0.009516
vn -0.034631 0.997375 0.059039
vn -0.017980 0.998109 0.058778
vn -0.066835 0.996051 0.058310
vn -0.047211 0.998627 0.004001
vn -0.041060 0.997839 0.046525
vn -0.022081 0.999535 -0.000521
vn -0.019680 0.999214 -0.015487
vn -0.037066 0.999214 0.013903
vn -0.055615 0.998226 0.015529
vn -0.026093 0.999111 -0.019257
vn -0.049383 0.998646 0.011512
o Object
usemtl Material
f 1354/1354/1354 2534/2534/2534 2537/2537/2537
f 1352/1352/1352 2534/2534/2534 1354/1354/1354
f 1347/1347/1347 2526/2526/2526 2529/2529/2529
f 1347/1347/1347 1332/1332/1332 2526/2526/2526
f 803/803/803 2480/2480/2480 2477/2477/2477
f 788/788/788 2476/2476/2476 2475/2475/2475
f 1814/1814/1814 2548/2548/2548 2547/2547/2547
f 1798/1798/1798 1826/1826/1826 2546/2546/2546
f 1814/1814/1814 2545/2545/2545 2548/2548/2548
f 1799/1799/1799 2547/2547/2547 2544/2544/2544
f 1785/1785/1785 1799/1799/1799 2544/2544/2544
f 1770/1770/1770 2544/2544/2544 2543/2543/2543
f 1757/1757/1757 2541/2541/2541 2542/2542/2542
f 1770/1770/1770 2543/2543/2543 2541/2541/2541
f 1757/1757/1757 2542/2542/2542 2540/2540/2540
f 1743/1743/1743 2540/2540/2540 2538/2538/2538
f 1354/1354/1354 2537/2537/2537 2536/2536/2536
f 1351/1351/1351 2535/2535/2535 2534/2534/2534
f 1352/1352/1352 1349/1349/1349 2534/2534/2534
f 1351/1351/1351 2533/2533/2533 2535/2535/2535
f 1351/1351/1351 1348/1348/1348 2533/2533/2533
f 1348/1348/1348 2532/2532/2532 2533/2533/2533
f 1348/1348/1348 2531/2531/2531 2532/2532/2532
f 1344/1344/1344 2530/2530/2530 2528/2528/2528
f 1343/1343/1343 2527/2527/2527 2531/2531/2531
f 1347/1347/1347 2529/2529/2529 2530/2530/2530
f 1346/1346/1346 2528/2528/2528 2527/2527/2527
f 1332/1332/1332 2525/2525/2525 2526/2526/2526
f 1332/1332/1332 1334/1334/1334 2525/2525/2525
f 1334/1334/1334 2524/2524/2524 2525/2525/2525
f 1334/1334/1334 2523/2523/2523 2524/2524/2524
f 1334/1334/1334 1320/1320/1320 2523/2523/2523
f 1320/1320/1320 2522/2522/2522 2523/2523/2523
f 1300/1300/1300 2521/2521/2521 2522/2522/2522
f 1301/1301/1301 2519/2519/2519 2516/2516/2516
f 1294/1294/1294 2517/2517/2517 2520/2520/2520
f 1300/1300/1300 2516/2516/2516 2521/2521/2521
f 1291/1291/1291 2515/2515/2515 2518/2518/2518
f 1291/1291/1291 1308/1308/1308 2515/2515/2515
f 1282/1282/1282 1301/1301/1301 2516/2516/2516
f 1291/1291/1291 2514/2514/2514 2515/2515/2515
f 1273/1273/1273 2513/2513/2513 2514/2514/2514
f 1273/1273/1273 2511/2511/2511 2513/2513/2513
f 1252/1252/1252 2510/2510/2510 2512/2512/2512
f 1253/1253/1253 2503/2503/2503 2508/2508/2508
f 1252/1252/1252 2507/2507/2507 2510/2510/2510
f 1230/1230/1230 2509/2509/2509 2506/2506/2506
f 1230/1230/1230 2504/2504/2504 2509/2509/2509
f 1241/1241/1241 1253/1253/1253 2508/2508/2508
f 1240/1240/1240 2505/2505/2505 2502/2502/2502
f 1221/1221/1221 2503/2503/2503 1253/1253/1253
f 1230/1230/1230 2501/2501/2501 2504/2504/2504
f 1229/1229/1229 2500/2500/2500 2501/2501/2501
f 1206/1206/1206 2496/2496/2496 2499/2499/2499
f 1191/1191/1191 2498/2498/2498 2500/2500/2500
f 1205/1205/1205 2495/2495/2495 2497/2497/2497
f 1206/1206/1206 2499/2499/2499 2494/2494/2494
f 1191/1191/1191 2493/2493/2493 2498/2498/2498
f 1205/1205/1205 2492/2492/2492 2495/2495/2495
f 1176/1176/1176 2491/2491/2491 2492/2492/2492
f 1176/1176/1176 2490/2490/2490 2491/2491/2491
f 1175/1175/1175 2487/2487/2487 2489/2489/2489
f 1162/1162/1162 2488/2488/2488 2490/2490/2490
f 1175/1175/1175 2484/2484/2484 2487/2487/2487
f 1175/1175/1175 1137/1137/1137 2484/2484/2484
f 1163/1163/1163 2486/2486/2486 2485/2485/2485
f 1163/1163/1163 2485/2485/2485 1151/1151/1151
f 813/813/813 2483/2483/2483 2482/2482/2482
f 810/810/810 2482/2482/2482 2481/2481/2481
f 803/803/803 2479/2479/2479 2480/2480/2480
f 810/810/810 2481/2481/2481 2478/2478/2478
f 796/796/796 2477/2477/2477 2476/2476/2476
f 787/787/787 2475/2475/2475 2474/2474/2474
f 787/787/787 788/788/788 2475/2475/2475
f 787/787/787 2474/2474/2474 2473/2473/2473
f 780/780/780 787/787/787 2473/2473/2473
f 780/780/780 2473/2473/2473 2472/2472/2472
f 774/774/774 2472/2472/2472 2471/2471/2471
f 763/763/763 2471/2471/2471 2470/2470/2470
f 763/763/763 2470/2470/2470 2469/2469/2469
f 763/763/763 2469/2469/2469 2468/2468/2468
f 760/760/760 763/763/763 2468/2468/2468
f 760/760/760 2468/2468/2468 2467/2467/2467
f 757/757/757 2467/2467/2467 2466/2466/2466
f 757/757/757 2466/2466/2466 2465/2465/2465
f 756/756/756 2465/2465/2465 2464/2464/2464
f 754/754/754 756/756/756 2463/2463/2463
f 756/756/756 2464/2464/2464 2463/2463/2463
f 752/752/752 2463/2463/2463 2462/2462/2462
f 752/752/752 2462/2462/2462 2461/2461/2461
f 751/751/751 752/752/752 2461/2461/2461
f 751/751/751 2461/2461/2461 2460/2460/2460
f 751/751/751 2460/2460/2460 2459/2459/2459
f 750/750/750 2459/2459/2459 2458/2458/2458
f 749/749/749 2458/2458/2458 2456/2456/2456
f 748/748/748 2455/2455/2455 2454/2454/2454
f 746/746/746 2454/2454/2454 2453/2453/2453
f 740/740/740 2453/2453/2453 2452/2452/2452
f 740/740/740 2452/2452/2452 2451/2451/2451
f 742/742/742 2450/2450/2450 2448/2448/2448
f 742/742/742 740/740/740 2450/2450/2450
f 742/742/742 2448/2448/2448 738/738/738
f 740/740/740 2451/2451/2451 2449/2449/2449
f 738/738/738 2448/2448/2448 2447/2447/2447
f 738/738/738 2447/2447/2447 2446/2446/2446
f 738/738/738 2446/2446/2446 737/737/737
f 736/736/736 737/737/737 2445/2445/2445
f 737/737/737 2446/2446/2446 2445/2445/2445
f 736/736/736 2445/2445/2445 734/734/734
f 734/734/734 2445/2445/2445 2444/2444/2444
f 732/732/732 2444/2444/2444 2441/2441/2441
f 733/733/733 732/732/732 2442/2442/2442
f 732/732/732 2440/2440/2440 2442/2442/2442
f 725/725/725 2439/2439/2439 2431/2431/2431
f 725/725/725 729/729/729 2439/2439/2439
f 729/729/729 2436/2436/2436 2439/2439/2439
f 722/722/722 2438/2438/2438 2433/2433/2433
f 722/722/722 2432/2432/2432 2438/2438/2438
f 731/731/731 2426/2426/2426 2437/2437/2437
f 731/731/731 2437/2437/2437 2435/2435/2435
f 731/731/731 2435/2435/2435 726/726/726
f 729/729/729 2434/2434/2434 2436/2436/2436
f 729/729/729 701/701/701 2434/2434/2434
f 712/712/712 2435/2435/2435 2428/2428/2428
f 701/701/701 728/728/728 2434/2434/2434
f 722/722/722 2427/2427/2427 2432/2432/2432
f 708/708/708 2426/2426/2426 731/731/731
f 717/717/717 2431/2431/2431 2425/2425/2425
f 730/730/730 2424/2424/2424 2430/2430/2430
f 730/730/730 716/716/716 2424/2424/2424
f 713/713/713 2429/2429/2429 2420/2420/2420
f 713/713/713 723/723/723 2429/2429/2429
f 722/722/722 2419/2419/2419 2427/2427/2427
f 722/722/722 700/700/700 2419/2419/2419
f 673/673/673 2421/2421/2421 2418/2418/2418
f 721/721/721 699/699/699 2426/2426/2426
f 709/709/709 721/721/721 2426/2426/2426
f 717/717/717 2425/2425/2425 2417/2417/2417
f 716/716/716 2423/2423/2423 2424/2424/2424
f 716/716/716 706/706/706 2423/2423/2423
f 678/678/678 2422/2422/2422 2415/2415/2415
f 706/706/706 2416/2416/2416 2423/2423/2423
f 678/678/678 2413/2413/2413 2422/2422/2422
f 705/705/705 2412/2412/2412 2414/2414/2414
f 700/700/700 2411/2411/2411 2419/2419/2419
f 673/673/673 2418/2418/2418 2410/2410/2410
f 696/696/696 2417/2417/2417 2409/2409/2409
f 705/705/705 2408/2408/2408 2412/2412/2412
f 705/705/705 692/692/692 2408/2408/2408
f 677/677/677 2406/2406/2406 2407/2407/2407
f 681/681/681 2409/2409/2409 2405/2405/2405
f 38/38/38 2404/2404/2404 2402/2402/2402
f 38/38/38 40/40/40 2404/2404/2404
f 35/35/35 2402/2402/2402 2400/2400/2400
f 35/35/35 2401/2401/2401 2399/2399/2399
f 35/35/35 2399/2399/2399 28/28/28
f 11/11/11 2394/2394/2394 2398/2398/2398
f 11/11/11 2398/2398/2398 23/23/23
f 22/22/22 2399/2399/2399 2397/2397/2397
f 20/20/20 2395/2395/2395 2391/2391/2391
f 20/20/20 17/17/17 2395/2395/2395
f 22/22/22 2397/2397/2397 2396/2396/2396
f 9/9/9 2396/2396/2396 2392/2392/2392
f 17/17/17 2393/2393/2393 2395/2395/2395
f 20/20/20 2391/2391/2391 15/15/15
f 11/11/11 2390/2390/2390 2394/2394/2394
f 10/10/10 16/16/16 2388/2388/2388
f 17/17/17 2389/2389/2389 2393/2393/2393
f 17/17/17 10/10/10 2389/2389/2389
f 9/9/9 2392/2392/2392 2387/2387/2387
f 9/9/9 2387/2387/2387 2388/2388/2388
f 9/9/9 2388/2388/2388 16/16/16
f 15/15/15 2391/2391/2391 2386/2386/2386
f 15/15/15 2386/2386/2386 8/8/8
f 11/11/11 2385/2385/2385 2390/2390/2390
f 11/11/11 5/5/5 2385/2385/2385
f 1/1/1 2386/2386/2386 2383/2383/2383
f 5/5/5 2382/2382/2382 2384/2384/2384
f 5/5/5 3/3/3 2382/2382/2382
f 1/1/1 2383/2383/2383 2379/2379/2379
f 2/2/2 2381/2381/2381 2382/2382/2382
f 1/1/1 2380/2380/2380 2381/2381/2381
f 1799/1799/1799 1814/1814/1814 2547/2547/2547
f 1798/1798/1798 2546/2546/2546 2545/2545/2545
f 1798/1798/1798 2545/2545/2545 1814/1814/1814
f 1770/1770/1770 1785/1785/1785 2544/2544/2544
f 1770/1770/1770 2541/2541/2541 1757/1757/1757
f 1743/1743/1743 1757/1757/1757 2540/2540/2540
f 1728/1728/1728 2538/2538/2538 2539/2539/2539
f 1728/1728/1728 1743/1743/1743 2538/2538/2538
f 1353/1353/1353 1354/1354/1354 2536/2536/2536
f 1349/1349/1349 1351/1351/1351 2534/2534/2534
f 1343/1343/1343 2531/2531/2531 1348/1348/1348
f 1347/1347/1347 2530/2530/2530 1344/1344/1344
f 1346/1346/1346 1344/1344/1344 2528/2528/2528
f 1343/1343/1343 1346/1346/1346 2527/2527/2527
f 1300/1300/1300 2522/2522/2522 1320/1320/1320
f 1294/1294/1294 2520/2520/2520 2519/2519/2519
f 1294/1294/1294 2519/2519/2519 1301/1301/1301
f 1291/1291/1291 2518/2518/2518 2517/2517/2517
f 1291/1291/1291 2517/2517/2517 1294/1294/1294
f 1282/1282/1282 2516/2516/2516 1300/1300/1300
f 1291/1291/1291 2515/2515/2515 1308/1308/1308
f 1273/1273/1273 2514/2514/2514 1291/1291/1291
f 1252/1252/1252 2512/2512/2512 2511/2511/2511
f 1252/1252/1252 2511/2511/2511 1273/1273/1273
f 1241/1241/1241 2508/2508/2508 2507/2507/2507
f 1241/1241/1241 2507/2507/2507 1252/1252/1252
f 1230/1230/1230 2506/2506/2506 2505/2505/2505
f 1230/1230/1230 2505/2505/2505 1240/1240/1240
f 1221/1221/1221 2502/2502/2502 2503/2503/2503
f 1221/1221/1221 1240/1240/1240 2502/2502/2502
f 1229/1229/1229 2501/2501/2501 1230/1230/1230
f 1191/1191/1191 2500/2500/2500 1229/1229/1229
f 1205/1205/1205 2497/2497/2497 2496/2496/2496
f 1205/1205/1205 2496/2496/2496 1206/1206/1206
f 1206/1206/1206 2494/2494/2494 2493/2493/2493
f 1206/1206/1206 2493/2493/2493 1191/1191/1191
f 1176/1176/1176 2492/2492/2492 1205/1205/1205
f 1162/1162/1162 2490/2490/2490 1176/1176/1176
f 1175/1175/1175 2489/2489/2489 2488/2488/2488
f 1175/1175/1175 2488/2488/2488 1162/1162/1162
f 1151/1151/1151 2485/2485/2485 2484/2484/2484
f 1151/1151/1151 2484/2484/2484 1137/1137/1137
f 810/810/810 813/813/813 2482/2482/2482
f 803/803/803 2478/2478/2478 2479/2479/2479
f 803/803/803 810/810/810 2478/2478/2478
f 796/796/796 803/803/803 2477/2477/2477
f 788/788/788 796/796/796 2476/2476/2476
f 774/774/774 780/780/780 2472/2472/2472
f 763/763/763 774/774/774 2471/2471/2471
f 757/757/757 760/760/760 2467/2467/2467
f 756/756/756 757/757/757 2465/2465/2465
f 752/752/752 754/754/754 2463/2463/2463
f 750/750/750 751/751/751 2459/2459/2459
f 749/749/749 750/750/750 2458/2458/2458
f 749/749/749 2456/2456/2456 2457/2457/2457
f 746/746/746 748/748/748 2454/2454/2454
f 740/740/740 746/746/746 2453/2453/2453
f 740/740/740 2449/2449/2449 2450/2450/2450
f 732/732/732 734/734/734 2444/2444/2444
f 733/733/733 2442/2442/2442 2443/2443/2443
f 732/732/732 2441/2441/2441 2440/2440/2440
f 712/712/712 726/726/726 2435/2435/2435
f 728/728/728 2433/2433/2433 2434/2434/2434
f 728/728/728 722/722/722 2433/2433/2433
f 717/717/717 725/725/725 2431/2431/2431
f 723/723/723 2428/2428/2428 2429/2429/2429
f 723/723/723 712/712/712 2428/2428/2428
f 709/709/709 2426/2426/2426 708/708/708
f 673/673/673 2420/2420/2420 2421/2421/2421
f 673/673/673 713/713/713 2420/2420/2420
f 696/696/696 717/717/717 2417/2417/2417
f 706/706/706 2415/2415/2415 2416/2416/2416
f 706/706/706 678/678/678 2415/2415/2415
f 705/705/705 2414/2414/2414 2413/2413/2413
f 705/705/705 2413/2413/2413 678/678/678
f 700/700/700 2410/2410/2410 2411/2411/2411
f 700/700/700 673/673/673 2410/2410/2410
f 681/681/681 696/696/696 2409/2409/2409
f 692/692/692 2407/2407/2407 2408/2408/2408
f 692/692/692 677/677/677 2407/2407/2407
f 677/677/677 2405/2405/2405 2406/2406/2406
f 677/677/677 681/681/681 2405/2405/2405
f 40/40/40 2403/2403/2403 2404/2404/2404
f 35/35/35 38/38/38 2402/2402/2402
f 35/35/35 2400/2400/2400 2401/2401/2401
f 22/22/22 28/28/28 2399/2399/2399
f 9/9/9 22/22/22 2396/2396/2396
f 10/10/10 2388/2388/2388 2389/2389/2389
f 1/1/1 8/8/8 2386/2386/2386
f 5/5/5 2384/2384/2384 2385/2385/2385
f 2/2/2 2382/2382/2382 3/3/3
f 1/1/1 2381/2381/2381 2/2/2
f 1/1/1 2379/2379/2379 2380/2380/2380
f 1997/1997/1997 2000/2000/2000 2006/2006/2006
f 1469/1469/1469 2114/2114/2114 1506/1506/1506
f 1458/1458/1458 1472/1472/1472 2377/2377/2377
f 2377/2377/2377 2378/2378/2378 1461/1461/1461
f 2377/2377/2377 1461/1461/1461 1458/1458/1458
f 2376/2376/2376 1404/1404/1404 1430/1430/1430
f 2376/2376/2376 1393/1393/1393 1404/1404/1404
f 2376/2376/2376 1430/1430/1430 1434/1434/1434
f 1393/1393/1393 2376/2376/2376 1403/1403/1403
f 2375/2375/2375 1403/1403/1403 2376/2376/2376
f 1415/1415/1415 1403/1403/1403 2375/2375/2375
f 1429/1429/1429 1415/1415/1415 2375/2375/2375
f 2376/2376/2376 1434/1434/1434 1431/1431/1431
f 2375/2375/2375 1431/1431/1431 1429/1429/1429
f 1431/1431/1431 2375/2375/2375 2376/2376/2376
f 951/951/951 938/938/938 992/992/992
f 2374/2374/2374 1528/1528/1528 1573/1573/1573
f 1555/1555/1555 2374/2374/2374 1573/1573/1573
f 2374/2374/2374 1505/1505/1505 1528/1528/1528
f 1505/1505/1505 2374/2374/2374 1555/1555/1555
f 832/832/832 2372/2372/2372 825/825/825
f 2373/2373/2373 843/843/843 838/838/838
f 2372/2372/2372 2373/2373/2373 838/838/838
f 2372/2372/2372 838/838/838 825/825/825
f 1913/1913/1913 1923/1923/1923 1920/1920/1920
f 1913/1913/1913 1916/1916/1916 1923/1923/1923
f 1520/1520/1520 1527/1527/1527 1497/1497/1497
f 1497/1497/1497 1527/1527/1527 1488/1488/1488
f 2015/2015/2015 2027/2027/2027 2026/2026/2026
f 1169/1169/1169 1112/1112/1112 1086/1086/1086
f 2371/2371/2371 2369/2369/2369 2359/2359/2359
f 2361/2361/2361 2371/2371/2371 2359/2359/2359
f 2363/2363/2363 2371/2371/2371 2361/2361/2361
f 2366/2366/2366 2359/2359/2359 2369/2369/2369
f 2362/2362/2362 2370/2370/2370 2363/2363/2363
f 2370/2370/2370 2362/2362/2362 1931/1931/1931
f 2369/2369/2369 2368/2368/2368 2366/2366/2366
f 2366/2366/2366 2368/2368/2368 2367/2367/2367
f 2365/2365/2365 2366/2366/2366 2367/2367/2367
f 2359/2359/2359 2366/2366/2366 2357/2357/2357
f 2366/2366/2366 2365/2365/2365 2357/2357/2357
f 2357/2357/2357 2365/2365/2365 2364/2364/2364
f 2357/2357/2357 2364/2364/2364 2360/2360/2360
f 1929/1929/1929 1931/1931/1931 2353/2353/2353
f 2353/2353/2353 1931/1931/1931 2362/2362/2362
f 2362/2362/2362 2363/2363/2363 2358/2358/2358
f 2363/2363/2363 2361/2361/2361 2358/2358/2358
f 2355/2355/2355 2362/2362/2362 2358/2358/2358
f 2362/2362/2362 2355/2355/2355 2353/2353/2353
f 2358/2358/2358 2361/2361/2361 2359/2359/2359
f 1929/1929/1929 2353/2353/2353 1928/1928/1928
f 1927/1927/1927 1928/1928/1928 2356/2356/2356
f 1927/1927/1927 2356/2356/2356 2352/2352/2352
f 2360/2360/2360 2354/2354/2354 2357/2357/2357
f 2357/2357/2357 2351/2351/2351 2359/2359/2359
f 2351/2351/2351 2358/2358/2358 2359/2359/2359
f 2348/2348/2348 2355/2355/2355 2358/2358/2358
f 2351/2351/2351 2348/2348/2348 2358/2358/2358
f 2349/2349/2349 2357/2357/2357 2354/2354/2354
f 2351/2351/2351 2357/2357/2357 2349/2349/2349
f 1928/1928/1928 2353/2353/2353 2356/2356/2356
f 2352/2352/2352 2356/2356/2356 2353/2353/2353
f 2347/2347/2347 2353/2353/2353 2355/2355/2355
f 2347/2347/2347 2355/2355/2355 2348/2348/2348
f 2350/2350/2350 2349/2349/2349 2354/2354/2354
f 2352/2352/2352 2353/2353/2353 2347/2347/2347
f 2350/2350/2350 2352/2352/2352 2347/2347/2347
f 2349/2349/2349 2348/2348/2348 2351/2351/2351
f 2350/2350/2350 2347/2347/2347 2349/2349/2349
f 2347/2347/2347 2348/2348/2348 2349/2349/2349
f 2346/2346/2346 2344/2344/2344 2340/2340/2340
f 2345/2345/2345 2346/2346/2346 2340/2340/2340
f 2345/2345/2345 2340/2340/2340 2335/2335/2335
f 839/839/839 2343/2343/2343 2344/2344/2344
f 845/845/845 2343/2343/2343 839/839/839
f 2344/2344/2344 2343/2343/2343 2333/2333/2333
f 2344/2344/2344 2333/2333/2333 2340/2340/2340
f 2341/2341/2341 2333/2333/2333 2343/2343/2343
f 845/845/845 2341/2341/2341 2343/2343/2343
f 845/845/845 2342/2342/2342 2341/2341/2341
f 2342/2342/2342 2337/2337/2337 2341/2341/2341
f 2334/2334/2334 2341/2341/2341 2337/2337/2337
f 2333/2333/2333 2341/2341/2341 2334/2334/2334
f 2340/2340/2340 2333/2333/2333 2335/2335/2335
f 2338/2338/2338 2339/2339/2339 2336/2336/2336
f 2336/2336/2336 2337/2337/2337 2338/2338/2338
f 2337/2337/2337 2336/2336/2336 2334/2334/2334
f 2334/2334/2334 2336/2336/2336 2335/2335/2335
f 2333/2333/2333 2334/2334/2334 2335/2335/2335
f 2330/2330/2330 2329/2329/2329 2332/2332/2332
f 2330/2330/2330 2331/2331/2331 2327/2327/2327
f 2329/2329/2329 2330/2330/2330 2326/2326/2326
f 2324/2324/2324 2332/2332/2332 2329/2329/2329
f 2328/2328/2328 2332/2332/2332 2324/2324/2324
f 2327/2327/2327 2331/2331/2331 2321/2321/2321
f 2323/2323/2323 2330/2330/2330 2327/2327/2327
f 2329/2329/2329 2326/2326/2326 2319/2319/2319
f 2326/2326/2326 2330/2330/2330 2323/2323/2323
f 2325/2325/2325 2328/2328/2328 2322/2322/2322
f 2324/2324/2324 2329/2329/2329 2319/2319/2319
f 2328/2328/2328 2324/2324/2324 2322/2322/2322
f 2323/2323/2323 2327/2327/2327 2321/2321/2321
f 2319/2319/2319 2326/2326/2326 2323/2323/2323
f 2325/2325/2325 2322/2322/2322 2317/2317/2317
f 2322/2322/2322 2324/2324/2324 2319/2319/2319
f 2319/2319/2319 2323/2323/2323 2321/2321/2321
f 2319/2319/2319 2317/2317/2317 2322/2322/2322
f 2316/2316/2316 2321/2321/2321 2320/2320/2320
f 2321/2321/2321 2316/2316/2316 2319/2319/2319
f 2313/2313/2313 2320/2320/2320 2318/2318/2318
f 2317/2317/2317 2319/2319/2319 2312/2312/2312
f 2316/2316/2316 2320/2320/2320 2313/2313/2313
f 2312/2312/2312 2319/2319/2319 2316/2316/2316
f 2313/2313/2313 2318/2318/2318 2314/2314/2314
f 2312/2312/2312 2315/2315/2315 2317/2317/2317
f 2313/2313/2313 2311/2311/2311 2316/2316/2316
f 2311/2311/2311 2312/2312/2312 2316/2316/2316
f 2314/2314/2314 2305/2305/2305 2313/2313/2313
f 2315/2315/2315 2312/2312/2312 2308/2308/2308
f 2311/2311/2311 2313/2313/2313 2307/2307/2307
f 2303/2303/2303 2312/2312/2312 2311/2311/2311
f 2305/2305/2305 2314/2314/2314 2310/2310/2310
f 2309/2309/2309 2300/2300/2300 2310/2310/2310
f 2307/2307/2307 2313/2313/2313 2305/2305/2305
f 2308/2308/2308 2312/2312/2312 2303/2303/2303
f 2303/2303/2303 2311/2311/2311 2307/2307/2307
f 2300/2300/2300 2305/2305/2305 2310/2310/2310
f 2309/2309/2309 2306/2306/2306 2300/2300/2300
f 2307/2307/2307 2305/2305/2305 2299/2299/2299
f 2301/2301/2301 2306/2306/2306 2304/2304/2304
f 2308/2308/2308 2303/2303/2303 2297/2297/2297
f 2303/2303/2303 2307/2307/2307 2299/2299/2299
f 2305/2305/2305 2300/2300/2300 2302/2302/2302
f 2301/2301/2301 2300/2300/2300 2306/2306/2306
f 2299/2299/2299 2305/2305/2305 2302/2302/2302
f 2304/2304/2304 2298/2298/2298 2301/2301/2301
f 2303/2303/2303 2299/2299/2299 2297/2297/2297
f 2300/2300/2300 2295/2295/2295 2302/2302/2302
f 2301/2301/2301 2293/2293/2293 2300/2300/2300
f 2295/2295/2295 2299/2299/2299 2302/2302/2302
f 2298/2298/2298 2293/2293/2293 2301/2301/2301
f 2297/2297/2297 2299/2299/2299 2291/2291/2291
f 2296/2296/2296 2292/2292/2292 2298/2298/2298
f 2295/2295/2295 2300/2300/2300 2293/2293/2293
f 2295/2295/2295 2291/2291/2291 2299/2299/2299
f 2293/2293/2293 2298/2298/2298 2292/2292/2292
f 2297/2297/2297 2291/2291/2291 2294/2294/2294
f 2290/2290/2290 2289/2289/2289 2296/2296/2296
f 2296/2296/2296 2289/2289/2289 2292/2292/2292
f 2293/2293/2293 2288/2288/2288 2295/2295/2295
f 2288/2288/2288 2291/2291/2291 2295/2295/2295
f 2292/2292/2292 2283/2283/2283 2293/2293/2293
f 2291/2291/2291 2286/2286/2286 2294/2294/2294
f 2280/2280/2280 2289/2289/2289 2290/2290/2290
f 2292/2292/2292 2289/2289/2289 2284/2284/2284
f 2283/2283/2283 2288/2288/2288 2293/2293/2293
f 2288/2288/2288 2276/2276/2276 2291/2291/2291
f 2292/2292/2292 2284/2284/2284 2283/2283/2283
f 2286/2286/2286 2291/2291/2291 2276/2276/2276
f 2285/2285/2285 2287/2287/2287 2275/2275/2275
f 2280/2280/2280 2290/2290/2290 2285/2285/2285
f 2284/2284/2284 2289/2289/2289 2280/2280/2280
f 2288/2288/2288 2283/2283/2283 2276/2276/2276
f 2283/2283/2283 2284/2284/2284 2279/2279/2279
f 2282/2282/2282 2275/2275/2275 2287/2287/2287
f 2286/2286/2286 2276/2276/2276 2281/2281/2281
f 2275/2275/2275 2280/2280/2280 2285/2285/2285
f 2280/2280/2280 2277/2277/2277 2284/2284/2284
f 2279/2279/2279 2284/2284/2284 2277/2277/2277
f 2279/2279/2279 2276/2276/2276 2283/2283/2283
f 2278/2278/2278 2275/2275/2275 2282/2282/2282
f 2276/2276/2276 2278/2278/2278 2281/2281/2281
f 2277/2277/2277 2280/2280/2280 2275/2275/2275
f 2276/2276/2276 2279/2279/2279 2277/2277/2277
f 2278/2278/2278 2276/2276/2276 2275/2275/2275
f 2275/2275/2275 2276/2276/2276 2277/2277/2277
f 2269/2269/2269 2273/2273/2273 2270/2270/2270
f 2267/2267/2267 2274/2274/2274 2272/2272/2272
f 2274/2274/2274 2267/2267/2267 2266/2266/2266
f 2266/2266/2266 2271/2271/2271 2274/2274/2274
f 2270/2270/2270 2261/2261/2261 2269/2269/2269
f 2269/2269/2269 2265/2265/2265 2273/2273/2273
f 2273/2273/2273 2265/2265/2265 2264/2264/2264
f 2264/2264/2264 2268/2268/2268 2273/2273/2273
f 2263/2263/2263 2272/2272/2272 2268/2268/2268
f 2272/2272/2272 2263/2263/2263 2267/2267/2267
f 2259/2259/2259 2266/2266/2266 2267/2267/2267
f 2258/2258/2258 2271/2271/2271 2266/2266/2266
f 2262/2262/2262 2261/2261/2261 2270/2270/2270
f 2261/2261/2261 2265/2265/2265 2269/2269/2269
f 2265/2265/2265 2256/2256/2256 2264/2264/2264
f 2268/2268/2268 2264/2264/2264 2254/2254/2254
f 2254/2254/2254 2263/2263/2263 2268/2268/2268
f 2263/2263/2263 2259/2259/2259 2267/2267/2267
f 2258/2258/2258 2266/2266/2266 2259/2259/2259
f 2262/2262/2262 2257/2257/2257 2261/2261/2261
f 2264/2264/2264 2256/2256/2256 2260/2260/2260
f 2261/2261/2261 2256/2256/2256 2265/2265/2265
f 2257/2257/2257 2250/2250/2250 2261/2261/2261
f 2264/2264/2264 2260/2260/2260 2254/2254/2254
f 2254/2254/2254 2259/2259/2259 2263/2263/2263
f 2259/2259/2259 2253/2253/2253 2258/2258/2258
f 2244/2244/2244 2257/2257/2257 2262/2262/2262
f 2256/2256/2256 2236/2236/2236 2260/2260/2260
f 2261/2261/2261 2250/2250/2250 2256/2256/2256
f 2251/2251/2251 2250/2250/2250 2257/2257/2257
f 2246/2246/2246 2249/2249/2249 2255/2255/2255
f 2254/2254/2254 2260/2260/2260 2236/2236/2236
f 2247/2247/2247 2259/2259/2259 2254/2254/2254
f 2247/2247/2247 2253/2253/2253 2259/2259/2259
f 2258/2258/2258 2253/2253/2253 2246/2246/2246
f 2241/2241/2241 2238/2238/2238 2252/2252/2252
f 2244/2244/2244 2243/2243/2243 2257/2257/2257
f 2257/2257/2257 2243/2243/2243 2251/2251/2251
f 2256/2256/2256 2250/2250/2250 2236/2236/2236
f 2251/2251/2251 2242/2242/2242 2250/2250/2250
f 2240/2240/2240 2249/2249/2249 2246/2246/2246
f 2240/2240/2240 2248/2248/2248 2249/2249/2249
f 2249/2249/2249 2239/2239/2239 2255/2255/2255
f 2233/2233/2233 2249/2249/2249 2248/2248/2248
f 2254/2254/2254 2236/2236/2236 2247/2247/2247
f 2247/2247/2247 2231/2231/2231 2253/2253/2253
f 2231/2231/2231 2246/2246/2246 2253/2253/2253
f 2245/2245/2245 2238/2238/2238 2241/2241/2241
f 2252/2252/2252 2238/2238/2238 2237/2237/2237
f 2252/2252/2252 2237/2237/2237 2244/2244/2244
f 2244/2244/2244 2220/2220/2220 2243/2243/2243
f 2243/2243/2243 2229/2229/2229 2251/2251/2251
f 2229/2229/2229 2242/2242/2242 2251/2251/2251
f 2250/2250/2250 2242/2242/2242 2236/2236/2236
f 2241/2241/2241 2221/2221/2221 2245/2245/2245
f 2240/2240/2240 2246/2246/2246 2226/2226/2226
f 2240/2240/2240 2232/2232/2232 2248/2248/2248
f 2249/2249/2249 2233/2233/2233 2239/2239/2239
f 2248/2248/2248 2232/2232/2232 2233/2233/2233
f 2231/2231/2231 2247/2247/2247 2236/2236/2236
f 2231/2231/2231 2226/2226/2226 2246/2246/2246
f 2238/2238/2238 2245/2245/2245 2221/2221/2221
f 2238/2238/2238 2230/2230/2230 2237/2237/2237
f 2244/2244/2244 2237/2237/2237 2220/2220/2220
f 2229/2229/2229 2243/2243/2243 2220/2220/2220
f 2236/2236/2236 2242/2242/2242 2229/2229/2229
f 2235/2235/2235 2227/2227/2227 2234/2234/2234
f 2241/2241/2241 2234/2234/2234 2221/2221/2221
f 2227/2227/2227 2235/2235/2235 2217/2217/2217
f 2232/2232/2232 2240/2240/2240 2226/2226/2226
f 2233/2233/2233 2225/2225/2225 2239/2239/2239
f 2232/2232/2232 2224/2224/2224 2233/2233/2233
f 2210/2210/2210 2231/2231/2231 2236/2236/2236
f 2223/2223/2223 2222/2222/2222 2231/2231/2231
f 2222/2222/2222 2226/2226/2226 2231/2231/2231
f 2230/2230/2230 2238/2238/2238 2221/2221/2221
f 2220/2220/2220 2237/2237/2237 2230/2230/2230
f 2220/2220/2220 2219/2219/2219 2229/2229/2229
f 2229/2229/2229 2210/2210/2210 2236/2236/2236
f 2217/2217/2217 2235/2235/2235 2228/2228/2228
f 2234/2234/2234 2227/2227/2227 2216/2216/2216
f 2216/2216/2216 2221/2221/2221 2234/2234/2234
f 2227/2227/2227 2217/2217/2217 2211/2211/2211
f 2226/2226/2226 2214/2214/2214 2232/2232/2232
f 2208/2208/2208 2225/2225/2225 2233/2233/2233
f 2233/2233/2233 2224/2224/2224 2208/2208/2208
f 2214/2214/2214 2224/2224/2224 2232/2232/2232
f 2223/2223/2223 2231/2231/2231 2210/2210/2210
f 2223/2223/2223 2207/2207/2207 2222/2222/2222
f 2226/2226/2226 2222/2222/2222 2209/2209/2209
f 2230/2230/2230 2221/2221/2221 2213/2213/2213
f 2230/2230/2230 2213/2213/2213 2220/2220/2220
f 2220/2220/2220 2198/2198/2198 2219/2219/2219
f 2210/2210/2210 2229/2229/2229 2219/2219/2219
f 2212/2212/2212 2228/2228/2228 2218/2218/2218
f 2212/2212/2212 2217/2217/2217 2228/2228/2228
f 2211/2211/2211 2216/2216/2216 2227/2227/2227
f 2203/2203/2203 2221/2221/2221 2216/2216/2216
f 2217/2217/2217 2192/2192/2192 2211/2211/2211
f 2226/2226/2226 2209/2209/2209 2214/2214/2214
f 2215/2215/2215 2225/2225/2225 2208/2208/2208
f 2224/2224/2224 2214/2214/2214 2208/2208/2208
f 2223/2223/2223 2210/2210/2210 2207/2207/2207
f 2207/2207/2207 2209/2209/2209 2222/2222/2222
f 2203/2203/2203 2213/2213/2213 2221/2221/2221
f 2213/2213/2213 2198/2198/2198 2220/2220/2220
f 2210/2210/2210 2219/2219/2219 2198/2198/2198
f 2218/2218/2218 2204/2204/2204 2212/2212/2212
f 2212/2212/2212 2192/2192/2192 2217/2217/2217
f 2203/2203/2203 2216/2216/2216 2211/2211/2211
f 2192/2192/2192 2191/2191/2191 2211/2211/2211
f 2209/2209/2209 2201/2201/2201 2214/2214/2214
f 2180/2180/2180 2215/2215/2215 2208/2208/2208
f 2214/2214/2214 2201/2201/2201 2208/2208/2208
f 2210/2210/2210 2189/2189/2189 2207/2207/2207
f 2207/2207/2207 2188/2188/2188 2209/2209/2209
f 2213/2213/2213 2203/2203/2203 2200/2200/2200
f 2199/2199/2199 2213/2213/2213 2200/2200/2200
f 2199/2199/2199 2198/2198/2198 2213/2213/2213
f 2198/2198/2198 2202/2202/2202 2210/2210/2210
f 2192/2192/2192 2212/2212/2212 2204/2204/2204
f 2203/2203/2203 2211/2211/2211 2191/2191/2191
f 2191/2191/2191 2192/2192/2192 2190/2190/2190
f 2210/2210/2210 2202/2202/2202 2189/2189/2189
f 2188/2188/2188 2201/2201/2201 2209/2209/2209
f 2201/2201/2201 2180/2180/2180 2208/2208/2208
f 2189/2189/2189 2188/2188/2188 2207/2207/2207
f 2203/2203/2203 2181/2181/2181 2200/2200/2200
f 2200/2200/2200 2178/2178/2178 2199/2199/2199
f 2199/2199/2199 2177/2177/2177 2198/2198/2198
f 2202/2202/2202 2198/2198/2198 2179/2179/2179
f 2206/2206/2206 2174/2174/2174 2196/2196/2196
f 2185/2185/2185 2194/2194/2194 2205/2205/2205
f 2204/2204/2204 2195/2195/2195 2184/2184/2184
f 2205/2205/2205 2173/2173/2173 2195/2195/2195
f 2205/2205/2205 2194/2194/2194 2173/2173/2173
f 2197/2197/2197 2176/2176/2176 2193/2193/2193
f 2204/2204/2204 2184/2184/2184 2182/2182/2182
f 2204/2204/2204 2182/2182/2182 2192/2192/2192
f 2191/2191/2191 2181/2181/2181 2203/2203/2203
f 2190/2190/2190 2192/2192/2192 2171/2171/2171
f 2190/2190/2190 2170/2170/2170 2191/2191/2191
f 2202/2202/2202 2179/2179/2179 2189/2189/2189
f 2180/2180/2180 2201/2201/2201 2188/2188/2188
f 2189/2189/2189 2169/2169/2169 2188/2188/2188
f 2178/2178/2178 2200/2200/2200 2181/2181/2181
f 2199/2199/2199 2178/2178/2178 2177/2177/2177
f 2198/2198/2198 2177/2177/2177 2179/2179/2179
f 2187/2187/2187 2176/2176/2176 2197/2197/2197
f 2196/2196/2196 2186/2186/2186 2175/2175/2175
f 2196/2196/2196 2174/2174/2174 2186/2186/2186
f 2172/2172/2172 2194/2194/2194 2185/2185/2185
f 2184/2184/2184 2195/2195/2195 2173/2173/2173
f 2173/2173/2173 2194/2194/2194 2172/2172/2172
f 2193/2193/2193 2164/2164/2164 2183/2183/2183
f 2176/2176/2176 2164/2164/2164 2193/2193/2193
f 2182/2182/2182 2184/2184/2184 2162/2162/2162
f 2192/2192/2192 2182/2182/2182 2171/2171/2171
f 2191/2191/2191 2170/2170/2170 2181/2181/2181
f 2190/2190/2190 2171/2171/2171 2170/2170/2170
f 2189/2189/2189 2179/2179/2179 2169/2169/2169
f 2188/2188/2188 2169/2169/2169 2180/2180/2180
f 2181/2181/2181 2153/2153/2153 2178/2178/2178
f 2178/2178/2178 2168/2168/2168 2177/2177/2177
f 2177/2177/2177 2160/2160/2160 2179/2179/2179
f 2187/2187/2187 2159/2159/2159 2176/2176/2176
f 2175/2175/2175 2186/2186/2186 2166/2166/2166
f 2186/2186/2186 2174/2174/2174 2166/2166/2166
f 2172/2172/2172 2185/2185/2185 2165/2165/2165
f 2162/2162/2162 2184/2184/2184 2173/2173/2173
f 2157/2157/2157 2173/2173/2173 2172/2172/2172
f 2183/2183/2183 2164/2164/2164 2165/2165/2165
f 2176/2176/2176 2163/2163/2163 2164/2164/2164
f 2171/2171/2171 2182/2182/2182 2162/2162/2162
f 2153/2153/2153 2181/2181/2181 2170/2170/2170
f 2171/2171/2171 2155/2155/2155 2170/2170/2170
f 2179/2179/2179 2161/2161/2161 2169/2169/2169
f 2146/2146/2146 2180/2180/2180 2169/2169/2169
f 2160/2160/2160 2161/2161/2161 2179/2179/2179
f 2153/2153/2153 2168/2168/2168 2178/2178/2178
f 2177/2177/2177 2168/2168/2168 2160/2160/2160
f 2176/2176/2176 2159/2159/2159 2163/2163/2163
f 2175/2175/2175 2151/2151/2151 2167/2167/2167
f 2151/2151/2151 2175/2175/2175 2166/2166/2166
f 2150/2150/2150 2166/2166/2166 2174/2174/2174
f 2158/2158/2158 2172/2172/2172 2165/2165/2165
f 2162/2162/2162 2173/2173/2173 2157/2157/2157
f 2157/2157/2157 2172/2172/2172 2158/2158/2158
f 2149/2149/2149 2165/2165/2165 2164/2164/2164
f 2164/2164/2164 2163/2163/2163 2156/2156/2156
f 2155/2155/2155 2171/2171/2171 2162/2162/2162
f 2170/2170/2170 2155/2155/2155 2153/2153/2153
f 2161/2161/2161 2146/2146/2146 2169/2169/2169
f 2160/2160/2160 2154/2154/2154 2161/2161/2161
f 2160/2160/2160 2168/2168/2168 2153/2153/2153
f 2144/2144/2144 2163/2163/2163 2159/2159/2159
f 2152/2152/2152 2159/2159/2159 2167/2167/2167
f 2167/2167/2167 2151/2151/2151 2152/2152/2152
f 2166/2166/2166 2150/2150/2150 2151/2151/2151
f 2165/2165/2165 2149/2149/2149 2158/2158/2158
f 2162/2162/2162 2157/2157/2157 2148/2148/2148
f 2158/2158/2158 2142/2142/2142 2157/2157/2157
f 2164/2164/2164 2156/2156/2156 2149/2149/2149
f 2163/2163/2163 2144/2144/2144 2156/2156/2156
f 2155/2155/2155 2162/2162/2162 2148/2148/2148
f 2155/2155/2155 2147/2147/2147 2153/2153/2153
f 2154/2154/2154 2146/2146/2146 2161/2161/2161
f 2154/2154/2154 2160/2160/2160 2145/2145/2145
f 2145/2145/2145 2160/2160/2160 2153/2153/2153
f 2159/2159/2159 2152/2152/2152 2144/2144/2144
f 2151/2151/2151 2138/2138/2138 2152/2152/2152
f 2151/2151/2151 2150/2150/2150 2143/2143/2143
f 2158/2158/2158 2149/2149/2149 2142/2142/2142
f 2157/2157/2157 2142/2142/2142 2148/2148/2148
f 2156/2156/2156 2141/2141/2141 2149/2149/2149
f 2156/2156/2156 2144/2144/2144 2141/2141/2141
f 2155/2155/2155 2148/2148/2148 2140/2140/2140
f 2147/2147/2147 2131/2131/2131 2153/2153/2153
f 2155/2155/2155 2140/2140/2140 2147/2147/2147
f 2146/2146/2146 2154/2154/2154 2139/2139/2139
f 2145/2145/2145 2139/2139/2139 2154/2154/2154
f 2131/2131/2131 2145/2145/2145 2153/2153/2153
f 2152/2152/2152 2138/2138/2138 2144/2144/2144
f 2138/2138/2138 2151/2151/2151 2143/2143/2143
f 2127/2127/2127 2143/2143/2143 2150/2150/2150
f 2142/2142/2142 2149/2149/2149 2133/2133/2133
f 2142/2142/2142 2137/2137/2137 2148/2148/2148
f 2149/2149/2149 2141/2141/2141 2133/2133/2133
f 2134/2134/2134 2141/2141/2141 2144/2144/2144
f 2148/2148/2148 2136/2136/2136 2140/2140/2140
f 2137/2137/2137 2136/2136/2136 2148/2148/2148
f 2147/2147/2147 2140/2140/2140 2131/2131/2131
f 2146/2146/2146 2139/2139/2139 2135/2135/2135
f 2139/2139/2139 2145/2145/2145 2131/2131/2131
f 2144/2144/2144 2138/2138/2138 2134/2134/2134
f 2138/2138/2138 2143/2143/2143 2127/2127/2127
f 2137/2137/2137 2142/2142/2142 2133/2133/2133
f 2141/2141/2141 2134/2134/2134 2133/2133/2133
f 2136/2136/2136 2132/2132/2132 2140/2140/2140
f 2126/2126/2126 2136/2136/2136 2137/2137/2137
f 2132/2132/2132 2131/2131/2131 2140/2140/2140
f 2135/2135/2135 2139/2139/2139 2130/2130/2130
f 2131/2131/2131 2130/2130/2130 2139/2139/2139
f 2134/2134/2134 2138/2138/2138 2127/2127/2127
f 2133/2133/2133 2126/2126/2126 2137/2137/2137
f 2133/2133/2133 2134/2134/2134 2129/2129/2129
f 2136/2136/2136 2126/2126/2126 2132/2132/2132
f 2132/2132/2132 2125/2125/2125 2131/2131/2131
f 2135/2135/2135 2130/2130/2130 2122/2122/2122
f 2131/2131/2131 2128/2128/2128 2130/2130/2130
f 2134/2134/2134 2127/2127/2127 2129/2129/2129
f 2133/2133/2133 2129/2129/2129 2126/2126/2126
f 2125/2125/2125 2132/2132/2132 2126/2126/2126
f 2125/2125/2125 2128/2128/2128 2131/2131/2131
f 2130/2130/2130 2128/2128/2128 2122/2122/2122
f 2127/2127/2127 2120/2120/2120 2129/2129/2129
f 2126/2126/2126 2129/2129/2129 2120/2120/2120
f 2126/2126/2126 2123/2123/2123 2125/2125/2125
f 2125/2125/2125 2122/2122/2122 2128/2128/2128
f 2127/2127/2127 2124/2124/2124 2121/2121/2121
f 2121/2121/2121 2120/2120/2120 2127/2127/2127
f 2125/2125/2125 2123/2123/2123 2117/2117/2117
f 2126/2126/2126 2120/2120/2120 2123/2123/2123
f 2122/2122/2122 2125/2125/2125 2117/2117/2117
f 2124/2124/2124 2118/2118/2118 2121/2121/2121
f 2120/2120/2120 2121/2121/2121 2115/2115/2115
f 2123/2123/2123 2120/2120/2120 2117/2117/2117
f 2117/2117/2117 2119/2119/2119 2122/2122/2122
f 2115/2115/2115 2121/2121/2121 2118/2118/2118
f 2117/2117/2117 2120/2120/2120 2115/2115/2115
f 2119/2119/2119 2117/2117/2117 2116/2116/2116
f 2115/2115/2115 2118/2118/2118 2116/2116/2116
f 2115/2115/2115 2116/2116/2116 2117/2117/2117
f 1469/1469/1469 1464/1464/1464 2114/2114/2114
f 2113/2113/2113 2112/2112/2112 2111/2111/2111
f 2112/2112/2112 2106/2106/2106 2111/2111/2111
f 2113/2113/2113 2111/2111/2111 2108/2108/2108
f 2111/2111/2111 2106/2106/2106 2109/2109/2109
f 2112/2112/2112 2110/2110/2110 2106/2106/2106
f 2111/2111/2111 2109/2109/2109 2105/2105/2105
f 2108/2108/2108 2111/2111/2111 2105/2105/2105
f 2108/2108/2108 2102/2102/2102 2107/2107/2107
f 2109/2109/2109 2106/2106/2106 2103/2103/2103
f 2100/2100/2100 2106/2106/2106 2110/2110/2110
f 2109/2109/2109 2103/2103/2103 2105/2105/2105
f 2108/2108/2108 2105/2105/2105 2102/2102/2102
f 2107/2107/2107 2104/2104/2104 2101/2101/2101
f 2098/2098/2098 2104/2104/2104 2107/2107/2107
f 2098/2098/2098 2107/2107/2107 2102/2102/2102
f 2106/2106/2106 2100/2100/2100 2103/2103/2103
f 2105/2105/2105 2103/2103/2103 2095/2095/2095
f 2095/2095/2095 2102/2102/2102 2105/2105/2105
f 2104/2104/2104 2098/2098/2098 2101/2101/2101
f 2098/2098/2098 2102/2102/2102 2099/2099/2099
f 2103/2103/2103 2100/2100/2100 2095/2095/2095
f 2100/2100/2100 2096/2096/2096 2097/2097/2097
f 2102/2102/2102 2095/2095/2095 2099/2099/2099
f 2101/2101/2101 2098/2098/2098 2094/2094/2094
f 2098/2098/2098 2099/2099/2099 2092/2092/2092
f 2095/2095/2095 2100/2100/2100 2089/2089/2089
f 2100/2100/2100 2097/2097/2097 2089/2089/2089
f 2097/2097/2097 2096/2096/2096 2090/2090/2090
f 2099/2099/2099 2087/2087/2087 2092/2092/2092
f 2087/2087/2087 2099/2099/2099 2095/2095/2095
f 2092/2092/2092 2094/2094/2094 2098/2098/2098
f 2095/2095/2095 2089/2089/2089 2093/2093/2093
f 2097/2097/2097 2090/2090/2090 2089/2089/2089
f 2096/2096/2096 2088/2088/2088 2090/2090/2090
f 2092/2092/2092 2087/2087/2087 2091/2091/2091
f 2093/2093/2093 2087/2087/2087 2095/2095/2095
f 2094/2094/2094 2092/2092/2092 2086/2086/2086
f 2092/2092/2092 2091/2091/2091 2081/2081/2081
f 2084/2084/2084 2093/2093/2093 2089/2089/2089
f 2089/2089/2089 2090/2090/2090 2079/2079/2079
f 2090/2090/2090 2088/2088/2088 2080/2080/2080
f 2077/2077/2077 2091/2091/2091 2087/2087/2087
f 2087/2087/2087 2093/2093/2093 2083/2083/2083
f 2093/2093/2093 2082/2082/2082 2083/2083/2083
f 2093/2093/2093 2084/2084/2084 2082/2082/2082
f 2081/2081/2081 2091/2091/2091 2085/2085/2085
f 2081/2081/2081 2086/2086/2086 2092/2092/2092
f 2085/2085/2085 2091/2091/2091 2077/2077/2077
f 2090/2090/2090 2080/2080/2080 2079/2079/2079
f 2089/2089/2089 2079/2079/2079 2084/2084/2084
f 2088/2088/2088 2078/2078/2078 2080/2080/2080
f 2087/2087/2087 2083/2083/2083 2077/2077/2077
f 2083/2083/2083 2082/2082/2082 2071/2071/2071
f 2082/2082/2082 2084/2084/2084 2072/2072/2072
f 2076/2076/2076 2081/2081/2081 2085/2085/2085
f 2070/2070/2070 2086/2086/2086 2081/2081/2081
f 2075/2075/2075 2076/2076/2076 2085/2085/2085
f 2075/2075/2075 2085/2085/2085 2077/2077/2077
f 2079/2079/2079 2080/2080/2080 2069/2069/2069
f 2084/2084/2084 2079/2079/2079 2074/2074/2074
f 2080/2080/2080 2078/2078/2078 2073/2073/2073
f 2084/2084/2084 2074/2074/2074 2072/2072/2072
f 2083/2083/2083 2071/2071/2071 2077/2077/2077
f 2082/2082/2082 2072/2072/2072 2071/2071/2071
f 2070/2070/2070 2081/2081/2081 2076/2076/2076
f 2076/2076/2076 2075/2075/2075 2066/2066/2066
f 2075/2075/2075 2077/2077/2077 2067/2067/2067
f 2069/2069/2069 2080/2080/2080 2073/2073/2073
f 2074/2074/2074 2079/2079/2079 2069/2069/2069
f 2073/2073/2073 2078/2078/2078 2068/2068/2068
f 2072/2072/2072 2074/2074/2074 2062/2062/2062
f 2067/2067/2067 2077/2077/2077 2071/2071/2071
f 2071/2071/2071 2072/2072/2072 2064/2064/2064
f 2066/2066/2066 2070/2070/2070 2076/2076/2076
f 2075/2075/2075 2067/2067/2067 2066/2066/2066
f 2065/2065/2065 2069/2069/2069 2073/2073/2073
f 2069/2069/2069 2062/2062/2062 2074/2074/2074
f 2073/2073/2073 2068/2068/2068 2065/2065/2065
f 2064/2064/2064 2072/2072/2072 2062/2062/2062
f 2067/2067/2067 2071/2071/2071 2064/2064/2064
f 2070/2070/2070 2066/2066/2066 2063/2063/2063
f 2060/2060/2060 2066/2066/2066 2067/2067/2067
f 2062/2062/2062 2069/2069/2069 2065/2065/2065
f 2065/2065/2065 2068/2068/2068 2059/2059/2059
f 2061/2061/2061 2064/2064/2064 2062/2062/2062
f 2067/2067/2067 2064/2064/2064 2060/2060/2060
f 2066/2066/2066 2060/2060/2060 2063/2063/2063
f 2062/2062/2062 2065/2065/2065 2054/2054/2054
f 2065/2065/2065 2059/2059/2059 2054/2054/2054
f 2062/2062/2062 2058/2058/2058 2061/2061/2061
f 2064/2064/2064 2061/2061/2061 2057/2057/2057
f 2064/2064/2064 2057/2057/2057 2060/2060/2060
f 2063/2063/2063 2060/2060/2060 2055/2055/2055
f 2054/2054/2054 2058/2058/2058 2062/2062/2062
f 2054/2054/2054 2059/2059/2059 2053/2053/2053
f 2061/2061/2061 2058/2058/2058 2049/2049/2049
f 2057/2057/2057 2061/2061/2061 2049/2049/2049
f 2060/2060/2060 2057/2057/2057 2048/2048/2048
f 2060/2060/2060 2048/2048/2048 2055/2055/2055
f 2043/2043/2043 2058/2058/2058 2054/2054/2054
f 2046/2046/2046 2053/2053/2053 2059/2059/2059
f 2041/2041/2041 2054/2054/2054 2053/2053/2053
f 2044/2044/2044 2052/2052/2052 2045/2045/2045
f 2051/2051/2051 2056/2056/2056 2042/2042/2042
f 2050/2050/2050 2051/2051/2051 2037/2037/2037
f 2049/2049/2049 2058/2058/2058 2043/2043/2043
f 2049/2049/2049 2034/2034/2034 2057/2057/2057
f 2057/2057/2057 2034/2034/2034 2048/2048/2048
f 2055/2055/2055 2048/2048/2048 2035/2035/2035
f 2056/2056/2056 2047/2047/2047 2042/2042/2042
f 2047/2047/2047 2055/2055/2055 2035/2035/2035
f 2043/2043/2043 2054/2054/2054 2041/2041/2041
f 2039/2039/2039 2053/2053/2053 2046/2046/2046
f 2041/2041/2041 2053/2053/2053 2039/2039/2039
f 2045/2045/2045 2029/2029/2029 2044/2044/2044
f 2050/2050/2050 2036/2036/2036 2045/2045/2045
f 2044/2044/2044 2028/2028/2028 2052/2052/2052
f 2051/2051/2051 2042/2042/2042 2037/2037/2037
f 2037/2037/2037 2036/2036/2036 2050/2050/2050
f 2049/2049/2049 2043/2043/2043 2034/2034/2034
f 2035/2035/2035 2048/2048/2048 2034/2034/2034
f 2047/2047/2047 2033/2033/2033 2042/2042/2042
f 2047/2047/2047 2032/2032/2032 2033/2033/2033
f 2031/2031/2031 2047/2047/2047 2035/2035/2035
f 2047/2047/2047 2031/2031/2031 2032/2032/2032
f 2025/2025/2025 2043/2043/2043 2041/2041/2041
f 2015/2015/2015 2040/2040/2040 2027/2027/2027
f 2046/2046/2046 2040/2040/2040 2030/2030/2030
f 2030/2030/2030 2039/2039/2039 2046/2046/2046
f 2039/2039/2039 2022/2022/2022 2041/2041/2041
f 2029/2029/2029 2038/2038/2038 2044/2044/2044
f 2036/2036/2036 2029/2029/2029 2045/2045/2045
f 2038/2038/2038 2028/2028/2028 2044/2044/2044
f 2042/2042/2042 2024/2024/2024 2037/2037/2037
f 2037/2037/2037 2019/2019/2019 2036/2036/2036
f 2034/2034/2034 2043/2043/2043 2025/2025/2025
f 2035/2035/2035 2034/2034/2034 2018/2018/2018
f 2033/2033/2033 2024/2024/2024 2042/2042/2042
f 2033/2033/2033 2032/2032/2032 2017/2017/2017
f 2031/2031/2031 2035/2035/2035 2023/2023/2023
f 2016/2016/2016 2032/2032/2032 2031/2031/2031
f 2025/2025/2025 2041/2041/2041 2022/2022/2022
f 2015/2015/2015 2030/2030/2030 2040/2040/2040
f 2022/2022/2022 2039/2039/2039 2030/2030/2030
f 2014/2014/2014 2038/2038/2038 2029/2029/2029
f 2029/2029/2029 2036/2036/2036 2021/2021/2021
f 2038/2038/2038 2014/2014/2014 2028/2028/2028
f 2012/2012/2012 2026/2026/2026 2027/2027/2027
f 2024/2024/2024 2019/2019/2019 2037/2037/2037
f 2036/2036/2036 2019/2019/2019 2021/2021/2021
f 2018/2018/2018 2023/2023/2023 2035/2035/2035
f 2034/2034/2034 2025/2025/2025 2018/2018/2018
f 2033/2033/2033 2017/2017/2017 2024/2024/2024
f 2017/2017/2017 2032/2032/2032 2016/2016/2016
f 2031/2031/2031 2023/2023/2023 2016/2016/2016
f 2011/2011/2011 2025/2025/2025 2022/2022/2022
f 2022/2022/2022 2030/2030/2030 2015/2015/2015
f 2029/2029/2029 2021/2021/2021 2014/2014/2014
f 2028/2028/2028 2014/2014/2014 2013/2013/2013
f 1997/1997/1997 2020/2020/2020 2000/2000/2000
f 2027/2027/2027 2020/2020/2020 2012/2012/2012
f 2026/2026/2026 2012/2012/2012 2015/2015/2015
f 2010/2010/2010 2019/2019/2019 2024/2024/2024
f 2005/2005/2005 2021/2021/2021 2019/2019/2019
f 2004/2004/2004 2023/2023/2023 2018/2018/2018
f 2025/2025/2025 2011/2011/2011 2018/2018/2018
f 2024/2024/2024 2017/2017/2017 2010/2010/2010
f 2016/2016/2016 2003/2003/2003 2017/2017/2017
f 2004/2004/2004 2016/2016/2016 2023/2023/2023
f 2011/2011/2011 2022/2022/2022 2009/2009/2009
f 2009/2009/2009 2022/2022/2022 2015/2015/2015
f 2021/2021/2021 2005/2005/2005 2014/2014/2014
f 2013/2013/2013 2014/2014/2014 1999/1999/1999
f 1997/1997/1997 2012/2012/2012 2020/2020/2020
f 2015/2015/2015 2012/2012/2012 2002/2002/2002
f 2019/2019/2019 2010/2010/2010 2005/2005/2005
f 2018/2018/2018 2011/2011/2011 2004/2004/2004
f 2010/2010/2010 2017/2017/2017 2003/2003/2003
f 2016/2016/2016 2004/2004/2004 2003/2003/2003
f 2011/2011/2011 2009/2009/2009 1996/1996/1996
f 2015/2015/2015 2002/2002/2002 2009/2009/2009
f 2001/2001/2001 2006/2006/2006 2000/2000/2000
f 2014/2014/2014 2005/2005/2005 1999/1999/1999
f 1998/1998/1998 2013/2013/2013 1999/1999/1999
f 2007/2007/2007 1990/1990/1990 2008/2008/2008
f 2012/2012/2012 1997/1997/1997 2002/2002/2002
f 2010/2010/2010 1985/1985/1985 2005/2005/2005
f 1996/1996/1996 2004/2004/2004 2011/2011/2011
f 2010/2010/2010 2003/2003/2003 1985/1985/1985
f 2003/2003/2003 2004/2004/2004 1984/1984/1984
f 1996/1996/1996 2009/2009/2009 2002/2002/2002
f 2006/2006/2006 2001/2001/2001 1986/1986/1986
f 1982/1982/1982 2001/2001/2001 2000/2000/2000
f 2005/2005/2005 1993/1993/1993 1999/1999/1999
f 1992/1992/1992 1998/1998/1998 1999/1999/1999
f 2008/2008/2008 1990/1990/1990 1991/1991/1991
f 1989/1989/1989 1990/1990/1990 2007/2007/2007
f 1988/1988/1988 1989/1989/1989 2007/2007/2007
f 1978/1978/1978 2002/2002/2002 1997/1997/1997
f 1986/1986/1986 1997/1997/1997 2006/2006/2006
f 2005/2005/2005 1985/1985/1985 1993/1993/1993
f 1984/1984/1984 2004/2004/2004 1996/1996/1996
f 1985/1985/1985 2003/2003/2003 1984/1984/1984
f 1996/1996/1996 2002/2002/2002 1978/1978/1978
f 1994/1994/1994 1995/1995/1995 1983/1983/1983
f 2001/2001/2001 1982/1982/1982 1986/1986/1986
f 2000/2000/2000 1994/1994/1994 1982/1982/1982
f 1999/1999/1999 1993/1993/1993 1981/1981/1981
f 1992/1992/1992 1999/1999/1999 1981/1981/1981
f 1998/1998/1998 1992/1992/1992 1980/1980/1980
f 1991/1991/1991 1990/1990/1990 1974/1974/1974
f 1990/1990/1990 1989/1989/1989 1973/1973/1973
f 1988/1988/1988 1972/1972/1972 1989/1989/1989
f 1991/1991/1991 1979/1979/1979 1987/1987/1987
f 1997/1997/1997 1986/1986/1986 1978/1978/1978
f 1993/1993/1993 1985/1985/1985 1968/1968/1968
f 1984/1984/1984 1996/1996/1996 1969/1969/1969
f 1985/1985/1985 1984/1984/1984 1977/1977/1977
f 1978/1978/1978 1969/1969/1969 1996/1996/1996
f 1963/1963/1963 1983/1983/1983 1995/1995/1995
f 1994/1994/1994 1983/1983/1983 1976/1976/1976
f 1965/1965/1965 1986/1986/1986 1982/1982/1982
f 1976/1976/1976 1982/1982/1982 1994/1994/1994
f 1993/1993/1993 1968/1968/1968 1981/1981/1981
f 1992/1992/1992 1981/1981/1981 1975/1975/1975
f 1980/1980/1980 1992/1992/1992 1975/1975/1975
f 1991/1991/1991 1974/1974/1974 1979/1979/1979
f 1990/1990/1990 1973/1973/1973 1974/1974/1974
f 1972/1972/1972 1973/1973/1973 1989/1989/1989
f 1980/1980/1980 1972/1972/1972 1988/1988/1988
f 1987/1987/1987 1979/1979/1979 1971/1971/1971
f 1986/1986/1986 1965/1965/1965 1978/1978/1978
f 1985/1985/1985 1977/1977/1977 1968/1968/1968
f 1984/1984/1984 1969/1969/1969 1977/1977/1977
f 1969/1969/1969 1978/1978/1978 1970/1970/1970
f 1976/1976/1976 1983/1983/1983 1963/1963/1963
f 1982/1982/1982 1976/1976/1976 1965/1965/1965
f 1981/1981/1981 1968/1968/1968 1975/1975/1975
f 1980/1980/1980 1975/1975/1975 1967/1967/1967
f 1979/1979/1979 1974/1974/1974 1966/1966/1966
f 1973/1973/1973 1959/1959/1959 1974/1974/1974
f 1972/1972/1972 1958/1958/1958 1973/1973/1973
f 1967/1967/1967 1972/1972/1972 1980/1980/1980
f 1971/1971/1971 1979/1979/1979 1966/1966/1966
f 1978/1978/1978 1965/1965/1965 1970/1970/1970
f 1968/1968/1968 1977/1977/1977 1964/1964/1964
f 1964/1964/1964 1977/1977/1977 1969/1969/1969
f 1969/1969/1969 1970/1970/1970 1950/1950/1950
f 1976/1976/1976 1963/1963/1963 1962/1962/1962
f 1965/1965/1965 1976/1976/1976 1962/1962/1962
f 1975/1975/1975 1968/1968/1968 1961/1961/1961
f 1975/1975/1975 1960/1960/1960 1967/1967/1967
f 1975/1975/1975 1961/1961/1961 1960/1960/1960
f 1966/1966/1966 1974/1974/1974 1959/1959/1959
f 1958/1958/1958 1959/1959/1959 1973/1973/1973
f 1972/1972/1972 1967/1967/1967 1958/1958/1958
f 1966/1966/1966 1957/1957/1957 1971/1971/1971
f 1970/1970/1970 1965/1965/1965 1950/1950/1950
f 1968/1968/1968 1964/1964/1964 1954/1954/1954
f 1964/1964/1964 1969/1969/1969 1950/1950/1950
f 1963/1963/1963 1942/1942/1942 1962/1962/1962
f 1965/1965/1965 1962/1962/1962 1955/1955/1955
f 1954/1954/1954 1961/1961/1961 1968/1968/1968
f 1967/1967/1967 1960/1960/1960 1953/1953/1953
f 1961/1961/1961 1947/1947/1947 1960/1960/1960
f 1966/1966/1966 1959/1959/1959 1951/1951/1951
f 1958/1958/1958 1946/1946/1946 1959/1959/1959
f 1967/1967/1967 1953/1953/1953 1958/1958/1958
f 1957/1957/1957 1966/1966/1966 1951/1951/1951
f 1965/1965/1965 1955/1955/1955 1950/1950/1950
f 1954/1954/1954 1964/1964/1964 1949/1949/1949
f 1949/1949/1949 1964/1964/1964 1950/1950/1950
f 1942/1942/1942 1963/1963/1963 1956/1956/1956
f 1962/1962/1962 1942/1942/1942 1955/1955/1955
f 1947/1947/1947 1961/1961/1961 1954/1954/1954
f 1953/1953/1953 1960/1960/1960 1947/1947/1947
f 1946/1946/1946 1951/1951/1951 1959/1959/1959
f 1958/1958/1958 1953/1953/1953 1946/1946/1946
f 1944/1944/1944 1952/1952/1952 1957/1957/1957
f 1957/1957/1957 1951/1951/1951 1944/1944/1944
f 1955/1955/1955 1943/1943/1943 1950/1950/1950
f 1954/1954/1954 1949/1949/1949 1941/1941/1941
f 1950/1950/1950 1939/1939/1939 1949/1949/1949
f 1942/1942/1942 1956/1956/1956 1948/1948/1948
f 1955/1955/1955 1942/1942/1942 1943/1943/1943
f 1947/1947/1947 1954/1954/1954 1941/1941/1941
f 1953/1953/1953 1947/1947/1947 1937/1937/1937
f 1940/1940/1940 1951/1951/1951 1946/1946/1946
f 1953/1953/1953 1937/1937/1937 1946/1946/1946
f 1938/1938/1938 1948/1948/1948 1945/1945/1945
f 1936/1936/1936 1945/1945/1945 1952/1952/1952
f 1952/1952/1952 1944/1944/1944 1936/1936/1936
f 1951/1951/1951 1940/1940/1940 1944/1944/1944
f 1950/1950/1950 1943/1943/1943 1939/1939/1939
f 1941/1941/1941 1949/1949/1949 1939/1939/1939
f 1948/1948/1948 1938/1938/1938 1942/1942/1942
f 1935/1935/1935 1943/1943/1943 1942/1942/1942
f 1937/1937/1937 1947/1947/1947 1941/1941/1941
f 1937/1937/1937 1940/1940/1940 1946/1946/1946
f 1945/1945/1945 1936/1936/1936 1938/1938/1938
f 1944/1944/1944 1940/1940/1940 1936/1936/1936
f 1943/1943/1943 1935/1935/1935 1939/1939/1939
f 1939/1939/1939 1932/1932/1932 1941/1941/1941
f 1938/1938/1938 1935/1935/1935 1942/1942/1942
f 1937/1937/1937 1941/1941/1941 1932/1932/1932
f 1937/1937/1937 1934/1934/1934 1940/1940/1940
f 1936/1936/1936 1933/1933/1933 1938/1938/1938
f 1934/1934/1934 1936/1936/1936 1940/1940/1940
f 1939/1939/1939 1935/1935/1935 1932/1932/1932
f 1935/1935/1935 1938/1938/1938 1933/1933/1933
f 1932/1932/1932 1934/1934/1934 1937/1937/1937
f 1933/1933/1933 1936/1936/1936 1934/1934/1934
f 1932/1932/1932 1935/1935/1935 1933/1933/1933
f 1932/1932/1932 1933/1933/1933 1934/1934/1934
f 1490/1490/1490 1484/1484/1484 1504/1504/1504
f 1473/1473/1473 1484/1484/1484 1490/1490/1490
f 1471/1471/1471 1473/1473/1473 1490/1490/1490
f 1929/1929/1929 1930/1930/1930 1931/1931/1931
f 1929/1929/1929 1926/1926/1926 1930/1930/1930
f 1928/1928/1928 1926/1926/1926 1929/1929/1929
f 1920/1920/1920 1923/1923/1923 1928/1928/1928
f 1920/1920/1920 1928/1928/1928 1927/1927/1927
f 1928/1928/1928 1923/1923/1923 1926/1926/1926
f 1922/1922/1922 1924/1924/1924 1925/1925/1925
f 1920/1920/1920 1927/1927/1927 1924/1924/1924
f 1923/1923/1923 1921/1921/1921 1926/1926/1926
f 1925/1925/1925 1918/1918/1918 1922/1922/1922
f 1924/1924/1924 1922/1922/1922 1920/1920/1920
f 1923/1923/1923 1916/1916/1916 1921/1921/1921
f 1917/1917/1917 1922/1922/1922 1918/1918/1918
f 1917/1917/1917 1920/1920/1920 1922/1922/1922
f 1919/1919/1919 1921/1921/1921 1915/1915/1915
f 1915/1915/1915 1921/1921/1921 1916/1916/1916
f 1918/1918/1918 1912/1912/1912 1917/1917/1917
f 1913/1913/1913 1920/1920/1920 1917/1917/1917
f 1911/1911/1911 1919/1919/1919 1915/1915/1915
f 1910/1910/1910 1915/1915/1915 1916/1916/1916
f 1918/1918/1918 1914/1914/1914 1912/1912/1912
f 1912/1912/1912 1913/1913/1913 1917/1917/1917
f 1913/1913/1913 1910/1910/1910 1916/1916/1916
f 1910/1910/1910 1911/1911/1911 1915/1915/1915
f 1914/1914/1914 1908/1908/1908 1912/1912/1912
f 1910/1910/1910 1913/1913/1913 1912/1912/1912
f 1907/1907/1907 1911/1911/1911 1910/1910/1910
f 1908/1908/1908 1910/1910/1910 1912/1912/1912
f 1907/1907/1907 1909/1909/1909 1911/1911/1911
f 1907/1907/1907 1910/1910/1910 1908/1908/1908
f 1906/1906/1906 1909/1909/1909 1907/1907/1907
f 1906/1906/1906 1907/1907/1907 1908/1908/1908
f 1905/1905/1905 1903/1903/1903 1902/1902/1902
f 1904/1904/1904 1899/1899/1899 1905/1905/1905
f 1899/1899/1899 1903/1903/1903 1905/1905/1905
f 1903/1903/1903 1886/1886/1886 1902/1902/1902
f 1899/1899/1899 1904/1904/1904 1898/1898/1898
f 1897/1897/1897 1898/1898/1898 1904/1904/1904
f 1895/1895/1895 1896/1896/1896 1901/1901/1901
f 1894/1894/1894 1895/1895/1895 1900/1900/1900
f 1903/1903/1903 1899/1899/1899 1886/1886/1886
f 1886/1886/1886 1893/1893/1893 1902/1902/1902
f 1899/1899/1899 1898/1898/1898 1892/1892/1892
f 1897/1897/1897 1884/1884/1884 1898/1898/1898
f 1896/1896/1896 1880/1880/1880 1901/1901/1901
f 1895/1895/1895 1881/1881/1881 1896/1896/1896
f 1879/1879/1879 1895/1895/1895 1894/1894/1894
f 1887/1887/1887 1894/1894/1894 1900/1900/1900
f 1887/1887/1887 1900/1900/1900 1893/1893/1893
f 1892/1892/1892 1886/1886/1886 1899/1899/1899
f 1886/1886/1886 1885/1885/1885 1893/1893/1893
f 1898/1898/1898 1884/1884/1884 1892/1892/1892
f 1897/1897/1897 1882/1882/1882 1884/1884/1884
f 1889/1889/1889 1878/1878/1878 1891/1891/1891
f 1875/1875/1875 1889/1889/1889 1891/1891/1891
f 1881/1881/1881 1888/1888/1888 1896/1896/1896
f 1888/1888/1888 1880/1880/1880 1896/1896/1896
f 1881/1881/1881 1895/1895/1895 1879/1879/1879
f 1887/1887/1887 1879/1879/1879 1894/1894/1894
f 1893/1893/1893 1868/1868/1868 1887/1887/1887
f 1892/1892/1892 1870/1870/1870 1886/1886/1886
f 1885/1885/1885 1868/1868/1868 1893/1893/1893
f 1886/1886/1886 1869/1869/1869 1885/1885/1885
f 1870/1870/1870 1892/1892/1892 1884/1884/1884
f 1878/1878/1878 1883/1883/1883 1891/1891/1891
f 1890/1890/1890 1883/1883/1883 1877/1877/1877
f 1890/1890/1890 1877/1877/1877 1882/1882/1882
f 1884/1884/1884 1882/1882/1882 1867/1867/1867
f 1876/1876/1876 1878/1878/1878 1889/1889/1889
f 1875/1875/1875 1876/1876/1876 1889/1889/1889
f 1873/1873/1873 1888/1888/1888 1881/1881/1881
f 1888/1888/1888 1871/1871/1871 1880/1880/1880
f 1873/1873/1873 1871/1871/1871 1888/1888/1888
f 1860/1860/1860 1881/1881/1881 1879/1879/1879
f 1887/1887/1887 1868/1868/1868 1879/1879/1879
f 1870/1870/1870 1869/1869/1869 1886/1886/1886
f 1885/1885/1885 1869/1869/1869 1868/1868/1868
f 1884/1884/1884 1867/1867/1867 1870/1870/1870
f 1878/1878/1878 1858/1858/1858 1883/1883/1883
f 1858/1858/1858 1877/1877/1877 1883/1883/1883
f 1867/1867/1867 1882/1882/1882 1877/1877/1877
f 1878/1878/1878 1876/1876/1876 1866/1866/1866
f 1845/1845/1845 1876/1876/1876 1875/1875/1875
f 1873/1873/1873 1881/1881/1881 1860/1860/1860
f 1863/1863/1863 1872/1872/1872 1880/1880/1880
f 1871/1871/1871 1863/1863/1863 1880/1880/1880
f 1873/1873/1873 1852/1852/1852 1871/1871/1871
f 1868/1868/1868 1860/1860/1860 1879/1879/1879
f 1870/1870/1870 1849/1849/1849 1869/1869/1869
f 1869/1869/1869 1847/1847/1847 1868/1868/1868
f 1870/1870/1870 1867/1867/1867 1859/1859/1859
f 1878/1878/1878 1866/1866/1866 1858/1858/1858
f 1877/1877/1877 1858/1858/1858 1867/1867/1867
f 1875/1875/1875 1857/1857/1857 1865/1865/1865
f 1864/1864/1864 1857/1857/1857 1874/1874/1874
f 1845/1845/1845 1866/1866/1866 1876/1876/1876
f 1865/1865/1865 1845/1845/1845 1875/1875/1875
f 1853/1853/1853 1864/1864/1864 1874/1874/1874
f 1855/1855/1855 1853/1853/1853 1874/1874/1874
f 1860/1860/1860 1852/1852/1852 1873/1873/1873
f 1863/1863/1863 1851/1851/1851 1872/1872/1872
f 1863/1863/1863 1871/1871/1871 1850/1850/1850
f 1872/1872/1872 1851/1851/1851 1862/1862/1862
f 1862/1862/1862 1837/1837/1837 1861/1861/1861
f 1850/1850/1850 1871/1871/1871 1852/1852/1852
f 1870/1870/1870 1859/1859/1859 1849/1849/1849
f 1868/1868/1868 1848/1848/1848 1860/1860/1860
f 1849/1849/1849 1847/1847/1847 1869/1869/1869
f 1847/1847/1847 1848/1848/1848 1868/1868/1868
f 1834/1834/1834 1859/1859/1859 1867/1867/1867
f 1858/1858/1858 1866/1866/1866 1846/1846/1846
f 1858/1858/1858 1834/1834/1834 1867/1867/1867
f 1844/1844/1844 1865/1865/1865 1857/1857/1857
f 1857/1857/1857 1864/1864/1864 1833/1833/1833
f 1846/1846/1846 1866/1866/1866 1845/1845/1845
f 1844/1844/1844 1845/1845/1845 1865/1865/1865
f 1843/1843/1843 1842/1842/1842 1855/1855/1855
f 1826/1826/1826 1829/1829/1829 1854/1854/1854
f 1856/1856/1856 1854/1854/1854 1830/1830/1830
f 1853/1853/1853 1833/1833/1833 1864/1864/1864
f 1853/1853/1853 1855/1855/1855 1828/1828/1828
f 1835/1835/1835 1852/1852/1852 1860/1860/1860
f 1839/1839/1839 1840/1840/1840 1861/1861/1861
f 1863/1863/1863 1838/1838/1838 1851/1851/1851
f 1850/1850/1850 1838/1838/1838 1863/1863/1863
f 1837/1837/1837 1862/1862/1862 1851/1851/1851
f 1861/1861/1861 1837/1837/1837 1839/1839/1839
f 1852/1852/1852 1825/1825/1825 1850/1850/1850
f 1859/1859/1859 1836/1836/1836 1849/1849/1849
f 1835/1835/1835 1860/1860/1860 1848/1848/1848
f 1849/1849/1849 1820/1820/1820 1847/1847/1847
f 1848/1848/1848 1847/1847/1847 1821/1821/1821
f 1836/1836/1836 1859/1859/1859 1834/1834/1834
f 1858/1858/1858 1846/1846/1846 1834/1834/1834
f 1833/1833/1833 1844/1844/1844 1857/1857/1857
f 1845/1845/1845 1832/1832/1832 1846/1846/1846
f 1844/1844/1844 1817/1817/1817 1845/1845/1845
f 1843/1843/1843 1856/1856/1856 1830/1830/1830
f 1816/1816/1816 1842/1842/1842 1843/1843/1843
f 1842/1842/1842 1828/1828/1828 1855/1855/1855
f 1826/1826/1826 1841/1841/1841 1829/1829/1829
f 1830/1830/1830 1854/1854/1854 1829/1829/1829
f 1828/1828/1828 1833/1833/1833 1853/1853/1853
f 1827/1827/1827 1852/1852/1852 1835/1835/1835
f 1825/1825/1825 1852/1852/1852 1827/1827/1827
f 1840/1840/1840 1839/1839/1839 1813/1813/1813
f 1810/1810/1810 1851/1851/1851 1838/1838/1838
f 1850/1850/1850 1823/1823/1823 1838/1838/1838
f 1810/1810/1810 1837/1837/1837 1851/1851/1851
f 1839/1839/1839 1837/1837/1837 1811/1811/1811
f 1822/1822/1822 1823/1823/1823 1850/1850/1850
f 1825/1825/1825 1822/1822/1822 1850/1850/1850
f 1820/1820/1820 1849/1849/1849 1836/1836/1836
f 1821/1821/1821 1835/1835/1835 1848/1848/1848
f 1847/1847/1847 1820/1820/1820 1821/1821/1821
f 1806/1806/1806 1836/1836/1836 1834/1834/1834
f 1846/1846/1846 1818/1818/1818 1834/1834/1834
f 1844/1844/1844 1833/1833/1833 1819/1819/1819
f 1819/1819/1819 1831/1831/1831 1844/1844/1844
f 1846/1846/1846 1832/1832/1832 1818/1818/1818
f 1817/1817/1817 1832/1832/1832 1845/1845/1845
f 1831/1831/1831 1817/1817/1817 1844/1844/1844
f 1841/1841/1841 1826/1826/1826 1802/1802/1802
f 1830/1830/1830 1816/1816/1816 1843/1843/1843
f 1816/1816/1816 1828/1828/1828 1842/1842/1842
f 1841/1841/1841 1802/1802/1802 1829/1829/1829
f 1829/1829/1829 1801/1801/1801 1830/1830/1830
f 1833/1833/1833 1828/1828/1828 1815/1815/1815
f 1807/1807/1807 1827/1827/1827 1835/1835/1835
f 1824/1824/1824 1800/1800/1800 1840/1840/1840
f 1827/1827/1827 1797/1797/1797 1825/1825/1825
f 1824/1824/1824 1840/1840/1840 1813/1813/1813
f 1813/1813/1813 1839/1839/1839 1811/1811/1811
f 1838/1838/1838 1823/1823/1823 1810/1810/1810
f 1810/1810/1810 1811/1811/1811 1837/1837/1837
f 1822/1822/1822 1809/1809/1809 1823/1823/1823
f 1825/1825/1825 1808/1808/1808 1822/1822/1822
f 1836/1836/1836 1806/1806/1806 1820/1820/1820
f 1821/1821/1821 1807/1807/1807 1835/1835/1835
f 1820/1820/1820 1792/1792/1792 1821/1821/1821
f 1818/1818/1818 1806/1806/1806 1834/1834/1834
f 1815/1815/1815 1805/1805/1805 1833/1833/1833
f 1805/1805/1805 1819/1819/1819 1833/1833/1833
f 1819/1819/1819 1777/1777/1777 1831/1831/1831
f 1804/1804/1804 1818/1818/1818 1832/1832/1832
f 1832/1832/1832 1817/1817/1817 1804/1804/1804
f 1777/1777/1777 1817/1817/1817 1831/1831/1831
f 1826/1826/1826 1803/1803/1803 1802/1802/1802
f 1816/1816/1816 1830/1830/1830 1801/1801/1801
f 1828/1828/1828 1816/1816/1816 1789/1789/1789
f 1802/1802/1802 1801/1801/1801 1829/1829/1829
f 1789/1789/1789 1815/1815/1815 1828/1828/1828
f 1807/1807/1807 1797/1797/1797 1827/1827/1827
f 1812/1812/1812 1800/1800/1800 1824/1824/1824
f 1803/1803/1803 1826/1826/1826 1798/1798/1798
f 1797/1797/1797 1808/1808/1808 1825/1825/1825
f 1813/1813/1813 1796/1796/1796 1824/1824/1824
f 1796/1796/1796 1812/1812/1812 1824/1824/1824
f 1813/1813/1813 1811/1811/1811 1783/1783/1783
f 1795/1795/1795 1810/1810/1810 1823/1823/1823
f 1781/1781/1781 1811/1811/1811 1810/1810/1810
f 1823/1823/1823 1809/1809/1809 1795/1795/1795
f 1822/1822/1822 1794/1794/1794 1809/1809/1809
f 1808/1808/1808 1794/1794/1794 1822/1822/1822
f 1793/1793/1793 1820/1820/1820 1806/1806/1806
f 1792/1792/1792 1807/1807/1807 1821/1821/1821
f 1820/1820/1820 1793/1793/1793 1792/1792/1792
f 1818/1818/1818 1791/1791/1791 1806/1806/1806
f 1788/1788/1788 1805/1805/1805 1815/1815/1815
f 1805/1805/1805 1777/1777/1777 1819/1819/1819
f 1818/1818/1818 1804/1804/1804 1791/1791/1791
f 1804/1804/1804 1817/1817/1817 1777/1777/1777
f 1803/1803/1803 1763/1763/1763 1802/1802/1802
f 1801/1801/1801 1789/1789/1789 1816/1816/1816
f 1802/1802/1802 1776/1776/1776 1801/1801/1801
f 1789/1789/1789 1788/1788/1788 1815/1815/1815
f 1807/1807/1807 1779/1779/1779 1797/1797/1797
f 1787/1787/1787 1786/1786/1786 1812/1812/1812
f 1786/1786/1786 1800/1800/1800 1812/1812/1812
f 1799/1799/1799 1784/1784/1784 1814/1814/1814
f 1803/1803/1803 1798/1798/1798 1769/1769/1769
f 1814/1814/1814 1784/1784/1784 1798/1798/1798
f 1797/1797/1797 1766/1766/1766 1808/1808/1808
f 1796/1796/1796 1813/1813/1813 1783/1783/1783
f 1787/1787/1787 1812/1812/1812 1768/1768/1768
f 1768/1768/1768 1812/1812/1812 1796/1796/1796
f 1783/1783/1783 1811/1811/1811 1781/1781/1781
f 1795/1795/1795 1781/1781/1781 1810/1810/1810
f 1809/1809/1809 1780/1780/1780 1795/1795/1795
f 1794/1794/1794 1780/1780/1780 1809/1809/1809
f 1766/1766/1766 1794/1794/1794 1808/1808/1808
f 1806/1806/1806 1778/1778/1778 1793/1793/1793
f 1792/1792/1792 1779/1779/1779 1807/1807/1807
f 1792/1792/1792 1793/1793/1793 1765/1765/1765
f 1791/1791/1791 1778/1778/1778 1806/1806/1806
f 1777/1777/1777 1805/1805/1805 1788/1788/1788
f 1777/1777/1777 1791/1791/1791 1804/1804/1804
f 1790/1790/1790 1763/1763/1763 1803/1803/1803
f 1769/1769/1769 1790/1790/1790 1803/1803/1803
f 1776/1776/1776 1802/1802/1802 1763/1763/1763
f 1776/1776/1776 1789/1789/1789 1801/1801/1801
f 1761/1761/1761 1788/1788/1788 1789/1789/1789
f 1797/1797/1797 1779/1779/1779 1775/1775/1775
f 1760/1760/1760 1786/1786/1786 1787/1787/1787
f 1800/1800/1800 1786/1786/1786 1774/1774/1774
f 1782/1782/1782 1773/1773/1773 1787/1787/1787
f 1785/1785/1785 1758/1758/1758 1799/1799/1799
f 1784/1784/1784 1799/1799/1799 1758/1758/1758
f 1784/1784/1784 1769/1769/1769 1798/1798/1798
f 1797/1797/1797 1775/1775/1775 1766/1766/1766
f 1796/1796/1796 1783/1783/1783 1755/1755/1755
f 1740/1740/1740 1772/1772/1772 1782/1782/1782
f 1768/1768/1768 1782/1782/1782 1787/1787/1787
f 1768/1768/1768 1796/1796/1796 1755/1755/1755
f 1781/1781/1781 1767/1767/1767 1783/1783/1783
f 1753/1753/1753 1781/1781/1781 1795/1795/1795
f 1780/1780/1780 1753/1753/1753 1795/1795/1795
f 1794/1794/1794 1766/1766/1766 1780/1780/1780
f 1778/1778/1778 1765/1765/1765 1793/1793/1793
f 1792/1792/1792 1765/1765/1765 1779/1779/1779
f 1791/1791/1791 1764/1764/1764 1778/1778/1778
f 1777/1777/1777 1788/1788/1788 1751/1751/1751
f 1791/1791/1791 1777/1777/1777 1764/1764/1764
f 1763/1763/1763 1790/1790/1790 1769/1769/1769
f 1763/1763/1763 1762/1762/1762 1776/1776/1776
f 1776/1776/1776 1761/1761/1761 1789/1789/1789
f 1761/1761/1761 1751/1751/1751 1788/1788/1788
f 1779/1779/1779 1747/1747/1747 1775/1775/1775
f 1787/1787/1787 1773/1773/1773 1760/1760/1760
f 1760/1760/1760 1774/1774/1774 1786/1786/1786
f 1773/1773/1773 1782/1782/1782 1759/1759/1759
f 1782/1782/1782 1772/1772/1772 1759/1759/1759
f 1758/1758/1758 1785/1785/1785 1770/1770/1770
f 1758/1758/1758 1771/1771/1771 1784/1784/1784
f 1771/1771/1771 1729/1729/1729 1784/1784/1784
f 1784/1784/1784 1729/1729/1729 1769/1769/1769
f 1756/1756/1756 1766/1766/1766 1775/1775/1775
f 1755/1755/1755 1783/1783/1783 1767/1767/1767
f 1740/1740/1740 1782/1782/1782 1768/1768/1768
f 1755/1755/1755 1754/1754/1754 1768/1768/1768
f 1767/1767/1767 1781/1781/1781 1753/1753/1753
f 1780/1780/1780 1752/1752/1752 1753/1753/1753
f 1766/1766/1766 1752/1752/1752 1780/1780/1780
f 1765/1765/1765 1778/1778/1778 1737/1737/1737
f 1779/1779/1779 1765/1765/1765 1747/1747/1747
f 1764/1764/1764 1737/1737/1737 1778/1778/1778
f 1751/1751/1751 1764/1764/1764 1777/1777/1777
f 1769/1769/1769 1741/1741/1741 1763/1763/1763
f 1762/1762/1762 1763/1763/1763 1735/1735/1735
f 1762/1762/1762 1749/1749/1749 1776/1776/1776
f 1776/1776/1776 1749/1749/1749 1761/1761/1761
f 1751/1751/1751 1761/1761/1761 1748/1748/1748
f 1775/1775/1775 1747/1747/1747 1756/1756/1756
f 1773/1773/1773 1732/1732/1732 1760/1760/1760
f 1746/1746/1746 1774/1774/1774 1760/1760/1760
f 1732/1732/1732 1773/1773/1773 1745/1745/1745
f 1773/1773/1773 1759/1759/1759 1745/1745/1745
f 1759/1759/1759 1772/1772/1772 1744/1744/1744
f 1758/1758/1758 1770/1770/1770 1727/1727/1727
f 1729/1729/1729 1771/1771/1771 1758/1758/1758
f 1757/1757/1757 1727/1727/1727 1770/1770/1770
f 1743/1743/1743 1742/1742/1742 1757/1757/1757
f 1769/1769/1769 1729/1729/1729 1741/1741/1741
f 1766/1766/1766 1756/1756/1756 1738/1738/1738
f 1739/1739/1739 1755/1755/1755 1767/1767/1767
f 1755/1755/1755 1724/1724/1724 1754/1754/1754
f 1768/1768/1768 1754/1754/1754 1740/1740/1740
f 1753/1753/1753 1739/1739/1739 1767/1767/1767
f 1752/1752/1752 1723/1723/1723 1753/1753/1753
f 1766/1766/1766 1738/1738/1738 1752/1752/1752
f 1737/1737/1737 1747/1747/1747 1765/1765/1765
f 1750/1750/1750 1737/1737/1737 1764/1764/1764
f 1764/1764/1764 1751/1751/1751 1736/1736/1736
f 1736/1736/1736 1750/1750/1750 1764/1764/1764
f 1741/1741/1741 1735/1735/1735 1763/1763/1763
f 1749/1749/1749 1762/1762/1762 1735/1735/1735
f 1749/1749/1749 1734/1734/1734 1761/1761/1761
f 1734/1734/1734 1748/1748/1748 1761/1761/1761
f 1748/1748/1748 1712/1712/1712 1751/1751/1751
f 1747/1747/1747 1725/1725/1725 1756/1756/1756
f 1760/1760/1760 1732/1732/1732 1746/1746/1746
f 1733/1733/1733 1746/1746/1746 1719/1719/1719
f 1745/1745/1745 1731/1731/1731 1732/1732/1732
f 1759/1759/1759 1730/1730/1730 1745/1745/1745
f 1759/1759/1759 1744/1744/1744 1730/1730/1730
f 1729/1729/1729 1758/1758/1758 1727/1727/1727
f 1727/1727/1727 1757/1757/1757 1742/1742/1742
f 1743/1743/1743 1717/1717/1717 1742/1742/1742
f 1729/1729/1729 1726/1726/1726 1741/1741/1741
f 1725/1725/1725 1738/1738/1738 1756/1756/1756
f 1755/1755/1755 1739/1739/1739 1724/1724/1724
f 1754/1754/1754 1724/1724/1724 1740/1740/1740
f 1723/1723/1723 1739/1739/1739 1753/1753/1753
f 1752/1752/1752 1738/1738/1738 1723/1723/1723
f 1747/1747/1747 1737/1737/1737 1722/1722/1722
f 1750/1750/1750 1713/1713/1713 1737/1737/1737
f 1712/1712/1712 1736/1736/1736 1751/1751/1751
f 1750/1750/1750 1736/1736/1736 1713/1713/1713
f 1741/1741/1741 1716/1716/1716 1735/1735/1735
f 1735/1735/1735 1711/1711/1711 1749/1749/1749
f 1711/1711/1711 1734/1734/1734 1749/1749/1749
f 1734/1734/1734 1712/1712/1712 1748/1748/1748
f 1722/1722/1722 1725/1725/1725 1747/1747/1747
f 1732/1732/1732 1719/1719/1719 1746/1746/1746
f 1719/1719/1719 1720/1720/1720 1733/1733/1733
f 1731/1731/1731 1745/1745/1745 1706/1706/1706
f 1731/1731/1731 1707/1707/1707 1732/1732/1732
f 1/1/1 2/2/2 4/4/4
f 1745/1745/1745 1730/1730/1730 1706/1706/1706
f 1744/1744/1744 1718/1718/1718 1730/1730/1730
f 1743/1743/1743 1728/1728/1728 1717/1717/1717
f 1727/1727/1727 1702/1702/1702 1729/1729/1729
f 1742/1742/1742 1700/1700/1700 1727/1727/1727
f 1700/1700/1700 1742/1742/1742 1717/1717/1717
f 1726/1726/1726 1716/1716/1716 1741/1741/1741
f 1726/1726/1726 1729/1729/1729 1699/1699/1699
f 1725/1725/1725 1698/1698/1698 1738/1738/1738
f 1697/1697/1697 1724/1724/1724 1739/1739/1739
f 1724/1724/1724 1715/1715/1715 1740/1740/1740
f 1739/1739/1739 1723/1723/1723 1697/1697/1697
f 1738/1738/1738 1698/1698/1698 1723/1723/1723
f 1710/1710/1710 1714/1714/1714 1725/1725/1725
f 1713/1713/1713 1722/1722/1722 1737/1737/1737
f 1712/1712/1712 1713/1713/1713 1736/1736/1736
f 1711/1711/1711 1735/1735/1735 1716/1716/1716
f 1711/1711/1711 1712/1712/1712 1734/1734/1734
f 1722/1722/1722 1710/1710/1710 1725/1725/1725
f 1720/1720/1720 1708/1708/1708 1733/1733/1733
f 1719/1719/1719 1732/1732/1732 1707/1707/1707
f 1720/1720/1720 1719/1719/1719 1687/1687/1687
f 1731/1731/1731 1706/1706/1706 1707/1707/1707
f 1730/1730/1730 1718/1718/1718 1706/1706/1706
f 1729/1729/1729 1702/1702/1702 1699/1699/1699
f 1728/1728/1728 1653/1653/1653 1717/1717/1717
f 1702/1702/1702 1727/1727/1727 1700/1700/1700
f 1717/1717/1717 1701/1701/1701 1700/1700/1700
f 1726/1726/1726 1699/1699/1699 1716/1716/1716
f 1725/1725/1725 1714/1714/1714 1698/1698/1698
f 1697/1697/1697 1715/1715/1715 1724/1724/1724
f 1723/1723/1723 1698/1698/1698 1697/1697/1697
f 1710/1710/1710 1696/1696/1696 1714/1714/1714
f 1693/1693/1693 1722/1722/1722 1713/1713/1713
f 1712/1712/1712 1679/1679/1679 1713/1713/1713
f 1716/1716/1716 1665/1665/1665 1711/1711/1711
f 3/3/3 6/6/6 2/2/2
f 6/6/6 4/4/4 2/2/2
f 4/4/4 7/7/7 1/1/1
f 1712/1712/1712 1711/1711/1711 1694/1694/1694
f 1694/1694/1694 1695/1695/1695 1712/1712/1712
f 1693/1693/1693 1710/1710/1710 1722/1722/1722
f 1709/1709/1709 1689/1689/1689 1721/1721/1721
f 1692/1692/1692 1721/1721/1721 1689/1689/1689
f 1687/1687/1687 1708/1708/1708 1720/1720/1720
f 1707/1707/1707 1686/1686/1686 1719/1719/1719
f 1687/1687/1687 1719/1719/1719 1686/1686/1686
f 1707/1707/1707 1706/1706/1706 1671/1671/1671
f 1706/1706/1706 1718/1718/1718 1685/1685/1685
f 1703/1703/1703 1667/1667/1667 1704/1704/1704
f 1670/1670/1670 1703/1703/1703 1705/1705/1705
f 1702/1702/1702 1682/1682/1682 1699/1699/1699
f 1717/1717/1717 1653/1653/1653 1701/1701/1701
f 1700/1700/1700 1636/1636/1636 1702/1702/1702
f 1701/1701/1701 1666/1666/1666 1700/1700/1700
f 1699/1699/1699 1665/1665/1665 1716/1716/1716
f 1682/1682/1682 1681/1681/1681 1699/1699/1699
f 1678/1678/1678 1696/1696/1696 1710/1710/1710
f 1714/1714/1714 1663/1663/1663 1698/1698/1698
f 1648/1648/1648 1715/1715/1715 1697/1697/1697
f 1698/1698/1698 1680/1680/1680 1697/1697/1697
f 1714/1714/1714 1696/1696/1696 1663/1663/1663
f 1679/1679/1679 1693/1693/1693 1713/1713/1713
f 1695/1695/1695 1679/1679/1679 1712/1712/1712
f 1665/1665/1665 1694/1694/1694 1711/1711/1711
f 1695/1695/1695 1694/1694/1694 1647/1647/1647
f 1693/1693/1693 1678/1678/1678 1710/1710/1710
f 1691/1691/1691 1690/1690/1690 1658/1658/1658
f 1704/1704/1704 1668/1668/1668 1690/1690/1690
f 1709/1709/1709 1657/1657/1657 1689/1689/1689
f 1689/1689/1689 1676/1676/1676 1692/1692/1692
f 1691/1691/1691 1677/1677/1677 1675/1675/1675
f 1691/1691/1691 1675/1675/1675 1688/1688/1688
f 1688/1688/1688 1657/1657/1657 1709/1709/1709
f 3/3/3 5/5/5 12/12/12
f 6/6/6 3/3/3 13/13/13
f 4/4/4 6/6/6 13/13/13
f 7/7/7 4/4/4 14/14/14
f 8/8/8 1/1/1 7/7/7
f 1673/1673/1673 1708/1708/1708 1687/1687/1687
f 1708/1708/1708 1673/1673/1673 1674/1674/1674
f 1707/1707/1707 1671/1671/1671 1686/1686/1686
f 1686/1686/1686 1641/1641/1641 1687/1687/1687
f 1671/1671/1671 1706/1706/1706 1685/1685/1685
f 1684/1684/1684 1670/1670/1670 1705/1705/1705
f 1683/1683/1683 1655/1655/1655 1684/1684/1684
f 1704/1704/1704 1667/1667/1667 1668/1668/1668
f 1667/1667/1667 1703/1703/1703 1670/1670/1670
f 1682/1682/1682 1702/1702/1702 1636/1636/1636
f 1666/1666/1666 1701/1701/1701 1653/1653/1653
f 1666/1666/1666 1636/1636/1636 1700/1700/1700
f 1665/1665/1665 1699/1699/1699 1649/1649/1649
f 1681/1681/1681 1682/1682/1682 1660/1660/1660
f 1681/1681/1681 1649/1649/1649 1699/1699/1699
f 1678/1678/1678 1662/1662/1662 1696/1696/1696
f 1663/1663/1663 1680/1680/1680 1698/1698/1698
f 1697/1697/1697 1680/1680/1680 1648/1648/1648
f 1696/1696/1696 1662/1662/1662 1663/1663/1663
f 1693/1693/1693 1679/1679/1679 1661/1661/1661
f 1679/1679/1679 1695/1695/1695 1647/1647/1647
f 1665/1665/1665 1647/1647/1647 1694/1694/1694
f 1661/1661/1661 1678/1678/1678 1693/1693/1693
f 1659/1659/1659 1692/1692/1692 1676/1676/1676
f 1658/1658/1658 1677/1677/1677 1691/1691/1691
f 1690/1690/1690 1668/1668/1668 1658/1658/1658
f 1676/1676/1676 1689/1689/1689 1657/1657/1657
f 1629/1629/1629 1675/1675/1675 1677/1677/1677
f 1675/1675/1675 1657/1657/1657 1688/1688/1688
f 1654/1654/1654 1683/1683/1683 1674/1674/1674
f 1687/1687/1687 1641/1641/1641 1673/1673/1673
f 1673/1673/1673 1642/1642/1642 1674/1674/1674
f 1685/1685/1685 1672/1672/1672 1656/1656/1656
f 1671/1671/1671 1641/1641/1641 1686/1686/1686
f 1685/1685/1685 1656/1656/1656 1671/1671/1671
f 1655/1655/1655 1670/1670/1670 1684/1684/1684
f 1683/1683/1683 1669/1669/1669 1655/1655/1655
f 1669/1669/1669 1683/1683/1683 1654/1654/1654
f 1667/1667/1667 1639/1639/1639 1668/1668/1668
f 1670/1670/1670 1638/1638/1638 1667/1667/1667
f 1636/1636/1636 1660/1660/1660 1682/1682/1682
f 5/5/5 11/11/11 18/18/18
f 1653/1653/1653 1652/1652/1652 1666/1666/1666
f 5/5/5 18/18/18 12/12/12
f 13/13/13 3/3/3 12/12/12
f 13/13/13 14/14/14 4/4/4
f 19/19/19 7/7/7 14/14/14
f 8/8/8 7/7/7 19/19/19
f 15/15/15 8/8/8 19/19/19
f 1636/1636/1636 1666/1666/1666 1635/1635/1635
f 1649/1649/1649 1664/1664/1664 1665/1665/1665
f 1664/1664/1664 1625/1625/1625 1665/1665/1665
f 1649/1649/1649 1681/1681/1681 1660/1660/1660
f 1678/1678/1678 1646/1646/1646 1662/1662/1662
f 1663/1663/1663 1648/1648/1648 1680/1680/1680
f 1662/1662/1662 1633/1633/1633 1663/1663/1663
f 1647/1647/1647 1661/1661/1661 1679/1679/1679
f 1665/1665/1665 1650/1650/1650 1647/1647/1647
f 1678/1678/1678 1661/1661/1661 1646/1646/1646
f 1676/1676/1676 1643/1643/1643 1659/1659/1659
f 1658/1658/1658 1629/1629/1629 1677/1677/1677
f 1658/1658/1658 1668/1668/1668 1640/1640/1640
f 1643/1643/1643 1676/1676/1676 1657/1657/1657
f 1629/1629/1629 1657/1657/1657 1675/1675/1675
f 1642/1642/1642 1654/1654/1654 1674/1674/1674
f 1641/1641/1641 1642/1642/1642 1673/1673/1673
f 1656/1656/1656 1672/1672/1672 1618/1618/1618
f 9/9/9 16/16/16 21/21/21
f 1671/1671/1671 1656/1656/1656 1641/1641/1641
f 1655/1655/1655 1638/1638/1638 1670/1670/1670
f 1627/1627/1627 1655/1655/1655 1669/1669/1669
f 10/10/10 17/17/17 15/15/15
f 16/16/16 10/10/10 21/21/21
f 1627/1627/1627 1669/1669/1669 1654/1654/1654
f 1668/1668/1668 1639/1639/1639 1640/1640/1640
f 1667/1667/1667 1638/1638/1638 1639/1639/1639
f 1653/1653/1653 1637/1637/1637 1652/1652/1652
f 1636/1636/1636 1645/1645/1645 1660/1660/1660
f 1652/1652/1652 1635/1635/1635 1666/1666/1666
f 1635/1635/1635 1651/1651/1651 1636/1636/1636
f 1625/1625/1625 1650/1650/1650 1665/1665/1665
f 1649/1649/1649 1625/1625/1625 1664/1664/1664
f 1649/1649/1649 1660/1660/1660 1631/1631/1631
f 1646/1646/1646 1634/1634/1634 1662/1662/1662
f 1633/1633/1633 1648/1648/1648 1663/1663/1663
f 1634/1634/1634 1633/1633/1633 1662/1662/1662
f 1661/1661/1661 1647/1647/1647 1622/1622/1622
f 1650/1650/1650 1632/1632/1632 1647/1647/1647
f 1622/1622/1622 1646/1646/1646 1661/1661/1661
f 1645/1645/1645 1631/1631/1631 1660/1660/1660
f 23/23/23 18/18/18 11/11/11
f 1630/1630/1630 1659/1659/1659 1643/1643/1643
f 13/13/13 12/12/12 24/24/24
f 14/14/14 13/13/13 25/25/25
f 14/14/14 26/26/26 19/19/19
f 15/15/15 19/19/19 27/27/27
f 1644/1644/1644 1659/1659/1659 1630/1630/1630
f 17/17/17 20/20/20 15/15/15
f 1640/1640/1640 1629/1629/1629 1658/1658/1658
f 1643/1643/1643 1657/1657/1657 1629/1629/1629
f 1642/1642/1642 1628/1628/1628 1654/1654/1654
f 1641/1641/1641 1617/1617/1617 1642/1642/1642
f 1656/1656/1656 1618/1618/1618 1641/1641/1641
f 1627/1627/1627 1638/1638/1638 1655/1655/1655
f 1654/1654/1654 1628/1628/1628 1627/1627/1627
f 1639/1639/1639 1615/1615/1615 1640/1640/1640
f 1638/1638/1638 1614/1614/1614 1639/1639/1639
f 1653/1653/1653 1626/1626/1626 1637/1637/1637
f 1637/1637/1637 1613/1613/1613 1652/1652/1652
f 1651/1651/1651 1612/1612/1612 1636/1636/1636
f 1636/1636/1636 1621/1621/1621 1645/1645/1645
f 1652/1652/1652 1613/1613/1613 1635/1635/1635
f 22/22/22 9/9/9 21/21/21
f 1635/1635/1635 1612/1612/1612 1651/1651/1651
f 1625/1625/1625 1632/1632/1632 1650/1650/1650
f 10/10/10 15/15/15 29/29/29
f 21/21/21 10/10/10 30/30/30
f 1625/1625/1625 1649/1649/1649 1631/1631/1631
f 1624/1624/1624 1634/1634/1634 1646/1646/1646
f 1648/1648/1648 1633/1633/1633 1623/1623/1623
f 1634/1634/1634 1610/1610/1610 1633/1633/1633
f 1632/1632/1632 1622/1622/1622 1647/1647/1647
f 1622/1622/1622 1624/1624/1624 1646/1646/1646
f 1621/1621/1621 1620/1620/1620 1645/1645/1645
f 1645/1645/1645 1620/1620/1620 1631/1631/1631
f 1630/1630/1630 1643/1643/1643 1607/1607/1607
f 1630/1630/1630 1608/1608/1608 1644/1644/1644
f 1640/1640/1640 1619/1619/1619 1629/1629/1629
f 1629/1629/1629 1607/1607/1607 1643/1643/1643
f 1642/1642/1642 1617/1617/1617 1628/1628/1628
f 1641/1641/1641 1618/1618/1618 1617/1617/1617
f 1616/1616/1616 1638/1638/1638 1627/1627/1627
f 1606/1606/1606 1627/1627/1627 1628/1628/1628
f 1640/1640/1640 1615/1615/1615 1619/1619/1619
f 24/24/24 12/12/12 31/31/31
f 13/13/13 24/24/24 31/31/31
f 25/25/25 13/13/13 32/32/32
f 26/26/26 14/14/14 25/25/25
f 33/33/33 19/19/19 26/26/26
f 33/33/33 27/27/27 19/19/19
f 29/29/29 15/15/15 27/27/27
f 1614/1614/1614 1615/1615/1615 1639/1639/1639
f 1614/1614/1614 1638/1638/1638 1616/1616/1616
f 1626/1626/1626 1613/1613/1613 1637/1637/1637
f 1612/1612/1612 1621/1621/1621 1636/1636/1636
f 1612/1612/1612 1635/1635/1635 1613/1613/1613
f 1609/1609/1609 1632/1632/1632 1625/1625/1625
f 1631/1631/1631 1598/1598/1598 1625/1625/1625
f 1624/1624/1624 1610/1610/1610 1634/1634/1634
f 1633/1633/1633 1610/1610/1610 1623/1623/1623
f 1622/1622/1622 1632/1632/1632 1609/1609/1609
f 22/22/22 21/21/21 34/34/34
f 1624/1624/1624 1622/1622/1622 1586/1586/1586
f 1621/1621/1621 1595/1595/1595 1620/1620/1620
f 1620/1620/1620 1598/1598/1598 1631/1631/1631
f 28/28/28 22/22/22 36/36/36
f 10/10/10 29/29/29 30/30/30
f 30/30/30 34/34/34 21/21/21
f 1608/1608/1608 1630/1630/1630 1607/1607/1607
f 1629/1629/1629 1619/1619/1619 1607/1607/1607
f 1604/1604/1604 1606/1606/1606 1628/1628/1628
f 1617/1617/1617 1604/1604/1604 1628/1628/1628
f 1618/1618/1618 1591/1591/1591 1617/1617/1617
f 1603/1603/1603 1616/1616/1616 1627/1627/1627
f 1602/1602/1602 1603/1603/1603 1627/1627/1627
f 1627/1627/1627 1606/1606/1606 1602/1602/1602
f 1615/1615/1615 1590/1590/1590 1619/1619/1619
f 1601/1601/1601 1615/1615/1615 1614/1614/1614
f 1616/1616/1616 1589/1589/1589 1614/1614/1614
f 1613/1613/1613 1626/1626/1626 1600/1600/1600
f 1621/1621/1621 1612/1612/1612 1599/1599/1599
f 1613/1613/1613 1588/1588/1588 1612/1612/1612
f 1598/1598/1598 1609/1609/1609 1625/1625/1625
f 1596/1596/1596 1597/1597/1597 1611/1611/1611
f 32/32/32 13/13/13 31/31/31
f 33/33/33 26/26/26 25/25/25
f 33/33/33 37/37/37 27/27/27
f 30/30/30 29/29/29 27/27/27
f 1624/1624/1624 1586/1586/1586 1610/1610/1610
f 1623/1623/1623 1610/1610/1610 1596/1596/1596
f 1609/1609/1609 1586/1586/1586 1622/1622/1622
f 1599/1599/1599 1595/1595/1595 1621/1621/1621
f 1598/1598/1598 1620/1620/1620 1595/1595/1595
f 1594/1594/1594 1611/1611/1611 1581/1581/1581
f 1584/1584/1584 1608/1608/1608 1607/1607/1607
f 1619/1619/1619 1590/1590/1590 1607/1607/1607
f 1592/1592/1592 1606/1606/1606 1604/1604/1604
f 34/34/34 36/36/36 22/22/22
f 1618/1618/1618 1605/1605/1605 1591/1591/1591
f 1617/1617/1617 1591/1591/1591 1604/1604/1604
f 35/35/35 28/28/28 36/36/36
f 34/34/34 30/30/30 39/39/39
f 1616/1616/1616 1603/1603/1603 1589/1589/1589
f 1582/1582/1582 1603/1603/1603 1602/1602/1602
f 1575/1575/1575 1602/1602/1602 1606/1606/1606
f 1615/1615/1615 1601/1601/1601 1590/1590/1590
f 1589/1589/1589 1601/1601/1601 1614/1614/1614
f 1588/1588/1588 1613/1613/1613 1600/1600/1600
f 1588/1588/1588 1599/1599/1599 1612/1612/1612
f 1598/1598/1598 1587/1587/1587 1609/1609/1609
f 1611/1611/1611 1597/1597/1597 1581/1581/1581
f 1579/1579/1579 1597/1597/1597 1596/1596/1596
f 1586/1586/1586 1596/1596/1596 1610/1610/1610
f 1586/1586/1586 1609/1609/1609 1587/1587/1587
f 1599/1599/1599 1578/1578/1578 1595/1595/1595
f 1595/1595/1595 1580/1580/1580 1598/1598/1598
f 1581/1581/1581 1585/1585/1585 1594/1594/1594
f 1593/1593/1593 1608/1608/1608 1584/1584/1584
f 1590/1590/1590 1584/1584/1584 1607/1607/1607
f 30/30/30 27/27/27 37/37/37
f 1583/1583/1583 1592/1592/1592 1604/1604/1604
f 1606/1606/1606 1592/1592/1592 1575/1575/1575
f 1591/1591/1591 1605/1605/1605 1574/1574/1574
f 36/36/36 34/34/34 41/41/41
f 38/38/38 35/35/35 42/42/42
f 1604/1604/1604 1591/1591/1591 1583/1583/1583
f 36/36/36 43/43/43 35/35/35
f 39/39/39 30/30/30 44/44/44
f 39/39/39 41/41/41 34/34/34
f 1582/1582/1582 1589/1589/1589 1603/1603/1603
f 1575/1575/1575 1582/1582/1582 1602/1602/1602
f 1571/1571/1571 1590/1590/1590 1601/1601/1601
f 1571/1571/1571 1601/1601/1601 1589/1589/1589
f 1600/1600/1600 1551/1551/1551 1588/1588/1588
f 1588/1588/1588 1578/1578/1578 1599/1599/1599
f 1587/1587/1587 1598/1598/1598 1580/1580/1580
f 1597/1597/1597 1579/1579/1579 1581/1581/1581
f 1596/1596/1596 1586/1586/1586 1579/1579/1579
f 1586/1586/1586 1587/1587/1587 1569/1569/1569
f 1580/1580/1580 1595/1595/1595 1578/1578/1578
f 1585/1585/1585 1567/1567/1567 1594/1594/1594
f 1581/1581/1581 1568/1568/1568 1585/1585/1585
f 1566/1566/1566 1593/1593/1593 1584/1584/1584
f 1590/1590/1590 1576/1576/1576 1584/1584/1584
f 1583/1583/1583 1575/1575/1575 1592/1592/1592
f 30/30/30 37/37/37 44/44/44
f 1574/1574/1574 1583/1583/1583 1591/1591/1591
f 1572/1572/1572 1589/1589/1589 1582/1582/1582
f 41/41/41 45/45/45 36/36/36
f 42/42/42 35/35/35 43/43/43
f 42/42/42 40/40/40 38/38/38
f 43/43/43 36/36/36 45/45/45
f 39/39/39 44/44/44 46/46/46
f 41/41/41 39/39/39 46/46/46
f 1564/1564/1564 1582/1582/1582 1575/1575/1575
f 1576/1576/1576 1590/1590/1590 1571/1571/1571
f 1589/1589/1589 1572/1572/1572 1571/1571/1571
f 1578/1578/1578 1588/1588/1588 1551/1551/1551
f 1580/1580/1580 1569/1569/1569 1587/1587/1587
f 1581/1581/1581 1579/1579/1579 1549/1549/1549
f 1569/1569/1569 1579/1579/1579 1586/1586/1586
f 1578/1578/1578 1561/1561/1561 1580/1580/1580
f 1570/1570/1570 1568/1568/1568 1581/1581/1581
f 1567/1567/1567 1585/1585/1585 1568/1568/1568
f 1566/1566/1566 1584/1584/1584 1576/1576/1576
f 1575/1575/1575 1555/1555/1555 1564/1564/1564
f 1565/1565/1565 1575/1575/1575 1583/1583/1583
f 1574/1574/1574 1565/1565/1565 1583/1583/1583
f 1564/1564/1564 1572/1572/1572 1582/1582/1582
f 1555/1555/1555 1573/1573/1573 1564/1564/1564
f 1556/1556/1556 1576/1576/1576 1571/1571/1571
f 1553/1553/1553 1571/1571/1571 1572/1572/1572
f 1563/1563/1563 1578/1578/1578 1551/1551/1551
f 44/44/44 37/37/37 46/46/46
f 1549/1549/1549 1570/1570/1570 1581/1581/1581
f 45/45/45 41/41/41 47/47/47
f 42/42/42 43/43/43 45/45/45
f 40/40/40 42/42/42 48/48/48
f 46/46/46 47/47/47 41/41/41
f 1569/1569/1569 1580/1580/1580 1561/1561/1561
f 1569/1569/1569 1549/1549/1549 1579/1579/1579
f 1578/1578/1578 1563/1563/1563 1561/1561/1561
f 1570/1570/1570 1552/1552/1552 1568/1568/1568
f 1577/1577/1577 1557/1557/1557 1558/1558/1558
f 1577/1577/1577 1567/1567/1567 1557/1557/1557
f 1568/1568/1568 1544/1544/1544 1567/1567/1567
f 1576/1576/1576 1556/1556/1556 1566/1566/1566
f 1575/1575/1575 1565/1565/1565 1555/1555/1555
f 1541/1541/1541 1565/1565/1565 1574/1574/1574
f 1554/1554/1554 1572/1572/1572 1564/1564/1564
f 1564/1564/1564 1573/1573/1573 1528/1528/1528
f 1572/1572/1572 1554/1554/1554 1553/1553/1553
f 1571/1571/1571 1553/1553/1553 1556/1556/1556
f 1570/1570/1570 1562/1562/1562 1552/1552/1552
f 1551/1551/1551 1550/1550/1550 1563/1563/1563
f 1570/1570/1570 1549/1549/1549 1562/1562/1562
f 1561/1561/1561 1549/1549/1549 1569/1569/1569
f 1563/1563/1563 1525/1525/1525 1561/1561/1561
f 1544/1544/1544 1568/1568/1568 1552/1552/1552
f 1557/1557/1557 1531/1531/1531 1558/1558/1558
f 49/49/49 45/45/45 47/47/47
f 50/50/50 42/42/42 45/45/45
f 48/48/48 42/42/42 50/50/50
f 40/40/40 48/48/48 51/51/51
f 1567/1567/1567 1544/1544/1544 1557/1557/1557
f 1543/1543/1543 1566/1566/1566 1556/1556/1556
f 1566/1566/1566 1543/1543/1543 1542/1542/1542
f 1541/1541/1541 1555/1555/1555 1565/1565/1565
f 1564/1564/1564 1528/1528/1528 1554/1554/1554
f 1540/1540/1540 1553/1553/1553 1554/1554/1554
f 1518/1518/1518 1556/1556/1556 1553/1553/1553
f 1552/1552/1552 1527/1527/1527 1520/1520/1520
f 1552/1552/1552 1562/1562/1562 1539/1539/1539
f 1562/1562/1562 1538/1538/1538 1539/1539/1539
f 1551/1551/1551 1536/1536/1536 1550/1550/1550
f 1550/1550/1550 1525/1525/1525 1563/1563/1563
f 1535/1535/1535 1538/1538/1538 1562/1562/1562
f 1549/1549/1549 1535/1535/1535 1562/1562/1562
f 1561/1561/1561 1525/1525/1525 1549/1549/1549
f 1524/1524/1524 1548/1548/1548 1547/1547/1547
f 1546/1546/1546 1533/1533/1533 1560/1560/1560
f 1559/1559/1559 1532/1532/1532 1546/1546/1546
f 1545/1545/1545 1532/1532/1532 1559/1559/1559
f 47/47/47 52/52/52 49/49/49
f 53/53/53 45/45/45 49/49/49
f 50/50/50 45/45/45 53/53/53
f 50/50/50 51/51/51 48/48/48
f 51/51/51 54/54/54 40/40/40
f 1558/1558/1558 1531/1531/1531 1545/1545/1545
f 1520/1520/1520 1544/1544/1544 1552/1552/1552
f 1557/1557/1557 1544/1544/1544 1531/1531/1531
f 1518/1518/1518 1543/1543/1543 1556/1556/1556
f 1530/1530/1530 1542/1542/1542 1543/1543/1543
f 1541/1541/1541 1505/1505/1505 1555/1555/1555
f 1528/1528/1528 1540/1540/1540 1554/1554/1554
f 1518/1518/1518 1553/1553/1553 1540/1540/1540
f 1539/1539/1539 1527/1527/1527 1552/1552/1552
f 1538/1538/1538 1516/1516/1516 1539/1539/1539
f 1526/1526/1526 1536/1536/1536 1551/1551/1551
f 1537/1537/1537 1526/1526/1526 1551/1551/1551
f 1515/1515/1515 1537/1537/1537 1548/1548/1548
f 1536/1536/1536 1525/1525/1525 1550/1550/1550
f 1535/1535/1535 1502/1502/1502 1538/1538/1538
f 1549/1549/1549 1525/1525/1525 1535/1535/1535
f 1548/1548/1548 1524/1524/1524 1515/1515/1515
f 1523/1523/1523 1547/1547/1547 1534/1534/1534
f 53/53/53 49/49/49 52/52/52
f 55/55/55 50/50/50 53/53/53
f 51/51/51 50/50/50 55/55/55
f 54/54/54 51/51/51 55/55/55
f 1547/1547/1547 1523/1523/1523 1524/1524/1524
f 1511/1511/1511 1533/1533/1533 1546/1546/1546
f 1546/1546/1546 1532/1532/1532 1511/1511/1511
f 1545/1545/1545 1510/1510/1510 1532/1532/1532
f 1545/1545/1545 1531/1531/1531 1510/1510/1510
f 1531/1531/1531 1544/1544/1544 1520/1520/1520
f 1530/1530/1530 1543/1543/1543 1518/1518/1518
f 1507/1507/1507 1542/1542/1542 1530/1530/1530
f 1529/1529/1529 1505/1505/1505 1541/1541/1541
f 1528/1528/1528 1519/1519/1519 1540/1540/1540
f 1519/1519/1519 1518/1518/1518 1540/1540/1540
f 1529/1529/1529 1512/1512/1512 1517/1517/1517
f 1539/1539/1539 1516/1516/1516 1527/1527/1527
f 1516/1516/1516 1538/1538/1538 1502/1502/1502
f 1526/1526/1526 1501/1501/1501 1536/1536/1536
f 1537/1537/1537 1515/1515/1515 1526/1526/1526
f 1536/1536/1536 1501/1501/1501 1525/1525/1525
f 1525/1525/1525 1502/1502/1502 1535/1535/1535
f 1524/1524/1524 1514/1514/1514 1515/1515/1515
f 1534/1534/1534 1513/1513/1513 1523/1523/1523
f 1523/1523/1523 1492/1492/1492 1524/1524/1524
f 1534/1534/1534 1499/1499/1499 1513/1513/1513
f 1529/1529/1529 1522/1522/1522 1512/1512/1512
f 1522/1522/1522 1533/1533/1533 1511/1511/1511
f 1532/1532/1532 1521/1521/1521 1511/1511/1511
f 1521/1521/1521 1532/1532/1532 1510/1510/1510
f 1510/1510/1510 1531/1531/1531 1509/1509/1509
f 1531/1531/1531 1520/1520/1520 1509/1509/1509
f 1518/1518/1518 1508/1508/1508 1530/1530/1530
f 1508/1508/1508 1507/1507/1507 1530/1530/1530
f 1517/1517/1517 1505/1505/1505 1529/1529/1529
f 1505/1505/1505 1519/1519/1519 1528/1528/1528
f 1494/1494/1494 1518/1518/1518 1519/1519/1519
f 1512/1512/1512 1504/1504/1504 1517/1517/1517
f 1527/1527/1527 1516/1516/1516 1488/1488/1488
f 1503/1503/1503 1516/1516/1516 1502/1502/1502
f 1526/1526/1526 1515/1515/1515 1501/1501/1501
f 1502/1502/1502 1525/1525/1525 1501/1501/1501
f 1524/1524/1524 1492/1492/1492 1514/1514/1514
f 1514/1514/1514 1493/1493/1493 1515/1515/1515
f 1492/1492/1492 1523/1523/1523 1513/1513/1513
f 1500/1500/1500 1513/1513/1513 1499/1499/1499
f 1512/1512/1512 1490/1490/1490 1504/1504/1504
f 1522/1522/1522 1498/1498/1498 1512/1512/1512
f 1511/1511/1511 1498/1498/1498 1522/1522/1522
f 1511/1511/1511 1521/1521/1521 1489/1489/1489
f 1521/1521/1521 1510/1510/1510 1489/1489/1489
f 1509/1509/1509 1487/1487/1487 1510/1510/1510
f 1520/1520/1520 1497/1497/1497 1509/1509/1509
f 1496/1496/1496 1508/1508/1508 1518/1518/1518
f 1486/1486/1486 1507/1507/1507 1508/1508/1508
f 1505/1505/1505 1517/1517/1517 1485/1485/1485
f 1505/1505/1505 1494/1494/1494 1519/1519/1519
f 1518/1518/1518 1494/1494/1494 1496/1496/1496
f 1504/1504/1504 1485/1485/1485 1517/1517/1517
f 1516/1516/1516 1503/1503/1503 1488/1488/1488
f 1503/1503/1503 1502/1502/1502 1483/1483/1483
f 1515/1515/1515 1493/1493/1493 1501/1501/1501
f 1501/1501/1501 1482/1482/1482 1502/1502/1502
f 1514/1514/1514 1492/1492/1492 1493/1493/1493
f 1513/1513/1513 1500/1500/1500 1492/1492/1492
f 1481/1481/1481 1500/1500/1500 1499/1499/1499
f 1512/1512/1512 1498/1498/1498 1490/1490/1490
f 1511/1511/1511 1489/1489/1489 1498/1498/1498
f 1510/1510/1510 1487/1487/1487 1489/1489/1489
f 1509/1509/1509 1497/1497/1497 1487/1487/1487
f 1496/1496/1496 1486/1486/1486 1508/1508/1508
f 1486/1486/1486 1495/1495/1495 1507/1507/1507
f 1469/1469/1469 1506/1506/1506 1495/1495/1495
f 1485/1485/1485 1494/1494/1494 1505/1505/1505
f 1478/1478/1478 1496/1496/1496 1494/1494/1494
f 1484/1484/1484 1485/1485/1485 1504/1504/1504
f 1503/1503/1503 1483/1483/1483 1488/1488/1488
f 1502/1502/1502 1482/1482/1482 1483/1483/1483
f 1501/1501/1501 1493/1493/1493 1482/1482/1482
f 1492/1492/1492 1476/1476/1476 1493/1493/1493
f 1500/1500/1500 1481/1481/1481 1492/1492/1492
f 1499/1499/1499 1491/1491/1491 1481/1481/1481
f 1498/1498/1498 1480/1480/1480 1490/1490/1490
f 1489/1489/1489 1480/1480/1480 1498/1498/1498
f 1488/1488/1488 1479/1479/1479 1497/1497/1497
f 1487/1487/1487 1475/1475/1475 1489/1489/1489
f 1497/1497/1497 1479/1479/1479 1487/1487/1487
f 1496/1496/1496 1478/1478/1478 1486/1486/1486
f 1486/1486/1486 1469/1469/1469 1495/1495/1495
f 1494/1494/1494 1485/1485/1485 1478/1478/1478
f 1485/1485/1485 1484/1484/1484 1474/1474/1474
f 1488/1488/1488 1483/1483/1483 1470/1470/1470
f 1483/1483/1483 1482/1482/1482 1477/1477/1477
f 1493/1493/1493 1476/1476/1476 1482/1482/1482
f 1492/1492/1492 1481/1481/1481 1476/1476/1476
f 1472/1472/1472 1481/1481/1481 1491/1491/1491
f 1480/1480/1480 1471/1471/1471 1490/1490/1490
f 1489/1489/1489 1475/1475/1475 1480/1480/1480
f 1479/1479/1479 1488/1488/1488 1470/1470/1470
f 1487/1487/1487 1479/1479/1479 1475/1475/1475
f 1478/1478/1478 1469/1469/1469 1486/1486/1486
f 1485/1485/1485 1474/1474/1474 1478/1478/1478
f 1473/1473/1473 1474/1474/1474 1484/1484/1484
f 1482/1482/1482 1467/1467/1467 1477/1477/1477
f 1483/1483/1483 1477/1477/1477 1470/1470/1470
f 1476/1476/1476 1467/1467/1467 1482/1482/1482
f 1481/1481/1481 1472/1472/1472 1476/1476/1476
f 1475/1475/1475 1471/1471/1471 1480/1480/1480
f 1475/1475/1475 1479/1479/1479 1470/1470/1470
f 1478/1478/1478 1468/1468/1468 1469/1469/1469
f 1478/1478/1478 1474/1474/1474 1468/1468/1468
f 1473/1473/1473 1463/1463/1463 1474/1474/1474
f 1477/1477/1477 1467/1467/1467 1470/1470/1470
f 1476/1476/1476 1472/1472/1472 1467/1467/1467
f 1465/1465/1465 1473/1473/1473 1471/1471/1471
f 1475/1475/1475 1460/1460/1460 1471/1471/1471
f 1470/1470/1470 1460/1460/1460 1475/1475/1475
f 1459/1459/1459 1469/1469/1469 1468/1468/1468
f 1463/1463/1463 1468/1468/1468 1474/1474/1474
f 1473/1473/1473 1465/1465/1465 1463/1463/1463
f 1462/1462/1462 1470/1470/1470 1467/1467/1467
f 1458/1458/1458 1467/1467/1467 1472/1472/1472
f 1460/1460/1460 1465/1465/1465 1471/1471/1471
f 1460/1460/1460 1470/1470/1470 1462/1462/1462
f 1459/1459/1459 1464/1464/1464 1469/1469/1469
f 1466/1466/1466 1464/1464/1464 1456/1456/1456
f 1459/1459/1459 1468/1468/1468 1463/1463/1463
f 1457/1457/1457 1463/1463/1463 1465/1465/1465
f 1467/1467/1467 1458/1458/1458 1462/1462/1462
f 1456/1456/1456 1461/1461/1461 1466/1466/1466
f 1465/1465/1465 1460/1460/1460 1457/1457/1457
f 1460/1460/1460 1462/1462/1462 1455/1455/1455
f 1456/1456/1456 1464/1464/1464 1459/1459/1459
f 1463/1463/1463 1457/1457/1457 1459/1459/1459
f 1462/1462/1462 1458/1458/1458 1455/1455/1455
f 1458/1458/1458 1461/1461/1461 1456/1456/1456
f 1455/1455/1455 1457/1457/1457 1460/1460/1460
f 1457/1457/1457 1456/1456/1456 1459/1459/1459
f 1455/1455/1455 1458/1458/1458 1456/1456/1456
f 1455/1455/1455 1456/1456/1456 1457/1457/1457
f 382/382/382 401/401/401 1453/1453/1453
f 1453/1453/1453 401/401/401 432/432/432
f 1454/1454/1454 374/374/374 382/382/382
f 1454/1454/1454 382/382/382 1453/1453/1453
f 1453/1453/1453 432/432/432 447/447/447
f 356/356/356 374/374/374 1452/1452/1452
f 1452/1452/1452 374/374/374 1454/1454/1454
f 1454/1454/1454 1453/1453/1453 1449/1449/1449
f 1453/1453/1453 447/447/447 1451/1451/1451
f 1450/1450/1450 356/356/356 1452/1452/1452
f 1452/1452/1452 1454/1454/1454 1449/1449/1449
f 1453/1453/1453 1451/1451/1451 1449/1449/1449
f 1451/1451/1451 447/447/447 430/430/430
f 1450/1450/1450 1448/1448/1448 356/356/356
f 1450/1450/1450 1452/1452/1452 1445/1445/1445
f 1452/1452/1452 1449/1449/1449 1445/1445/1445
f 1451/1451/1451 1447/1447/1447 1449/1449/1449
f 430/430/430 1447/1447/1447 1451/1451/1451
f 1448/1448/1448 1450/1450/1450 1446/1446/1446
f 350/350/350 356/356/356 1448/1448/1448
f 1446/1446/1446 1450/1450/1450 1445/1445/1445
f 1445/1445/1445 1449/1449/1449 1447/1447/1447
f 430/430/430 419/419/419 1447/1447/1447
f 1448/1448/1448 1446/1446/1446 350/350/350
f 1446/1446/1446 1445/1445/1445 1443/1443/1443
f 419/419/419 1445/1445/1445 1447/1447/1447
f 350/350/350 1446/1446/1446 1444/1444/1444
f 1444/1444/1444 1446/1446/1446 1443/1443/1443
f 1443/1443/1443 1445/1445/1445 419/419/419
f 342/342/342 350/350/350 1444/1444/1444
f 1444/1444/1444 1443/1443/1443 1442/1442/1442
f 399/399/399 1443/1443/1443 419/419/419
f 1441/1441/1441 342/342/342 1444/1444/1444
f 1444/1444/1444 1442/1442/1442 1440/1440/1440
f 1440/1440/1440 1441/1441/1441 1444/1444/1444
f 399/399/399 1442/1442/1442 1443/1443/1443
f 342/342/342 1441/1441/1441 351/351/351
f 1440/1440/1440 1442/1442/1442 1439/1439/1439
f 1438/1438/1438 1441/1441/1441 1440/1440/1440
f 399/399/399 1439/1439/1439 1442/1442/1442
f 1438/1438/1438 351/351/351 1441/1441/1441
f 1440/1440/1440 1439/1439/1439 1438/1438/1438
f 1439/1439/1439 399/399/399 369/369/369
f 351/351/351 1438/1438/1438 357/357/357
f 1438/1438/1438 1439/1439/1439 1437/1437/1437
f 369/369/369 1437/1437/1437 1439/1439/1439
f 1438/1438/1438 1437/1437/1437 357/357/357
f 357/357/357 1437/1437/1437 369/369/369
f 289/289/289 283/283/283 1435/1435/1435
f 276/276/276 1436/1436/1436 283/283/283
f 283/283/283 1436/1436/1436 1435/1435/1435
f 265/265/265 1433/1433/1433 1427/1427/1427
f 276/276/276 265/265/265 1427/1427/1427
f 1436/1436/1436 276/276/276 1426/1426/1426
f 1436/1436/1436 1426/1426/1426 1435/1435/1435
f 252/252/252 1433/1433/1433 265/265/265
f 1433/1433/1433 1428/1428/1428 1432/1432/1432
f 1421/1421/1421 1429/1429/1429 1431/1431/1431
f 1433/1433/1433 1432/1432/1432 1427/1427/1427
f 1429/1429/1429 1421/1421/1421 1432/1432/1432
f 1426/1426/1426 276/276/276 1427/1427/1427
f 1425/1425/1425 1435/1435/1435 1426/1426/1426
f 1434/1434/1434 1424/1424/1424 1431/1431/1431
f 1434/1434/1434 1430/1430/1430 1424/1424/1424
f 1432/1432/1432 1428/1428/1428 1423/1423/1423
f 1423/1423/1423 1429/1429/1429 1432/1432/1432
f 1433/1433/1433 252/252/252 1422/1422/1422
f 1433/1433/1433 1422/1422/1422 1428/1428/1428
f 1431/1431/1431 1417/1417/1417 1421/1421/1421
f 1427/1427/1427 1432/1432/1432 1420/1420/1420
f 1420/1420/1420 1432/1432/1432 1421/1421/1421
f 1427/1427/1427 1419/1419/1419 1426/1426/1426
f 1426/1426/1426 1413/1413/1413 1425/1425/1425
f 1431/1431/1431 1424/1424/1424 1417/1417/1417
f 1404/1404/1404 1424/1424/1424 1430/1430/1430
f 244/244/244 169/169/169 1416/1416/1416
f 1428/1428/1428 1402/1402/1402 1423/1423/1423
f 1429/1429/1429 1423/1423/1423 1415/1415/1415
f 243/243/243 244/244/244 1411/1411/1411
f 1422/1422/1422 252/252/252 251/251/251
f 1428/1428/1428 1422/1422/1422 1402/1402/1402
f 1414/1414/1414 1421/1421/1421 1417/1417/1417
f 1420/1420/1420 1407/1407/1407 1427/1427/1427
f 1420/1420/1420 1421/1421/1421 1408/1408/1408
f 1427/1427/1427 1407/1407/1407 1419/1419/1419
f 1426/1426/1426 1419/1419/1419 1413/1413/1413
f 1413/1413/1413 1418/1418/1418 1425/1425/1425
f 169/169/169 163/163/163 1412/1412/1412
f 169/169/169 1412/1412/1412 1416/1416/1416
f 1424/1424/1424 1404/1404/1404 1417/1417/1417
f 244/244/244 1416/1416/1416 1411/1411/1411
f 1402/1402/1402 1415/1415/1415 1423/1423/1423
f 1411/1411/1411 1410/1410/1410 243/243/243
f 243/243/243 1410/1410/1410 251/251/251
f 251/251/251 1402/1402/1402 1422/1422/1422
f 1417/1417/1417 1409/1409/1409 1414/1414/1414
f 1408/1408/1408 1421/1421/1421 1414/1414/1414
f 1407/1407/1407 1420/1420/1420 1408/1408/1408
f 1413/1413/1413 1419/1419/1419 1407/1407/1407
f 1413/1413/1413 1406/1406/1406 1418/1418/1418
f 163/163/163 157/157/157 1398/1398/1398
f 1412/1412/1412 163/163/163 1398/1398/1398
f 1416/1416/1416 1412/1412/1412 1401/1401/1401
f 1417/1417/1417 1404/1404/1404 1409/1409/1409
f 1411/1411/1411 1416/1416/1416 1401/1401/1401
f 1402/1402/1402 1403/1403/1403 1415/1415/1415
f 1411/1411/1411 1397/1397/1397 1410/1410/1410
f 1410/1410/1410 1402/1402/1402 251/251/251
f 1400/1400/1400 1414/1414/1414 1409/1409/1409
f 1414/1414/1414 1400/1400/1400 1408/1408/1408
f 1408/1408/1408 1396/1396/1396 1407/1407/1407
f 1407/1407/1407 1399/1399/1399 1413/1413/1413
f 1399/1399/1399 1406/1406/1406 1413/1413/1413
f 157/157/157 144/144/144 1405/1405/1405
f 1398/1398/1398 157/157/157 1405/1405/1405
f 1401/1401/1401 1412/1412/1412 1398/1398/1398
f 1409/1409/1409 1404/1404/1404 1391/1391/1391
f 1401/1401/1401 1397/1397/1397 1411/1411/1411
f 1392/1392/1392 1403/1403/1403 1402/1402/1402
f 1402/1402/1402 1410/1410/1410 1397/1397/1397
f 1409/1409/1409 1391/1391/1391 1400/1400/1400
f 1408/1408/1408 1400/1400/1400 1396/1396/1396
f 1399/1399/1399 1407/1407/1407 1396/1396/1396
f 1399/1399/1399 1385/1385/1385 1406/1406/1406
f 1395/1395/1395 1405/1405/1405 144/144/144
f 1398/1398/1398 1405/1405/1405 1395/1395/1395
f 1398/1398/1398 1394/1394/1394 1401/1401/1401
f 1391/1391/1391 1404/1404/1404 1393/1393/1393
f 1392/1392/1392 1393/1393/1393 1403/1403/1403
f 1397/1397/1397 1401/1401/1401 1387/1387/1387
f 1397/1397/1397 1392/1392/1392 1402/1402/1402
f 1401/1401/1401 1394/1394/1394 1387/1387/1387
f 1390/1390/1390 1400/1400/1400 1391/1391/1391
f 1400/1400/1400 1390/1390/1390 1396/1396/1396
f 1399/1399/1399 1396/1396/1396 1385/1385/1385
f 1395/1395/1395 144/144/144 149/149/149
f 1395/1395/1395 1384/1384/1384 1398/1398/1398
f 1398/1398/1398 1384/1384/1384 1394/1394/1394
f 1393/1393/1393 1388/1388/1388 1391/1391/1391
f 1392/1392/1392 1378/1378/1378 1393/1393/1393
f 1397/1397/1397 1387/1387/1387 1392/1392/1392
f 1394/1394/1394 1389/1389/1389 1387/1387/1387
f 1390/1390/1390 1391/1391/1391 1386/1386/1386
f 1396/1396/1396 1390/1390/1390 1385/1385/1385
f 1384/1384/1384 1395/1395/1395 149/149/149
f 1394/1394/1394 1384/1384/1384 1389/1389/1389
f 1381/1381/1381 1391/1391/1391 1388/1388/1388
f 1393/1393/1393 1378/1378/1378 1388/1388/1388
f 1389/1389/1389 1383/1383/1383 1382/1382/1382
f 1392/1392/1392 1387/1387/1387 1378/1378/1378
f 1389/1389/1389 1382/1382/1382 1387/1387/1387
f 1386/1386/1386 1391/1391/1391 1381/1381/1381
f 1380/1380/1380 1390/1390/1390 1386/1386/1386
f 1390/1390/1390 1380/1380/1380 1385/1385/1385
f 149/149/149 155/155/155 1384/1384/1384
f 1389/1389/1389 1384/1384/1384 1375/1375/1375
f 1389/1389/1389 1375/1375/1375 1383/1383/1383
f 1378/1378/1378 1381/1381/1381 1388/1388/1388
f 1382/1382/1382 1383/1383/1383 1374/1374/1374
f 1382/1382/1382 1378/1378/1378 1387/1387/1387
f 1381/1381/1381 1377/1377/1377 1386/1386/1386
f 1386/1386/1386 1377/1377/1377 1380/1380/1380
f 1380/1380/1380 1376/1376/1376 1385/1385/1385
f 1385/1385/1385 1376/1376/1376 1379/1379/1379
f 1384/1384/1384 155/155/155 1375/1375/1375
f 1374/1374/1374 1383/1383/1383 1375/1375/1375
f 1364/1364/1364 1381/1381/1381 1378/1378/1378
f 1378/1378/1378 1382/1382/1382 1374/1374/1374
f 1381/1381/1381 1364/1364/1364 1377/1377/1377
f 1380/1380/1380 1377/1377/1377 1373/1373/1373
f 1376/1376/1376 1380/1380/1380 1373/1373/1373
f 1379/1379/1379 1376/1376/1376 1372/1372/1372
f 1375/1375/1375 155/155/155 148/148/148
f 1375/1375/1375 1368/1368/1368 1374/1374/1374
f 1378/1378/1378 1374/1374/1374 1364/1364/1364
f 1373/1373/1373 1377/1377/1377 1364/1364/1364
f 1376/1376/1376 1373/1373/1373 1370/1370/1370
f 1376/1376/1376 1370/1370/1370 1372/1372/1372
f 148/148/148 1369/1369/1369 1375/1375/1375
f 1375/1375/1375 1369/1369/1369 1368/1368/1368
f 1371/1371/1371 1372/1372/1372 1367/1367/1367
f 1364/1364/1364 1374/1374/1374 1368/1368/1368
f 1373/1373/1373 1364/1364/1364 1370/1370/1370
f 1372/1372/1372 1370/1370/1370 1367/1367/1367
f 148/148/148 156/156/156 1369/1369/1369
f 1369/1369/1369 1363/1363/1363 1368/1368/1368
f 1371/1371/1371 1367/1367/1367 1365/1365/1365
f 1364/1364/1364 1368/1368/1368 1366/1366/1366
f 1370/1370/1370 1364/1364/1364 1367/1367/1367
f 1369/1369/1369 156/156/156 1363/1363/1363
f 1368/1368/1368 1363/1363/1363 1366/1366/1366
f 1367/1367/1367 1361/1361/1361 1365/1365/1365
f 1364/1364/1364 1366/1366/1366 1358/1358/1358
f 1364/1364/1364 1361/1361/1361 1367/1367/1367
f 1360/1360/1360 1363/1363/1363 156/156/156
f 1366/1366/1366 1363/1363/1363 1358/1358/1358
f 1365/1365/1365 1361/1361/1361 1359/1359/1359
f 1365/1365/1365 1359/1359/1359 1362/1362/1362
f 1364/1364/1364 1358/1358/1358 1361/1361/1361
f 1358/1358/1358 1363/1363/1363 1360/1360/1360
f 1361/1361/1361 1355/1355/1355 1359/1359/1359
f 1362/1362/1362 1359/1359/1359 1357/1357/1357
f 1361/1361/1361 1358/1358/1358 1355/1355/1355
f 1360/1360/1360 1356/1356/1356 1358/1358/1358
f 1359/1359/1359 1355/1355/1355 1357/1357/1357
f 1358/1358/1358 1356/1356/1356 1355/1355/1355
f 1355/1355/1355 1356/1356/1356 1357/1357/1357
f 1353/1353/1353 1352/1352/1352 1354/1354/1354
f 1352/1352/1352 1353/1353/1353 1350/1350/1350
f 1350/1350/1350 1349/1349/1349 1352/1352/1352
f 1351/1351/1351 1349/1349/1349 1348/1348/1348
f 1349/1349/1349 1350/1350/1350 1337/1337/1337
f 1345/1345/1345 1348/1348/1348 1349/1349/1349
f 1337/1337/1337 1345/1345/1345 1349/1349/1349
f 1348/1348/1348 1345/1345/1345 1343/1343/1343
f 1337/1337/1337 1339/1339/1339 1345/1345/1345
f 1332/1332/1332 1347/1347/1347 1344/1344/1344
f 1336/1336/1336 1344/1344/1344 1346/1346/1346
f 1346/1346/1346 1343/1343/1343 1336/1336/1336
f 1345/1345/1345 1339/1339/1339 1343/1343/1343
f 1337/1337/1337 1342/1342/1342 1339/1339/1339
f 1336/1336/1336 1332/1332/1332 1344/1344/1344
f 1340/1340/1340 1342/1342/1342 1337/1337/1337
f 1340/1340/1340 1323/1323/1323 1342/1342/1342
f 1339/1339/1339 1336/1336/1336 1343/1343/1343
f 1342/1342/1342 1323/1323/1323 1339/1339/1339
f 1341/1341/1341 1327/1327/1327 1335/1335/1335
f 1338/1338/1338 1341/1341/1341 1335/1335/1335
f 1333/1333/1333 1332/1332/1332 1336/1336/1336
f 1323/1323/1323 1340/1340/1340 1337/1337/1337
f 1339/1339/1339 1323/1323/1323 1336/1336/1336
f 1327/1327/1327 1326/1326/1326 1335/1335/1335
f 1335/1335/1335 1328/1328/1328 1338/1338/1338
f 1329/1329/1329 1333/1333/1333 1336/1336/1336
f 1324/1324/1324 1334/1334/1334 1332/1332/1332
f 1319/1319/1319 1332/1332/1332 1333/1333/1333
f 1338/1338/1338 1328/1328/1328 1331/1331/1331
f 1331/1331/1331 1323/1323/1323 1337/1337/1337
f 1336/1336/1336 1323/1323/1323 1329/1329/1329
f 1330/1330/1330 1326/1326/1326 1327/1327/1327
f 1328/1328/1328 1335/1335/1335 1326/1326/1326
f 1324/1324/1324 1320/1320/1320 1334/1334/1334
f 1329/1329/1329 1319/1319/1319 1333/1333/1333
f 1319/1319/1319 1324/1324/1324 1332/1332/1332
f 1328/1328/1328 1323/1323/1323 1331/1331/1331
f 1325/1325/1325 1329/1329/1329 1323/1323/1323
f 1327/1327/1327 1322/1322/1322 1330/1330/1330
f 1322/1322/1322 1315/1315/1315 1330/1330/1330
f 1330/1330/1330 1315/1315/1315 1326/1326/1326
f 1328/1328/1328 1326/1326/1326 1314/1314/1314
f 1320/1320/1320 1324/1324/1324 1321/1321/1321
f 1325/1325/1325 1319/1319/1319 1329/1329/1329
f 1318/1318/1318 1324/1324/1324 1319/1319/1319
f 1323/1323/1323 1328/1328/1328 1314/1314/1314
f 1311/1311/1311 1325/1325/1325 1323/1323/1323
f 1317/1317/1317 1322/1322/1322 1327/1327/1327
f 1316/1316/1316 1315/1315/1315 1322/1322/1322
f 1326/1326/1326 1315/1315/1315 1314/1314/1314
f 1312/1312/1312 1321/1321/1321 1324/1324/1324
f 1320/1320/1320 1321/1321/1321 1313/1313/1313
f 1311/1311/1311 1319/1319/1319 1325/1325/1325
f 1307/1307/1307 1318/1318/1318 1319/1319/1319
f 1312/1312/1312 1324/1324/1324 1318/1318/1318
f 1314/1314/1314 1311/1311/1311 1323/1323/1323
f 1322/1322/1322 1317/1317/1317 1305/1305/1305
f 1322/1322/1322 1305/1305/1305 1316/1316/1316
f 1315/1315/1315 1316/1316/1316 1310/1310/1310
f 1314/1314/1314 1315/1315/1315 1302/1302/1302
f 1312/1312/1312 1309/1309/1309 1321/1321/1321
f 1309/1309/1309 1313/1313/1313 1321/1321/1321
f 1313/1313/1313 1300/1300/1300 1320/1320/1320
f 1319/1319/1319 1311/1311/1311 1307/1307/1307
f 1318/1318/1318 1307/1307/1307 1312/1312/1312
f 1303/1303/1303 1311/1311/1311 1314/1314/1314
f 1305/1305/1305 1317/1317/1317 1306/1306/1306
f 1316/1316/1316 1305/1305/1305 1304/1304/1304
f 1316/1316/1316 1304/1304/1304 1310/1310/1310
f 1315/1315/1315 1310/1310/1310 1302/1302/1302
f 1314/1314/1314 1302/1302/1302 1303/1303/1303
f 1298/1298/1298 1309/1309/1309 1312/1312/1312
f 1313/1313/1313 1309/1309/1309 1295/1295/1295
f 1295/1295/1295 1300/1300/1300 1313/1313/1313
f 1288/1288/1288 1307/1307/1307 1311/1311/1311
f 1312/1312/1312 1307/1307/1307 1298/1298/1298
f 1303/1303/1303 1288/1288/1288 1311/1311/1311
f 1305/1305/1305 1306/1306/1306 1287/1287/1287
f 1305/1305/1305 1286/1286/1286 1304/1304/1304
f 1304/1304/1304 1285/1285/1285 1310/1310/1310
f 1302/1302/1302 1310/1310/1310 1285/1285/1285
f 1296/1296/1296 1303/1303/1303 1302/1302/1302
f 1298/1298/1298 1295/1295/1295 1309/1309/1309
f 1300/1300/1300 1295/1295/1295 1293/1293/1293
f 1306/1306/1306 1299/1299/1299 1289/1289/1289
f 1290/1290/1290 1279/1279/1279 1299/1299/1299
f 1288/1288/1288 1298/1298/1298 1307/1307/1307
f 1297/1297/1297 1288/1288/1288 1303/1303/1303
f 1276/1276/1276 1297/1297/1297 1303/1303/1303
f 1306/1306/1306 1289/1289/1289 1287/1287/1287
f 1287/1287/1287 1286/1286/1286 1305/1305/1305
f 1286/1286/1286 1285/1285/1285 1304/1304/1304
f 1285/1285/1285 1284/1284/1284 1302/1302/1302
f 1303/1303/1303 1296/1296/1296 1276/1276/1276
f 1284/1284/1284 1296/1296/1296 1302/1302/1302
f 1283/1283/1283 1293/1293/1293 1295/1295/1295
f 1258/1258/1258 1295/1295/1295 1298/1298/1298
f 1282/1282/1282 1294/1294/1294 1301/1301/1301
f 1264/1264/1264 1291/1291/1291 1294/1294/1294
f 1293/1293/1293 1282/1282/1282 1300/1300/1300
f 1283/1283/1283 1275/1275/1275 1293/1293/1293
f 1292/1292/1292 1291/1291/1291 1264/1264/1264
f 1291/1291/1291 1292/1292/1292 1281/1281/1281
f 1280/1280/1280 1290/1290/1290 1299/1299/1299
f 1289/1289/1289 1299/1299/1299 1279/1279/1279
f 1279/1279/1279 1290/1290/1290 1271/1271/1271
f 1258/1258/1258 1298/1298/1298 1288/1288/1288
f 1278/1278/1278 1288/1288/1288 1297/1297/1297
f 1276/1276/1276 1278/1278/1278 1297/1297/1297
f 1287/1287/1287 1289/1289/1289 1269/1269/1269
f 1287/1287/1287 1267/1267/1267 1286/1286/1286
f 1286/1286/1286 1277/1277/1277 1285/1285/1285
f 1285/1285/1285 1266/1266/1266 1284/1284/1284
f 1284/1284/1284 1276/1276/1276 1296/1296/1296
f 1258/1258/1258 1283/1283/1283 1295/1295/1295
f 1264/1264/1264 1294/1294/1294 1282/1282/1282
f 1275/1275/1275 1282/1282/1282 1293/1293/1293
f 1265/1265/1265 1275/1275/1275 1283/1283/1283
f 1264/1264/1264 1274/1274/1274 1292/1292/1292
f 1274/1274/1274 1281/1281/1281 1292/1292/1292
f 1281/1281/1281 1273/1273/1273 1291/1291/1291
f 1272/1272/1272 1290/1290/1290 1280/1280/1280
f 1290/1290/1290 1272/1272/1272 1271/1271/1271
f 1279/1279/1279 1270/1270/1270 1289/1289/1289
f 1279/1279/1279 1271/1271/1271 1260/1260/1260
f 1289/1289/1289 1270/1270/1270 1269/1269/1269
f 1288/1288/1288 1278/1278/1278 1258/1258/1258
f 1268/1268/1268 1278/1278/1278 1276/1276/1276
f 1269/1269/1269 1267/1267/1267 1287/1287/1287
f 1267/1267/1267 1277/1277/1277 1286/1286/1286
f 1277/1277/1277 1266/1266/1266 1285/1285/1285
f 1266/1266/1266 1276/1276/1276 1284/1284/1284
f 1265/1265/1265 1283/1283/1283 1258/1258/1258
f 1275/1275/1275 1264/1264/1264 1282/1282/1282
f 1265/1265/1265 1255/1255/1255 1275/1275/1275
f 1263/1263/1263 1274/1274/1274 1264/1264/1264
f 1281/1281/1281 1274/1274/1274 1254/1254/1254
f 1254/1254/1254 1273/1273/1273 1281/1281/1281
f 1280/1280/1280 1261/1261/1261 1272/1272/1272
f 1272/1272/1272 1251/1251/1251 1271/1271/1271
f 1271/1271/1271 1249/1249/1249 1260/1260/1260
f 1279/1279/1279 1260/1260/1260 1270/1270/1270
f 1270/1270/1270 1259/1259/1259 1269/1269/1269
f 1278/1278/1278 1268/1268/1268 1258/1258/1258
f 1276/1276/1276 1257/1257/1257 1268/1268/1268
f 1269/1269/1269 1247/1247/1247 1267/1267/1267
f 1267/1267/1267 1245/1245/1245 1277/1277/1277
f 1266/1266/1266 1277/1277/1277 1245/1245/1245
f 1257/1257/1257 1276/1276/1276 1266/1266/1266
f 1256/1256/1256 1265/1265/1265 1258/1258/1258
f 1255/1255/1255 1264/1264/1264 1275/1275/1275
f 1265/1265/1265 1244/1244/1244 1255/1255/1255
f 1233/1233/1233 1263/1263/1263 1264/1264/1264
f 1263/1263/1263 1254/1254/1254 1274/1274/1274
f 1273/1273/1273 1254/1254/1254 1262/1262/1262
f 1262/1262/1262 1252/1252/1252 1273/1273/1273
f 1272/1272/1272 1261/1261/1261 1251/1251/1251
f 1251/1251/1251 1249/1249/1249 1271/1271/1271
f 1249/1249/1249 1238/1238/1238 1260/1260/1260
f 1260/1260/1260 1248/1248/1248 1270/1270/1270
f 1248/1248/1248 1259/1259/1259 1270/1270/1270
f 1259/1259/1259 1247/1247/1247 1269/1269/1269
f 1246/1246/1246 1258/1258/1258 1268/1268/1268
f 1257/1257/1257 1246/1246/1246 1268/1268/1268
f 1247/1247/1247 1245/1245/1245 1267/1267/1267
f 1245/1245/1245 1257/1257/1257 1266/1266/1266
f 1234/1234/1234 1256/1256/1256 1258/1258/1258
f 1265/1265/1265 1256/1256/1256 1244/1244/1244
f 1233/1233/1233 1264/1264/1264 1255/1255/1255
f 1243/1243/1243 1255/1255/1255 1244/1244/1244
f 1254/1254/1254 1263/1263/1263 1233/1233/1233
f 1210/1210/1210 1262/1262/1262 1254/1254/1254
f 1210/1210/1210 1252/1252/1252 1262/1262/1262
f 1251/1251/1251 1261/1261/1261 1228/1228/1228
f 1239/1239/1239 1249/1249/1249 1251/1251/1251
f 1261/1261/1261 1250/1250/1250 1228/1228/1228
f 1249/1249/1249 1225/1225/1225 1238/1238/1238
f 1260/1260/1260 1238/1238/1238 1237/1237/1237
f 1248/1248/1248 1260/1260/1260 1237/1237/1237
f 1248/1248/1248 1224/1224/1224 1259/1259/1259
f 1247/1247/1247 1259/1259/1259 1224/1224/1224
f 1246/1246/1246 1236/1236/1236 1258/1258/1258
f 1257/1257/1257 1223/1223/1223 1246/1246/1246
f 1247/1247/1247 1235/1235/1235 1245/1245/1245
f 1257/1257/1257 1245/1245/1245 1223/1223/1223
f 1234/1234/1234 1244/1244/1244 1256/1256/1256
f 1243/1243/1243 1233/1233/1233 1255/1255/1255
f 1222/1222/1222 1243/1243/1243 1244/1244/1244
f 1242/1242/1242 1254/1254/1254 1233/1233/1233
f 1254/1254/1254 1242/1242/1242 1210/1210/1210
f 1221/1221/1221 1253/1253/1253 1241/1241/1241
f 1252/1252/1252 1210/1210/1210 1241/1241/1241
f 1240/1240/1240 1220/1220/1220 1230/1230/1230
f 1228/1228/1228 1239/1239/1239 1251/1251/1251
f 1249/1249/1249 1239/1239/1239 1216/1216/1216
f 1227/1227/1227 1250/1250/1250 1218/1218/1218
f 1227/1227/1227 1228/1228/1228 1250/1250/1250
f 1225/1225/1225 1226/1226/1226 1238/1238/1238
f 1216/1216/1216 1225/1225/1225 1249/1249/1249
f 1238/1238/1238 1215/1215/1215 1237/1237/1237
f 1237/1237/1237 1224/1224/1224 1248/1248/1248
f 1224/1224/1224 1235/1235/1235 1247/1247/1247
f 1246/1246/1246 1223/1223/1223 1236/1236/1236
f 1235/1235/1235 1223/1223/1223 1245/1245/1245
f 1234/1234/1234 1222/1222/1222 1244/1244/1244
f 1222/1222/1222 1233/1233/1233 1243/1243/1243
f 1213/1213/1213 1242/1242/1242 1233/1233/1233
f 1213/1213/1213 1210/1210/1210 1242/1242/1242
f 1241/1241/1241 1232/1232/1232 1221/1221/1221
f 1231/1231/1231 1240/1240/1240 1221/1221/1221
f 1232/1232/1232 1241/1241/1241 1210/1210/1210
f 1220/1220/1220 1240/1240/1240 1231/1231/1231
f 1219/1219/1219 1230/1230/1230 1220/1220/1220
f 1207/1207/1207 1229/1229/1229 1230/1230/1230
f 1239/1239/1239 1228/1228/1228 1216/1216/1216
f 1227/1227/1227 1218/1218/1218 1217/1217/1217
f 1227/1227/1227 1202/1202/1202 1228/1228/1228
f 1226/1226/1226 1215/1215/1215 1238/1238/1238
f 1225/1225/1225 1200/1200/1200 1226/1226/1226
f 1225/1225/1225 1216/1216/1216 1199/1199/1199
f 1224/1224/1224 1237/1237/1237 1215/1215/1215
f 1224/1224/1224 1197/1197/1197 1235/1235/1235
f 1223/1223/1223 1198/1198/1198 1236/1236/1236
f 1223/1223/1223 1235/1235/1235 1197/1197/1197
f 1184/1184/1184 1222/1222/1222 1234/1234/1234
f 1233/1233/1233 1222/1222/1222 1212/1212/1212
f 1233/1233/1233 1212/1212/1212 1213/1213/1213
f 1211/1211/1211 1210/1210/1210 1213/1213/1213
f 1209/1209/1209 1221/1221/1221 1232/1232/1232
f 1231/1231/1231 1221/1221/1221 1179/1179/1179
f 1209/1209/1209 1232/1232/1232 1210/1210/1210
f 1179/1179/1179 1220/1220/1220 1231/1231/1231
f 1208/1208/1208 1219/1219/1219 1220/1220/1220
f 1207/1207/1207 1230/1230/1230 1219/1219/1219
f 1229/1229/1229 1207/1207/1207 1191/1191/1191
f 1218/1218/1218 1204/1204/1204 1203/1203/1203
f 1228/1228/1228 1202/1202/1202 1216/1216/1216
f 1218/1218/1218 1189/1189/1189 1217/1217/1217
f 1227/1227/1227 1217/1217/1217 1202/1202/1202
f 1216/1216/1216 1201/1201/1201 1199/1199/1199
f 1215/1215/1215 1226/1226/1226 1200/1200/1200
f 1199/1199/1199 1200/1200/1200 1225/1225/1225
f 1197/1197/1197 1224/1224/1224 1215/1215/1215
f 1197/1197/1197 1198/1198/1198 1223/1223/1223
f 1184/1184/1184 1212/1212/1212 1222/1222/1222
f 1183/1183/1183 1213/1213/1213 1212/1212/1212
f 1194/1194/1194 1211/1211/1211 1213/1213/1213
f 1182/1182/1182 1210/1210/1210 1211/1211/1211
f 1179/1179/1179 1221/1221/1221 1209/1209/1209
f 1181/1181/1181 1209/1209/1209 1210/1210/1210
f 1208/1208/1208 1220/1220/1220 1179/1179/1179
f 1178/1178/1178 1219/1219/1219 1208/1208/1208
f 1219/1219/1219 1178/1178/1178 1207/1207/1207
f 1191/1191/1191 1207/1207/1207 1192/1192/1192
f 1206/1206/1206 1177/1177/1177 1205/1205/1205
f 1204/1204/1204 1173/1173/1173 1203/1203/1203
f 1218/1218/1218 1203/1203/1203 1189/1189/1189
f 1202/1202/1202 1160/1160/1160 1216/1216/1216
f 1202/1202/1202 1217/1217/1217 1189/1189/1189
f 1160/1160/1160 1201/1201/1201 1216/1216/1216
f 1201/1201/1201 1172/1172/1172 1199/1199/1199
f 1215/1215/1215 1200/1200/1200 1187/1187/1187
f 1199/1199/1199 1171/1171/1171 1200/1200/1200
f 1197/1197/1197 1215/1215/1215 1187/1187/1187
f 1197/1197/1197 1170/1170/1170 1198/1198/1198
f 1186/1186/1186 1196/1196/1196 1214/1214/1214
f 1169/1169/1169 1086/1086/1086 1196/1196/1196
f 1195/1195/1195 1212/1212/1212 1184/1184/1184
f 1213/1213/1213 1183/1183/1183 1194/1194/1194
f 1195/1195/1195 1183/1183/1183 1212/1212/1212
f 1211/1211/1211 1194/1194/1194 1182/1182/1182
f 1210/1210/1210 1182/1182/1182 1181/1181/1181
f 1181/1181/1181 1179/1179/1179 1209/1209/1209
f 1193/1193/1193 1208/1208/1208 1179/1179/1179
f 1193/1193/1193 1178/1178/1178 1208/1208/1208
f 1192/1192/1192 1207/1207/1207 1178/1178/1178
f 1165/1165/1165 1191/1191/1191 1192/1192/1192
f 1177/1177/1177 1206/1206/1206 1191/1191/1191
f 1176/1176/1176 1205/1205/1205 1190/1190/1190
f 1177/1177/1177 1190/1190/1190 1205/1205/1205
f 1204/1204/1204 1174/1174/1174 1173/1173/1173
f 1189/1189/1189 1203/1203/1203 1173/1173/1173
f 1202/1202/1202 1189/1189/1189 1160/1160/1160
f 1201/1201/1201 1160/1160/1160 1172/1172/1172
f 1172/1172/1172 1185/1185/1185 1199/1199/1199
f 1200/1200/1200 1171/1171/1171 1187/1187/1187
f 1185/1185/1185 1171/1171/1171 1199/1199/1199
f 1170/1170/1170 1188/1188/1188 1198/1198/1198
f 1187/1187/1187 1170/1170/1170 1197/1197/1197
f 1188/1188/1188 1158/1158/1158 1186/1186/1186
f 1186/1186/1186 1169/1169/1169 1196/1196/1196
f 1156/1156/1156 1195/1195/1195 1184/1184/1184
f 1155/1155/1155 1194/1194/1194 1183/1183/1183
f 1156/1156/1156 1183/1183/1183 1195/1195/1195
f 1155/1155/1155 1182/1182/1182 1194/1194/1194
f 1168/1168/1168 1181/1181/1181 1182/1182/1182
f 1181/1181/1181 1145/1145/1145 1180/1180/1180
f 1180/1180/1180 1167/1167/1167 1181/1181/1181
f 1167/1167/1167 1179/1179/1179 1181/1181/1181
f 1141/1141/1141 1193/1193/1193 1179/1179/1179
f 1178/1178/1178 1193/1193/1193 1141/1141/1141
f 1178/1178/1178 1166/1166/1166 1192/1192/1192
f 1165/1165/1165 1192/1192/1192 1166/1166/1166
f 1165/1165/1165 1177/1177/1177 1191/1191/1191
f 1190/1190/1190 1164/1164/1164 1176/1176/1176
f 1164/1164/1164 1190/1190/1190 1177/1177/1177
f 1173/1173/1173 1174/1174/1174 1149/1149/1149
f 1189/1189/1189 1173/1173/1173 1161/1161/1161
f 1160/1160/1160 1189/1189/1189 1161/1161/1161
f 1160/1160/1160 1147/1147/1147 1172/1172/1172
f 1172/1172/1172 1157/1157/1157 1185/1185/1185
f 1187/1187/1187 1171/1171/1171 1146/1146/1146
f 1159/1159/1159 1171/1171/1171 1185/1185/1185
f 1170/1170/1170 1158/1158/1158 1188/1188/1188
f 1187/1187/1187 1146/1146/1146 1170/1170/1170
f 1158/1158/1158 1169/1169/1169 1186/1186/1186
f 1159/1159/1159 1185/1185/1185 1157/1157/1157
f 1144/1144/1144 1156/1156/1156 1184/1184/1184
f 1183/1183/1183 1156/1156/1156 1155/1155/1155
f 1168/1168/1168 1182/1182/1182 1155/1155/1155
f 1145/1145/1145 1181/1181/1181 1168/1168/1168
f 1145/1145/1145 1167/1167/1167 1180/1180/1180
f 1141/1141/1141 1179/1179/1179 1167/1167/1167
f 1166/1166/1166 1178/1178/1178 1141/1141/1141
f 1154/1154/1154 1165/1165/1165 1166/1166/1166
f 1139/1139/1139 1177/1177/1177 1165/1165/1165
f 1153/1153/1153 1176/1176/1176 1164/1164/1164
f 1177/1177/1177 1139/1139/1139 1164/1164/1164
f 1150/1150/1150 1176/1176/1176 1153/1153/1153
f 1162/1162/1162 1176/1176/1176 1150/1150/1150
f 1137/1137/1137 1175/1175/1175 1162/1162/1162
f 1174/1174/1174 65/65/65 1149/1149/1149
f 1161/1161/1161 1173/1173/1173 1149/1149/1149
f 1160/1160/1160 1161/1161/1161 1123/1123/1123
f 1160/1160/1160 1148/1148/1148 1147/1147/1147
f 1147/1147/1147 1157/1157/1157 1172/1172/1172
f 1171/1171/1171 1159/1159/1159 1146/1146/1146
f 1170/1170/1170 1146/1146/1146 1158/1158/1158
f 1112/1112/1112 1169/1169/1169 1158/1158/1158
f 1159/1159/1159 1157/1157/1157 1134/1134/1134
f 1156/1156/1156 1144/1144/1144 1143/1143/1143
f 1118/1118/1118 1155/1155/1155 1156/1156/1156
f 1168/1168/1168 1155/1155/1155 1142/1142/1142
f 1168/1168/1168 1142/1142/1142 1145/1145/1145
f 1167/1167/1167 1145/1145/1145 1141/1141/1141
f 1140/1140/1140 1166/1166/1166 1141/1141/1141
f 1154/1154/1154 1166/1166/1166 1140/1140/1140
f 1165/1165/1165 1154/1154/1154 1139/1139/1139
f 1153/1153/1153 1164/1164/1164 1139/1139/1139
f 1152/1152/1152 1163/1163/1163 1127/1127/1127
f 1163/1163/1163 1151/1151/1151 1127/1127/1127
f 1129/1129/1129 1150/1150/1150 1153/1153/1153
f 1136/1136/1136 1162/1162/1162 1150/1150/1150
f 1137/1137/1137 1162/1162/1162 1136/1136/1136
f 1149/1149/1149 65/65/65 1124/1124/1124
f 1161/1161/1161 1149/1149/1149 1123/1123/1123
f 1123/1123/1123 1148/1148/1148 1160/1160/1160
f 1147/1147/1147 1148/1148/1148 1135/1135/1135
f 1147/1147/1147 1122/1122/1122 1157/1157/1157
f 1159/1159/1159 1134/1134/1134 1146/1146/1146
f 1146/1146/1146 1112/1112/1112 1158/1158/1158
f 1134/1134/1134 1157/1157/1157 1122/1122/1122
f 1156/1156/1156 1143/1143/1143 1118/1118/1118
f 1119/1119/1119 1143/1143/1143 1144/1144/1144
f 1142/1142/1142 1155/1155/1155 1118/1118/1118
f 1120/1120/1120 1145/1145/1145 1142/1142/1142
f 1145/1145/1145 1133/1133/1133 1131/1131/1131
f 1131/1131/1131 1141/1141/1141 1145/1145/1145
f 1141/1141/1141 1106/1106/1106 1140/1140/1140
f 1117/1117/1117 1154/1154/1154 1140/1140/1140
f 1117/1117/1117 1139/1139/1139 1154/1154/1154
f 1129/1129/1129 1153/1153/1153 1139/1139/1139
f 1128/1128/1128 1152/1152/1152 1138/1138/1138
f 1138/1138/1138 1152/1152/1152 1127/1127/1127
f 1137/1137/1137 1127/1127/1127 1151/1151/1151
f 1126/1126/1126 1150/1150/1150 1129/1129/1129
f 1150/1150/1150 1126/1126/1126 1136/1136/1136
f 1103/1103/1103 1137/1137/1137 1136/1136/1136
f 1125/1125/1125 1135/1135/1135 1148/1148/1148
f 1124/1124/1124 65/65/65 56/56/56
f 1123/1123/1123 1149/1149/1149 1124/1124/1124
f 1123/1123/1123 1125/1125/1125 1148/1148/1148
f 1135/1135/1135 1122/1122/1122 1147/1147/1147
f 1134/1134/1134 1112/1112/1112 1146/1146/1146
f 1134/1134/1134 1122/1122/1122 1121/1121/1121
f 1133/1133/1133 1145/1145/1145 1120/1120/1120
f 1144/1144/1144 1132/1132/1132 1119/1119/1119
f 1143/1143/1143 1119/1119/1119 1118/1118/1118
f 1118/1118/1118 1120/1120/1120 1142/1142/1142
f 1111/1111/1111 1131/1131/1131 1133/1133/1133
f 1131/1131/1131 1106/1106/1106 1141/1141/1141
f 1130/1130/1130 1140/1140/1140 1106/1106/1106
f 1140/1140/1140 1130/1130/1130 1117/1117/1117
f 1116/1116/1116 1139/1139/1139 1117/1117/1117
f 1139/1139/1139 1116/1116/1116 1129/1129/1129
f 1128/1128/1128 1138/1138/1138 1114/1114/1114
f 1138/1138/1138 1127/1127/1127 1114/1114/1114
f 1137/1137/1137 1103/1103/1103 1127/1127/1127
f 1102/1102/1102 1126/1126/1126 1129/1129/1129
f 1103/1103/1103 1136/1136/1136 1126/1126/1126
f 1135/1135/1135 1125/1125/1125 1107/1107/1107
f 56/56/56 1113/1113/1113 1124/1124/1124
f 1124/1124/1124 1099/1099/1099 1123/1123/1123
f 1123/1123/1123 1100/1100/1100 1125/1125/1125
f 1107/1107/1107 1122/1122/1122 1135/1135/1135
f 1121/1121/1121 1122/1122/1122 1097/1097/1097
f 1134/1134/1134 1121/1121/1121 1112/1112/1112
f 1111/1111/1111 1133/1133/1133 1120/1120/1120
f 1110/1110/1110 1109/1109/1109 1132/1132/1132
f 1109/1109/1109 1119/1119/1119 1132/1132/1132
f 1108/1108/1108 1118/1118/1118 1119/1119/1119
f 1085/1085/1085 1120/1120/1120 1118/1118/1118
f 1111/1111/1111 1106/1106/1106 1131/1131/1131
f 1105/1105/1105 1130/1130/1130 1106/1106/1106
f 1105/1105/1105 1117/1117/1117 1130/1130/1130
f 1090/1090/1090 1116/1116/1116 1117/1117/1117
f 1102/1102/1102 1129/1129/1129 1116/1116/1116
f 1115/1115/1115 1128/1128/1128 1089/1089/1089
f 1128/1128/1128 1114/1114/1114 1089/1089/1089
f 1103/1103/1103 1114/1114/1114 1127/1127/1127
f 1103/1103/1103 1126/1126/1126 1102/1102/1102
f 1104/1104/1104 1101/1101/1101 1115/1115/1115
f 1125/1125/1125 1100/1100/1100 1107/1107/1107
f 1113/1113/1113 1099/1099/1099 1124/1124/1124
f 56/56/56 58/58/58 1113/1113/1113
f 1123/1123/1123 1099/1099/1099 1100/1100/1100
f 1098/1098/1098 1122/1122/1122 1107/1107/1107
f 1122/1122/1122 1098/1098/1098 1097/1097/1097
f 1112/1112/1112 1121/1121/1121 1097/1097/1097
f 1120/1120/1120 1085/1085/1085 1111/1111/1111
f 1111/1111/1111 1096/1096/1096 1093/1093/1093
f 1094/1094/1094 1109/1109/1109 1110/1110/1110
f 1119/1119/1119 1109/1109/1109 1081/1081/1081
f 1081/1081/1081 1108/1108/1108 1119/1119/1119
f 1085/1085/1085 1118/1118/1118 1108/1108/1108
f 1093/1093/1093 1106/1106/1106 1111/1111/1111
f 1092/1092/1092 1105/1105/1105 1106/1106/1106
f 1105/1105/1105 1075/1075/1075 1117/1117/1117
f 1090/1090/1090 1117/1117/1117 1075/1075/1075
f 1102/1102/1102 1116/1116/1116 1090/1090/1090
f 1089/1089/1089 1104/1104/1104 1115/1115/1115
f 1089/1089/1089 1114/1114/1114 1103/1103/1103
f 1102/1102/1102 1076/1076/1076 1103/1103/1103
f 1078/1078/1078 1101/1101/1101 1088/1088/1088
f 1101/1101/1101 1104/1104/1104 1065/1065/1065
f 1100/1100/1100 1087/1087/1087 1107/1107/1107
f 1113/1113/1113 58/58/58 1099/1099/1099
f 1099/1099/1099 1074/1074/1074 1100/1100/1100
f 1107/1107/1107 1080/1080/1080 1098/1098/1098
f 1098/1098/1098 1073/1073/1073 1097/1097/1097
f 1097/1097/1097 1086/1086/1086 1112/1112/1112
f 1096/1096/1096 1111/1111/1111 1085/1085/1085
f 1058/1058/1058 1093/1093/1093 1096/1096/1096
f 1110/1110/1110 1083/1083/1083 1094/1094/1094
f 1109/1109/1109 1094/1094/1094 1082/1082/1082
f 1082/1082/1082 1081/1081/1081 1109/1109/1109
f 1081/1081/1081 1085/1085/1085 1108/1108/1108
f 1107/1107/1107 1087/1087/1087 1080/1080/1080
f 1069/1069/1069 1106/1106/1106 1093/1093/1093
f 1106/1106/1106 1069/1069/1069 1092/1092/1092
f 1075/1075/1075 1105/1105/1105 1092/1092/1092
f 1075/1075/1075 1091/1091/1091 1090/1090/1090
f 1066/1066/1066 1090/1090/1090 1091/1091/1091
f 1077/1077/1077 1102/1102/1102 1090/1090/1090
f 1104/1104/1104 1089/1089/1089 1065/1065/1065
f 1089/1089/1089 1103/1103/1103 1076/1076/1076
f 1076/1076/1076 1102/1102/1102 1077/1077/1077
f 1078/1078/1078 1088/1088/1088 1064/1064/1064
f 1088/1088/1088 1101/1101/1101 1065/1065/1065
f 1100/1100/1100 1074/1074/1074 1087/1087/1087
f 58/58/58 1074/1074/1074 1099/1099/1099
f 60/60/60 1061/1061/1061 58/58/58
f 1073/1073/1073 1098/1098/1098 1080/1080/1080
f 1097/1097/1097 1073/1073/1073 1086/1086/1086
f 1058/1058/1058 1096/1096/1096 1085/1085/1085
f 1079/1079/1079 1093/1093/1093 1058/1058/1058
f 1084/1084/1084 1071/1071/1071 1095/1095/1095
f 1083/1083/1083 1057/1057/1057 1094/1094/1094
f 1057/1057/1057 1082/1082/1082 1094/1094/1094
f 1055/1055/1055 1081/1081/1081 1082/1082/1082
f 1070/1070/1070 1085/1085/1085 1081/1081/1081
f 1080/1080/1080 1087/1087/1087 1062/1062/1062
f 1093/1093/1093 1079/1079/1079 1069/1069/1069
f 1075/1075/1075 1092/1092/1092 1069/1069/1069
f 1064/1064/1064 1067/1067/1067 1078/1078/1078
f 1066/1066/1066 1091/1091/1091 1075/1075/1075
f 1077/1077/1077 1090/1090/1090 1066/1066/1066
f 1065/1065/1065 1089/1089/1089 1076/1076/1076
f 1076/1076/1076 1077/1077/1077 1052/1052/1052
f 1088/1088/1088 1065/1065/1065 1064/1064/1064
f 1087/1087/1087 1074/1074/1074 1062/1062/1062
f 1061/1061/1061 1074/1074/1074 58/58/58
f 66/66/66 1061/1061/1061 60/60/60
f 1060/1060/1060 1073/1073/1073 1080/1080/1080
f 1086/1086/1086 1073/1073/1073 1048/1048/1048
f 1086/1086/1086 1048/1048/1048 1072/1072/1072
f 1085/1085/1085 1070/1070/1070 1058/1058/1058
f 1068/1068/1068 1079/1079/1079 1058/1058/1058
f 1047/1047/1047 1071/1071/1071 1084/1084/1084
f 1071/1071/1071 1057/1057/1057 1083/1083/1083
f 1056/1056/1056 1082/1082/1082 1057/1057/1057
f 1082/1082/1082 1056/1056/1056 1055/1055/1055
f 1070/1070/1070 1081/1081/1081 1055/1055/1055
f 1080/1080/1080 1062/1062/1062 1054/1054/1054
f 1054/1054/1054 1060/1060/1060 1080/1080/1080
f 1045/1045/1045 1069/1069/1069 1079/1079/1079
f 1050/1050/1050 1075/1075/1075 1069/1069/1069
f 1079/1079/1079 1068/1068/1068 1045/1045/1045
f 1067/1067/1067 1053/1053/1053 1078/1078/1078
f 1067/1067/1067 1064/1064/1064 1032/1032/1032
f 1041/1041/1041 1066/1066/1066 1075/1075/1075
f 1052/1052/1052 1077/1077/1077 1066/1066/1066
f 1065/1065/1065 1076/1076/1076 1052/1052/1052
f 1064/1064/1064 1065/1065/1065 1030/1030/1030
f 1063/1063/1063 1075/1075/1075 1050/1050/1050
f 1075/1075/1075 1063/1063/1063 1041/1041/1041
f 1074/1074/1074 1040/1040/1040 1062/1062/1062
f 1074/1074/1074 1061/1061/1061 1040/1040/1040
f 66/66/66 1049/1049/1049 1061/1061/1061
f 1048/1048/1048 1073/1073/1073 1060/1060/1060
f 1048/1048/1048 1059/1059/1059 1072/1072/1072
f 1070/1070/1070 1039/1039/1039 1058/1058/1058
f 1044/1044/1044 1068/1068/1068 1058/1058/1058
f 1047/1047/1047 1057/1057/1057 1071/1071/1071
f 1057/1057/1057 1037/1037/1037 1056/1056/1056
f 1038/1038/1038 1055/1055/1055 1056/1056/1056
f 1039/1039/1039 1070/1070/1070 1055/1055/1055
f 1046/1046/1046 1054/1054/1054 1062/1062/1062
f 1035/1035/1035 1060/1060/1060 1054/1054/1054
f 1050/1050/1050 1069/1069/1069 1045/1045/1045
f 1044/1044/1044 1045/1045/1045 1068/1068/1068
f 1053/1053/1053 1067/1067/1067 1032/1032/1032
f 1032/1032/1032 1064/1064/1064 1051/1051/1051
f 1034/1034/1034 1043/1043/1043 1042/1042/1042
f 1041/1041/1041 1052/1052/1052 1066/1066/1066
f 1030/1030/1030 1065/1065/1065 1052/1052/1052
f 1043/1043/1043 1051/1051/1051 1042/1042/1042
f 1030/1030/1030 1051/1051/1051 1064/1064/1064
f 1041/1041/1041 1063/1063/1063 1050/1050/1050
f 1062/1062/1062 1040/1040/1040 1046/1046/1046
f 1061/1061/1061 1049/1049/1049 1040/1040/1040
f 66/66/66 72/72/72 1049/1049/1049
f 1048/1048/1048 1060/1060/1060 1035/1035/1035
f 1048/1048/1048 1026/1026/1026 1059/1059/1059
f 1044/1044/1044 1058/1058/1058 1039/1039/1039
f 1047/1047/1047 1037/1037/1037 1057/1057/1057
f 1037/1037/1037 1038/1038/1038 1056/1056/1056
f 1036/1036/1036 1055/1055/1055 1038/1038/1038
f 1036/1036/1036 1039/1039/1039 1055/1055/1055
f 1054/1054/1054 1046/1046/1046 1035/1035/1035
f 1029/1029/1029 1050/1050/1050 1045/1045/1045
f 1023/1023/1023 1045/1045/1045 1044/1044/1044
f 1033/1033/1033 1053/1053/1053 1032/1032/1032
f 1020/1020/1020 1043/1043/1043 1034/1034/1034
f 1032/1032/1032 1051/1051/1051 1043/1043/1043
f 1031/1031/1031 1034/1034/1034 1042/1042/1042
f 1030/1030/1030 1052/1052/1052 1041/1041/1041
f 1051/1051/1051 1030/1030/1030 1042/1042/1042
f 1050/1050/1050 1029/1029/1029 1041/1041/1041
f 1040/1040/1040 1018/1018/1018 1046/1046/1046
f 1049/1049/1049 1028/1028/1028 1040/1040/1040
f 72/72/72 1028/1028/1028 1049/1049/1049
f 1048/1048/1048 1035/1035/1035 1026/1026/1026
f 1027/1027/1027 1044/1044/1044 1015/1015/1015
f 1015/1015/1015 1044/1044/1044 1039/1039/1039
f 1006/1006/1006 1037/1037/1037 1047/1047/1047
f 1025/1025/1025 1038/1038/1038 1037/1037/1037
f 1014/1014/1014 1036/1036/1036 1038/1038/1038
f 1024/1024/1024 1039/1039/1039 1036/1036/1036
f 1035/1035/1035 1046/1046/1046 1018/1018/1018
f 1029/1029/1029 1045/1045/1045 1023/1023/1023
f 1023/1023/1023 1044/1044/1044 1027/1027/1027
f 1022/1022/1022 1020/1020/1020 1034/1034/1034
f 1011/1011/1011 1033/1033/1033 1032/1032/1032
f 1043/1043/1043 1020/1020/1020 1032/1032/1032
f 1010/1010/1010 1034/1034/1034 1031/1031/1031
f 1019/1019/1019 1031/1031/1031 1042/1042/1042
f 1030/1030/1030 1041/1041/1041 1009/1009/1009
f 1042/1042/1042 1030/1030/1030 1019/1019/1019
f 1009/1009/1009 1041/1041/1041 1029/1029/1029
f 1028/1028/1028 1018/1018/1018 1040/1040/1040
f 1028/1028/1028 72/72/72 1017/1017/1017
f 1035/1035/1035 1013/1013/1013 1026/1026/1026
f 1016/1016/1016 1027/1027/1027 1015/1015/1015
f 1015/1015/1015 1039/1039/1039 1024/1024/1024
f 1038/1038/1038 1025/1025/1025 1014/1014/1014
f 1025/1025/1025 1037/1037/1037 1006/1006/1006
f 1036/1036/1036 1014/1014/1014 1024/1024/1024
f 1035/1035/1035 1018/1018/1018 1013/1013/1013
f 1023/1023/1023 1012/1012/1012 1029/1029/1029
f 1004/1004/1004 1023/1023/1023 1027/1027/1027
f 1022/1022/1022 1034/1034/1034 1010/1010/1010
f 1022/1022/1022 1003/1003/1003 1020/1020/1020
f 1011/1011/1011 1021/1021/1021 1033/1033/1033
f 1011/1011/1011 1032/1032/1032 1020/1020/1020
f 1019/1019/1019 1010/1010/1010 1031/1031/1031
f 1019/1019/1019 1030/1030/1030 1009/1009/1009
f 1009/1009/1009 1029/1029/1029 1012/1012/1012
f 1017/1017/1017 1008/1008/1008 1028/1028/1028
f 1018/1018/1018 1028/1028/1028 1008/1008/1008
f 80/80/80 1017/1017/1017 72/72/72
f 1027/1027/1027 1016/1016/1016 1004/1004/1004
f 1026/1026/1026 1013/1013/1013 1007/1007/1007
f 997/997/997 1016/1016/1016 1015/1015/1015
f 996/996/996 1015/1015/1015 1024/1024/1024
f 1025/1025/1025 1006/1006/1006 1014/1014/1014
f 1014/1014/1014 996/996/996 1024/1024/1024
f 1018/1018/1018 994/994/994 1013/1013/1013
f 1023/1023/1023 1004/1004/1004 1012/1012/1012
f 1003/1003/1003 1022/1022/1022 1010/1010/1010
f 1003/1003/1003 991/991/991 1020/1020/1020
f 1002/1002/1002 1021/1021/1021 1001/1001/1001
f 1021/1021/1021 1011/1011/1011 1001/1001/1001
f 991/991/991 1011/1011/1011 1020/1020/1020
f 1019/1019/1019 1000/1000/1000 1010/1010/1010
f 999/999/999 1000/1000/1000 1019/1019/1019
f 1009/1009/1009 999/999/999 1019/1019/1019
f 1012/1012/1012 985/985/985 1009/1009/1009
f 1017/1017/1017 989/989/989 1008/1008/1008
f 1018/1018/1018 1008/1008/1008 994/994/994
f 80/80/80 989/989/989 1017/1017/1017
f 1016/1016/1016 997/997/997 1004/1004/1004
f 1013/1013/1013 998/998/998 1007/1007/1007
f 1015/1015/1015 996/996/996 997/997/997
f 1014/1014/1014 1006/1006/1006 996/996/996
f 1005/1005/1005 987/987/987 1006/1006/1006
f 994/994/994 998/998/998 1013/1013/1013
f 985/985/985 1012/1012/1012 1004/1004/1004
f 984/984/984 1003/1003/1003 1010/1010/1010
f 991/991/991 1003/1003/1003 993/993/993
f 983/983/983 1002/1002/1002 1001/1001/1001
f 991/991/991 1001/1001/1001 1011/1011/1011
f 1000/1000/1000 984/984/984 1010/1010/1010
f 999/999/999 982/982/982 1000/1000/1000
f 985/985/985 999/999/999 1009/1009/1009
f 84/84/84 990/990/990 80/80/80
f 989/989/989 994/994/994 1008/1008/1008
f 990/990/990 989/989/989 80/80/80
f 986/986/986 1004/1004/1004 997/997/997
f 998/998/998 988/988/988 1007/1007/1007
f 978/978/978 997/997/997 996/996/996
f 987/987/987 996/996/996 1006/1006/1006
f 995/995/995 987/987/987 1005/1005/1005
f 998/998/998 994/994/994 977/977/977
f 986/986/986 985/985/985 1004/1004/1004
f 984/984/984 993/993/993 1003/1003/1003
f 992/992/992 1002/1002/1002 983/983/983
f 991/991/991 993/993/993 975/975/975
f 983/983/983 1001/1001/1001 991/991/991
f 984/984/984 1000/1000/1000 982/982/982
f 982/982/982 999/999/999 985/985/985
f 981/981/981 990/990/990 84/84/84
f 96/96/96 981/981/981 84/84/84
f 989/989/989 980/980/980 994/994/994
f 990/990/990 971/971/971 989/989/989
f 979/979/979 986/986/986 997/997/997
f 988/988/988 998/998/998 977/977/977
f 978/978/978 979/979/979 997/997/997
f 996/996/996 987/987/987 978/978/978
f 987/987/987 995/995/995 969/969/969
f 994/994/994 980/980/980 977/977/977
f 986/986/986 976/976/976 985/985/985
f 975/975/975 993/993/993 984/984/984
f 951/951/951 992/992/992 983/983/983
f 991/991/991 975/975/975 983/983/983
f 982/982/982 967/967/967 984/984/984
f 985/985/985 968/968/968 982/982/982
f 981/981/981 974/974/974 990/990/990
f 96/96/96 966/966/966 981/981/981
f 974/974/974 973/973/973 990/990/990
f 972/972/972 980/980/980 989/989/989
f 973/973/973 971/971/971 990/990/990
f 971/971/971 972/972/972 989/989/989
f 986/986/986 979/979/979 961/961/961
f 988/988/988 977/977/977 970/970/970
f 988/988/988 970/970/970 969/969/969
f 964/964/964 979/979/979 978/978/978
f 987/987/987 969/969/969 978/978/978
f 977/977/977 980/980/980 965/965/965
f 986/986/986 961/961/961 976/976/976
f 985/985/985 976/976/976 968/968/968
f 984/984/984 967/967/967 975/975/975
f 975/975/975 951/951/951 983/983/983
f 982/982/982 968/968/968 967/967/967
f 966/966/966 974/974/974 981/981/981
f 96/96/96 101/101/101 966/966/966
f 973/973/973 974/974/974 957/957/957
f 972/972/972 965/965/965 980/980/980
f 971/971/971 973/973/973 956/956/956
f 971/971/971 955/955/955 972/972/972
f 964/964/964 961/961/961 979/979/979
f 977/977/977 963/963/963 970/970/970
f 970/970/970 952/952/952 969/969/969
f 969/969/969 964/964/964 978/978/978
f 977/977/977 965/965/965 963/963/963
f 976/976/976 961/961/961 968/968/968
f 967/967/967 951/951/951 975/975/975
f 968/968/968 950/950/950 967/967/967
f 974/974/974 966/966/966 959/959/959
f 101/101/101 947/947/947 966/966/966
f 974/974/974 959/959/959 958/958/958
f 974/974/974 958/958/958 957/957/957
f 957/957/957 956/956/956 973/973/973
f 972/972/972 955/955/955 965/965/965
f 956/956/956 955/955/955 971/971/971
f 964/964/964 953/953/953 961/961/961
f 953/953/953 962/962/962 961/961/961
f 963/963/963 952/952/952 970/970/970
f 952/952/952 964/964/964 969/969/969
f 963/963/963 965/965/965 945/945/945
f 961/961/961 962/962/962 939/939/939
f 961/961/961 950/950/950 968/968/968
f 967/967/967 950/950/950 951/951/951
f 937/937/937 960/960/960 954/954/954
f 966/966/966 947/947/947 959/959/959
f 959/959/959 933/933/933 958/958/958
f 957/957/957 958/958/958 946/946/946
f 956/956/956 957/957/957 944/944/944
f 955/955/955 945/945/945 965/965/965
f 956/956/956 930/930/930 955/955/955
f 937/937/937 954/954/954 943/943/943
f 964/964/964 927/927/927 953/953/953
f 953/953/953 942/942/942 962/962/962
f 963/963/963 941/941/941 952/952/952
f 964/964/964 952/952/952 927/927/927
f 941/941/941 963/963/963 945/945/945
f 942/942/942 940/940/940 962/962/962
f 940/940/940 939/939/939 962/962/962
f 961/961/961 939/939/939 950/950/950
f 926/926/926 951/951/951 950/950/950
f 949/949/949 960/960/960 937/937/937
f 937/937/937 943/943/943 936/936/936
f 948/948/948 949/949/949 924/924/924
f 959/959/959 947/947/947 934/934/934
f 959/959/959 934/934/934 933/933/933
f 933/933/933 946/946/946 958/958/958
f 957/957/957 946/946/946 932/932/932
f 957/957/957 932/932/932 944/944/944
f 944/944/944 931/931/931 956/956/956
f 956/956/956 931/931/931 930/930/930
f 930/930/930 945/945/945 955/955/955
f 954/954/954 929/929/929 943/943/943
f 927/927/927 942/942/942 953/953/953
f 941/941/941 927/927/927 952/952/952
f 941/941/941 945/945/945 918/918/918
f 942/942/942 919/919/919 940/940/940
f 926/926/926 938/938/938 951/951/951
f 940/940/940 917/917/917 939/939/939
f 950/950/950 939/939/939 926/926/926
f 949/949/949 937/937/937 924/924/924
f 936/936/936 943/943/943 908/908/908
f 937/937/937 936/936/936 915/915/915
f 948/948/948 924/924/924 914/914/914
f 935/935/935 948/948/948 914/914/914
f 934/934/934 947/947/947 912/912/912
f 934/934/934 911/911/911 933/933/933
f 946/946/946 933/933/933 910/910/910
f 932/932/932 946/946/946 910/910/910
f 944/944/944 932/932/932 923/923/923
f 944/944/944 922/922/922 931/931/931
f 931/931/931 909/909/909 930/930/930
f 945/945/945 930/930/930 918/918/918
f 923/923/923 922/922/922 944/944/944
f 943/943/943 929/929/929 908/908/908
f 921/921/921 929/929/929 928/928/928
f 928/928/928 906/906/906 921/921/921
f 942/942/942 927/927/927 919/919/919
f 927/927/927 941/941/941 918/918/918
f 917/917/917 940/940/940 919/919/919
f 903/903/903 938/938/938 926/926/926
f 917/917/917 926/926/926 939/939/939
f 938/938/938 903/903/903 925/925/925
f 924/924/924 937/937/937 915/915/915
f 915/915/915 936/936/936 908/908/908
f 914/914/914 924/924/924 899/899/899
f 935/935/935 914/914/914 913/913/913
f 912/912/912 911/911/911 934/934/934
f 933/933/933 911/911/911 910/910/910
f 910/910/910 923/923/923 932/932/932
f 922/922/922 909/909/909 931/931/931
f 930/930/930 909/909/909 918/918/918
f 922/922/922 923/923/923 896/896/896
f 929/929/929 921/921/921 908/908/908
f 920/920/920 906/906/906 928/928/928
f 921/921/921 906/906/906 907/907/907
f 919/919/919 927/927/927 904/904/904
f 904/904/904 927/927/927 918/918/918
f 919/919/919 881/881/881 917/917/917
f 926/926/926 917/917/917 903/903/903
f 903/903/903 902/902/902 925/925/925
f 924/924/924 915/915/915 899/899/899
f 889/889/889 915/915/915 908/908/908
f 899/899/899 898/898/898 914/914/914
f 913/913/913 914/914/914 888/888/888
f 913/913/913 890/890/890 916/916/916
f 911/911/911 912/912/912 886/886/886
f 911/911/911 885/885/885 910/910/910
f 910/910/910 896/896/896 923/923/923
f 895/895/895 909/909/909 922/922/922
f 918/918/918 909/909/909 884/884/884
f 922/922/922 896/896/896 895/895/895
f 883/883/883 921/921/921 907/907/907
f 883/883/883 908/908/908 921/921/921
f 920/920/920 893/893/893 906/906/906
f 882/882/882 907/907/907 906/906/906
f 893/893/893 920/920/920 905/905/905
f 881/881/881 919/919/919 904/904/904
f 918/918/918 884/884/884 904/904/904
f 903/903/903 917/917/917 881/881/881
f 902/902/902 903/903/903 891/891/891
f 901/901/901 916/916/916 890/890/890
f 900/900/900 901/901/901 880/880/880
f 915/915/915 889/889/889 899/899/899
f 908/908/908 894/894/894 889/889/889
f 899/899/899 879/879/879 898/898/898
f 914/914/914 898/898/898 888/888/888
f 913/913/913 888/888/888 890/890/890
f 897/897/897 900/900/900 887/887/887
f 912/912/912 897/897/897 886/886/886
f 886/886/886 885/885/885 911/911/911
f 885/885/885 896/896/896 910/910/910
f 884/884/884 909/909/909 895/895/895
f 895/895/895 896/896/896 877/877/877
f 883/883/883 907/907/907 892/892/892
f 883/883/883 894/894/894 908/908/908
f 907/907/907 882/882/882 892/892/892
f 882/882/882 906/906/906 893/893/893
f 905/905/905 868/868/868 893/893/893
f 904/904/904 884/884/884 881/881/881
f 891/891/891 903/903/903 881/881/881
f 891/891/891 867/867/867 902/902/902
f 890/890/890 880/880/880 901/901/901
f 900/900/900 880/880/880 887/887/887
f 889/889/889 879/879/879 899/899/899
f 894/894/894 865/865/865 889/889/889
f 888/888/888 898/898/898 879/879/879
f 888/888/888 873/873/873 890/890/890
f 897/897/897 887/887/887 878/878/878
f 897/897/897 878/878/878 886/886/886
f 885/885/885 886/886/886 871/871/871
f 885/885/885 877/877/877 896/896/896
f 895/895/895 876/876/876 884/884/884
f 876/876/876 895/895/895 877/877/877
f 883/883/883 892/892/892 875/875/875
f 865/865/865 894/894/894 883/883/883
f 892/892/892 882/882/882 874/874/874
f 893/893/893 868/868/868 882/882/882
f 875/875/875 892/892/892 874/874/874
f 884/884/884 869/869/869 881/881/881
f 881/881/881 867/867/867 891/891/891
f 890/890/890 873/873/873 880/880/880
f 880/880/880 866/866/866 887/887/887
f 889/889/889 865/865/865 879/879/879
f 888/888/888 879/879/879 872/872/872
f 888/888/888 872/872/872 873/873/873
f 878/878/878 887/887/887 866/866/866
f 878/878/878 871/871/871 886/886/886
f 871/871/871 870/870/870 885/885/885
f 885/885/885 870/870/870 877/877/877
f 869/869/869 884/884/884 876/876/876
f 876/876/876 877/877/877 863/863/863
f 865/865/865 883/883/883 875/875/875
f 882/882/882 868/868/868 874/874/874
f 862/862/862 875/875/875 874/874/874
f 881/881/881 869/869/869 867/867/867
f 873/873/873 866/866/866 880/880/880
f 872/872/872 879/879/879 865/865/865
f 873/873/873 872/872/872 860/860/860
f 866/866/866 864/864/864 878/878/878
f 878/878/878 864/864/864 871/871/871
f 871/871/871 859/859/859 870/870/870
f 56/56/56 57/57/57 58/58/58
f 59/59/59 57/57/57 56/56/56
f 60/60/60 58/58/58 57/57/57
f 61/61/61 57/57/57 59/59/59
f 59/59/59 56/56/56 62/62/62
f 57/57/57 63/63/63 60/60/60
f 57/57/57 61/61/61 64/64/64
f 62/62/62 61/61/61 59/59/59
f 62/62/62 56/56/56 65/65/65
f 60/60/60 63/63/63 66/66/66
f 57/57/57 64/64/64 63/63/63
f 67/67/67 64/64/64 61/61/61
f 68/68/68 61/61/61 62/62/62
f 66/66/66 63/63/63 69/69/69
f 67/67/67 63/63/63 64/64/64
f 61/61/61 70/70/70 67/67/67
f 71/71/71 61/61/61 68/68/68
f 63/63/63 67/67/67 69/69/69
f 66/66/66 69/69/69 72/72/72
f 71/71/71 70/70/70 61/61/61
f 73/73/73 67/67/67 70/70/70
f 74/74/74 71/71/71 68/68/68
f 75/75/75 69/69/69 67/67/67
f 76/76/76 72/72/72 69/69/69
f 77/77/77 70/70/70 71/71/71
f 67/67/67 73/73/73 75/75/75
f 70/70/70 78/78/78 73/73/73
f 79/79/79 71/71/71 74/74/74
f 75/75/75 76/76/76 69/69/69
f 72/72/72 76/76/76 80/80/80
f 70/70/70 77/77/77 81/81/81
f 71/71/71 79/79/79 77/77/77
f 73/73/73 78/78/78 75/75/75
f 81/81/81 78/78/78 70/70/70
f 82/82/82 79/79/79 74/74/74
f 75/75/75 83/83/83 76/76/76
f 84/84/84 80/80/80 76/76/76
f 85/85/85 81/81/81 77/77/77
f 85/85/85 77/77/77 79/79/79
f 78/78/78 83/83/83 75/75/75
f 81/81/81 83/83/83 78/78/78
f 86/86/86 79/79/79 82/82/82
f 87/87/87 82/82/82 74/74/74
f 83/83/83 84/84/84 76/76/76
f 88/88/88 81/81/81 85/85/85
f 79/79/79 86/86/86 85/85/85
f 89/89/89 83/83/83 81/81/81
f 90/90/90 86/86/86 82/82/82
f 91/91/91 82/82/82 87/87/87
f 83/83/83 92/92/92 84/84/84
f 88/88/88 93/93/93 81/81/81
f 94/94/94 88/88/88 85/85/85
f 86/86/86 90/90/90 85/85/85
f 83/83/83 89/89/89 92/92/92
f 81/81/81 93/93/93 89/89/89
f 82/82/82 95/95/95 90/90/90
f 95/95/95 82/82/82 91/91/91
f 92/92/92 96/96/96 84/84/84
f 97/97/97 93/93/93 88/88/88
f 94/94/94 98/98/98 88/88/88
f 90/90/90 94/94/94 85/85/85
f 99/99/99 92/92/92 89/89/89
f 89/89/89 93/93/93 99/99/99
f 95/95/95 100/100/100 90/90/90
f 100/100/100 95/95/95 91/91/91
f 101/101/101 96/96/96 92/92/92
f 93/93/93 97/97/97 102/102/102
f 103/103/103 97/97/97 88/88/88
f 88/88/88 98/98/98 103/103/103
f 104/104/104 98/98/98 94/94/94
f 90/90/90 104/104/104 94/94/94
f 92/92/92 99/99/99 101/101/101
f 102/102/102 99/99/99 93/93/93
f 100/100/100 105/105/105 90/90/90
f 91/91/91 106/106/106 100/100/100
f 107/107/107 102/102/102 97/97/97
f 103/103/103 107/107/107 97/97/97
f 108/108/108 103/103/103 98/98/98
f 109/109/109 98/98/98 104/104/104
f 90/90/90 105/105/105 104/104/104
f 99/99/99 102/102/102 101/101/101
f 105/105/105 100/100/100 106/106/106
f 107/107/107 110/110/110 102/102/102
f 103/103/103 108/108/108 107/107/107
f 98/98/98 109/109/109 108/108/108
f 111/111/111 109/109/109 104/104/104
f 111/111/111 104/104/104 105/105/105
f 110/110/110 101/101/101 102/102/102
f 112/112/112 105/105/105 106/106/106
f 113/113/113 107/107/107 108/108/108
f 114/114/114 108/108/108 109/109/109
f 114/114/114 109/109/109 111/111/111
f 115/115/115 111/111/111 105/105/105
f 116/116/116 105/105/105 112/112/112
f 108/108/108 114/114/114 113/113/113
f 115/115/115 105/105/105 116/116/116
f 112/112/112 117/117/117 116/116/116
f 118/118/118 115/115/115 116/116/116
f 116/116/116 117/117/117 118/118/118
f 877/877/877 870/870/870 863/863/863
f 869/869/869 876/876/876 863/863/863
f 875/875/875 862/862/862 865/865/865
f 862/862/862 874/874/874 868/868/868
f 867/867/867 869/869/869 856/856/856
f 873/873/873 860/860/860 866/866/866
f 865/865/865 860/860/860 872/872/872
f 866/866/866 857/857/857 864/864/864
f 864/864/864 859/859/859 871/871/871
f 870/870/870 859/859/859 863/863/863
f 856/856/856 869/869/869 863/863/863
f 862/862/862 855/855/855 865/865/865
f 868/868/868 858/858/858 862/862/862
f 868/868/868 861/861/861 858/858/858
f 861/861/861 867/867/867 856/856/856
f 119/119/119 120/120/120 121/121/121
f 119/119/119 121/121/121 122/122/122
f 123/123/123 122/122/122 121/121/121
f 122/122/122 124/124/124 119/119/119
f 122/122/122 123/123/123 125/125/125
f 123/123/123 121/121/121 126/126/126
f 124/124/124 122/122/122 127/127/127
f 128/128/128 119/119/119 124/124/124
f 125/125/125 123/123/123 126/126/126
f 125/125/125 127/127/127 122/122/122
f 128/128/128 124/124/124 127/127/127
f 125/125/125 126/126/126 129/129/129
f 127/127/127 125/125/125 130/130/130
f 127/127/127 131/131/131 128/128/128
f 125/125/125 129/129/129 132/132/132
f 133/133/133 129/129/129 126/126/126
f 132/132/132 130/130/130 125/125/125
f 130/130/130 134/134/134 127/127/127
f 131/131/131 127/127/127 134/134/134
f 135/135/135 128/128/128 131/131/131
f 136/136/136 132/132/132 129/129/129
f 129/129/129 133/133/133 136/136/136
f 130/130/130 132/132/132 137/137/137
f 134/134/134 130/130/130 138/138/138
f 131/131/131 134/134/134 139/139/139
f 131/131/131 140/140/140 135/135/135
f 141/141/141 128/128/128 135/135/135
f 132/132/132 136/136/136 142/142/142
f 143/143/143 136/136/136 133/133/133
f 137/137/137 132/132/132 144/144/144
f 137/137/137 138/138/138 130/130/130
f 145/145/145 134/134/134 138/138/138
f 139/139/139 134/134/134 145/145/145
f 140/140/140 131/131/131 139/139/139
f 146/146/146 135/135/135 140/140/140
f 135/135/135 147/147/147 141/141/141
f 142/142/142 136/136/136 148/148/148
f 132/132/132 142/142/142 149/149/149
f 136/136/136 143/143/143 148/148/148
f 133/133/133 150/150/150 143/143/143
f 144/144/144 132/132/132 149/149/149
f 138/138/138 137/137/137 144/144/144
f 145/145/145 138/138/138 151/151/151
f 152/152/152 139/139/139 145/145/145
f 139/139/139 153/153/153 140/140/140
f 154/154/154 146/146/146 140/140/140
f 135/135/135 146/146/146 147/147/147
f 155/155/155 142/142/142 148/148/148
f 155/155/155 149/149/149 142/142/142
f 148/148/148 143/143/143 156/156/156
f 143/143/143 150/150/150 156/156/156
f 138/138/138 144/144/144 157/157/157
f 157/157/157 151/151/151 138/138/138
f 145/145/145 151/151/151 158/158/158
f 153/153/153 139/139/139 152/152/152
f 159/159/159 152/152/152 145/145/145
f 153/153/153 160/160/160 140/140/140
f 154/154/154 140/140/140 160/160/160
f 161/161/161 146/146/146 154/154/154
f 162/162/162 147/147/147 146/146/146
f 151/151/151 157/157/157 163/163/163
f 158/158/158 164/164/164 145/145/145
f 158/158/158 151/151/151 163/163/163
f 160/160/160 153/153/153 152/152/152
f 165/165/165 152/152/152 159/159/159
f 159/159/159 145/145/145 166/166/166
f 167/167/167 154/154/154 160/160/160
f 146/146/146 161/161/161 162/162/162
f 168/168/168 161/161/161 154/154/154
f 166/166/166 164/164/164 158/158/158
f 166/166/166 145/145/145 164/164/164
f 158/158/158 163/163/163 169/169/169
f 152/152/152 165/165/165 160/160/160
f 159/159/159 170/170/170 165/165/165
f 170/170/170 159/159/159 166/166/166
f 167/167/167 160/160/160 171/171/171
f 168/168/168 154/154/154 167/167/167
f 158/158/158 172/172/172 166/166/166
f 171/171/171 160/160/160 165/165/165
f 171/171/171 165/165/165 170/170/170
f 173/173/173 170/170/170 166/166/166
f 174/174/174 167/167/167 171/171/171
f 173/173/173 166/166/166 172/172/172
f 170/170/170 175/175/175 171/171/171
f 176/176/176 170/170/170 173/173/173
f 171/171/171 175/175/175 174/174/174
f 175/175/175 170/170/170 176/176/176
f 174/174/174 175/175/175 176/176/176
f 866/866/866 860/860/860 857/857/857
f 865/865/865 855/855/855 860/860/860
f 859/859/859 864/864/864 857/857/857
f 863/863/863 859/859/859 856/856/856
f 862/862/862 858/858/858 855/855/855
f 856/856/856 858/858/858 861/861/861
f 860/860/860 855/855/855 857/857/857
f 859/859/859 857/857/857 856/856/856
f 858/858/858 856/856/856 855/855/855
f 855/855/855 856/856/856 857/857/857
f 848/848/848 853/853/853 854/854/854
f 854/854/854 853/853/853 852/852/852
f 851/851/851 853/853/853 848/848/848
f 852/852/852 853/853/853 842/842/842
f 847/847/847 851/851/851 848/848/848
f 851/851/851 842/842/842 853/853/853
f 842/842/842 850/850/850 852/852/852
f 847/847/847 848/848/848 837/837/837
f 851/851/851 847/847/847 842/842/842
f 840/840/840 850/850/850 842/842/842
f 846/846/846 841/841/841 850/850/850
f 840/840/840 846/846/846 850/850/850
f 849/849/849 832/832/832 844/844/844
f 848/848/848 844/844/844 837/837/837
f 828/828/828 843/843/843 845/845/845
f 847/847/847 837/837/837 842/842/842
f 831/831/831 840/840/840 842/842/842
f 829/829/829 841/841/841 846/846/846
f 829/829/829 846/846/846 840/840/840
f 840/840/840 836/836/836 830/830/830
f 845/845/845 839/839/839 828/828/828
f 837/837/837 844/844/844 832/832/832
f 843/843/843 828/828/828 838/838/838
f 837/837/837 831/831/831 842/842/842
f 836/836/836 840/840/840 831/831/831
f 824/824/824 830/830/830 836/836/836
f 835/835/835 841/841/841 829/829/829
f 830/830/830 829/829/829 840/840/840
f 828/828/828 839/839/839 834/834/834
f 821/821/821 834/834/834 833/833/833
f 826/826/826 835/835/835 822/822/822
f 837/837/837 832/832/832 819/819/819
f 838/838/838 828/828/828 825/825/825
f 831/831/831 837/837/837 819/819/819
f 831/831/831 824/824/824 836/836/836
f 823/823/823 830/830/830 824/824/824
f 822/822/822 835/835/835 829/829/829
f 818/818/818 829/829/829 830/830/830
f 821/821/821 828/828/828 834/834/834
f 833/833/833 827/827/827 821/821/821
f 817/817/817 827/827/827 826/826/826
f 822/822/822 820/820/820 826/826/826
f 825/825/825 819/819/819 832/832/832
f 825/825/825 828/828/828 814/814/814
f 831/831/831 819/819/819 824/824/824
f 830/830/830 823/823/823 818/818/818
f 824/824/824 816/816/816 823/823/823
f 829/829/829 818/818/818 822/822/822
f 814/814/814 828/828/828 821/821/821
f 817/817/817 821/821/821 827/827/827
f 820/820/820 822/822/822 815/815/815
f 826/826/826 820/820/820 817/817/817
f 825/825/825 814/814/814 819/819/819
f 824/824/824 819/819/819 816/816/816
f 816/816/816 818/818/818 823/823/823
f 815/815/815 822/822/822 818/818/818
f 821/821/821 817/817/817 814/814/814
f 817/817/817 820/820/820 815/815/815
f 814/814/814 816/816/816 819/819/819
f 815/815/815 818/818/818 816/816/816
f 817/817/817 815/815/815 814/814/814
f 814/814/814 815/815/815 816/816/816
f 810/810/810 809/809/809 813/813/813
f 812/812/812 813/813/813 809/809/809
f 808/808/808 807/807/807 812/812/812
f 807/807/807 811/811/811 812/812/812
f 809/809/809 810/810/810 801/801/801
f 812/812/812 809/809/809 805/805/805
f 805/805/805 808/808/808 812/812/812
f 808/808/808 794/794/794 807/807/807
f 807/807/807 804/804/804 811/811/811
f 806/806/806 804/804/804 802/802/802
f 803/803/803 801/801/801 810/810/810
f 801/801/801 805/805/805 809/809/809
f 805/805/805 794/794/794 808/808/808
f 794/794/794 804/804/804 807/807/807
f 795/795/795 802/802/802 804/804/804
f 802/802/802 799/799/799 806/806/806
f 803/803/803 798/798/798 801/801/801
f 801/801/801 794/794/794 805/805/805
f 804/804/804 794/794/794 795/795/795
f 796/796/796 798/798/798 803/803/803
f 792/792/792 800/800/800 799/799/799
f 795/795/795 799/799/799 802/802/802
f 798/798/798 794/794/794 801/801/801
f 797/797/797 795/795/795 794/794/794
f 800/800/800 792/792/792 793/793/793
f 798/798/798 796/796/796 788/788/788
f 795/795/795 797/797/797 790/790/790
f 795/795/795 792/792/792 799/799/799
f 794/794/794 798/798/798 788/788/788
f 794/794/794 790/790/790 797/797/797
f 791/791/791 793/793/793 792/792/792
f 790/790/790 792/792/792 795/795/795
f 788/788/788 789/789/789 794/794/794
f 789/789/789 790/790/790 794/794/794
f 791/791/791 782/782/782 793/793/793
f 785/785/785 791/791/791 792/792/792
f 792/792/792 790/790/790 785/785/785
f 788/788/788 784/784/784 789/789/789
f 790/790/790 789/789/789 786/786/786
f 785/785/785 782/782/782 791/791/791
f 786/786/786 785/785/785 790/790/790
f 787/787/787 784/784/784 788/788/788
f 784/784/784 786/786/786 789/789/789
f 779/779/779 782/782/782 785/785/785
f 776/776/776 785/785/785 786/786/786
f 787/787/787 780/780/780 784/784/784
f 784/784/784 776/776/776 786/786/786
f 781/781/781 779/779/779 785/785/785
f 779/779/779 783/783/783 782/782/782
f 783/783/783 777/777/777 782/782/782
f 776/776/776 781/781/781 785/785/785
f 780/780/780 776/776/776 784/784/784
f 779/779/779 781/781/781 770/770/770
f 773/773/773 783/783/783 779/779/779
f 777/777/777 783/783/783 773/773/773
f 775/775/775 778/778/778 782/782/782
f 777/777/777 775/775/775 782/782/782
f 774/774/774 772/772/772 780/780/780
f 776/776/776 770/770/770 781/781/781
f 776/776/776 780/780/780 772/772/772
f 770/770/770 773/773/773 779/779/779
f 773/773/773 768/768/768 777/777/777
f 775/775/775 767/767/767 778/778/778
f 775/775/775 777/777/777 768/768/768
f 774/774/774 763/763/763 772/772/772
f 772/772/772 770/770/770 776/776/776
f 773/773/773 771/771/771 766/766/766
f 770/770/770 771/771/771 773/773/773
f 769/769/769 768/768/768 773/773/773
f 768/768/768 767/767/767 775/775/775
f 766/766/766 769/769/769 773/773/773
f 770/770/770 772/772/772 763/763/763
f 771/771/771 770/770/770 766/766/766
f 768/768/768 769/769/769 765/765/765
f 767/767/767 768/768/768 762/762/762
f 769/769/769 766/766/766 760/760/760
f 763/763/763 766/766/766 770/770/770
f 760/760/760 765/765/765 769/769/769
f 765/765/765 762/762/762 768/768/768
f 762/762/762 764/764/764 767/767/767
f 763/763/763 760/760/760 766/766/766
f 760/760/760 762/762/762 765/765/765
f 762/762/762 759/759/759 764/764/764
f 760/760/760 761/761/761 762/762/762
f 761/761/761 759/759/759 762/762/762
f 757/757/757 761/761/761 760/760/760
f 759/759/759 761/761/761 758/758/758
f 757/757/757 758/758/758 761/761/761
f 758/758/758 755/755/755 759/759/759
f 758/758/758 757/757/757 756/756/756
f 756/756/756 754/754/754 758/758/758
f 754/754/754 755/755/755 758/758/758
f 754/754/754 752/752/752 755/755/755
f 753/753/753 755/755/755 752/752/752
f 753/753/753 752/752/752 751/751/751
f 750/750/750 749/749/749 751/751/751
f 743/743/743 745/745/745 747/747/747
f 741/741/741 744/744/744 746/746/746
f 744/744/744 743/743/743 747/747/747
f 746/746/746 740/740/740 741/741/741
f 739/739/739 745/745/745 743/743/743
f 743/743/743 744/744/744 741/741/741
f 742/742/742 741/741/741 740/740/740
f 741/741/741 739/739/739 743/743/743
f 738/738/738 741/741/741 742/742/742
f 738/738/738 739/739/739 741/741/741
f 737/737/737 739/739/739 738/738/738
f 737/737/737 736/736/736 739/739/739
f 734/734/734 735/735/735 736/736/736
f 734/734/734 733/733/733 735/735/735
f 732/732/732 733/733/733 734/734/734
f 725/725/725 724/724/724 729/729/729
f 719/719/719 727/727/727 720/720/720
f 708/708/708 731/731/731 726/726/726
f 707/707/707 724/724/724 725/725/725
f 730/730/730 715/715/715 716/716/716
f 715/715/715 730/730/730 714/714/714
f 724/724/724 701/701/701 729/729/729
f 726/726/726 712/712/712 718/718/718
f 722/722/722 728/728/728 701/701/701
f 724/724/724 707/707/707 710/710/710
f 720/720/720 697/697/697 719/719/719
f 719/719/719 698/698/698 727/727/727
f 718/718/718 708/708/708 726/726/726
f 717/717/717 707/707/707 725/725/725
f 716/716/716 715/715/715 679/679/679
f 679/679/679 715/715/715 690/690/690
f 714/714/714 691/691/691 715/715/715
f 710/710/710 701/701/701 724/724/724
f 688/688/688 723/723/723 713/713/713
f 688/688/688 712/712/712 723/723/723
f 682/682/682 718/718/718 712/712/712
f 701/701/701 711/711/711 722/722/722
f 711/711/711 700/700/700 722/722/722
f 686/686/686 710/710/710 707/707/707
f 721/721/721 709/709/709 699/699/699
f 697/697/697 720/720/720 699/699/699
f 698/698/698 719/719/719 697/697/697
f 684/684/684 709/709/709 708/708/708
f 682/682/682 708/708/708 718/718/718
f 696/696/696 695/695/695 717/717/717
f 695/695/695 707/707/707 717/717/717
f 716/716/716 679/679/679 706/706/706
f 704/704/704 679/679/679 690/690/690
f 715/715/715 691/691/691 690/690/690
f 714/714/714 689/689/689 691/691/691
f 710/710/710 685/685/685 701/701/701
f 703/703/703 713/713/713 673/673/673
f 703/703/703 688/688/688 713/713/713
f 702/702/702 712/712/712 688/688/688
f 702/702/702 682/682/682 712/712/712
f 701/701/701 687/687/687 711/711/711
f 711/711/711 687/687/687 700/700/700
f 694/694/694 686/686/686 707/707/707
f 686/686/686 685/685/685 710/710/710
f 684/684/684 699/699/699 709/709/709
f 672/672/672 697/697/697 699/699/699
f 697/697/697 670/670/670 698/698/698
f 682/682/682 684/684/684 708/708/708
f 695/695/695 696/696/696 649/649/649
f 707/707/707 695/695/695 680/680/680
f 680/680/680 694/694/694 707/707/707
f 706/706/706 679/679/679 693/693/693
f 679/679/679 704/704/704 667/667/667
f 706/706/706 693/693/693 678/678/678
f 692/692/692 705/705/705 678/678/678
f 704/704/704 690/690/690 667/667/667
f 690/690/690 691/691/691 662/662/662
f 691/691/691 689/689/689 675/675/675
f 685/685/685 674/674/674 701/701/701
f 703/703/703 673/673/673 688/688/688
f 659/659/659 702/702/702 688/688/688
f 659/659/659 682/682/682 702/702/702
f 674/674/674 687/687/687 701/701/701
f 687/687/687 673/673/673 700/700/700
f 686/686/686 694/694/694 648/648/648
f 686/686/686 657/657/657 685/685/685
f 672/672/672 699/699/699 684/684/684
f 683/683/683 698/698/698 670/670/670
f 670/670/670 697/697/697 672/672/672
f 656/656/656 684/684/684 682/682/682
f 681/681/681 649/649/649 696/696/696
f 649/649/649 680/680/680 695/695/695
f 680/680/680 648/648/648 694/694/694
f 679/679/679 647/647/647 693/693/693
f 667/667/667 666/666/666 679/679/679
f 693/693/693 647/647/647 678/678/678
f 678/678/678 665/665/665 692/692/692
f 665/665/665 664/664/664 692/692/692
f 677/677/677 692/692/692 664/664/664
f 681/681/681 677/677/677 637/637/637
f 690/690/690 663/663/663 667/667/667
f 663/663/663 690/690/690 676/676/676
f 691/691/691 675/675/675 662/662/662
f 662/662/662 676/676/676 690/690/690
f 689/689/689 661/661/661 675/675/675
f 674/674/674 685/685/685 660/660/660
f 688/688/688 673/673/673 659/659/659
f 650/650/650 682/682/682 659/659/659
f 674/674/674 658/658/658 687/687/687
f 673/673/673 687/687/687 658/658/658
f 648/648/648 657/657/657 686/686/686
f 657/657/657 660/660/660 685/685/685
f 684/684/684 656/656/656 671/671/671
f 655/655/655 672/672/672 684/684/684
f 684/684/684 671/671/671 655/655/655
f 670/670/670 652/652/652 683/683/683
f 639/639/639 670/670/670 672/672/672
f 652/652/652 669/669/669 683/683/683
f 650/650/650 656/656/656 682/682/682
f 637/637/637 668/668/668 681/681/681
f 668/668/668 649/649/649 681/681/681
f 649/649/649 648/648/648 680/680/680
f 647/647/647 679/679/679 666/666/666
f 667/667/667 635/635/635 666/666/666
f 665/665/665 678/678/678 647/647/647
f 665/665/665 634/634/634 664/664/664
f 664/664/664 637/637/637 677/677/677
f 663/663/663 646/646/646 667/667/667
f 676/676/676 618/618/618 663/663/663
f 675/675/675 645/645/645 662/662/662
f 662/662/662 618/618/618 676/676/676
f 661/661/661 645/645/645 675/675/675
f 674/674/674 660/660/660 631/631/631
f 616/616/616 659/659/659 673/673/673
f 644/644/644 650/650/650 659/659/659
f 658/658/658 674/674/674 631/631/631
f 673/673/673 658/658/658 616/616/616
f 648/648/648 629/629/629 657/657/657
f 660/660/660 657/657/657 642/642/642
f 641/641/641 671/671/671 656/656/656
f 672/672/672 655/655/655 639/639/639
f 671/671/671 640/640/640 655/655/655
f 671/671/671 641/641/641 640/640/640
f 625/625/625 653/653/653 669/669/669
f 626/626/626 654/654/654 653/653/653
f 639/639/639 652/652/652 670/670/670
f 652/652/652 625/625/625 669/669/669
f 654/654/654 638/638/638 651/651/651
f 622/622/622 656/656/656 650/650/650
f 649/649/649 668/668/668 637/637/637
f 648/648/648 649/649/649 621/621/621
f 667/667/667 646/646/646 635/635/635
f 647/647/647 666/666/666 635/635/635
f 634/634/634 665/665/665 647/647/647
f 637/637/637 664/664/664 634/634/634
f 646/646/646 663/663/663 618/618/618
f 662/662/662 645/645/645 618/618/618
f 661/661/661 632/632/632 645/645/645
f 642/642/642 631/631/631 660/660/660
f 659/659/659 616/616/616 644/644/644
f 630/630/630 650/650/650 644/644/644
f 631/631/631 643/643/643 658/658/658
f 658/658/658 643/643/643 616/616/616
f 636/636/636 629/629/629 648/648/648
f 629/629/629 642/642/642 657/657/657
f 656/656/656 622/622/622 641/641/641
f 655/655/655 628/628/628 639/639/639
f 655/655/655 640/640/640 628/628/628
f 614/614/614 640/640/640 641/641/641
f 626/626/626 638/638/638 654/654/654
f 626/626/626 653/653/653 625/625/625
f 639/639/639 625/625/625 652/652/652
f 624/624/624 651/651/651 638/638/638
f 627/627/627 610/610/610 638/638/638
f 651/651/651 624/624/624 623/623/623
f 609/609/609 610/610/610 627/627/627
f 630/630/630 622/622/622 650/650/650
f 637/637/637 621/621/621 649/649/649
f 648/648/648 621/621/621 636/636/636
f 635/635/635 646/646/646 620/620/620
f 647/647/647 635/635/635 606/606/606
f 634/634/634 647/647/647 606/606/606
f 634/634/634 605/605/605 637/637/637
f 646/646/646 619/619/619 620/620/620
f 618/618/618 619/619/619 646/646/646
f 645/645/645 633/633/633 618/618/618
f 645/645/645 604/604/604 633/633/633
f 604/604/604 645/645/645 632/632/632
f 642/642/642 603/603/603 631/631/631
f 630/630/630 644/644/644 616/616/616
f 631/631/631 616/616/616 643/643/643
f 636/636/636 592/592/592 629/629/629
f 629/629/629 603/603/603 642/642/642
f 641/641/641 622/622/622 614/614/614
f 628/628/628 612/612/612 639/639/639
f 600/600/600 628/628/628 640/640/640
f 640/640/640 614/614/614 600/600/600
f 613/613/613 627/627/627 638/638/638
f 613/613/613 638/638/638 626/626/626
f 598/598/598 626/626/626 625/625/625
f 639/639/639 612/612/612 625/625/625
f 610/610/610 624/624/624 638/638/638
f 596/596/596 623/623/623 624/624/624
f 611/611/611 609/609/609 627/627/627
f 608/608/608 610/610/610 609/609/609
f 622/622/622 630/630/630 607/607/607
f 615/615/615 607/607/607 630/630/630
f 637/637/637 605/605/605 621/621/621
f 592/592/592 636/636/636 621/621/621
f 635/635/635 620/620/620 606/606/606
f 606/606/606 605/605/605 634/634/634
f 620/620/620 619/619/619 591/591/591
f 618/618/618 590/590/590 619/619/619
f 633/633/633 604/604/604 618/618/618
f 632/632/632 617/617/617 604/604/604
f 603/603/603 602/602/602 631/631/631
f 588/588/588 630/630/630 616/616/616
f 602/602/602 616/616/616 631/631/631
f 630/630/630 588/588/588 615/615/615
f 592/592/592 603/603/603 629/629/629
f 580/580/580 614/614/614 622/622/622
f 628/628/628 600/600/600 612/612/612
f 601/601/601 600/600/600 614/614/614
f 627/627/627 599/599/599 611/611/611
f 613/613/613 599/599/599 627/627/627
f 626/626/626 598/598/598 613/613/613
f 598/598/598 625/625/625 612/612/612
f 583/583/583 595/595/595 611/611/611
f 596/596/596 624/624/624 610/610/610
f 596/596/596 597/597/597 623/623/623
f 595/595/595 609/609/609 611/611/611
f 610/610/610 608/608/608 558/558/558
f 608/608/608 609/609/609 568/568/568
f 622/622/622 607/607/607 580/580/580
f 615/615/615 594/594/594 607/607/607
f 593/593/593 594/594/594 615/615/615
f 605/605/605 592/592/592 621/621/621
f 620/620/620 591/591/591 606/606/606
f 605/605/605 606/606/606 578/578/578
f 619/619/619 590/590/590 591/591/591
f 604/604/604 590/590/590 618/618/618
f 565/565/565 604/604/604 617/617/617
f 602/602/602 603/603/603 576/576/576
f 616/616/616 602/602/602 588/588/588
f 587/587/587 615/615/615 588/588/588
f 615/615/615 587/587/587 593/593/593
f 603/603/603 592/592/592 586/586/586
f 603/603/603 586/586/586 589/589/589
f 580/580/580 601/601/601 614/614/614
f 584/584/584 612/612/612 600/600/600
f 574/574/574 600/600/600 601/601/601
f 599/599/599 585/585/585 611/611/611
f 573/573/573 599/599/599 613/613/613
f 598/598/598 573/573/573 613/613/613
f 584/584/584 598/598/598 612/612/612
f 611/611/611 585/585/585 583/583/583
f 570/570/570 595/595/595 583/583/583
f 558/558/558 596/596/596 610/610/610
f 596/596/596 582/582/582 597/597/597
f 609/609/609 595/595/595 568/568/568
f 595/595/595 570/570/570 569/569/569
f 568/568/568 558/558/558 608/608/608
f 607/607/607 594/594/594 580/580/580
f 594/594/594 593/593/593 567/567/567
f 605/605/605 579/579/579 592/592/592
f 591/591/591 578/578/578 606/606/606
f 578/578/578 579/579/579 605/605/605
f 590/590/590 563/563/563 591/591/591
f 604/604/604 565/565/565 590/590/590
f 589/589/589 577/577/577 603/603/603
f 577/577/577 576/576/576 603/603/603
f 576/576/576 588/588/588 602/602/602
f 587/587/587 588/588/588 562/562/562
f 566/566/566 593/593/593 587/587/587
f 575/575/575 586/586/586 592/592/592
f 586/586/586 552/552/552 589/589/589
f 574/574/574 601/601/601 580/580/580
f 574/574/574 584/584/584 600/600/600
f 573/573/573 585/585/585 599/599/599
f 584/584/584 573/573/573 598/598/598
f 585/585/585 550/550/550 583/583/583
f 570/570/570 583/583/583 572/572/572
f 597/597/597 582/582/582 559/559/559
f 558/558/558 582/582/582 596/596/596
f 571/571/571 569/569/569 570/570/570
f 595/595/595 569/569/569 568/568/568
f 581/581/581 558/558/558 568/568/568
f 594/594/594 567/567/567 580/580/580
f 566/566/566 567/567/567 593/593/593
f 592/592/592 579/579/579 564/564/564
f 592/592/592 564/564/564 575/575/575
f 578/578/578 591/591/591 563/563/563
f 578/578/578 553/553/553 579/579/579
f 563/563/563 590/590/590 565/565/565
f 552/552/552 577/577/577 589/589/589
f 576/576/576 577/577/577 551/551/551
f 576/576/576 562/562/562 588/588/588
f 587/587/587 562/562/562 566/566/566
f 575/575/575 552/552/552 586/586/586
f 580/580/580 555/555/555 574/574/574
f 561/561/561 584/584/584 574/574/574
f 550/550/550 585/585/585 573/573/573
f 584/584/584 561/561/561 573/573/573
f 550/550/550 572/572/572 583/583/583
f 548/548/548 570/570/570 572/572/572
f 571/571/571 570/570/570 560/560/560
f 558/558/558 559/559/559 582/582/582
f 557/557/557 569/569/569 571/571/571
f 545/545/545 568/568/568 569/569/569
f 568/568/568 546/546/546 581/581/581
f 581/581/581 546/546/546 558/558/558
f 556/556/556 557/557/557 571/571/571
f 580/580/580 567/567/567 555/555/555
f 567/567/567 566/566/566 543/543/543
f 553/553/553 564/564/564 579/579/579
f 575/575/575 564/564/564 529/529/529
f 563/563/563 553/553/553 578/578/578
f 565/565/565 542/542/542 563/563/563
f 552/552/552 551/551/551 577/577/577
f 576/576/576 551/551/551 562/562/562
f 562/562/562 540/540/540 566/566/566
f 529/529/529 552/552/552 575/575/575
f 574/574/574 555/555/555 524/524/524
f 574/574/574 524/524/524 561/561/561
f 550/550/550 573/573/573 561/561/561
f 548/548/548 572/572/572 550/550/550
f 556/556/556 571/571/571 549/549/549
f 549/549/549 571/571/571 560/560/560
f 548/548/548 560/560/560 570/570/570
f 547/547/547 559/559/559 558/558/558
f 569/569/569 557/557/557 545/545/545
f 568/568/568 545/545/545 544/544/544
f 568/568/568 544/544/544 546/546/546
f 535/535/535 558/558/558 546/546/546
f 534/534/534 557/557/557 556/556/556
f 543/543/543 555/555/555 567/567/567
f 540/540/540 543/543/543 566/566/566
f 565/565/565 554/554/554 542/542/542
f 529/529/529 564/564/564 553/553/553
f 542/542/542 553/553/553 563/563/563
f 541/541/541 551/551/551 552/552/552
f 562/562/562 551/551/551 540/540/540
f 529/529/529 527/527/527 552/552/552
f 524/524/524 555/555/555 530/530/530
f 550/550/550 561/561/561 524/524/524
f 538/538/538 548/548/548 550/550/550
f 537/537/537 556/556/556 549/549/549
f 549/549/549 560/560/560 536/536/536
f 536/536/536 560/560/560 548/548/548
f 559/559/559 547/547/547 523/523/523
f 558/558/558 535/535/535 547/547/547
f 534/534/534 545/545/545 557/557/557
f 520/520/520 544/544/544 545/545/545
f 544/544/544 521/521/521 546/546/546
f 522/522/522 535/535/535 546/546/546
f 533/533/533 556/556/556 537/537/537
f 533/533/533 532/532/532 556/556/556
f 556/556/556 532/532/532 534/534/534
f 531/531/531 539/539/539 530/530/530
f 555/555/555 543/543/543 530/530/530
f 543/543/543 540/540/540 517/517/517
f 554/554/554 516/516/516 542/542/542
f 529/529/529 553/553/553 542/542/542
f 527/527/527 541/541/541 552/552/552
f 541/541/541 515/515/515 551/551/551
f 515/515/515 540/540/540 551/551/551
f 528/528/528 526/526/526 529/529/529
f 526/526/526 527/527/527 529/529/529
f 530/530/530 539/539/539 524/524/524
f 524/524/524 538/538/538 550/550/550
f 513/513/513 548/548/548 538/538/538
f 537/537/537 549/549/549 512/512/512
f 536/536/536 512/512/512 549/549/549
f 536/536/536 548/548/548 513/513/513
f 547/547/547 535/535/535 523/523/523
f 522/522/522 546/546/546 521/521/521
f 545/545/545 534/534/534 520/520/520
f 520/520/520 521/521/521 544/544/544
f 511/511/511 535/535/535 522/522/522
f 519/519/519 533/533/533 537/537/537
f 533/533/533 518/518/518 532/532/532
f 509/509/509 534/534/534 532/532/532
f 502/502/502 539/539/539 531/531/531
f 505/505/505 531/531/531 530/530/530
f 517/517/517 530/530/530 543/543/543
f 525/525/525 517/517/517 540/540/540
f 529/529/529 542/542/542 516/516/516
f 528/528/528 529/529/529 504/504/504
f 527/527/527 515/515/515 541/541/541
f 540/540/540 515/515/515 525/525/525
f 526/526/526 528/528/528 514/514/514
f 527/527/527 526/526/526 503/503/503
f 539/539/539 502/502/502 524/524/524
f 513/513/513 538/538/538 524/524/524
f 512/512/512 519/519/519 537/537/537
f 513/513/513 512/512/512 536/536/536
f 511/511/511 523/523/523 535/535/535
f 521/521/521 500/500/500 522/522/522
f 509/509/509 520/520/520 534/534/534
f 520/520/520 499/499/499 521/521/521
f 522/522/522 482/482/482 511/511/511
f 507/507/507 533/533/533 519/519/519
f 533/533/533 507/507/507 518/518/518
f 518/518/518 506/506/506 532/532/532
f 532/532/532 506/506/506 509/509/509
f 531/531/531 505/505/505 502/502/502
f 530/530/530 517/517/517 505/505/505
f 493/493/493 517/517/517 525/525/525
f 516/516/516 504/504/504 529/529/529
f 504/504/504 514/514/514 528/528/528
f 503/503/503 515/515/515 527/527/527
f 525/525/525 515/515/515 490/490/490
f 514/514/514 503/503/503 526/526/526
f 525/525/525 490/490/490 493/493/493
f 502/502/502 513/513/513 524/524/524
f 488/488/488 519/519/519 512/512/512
f 513/513/513 489/489/489 512/512/512
f 501/501/501 523/523/523 511/511/511
f 487/487/487 511/511/511 508/508/508
f 482/482/482 522/522/522 500/500/500
f 521/521/521 510/510/510 500/500/500
f 499/499/499 510/510/510 521/521/521
f 499/499/499 520/520/520 509/509/509
f 511/511/511 482/482/482 508/508/508
f 498/498/498 519/519/519 488/488/488
f 519/519/519 498/498/498 497/497/497
f 497/497/497 507/507/507 519/519/519
f 481/481/481 518/518/518 507/507/507
f 518/518/518 481/481/481 506/506/506
f 496/496/496 509/509/509 506/506/506
f 502/502/502 505/505/505 495/495/495
f 494/494/494 505/505/505 517/517/517
f 493/493/493 494/494/494 517/517/517
f 504/504/504 516/516/516 479/479/479
f 514/514/514 504/504/504 492/492/492
f 515/515/515 503/503/503 490/490/490
f 503/503/503 514/514/514 492/492/492
f 493/493/493 490/490/490 491/491/491
f 502/502/502 489/489/489 513/513/513
f 489/489/489 488/488/488 512/512/512
f 511/511/511 487/487/487 501/501/501
f 508/508/508 486/486/486 487/487/487
f 486/486/486 508/508/508 485/485/485
f 482/482/482 500/500/500 471/471/471
f 510/510/510 483/483/483 500/500/500
f 499/499/499 483/483/483 510/510/510
f 470/470/470 499/499/499 509/509/509
f 496/496/496 470/470/470 509/509/509
f 482/482/482 485/485/485 508/508/508
f 468/468/468 498/498/498 488/488/488
f 467/467/467 497/497/497 498/498/498
f 507/507/507 497/497/497 481/481/481
f 481/481/481 496/496/496 506/506/506
f 476/476/476 502/502/502 495/495/495
f 466/466/466 495/495/495 505/505/505
f 505/505/505 494/494/494 466/466/466
f 493/493/493 480/480/480 494/494/494
f 479/479/479 492/492/492 504/504/504
f 503/503/503 478/478/478 490/490/490
f 503/503/503 492/492/492 478/478/478
f 453/453/453 493/493/493 491/491/491
f 477/477/477 491/491/491 490/490/490
f 502/502/502 476/476/476 489/489/489
f 464/464/464 488/488/488 489/489/489
f 501/501/501 474/474/474 463/463/463
f 474/474/474 501/501/501 487/487/487
f 487/487/487 486/486/486 461/461/461
f 472/472/472 473/473/473 486/486/486
f 486/486/486 485/485/485 458/458/458
f 471/471/471 484/484/484 482/482/482
f 483/483/483 471/471/471 500/500/500
f 499/499/499 470/470/470 483/483/483
f 455/455/455 470/470/470 496/496/496
f 456/456/456 482/482/482 484/484/484
f 482/482/482 469/469/469 485/485/485
f 488/488/488 475/475/475 468/468/468
f 498/498/498 468/468/468 467/467/467
f 467/467/467 481/481/481 497/497/497
f 455/455/455 496/496/496 481/481/481
f 476/476/476 495/495/495 466/466/466
f 494/494/494 480/480/480 466/466/466
f 453/453/453 480/480/480 493/493/493
f 479/479/479 465/465/465 492/492/492
f 490/490/490 478/478/478 452/452/452
f 478/478/478 492/492/492 465/465/465
f 453/453/453 491/491/491 477/477/477
f 477/477/477 490/490/490 452/452/452
f 489/489/489 476/476/476 464/464/464
f 475/475/475 488/488/488 464/464/464
f 434/434/434 463/463/463 474/474/474
f 474/474/474 487/487/487 461/461/461
f 473/473/473 460/460/460 486/486/486
f 486/486/486 460/460/460 461/461/461
f 446/446/446 473/473/473 472/472/472
f 458/458/458 472/472/472 486/486/486
f 472/472/472 430/430/430 447/447/447
f 458/458/458 485/485/485 469/469/469
f 484/484/484 471/471/471 456/456/456
f 483/483/483 444/444/444 471/471/471
f 444/444/444 483/483/483 470/470/470
f 457/457/457 470/470/470 455/455/455
f 469/469/469 482/482/482 456/456/456
f 475/475/475 450/450/450 468/468/468
f 442/442/442 467/467/467 468/468/468
f 455/455/455 481/481/481 467/467/467
f 440/440/440 476/476/476 466/466/466
f 454/454/454 466/466/466 480/480/480
f 480/480/480 453/453/453 454/454/454
f 465/465/465 479/479/479 438/438/438
f 452/452/452 478/478/478 465/465/465
f 452/452/452 453/453/453 477/477/477
f 476/476/476 440/440/440 464/464/464
f 464/464/464 451/451/451 475/475/475
f 475/475/475 451/451/451 450/450/450
f 463/463/463 462/462/462 436/436/436
f 462/462/462 463/463/463 434/434/434
f 474/474/474 461/461/461 434/434/434
f 460/460/460 473/473/473 433/433/433
f 461/461/461 460/460/460 448/448/448
f 447/447/447 459/459/459 472/472/472
f 473/473/473 446/446/446 433/433/433
f 459/459/459 446/446/446 472/472/472
f 445/445/445 457/457/457 455/455/455
f 472/472/472 458/458/458 430/430/430
f 443/443/443 458/458/458 469/469/469
f 444/444/444 456/456/456 471/471/471
f 470/470/470 457/457/457 444/444/444
f 469/469/469 456/456/456 443/443/443
f 468/468/468 450/450/450 442/442/442
f 467/467/467 442/442/442 441/441/441
f 441/441/441 455/455/455 467/467/467
f 466/466/466 454/454/454 440/440/440
f 453/453/453 439/439/439 454/454/454
f 452/452/452 465/465/465 438/438/438
f 426/426/426 453/453/453 452/452/452
f 440/440/440 437/437/437 464/464/464
f 437/437/437 451/451/451 464/464/464
f 451/451/451 424/424/424 450/450/450
f 436/436/436 449/449/449 463/463/463
f 462/462/462 435/435/435 436/436/436
f 462/462/462 434/434/434 435/435/435
f 461/461/461 448/448/448 434/434/434
f 448/448/448 460/460/460 433/433/433
f 447/447/447 421/421/421 459/459/459
f 446/446/446 431/431/431 433/433/433
f 446/446/446 459/459/459 421/421/421
f 457/457/457 445/445/445 429/429/429
f 420/420/420 445/445/445 455/455/455
f 430/430/430 458/458/458 443/443/443
f 444/444/444 417/417/417 456/456/456
f 429/429/429 444/444/444 457/457/457
f 443/443/443 456/456/456 417/417/417
f 428/428/428 442/442/442 450/450/450
f 416/416/416 441/441/441 442/442/442
f 420/420/420 455/455/455 441/441/441
f 415/415/415 440/440/440 454/454/454
f 454/454/454 439/439/439 415/415/415
f 426/426/426 439/439/439 453/453/453
f 452/452/452 438/438/438 426/426/426
f 425/425/425 437/437/437 440/440/440
f 437/437/437 424/424/424 451/451/451
f 424/424/424 428/428/428 450/450/450
f 436/436/436 423/423/423 449/449/449
f 436/436/436 435/435/435 413/413/413
f 434/434/434 412/412/412 435/435/435
f 448/448/448 422/422/422 434/434/434
f 422/422/422 448/448/448 433/433/433
f 432/432/432 421/421/421 447/447/447
f 433/433/433 431/431/431 411/411/411
f 446/446/446 421/421/421 431/431/431
f 420/420/420 429/429/429 445/445/445
f 430/430/430 443/443/443 418/418/418
f 444/444/444 429/429/429 417/417/417
f 417/417/417 418/418/418 443/443/443
f 442/442/442 428/428/428 416/416/416
f 416/416/416 420/420/420 441/441/441
f 440/440/440 415/415/415 425/425/425
f 439/439/439 426/426/426 415/415/415
f 427/427/427 414/414/414 438/438/438
f 426/426/426 438/438/438 414/414/414
f 437/437/437 425/425/425 404/404/404
f 404/404/404 424/424/424 437/437/437
f 424/424/424 409/409/409 428/428/428
f 436/436/436 413/413/413 423/423/423
f 413/413/413 435/435/435 412/412/412
f 434/434/434 422/422/422 412/412/412
f 433/433/433 411/411/411 422/422/422
f 421/421/421 432/432/432 401/401/401
f 421/421/421 411/411/411 431/431/431
f 400/400/400 429/429/429 420/420/420
f 410/410/410 419/419/419 430/430/430
f 418/418/418 410/410/410 430/430/430
f 400/400/400 417/417/417 429/429/429
f 417/417/417 398/398/398 418/418/418
f 428/428/428 409/409/409 408/408/408
f 428/428/428 408/408/408 416/416/416
f 416/416/416 407/407/407 420/420/420
f 406/406/406 425/425/425 415/415/415
f 405/405/405 415/415/415 426/426/426
f 414/414/414 427/427/427 386/386/386
f 426/426/426 414/414/414 405/405/405
f 425/425/425 406/406/406 404/404/404
f 424/424/424 404/404/404 409/409/409
f 413/413/413 403/403/403 423/423/423
f 403/403/403 395/395/395 423/423/423
f 413/413/413 412/412/412 378/378/378
f 402/402/402 412/412/412 422/422/422
f 422/422/422 411/411/411 402/402/402
f 401/401/401 411/411/411 421/421/421
f 407/407/407 400/400/400 420/420/420
f 410/410/410 399/399/399 419/419/419
f 410/410/410 418/418/418 398/398/398
f 400/400/400 398/398/398 417/417/417
f 397/397/397 408/408/408 409/409/409
f 388/388/388 416/416/416 408/408/408
f 416/416/416 388/388/388 407/407/407
f 396/396/396 406/406/406 415/415/415
f 396/396/396 415/415/415 405/405/405
f 386/386/386 405/405/405 414/414/414
f 387/387/387 404/404/404 406/406/406
f 404/404/404 389/389/389 409/409/409
f 413/413/413 378/378/378 403/403/403
f 394/394/394 395/395/395 403/403/403
f 378/378/378 412/412/412 402/402/402
f 393/393/393 402/402/402 411/411/411
f 411/411/411 401/401/401 393/393/393
f 392/392/392 400/400/400 407/407/407
f 391/391/391 399/399/399 410/410/410
f 391/391/391 410/410/410 398/398/398
f 383/383/383 398/398/398 400/400/400
f 407/407/407 390/390/390 392/392/392
f 409/409/409 389/389/389 397/397/397
f 397/397/397 388/388/388 408/408/408
f 388/388/388 390/390/390 407/407/407
f 387/387/387 406/406/406 396/396/396
f 396/396/396 405/405/405 386/386/386
f 385/385/385 404/404/404 387/387/387
f 385/385/385 389/389/389 404/404/404
f 394/394/394 403/403/403 378/378/378
f 384/384/384 395/395/395 394/394/394
f 393/393/393 378/378/378 402/402/402
f 393/393/393 401/401/401 382/382/382
f 392/392/392 383/383/383 400/400/400
f 369/369/369 399/399/399 391/391/391
f 391/391/391 398/398/398 383/383/383
f 376/376/376 392/392/392 390/390/390
f 381/381/381 397/397/397 389/389/389
f 397/397/397 381/381/381 388/388/388
f 388/388/388 375/375/375 390/390/390
f 387/387/387 396/396/396 380/380/380
f 380/380/380 396/396/396 386/386/386
f 385/385/385 387/387/387 373/373/373
f 371/371/371 389/389/389 385/385/385
f 379/379/379 395/395/395 384/384/384
f 384/384/384 394/394/394 378/378/378
f 377/377/377 378/378/378 393/393/393
f 377/377/377 393/393/393 382/382/382
f 392/392/392 376/376/376 383/383/383
f 369/369/369 391/391/391 383/383/383
f 375/375/375 376/376/376 390/390/390
f 389/389/389 371/371/371 381/381/381
f 367/367/367 388/388/388 381/381/381
f 388/388/388 367/367/367 375/375/375
f 373/373/373 387/387/387 380/380/380
f 386/386/386 372/372/372 380/380/380
f 385/385/385 373/373/373 371/371/371
f 370/370/370 379/379/379 384/384/384
f 370/370/370 384/384/384 378/378/378
f 377/377/377 365/365/365 378/378/378
f 368/368/368 377/377/377 382/382/382
f 376/376/376 369/369/369 383/383/383
f 363/363/363 376/376/376 375/375/375
f 374/374/374 368/368/368 382/382/382
f 367/367/367 381/381/381 371/371/371
f 364/364/364 375/375/375 367/367/367
f 380/380/380 366/366/366 373/373/373
f 380/380/380 372/372/372 366/366/366
f 373/373/373 362/362/362 371/371/371
f 359/359/359 379/379/379 370/370/370
f 378/378/378 365/365/365 370/370/370
f 377/377/377 368/368/368 365/365/365
f 363/363/363 369/369/369 376/376/376
f 375/375/375 364/364/364 363/363/363
f 356/356/356 368/368/368 374/374/374
f 367/367/367 371/371/371 360/360/360
f 354/354/354 364/364/364 367/367/367
f 373/373/373 366/366/366 362/362/362
f 372/372/372 361/361/361 366/366/366
f 360/360/360 371/371/371 362/362/362
f 359/359/359 370/370/370 365/365/365
f 358/358/358 365/365/365 368/368/368
f 363/363/363 357/357/357 369/369/369
f 343/343/343 363/363/363 364/364/364
f 358/358/358 368/368/368 356/356/356
f 354/354/354 348/348/348 364/364/364
f 360/360/360 354/354/354 367/367/367
f 366/366/366 353/353/353 362/362/362
f 366/366/366 361/361/361 353/353/353
f 362/362/362 346/346/346 360/360/360
f 365/365/365 352/352/352 359/359/359
f 352/352/352 365/365/365 358/358/358
f 348/348/348 343/343/343 364/364/364
f 343/343/343 357/357/357 363/363/363
f 356/356/356 344/344/344 358/358/358
f 354/354/354 355/355/355 348/348/348
f 360/360/360 347/347/347 354/354/354
f 354/354/354 338/338/338 355/355/355
f 353/353/353 346/346/346 362/362/362
f 353/353/353 361/361/361 337/337/337
f 360/360/360 346/346/346 347/347/347
f 336/336/336 359/359/359 352/352/352
f 345/345/345 352/352/352 358/358/358
f 358/358/358 344/344/344 345/345/345
f 349/349/349 343/343/343 348/348/348
f 357/357/357 343/343/343 351/351/351
f 341/341/341 356/356/356 350/350/350
f 340/340/340 356/356/356 341/341/341
f 340/340/340 344/344/344 356/356/356
f 333/333/333 349/349/349 348/348/348
f 355/355/355 339/339/339 348/348/348
f 338/338/338 339/339/339 355/355/355
f 347/347/347 338/338/338 354/354/354
f 353/353/353 337/337/337 346/346/346
f 347/347/347 346/346/346 324/324/324
f 352/352/352 345/345/345 336/336/336
f 330/330/330 345/345/345 344/344/344
f 343/343/343 349/349/349 328/328/328
f 351/351/351 343/343/343 335/335/335
f 335/335/335 342/342/342 351/351/351
f 342/342/342 334/334/334 350/350/350
f 350/350/350 334/334/334 341/341/341
f 341/341/341 326/326/326 340/340/340
f 329/329/329 344/344/344 340/340/340
f 333/333/333 328/328/328 349/349/349
f 348/348/348 339/339/339 333/333/333
f 338/338/338 332/332/332 339/339/339
f 324/324/324 338/338/338 347/347/347
f 337/337/337 324/324/324 346/346/346
f 345/345/345 330/330/330 336/336/336
f 344/344/344 329/329/329 330/330/330
f 328/328/328 335/335/335 343/343/343
f 342/342/342 335/335/335 327/327/327
f 327/327/327 334/334/334 342/342/342
f 334/334/334 326/326/326 341/341/341
f 326/326/326 329/329/329 340/340/340
f 325/325/325 328/328/328 333/333/333
f 313/313/313 333/333/333 339/339/339
f 339/339/339 332/332/332 313/313/313
f 324/324/324 332/332/332 338/338/338
f 331/331/331 324/324/324 337/337/337
f 317/317/317 336/336/336 330/330/330
f 323/323/323 330/330/330 329/329/329
f 335/335/335 328/328/328 322/322/322
f 322/322/322 327/327/327 335/335/335
f 334/334/334 327/327/327 321/321/321
f 321/321/321 326/326/326 334/334/334
f 316/316/316 329/329/329 326/326/326
f 328/328/328 325/325/325 314/314/314
f 313/313/313 325/325/325 333/333/333
f 313/313/313 332/332/332 324/324/324
f 331/331/331 320/320/320 324/324/324
f 319/319/319 320/320/320 331/331/331
f 323/323/323 317/317/317 330/330/330
f 316/316/316 323/323/323 329/329/329
f 314/314/314 322/322/322 328/328/328
f 327/327/327 322/322/322 310/310/310
f 327/327/327 310/310/310 321/321/321
f 326/326/326 321/321/321 316/316/316
f 315/315/315 314/314/314 325/325/325
f 315/315/315 325/325/325 313/313/313
f 320/320/320 313/313/313 324/324/324
f 319/319/319 308/308/308 320/320/320
f 318/318/318 312/312/312 319/319/319
f 311/311/311 317/317/317 323/323/323
f 311/311/311 323/323/323 316/316/316
f 314/314/314 310/310/310 322/322/322
f 310/310/310 316/316/316 321/321/321
f 309/309/309 314/314/314 315/315/315
f 304/304/304 315/315/315 313/313/313
f 313/313/313 320/320/320 308/308/308
f 312/312/312 308/308/308 319/319/319
f 318/318/318 307/307/307 312/312/312
f 306/306/306 317/317/317 311/311/311
f 302/302/302 311/311/311 316/316/316
f 314/314/314 305/305/305 310/310/310
f 302/302/302 316/316/316 310/310/310
f 315/315/315 304/304/304 309/309/309
f 309/309/309 305/305/305 314/314/314
f 308/308/308 304/304/304 313/313/313
f 312/312/312 298/298/298 308/308/308
f 312/312/312 307/307/307 298/298/298
f 303/303/303 306/306/306 311/311/311
f 303/303/303 311/311/311 302/302/302
f 305/305/305 302/302/302 310/310/310
f 304/304/304 301/301/301 309/309/309
f 301/301/301 300/300/300 309/309/309
f 300/300/300 305/305/305 309/309/309
f 308/308/308 298/298/298 304/304/304
f 298/298/298 307/307/307 299/299/299
f 297/297/297 306/306/306 303/303/303
f 295/295/295 303/303/303 302/302/302
f 294/294/294 302/302/302 305/305/305
f 304/304/304 293/293/293 301/301/301
f 292/292/292 300/300/300 301/301/301
f 300/300/300 294/294/294 305/305/305
f 304/304/304 298/298/298 293/293/293
f 299/299/299 291/291/291 298/298/298
f 303/303/303 295/295/295 297/297/297
f 302/302/302 294/294/294 295/295/295
f 301/301/301 293/293/293 292/292/292
f 292/292/292 294/294/294 300/300/300
f 299/299/299 286/286/286 296/296/296
f 296/296/296 291/291/291 299/299/299
f 291/291/291 293/293/293 298/298/298
f 290/290/290 297/297/297 295/295/295
f 294/294/294 284/284/284 295/295/295
f 290/290/290 289/289/289 297/297/297
f 293/293/293 282/282/282 292/292/292
f 288/288/288 294/294/294 292/292/292
f 279/279/279 296/296/296 286/286/286
f 291/291/291 296/296/296 279/279/279
f 293/293/293 291/291/291 285/285/285
f 284/284/284 290/290/290 295/295/295
f 294/294/294 288/288/288 284/284/284
f 290/290/290 278/278/278 289/289/289
f 293/293/293 285/285/285 282/282/282
f 282/282/282 288/288/288 292/292/292
f 277/277/277 286/286/286 287/287/287
f 279/279/279 286/286/286 281/281/281
f 285/285/285 291/291/291 279/279/279
f 278/278/278 290/290/290 284/284/284
f 284/284/284 288/288/288 273/273/273
f 278/278/278 283/283/283 289/289/289
f 282/282/282 285/285/285 274/274/274
f 273/273/273 288/288/288 282/282/282
f 280/280/280 277/277/277 287/287/287
f 281/281/281 286/286/286 277/277/277
f 279/279/279 281/281/281 264/264/264
f 275/275/275 285/285/285 279/279/279
f 274/274/274 285/285/285 275/275/275
f 267/267/267 276/276/276 283/283/283
f 284/284/284 273/273/273 278/278/278
f 267/267/267 283/283/283 278/278/278
f 282/282/282 274/274/274 273/273/273
f 280/280/280 270/270/270 277/277/277
f 264/264/264 281/281/281 277/277/277
f 280/280/280 271/271/271 270/270/270
f 279/279/279 264/264/264 275/275/275
f 275/275/275 269/269/269 274/274/274
f 268/268/268 276/276/276 267/267/267
f 273/273/273 267/267/267 278/278/278
f 274/274/274 263/263/263 273/273/273
f 272/272/272 261/261/261 271/271/271
f 277/277/277 270/270/270 264/264/264
f 270/270/270 271/271/271 260/260/260
f 268/268/268 265/265/265 276/276/276
f 275/275/275 264/264/264 269/269/269
f 274/274/274 269/269/269 263/263/263
f 267/267/267 254/254/254 268/268/268
f 263/263/263 267/267/267 273/273/273
f 266/266/266 261/261/261 272/272/272
f 271/271/271 261/261/261 260/260/260
f 270/270/270 260/260/260 264/264/264
f 268/268/268 259/259/259 265/265/265
f 269/269/269 264/264/264 256/256/256
f 263/263/263 269/269/269 255/255/255
f 269/269/269 256/256/256 255/255/255
f 254/254/254 259/259/259 268/268/268
f 267/267/267 263/263/263 254/254/254
f 262/262/262 246/246/246 266/266/266
f 266/266/266 246/246/246 261/261/261
f 261/261/261 245/245/245 260/260/260
f 264/264/264 260/260/260 248/248/248
f 250/250/250 265/265/265 259/259/259
f 265/265/265 250/250/250 252/252/252
f 258/258/258 249/249/249 262/262/262
f 258/258/258 257/257/257 241/241/241
f 264/264/264 248/248/248 256/256/256
f 263/263/263 255/255/255 247/247/247
f 256/256/256 230/230/230 255/255/255
f 254/254/254 231/231/231 259/259/259
f 263/263/263 247/247/247 254/254/254
f 246/246/246 262/262/262 249/249/249
f 246/246/246 245/245/245 261/261/261
f 260/260/260 245/245/245 248/248/248
f 253/253/253 158/158/158 169/169/169
f 244/244/244 253/253/253 169/169/169
f 251/251/251 252/252/252 233/233/233
f 250/250/250 259/259/259 231/231/231
f 242/242/242 252/252/252 250/250/250
f 249/249/249 258/258/258 241/241/241
f 241/241/241 257/257/257 240/240/240
f 256/256/256 248/248/248 230/230/230
f 255/255/255 230/230/230 247/247/247
f 247/247/247 231/231/231 254/254/254
f 249/249/249 239/239/239 246/246/246
f 246/246/246 229/229/229 245/245/245
f 245/245/245 238/238/238 248/248/248
f 228/228/228 158/158/158 253/253/253
f 253/253/253 244/244/244 228/228/228
f 227/227/227 244/244/244 243/243/243
f 237/237/237 243/243/243 251/251/251
f 242/242/242 233/233/233 252/252/252
f 233/233/233 237/237/237 251/251/251
f 242/242/242 250/250/250 231/231/231
f 241/241/241 220/220/220 249/249/249
f 241/241/241 240/240/240 232/232/232
f 220/220/220 239/239/239 249/249/249
f 248/248/248 238/238/238 230/230/230
f 247/247/247 230/230/230 231/231/231
f 239/239/239 229/229/229 246/246/246
f 229/229/229 238/238/238 245/245/245
f 172/172/172 158/158/158 228/228/228
f 228/228/228 244/244/244 227/227/227
f 227/227/227 243/243/243 237/237/237
f 225/225/225 174/174/174 226/226/226
f 214/214/214 235/235/235 236/236/236
f 234/234/234 212/212/212 223/223/223
f 222/222/222 233/233/233 242/242/242
f 237/237/237 233/233/233 209/209/209
f 222/222/222 242/242/242 221/221/221
f 221/221/221 242/242/242 231/231/231
f 241/241/241 232/232/232 220/220/220
f 219/219/219 232/232/232 240/240/240
f 217/217/217 239/239/239 220/220/220
f 230/230/230 238/238/238 206/206/206
f 230/230/230 218/218/218 231/231/231
f 217/217/217 229/229/229 239/239/239
f 206/206/206 238/238/238 229/229/229
f 176/176/176 226/226/226 174/174/174
f 216/216/216 172/172/172 228/228/228
f 228/228/228 227/227/227 205/205/205
f 227/227/227 237/237/237 209/209/209
f 214/214/214 236/236/236 225/225/225
f 225/225/225 226/226/226 204/204/204
f 213/213/213 235/235/235 214/214/214
f 224/224/224 235/235/235 213/213/213
f 224/224/224 212/212/212 234/234/234
f 212/212/212 202/202/202 223/223/223
f 210/210/210 233/233/233 222/222/222
f 209/209/209 233/233/233 210/210/210
f 222/222/222 221/221/221 193/193/193
f 231/231/231 207/207/207 221/221/221
f 232/232/232 208/208/208 220/220/220
f 219/219/219 208/208/208 232/232/232
f 218/218/218 207/207/207 231/231/231
f 220/220/220 200/200/200 217/217/217
f 230/230/230 206/206/206 218/218/218
f 229/229/229 217/217/217 206/206/206
f 226/226/226 176/176/176 215/215/215
f 197/197/197 172/172/172 216/216/216
f 205/205/205 216/216/216 228/228/228
f 209/209/209 205/205/205 227/227/227
f 204/204/204 226/226/226 215/215/215
f 214/214/214 225/225/225 204/204/204
f 190/190/190 213/213/213 214/214/214
f 203/203/203 224/224/224 213/213/213
f 224/224/224 203/203/203 212/212/212
f 212/212/212 195/195/195 202/202/202
f 202/202/202 211/211/211 223/223/223
f 211/211/211 188/188/188 219/219/219
f 222/222/222 193/193/193 210/210/210
f 210/210/210 201/201/201 209/209/209
f 207/207/207 193/193/193 221/221/221
f 208/208/208 200/200/200 220/220/220
f 219/219/219 188/188/188 208/208/208
f 207/207/207 218/218/218 192/192/192
f 200/200/200 198/198/198 217/217/217
f 206/206/206 192/192/192 218/218/218
f 217/217/217 198/198/198 206/206/206
f 196/196/196 215/215/215 176/176/176
f 191/191/191 176/176/176 173/173/173
f 173/173/173 172/172/172 197/197/197
f 216/216/216 205/205/205 197/197/197
f 209/209/209 187/187/187 205/205/205
f 215/215/215 196/196/196 204/204/204
f 204/204/204 190/190/190 214/214/214
f 203/203/203 213/213/213 190/190/190
f 203/203/203 195/195/195 212/212/212
f 194/194/194 202/202/202 195/195/195
f 188/188/188 211/211/211 202/202/202
f 193/193/193 201/201/201 210/210/210
f 209/209/209 201/201/201 187/187/187
f 199/199/199 193/193/193 207/207/207
f 200/200/200 208/208/208 188/188/188
f 192/192/192 199/199/199 207/207/207
f 200/200/200 186/186/186 198/198/198
f 206/206/206 198/198/198 192/192/192
f 176/176/176 191/191/191 196/196/196
f 197/197/197 191/191/191 173/173/173
f 205/205/205 187/187/187 197/197/197
f 196/196/196 190/190/190 204/204/204
f 203/203/203 190/190/190 189/189/189
f 203/203/203 189/189/189 195/195/195
f 195/195/195 183/183/183 194/194/194
f 202/202/202 194/194/194 188/188/188
f 193/193/193 187/187/187 201/201/201
f 193/193/193 199/199/199 182/182/182
f 188/188/188 186/186/186 200/200/200
f 192/192/192 182/182/182 199/199/199
f 192/192/192 198/198/198 186/186/186
f 191/191/191 184/184/184 196/196/196
f 191/191/191 197/197/197 185/185/185
f 187/187/187 185/185/185 197/197/197
f 184/184/184 190/190/190 196/196/196
f 180/180/180 189/189/189 190/190/190
f 189/189/189 183/183/183 195/195/195
f 183/183/183 188/188/188 194/194/194
f 182/182/182 187/187/187 193/193/193
f 177/177/177 186/186/186 188/188/188
f 182/182/182 192/192/192 186/186/186
f 191/191/191 181/181/181 184/184/184
f 185/185/185 181/181/181 191/191/191
f 185/185/185 187/187/187 179/179/179
f 190/190/190 184/184/184 180/180/180
f 180/180/180 183/183/183 189/189/189
f 188/188/188 183/183/183 177/177/177
f 179/179/179 187/187/187 182/182/182
f 182/182/182 186/186/186 177/177/177
f 181/181/181 178/178/178 184/184/184
f 185/185/185 179/179/179 181/181/181
f 178/178/178 180/180/180 184/184/184
f 177/177/177 183/183/183 180/180/180
f 182/182/182 177/177/177 179/179/179
f 179/179/179 178/178/178 181/181/181
f 180/180/180 178/178/178 177/177/177
f 177/177/177 178/178/178 179/179/179

