mtllib sleeve.mtl
v -0.019667 -0.090243 0.024722
v -0.019637 -0.087525 0.025710
v -0.022390 -0.087525 0.026004
v -0.022175 -0.085028 0.024703
v -0.022390 -0.090278 0.026700
v -0.025335 -0.087332 0.025023
v -0.019637 -0.084425 0.024961
v -0.022390 -0.093031 0.026961
v -0.025297 -0.084524 0.022248
v -0.019538 -0.081414 0.022415
v -0.025227 -0.090416 0.026319
v -0.024767 -0.093017 0.027568
v -0.022073 -0.082169 0.021446
v -0.028005 -0.087240 0.022235
v -0.027939 -0.090222 0.024879
v -0.023238 -0.095783 0.027560
v -0.025151 -0.083143 0.019242
v -0.028191 -0.086311 0.019474
v -0.022390 -0.081224 0.019302
v -0.025142 -0.095783 0.028941
v -0.027895 -0.093417 0.027255
v -0.030522 -0.090471 0.021469
v -0.019648 -0.079261 0.019324
v -0.030510 -0.093130 0.024703
v -0.023658 -0.098536 0.027560
v -0.025174 -0.082449 0.016371
v -0.031045 -0.089722 0.019137
v -0.022165 -0.079747 0.016269
v -0.027895 -0.095783 0.028917
v -0.030535 -0.095905 0.027290
v -0.025142 -0.098536 0.029574
v -0.030664 -0.087770 0.016411
v -0.032047 -0.093021 0.021599
v -0.027656 -0.098352 0.030355
v -0.031918 -0.095783 0.024807
v -0.025136 -0.101292 0.027566
v -0.028194 -0.084733 0.014521
v -0.025678 -0.082207 0.011955
v -0.035972 -0.092319 0.014627
v -0.030628 -0.098648 0.030216
v -0.033377 -0.098548 0.027320
v -0.027717 -0.101719 0.030440
v -0.033753 -0.087316 0.010247
v -0.034904 -0.098490 0.021885
v -0.035006 -0.095783 0.019302
v -0.033644 -0.098301 0.024807
v -0.027934 -0.081977 0.008336
v -0.030703 -0.084710 0.010481
v -0.037917 -0.098496 0.016595
v -0.030636 -0.101292 0.032273
v -0.033408 -0.098854 0.030324
v -0.036153 -0.099231 0.027560
v -0.030537 -0.082101 0.005216
v -0.036153 -0.099669 0.024807
v -0.028951 -0.104041 0.030313
v -0.033401 -0.099949 0.033065
v -0.036153 -0.099529 0.022054
v -0.031181 -0.104064 0.032430
v -0.033401 -0.101289 0.034076
v -0.038687 -0.098503 0.030254
v -0.036448 -0.098630 0.033065
v -0.038871 -0.099938 0.025109
v -0.038906 -0.100327 0.022054
v -0.038906 -0.100286 0.019302
v -0.027895 -0.106794 0.031135
v -0.036024 -0.101256 0.036643
v -0.036153 -0.099733 0.035818
v -0.038906 -0.099600 0.016549
v -0.030648 -0.106280 0.033065
v -0.036073 -0.104041 0.035884
v -0.041463 -0.098502 0.029746
v -0.039484 -0.097951 0.033132
v -0.038824 -0.098508 0.035931
v -0.042645 -0.100038 0.024041
v -0.042023 -0.100935 0.018622
v -0.042122 -0.101058 0.013796
v -0.041659 -0.101154 0.016549
v -0.033401 -0.107080 0.035403
v -0.027393 -0.106813 0.033116
v -0.039113 -0.104041 0.038426
v -0.030648 -0.106794 0.034363
v -0.035750 -0.106794 0.036041
v -0.039003 -0.101289 0.038517
v -0.045512 -0.099792 0.024750
v -0.044411 -0.098219 0.033065
v -0.041310 -0.098238 0.036196
v -0.047483 -0.100418 0.019321
v -0.044429 -0.101262 0.016153
v -0.030008 -0.106898 0.035387
v -0.033401 -0.107870 0.038571
v -0.041659 -0.101289 0.039867
v -0.039117 -0.106872 0.038502
v -0.041659 -0.099438 0.038571
v -0.044666 -0.098514 0.030093
v -0.027558 -0.106603 0.035970
v -0.036153 -0.108112 0.038571
v -0.047164 -0.099322 0.027560
v -0.044411 -0.098300 0.035818
v -0.047629 -0.098613 0.031982
v -0.044427 -0.098846 0.038388
v -0.031071 -0.107700 0.042690
v -0.027895 -0.107350 0.041324
v -0.022534 -0.106464 0.035753
v -0.043397 -0.104169 0.041653
v -0.044870 -0.101353 0.041281
v -0.036101 -0.108024 0.041486
v -0.047235 -0.098739 0.035817
v -0.023583 -0.106743 0.038337
v -0.042158 -0.106893 0.040923
v -0.038906 -0.108066 0.041324
v -0.047164 -0.099350 0.038571
v -0.027707 -0.107700 0.044145
v -0.022743 -0.107207 0.041067
v -0.016933 -0.107224 0.038510
v -0.032166 -0.107514 0.046833
v -0.044643 -0.106991 0.043566
v -0.046935 -0.103596 0.044289
v -0.038928 -0.108044 0.044103
v -0.047164 -0.101208 0.041435
v -0.019522 -0.107337 0.042553
v -0.014727 -0.107180 0.036183
v -0.037318 -0.107530 0.048530
v -0.041659 -0.108196 0.044076
v -0.041659 -0.107590 0.041324
v -0.049917 -0.100289 0.038571
v -0.025875 -0.107571 0.047106
v -0.010540 -0.107381 0.041639
v -0.015071 -0.107101 0.032726
v -0.010741 -0.107068 0.033688
v -0.032862 -0.106484 0.052089
v -0.041671 -0.107766 0.046959
v -0.047126 -0.106702 0.046905
v -0.049917 -0.102437 0.044076
v -0.052201 -0.101088 0.038806
v -0.050816 -0.101275 0.041316
v -0.022314 -0.107528 0.048559
v -0.015735 -0.107275 0.044091
v -0.011221 -0.107345 0.038669
v -0.036002 -0.106810 0.052514
v -0.044411 -0.108007 0.046829
v -0.049956 -0.104055 0.046792
v -0.043092 -0.107543 0.052489
v -0.016215 -0.107187 0.046261
v -0.030221 -0.106644 0.052318
v -0.023986 -0.107132 0.055928
v -0.009188 -0.107423 0.044982
v -0.003765 -0.107318 0.038288
v -0.033401 -0.106590 0.055087
v -0.038906 -0.107275 0.052334
v -0.044411 -0.107677 0.049582
v -0.049652 -0.106654 0.050151
v -0.052903 -0.103902 0.047571
v -0.052670 -0.102314 0.044076
v -0.055135 -0.102429 0.043509
v -0.016293 -0.106937 0.049615
v -0.029706 -0.106749 0.057771
v -0.027716 -0.106973 0.053376
v -0.022390 -0.107350 0.052334
v -0.003212 -0.107202 0.039701
v -0.035324 -0.106518 0.057439
v -0.039329 -0.106717 0.056781
v -0.047164 -0.107426 0.049582
v -0.060105 -0.102469 0.038577
v -0.009751 -0.107315 0.048064
v -0.015911 -0.106954 0.052245
v -0.016711 -0.106911 0.054973
v -0.023817 -0.107034 0.057461
v -0.002453 -0.106901 0.047287
v -0.001476 -0.107355 0.037724
v -0.047164 -0.107443 0.052334
v -0.052699 -0.106564 0.052593
v -0.042699 -0.106751 0.057877
v -0.057976 -0.102956 0.043806
v -0.009616 -0.107165 0.052307
v -0.000362 -0.107181 0.042576
v -0.002894 -0.106923 0.048005
v -0.008481 -0.107283 0.047995
v -0.027795 -0.106766 0.061412
v -0.038943 -0.106483 0.060703
v -0.049917 -0.107215 0.052334
v -0.055467 -0.103957 0.048149
v -0.049925 -0.106975 0.055105
v -0.060795 -0.103108 0.043544
v -0.008459 -0.107182 0.051874
v -0.013257 -0.106788 0.056343
v -0.025094 -0.106862 0.062578
v -0.016646 -0.106475 0.058096
v 0.002557 -0.107347 0.046960
v -0.003135 -0.106967 0.052791
v 0.004275 -0.107802 0.037678
v -0.033401 -0.106547 0.060593
v -0.059051 -0.105839 0.054005
v -0.044489 -0.106444 0.060854
v -0.058175 -0.103669 0.046829
v -0.006535 -0.106675 0.058300
v -0.010902 -0.106534 0.061112
v -0.021920 -0.106798 0.063086
v -0.016529 -0.106371 0.060411
v 0.004815 -0.107619 0.044747
v 0.002594 -0.107462 0.052828
v -0.030475 -0.106737 0.066073
v -0.033655 -0.106530 0.062307
v -0.052670 -0.106794 0.053612
v -0.055310 -0.106806 0.055256
v -0.059600 -0.104192 0.049053
v -0.048904 -0.106352 0.060746
v -0.036766 -0.106446 0.065839
v -0.022435 -0.106735 0.066042
v 0.005306 -0.107432 0.049505
v 0.007852 -0.107668 0.043447
v -0.026675 -0.106703 0.067231
v -0.058461 -0.106813 0.057712
v -0.060947 -0.104986 0.052372
v -0.045552 -0.106672 0.069867
v -0.049917 -0.106543 0.057840
v -0.063680 -0.103440 0.046829
v -0.003121 -0.106717 0.057840
v -0.003143 -0.106644 0.060432
v -0.017779 -0.106487 0.065694
v -0.008839 -0.106590 0.065355
v 0.009255 -0.107440 0.045670
v 0.005287 -0.107382 0.052467
v -0.000368 -0.107112 0.055087
v 0.008847 -0.107818 0.039769
v -0.031432 -0.106635 0.067438
v -0.054271 -0.106823 0.057243
v -0.063262 -0.105898 0.057836
v -0.063145 -0.104005 0.049762
v -0.051874 -0.106481 0.065871
v -0.036182 -0.106473 0.068830
v -0.000905 -0.106821 0.058576
v -0.002122 -0.106555 0.065244
v -0.013863 -0.106415 0.066400
v -0.020973 -0.106653 0.068155
v 0.013167 -0.106799 0.053270
v 0.010005 -0.106891 0.058495
v 0.010306 -0.107015 0.052409
v 0.002825 -0.106823 0.060324
v 0.014469 -0.107203 0.046456
v 0.013396 -0.107351 0.044076
v -0.030929 -0.106526 0.070804
v -0.056977 -0.106788 0.062152
v -0.060835 -0.106712 0.061407
v -0.066773 -0.103781 0.051577
v -0.053799 -0.106551 0.068317
v -0.052381 -0.106420 0.061798
v -0.036223 -0.106560 0.070959
v 0.000124 -0.106550 0.064249
v -0.010665 -0.106431 0.068237
v -0.015212 -0.106412 0.072005
v -0.023196 -0.106771 0.071645
v -0.007698 -0.106245 0.070977
v 0.014528 -0.106696 0.059226
v 0.007076 -0.106873 0.060101
v 0.018648 -0.107290 0.043930
v -0.058175 -0.106915 0.060593
v -0.063647 -0.106543 0.062366
v -0.066865 -0.104679 0.056857
v -0.055422 -0.106640 0.066098
v -0.049632 -0.106794 0.071599
v -0.042411 -0.106642 0.074862
v 0.000411 -0.106663 0.068916
v -0.002791 -0.106527 0.070669
v 0.017299 -0.107036 0.049326
v 0.010590 -0.106941 0.065400
v 0.006537 -0.106856 0.063514
v -0.061162 -0.106883 0.066351
v -0.069011 -0.104200 0.056292
v -0.058201 -0.106809 0.068190
v -0.050201 -0.106773 0.072054
v -0.034096 -0.106531 0.074391
v 0.002385 -0.106665 0.063345
v -0.016866 -0.106413 0.074925
v -0.002239 -0.106375 0.073349
v 0.016649 -0.106606 0.056923
v 0.016107 -0.106560 0.054631
v 0.022784 -0.107160 0.048396
v 0.016820 -0.106622 0.063676
v -0.022390 -0.106666 0.074356
v -0.030648 -0.106472 0.074356
v -0.065062 -0.106886 0.065772
v -0.066222 -0.105898 0.061489
v -0.070497 -0.105207 0.062669
v -0.055691 -0.106638 0.071805
v 0.002993 -0.106664 0.071556
v 0.007498 -0.106838 0.070057
v -0.009288 -0.106174 0.074189
v -0.014131 -0.106329 0.074356
v -0.005873 -0.106270 0.074356
v 0.020756 -0.106783 0.061222
v 0.020837 -0.106982 0.052221
v 0.023628 -0.107007 0.052125
v 0.007890 -0.106892 0.066098
v 0.013959 -0.106763 0.066369
v 0.026711 -0.107055 0.045056
v -0.062944 -0.106887 0.071848
v -0.071940 -0.104548 0.060285
v 0.004932 -0.106623 0.073310
v 0.022272 -0.106892 0.059247
v 0.021654 -0.106946 0.055087
v 0.028421 -0.106750 0.050096
v 0.011967 -0.106725 0.069146
v 0.017087 -0.106566 0.070974
v 0.019710 -0.106762 0.063393
v 0.025923 -0.107133 0.044114
v -0.067955 -0.106678 0.068348
v -0.076413 -0.104640 0.063042
v 0.022369 -0.106809 0.063970
v 0.032521 -0.106663 0.057853
v 0.019892 -0.106473 0.071183
v 0.029798 -0.106744 0.049197
v 0.026266 -0.107230 0.040686
v 0.032527 -0.106890 0.046024
v -0.069186 -0.106307 0.066098
v -0.066433 -0.106654 0.071604
v -0.071939 -0.105861 0.066098
v 0.007890 -0.106674 0.074356
v 0.031531 -0.106586 0.064600
v 0.032665 -0.106680 0.055087
v 0.027159 -0.106794 0.056446
v 0.013405 -0.106459 0.074417
v 0.020083 -0.106416 0.074249
v 0.023863 -0.106523 0.070263
v 0.021654 -0.106707 0.066098
v 0.033540 -0.106698 0.051433
v -0.069686 -0.106837 0.074968
v -0.069667 -0.106721 0.071668
v -0.072003 -0.106719 0.069401
v 0.025537 -0.106648 0.065944
v 0.026677 -0.106739 0.059373
v 0.037697 -0.106477 0.055233
v 0.032665 -0.106743 0.049582
v -0.077727 -0.106668 0.069361
v 0.032524 -0.106456 0.070251
v 0.030419 -0.106651 0.060363
v 0.035418 -0.106526 0.057840
v 0.024407 -0.106278 0.074356
v -0.074723 -0.107132 0.074785
v -0.073512 -0.107084 0.071561
v 0.032665 -0.106527 0.068851
v 0.027617 -0.106392 0.070167
v 0.036679 -0.106463 0.061723
v 0.038799 -0.106525 0.052024
v 0.027159 -0.106232 0.074356
v 0.037678 -0.106628 0.046610
v -0.080225 -0.106817 0.071688
v 0.038134 -0.106312 0.069501
v 0.036812 -0.106412 0.066945
v 0.034497 -0.106238 0.074215
v 0.043092 -0.106680 0.055119
v 0.040687 -0.106534 0.049586
v 0.038170 -0.106455 0.060593
v 0.038170 -0.106146 0.074356
v 0.029912 -0.106216 0.074356
v 0.043007 -0.106552 0.065602
v 0.045419 -0.106731 0.057521
v 0.045268 -0.106585 0.052198
v 0.041603 -0.106597 0.062407
v 0.044764 -0.106517 0.049299
v 0.040923 -0.106164 0.074356
v 0.049866 -0.106535 0.053867
v -0.083612 -0.106498 0.072299
v 0.043676 -0.106189 0.074356
v 0.043382 -0.106382 0.069898
v 0.044308 -0.106708 0.061720
v 0.049181 -0.106663 0.057840
v 0.055369 -0.106439 0.053830
v 0.046828 -0.106311 0.069865
v 0.050732 -0.106597 0.061635
v 0.052696 -0.106499 0.060435
v 0.055011 -0.106481 0.058242
v 0.046429 -0.106750 0.060593
v 0.046753 -0.106136 0.074217
v 0.051812 -0.106314 0.069319
v 0.052805 -0.106314 0.068669
v 0.057439 -0.106463 0.057840
v 0.055641 -0.106361 0.066149
v 0.062610 -0.106462 0.059886
v 0.051934 -0.106150 0.074356
v 0.058401 -0.106185 0.070122
v 0.054687 -0.106100 0.074356
v 0.060748 -0.106313 0.065568
v 0.066969 -0.106177 0.064040
v 0.057439 -0.106072 0.074356
v 0.062167 -0.106130 0.070688
v -0.019637 -0.084425 0.024961
v -0.019637 -0.087525 0.025710
v -0.017246 -0.087525 0.024473
v -0.019667 -0.090243 0.024722
v -0.017288 -0.084772 0.024631
v -0.015341 -0.087797 0.022007
v -0.016884 -0.082020 0.023778
v -0.019500 -0.093112 0.022174
v -0.013936 -0.084901 0.022138
v -0.014131 -0.082020 0.023683
v -0.019538 -0.081414 0.022415
v -0.020893 -0.093150 0.025051
v -0.016940 -0.092833 0.018259
v -0.014682 -0.090498 0.018037
v -0.016712 -0.079351 0.021802
v -0.022390 -0.093031 0.026961
v -0.020016 -0.095396 0.019302
v -0.011560 -0.084408 0.018995
v -0.011250 -0.082485 0.022164
v -0.014131 -0.078984 0.022315
v -0.019648 -0.079261 0.019324
v -0.022374 -0.095810 0.024932
v -0.022519 -0.098311 0.019302
v -0.014009 -0.093093 0.013883
v -0.011491 -0.087267 0.016253
v -0.015017 -0.077221 0.018973
v -0.023238 -0.095783 0.027560
v -0.023306 -0.098536 0.022054
v -0.022301 -0.098614 0.017235
v -0.011404 -0.090246 0.013730
v -0.010578 -0.084772 0.016549
v -0.011392 -0.079279 0.022041
v -0.011379 -0.076664 0.018929
v -0.019637 -0.078368 0.016549
v -0.023449 -0.098536 0.024807
v -0.023905 -0.101289 0.019302
v -0.023814 -0.101289 0.022054
v -0.011558 -0.092836 0.010430
v -0.008326 -0.082354 0.016549
v -0.009081 -0.087525 0.013369
v -0.008626 -0.079267 0.020465
v -0.015221 -0.076464 0.016633
v -0.022165 -0.079747 0.016269
v -0.023658 -0.098536 0.027560
v -0.024019 -0.101289 0.016549
v -0.014317 -0.095642 0.010567
v -0.008606 -0.084903 0.013818
v -0.008707 -0.090212 0.010925
v -0.008626 -0.077333 0.019302
v -0.008722 -0.081985 0.018955
v -0.011379 -0.075635 0.016549
v -0.019637 -0.077959 0.013796
v -0.024312 -0.101289 0.024807
v -0.024375 -0.104041 0.022054
v -0.024640 -0.104041 0.019302
v -0.007261 -0.082020 0.013796
v -0.005860 -0.085005 0.011060
v -0.006141 -0.087525 0.010867
v -0.008237 -0.076326 0.016972
v -0.007271 -0.079267 0.019302
v -0.014033 -0.075341 0.013363
v -0.016801 -0.076556 0.013796
v -0.025136 -0.101292 0.027566
v -0.025211 -0.103658 0.024692
v -0.024806 -0.104041 0.016549
v -0.006322 -0.079267 0.016549
v -0.005621 -0.082020 0.011389
v -0.008626 -0.075158 0.013796
v -0.011379 -0.074900 0.013796
v -0.016998 -0.076508 0.009031
v -0.025193 -0.106902 0.024715
v -0.022953 -0.107059 0.022054
v -0.022497 -0.106866 0.018647
v -0.023789 -0.104079 0.013660
v -0.005988 -0.079267 0.013589
v -0.001004 -0.087973 0.007399
v -0.003121 -0.082020 0.009269
v -0.005927 -0.076521 0.012905
v -0.011313 -0.074832 0.010156
v -0.027538 -0.104041 0.028124
v -0.022003 -0.106610 0.016549
v -0.003349 -0.079267 0.010783
v -0.002125 -0.084815 0.008130
v -0.008626 -0.074861 0.011044
v -0.014062 -0.075667 0.006700
v -0.027717 -0.101719 0.030440
v -0.026789 -0.106794 0.027560
v -0.022327 -0.107427 0.024470
v -0.019672 -0.107311 0.022070
v -0.019637 -0.107543 0.019302
v -0.019661 -0.106812 0.013725
v -0.005581 -0.076282 0.011044
v 0.002504 -0.084941 0.005658
v -0.000904 -0.082020 0.008037
v -0.008248 -0.075185 0.007343
v -0.011379 -0.075567 0.005538
v -0.016913 -0.076081 0.004817
v -0.028951 -0.104041 0.030313
v -0.027935 -0.106823 0.030003
v -0.025142 -0.107507 0.027560
v -0.022390 -0.107368 0.027560
v -0.019637 -0.107502 0.016549
v -0.003555 -0.076831 0.008291
v 0.002317 -0.088230 0.005491
v -0.001581 -0.079267 0.008291
v -0.005873 -0.075626 0.008291
v -0.011379 -0.075911 0.002785
v -0.014131 -0.075809 0.002785
v -0.025142 -0.107287 0.030313
v -0.020436 -0.106993 0.030458
v -0.016884 -0.107026 0.024807
v -0.016884 -0.107430 0.019302
v -0.016884 -0.107725 0.016549
v 0.004361 -0.084772 0.002785
v 0.002463 -0.081737 0.005657
v -0.000120 -0.079174 0.005793
v -0.005873 -0.075979 0.005538
v -0.014131 -0.075754 0.000033
v -0.027895 -0.106794 0.031135
v -0.017252 -0.106990 0.030826
v -0.012087 -0.106772 0.023897
v -0.012903 -0.106799 0.021962
v -0.016884 -0.108032 0.013796
v -0.003245 -0.077017 0.005411
v 0.005099 -0.087609 0.002680
v 0.003541 -0.082020 0.002785
v -0.005895 -0.076726 0.003060
v -0.008626 -0.076212 0.002785
v -0.027393 -0.106813 0.033116
v -0.022534 -0.106464 0.035753
v -0.013267 -0.107064 0.028368
v -0.014697 -0.107821 0.014015
v -0.017002 -0.106840 0.010883
v 0.006407 -0.090365 0.002889
v 0.004925 -0.085113 0.000033
v 0.002463 -0.081877 -0.000115
v 0.002385 -0.080733 0.002785
v 0.000174 -0.079441 0.002400
v -0.006871 -0.076945 -0.000311
v -0.011379 -0.076066 0.000033
v -0.015071 -0.107101 0.032726
v -0.008626 -0.107026 0.027560
v -0.009261 -0.106870 0.018991
v -0.019647 -0.104057 0.011028
v -0.014131 -0.106907 0.010887
v 0.006472 -0.087525 0.000033
v -0.003020 -0.077782 0.002084
v -0.010741 -0.107068 0.033688
v -0.007628 -0.107133 0.030754
v -0.003434 -0.107443 0.023635
v -0.002948 -0.107338 0.021192
v -0.011379 -0.107179 0.016549
v -0.017062 -0.104135 0.008224
v -0.011379 -0.106909 0.010793
v 0.008702 -0.090265 0.000231
v 0.006461 -0.087255 -0.002538
v 0.001858 -0.082583 -0.002745
v -0.003057 -0.079225 -0.003731
v -0.010078 -0.076425 -0.002954
v -0.008626 -0.107081 0.033065
v -0.005878 -0.106940 0.017973
v -0.011379 -0.107281 0.013796
v -0.017204 -0.101289 0.007858
v -0.014131 -0.104250 0.008056
v 0.008594 -0.089398 -0.002803
v -0.005873 -0.077662 -0.002720
v -0.003765 -0.107318 0.038288
v -0.003159 -0.107487 0.028320
v 0.001628 -0.107534 0.025382
v -0.005873 -0.107014 0.013796
v -0.003121 -0.107170 0.016549
v -0.008626 -0.106955 0.013796
v -0.019684 -0.101045 0.011007
v -0.011379 -0.105299 0.008291
v -0.008776 -0.106864 0.010504
v 0.006016 -0.087367 -0.005548
v 0.002785 -0.084381 -0.005473
v -0.000013 -0.081735 -0.005473
v -0.006262 -0.077725 -0.005340
v -0.001476 -0.107355 0.037724
v -0.001440 -0.107425 0.031089
v -0.000368 -0.107600 0.022054
v -0.001635 -0.107368 0.013757
v 0.000934 -0.107940 0.019275
v -0.014350 -0.101379 0.005459
v -0.017791 -0.098373 0.011066
v -0.011130 -0.103830 0.006138
v -0.002453 -0.079992 -0.008338
v 0.001565 -0.107465 0.027172
v -0.005492 -0.106789 0.008316
v -0.000368 -0.107736 0.016549
v -0.019628 -0.098547 0.013806
v -0.008626 -0.105272 0.005538
v 0.001959 -0.083845 -0.008484
v -0.005873 -0.077788 -0.010978
v 0.004275 -0.107802 0.037678
v 0.002567 -0.107750 0.032795
v 0.005138 -0.107729 0.027560
v 0.006145 -0.108013 0.021785
v -0.002779 -0.107039 0.008252
v 0.002385 -0.108156 0.016549
v 0.002385 -0.107921 0.013796
v -0.018584 -0.095227 0.016696
v -0.008538 -0.103871 0.002872
v -0.003236 -0.079341 -0.010978
v 0.008011 -0.107892 0.030428
v 0.009619 -0.107866 0.024557
v 0.005041 -0.108410 0.016866
v -0.000558 -0.106889 0.005918
v 0.004406 -0.107903 0.009524
v -0.005881 -0.106333 0.005601
v -0.005645 -0.105578 0.002665
v 0.000524 -0.082173 -0.011096
v 0.007890 -0.107873 0.033065
v 0.008785 -0.107846 0.027018
v 0.010643 -0.107989 0.022054
v 0.014570 -0.108036 0.021498
v 0.002469 -0.107654 0.007625
v 0.005138 -0.108342 0.013796
v 0.001234 -0.082271 -0.013721
v 0.009233 -0.107907 0.036113
v 0.020504 -0.107442 0.024363
v 0.011974 -0.107779 0.032971
v 0.008915 -0.108476 0.016366
v 0.001851 -0.106745 0.002041
v 0.005177 -0.107660 0.004762
v 0.007890 -0.108538 0.013796
v 0.008847 -0.107818 0.039769
v 0.016149 -0.107376 0.027560
v 0.015770 -0.107442 0.030326
v 0.013396 -0.108341 0.016549
v -0.000460 -0.106298 0.002780
v 0.007512 -0.107893 0.005474
v 0.009892 -0.108635 0.011408
v 0.015508 -0.107300 0.041513
v 0.016102 -0.107482 0.034361
v 0.017835 -0.107917 0.020986
v 0.018901 -0.107345 0.027560
v 0.016149 -0.108265 0.016549
v 0.013886 -0.108576 0.013459
v 0.006184 -0.107564 0.000053
v 0.010618 -0.108577 0.008546
v 0.010643 -0.108603 0.013796
v 0.018648 -0.107290 0.043930
v 0.017294 -0.107268 0.041292
v 0.019789 -0.108146 0.017182
v 0.024147 -0.107355 0.029312
v 0.012624 -0.108341 0.003964
v 0.010643 -0.108121 0.002785
v 0.013518 -0.108848 0.009182
v 0.021034 -0.107342 0.034967
v 0.021654 -0.107517 0.022054
v 0.024231 -0.107475 0.021950
v 0.010643 -0.108262 0.000033
v 0.026266 -0.107230 0.040686
v 0.030606 -0.107146 0.029717
v 0.024387 -0.107246 0.038162
v 0.019471 -0.108393 0.014219
v 0.017189 -0.108745 0.008097
v 0.015125 -0.108311 0.000909
v 0.019116 -0.108585 0.010908
v 0.024407 -0.107561 0.019302
v 0.033001 -0.107076 0.031818
v 0.030824 -0.107187 0.024462
v 0.027683 -0.107261 0.035978
v 0.026499 -0.107451 0.019641
v 0.016846 -0.108695 0.004861
v 0.037302 -0.107250 0.030034
v 0.037342 -0.107323 0.027643
v 0.028984 -0.107842 0.010755
v 0.025963 -0.107790 0.013895
v 0.026183 -0.108567 0.006450
v 0.021469 -0.108856 0.005540
v 0.018901 -0.108756 0.002785
v 0.034020 -0.106976 0.038424
v 0.032665 -0.107019 0.035818
v 0.042368 -0.107036 0.033631
v 0.030353 -0.107282 0.021716
v 0.036505 -0.107301 0.021192
v 0.023139 -0.109069 0.000260
v 0.031211 -0.107055 0.042050
v 0.036386 -0.106890 0.035882
v 0.045190 -0.107084 0.024100
v 0.028635 -0.108510 0.004441
v 0.027159 -0.107739 0.013796
v 0.021654 -0.108929 0.002785
v 0.032527 -0.106890 0.046024
v 0.037699 -0.106693 0.042293
v 0.042400 -0.106961 0.035214
v 0.043938 -0.107089 0.030376
v 0.030046 -0.107588 0.013876
v 0.041351 -0.107087 0.020714
v 0.040923 -0.107229 0.027560
v 0.032151 -0.107604 0.009151
v 0.025170 -0.108940 0.002631
v 0.038965 -0.106694 0.040939
v 0.034431 -0.107415 0.014455
v 0.046799 -0.107116 0.022589
v 0.034621 -0.107428 0.005225
v 0.031126 -0.108636 -0.000668
v 0.030424 -0.108914 -0.002576
v 0.037678 -0.106628 0.046610
v 0.045824 -0.106888 0.039025
v 0.046429 -0.107001 0.035818
v 0.042367 -0.107065 0.019635
v 0.046524 -0.107062 0.026028
v 0.040444 -0.107078 0.016783
v 0.037279 -0.107250 0.009819
v 0.038732 -0.106638 0.042833
v 0.042880 -0.106696 0.043005
v 0.051777 -0.107063 0.034080
v 0.050772 -0.107231 0.020166
v 0.052177 -0.107112 0.027714
v 0.038170 -0.107218 0.013796
v 0.038309 -0.107214 0.005869
v 0.035507 -0.107590 0.001190
v 0.035418 -0.108037 -0.002720
v 0.044764 -0.106517 0.049299
v 0.048720 -0.106884 0.041594
v 0.049181 -0.106996 0.035818
v 0.048364 -0.107284 0.017269
v 0.049181 -0.107203 0.022054
v 0.042403 -0.107130 0.013633
v 0.054413 -0.107217 0.022735
v 0.051593 -0.107082 0.030383
v 0.037114 -0.107976 -0.005525
v 0.049181 -0.106804 0.044307
v 0.054828 -0.106961 0.039345
v 0.053790 -0.107065 0.035964
v 0.056556 -0.107197 0.018744
v 0.057555 -0.107113 0.026657
v 0.056634 -0.107099 0.030094
v 0.038170 -0.107310 0.002785
v 0.044527 -0.107357 0.008684
v 0.038161 -0.107442 0.000015
v 0.046429 -0.106613 0.046829
v 0.051675 -0.106791 0.045266
v 0.059718 -0.106770 0.039979
v 0.049648 -0.107360 0.013660
v 0.059859 -0.107070 0.024584
v 0.041914 -0.107290 0.002843
v 0.040923 -0.107235 0.005538
v 0.040404 -0.108062 -0.007172
v 0.053043 -0.106524 0.051611
v 0.060192 -0.106897 0.035818
v 0.057439 -0.106934 0.035818
v 0.054687 -0.107262 0.013796
v 0.062025 -0.107021 0.023850
v 0.060912 -0.106919 0.031878
v 0.041010 -0.107495 -0.000281
v 0.049632 -0.107500 0.010544
v 0.038462 -0.107858 -0.008677
v 0.044794 -0.107809 -0.002816
v 0.045268 -0.106585 0.052198
v 0.054636 -0.106781 0.046670
v 0.064976 -0.106665 0.040732
v 0.057439 -0.107233 0.013796
v 0.060192 -0.107098 0.019302
v 0.063323 -0.106874 0.028117
v 0.063414 -0.106858 0.031350
v 0.048166 -0.107780 0.000581
v 0.048817 -0.107650 0.005291
v 0.049932 -0.107609 0.008705
v 0.042594 -0.107677 -0.011018
v 0.043676 -0.107890 -0.005473
v 0.055369 -0.106439 0.053830
v 0.060587 -0.106690 0.045481
v 0.062945 -0.106614 0.044076
v 0.063036 -0.107219 0.016705
v 0.056263 -0.107321 0.010877
v 0.066596 -0.106956 0.024461
v 0.065459 -0.106792 0.035551
v 0.048017 -0.107666 0.002566
v 0.047193 -0.107858 -0.008346
v 0.040792 -0.106705 -0.015759
v 0.046837 -0.107836 -0.006272
v 0.060612 -0.106643 0.048808
v 0.065698 -0.106603 0.044076
v 0.060192 -0.107308 0.013796
v 0.070072 -0.106921 0.026781
v 0.069992 -0.106938 0.030061
v 0.068989 -0.106752 0.038775
v 0.069388 -0.106780 0.036146
v 0.054213 -0.107983 -0.001391
v 0.053316 -0.107628 0.004879
v 0.046429 -0.107741 -0.010978
v 0.043676 -0.106847 -0.013876
v 0.057653 -0.106471 0.052070
v 0.066546 -0.106622 0.049494
v 0.068432 -0.106657 0.043668
v 0.062945 -0.107345 0.013796
v 0.070729 -0.106957 0.025042
v 0.073999 -0.106880 0.033063
v 0.057439 -0.107442 0.008291
v 0.051477 -0.108091 -0.010977
v 0.046429 -0.106853 -0.013854
v 0.043901 -0.105589 -0.017391
v 0.053803 -0.108158 -0.006445
v 0.063006 -0.106571 0.053600
v 0.062610 -0.106462 0.059886
v 0.065646 -0.106497 0.055082
v 0.071746 -0.106642 0.048905
v 0.064579 -0.107559 0.007913
v 0.075807 -0.106888 0.031630
v 0.073942 -0.107013 0.024767
v 0.071203 -0.107068 0.022054
v 0.073335 -0.106630 0.041807
v 0.077022 -0.106746 0.036634
v 0.059476 -0.107565 0.004749
v 0.057441 -0.108007 -0.006729
v 0.062945 -0.106486 0.057840
v 0.068450 -0.106589 0.052334
v 0.068450 -0.107218 0.013796
v 0.077303 -0.107029 0.022052
v 0.071203 -0.107114 0.019302
v 0.078871 -0.106861 0.032685
v 0.073956 -0.106693 0.038571
v 0.060192 -0.107629 0.002785
v 0.054687 -0.108330 -0.008225
v 0.049181 -0.106989 -0.014073
v 0.045891 -0.105296 -0.017079
v 0.059725 -0.107652 -0.002592
v 0.074452 -0.106656 0.052024
v 0.074712 -0.106644 0.047495
v 0.075404 -0.107077 0.015391
v 0.069626 -0.107323 0.009774
v 0.076709 -0.106969 0.027560
v 0.080795 -0.106933 0.031576
v 0.076960 -0.106739 0.037377
v 0.084112 -0.106979 0.033625
v 0.055794 -0.108481 -0.010986
v 0.054053 -0.107842 -0.013655
v 0.051084 -0.105493 -0.016208
v 0.064178 -0.107467 -0.002557
v 0.065698 -0.106321 0.060593
v 0.071493 -0.106343 0.056909
v 0.077400 -0.106656 0.041983
v 0.071203 -0.107139 0.013796
v 0.069235 -0.107265 0.002923
v 0.076812 -0.106999 0.019374
v 0.082342 -0.106933 0.038943
v 0.051934 -0.106794 -0.014878
v 0.049181 -0.103749 -0.018799
v 0.060192 -0.108504 -0.010978
v 0.065368 -0.107430 -0.005478
v 0.066969 -0.106177 0.064040
v 0.068450 -0.106369 0.057840
v 0.080876 -0.106762 0.048127
v 0.076378 -0.106636 0.054997
v 0.076709 -0.106703 0.046829
v 0.072583 -0.107241 0.008541
v 0.083355 -0.107259 0.027523
v 0.081482 -0.107269 0.024503
v 0.081093 -0.107303 0.015395
v 0.081557 -0.106864 0.043541
v 0.088003 -0.106810 0.036497
v 0.057439 -0.108231 -0.013731
v 0.054687 -0.106794 -0.015231
v 0.054687 -0.105295 -0.016484
v 0.053851 -0.104114 -0.017581
v 0.048671 -0.102254 -0.021929
v 0.062945 -0.108331 -0.010978
v 0.065471 -0.107644 -0.008113
v 0.068746 -0.107455 -0.007498
v 0.081254 -0.106458 0.054237
v 0.078256 -0.106501 0.058396
v 0.071615 -0.106277 0.061703
v 0.079461 -0.106784 0.046829
v 0.070253 -0.107226 0.000624
v 0.072608 -0.107186 0.003614
v 0.077057 -0.107148 0.013835
v 0.089171 -0.106920 0.032271
v 0.083478 -0.106812 0.046973
v 0.083421 -0.106858 0.044403
v 0.087719 -0.106733 0.041324
v 0.051934 -0.103118 -0.019236
v 0.062945 -0.108589 -0.013731
v 0.060192 -0.108447 -0.013731
v 0.074640 -0.107357 -0.001207
v 0.086750 -0.106450 0.052933
v 0.079461 -0.106485 0.055087
v 0.076768 -0.106449 0.060372
v 0.073956 -0.106349 0.060593
v 0.073956 -0.107220 0.008291
v 0.084969 -0.107383 0.025873
v 0.082214 -0.107395 0.022054
v 0.083715 -0.107486 0.013718
v 0.088968 -0.106954 0.030663
v 0.092307 -0.106746 0.041921
v 0.092998 -0.106965 0.035969
v 0.057595 -0.106549 -0.016396
v 0.057439 -0.104041 -0.017686
v 0.056020 -0.102415 -0.019238
v 0.053282 -0.101330 -0.021902
v 0.066905 -0.107807 -0.010762
v 0.065698 -0.108458 -0.013731
v 0.072772 -0.107368 -0.010711
v 0.073660 -0.106342 0.066100
v 0.088040 -0.106771 0.047899
v 0.089284 -0.106422 0.058576
v 0.083820 -0.106442 0.061061
v 0.078854 -0.106317 0.063720
v 0.077698 -0.107134 0.009847
v 0.073956 -0.107301 0.000033
v 0.079752 -0.107324 0.005009
v 0.085318 -0.107455 0.023946
v 0.086243 -0.107492 0.018790
v 0.095003 -0.106930 0.034593
v 0.098473 -0.106605 0.038628
v 0.062945 -0.108280 -0.016484
v 0.060192 -0.107733 -0.016484
v 0.074938 -0.107295 -0.006852
v 0.087719 -0.106442 0.052334
v 0.094634 -0.106406 0.054964
v 0.079582 -0.107226 0.008281
v 0.087719 -0.107506 0.013796
v 0.091241 -0.106879 0.029479
v 0.090472 -0.106761 0.044273
v 0.095978 -0.106762 0.044076
v 0.060192 -0.106794 -0.017645
v 0.061154 -0.101637 -0.019799
v 0.057116 -0.100871 -0.021264
v 0.068450 -0.108183 -0.013731
v 0.065698 -0.108499 -0.016484
v 0.073956 -0.107345 -0.010978
v 0.082733 -0.107548 -0.001482
v 0.091098 -0.106772 0.047609
v 0.091034 -0.106277 0.060688
v 0.085125 -0.106423 0.066117
v 0.082644 -0.107560 0.002395
v 0.082214 -0.107431 0.008291
v 0.092382 -0.107199 0.019590
v 0.090792 -0.107479 0.013850
v 0.085732 -0.107677 0.009825
v 0.094524 -0.106818 0.027486
v 0.093922 -0.106684 0.048790
v 0.101819 -0.106164 0.045484
v 0.100374 -0.106622 0.032872
v 0.060192 -0.104041 -0.018274
v 0.068450 -0.108578 -0.016484
v 0.062917 -0.106658 -0.019243
v 0.073256 -0.107781 -0.013580
v 0.076709 -0.107358 -0.010978
v 0.087373 -0.107748 -0.001984
v 0.095978 -0.105944 0.060593
v 0.087347 -0.107851 0.006134
v 0.093644 -0.106835 0.024623
v 0.097544 -0.107080 0.016031
v 0.097176 -0.106794 0.033065
v 0.102529 -0.106166 0.043036
v 0.062945 -0.102836 -0.019236
v 0.062429 -0.100293 -0.022136
v 0.073576 -0.108567 -0.016763
v 0.065698 -0.107909 -0.019236
v 0.081309 -0.107415 -0.008805
v 0.088671 -0.107827 0.000043
v 0.087033 -0.107726 -0.005104
v 0.093225 -0.106655 0.049582
v 0.098444 -0.105652 0.062108
v 0.088253 -0.106225 0.067935
v 0.089033 -0.107813 0.002840
v 0.096414 -0.106803 0.022553
v 0.098385 -0.106851 0.019410
v 0.095978 -0.107250 0.013796
v 0.087776 -0.107784 0.008239
v 0.101760 -0.106373 0.038265
v 0.101318 -0.106114 0.048503
v 0.063661 -0.104033 -0.019149
v 0.063695 -0.101097 -0.020869
v 0.057814 -0.099646 -0.025444
v 0.068450 -0.108634 -0.019236
v 0.065698 -0.106794 -0.020061
v 0.076709 -0.107515 -0.013731
v 0.079461 -0.107470 -0.013731
v 0.093609 -0.107482 -0.002670
v 0.098965 -0.106276 0.053148
v 0.101794 -0.105699 0.060344
v 0.095561 -0.107377 0.002681
v 0.095978 -0.106753 0.024807
v 0.100985 -0.107036 0.015036
v 0.098211 -0.107266 0.011093
v 0.101007 -0.106671 0.030730
v 0.100719 -0.106147 0.052280
v 0.067525 -0.104111 -0.020523
v 0.065698 -0.099667 -0.024742
v 0.062432 -0.099258 -0.024884
v 0.071203 -0.108725 -0.019236
v 0.076709 -0.108097 -0.016484
v 0.089044 -0.107654 -0.008694
v 0.082214 -0.107400 -0.010978
v 0.093834 -0.107436 -0.005646
v 0.101758 -0.105800 0.058213
v 0.097519 -0.107345 0.005125
v 0.090472 -0.107656 0.008291
v 0.099327 -0.106755 0.023192
v 0.098730 -0.106794 0.020505
v 0.101028 -0.106687 0.027629
v 0.068142 -0.101435 -0.022242
v 0.060192 -0.099212 -0.027495
v 0.073956 -0.108874 -0.019236
v 0.068788 -0.106794 -0.021902
v 0.076872 -0.108793 -0.019358
v 0.084496 -0.107353 -0.013674
v 0.096389 -0.107424 -0.000945
v 0.095978 -0.107426 0.008291
v 0.093225 -0.107530 0.008291
v 0.072134 -0.104050 -0.022422
v 0.071090 -0.101179 -0.024575
v 0.064372 -0.099013 -0.027436
v 0.060999 -0.099368 -0.030431
v 0.071203 -0.107180 -0.022137
v 0.080483 -0.107631 -0.016401
v 0.097078 -0.107457 -0.007607
v 0.098730 -0.107453 -0.002720
v 0.101483 -0.107411 0.002785
v 0.099623 -0.107306 0.008074
v 0.068450 -0.099845 -0.027495
v 0.073956 -0.108073 -0.021989
v 0.084237 -0.107491 -0.017425
v 0.095114 -0.107573 -0.011449
v 0.088982 -0.107631 -0.010972
v 0.073956 -0.102186 -0.024742
v 0.071203 -0.100332 -0.027495
v 0.068635 -0.100090 -0.028875
v 0.065714 -0.100870 -0.032974
v 0.076709 -0.108779 -0.021989
v 0.073956 -0.106794 -0.022849
v 0.082214 -0.108686 -0.021989
v 0.098730 -0.107491 -0.010978
v 0.087719 -0.107527 -0.013731
v 0.088684 -0.107495 -0.016934
v 0.075984 -0.101511 -0.027514
v 0.076754 -0.104014 -0.024705
v 0.060268 -0.099664 -0.032958
v 0.079461 -0.108795 -0.021989
v 0.076709 -0.106794 -0.023833
v 0.084967 -0.108352 -0.021989
v 0.098986 -0.107537 -0.013092
v 0.091461 -0.107653 -0.014158
v 0.087290 -0.107506 -0.019239
v 0.073956 -0.100651 -0.030247
v 0.069124 -0.101249 -0.032889
v 0.065524 -0.100803 -0.035608
v 0.082214 -0.107747 -0.024742
v 0.095978 -0.107572 -0.013731
v 0.090472 -0.107820 -0.021989
v 0.079461 -0.104041 -0.025951
v 0.079592 -0.106591 -0.024697
v 0.078489 -0.101620 -0.030315
v 0.076359 -0.101334 -0.032733
v 0.087719 -0.108284 -0.024742
v 0.084967 -0.108275 -0.024742
v 0.093417 -0.107707 -0.017807
v 0.093225 -0.107760 -0.021989
v 0.079461 -0.102854 -0.027495
v 0.070163 -0.101379 -0.035688
v 0.082214 -0.106794 -0.025502
v 0.090472 -0.108021 -0.024742
v 0.082088 -0.104118 -0.027774
v 0.084043 -0.104073 -0.030187
v 0.080345 -0.102190 -0.032831
v 0.076605 -0.102062 -0.035842
v 0.084967 -0.106346 -0.027092
v 0.093297 -0.107678 -0.027106
v 0.087564 -0.106846 -0.027638
v 0.080905 -0.102881 -0.035843
v 0.070472 -0.101272 -0.039484
v 0.090472 -0.107529 -0.027495
v 0.086892 -0.104677 -0.032841
v 0.086875 -0.104557 -0.036082
v 0.076518 -0.102232 -0.038594
v 0.090611 -0.106677 -0.029997
v 0.071222 -0.101285 -0.041013
v 0.093225 -0.107477 -0.030247
v 0.092690 -0.107104 -0.033603
v 0.076459 -0.102272 -0.043326
v 0.068957 -0.100905 -0.044400
v 0.071073 -0.101252 -0.045018
v 0.071756 -0.101404 -0.046341
v 0.098430 -0.107500 -0.022629
v 0.099194 -0.107580 -0.017143
v 0.103059 -0.107655 -0.028398
v 0.101483 -0.107600 -0.024742
v 0.097652 -0.107567 -0.018378
v 0.096118 -0.107641 -0.026970
v 0.101483 -0.107755 -0.030247
v 0.098730 -0.107887 -0.030247
v 0.098747 -0.108358 -0.034045
v 0.095978 -0.107917 -0.030247
v 0.095920 -0.108048 -0.033457
v 0.099179 -0.108644 -0.039856
v 0.102432 -0.108949 -0.042009
v 0.096004 -0.108245 -0.038566
v 0.092740 -0.107009 -0.035753
v 0.098890 -0.108543 -0.048935
v 0.095978 -0.107969 -0.044011
v 0.092985 -0.107080 -0.039299
v 0.090417 -0.105705 -0.040805
v 0.101483 -0.108727 -0.052269
v 0.095860 -0.107927 -0.047892
v 0.092926 -0.106915 -0.048066
v 0.090472 -0.105709 -0.044011
v 0.087189 -0.104635 -0.038212
v 0.098916 -0.108043 -0.054894
v 0.094343 -0.107133 -0.051701
v 0.087719 -0.104743 -0.044011
v 0.090382 -0.105687 -0.048664
v 0.087403 -0.104514 -0.049640
v 0.085073 -0.104015 -0.044011
v 0.082214 -0.103372 -0.038505
v 0.095879 -0.106942 -0.058934
v 0.081133 -0.103102 -0.041792
v 0.079461 -0.102789 -0.038505
v 0.101347 -0.108108 -0.058794
v 0.098730 -0.107646 -0.059864
v 0.090613 -0.105181 -0.054578
v 0.090472 -0.105379 -0.052269
v 0.082214 -0.103323 -0.044011
v 0.098368 -0.106754 -0.064405
v 0.093299 -0.105571 -0.060329
v 0.079481 -0.102820 -0.046330
v 0.079461 -0.102796 -0.044011
v 0.094276 -0.105082 -0.066222
v 0.090790 -0.104783 -0.059591
v 0.087719 -0.104413 -0.055022
v 0.080957 -0.103150 -0.051703
v 0.101483 -0.107520 -0.063280
v 0.100984 -0.106862 -0.068689
v 0.093225 -0.105156 -0.063280
v 0.087190 -0.104297 -0.054345
v 0.079461 -0.102893 -0.049516
v 0.102980 -0.107532 -0.066087
v 0.093582 -0.104600 -0.068118
v 0.090397 -0.104345 -0.065469
v 0.087051 -0.104199 -0.058618
v 0.084967 -0.103739 -0.055022
v 0.075938 -0.102373 -0.049310
v 0.098548 -0.105417 -0.072093
v 0.080305 -0.103089 -0.053624
v 0.075777 -0.102414 -0.053159
v 0.094462 -0.104331 -0.071388
v 0.092597 -0.104164 -0.070169
v 0.084316 -0.103698 -0.065631
v 0.071330 -0.101782 -0.051562
v 0.093638 -0.103577 -0.079055
v 0.086477 -0.103686 -0.071136
v 0.082750 -0.103579 -0.068026
v 0.085166 -0.104018 -0.060547
v 0.080521 -0.103487 -0.060234
v 0.076709 -0.102712 -0.055022
v 0.070121 -0.101662 -0.054863
v 0.068483 -0.101281 -0.052413
v 0.090459 -0.103601 -0.073498
v 0.098338 -0.104955 -0.078069
v 0.074756 -0.102782 -0.071287
v 0.080666 -0.103373 -0.063800
v 0.076590 -0.102917 -0.057645
v 0.068103 -0.101421 -0.058896
v 0.064498 -0.100467 -0.049658
v 0.090206 -0.103241 -0.079046
v 0.095715 -0.104129 -0.079796
v 0.102166 -0.106620 -0.077748
v 0.081828 -0.103544 -0.071401
v 0.085040 -0.103162 -0.079561
v 0.063901 -0.100689 -0.053858
v 0.090316 -0.103177 -0.084478
v 0.095003 -0.104132 -0.084150
v 0.100725 -0.105980 -0.083631
v 0.080564 -0.103293 -0.073942
v 0.072815 -0.102534 -0.066125
v 0.074815 -0.102802 -0.060689
v 0.064137 -0.100714 -0.062031
v 0.062945 -0.100462 -0.052269
v 0.087719 -0.103094 -0.079796
v 0.092901 -0.103630 -0.084832
v 0.087766 -0.102982 -0.082986
v 0.081790 -0.103118 -0.077570
v 0.075389 -0.102869 -0.062584
v 0.072764 -0.102580 -0.068731
v 0.072794 -0.102381 -0.074941
v 0.068299 -0.101640 -0.062750
v 0.060584 -0.100278 -0.057964
v 0.060179 -0.099359 -0.049830
v 0.082263 -0.103327 -0.082625
v 0.090472 -0.103163 -0.088055
v 0.087719 -0.102926 -0.088055
v 0.095978 -0.104521 -0.085302
v 0.093538 -0.103964 -0.088055
v 0.099152 -0.105852 -0.088180
v 0.071203 -0.102255 -0.063280
v 0.069618 -0.102013 -0.071677
v 0.064924 -0.101305 -0.065938
v 0.060192 -0.100107 -0.060527
v 0.060192 -0.100050 -0.055022
v 0.072296 -0.102342 -0.077629
v 0.079461 -0.102865 -0.079796
v 0.065920 -0.101699 -0.068268
v 0.065600 -0.101798 -0.072967
v 0.059215 -0.100297 -0.065612
v 0.057315 -0.099284 -0.059223
v 0.055315 -0.098428 -0.054601
v 0.089728 -0.102786 -0.090859
v 0.084967 -0.103049 -0.088055
v 0.095978 -0.105249 -0.088055
v 0.099019 -0.105820 -0.090737
v 0.075738 -0.102419 -0.080736
v 0.066476 -0.101700 -0.077182
v 0.079287 -0.103104 -0.085050
v 0.061403 -0.100696 -0.067854
v 0.093649 -0.103879 -0.090807
v 0.082214 -0.103338 -0.085302
v 0.071784 -0.101972 -0.084921
v 0.074432 -0.102341 -0.085107
v 0.063308 -0.101315 -0.072910
v 0.057068 -0.099628 -0.063669
v 0.053041 -0.097759 -0.057284
v 0.093225 -0.103093 -0.093560
v 0.085305 -0.102155 -0.093102
v 0.081638 -0.103057 -0.087900
v 0.095978 -0.106098 -0.090807
v 0.095172 -0.104041 -0.093560
v 0.090230 -0.102040 -0.095593
v 0.082331 -0.101802 -0.093614
v 0.095978 -0.105474 -0.093560
v 0.098721 -0.105891 -0.093613
v 0.093225 -0.102829 -0.096313
v 0.101285 -0.106824 -0.096159
v 0.095621 -0.104357 -0.096313
v 0.090472 -0.102520 -0.099065
v 0.098730 -0.106044 -0.096313
v 0.093173 -0.104353 -0.099013
v 0.101264 -0.107797 -0.101536
v 0.098594 -0.106838 -0.098859
v 0.095978 -0.106488 -0.099436
v 0.101710 -0.108461 -0.109108
v 0.093225 -0.106794 -0.099661
v 0.098730 -0.108764 -0.104571
v 0.098730 -0.107972 -0.101818
v 0.093225 -0.109354 -0.102184
v 0.090472 -0.106794 -0.100546
v 0.096731 -0.109401 -0.106803
v 0.095978 -0.108372 -0.101818
v 0.097389 -0.108968 -0.110061
v 0.095610 -0.109466 -0.104571
v 0.093120 -0.109541 -0.107097
v 0.091997 -0.110170 -0.104538
v 0.097090 -0.109001 -0.112467
v 0.088028 -0.109296 -0.109450
v 0.089864 -0.109027 -0.113027
v 0.085183 -0.109174 -0.110425
v 0.084284 -0.109657 -0.107507
v 0.084967 -0.108959 -0.112829
v 0.079006 -0.109173 -0.109370
v 0.082214 -0.108964 -0.112829
v 0.079461 -0.108982 -0.112829
v 0.076553 -0.109044 -0.112767
v 0.038170 -0.104029 -0.082517
v 0.035418 -0.105458 -0.082549
v 0.035335 -0.104041 -0.082518
v 0.032665 -0.104041 -0.083320
v 0.035418 -0.101289 -0.084461
v -0.060928 -0.104041 -0.028020
v -0.059623 -0.104041 -0.027495
v -0.060928 -0.106794 -0.027942
v -0.060928 -0.101289 -0.029443
v -0.058034 -0.106651 -0.027594
v -0.058175 -0.102320 -0.027495
v -0.058175 -0.104041 -0.025665
v -0.055750 -0.106918 -0.024534
v -0.055272 -0.090168 -0.038456
v -0.050002 -0.094924 -0.035619
v -0.055422 -0.093122 -0.035819
v -0.055422 -0.095783 -0.034335
v -0.058526 -0.093155 -0.035817
v -0.058175 -0.095783 -0.034407
v -0.052670 -0.095783 -0.034550
v -0.058175 -0.097597 -0.033000
v -0.052670 -0.097274 -0.033000
v -0.055422 -0.097636 -0.033000
v -0.049821 -0.096538 -0.033535
v -0.058216 -0.100987 -0.029363
v -0.060928 -0.100115 -0.030247
v -0.058175 -0.098536 -0.032034
v -0.055422 -0.099736 -0.030247
v -0.047150 -0.096010 -0.033236
v -0.038906 -0.105616 -0.027495
v -0.038906 -0.104041 -0.026268
v -0.036382 -0.104041 -0.027623
v -0.042546 -0.104040 -0.024893
v -0.036153 -0.106860 -0.030093
v -0.041647 -0.106568 -0.027654
v -0.033400 -0.104041 -0.028554
v -0.038906 -0.106794 -0.029071
v -0.044616 -0.105011 -0.024635
v -0.033400 -0.106921 -0.029838
v -0.033400 -0.101289 -0.029540
v -0.038901 -0.108709 -0.033110
v -0.041659 -0.107991 -0.030247
v -0.047597 -0.107649 -0.028255
v -0.036153 -0.108034 -0.033000
v -0.030648 -0.106794 -0.029040
v -0.030648 -0.104041 -0.028657
v -0.036153 -0.101289 -0.028573
v -0.044411 -0.108380 -0.030247
v -0.050141 -0.106684 -0.025163
v -0.033400 -0.106916 -0.033000
v -0.030648 -0.107414 -0.030247
v -0.036153 -0.108986 -0.035753
v -0.041837 -0.108869 -0.033188
v -0.047164 -0.108326 -0.030247
v -0.052670 -0.108127 -0.027495
v -0.027895 -0.106794 -0.028801
v -0.027895 -0.104041 -0.028961
v -0.038923 -0.109383 -0.035766
v -0.047164 -0.108980 -0.033000
v -0.051489 -0.108361 -0.029301
v -0.052684 -0.106917 -0.023515
v -0.030648 -0.107293 -0.033000
v -0.033400 -0.107570 -0.035753
v -0.027895 -0.108167 -0.030247
v -0.033539 -0.109491 -0.039186
v -0.046952 -0.109352 -0.035806
v -0.055422 -0.107894 -0.027495
v -0.030648 -0.107346 -0.035753
v -0.025113 -0.106822 -0.030198
v -0.040862 -0.109388 -0.037124
v -0.050103 -0.109178 -0.035991
v -0.054048 -0.108881 -0.032844
v -0.055422 -0.108442 -0.030247
v -0.055750 -0.106918 -0.024534
v -0.027895 -0.108246 -0.033000
v -0.027736 -0.107913 -0.035682
v -0.028269 -0.109118 -0.038479
v -0.025142 -0.108161 -0.033000
v -0.035861 -0.109788 -0.041161
v -0.045202 -0.109359 -0.041324
v -0.058034 -0.106651 -0.027594
v -0.028464 -0.109608 -0.040714
v -0.022303 -0.106794 -0.032937
v -0.025142 -0.108854 -0.038505
v -0.022390 -0.108637 -0.035753
v -0.027107 -0.109704 -0.042136
v -0.036803 -0.109725 -0.043401
v -0.020473 -0.108999 -0.038219
v -0.019580 -0.106934 -0.034585
v -0.031992 -0.109903 -0.044647
v -0.041390 -0.109355 -0.045784
v -0.020274 -0.109184 -0.040487
v -0.027895 -0.109951 -0.046764
v -0.037992 -0.109401 -0.047521
v -0.044519 -0.109543 -0.046764
v -0.016884 -0.108490 -0.038505
v -0.025120 -0.109575 -0.043411
v -0.032226 -0.109841 -0.049421
v -0.025142 -0.109832 -0.046764
v -0.033400 -0.109851 -0.046764
v -0.043255 -0.109506 -0.051125
v -0.049531 -0.109565 -0.046216
v -0.016884 -0.108214 -0.041258
v -0.017012 -0.108460 -0.044076
v -0.023005 -0.109681 -0.047509
v -0.017192 -0.106794 -0.035973
v -0.025830 -0.109988 -0.050073
v -0.037576 -0.109455 -0.050389
v -0.047162 -0.109540 -0.049768
v -0.052971 -0.109373 -0.044162
v -0.019637 -0.109181 -0.046764
v -0.028861 -0.109641 -0.057033
v -0.040914 -0.109418 -0.052186
v -0.045129 -0.109736 -0.055750
v -0.052670 -0.109787 -0.046764
v -0.053602 -0.110060 -0.049179
v -0.014131 -0.108219 -0.044011
v -0.016884 -0.108779 -0.046764
v -0.025191 -0.109595 -0.056063
v -0.034919 -0.109508 -0.054951
v -0.021232 -0.110005 -0.052175
v -0.035283 -0.109598 -0.052160
v -0.041172 -0.109489 -0.054947
v -0.051623 -0.109910 -0.052564
v -0.056078 -0.109557 -0.043935
v -0.016929 -0.109753 -0.051476
v -0.023467 -0.109651 -0.059107
v -0.034353 -0.109563 -0.057741
v -0.050779 -0.109983 -0.055939
v -0.047946 -0.109962 -0.058568
v -0.056550 -0.109770 -0.045878
v -0.056396 -0.109832 -0.051927
v -0.014131 -0.108445 -0.046764
v -0.022390 -0.109892 -0.055022
v -0.025555 -0.109765 -0.059920
v -0.031001 -0.109738 -0.059560
v -0.017200 -0.109959 -0.056468
v -0.039131 -0.109849 -0.060100
v -0.059017 -0.109800 -0.049804
v -0.011486 -0.108336 -0.049609
v -0.016940 -0.109883 -0.057877
v -0.026056 -0.110065 -0.063239
v -0.014494 -0.109465 -0.052269
v -0.050345 -0.110021 -0.057208
v -0.055422 -0.110017 -0.055022
v -0.040953 -0.110035 -0.063253
v -0.061483 -0.109933 -0.054408
v -0.019637 -0.109739 -0.060527
v -0.036728 -0.110040 -0.065188
v -0.012406 -0.109510 -0.057035
v -0.053648 -0.110281 -0.062773
v -0.057071 -0.110197 -0.057766
v -0.047813 -0.110125 -0.063619
v -0.063680 -0.109830 -0.052269
v -0.014227 -0.109980 -0.060549
v -0.019541 -0.110071 -0.065993
v -0.055617 -0.110284 -0.062277
v -0.045937 -0.110000 -0.066317
v -0.044229 -0.110127 -0.068512
v -0.069840 -0.110025 -0.063102
v -0.067791 -0.109773 -0.054791
v -0.016376 -0.109929 -0.063286
v -0.022388 -0.110142 -0.065962
v -0.034149 -0.110274 -0.068271
v -0.009854 -0.110261 -0.062723
v -0.058360 -0.110326 -0.067022
v -0.050868 -0.110632 -0.067393
v -0.060815 -0.110011 -0.062887
v -0.039067 -0.110539 -0.071499
v -0.017662 -0.109969 -0.068757
v -0.031041 -0.110216 -0.068622
v -0.021647 -0.110187 -0.070537
v -0.045463 -0.110575 -0.072768
v -0.049112 -0.110630 -0.070347
v -0.067073 -0.110181 -0.067551
v -0.074355 -0.109882 -0.057950
v -0.012361 -0.109988 -0.068775
v -0.033400 -0.110357 -0.071538
v -0.037639 -0.110550 -0.075174
v -0.055968 -0.110413 -0.068531
v -0.053317 -0.110497 -0.073215
v -0.044215 -0.110636 -0.075225
v -0.073306 -0.110607 -0.071215
v -0.074967 -0.109909 -0.061015
v -0.004238 -0.110289 -0.065780
v -0.017788 -0.110232 -0.071413
v -0.030429 -0.110557 -0.074493
v -0.034170 -0.110459 -0.075425
v -0.060456 -0.110319 -0.068824
v -0.052239 -0.110516 -0.073644
v -0.050752 -0.110462 -0.076809
v -0.072519 -0.110673 -0.072659
v -0.078769 -0.110322 -0.069379
v -0.074839 -0.109927 -0.063065
v -0.010490 -0.110027 -0.069335
v -0.009748 -0.110050 -0.071324
v -0.020251 -0.110700 -0.074293
v -0.025716 -0.110476 -0.074221
v -0.041730 -0.110576 -0.078215
v -0.067756 -0.110381 -0.071419
v -0.057986 -0.110463 -0.074804
v -0.048661 -0.110269 -0.080015
v -0.079745 -0.109862 -0.065563
v -0.080569 -0.109676 -0.063240
v -0.005873 -0.110100 -0.068785
v -0.028252 -0.110449 -0.077557
v -0.038906 -0.110538 -0.079796
v -0.062604 -0.110509 -0.073294
v -0.057274 -0.110395 -0.081005
v -0.070857 -0.110703 -0.078604
v -0.078462 -0.110507 -0.073446
v -0.082661 -0.110390 -0.069217
v -0.000420 -0.110087 -0.069019
v -0.013819 -0.110336 -0.074008
v -0.022050 -0.110761 -0.076890
v -0.032534 -0.110146 -0.081263
v -0.036153 -0.110390 -0.079796
v -0.038906 -0.110365 -0.082549
v -0.042978 -0.110352 -0.082595
v -0.067467 -0.110576 -0.076370
v -0.061200 -0.110518 -0.079114
v -0.053614 -0.110344 -0.083303
v -0.077220 -0.110569 -0.077041
v -0.083045 -0.110908 -0.075244
v -0.087854 -0.110290 -0.068167
v -0.005875 -0.109850 -0.071910
v -0.000356 -0.109901 -0.071536
v -0.000178 -0.109547 -0.065700
v -0.003709 -0.110192 -0.077205
v -0.016151 -0.110418 -0.076993
v -0.022746 -0.110483 -0.079539
v -0.028445 -0.109990 -0.082556
v -0.048705 -0.110123 -0.082510
v -0.066474 -0.110452 -0.080505
v -0.060928 -0.110396 -0.082549
v -0.059231 -0.110296 -0.086267
v -0.074956 -0.110437 -0.081134
v -0.088455 -0.110710 -0.074291
v 0.000831 -0.109547 -0.068785
v -0.019407 -0.110237 -0.081483
v -0.025142 -0.110004 -0.082549
v -0.031361 -0.110259 -0.086110
v -0.039437 -0.110250 -0.086483
v -0.047341 -0.109958 -0.086865
v -0.063680 -0.110342 -0.082549
v -0.054258 -0.110336 -0.086841
v -0.071590 -0.110483 -0.082320
v -0.077444 -0.110510 -0.082549
v -0.080197 -0.110773 -0.079796
v -0.090023 -0.110879 -0.077850
v -0.092301 -0.110799 -0.074847
v -0.000362 -0.110024 -0.074400
v 0.002286 -0.109487 -0.071657
v -0.012015 -0.109884 -0.082495
v -0.015744 -0.110040 -0.082182
v -0.026062 -0.109853 -0.085097
v -0.050117 -0.110108 -0.086327
v -0.064999 -0.110117 -0.087545
v -0.058175 -0.110339 -0.088055
v -0.067560 -0.110110 -0.085989
v -0.074591 -0.110351 -0.085101
v -0.080109 -0.110831 -0.085732
v -0.080197 -0.110773 -0.082549
v -0.087857 -0.110907 -0.078517
v -0.000255 -0.109552 -0.078923
v 0.002086 -0.106794 -0.069116
v -0.003841 -0.109927 -0.079894
v -0.020244 -0.109831 -0.087141
v -0.033327 -0.110342 -0.087943
v -0.046548 -0.109986 -0.087368
v -0.050657 -0.110235 -0.090823
v -0.063560 -0.110237 -0.091611
v -0.053828 -0.110582 -0.092822
v -0.084357 -0.110940 -0.081548
v -0.095796 -0.110968 -0.078468
v -0.093960 -0.111050 -0.082549
v 0.003622 -0.109562 -0.079427
v 0.005087 -0.109642 -0.073992
v 0.005138 -0.107180 -0.071341
v -0.005891 -0.109617 -0.082576
v -0.015154 -0.109782 -0.086528
v -0.029866 -0.110248 -0.090360
v -0.038906 -0.110237 -0.088055
v -0.041912 -0.110060 -0.092102
v -0.048555 -0.110190 -0.092405
v -0.068931 -0.110189 -0.093132
v -0.075016 -0.110342 -0.088010
v -0.091208 -0.110962 -0.082549
v -0.000859 -0.109664 -0.082245
v 0.002385 -0.104041 -0.069766
v -0.008281 -0.109696 -0.085773
v -0.020405 -0.109884 -0.089570
v -0.025142 -0.109945 -0.088055
v -0.025122 -0.110135 -0.090837
v -0.037497 -0.109953 -0.094104
v -0.038669 -0.109984 -0.093102
v -0.068432 -0.110234 -0.096176
v -0.070874 -0.110233 -0.093497
v -0.059245 -0.110451 -0.093528
v -0.080197 -0.110768 -0.088055
v -0.088341 -0.110838 -0.087330
v -0.092574 -0.110775 -0.085482
v 0.004493 -0.109461 -0.087144
v 0.008237 -0.109519 -0.077233
v 0.007219 -0.109444 -0.074291
v -0.000296 -0.103980 -0.068667
v 0.005138 -0.104041 -0.069875
v -0.000452 -0.109705 -0.086622
v -0.010763 -0.109751 -0.087033
v -0.018159 -0.109826 -0.092351
v -0.029750 -0.110203 -0.092777
v -0.046821 -0.110303 -0.095554
v -0.052225 -0.110637 -0.096840
v -0.060904 -0.110437 -0.096361
v -0.074039 -0.110523 -0.096551
v -0.055311 -0.110613 -0.097430
v -0.073857 -0.110300 -0.091370
v -0.084076 -0.110845 -0.092030
v -0.078387 -0.110539 -0.090842
v -0.085702 -0.110834 -0.088055
v -0.089464 -0.110844 -0.086357
v -0.099681 -0.110952 -0.085892
v 0.005066 -0.109504 -0.082446
v 0.007783 -0.109265 -0.079639
v 0.007589 -0.106779 -0.071550
v 0.001666 -0.101430 -0.068667
v -0.001193 -0.109759 -0.089129
v -0.025146 -0.110176 -0.096301
v -0.030949 -0.110140 -0.096158
v -0.038906 -0.110150 -0.099065
v -0.041768 -0.110195 -0.099077
v -0.063680 -0.110439 -0.099065
v -0.071939 -0.110607 -0.099065
v -0.089890 -0.110605 -0.090603
v -0.093960 -0.110178 -0.090807
v -0.096262 -0.110100 -0.090524
v 0.005138 -0.109390 -0.085302
v 0.011097 -0.109673 -0.077498
v 0.013234 -0.109621 -0.075896
v 0.010399 -0.106831 -0.071456
v -0.000368 -0.101054 -0.068870
v 0.008147 -0.103813 -0.068911
v 0.005138 -0.102643 -0.068785
v -0.006756 -0.109748 -0.091508
v -0.011624 -0.109705 -0.092328
v -0.021167 -0.110010 -0.095413
v -0.034225 -0.110157 -0.099400
v -0.047164 -0.110310 -0.099065
v -0.049917 -0.110562 -0.099065
v -0.052670 -0.110732 -0.099065
v -0.059831 -0.110512 -0.098302
v -0.067787 -0.110386 -0.099237
v -0.076301 -0.110624 -0.098284
v -0.082635 -0.110807 -0.093295
v -0.103444 -0.110831 -0.087912
v 0.009758 -0.109097 -0.080413
v 0.010490 -0.109193 -0.090742
v 0.010627 -0.108892 -0.085419
v 0.001250 -0.109540 -0.093343
v 0.013225 -0.109213 -0.074390
v -0.002631 -0.101289 -0.068623
v -0.000368 -0.098536 -0.067042
v 0.005138 -0.100954 -0.066573
v -0.003121 -0.109753 -0.090807
v -0.014118 -0.109844 -0.094974
v -0.022390 -0.110131 -0.099065
v -0.028764 -0.110100 -0.099382
v -0.039151 -0.110261 -0.103428
v -0.043819 -0.110402 -0.104465
v -0.047210 -0.110410 -0.102115
v -0.052556 -0.110680 -0.102046
v -0.064928 -0.110555 -0.102685
v -0.071836 -0.110839 -0.102924
v -0.076994 -0.110626 -0.102689
v -0.077444 -0.110590 -0.096313
v -0.058371 -0.110753 -0.102348
v -0.082395 -0.110736 -0.096185
v -0.091705 -0.110142 -0.096060
v -0.104302 -0.111168 -0.085313
v -0.102681 -0.110149 -0.090836
v 0.004641 -0.109358 -0.094846
v 0.000073 -0.109516 -0.096005
v 0.013095 -0.109697 -0.077601
v 0.016149 -0.108563 -0.074291
v 0.013420 -0.106643 -0.068987
v 0.010643 -0.104868 -0.068785
v -0.002689 -0.103739 -0.066033
v -0.003121 -0.098536 -0.067718
v 0.001869 -0.098683 -0.065763
v 0.006536 -0.101289 -0.066033
v -0.007490 -0.109742 -0.093694
v -0.005076 -0.109721 -0.095570
v -0.017883 -0.110042 -0.099434
v -0.025142 -0.110174 -0.099065
v -0.028773 -0.110088 -0.101912
v -0.035414 -0.110162 -0.103391
v -0.080197 -0.110719 -0.099065
v -0.085748 -0.110538 -0.099353
v -0.088455 -0.110359 -0.096313
v -0.095105 -0.110005 -0.096623
v -0.107724 -0.110998 -0.088055
v -0.101047 -0.109940 -0.093377
v -0.107724 -0.110493 -0.090807
v 0.011549 -0.108835 -0.082834
v 0.007512 -0.109223 -0.094971
v 0.013469 -0.108880 -0.084946
v 0.015884 -0.109442 -0.077262
v 0.016181 -0.108035 -0.071507
v 0.010810 -0.103926 -0.066581
v -0.005833 -0.101256 -0.065889
v -0.005873 -0.098536 -0.067332
v -0.001821 -0.096652 -0.065465
v -0.003121 -0.096706 -0.066033
v 0.007508 -0.101672 -0.065874
v 0.004932 -0.099361 -0.063107
v -0.013486 -0.109968 -0.099845
v -0.022142 -0.110234 -0.102910
v -0.023365 -0.110188 -0.101895
v -0.038906 -0.110250 -0.104571
v -0.048143 -0.110529 -0.109652
v -0.051842 -0.110695 -0.107326
v -0.051258 -0.110620 -0.104383
v -0.065522 -0.110690 -0.105011
v -0.074691 -0.110782 -0.104571
v -0.083059 -0.110670 -0.099817
v -0.082950 -0.110682 -0.099065
v -0.091913 -0.110098 -0.098301
v -0.110719 -0.111101 -0.088103
v -0.106477 -0.110056 -0.093863
v 0.011605 -0.109370 -0.098158
v 0.014080 -0.108977 -0.088276
v 0.001747 -0.109739 -0.100631
v -0.002769 -0.109566 -0.096313
v 0.016149 -0.109488 -0.079796
v 0.019308 -0.107329 -0.071562
v 0.019169 -0.107274 -0.074239
v 0.016149 -0.107932 -0.066033
v 0.013981 -0.106330 -0.066303
v 0.002385 -0.097876 -0.063280
v -0.007190 -0.109988 -0.100744
v -0.030120 -0.110088 -0.103933
v -0.033910 -0.110119 -0.107671
v -0.039754 -0.110264 -0.108965
v -0.054183 -0.110739 -0.108444
v -0.064263 -0.110681 -0.108975
v -0.069186 -0.110894 -0.107324
v -0.072882 -0.110940 -0.107361
v -0.082286 -0.110567 -0.105120
v -0.103472 -0.110099 -0.096175
v -0.096713 -0.109984 -0.099065
v -0.112592 -0.111320 -0.085379
v -0.110477 -0.110601 -0.090807
v 0.018805 -0.109551 -0.082636
v 0.005138 -0.109807 -0.104571
v 0.015925 -0.109169 -0.091323
v 0.019203 -0.109493 -0.085302
v -0.000368 -0.109547 -0.097671
v -0.003479 -0.109776 -0.100305
v 0.018901 -0.108813 -0.079796
v 0.018901 -0.108161 -0.068785
v 0.020964 -0.106864 -0.077416
v 0.013396 -0.104124 -0.063152
v 0.009409 -0.101431 -0.062231
v -0.008557 -0.098487 -0.065873
v -0.005696 -0.095707 -0.066158
v -0.000675 -0.095965 -0.063280
v 0.001326 -0.096364 -0.059028
v -0.012346 -0.109980 -0.102260
v -0.022677 -0.110144 -0.108820
v -0.027240 -0.110178 -0.110335
v -0.042366 -0.110308 -0.111258
v -0.066433 -0.110827 -0.107324
v -0.078932 -0.110715 -0.107183
v -0.086198 -0.110370 -0.105341
v -0.090588 -0.110163 -0.101060
v -0.103777 -0.110085 -0.097126
v -0.097246 -0.109964 -0.103788
v -0.118983 -0.111246 -0.088053
v -0.109273 -0.109832 -0.100811
v -0.115811 -0.110054 -0.092781
v 0.007890 -0.109678 -0.104571
v 0.016183 -0.109225 -0.093539
v 0.020634 -0.109428 -0.089709
v 0.005278 -0.109929 -0.107311
v -0.000368 -0.109642 -0.099065
v 0.024090 -0.104249 -0.074323
v 0.021643 -0.106784 -0.068739
v 0.018901 -0.108840 -0.066033
v 0.015992 -0.106943 -0.062621
v -0.003121 -0.094434 -0.063280
v 0.010643 -0.100335 -0.057775
v 0.005020 -0.098594 -0.060168
v -0.003120 -0.109989 -0.104571
v -0.010518 -0.109868 -0.105680
v -0.019637 -0.110162 -0.104571
v -0.030332 -0.110196 -0.108714
v -0.034183 -0.110146 -0.110138
v -0.043633 -0.110293 -0.113653
v -0.050396 -0.110525 -0.113195
v -0.058825 -0.110578 -0.110538
v -0.071769 -0.110929 -0.110020
v -0.077444 -0.110720 -0.110076
v -0.085702 -0.110377 -0.107324
v -0.082950 -0.110521 -0.107324
v -0.121593 -0.111463 -0.085628
v -0.110477 -0.109895 -0.096313
v 0.021654 -0.109746 -0.082036
v 0.011064 -0.109435 -0.103634
v 0.018654 -0.109174 -0.099337
v 0.019206 -0.109338 -0.093294
v 0.021654 -0.109857 -0.085302
v -0.001666 -0.110097 -0.109489
v 0.021654 -0.108162 -0.079796
v 0.024587 -0.104128 -0.071538
v 0.021780 -0.107811 -0.066018
v 0.024546 -0.104140 -0.077044
v 0.014070 -0.103721 -0.061498
v -0.008626 -0.095783 -0.066572
v -0.005894 -0.093041 -0.063245
v 0.012994 -0.101556 -0.057775
v 0.009009 -0.099076 -0.055248
v 0.006281 -0.098391 -0.057606
v -0.005873 -0.109996 -0.104571
v -0.011379 -0.109864 -0.107324
v -0.015668 -0.109987 -0.106645
v -0.022463 -0.110093 -0.112523
v -0.030804 -0.110254 -0.113136
v -0.036994 -0.110214 -0.112488
v -0.056168 -0.110472 -0.113509
v -0.066574 -0.110734 -0.113183
v -0.074691 -0.110864 -0.110076
v -0.080197 -0.110563 -0.110076
v -0.093098 -0.110052 -0.104663
v -0.090294 -0.110143 -0.106780
v -0.104104 -0.110018 -0.103186
v -0.121387 -0.110063 -0.093660
v -0.125989 -0.111530 -0.087451
v -0.111517 -0.109884 -0.099122
v 0.018901 -0.109326 -0.096313
v 0.026320 -0.109992 -0.090954
v 0.024229 -0.109761 -0.085665
v 0.005810 -0.110060 -0.114485
v -0.000368 -0.109887 -0.104571
v 0.024178 -0.106262 -0.079933
v 0.027028 -0.103129 -0.070430
v 0.024825 -0.104288 -0.068785
v 0.028381 -0.101755 -0.076472
v 0.018901 -0.108831 -0.063280
v 0.021654 -0.108510 -0.063280
v 0.016524 -0.106288 -0.060527
v -0.008529 -0.094312 -0.065963
v -0.010786 -0.095783 -0.065655
v -0.005044 -0.092480 -0.060689
v 0.002089 -0.096446 -0.057823
v -0.008472 -0.109851 -0.108286
v -0.017194 -0.109937 -0.110110
v -0.073497 -0.110824 -0.113599
v -0.083883 -0.110416 -0.110506
v -0.099466 -0.109882 -0.107324
v -0.104941 -0.110036 -0.104508
v -0.121028 -0.109832 -0.097249
v -0.124240 -0.110976 -0.090807
v -0.111108 -0.109823 -0.105276
v -0.118696 -0.109944 -0.099067
v 0.024407 -0.109719 -0.082198
v 0.017480 -0.109246 -0.104395
v 0.010798 -0.109503 -0.108230
v 0.022461 -0.109714 -0.096550
v 0.025924 -0.109928 -0.093303
v -0.003926 -0.110055 -0.114930
v -0.002345 -0.110059 -0.108923
v 0.027159 -0.102753 -0.074291
v 0.024407 -0.105029 -0.066033
v 0.025608 -0.104041 -0.079796
v 0.027159 -0.102572 -0.079796
v 0.018901 -0.108218 -0.060527
v 0.024307 -0.106564 -0.061458
v 0.016791 -0.103658 -0.055155
v -0.008626 -0.091901 -0.063280
v -0.000368 -0.095163 -0.057775
v -0.000356 -0.093766 -0.053945
v -0.016884 -0.109952 -0.112829
v -0.094927 -0.109969 -0.108312
v -0.091208 -0.110104 -0.110076
v -0.104932 -0.109918 -0.107957
v -0.124436 -0.109626 -0.095887
v -0.126993 -0.111035 -0.090807
v -0.119022 -0.109939 -0.101286
v 0.019686 -0.109078 -0.101830
v 0.024407 -0.109549 -0.099099
v 0.027413 -0.109948 -0.087566
v 0.029912 -0.109917 -0.093560
v 0.027157 -0.109546 -0.082554
v -0.004043 -0.110033 -0.114304
v 0.010411 -0.109513 -0.109327
v 0.027159 -0.106794 -0.081661
v 0.032182 -0.101452 -0.070493
v 0.027361 -0.103341 -0.065759
v 0.024407 -0.105793 -0.063280
v 0.026511 -0.103862 -0.064306
v 0.028993 -0.101231 -0.079769
v 0.021654 -0.108655 -0.060527
v 0.018509 -0.107164 -0.057775
v -0.011379 -0.093031 -0.065141
v -0.011522 -0.090781 -0.063022
v -0.008665 -0.090298 -0.060408
v -0.005126 -0.092048 -0.057499
v -0.011490 -0.109943 -0.110615
v -0.082864 -0.110483 -0.113444
v -0.093960 -0.109969 -0.110076
v -0.093262 -0.110046 -0.114530
v -0.097962 -0.109869 -0.109996
v -0.107724 -0.109851 -0.107324
v -0.121881 -0.109727 -0.099246
v -0.127326 -0.109355 -0.095650
v -0.129746 -0.111019 -0.090807
v -0.118766 -0.109695 -0.107138
v 0.024000 -0.109538 -0.103584
v 0.018921 -0.109537 -0.107088
v 0.029788 -0.109768 -0.096891
v 0.029912 -0.110086 -0.088055
v 0.030803 -0.110155 -0.090688
v 0.011616 -0.109705 -0.112982
v 0.027159 -0.104041 -0.081579
v 0.028470 -0.104041 -0.082549
v 0.035248 -0.097983 -0.077133
v 0.024490 -0.107728 -0.057728
v 0.019034 -0.106740 -0.055331
v -0.008338 -0.089847 -0.057874
v -0.087198 -0.110323 -0.114192
v -0.112943 -0.109804 -0.106830
v -0.107273 -0.109846 -0.109809
v -0.102219 -0.109862 -0.110076
v -0.126785 -0.109353 -0.098607
v -0.130612 -0.109707 -0.094098
v -0.132528 -0.111435 -0.088054
v -0.120658 -0.109598 -0.109929
v -0.124633 -0.109336 -0.105403
v 0.025729 -0.109465 -0.100561
v 0.029771 -0.109524 -0.085478
v 0.033638 -0.109784 -0.096280
v 0.032665 -0.109823 -0.093560
v 0.029740 -0.106794 -0.082603
v 0.032703 -0.101308 -0.069220
v 0.029923 -0.102460 -0.063036
v 0.029912 -0.101288 -0.082550
v 0.033209 -0.098788 -0.079955
v 0.035799 -0.098592 -0.073102
v 0.021654 -0.108739 -0.057775
v 0.027082 -0.103983 -0.059831
v -0.014131 -0.093031 -0.064179
v -0.011379 -0.088975 -0.060527
v -0.006143 -0.090863 -0.055064
v -0.095313 -0.110013 -0.112814
v -0.130657 -0.109204 -0.096375
v -0.133324 -0.111113 -0.090690
v -0.121683 -0.109565 -0.107324
v 0.028537 -0.109857 -0.104147
v 0.025733 -0.110031 -0.107915
v 0.034988 -0.109519 -0.088172
v 0.032256 -0.109276 -0.085352
v 0.034332 -0.109980 -0.100315
v 0.035418 -0.109898 -0.093560
v 0.018899 -0.109748 -0.113125
v 0.034788 -0.100711 -0.064484
v 0.032713 -0.101515 -0.062311
v 0.029912 -0.104041 -0.083148
v 0.035418 -0.097734 -0.079796
v 0.038266 -0.097627 -0.072775
v 0.024407 -0.109217 -0.055022
v 0.027602 -0.104112 -0.057134
v 0.021654 -0.108718 -0.055022
v -0.014131 -0.090607 -0.063011
v -0.014973 -0.086944 -0.060267
v -0.011376 -0.087523 -0.057785
v -0.010816 -0.087390 -0.054709
v -0.114312 -0.109807 -0.110734
v -0.116858 -0.109626 -0.113789
v -0.131248 -0.109525 -0.104220
v 0.025247 -0.110202 -0.110546
v 0.038175 -0.109732 -0.090967
v 0.037696 -0.109533 -0.096270
v 0.021654 -0.109992 -0.112829
v 0.038002 -0.098414 -0.068750
v 0.035418 -0.100348 -0.066033
v 0.029912 -0.102463 -0.057775
v 0.032665 -0.101616 -0.057775
v 0.032665 -0.101289 -0.084217
v 0.032665 -0.099106 -0.082549
v 0.038170 -0.096796 -0.079796
v 0.034210 -0.098539 -0.082580
v 0.038170 -0.096914 -0.077044
v 0.027112 -0.106568 -0.054882
v 0.021654 -0.107947 -0.052269
v -0.015666 -0.093031 -0.063280
v -0.113788 -0.109846 -0.112578
v -0.125322 -0.109392 -0.112214
v -0.130625 -0.109400 -0.108071
v -0.131449 -0.109481 -0.102565
v -0.124240 -0.109404 -0.110076
v 0.030467 -0.109856 -0.106422
v 0.032665 -0.109783 -0.104571
v 0.038170 -0.108723 -0.088055
v 0.035418 -0.108499 -0.085302
v 0.032665 -0.106794 -0.083284
v 0.040025 -0.109495 -0.101180
v 0.038170 -0.109901 -0.093560
v 0.034951 -0.101204 -0.060527
v 0.040477 -0.097939 -0.063085
v 0.038170 -0.097201 -0.082549
v 0.040941 -0.097068 -0.073494
v 0.040790 -0.096463 -0.079165
v 0.024407 -0.108840 -0.052269
v 0.027519 -0.107207 -0.052269
v 0.029912 -0.102706 -0.055022
v -0.016884 -0.090278 -0.062900
v -0.016884 -0.087525 -0.061624
v -0.014131 -0.085612 -0.057775
v -0.014678 -0.084677 -0.055114
v -0.126993 -0.109347 -0.110076
v 0.029301 -0.110207 -0.113025
v 0.024407 -0.110223 -0.112829
v 0.035723 -0.109522 -0.106367
v 0.040923 -0.108316 -0.088055
v 0.035418 -0.106794 -0.083584
v 0.036119 -0.109971 -0.101736
v 0.040923 -0.109558 -0.096398
v 0.042861 -0.109881 -0.093668
v 0.038372 -0.098586 -0.066494
v 0.038170 -0.100018 -0.060527
v 0.032703 -0.101839 -0.054948
v 0.035418 -0.098536 -0.083748
v 0.040923 -0.097473 -0.068785
v 0.029769 -0.103900 -0.051818
v -0.016884 -0.093031 -0.062136
v -0.019637 -0.085801 -0.060527
v -0.016815 -0.084750 -0.057837
v -0.014046 -0.084707 -0.052562
v -0.129746 -0.109344 -0.110076
v 0.032792 -0.109553 -0.110276
v 0.041624 -0.109492 -0.090899
v 0.038170 -0.107146 -0.084839
v 0.040923 -0.109355 -0.099065
v 0.038170 -0.100767 -0.057775
v 0.040831 -0.098484 -0.060189
v 0.040923 -0.097645 -0.066033
v 0.041594 -0.096726 -0.082431
v 0.038611 -0.098536 -0.085116
v 0.043136 -0.097158 -0.073647
v -0.019637 -0.090278 -0.061864
v -0.019637 -0.087525 -0.062089
v -0.018584 -0.084368 -0.058111
v -0.019286 -0.081878 -0.052217
v -0.132499 -0.109257 -0.110076
v 0.035819 -0.109923 -0.114146
v 0.043676 -0.108471 -0.088055
v 0.041415 -0.106828 -0.085242
v 0.042354 -0.109338 -0.103960
v 0.044410 -0.109469 -0.098865
v 0.048909 -0.109346 -0.090743
v 0.043492 -0.097941 -0.058112
v 0.043676 -0.097269 -0.063280
v 0.043711 -0.097198 -0.067747
v 0.043489 -0.096779 -0.079050
v -0.017364 -0.093917 -0.060364
v -0.022570 -0.088074 -0.060611
v -0.022390 -0.085070 -0.060347
v -0.021133 -0.081537 -0.054790
v -0.017639 -0.082355 -0.049540
v 0.037028 -0.109630 -0.111896
v 0.046429 -0.108378 -0.088055
v 0.040923 -0.104540 -0.082525
v 0.043885 -0.109264 -0.101713
v 0.040971 -0.109337 -0.108428
v 0.046429 -0.110082 -0.093560
v 0.046429 -0.097008 -0.082549
v 0.040923 -0.098202 -0.085557
v 0.038170 -0.101289 -0.084450
v 0.047020 -0.097545 -0.068010
v 0.045212 -0.097309 -0.078153
v -0.019782 -0.091653 -0.060536
v -0.021042 -0.090278 -0.060527
v -0.022683 -0.082144 -0.057302
v -0.023029 -0.079527 -0.049490
v -0.024161 -0.079518 -0.052668
v 0.042864 -0.109612 -0.112730
v 0.043676 -0.106705 -0.085484
v 0.043676 -0.106254 -0.082549
v 0.041180 -0.101232 -0.085217
v 0.051228 -0.109246 -0.104298
v 0.046446 -0.109352 -0.110367
v 0.049511 -0.109523 -0.099653
v 0.047634 -0.110106 -0.095899
v 0.049280 -0.106858 -0.087961
v 0.049227 -0.109551 -0.092163
v 0.047104 -0.097423 -0.063794
v 0.043676 -0.098192 -0.085629
v 0.048231 -0.098006 -0.069140
v 0.046429 -0.098031 -0.074291
v -0.022387 -0.091454 -0.057750
v -0.025142 -0.084772 -0.059797
v -0.026450 -0.079530 -0.054846
v -0.019637 -0.080444 -0.046764
v 0.046429 -0.106794 -0.086513
v 0.051934 -0.106794 -0.089236
v 0.051934 -0.108601 -0.090807
v 0.049181 -0.097401 -0.082549
v 0.046429 -0.097589 -0.085302
v 0.052604 -0.098530 -0.064886
v 0.051566 -0.098936 -0.069957
v 0.049068 -0.098939 -0.074267
v -0.025444 -0.087819 -0.058127
v -0.025142 -0.081752 -0.058085
v -0.022569 -0.079292 -0.046639
v -0.028028 -0.077553 -0.049500
v -0.027895 -0.078358 -0.052269
v 0.044944 -0.109574 -0.114386
v 0.046429 -0.109389 -0.112829
v 0.046429 -0.106038 -0.085302
v 0.046429 -0.105779 -0.082549
v 0.055470 -0.109436 -0.101250
v 0.053182 -0.109197 -0.108705
v 0.054396 -0.110077 -0.096319
v 0.050595 -0.104064 -0.088275
v 0.049181 -0.104041 -0.087110
v 0.051934 -0.109592 -0.093397
v 0.048890 -0.098539 -0.077399
v 0.049181 -0.097472 -0.085302
v 0.046429 -0.098536 -0.086595
v 0.043676 -0.101509 -0.085621
v 0.053041 -0.097759 -0.057284
v 0.052071 -0.099470 -0.074262
v -0.025272 -0.090359 -0.055115
v -0.027891 -0.084769 -0.057753
v -0.028252 -0.081588 -0.057964
v -0.019172 -0.079121 -0.041850
v -0.025142 -0.078684 -0.046764
v -0.030648 -0.079089 -0.055238
v 0.053487 -0.109197 -0.110300
v 0.047585 -0.104041 -0.085302
v 0.052145 -0.109538 -0.099008
v 0.055411 -0.109340 -0.104866
v 0.055060 -0.106999 -0.090700
v 0.054875 -0.104014 -0.090760
v 0.051539 -0.098595 -0.079976
v 0.052007 -0.097802 -0.085316
v 0.046429 -0.101289 -0.087162
v 0.057068 -0.099628 -0.063669
v 0.053624 -0.099313 -0.068983
v 0.056346 -0.099769 -0.069394
v -0.030061 -0.086823 -0.052283
v -0.022367 -0.078219 -0.041189
v -0.025376 -0.078379 -0.043994
v -0.027895 -0.077872 -0.046764
v -0.030648 -0.076769 -0.049516
v -0.030648 -0.077780 -0.052269
v 0.049780 -0.109295 -0.112535
v 0.059817 -0.109696 -0.099189
v 0.058187 -0.109089 -0.109988
v 0.054756 -0.109555 -0.093541
v 0.049234 -0.101315 -0.088929
v 0.049181 -0.103133 -0.088055
v 0.047843 -0.101289 -0.088055
v 0.053621 -0.098475 -0.082657
v 0.051934 -0.099471 -0.077044
v 0.051418 -0.098505 -0.088121
v 0.049181 -0.098770 -0.087792
v 0.059215 -0.100297 -0.065612
v 0.058062 -0.100041 -0.076681
v -0.027623 -0.090222 -0.051483
v -0.030387 -0.084686 -0.054442
v -0.030648 -0.082020 -0.056631
v -0.020638 -0.077745 -0.036916
v -0.031150 -0.076684 -0.046764
v -0.033121 -0.079267 -0.054919
v 0.054687 -0.109230 -0.112829
v 0.057439 -0.109689 -0.099065
v 0.060546 -0.109211 -0.104514
v 0.057439 -0.109691 -0.095782
v 0.057439 -0.104041 -0.092653
v 0.054687 -0.101289 -0.091863
v 0.046429 -0.102898 -0.085302
v 0.057439 -0.108512 -0.093560
v 0.054687 -0.099444 -0.079796
v 0.054687 -0.099731 -0.077044
v 0.054717 -0.098530 -0.088066
v 0.054687 -0.098536 -0.083917
v 0.060001 -0.100325 -0.072877
v -0.028564 -0.090940 -0.049535
v -0.033107 -0.082020 -0.054735
v -0.022390 -0.077831 -0.038505
v -0.027895 -0.078187 -0.044011
v -0.033604 -0.076594 -0.049309
v -0.033400 -0.077401 -0.052269
v 0.064193 -0.109716 -0.102253
v 0.057439 -0.109131 -0.112829
v 0.062115 -0.108853 -0.107329
v 0.057439 -0.106794 -0.092383
v 0.054687 -0.099491 -0.090807
v 0.057912 -0.100072 -0.079840
v 0.057439 -0.098996 -0.085302
v 0.058461 -0.099885 -0.082394
v 0.061403 -0.100696 -0.067854
v 0.063860 -0.101174 -0.078976
v -0.024758 -0.092421 -0.052343
v -0.033292 -0.087454 -0.049394
v -0.036222 -0.082106 -0.052355
v -0.027926 -0.077425 -0.038563
v -0.027895 -0.077860 -0.041258
v -0.030648 -0.077487 -0.044011
v -0.033400 -0.076172 -0.046764
v -0.036153 -0.079267 -0.053226
v 0.060192 -0.109664 -0.096020
v 0.062945 -0.110174 -0.099065
v 0.065698 -0.109107 -0.104571
v 0.060192 -0.109041 -0.112829
v 0.064878 -0.108740 -0.107724
v 0.059943 -0.106794 -0.093662
v 0.058559 -0.101288 -0.093567
v 0.057439 -0.099469 -0.090807
v 0.058746 -0.099148 -0.088080
v 0.063308 -0.101315 -0.072910
v -0.030648 -0.090278 -0.048462
v -0.036702 -0.084983 -0.049679
v -0.031057 -0.076934 -0.037358
v -0.033475 -0.076527 -0.044085
v -0.036153 -0.077929 -0.052269
v -0.036232 -0.076499 -0.046991
v 0.062963 -0.109549 -0.096309
v 0.065698 -0.110431 -0.099065
v 0.065698 -0.109547 -0.103007
v 0.064570 -0.108917 -0.112395
v 0.059401 -0.103865 -0.094128
v 0.061217 -0.099908 -0.085370
v 0.066476 -0.101700 -0.077182
v -0.031547 -0.090763 -0.047095
v -0.036153 -0.087525 -0.047807
v -0.038892 -0.082349 -0.050083
v -0.038612 -0.079258 -0.051710
v -0.030648 -0.077483 -0.041258
v -0.022127 -0.076821 -0.031649
v -0.038906 -0.077236 -0.049516
v 0.062945 -0.106794 -0.094909
v 0.068501 -0.109867 -0.101862
v 0.065698 -0.109547 -0.097216
v 0.070254 -0.109307 -0.104209
v 0.068450 -0.109050 -0.112829
v 0.063565 -0.104041 -0.096019
v 0.060192 -0.099907 -0.090807
v 0.060192 -0.101086 -0.093772
v 0.062945 -0.100739 -0.082549
v 0.062945 -0.099964 -0.088055
v -0.036601 -0.088149 -0.046931
v -0.038906 -0.084772 -0.048442
v -0.029091 -0.076619 -0.033131
v -0.035931 -0.076560 -0.041200
v -0.038906 -0.076889 -0.046764
v -0.036571 -0.076344 -0.044301
v 0.065838 -0.106428 -0.096293
v 0.068450 -0.110117 -0.099065
v 0.070056 -0.109061 -0.107225
v 0.070943 -0.109209 -0.110501
v 0.063361 -0.100148 -0.090488
v 0.066855 -0.100586 -0.088404
v 0.066277 -0.101253 -0.082367
v 0.065698 -0.101289 -0.081257
v -0.041201 -0.081993 -0.049442
v -0.025374 -0.076349 -0.028191
v -0.033419 -0.076654 -0.028965
v -0.033622 -0.076862 -0.038459
v -0.041659 -0.079267 -0.050633
v -0.041659 -0.077729 -0.049516
v 0.070855 -0.109462 -0.099202
v 0.068450 -0.109547 -0.097874
v 0.073896 -0.109836 -0.101810
v 0.076553 -0.109044 -0.112767
v 0.062945 -0.101064 -0.093972
v 0.068450 -0.101734 -0.079796
v -0.039579 -0.089933 -0.042778
v -0.041627 -0.084757 -0.046724
v -0.028054 -0.076510 -0.030420
v -0.031598 -0.076447 -0.024977
v -0.036321 -0.077006 -0.037343
v -0.038906 -0.076565 -0.041258
v -0.041683 -0.077021 -0.046058
v 0.065698 -0.104041 -0.096732
v 0.068450 -0.106794 -0.096855
v 0.076050 -0.109656 -0.103794
v 0.065698 -0.102594 -0.096313
v 0.065698 -0.100844 -0.093560
v 0.068477 -0.100588 -0.090811
v 0.068311 -0.101324 -0.085689
v 0.072296 -0.102342 -0.077629
v -0.044411 -0.083457 -0.046764
v -0.043339 -0.079270 -0.049488
v -0.036153 -0.077073 -0.033000
v -0.033479 -0.076745 -0.024611
v -0.038909 -0.077302 -0.037252
v -0.044411 -0.077985 -0.046764
v 0.068450 -0.104041 -0.096969
v 0.076045 -0.109691 -0.101334
v 0.071203 -0.106794 -0.097972
v 0.076681 -0.109475 -0.107202
v 0.065698 -0.101289 -0.094698
v 0.070834 -0.101223 -0.093724
v 0.072244 -0.101296 -0.090494
v 0.071784 -0.101972 -0.084921
v -0.044411 -0.082020 -0.047910
v -0.036283 -0.077222 -0.029074
v -0.036166 -0.077665 -0.024725
v -0.038906 -0.077638 -0.033000
v -0.041323 -0.077774 -0.037210
v -0.041659 -0.076785 -0.041258
v -0.044411 -0.077726 -0.044011
v 0.068450 -0.102543 -0.096313
v 0.074304 -0.107172 -0.098916
v 0.079012 -0.109410 -0.101818
v 0.079006 -0.109173 -0.109370
v 0.079441 -0.109540 -0.104571
v 0.074432 -0.102341 -0.085107
v -0.046895 -0.082020 -0.046628
v -0.046103 -0.079267 -0.046764
v -0.038906 -0.078025 -0.030247
v -0.036421 -0.078718 -0.018931
v -0.041659 -0.078590 -0.033000
v -0.044411 -0.077713 -0.041258
v 0.071203 -0.102350 -0.096313
v 0.078942 -0.106667 -0.099981
v 0.071203 -0.104041 -0.097534
v 0.074010 -0.101286 -0.093606
v 0.081638 -0.103057 -0.087900
v -0.047105 -0.084972 -0.044766
v -0.039185 -0.079487 -0.023954
v -0.038906 -0.078611 -0.027495
v -0.042886 -0.079278 -0.032817
v -0.047335 -0.079166 -0.044644
v -0.047460 -0.079108 -0.041258
v 0.073956 -0.104041 -0.098080
v 0.082214 -0.106794 -0.100692
v 0.082349 -0.109533 -0.105109
v 0.078230 -0.101471 -0.093527
v 0.078033 -0.101783 -0.091059
v -0.050051 -0.081497 -0.044140
v -0.043061 -0.082420 -0.021453
v -0.044411 -0.078095 -0.038505
v -0.044411 -0.079119 -0.035349
v 0.075816 -0.101982 -0.096314
v 0.079264 -0.103994 -0.099086
v 0.082214 -0.108260 -0.101818
v 0.084284 -0.109657 -0.107507
v 0.082331 -0.101802 -0.093614
v -0.049784 -0.084746 -0.043982
v -0.044673 -0.081425 -0.029406
v -0.047235 -0.079226 -0.037922
v 0.087024 -0.106852 -0.100903
v 0.085148 -0.103107 -0.099210
v 0.084967 -0.109547 -0.103111
v 0.084967 -0.109917 -0.104571
v 0.082061 -0.101964 -0.096338
v -0.049917 -0.087770 -0.041484
v -0.052670 -0.084772 -0.042401
v -0.045762 -0.079267 -0.035753
v -0.049805 -0.080401 -0.041378
v 0.084967 -0.108640 -0.101818
v 0.088028 -0.109296 -0.109450
v -0.047164 -0.087525 -0.042103
v -0.052546 -0.082252 -0.041173
v 0.087627 -0.109554 -0.101811
v 0.087719 -0.104041 -0.100222
v 0.084967 -0.101809 -0.096313
v 0.087719 -0.110281 -0.104571
v -0.047153 -0.090165 -0.039471
v -0.044411 -0.087525 -0.042592
v -0.052186 -0.087458 -0.041190
v -0.054038 -0.084772 -0.041258
v 0.090472 -0.109509 -0.101866
v 0.090472 -0.104041 -0.100595
v 0.090472 -0.102520 -0.099065
v 0.087719 -0.101796 -0.096313
v 0.091997 -0.110170 -0.104538
v 0.085305 -0.102155 -0.093102
v -0.049525 -0.090705 -0.038881
v -0.042949 -0.090078 -0.040991
v 0.090472 -0.106794 -0.100546
v -0.047164 -0.091365 -0.038505
v -0.052670 -0.090643 -0.038788
v -0.055422 -0.087525 -0.039618
v 0.093225 -0.109354 -0.102184
v 0.093173 -0.104353 -0.099013
v 0.090230 -0.102040 -0.095593
v -0.046963 -0.093718 -0.036170
v -0.044411 -0.091954 -0.038505
v -0.049917 -0.093031 -0.037263
v -0.050002 -0.094924 -0.035619
v -0.055272 -0.090168 -0.038456
v -0.060928 -0.098536 -0.031288
v -0.055422 -0.098536 -0.031925
v -0.112986 -0.107581 0.028769
v -0.118970 -0.107490 0.027411
v -0.116742 -0.107434 0.030090
v -0.120605 -0.107576 0.023631
v -0.123308 -0.107675 0.027714
v -0.113321 -0.107892 0.023070
v -0.110228 -0.107140 0.029340
v -0.121186 -0.107687 0.020735
v -0.126699 -0.107814 0.027202
v -0.109828 -0.106856 0.025817
v -0.115799 -0.108026 0.019939
v -0.123826 -0.107620 0.021241
v -0.126993 -0.107792 0.024807
v -0.104881 -0.104811 0.030208
v -0.110516 -0.107339 0.021929
v -0.115982 -0.108032 0.016549
v -0.120080 -0.107800 0.015577
v -0.131161 -0.107856 0.021841
v -0.104971 -0.104791 0.027560
v -0.108481 -0.106564 0.020600
v -0.110646 -0.107695 0.014290
v -0.113161 -0.108102 0.015343
v -0.126641 -0.107911 0.014119
v -0.132499 -0.107867 0.024807
v -0.104681 -0.104845 0.024856
v -0.102188 -0.103942 0.029118
v -0.107409 -0.105850 0.023644
v -0.129746 -0.107850 0.019302
v -0.124847 -0.108073 0.010494
v -0.131945 -0.107929 0.015861
v -0.108482 -0.106957 0.014875
v -0.108143 -0.107745 0.008790
v -0.119012 -0.107843 0.013694
v -0.121127 -0.108062 0.010565
v -0.130270 -0.108039 0.009846
v -0.132040 -0.107930 0.012974
v -0.101872 -0.104467 0.022632
v -0.105042 -0.105333 0.021038
v -0.104971 -0.105824 0.016549
v -0.106267 -0.107069 0.010170
v -0.114409 -0.107939 0.008903
v -0.116819 -0.107884 0.010794
v -0.124240 -0.108233 0.008291
v -0.132277 -0.108178 0.005562
v -0.095159 -0.103184 0.025101
v -0.103945 -0.105993 0.013284
v -0.101029 -0.106527 0.008761
v -0.110477 -0.107980 0.008291
v -0.119713 -0.108384 0.005043
v -0.126824 -0.108253 0.004214
v -0.132499 -0.107978 0.011044
v -0.096713 -0.103120 0.027560
v -0.099475 -0.104261 0.021141
v -0.099518 -0.104740 0.017289
v -0.102219 -0.106146 0.011044
v -0.104375 -0.108168 0.004935
v -0.108766 -0.108164 0.006379
v -0.113488 -0.107916 0.004701
v -0.127942 -0.108356 0.002698
v -0.091517 -0.102401 0.027668
v -0.094124 -0.102552 0.030504
v -0.096038 -0.104020 0.019704
v -0.095367 -0.104762 0.013915
v -0.099466 -0.105796 0.011044
v -0.099282 -0.107481 0.004067
v -0.116094 -0.108054 0.005146
v -0.118005 -0.108388 0.000371
v -0.124182 -0.108455 0.000143
v -0.132499 -0.108400 0.002785
v -0.085360 -0.101905 0.025016
v -0.093960 -0.103448 0.022054
v -0.094990 -0.105575 0.009406
v -0.103857 -0.108594 0.002327
v -0.107797 -0.108472 0.002581
v -0.113230 -0.108292 0.000033
v -0.129746 -0.108505 0.000033
v -0.132499 -0.108444 0.000033
v -0.088455 -0.101958 0.027560
v -0.090969 -0.103469 0.019908
v -0.087580 -0.101696 0.031555
v -0.093960 -0.104041 0.018116
v -0.090316 -0.104352 0.013741
v -0.099466 -0.108754 0.000033
v -0.096822 -0.106766 0.005492
v -0.109721 -0.108406 -0.001367
v -0.115982 -0.108317 0.000033
v -0.119442 -0.108689 -0.004496
v -0.132208 -0.108704 -0.006220
v -0.082436 -0.101215 0.029365
v -0.087311 -0.102727 0.021661
v -0.093235 -0.105494 0.008585
v -0.096713 -0.108658 0.000033
v -0.102814 -0.108836 0.000210
v -0.092610 -0.107023 0.002846
v -0.107724 -0.108491 0.000033
v -0.114214 -0.108550 -0.003438
v -0.126453 -0.108660 -0.005464
v -0.080105 -0.101267 0.027564
v -0.084125 -0.102404 0.021572
v -0.088640 -0.104711 0.008180
v -0.093960 -0.108393 0.000033
v -0.099380 -0.109172 -0.002998
v -0.101889 -0.108989 -0.002982
v -0.091596 -0.105905 0.005536
v -0.106910 -0.108568 -0.002923
v -0.105542 -0.108548 -0.005404
v -0.119552 -0.108784 -0.008148
v -0.129544 -0.108682 -0.008392
v -0.077683 -0.101305 0.027792
v -0.088455 -0.103577 0.016549
v -0.085787 -0.103708 0.011151
v -0.092454 -0.109406 -0.004845
v -0.091208 -0.107759 0.000033
v -0.087689 -0.105141 0.005042
v -0.113330 -0.108669 -0.008198
v -0.113230 -0.108574 -0.005473
v -0.124874 -0.108805 -0.009043
v -0.074787 -0.101475 0.025736
v -0.075605 -0.101366 0.030013
v -0.084319 -0.103083 0.014854
v -0.085572 -0.104056 0.008372
v -0.089098 -0.109067 -0.004902
v -0.102307 -0.108722 -0.009981
v -0.096713 -0.109334 -0.005473
v -0.085918 -0.106163 0.000018
v -0.115631 -0.108821 -0.012514
v -0.121488 -0.109015 -0.010978
v -0.126993 -0.108809 -0.010978
v -0.129746 -0.108770 -0.010978
v -0.076873 -0.102075 0.020077
v -0.082950 -0.102554 0.019302
v -0.079749 -0.103312 0.008467
v -0.085702 -0.104646 0.005538
v -0.086285 -0.109297 -0.010858
v -0.099535 -0.109070 -0.009746
v -0.093915 -0.109458 -0.007429
v -0.085692 -0.108396 -0.005460
v -0.085702 -0.105280 0.002785
v -0.110196 -0.108867 -0.009711
v -0.121816 -0.109143 -0.013695
v -0.128207 -0.108992 -0.014990
v -0.071062 -0.101285 0.026058
v -0.069257 -0.100999 0.021774
v -0.082156 -0.102724 0.016519
v -0.077102 -0.102791 0.013360
v -0.081284 -0.103841 0.006138
v -0.083918 -0.108952 -0.010014
v -0.104976 -0.108582 -0.008230
v -0.098194 -0.109195 -0.014492
v -0.085192 -0.106970 -0.002450
v -0.082950 -0.104699 0.002785
v -0.108535 -0.109120 -0.013122
v -0.132499 -0.109027 -0.013731
v -0.074842 -0.102024 0.019458
v -0.069184 -0.102056 0.013667
v -0.077444 -0.103471 0.005538
v -0.095903 -0.109179 -0.010028
v -0.084311 -0.109308 -0.013475
v -0.105553 -0.109014 -0.017265
v -0.102163 -0.108922 -0.014192
v -0.081590 -0.106665 -0.004395
v -0.082950 -0.105444 0.000033
v -0.078273 -0.108108 -0.012384
v -0.107724 -0.109031 -0.010978
v -0.114068 -0.108996 -0.014557
v -0.118338 -0.108986 -0.015689
v -0.124274 -0.109156 -0.016433
v -0.066433 -0.100992 0.024807
v -0.073373 -0.102233 0.015784
v -0.069126 -0.102506 0.008411
v -0.080197 -0.104041 0.004159
v -0.074424 -0.103327 0.005664
v -0.091656 -0.108898 -0.014202
v -0.080197 -0.108870 -0.013731
v -0.088455 -0.109140 -0.013731
v -0.096605 -0.109382 -0.019432
v -0.078400 -0.104051 0.002678
v -0.121488 -0.108992 -0.016484
v -0.125489 -0.109166 -0.019163
v -0.059507 -0.100448 0.022495
v -0.066313 -0.101142 0.026475
v -0.067548 -0.101007 0.019280
v -0.059785 -0.101649 0.010936
v -0.069186 -0.101624 0.016549
v -0.080197 -0.109205 -0.016484
v -0.086410 -0.108888 -0.016796
v -0.105152 -0.109151 -0.020056
v -0.076941 -0.107011 -0.009418
v -0.080197 -0.104887 0.000033
v -0.077424 -0.109002 -0.016426
v -0.110477 -0.109123 -0.019236
v -0.115202 -0.109112 -0.018619
v -0.121488 -0.109063 -0.019236
v -0.129746 -0.109164 -0.019236
v -0.132499 -0.109270 -0.019236
v -0.063680 -0.100749 0.024807
v -0.055900 -0.101012 0.013773
v -0.061570 -0.102146 0.008344
v -0.066929 -0.102677 0.005538
v -0.065889 -0.101262 0.016919
v -0.074691 -0.103556 0.002785
v -0.107724 -0.109103 -0.019236
v -0.089769 -0.108837 -0.019867
v -0.102112 -0.109866 -0.025828
v -0.072143 -0.108224 -0.016081
v -0.076554 -0.105397 -0.004368
v -0.080197 -0.105732 -0.002720
v -0.075314 -0.104117 -0.000086
v -0.118735 -0.109040 -0.019236
v -0.121075 -0.109120 -0.021844
v -0.130504 -0.109270 -0.021821
v -0.060131 -0.100479 0.024887
v -0.053820 -0.100251 0.019039
v -0.055983 -0.101825 0.009433
v -0.063680 -0.102654 0.005538
v -0.069186 -0.103293 0.002785
v -0.071939 -0.103452 0.002785
v -0.080197 -0.109013 -0.019236
v -0.082950 -0.108415 -0.019236
v -0.108325 -0.109147 -0.022619
v -0.095256 -0.109547 -0.021989
v -0.099787 -0.110041 -0.027189
v -0.106925 -0.109313 -0.026691
v -0.074506 -0.106502 -0.009832
v -0.074691 -0.105175 -0.005473
v -0.069415 -0.108560 -0.018933
v -0.114203 -0.109093 -0.024722
v -0.117561 -0.109133 -0.023060
v -0.129677 -0.109174 -0.024182
v -0.053408 -0.099895 0.024159
v -0.052492 -0.100600 0.016325
v -0.060928 -0.101004 0.016549
v -0.058124 -0.103166 0.003521
v -0.060928 -0.102728 0.005538
v -0.065857 -0.103218 0.001713
v -0.085654 -0.108406 -0.019385
v -0.077444 -0.109270 -0.019236
v -0.096613 -0.109849 -0.025167
v -0.102293 -0.109835 -0.031003
v -0.104932 -0.109541 -0.027495
v -0.071987 -0.105665 -0.008451
v -0.070820 -0.104484 -0.005102
v -0.074691 -0.109248 -0.019236
v -0.069186 -0.108133 -0.016484
v -0.124240 -0.109094 -0.024742
v -0.050619 -0.099836 0.023186
v -0.047397 -0.101509 0.014133
v -0.055926 -0.100628 0.016481
v -0.055470 -0.102650 0.005926
v -0.069325 -0.103521 -0.000047
v -0.066433 -0.103428 0.000033
v -0.085702 -0.108566 -0.024742
v -0.081223 -0.108418 -0.022656
v -0.110537 -0.109146 -0.027688
v -0.091208 -0.109007 -0.021989
v -0.096452 -0.109831 -0.032646
v -0.102634 -0.109597 -0.035753
v -0.105193 -0.109371 -0.033340
v -0.069535 -0.107175 -0.013041
v -0.069686 -0.104013 -0.003510
v -0.071939 -0.109244 -0.021989
v -0.066433 -0.107890 -0.016484
v -0.116600 -0.109189 -0.027924
v -0.123839 -0.109130 -0.026613
v -0.047483 -0.100418 0.019321
v -0.050511 -0.101973 0.010757
v -0.044429 -0.101262 0.016153
v -0.060943 -0.103245 0.002693
v -0.055314 -0.104041 0.002539
v -0.088535 -0.108702 -0.027151
v -0.075971 -0.109248 -0.021949
v -0.091154 -0.108967 -0.027327
v -0.096713 -0.109775 -0.035753
v -0.099466 -0.109852 -0.035753
v -0.066443 -0.104667 -0.005913
v -0.066286 -0.103983 -0.003372
v -0.069186 -0.108593 -0.021989
v -0.066234 -0.106926 -0.019812
v -0.129746 -0.109317 -0.027495
v -0.045512 -0.099792 0.024750
v -0.047164 -0.102204 0.011044
v -0.044411 -0.101719 0.013796
v -0.058702 -0.104104 0.000202
v -0.052670 -0.103287 0.005538
v -0.082950 -0.108473 -0.024742
v -0.085702 -0.108678 -0.027495
v -0.077444 -0.108750 -0.024742
v -0.110357 -0.109273 -0.032883
v -0.114606 -0.109296 -0.030018
v -0.094513 -0.109623 -0.031066
v -0.093960 -0.109740 -0.035753
v -0.099456 -0.109784 -0.039726
v -0.104627 -0.109424 -0.040831
v -0.066413 -0.106779 -0.010998
v -0.069186 -0.109010 -0.024742
v -0.072790 -0.109209 -0.023762
v -0.066433 -0.107602 -0.013731
v -0.063657 -0.106814 -0.016561
v -0.121464 -0.109250 -0.033232
v -0.132486 -0.109297 -0.032222
v -0.047164 -0.102570 0.008291
v -0.042122 -0.101058 0.013796
v -0.060928 -0.103892 -0.000447
v -0.049915 -0.103477 0.005565
v -0.055422 -0.104819 0.000033
v -0.052662 -0.104042 0.002795
v -0.084087 -0.108703 -0.027588
v -0.089216 -0.108861 -0.029714
v -0.079544 -0.108580 -0.026598
v -0.110477 -0.109305 -0.035753
v -0.108878 -0.109197 -0.040021
v -0.063676 -0.106795 -0.009553
v -0.063680 -0.105029 -0.005473
v -0.066660 -0.106468 -0.021989
v -0.063680 -0.107466 -0.013731
v -0.063697 -0.104015 -0.019191
v -0.043966 -0.101524 0.011044
v -0.045014 -0.101190 0.008640
v -0.058175 -0.105293 -0.002720
v -0.052657 -0.104051 -0.000023
v -0.055422 -0.105231 -0.002720
v -0.060829 -0.104856 -0.002948
v -0.075108 -0.108664 -0.027529
v -0.107724 -0.109287 -0.035753
v -0.114023 -0.109191 -0.035592
v -0.116886 -0.109319 -0.032880
v -0.091528 -0.109532 -0.034436
v -0.091918 -0.109568 -0.039712
v -0.105447 -0.109340 -0.044407
v -0.107724 -0.109260 -0.041258
v -0.063680 -0.107292 -0.010978
v -0.063815 -0.101686 -0.022418
v -0.066421 -0.106833 -0.024710
v -0.069186 -0.109344 -0.027495
v -0.062154 -0.106794 -0.013731
v -0.061942 -0.104041 -0.016484
v -0.128325 -0.109161 -0.033104
v -0.130820 -0.109293 -0.035321
v -0.047121 -0.101370 0.005417
v -0.041419 -0.098446 0.011677
v -0.049917 -0.102808 0.002785
v -0.053884 -0.104041 -0.002720
v -0.051568 -0.101289 0.000033
v -0.085702 -0.109333 -0.033000
v -0.071459 -0.109209 -0.028329
v -0.081067 -0.109371 -0.035972
v -0.110958 -0.109223 -0.038685
v -0.089091 -0.109300 -0.032892
v -0.095773 -0.109668 -0.042786
v -0.100897 -0.109479 -0.044200
v -0.109701 -0.109339 -0.044444
v -0.060928 -0.106613 -0.008225
v -0.060981 -0.106770 -0.010978
v -0.065234 -0.104041 -0.024742
v -0.066433 -0.108988 -0.027495
v -0.061034 -0.101201 -0.018848
v -0.124240 -0.109265 -0.035753
v -0.044554 -0.098343 0.008364
v -0.046984 -0.098536 0.005282
v -0.049110 -0.101299 0.002738
v -0.037917 -0.098496 0.016595
v -0.058175 -0.105817 -0.005473
v -0.053502 -0.101289 -0.002720
v -0.055397 -0.104079 -0.005560
v -0.052670 -0.101289 -0.001360
v -0.074691 -0.108929 -0.030247
v -0.116019 -0.109333 -0.041245
v -0.088455 -0.109419 -0.035753
v -0.088473 -0.109552 -0.038647
v -0.099466 -0.109727 -0.041258
v -0.101269 -0.109479 -0.046211
v -0.063865 -0.100983 -0.024742
v -0.063680 -0.106678 -0.027479
v -0.066566 -0.109589 -0.030232
v -0.060789 -0.104613 -0.013951
v -0.058425 -0.098406 -0.019156
v -0.060928 -0.102393 -0.016484
v -0.121764 -0.109375 -0.038861
v -0.126993 -0.109275 -0.035753
v -0.132332 -0.109406 -0.040646
v -0.038852 -0.096038 0.013726
v -0.043418 -0.095578 0.007927
v -0.049535 -0.097251 0.000215
v -0.071939 -0.109372 -0.033000
v -0.074691 -0.109301 -0.033000
v -0.115982 -0.109350 -0.046458
v -0.089681 -0.109533 -0.044824
v -0.107724 -0.109387 -0.049516
v -0.096719 -0.109654 -0.047164
v -0.102249 -0.109427 -0.049575
v -0.058175 -0.105407 -0.008225
v -0.063719 -0.100891 -0.027563
v -0.062308 -0.098536 -0.024742
v -0.063756 -0.104041 -0.027567
v -0.069186 -0.109378 -0.033000
v -0.058175 -0.099765 -0.016484
v -0.059886 -0.101289 -0.016484
v -0.129826 -0.109388 -0.040949
v -0.048819 -0.098536 0.002785
v -0.041313 -0.095783 0.010626
v -0.035972 -0.092319 0.014627
v -0.057037 -0.104041 -0.008225
v -0.055570 -0.101016 -0.007804
v -0.052573 -0.098516 -0.002812
v -0.075174 -0.109422 -0.035744
v -0.118558 -0.109353 -0.045574
v -0.121956 -0.109466 -0.041171
v -0.093865 -0.109554 -0.044521
v -0.085627 -0.109650 -0.038600
v -0.113137 -0.109519 -0.052453
v -0.097794 -0.109674 -0.048918
v -0.113606 -0.109446 -0.049286
v -0.058274 -0.103856 -0.010621
v -0.063054 -0.098536 -0.027495
v -0.060928 -0.104041 -0.028020
v -0.063520 -0.109557 -0.030208
v -0.065989 -0.109415 -0.033113
v -0.057173 -0.098536 -0.016484
v -0.060820 -0.096070 -0.024916
v -0.047164 -0.095922 0.002530
v -0.040518 -0.093210 0.008875
v -0.037080 -0.093031 0.013796
v -0.052779 -0.097789 -0.005257
v -0.046832 -0.094444 0.000021
v -0.071368 -0.109459 -0.036395
v -0.077706 -0.109500 -0.039103
v -0.123344 -0.109335 -0.046809
v -0.090571 -0.109403 -0.046696
v -0.085702 -0.109679 -0.044011
v -0.104943 -0.109357 -0.053109
v -0.113230 -0.109476 -0.049516
v -0.094108 -0.109538 -0.049763
v -0.119346 -0.109320 -0.049068
v -0.057749 -0.101252 -0.012636
v -0.062120 -0.098536 -0.030247
v -0.060928 -0.101289 -0.029443
v -0.061776 -0.095783 -0.027495
v -0.060928 -0.106794 -0.027942
v -0.060928 -0.109016 -0.030247
v -0.056761 -0.095783 -0.019236
v -0.057281 -0.092800 -0.023749
v -0.126677 -0.109446 -0.043866
v -0.044020 -0.092284 0.001268
v -0.041832 -0.092839 0.006158
v -0.055821 -0.098702 -0.012228
v -0.048522 -0.093636 -0.005058
v -0.083314 -0.109533 -0.041258
v -0.089086 -0.109669 -0.053165
v -0.082254 -0.109613 -0.045368
v -0.116186 -0.109311 -0.054075
v -0.112482 -0.109574 -0.055246
v -0.096180 -0.109674 -0.051739
v -0.091208 -0.109513 -0.050008
v -0.060928 -0.100115 -0.030247
v -0.062255 -0.095783 -0.030247
v -0.060928 -0.109638 -0.032480
v -0.063680 -0.109696 -0.033000
v -0.067225 -0.109550 -0.037096
v -0.055312 -0.096015 -0.015718
v -0.060438 -0.093655 -0.027585
v -0.129170 -0.109318 -0.049402
v -0.039016 -0.090693 0.007378
v -0.052569 -0.095323 -0.010133
v -0.068129 -0.109676 -0.041514
v -0.079190 -0.109581 -0.041240
v -0.083350 -0.109559 -0.052572
v -0.080818 -0.109602 -0.050035
v -0.107724 -0.109436 -0.055022
v -0.100168 -0.109484 -0.055151
v -0.118775 -0.109269 -0.052429
v -0.060928 -0.098536 -0.031288
v -0.058034 -0.106651 -0.027594
v -0.058175 -0.108421 -0.030247
v -0.063777 -0.109645 -0.037245
v -0.055647 -0.092598 -0.021577
v -0.058175 -0.091387 -0.027495
v -0.041675 -0.090339 0.002063
v -0.036442 -0.087329 0.005845
v -0.047544 -0.091971 -0.006637
v -0.042859 -0.088087 -0.005031
v -0.074237 -0.109570 -0.043833
v -0.123622 -0.109309 -0.052071
v -0.091208 -0.109671 -0.052269
v -0.088455 -0.109749 -0.055022
v -0.076743 -0.109679 -0.047131
v -0.114119 -0.109606 -0.058842
v -0.104971 -0.109431 -0.055022
v -0.108895 -0.109358 -0.060697
v -0.096751 -0.109687 -0.058215
v -0.120164 -0.109445 -0.059613
v -0.061020 -0.096142 -0.033097
v -0.060668 -0.093314 -0.030247
v -0.058493 -0.109461 -0.033509
v -0.066433 -0.109677 -0.038505
v -0.055160 -0.090520 -0.024634
v -0.052756 -0.092846 -0.016356
v -0.040634 -0.087333 -0.002175
v -0.037455 -0.085836 0.001753
v -0.035089 -0.087525 0.008291
v -0.051757 -0.093206 -0.013742
v -0.050251 -0.092655 -0.010942
v -0.070208 -0.109613 -0.047209
v -0.128413 -0.109492 -0.054519
v -0.091721 -0.109670 -0.059247
v -0.082904 -0.109561 -0.054617
v -0.077068 -0.109682 -0.050775
v -0.112801 -0.109612 -0.057596
v -0.115982 -0.109423 -0.057775
v -0.102004 -0.109411 -0.057817
v -0.058175 -0.097597 -0.033000
v -0.055422 -0.108442 -0.030247
v -0.060928 -0.109787 -0.035753
v -0.052887 -0.090335 -0.020074
v -0.056996 -0.090130 -0.028058
v -0.058289 -0.089159 -0.032919
v -0.036303 -0.084941 0.002278
v -0.033753 -0.087316 0.010247
v -0.033359 -0.085604 0.007368
v -0.039154 -0.084789 -0.005369
v -0.062275 -0.109753 -0.044099
v -0.088455 -0.109746 -0.057775
v -0.086750 -0.109794 -0.061519
v -0.080197 -0.109696 -0.055022
v -0.071586 -0.109650 -0.051930
v -0.103502 -0.109445 -0.059820
v -0.058175 -0.095783 -0.034407
v -0.060854 -0.093119 -0.033000
v -0.056430 -0.109706 -0.038534
v -0.056697 -0.109590 -0.036049
v -0.054048 -0.108881 -0.032844
v -0.063680 -0.109649 -0.041258
v -0.050447 -0.087530 -0.021741
v -0.049014 -0.090303 -0.013766
v -0.052985 -0.087398 -0.027272
v -0.044976 -0.088005 -0.010252
v -0.035465 -0.081891 -0.003573
v -0.041659 -0.085863 -0.008225
v -0.126993 -0.109510 -0.057775
v -0.132581 -0.109542 -0.055022
v -0.095826 -0.109858 -0.063109
v -0.082634 -0.109686 -0.058766
v -0.075034 -0.109803 -0.055499
v -0.109414 -0.109494 -0.062457
v -0.118798 -0.109523 -0.061282
v -0.102136 -0.109544 -0.063316
v -0.058914 -0.109482 -0.041048
v -0.049728 -0.087707 -0.019805
v -0.047947 -0.084670 -0.024357
v -0.052548 -0.084812 -0.030307
v -0.057784 -0.088505 -0.033004
v -0.059235 -0.090278 -0.035753
v -0.033299 -0.082457 0.002232
v -0.030537 -0.082101 0.005216
v -0.037473 -0.082230 -0.009014
v -0.043245 -0.085418 -0.013102
v -0.063680 -0.109753 -0.046764
v -0.127488 -0.109544 -0.061418
v -0.130824 -0.109666 -0.060336
v -0.091208 -0.109936 -0.063280
v -0.099466 -0.109740 -0.063280
v -0.082536 -0.109684 -0.060644
v -0.067791 -0.109773 -0.054791
v -0.113076 -0.109652 -0.064554
v -0.123483 -0.109580 -0.063101
v -0.104967 -0.109853 -0.066108
v -0.058526 -0.093155 -0.035817
v -0.052670 -0.109206 -0.035753
v -0.055445 -0.109554 -0.041258
v -0.047876 -0.087278 -0.017006
v -0.046856 -0.084853 -0.021143
v -0.048721 -0.084140 -0.027688
v -0.052917 -0.083610 -0.032987
v -0.046622 -0.088019 -0.013731
v -0.056078 -0.109557 -0.043935
v -0.060928 -0.109638 -0.046764
v -0.063611 -0.109813 -0.051083
v -0.124240 -0.109532 -0.060953
v -0.092457 -0.110151 -0.066064
v -0.100055 -0.109981 -0.066560
v -0.074967 -0.109909 -0.061015
v -0.085702 -0.109843 -0.063280
v -0.074355 -0.109882 -0.057950
v -0.110225 -0.109909 -0.066714
v -0.118735 -0.109547 -0.061841
v -0.052580 -0.109415 -0.038446
v -0.050103 -0.109178 -0.035991
v -0.047006 -0.085482 -0.019508
v -0.043061 -0.082420 -0.021453
v -0.044673 -0.081425 -0.029406
v -0.049917 -0.083463 -0.030247
v -0.057843 -0.087909 -0.035753
v -0.058175 -0.090278 -0.037070
v -0.038261 -0.082415 -0.010668
v -0.056550 -0.109770 -0.045878
v -0.059017 -0.109800 -0.049804
v -0.130513 -0.109583 -0.065826
v -0.087854 -0.110290 -0.068167
v -0.080569 -0.109676 -0.063240
v -0.063680 -0.109830 -0.052269
v -0.115246 -0.109949 -0.069230
v -0.118756 -0.109630 -0.064409
v -0.098646 -0.110696 -0.070778
v -0.052971 -0.109373 -0.044162
v -0.044319 -0.084832 -0.016784
v -0.041659 -0.083211 -0.016484
v -0.050006 -0.081933 -0.032921
v -0.055332 -0.084930 -0.038481
v -0.055272 -0.090168 -0.038456
v -0.037080 -0.081418 -0.012001
v -0.095876 -0.110439 -0.069042
v -0.116731 -0.109523 -0.066095
v -0.110138 -0.110366 -0.069777
v -0.123952 -0.109635 -0.065937
v -0.045202 -0.109359 -0.041324
v -0.051849 -0.082393 -0.035551
v -0.056574 -0.087525 -0.038505
v -0.132087 -0.109798 -0.069180
v -0.095891 -0.110726 -0.071867
v -0.118597 -0.110021 -0.069750
v -0.111930 -0.110956 -0.074389
v -0.106441 -0.110793 -0.071587
v -0.047164 -0.081024 -0.033000
v -0.049917 -0.080971 -0.035753
v -0.052546 -0.082252 -0.041173
v -0.055422 -0.087525 -0.039618
v -0.092301 -0.110799 -0.074847
v -0.117115 -0.110801 -0.074257
v -0.107754 -0.111104 -0.074288
v -0.124362 -0.110443 -0.071702
v -0.129755 -0.109979 -0.070519
v -0.102219 -0.111072 -0.074291
v -0.099466 -0.110964 -0.074291
v -0.045762 -0.079267 -0.035753
v -0.054038 -0.084772 -0.041258
v -0.130601 -0.110764 -0.074311
v -0.095796 -0.110968 -0.078468
v -0.121488 -0.110958 -0.074291
v -0.115995 -0.110977 -0.076680
v -0.107138 -0.111276 -0.076913
v -0.047164 -0.079616 -0.035753
v -0.049805 -0.080401 -0.041378
v -0.121814 -0.111187 -0.076945
v -0.099466 -0.111037 -0.077044
v -0.047235 -0.079226 -0.037922
v -0.132005 -0.111353 -0.077880
v -0.115982 -0.111190 -0.079796
v -0.112170 -0.111240 -0.079787
v -0.127380 -0.111227 -0.077266
v -0.113966 -0.111311 -0.081965
v -0.107724 -0.111290 -0.079796
v -0.125581 -0.111242 -0.080177
v -0.103692 -0.111241 -0.079401
v -0.130884 -0.111461 -0.082670
v -0.118735 -0.111397 -0.082549
v -0.110062 -0.111341 -0.082722
v -0.121488 -0.111360 -0.082549
v -0.126993 -0.111381 -0.082549
v -0.100311 -0.111173 -0.082549
v -0.121593 -0.111463 -0.085628
v -0.096713 -0.111101 -0.082549
v -0.104971 -0.111248 -0.082549
v -0.125989 -0.111530 -0.087451
v -0.112592 -0.111320 -0.085379
v -0.099681 -0.110952 -0.085892
v -0.093960 -0.111050 -0.082549
v -0.104302 -0.111168 -0.085313
v -0.008033 -0.100439 -0.063189
v -0.010891 -0.098217 -0.063280
v -0.014036 -0.095781 -0.062703
v -0.017061 -0.095703 -0.056974
v -0.016884 -0.108490 -0.038505
v -0.017192 -0.106794 -0.035973
v -0.013849 -0.106613 -0.039886
v -0.016884 -0.108214 -0.041258
v -0.014131 -0.108219 -0.044011
v -0.011379 -0.106794 -0.042136
v -0.011379 -0.107705 -0.044011
v -0.009323 -0.106794 -0.044011
v -0.011379 -0.108008 -0.046764
v -0.008626 -0.106794 -0.045113
v -0.014131 -0.108445 -0.046764
v -0.008168 -0.106985 -0.046764
v -0.011486 -0.108336 -0.049609
v -0.009185 -0.107990 -0.050998
v -0.005681 -0.106886 -0.049078
v -0.009703 -0.108582 -0.054873
v -0.005873 -0.107776 -0.052269
v -0.012406 -0.109510 -0.057035
v -0.003991 -0.106794 -0.052269
v -0.005873 -0.107937 -0.055022
v -0.005929 -0.108517 -0.057798
v -0.007090 -0.109559 -0.060569
v -0.003155 -0.106855 -0.056025
v -0.009854 -0.110261 -0.062723
v -0.002925 -0.109530 -0.062735
v -0.005873 -0.110114 -0.063280
v -0.001825 -0.106826 -0.060455
v -0.004238 -0.110289 -0.065780
v -0.000376 -0.106794 -0.063297
v -0.000178 -0.109547 -0.065700
v 0.000504 -0.106794 -0.066033
v -0.000368 -0.105521 -0.066033
v 0.000831 -0.109547 -0.068785
v -0.003202 -0.104093 -0.063731
v 0.002086 -0.106794 -0.069116
v -0.000296 -0.103980 -0.068667
v -0.002689 -0.103739 -0.066033
v -0.022365 -0.093022 -0.055000
v 0.095978 -0.105599 0.074356
v 0.090472 -0.105894 0.074356
v 0.098730 -0.105419 0.074356
v 0.095978 -0.105594 0.071604
v 0.090927 -0.105938 0.070411
v 0.086162 -0.106286 0.071149
v 0.084937 -0.106185 0.074339
v 0.098353 -0.105481 0.070717
v 0.080953 -0.106240 0.070713
v 0.076709 -0.106074 0.074356
v 0.088253 -0.106225 0.067935
v 0.076660 -0.106199 0.071378
v 0.069631 -0.106069 0.074539
v 0.101794 -0.105699 0.060344
v 0.103188 -0.105695 0.063319
v 0.099595 -0.105555 0.064973
v 0.093225 -0.105809 0.068851
v 0.085125 -0.106423 0.066117
v 0.079758 -0.106276 0.066379
v 0.073660 -0.106342 0.066100
v 0.095978 -0.105699 0.066098
v 0.093225 -0.105922 0.066098
v 0.076709 -0.106288 0.066098
v 0.073956 -0.106257 0.068851
v 0.069423 -0.106157 0.068587
v 0.098444 -0.105652 0.062108
v 0.078854 -0.106317 0.063720
v 0.065985 -0.106093 0.069248
v 0.066326 -0.106146 0.065347
v 0.062167 -0.106130 0.070688
v 0.062945 -0.106112 0.074356
v 0.066969 -0.106177 0.064040
v 0.060748 -0.106313 0.065568
v 0.062945 -0.106141 0.068851
v -0.108264 -0.107659 0.074150
v -0.107724 -0.107772 0.071604
v -0.106514 -0.107844 0.068230
v -0.113224 -0.107349 0.071564
v -0.117738 -0.106954 0.072999
v -0.096109 -0.106664 0.072905
v -0.102219 -0.107331 0.071604
v -0.110991 -0.107627 0.064808
v -0.124153 -0.106884 0.072549
v -0.083612 -0.106498 0.072299
v -0.096430 -0.106771 0.068827
v -0.105454 -0.107865 0.065507
v -0.114707 -0.107248 0.067905
v -0.128103 -0.107004 0.071691
v -0.133052 -0.106953 0.071617
v -0.087981 -0.106501 0.073519
v -0.107724 -0.107882 0.063345
v -0.123730 -0.107067 0.068746
v -0.114805 -0.107344 0.064203
v -0.121488 -0.106964 0.071604
v -0.087723 -0.106397 0.067314
v -0.104577 -0.107749 0.061127
v -0.110477 -0.107718 0.063345
v -0.123832 -0.107122 0.065908
v -0.118735 -0.107238 0.063345
v -0.131380 -0.107282 0.065864
v -0.080225 -0.106817 0.071688
v -0.092440 -0.106607 0.067258
v -0.098249 -0.106916 0.063261
v -0.108135 -0.107872 0.059172
v -0.126993 -0.107228 0.066098
v -0.122610 -0.107176 0.061695
v -0.123512 -0.107196 0.058079
v -0.111050 -0.107741 0.060379
v -0.081259 -0.106582 0.068743
v -0.093960 -0.106647 0.063345
v -0.098826 -0.106852 0.060079
v -0.107773 -0.107507 0.052710
v -0.084664 -0.106125 0.065935
v -0.077727 -0.106668 0.069361
v -0.094105 -0.106506 0.060644
v -0.100041 -0.106637 0.055083
v -0.102240 -0.106902 0.052692
v -0.112078 -0.107497 0.054617
v -0.117144 -0.107340 0.057663
v -0.128529 -0.107248 0.059216
v -0.129746 -0.107300 0.063345
v -0.132499 -0.107292 0.063345
v -0.081048 -0.104841 0.063280
v -0.090092 -0.106121 0.061968
v -0.076413 -0.104640 0.063042
v -0.096186 -0.106649 0.057670
v -0.104810 -0.107342 0.051150
v -0.113763 -0.107161 0.050619
v -0.119999 -0.107249 0.053785
v -0.130673 -0.107458 0.052897
v -0.085702 -0.105611 0.063345
v -0.098439 -0.106354 0.053384
v -0.102242 -0.106779 0.049717
v -0.107724 -0.107507 0.049582
v -0.112380 -0.107184 0.049442
v -0.124173 -0.107211 0.055047
v -0.080197 -0.104257 0.060593
v -0.084383 -0.104614 0.060456
v -0.090031 -0.105081 0.057452
v -0.093780 -0.104843 0.053018
v -0.099466 -0.105826 0.049582
v -0.102578 -0.106602 0.046192
v -0.107682 -0.107723 0.045791
v -0.119006 -0.107330 0.044226
v -0.118735 -0.107220 0.049582
v -0.125374 -0.107334 0.052174
v -0.132499 -0.107395 0.055087
v -0.078138 -0.103941 0.056984
v -0.091208 -0.104875 0.055087
v -0.096713 -0.105349 0.051978
v -0.104974 -0.107558 0.045286
v -0.110727 -0.107463 0.045024
v -0.125130 -0.107481 0.045348
v -0.126723 -0.107439 0.048621
v -0.129746 -0.107530 0.049582
v -0.071940 -0.104548 0.060285
v -0.081686 -0.104041 0.057840
v -0.087030 -0.104394 0.055974
v -0.093664 -0.104055 0.049525
v -0.090021 -0.104227 0.052228
v -0.096813 -0.103646 0.044878
v -0.098922 -0.104136 0.043993
v -0.105043 -0.106767 0.039781
v -0.107798 -0.107547 0.039886
v -0.110477 -0.107294 0.041324
v -0.113126 -0.107480 0.043006
v -0.073064 -0.104126 0.057267
v -0.082992 -0.104016 0.056532
v -0.091208 -0.103982 0.049975
v -0.102219 -0.105219 0.041324
v -0.119037 -0.107452 0.038979
v -0.124240 -0.107493 0.044076
v -0.128690 -0.107585 0.045643
v -0.069011 -0.104200 0.056292
v -0.079667 -0.103832 0.051940
v -0.085743 -0.104040 0.052406
v -0.089837 -0.103606 0.047281
v -0.094088 -0.102967 0.043763
v -0.088455 -0.103896 0.049582
v -0.096713 -0.103117 0.041324
v -0.102110 -0.104109 0.036266
v -0.107709 -0.106761 0.035867
v -0.110477 -0.107167 0.038571
v -0.121494 -0.107438 0.041307
v -0.118067 -0.107440 0.037370
v -0.130090 -0.107761 0.041097
v -0.133282 -0.107760 0.043575
v -0.072493 -0.103739 0.049866
v -0.076722 -0.103743 0.050551
v -0.085320 -0.104011 0.051280
v -0.096713 -0.102835 0.038571
v -0.099466 -0.103498 0.038571
v -0.114274 -0.107125 0.036544
v -0.122030 -0.107490 0.038751
v -0.125154 -0.107710 0.034536
v -0.069344 -0.103746 0.052164
v -0.080839 -0.103192 0.044686
v -0.082950 -0.103762 0.049582
v -0.089589 -0.102654 0.040161
v -0.095469 -0.102606 0.037017
v -0.099466 -0.103250 0.035818
v -0.102831 -0.104109 0.033203
v -0.110316 -0.107032 0.035379
v -0.126993 -0.107699 0.038571
v -0.121488 -0.107623 0.033065
v -0.116742 -0.107434 0.030090
v -0.072511 -0.103340 0.044945
v -0.066773 -0.103781 0.051577
v -0.079387 -0.103130 0.043840
v -0.087231 -0.103117 0.043192
v -0.099558 -0.103264 0.032779
v -0.108634 -0.106669 0.032951
v -0.113230 -0.107323 0.033065
v -0.123308 -0.107675 0.027714
v -0.128834 -0.107741 0.036496
v -0.068915 -0.102672 0.041897
v -0.074691 -0.103522 0.046829
v -0.089075 -0.102270 0.037130
v -0.093453 -0.102482 0.036749
v -0.095017 -0.102617 0.033278
v -0.104881 -0.104811 0.030208
v -0.102188 -0.103942 0.029118
v -0.110228 -0.107140 0.029340
v -0.112986 -0.107581 0.028769
v -0.127142 -0.107826 0.028928
v -0.071939 -0.102649 0.041324
v -0.066263 -0.103100 0.046070
v -0.094124 -0.102552 0.030504
v -0.126993 -0.107781 0.033065
v -0.126699 -0.107814 0.027202
v -0.072183 -0.102167 0.038468
v -0.078348 -0.103112 0.043271
v -0.063696 -0.103009 0.043046
v -0.063680 -0.103440 0.046829
v -0.084465 -0.101798 0.035708
v -0.087580 -0.101696 0.031555
v -0.070974 -0.101978 0.036701
v -0.078149 -0.102286 0.038235
v -0.077444 -0.102870 0.041324
v -0.064184 -0.102551 0.038712
v -0.132499 -0.107867 0.024807
v -0.074545 -0.101851 0.035360
v -0.060795 -0.103108 0.043544
v -0.082950 -0.101749 0.035818
v -0.068927 -0.101903 0.033671
v -0.065034 -0.102072 0.035465
v -0.078733 -0.101200 0.032635
v -0.060105 -0.102469 0.038577
v -0.082436 -0.101215 0.029365
v -0.075605 -0.101366 0.030013
v -0.071062 -0.101285 0.026058
v -0.064276 -0.101462 0.031310
v -0.069186 -0.101640 0.030313
v -0.053522 -0.100663 0.033155
v -0.066313 -0.101142 0.026475
v -0.056440 -0.100617 0.030445
v -0.055356 -0.101345 0.035717
v -0.050868 -0.099651 0.029822
v -0.052201 -0.101088 0.038806
v -0.055612 -0.100228 0.027547
v -0.049917 -0.099337 0.033065
v -0.052670 -0.099884 0.027560
v -0.060131 -0.100479 0.024887
v -0.047629 -0.098613 0.031982
v -0.049917 -0.099591 0.027560
v -0.047235 -0.098739 0.035817
v -0.053408 -0.099895 0.024159
v -0.047164 -0.099322 0.027560
v -0.050619 -0.099836 0.023186
v -0.045512 -0.099792 0.024750
v 0.005138 -0.098348 0.002648
v 0.002385 -0.098058 0.002261
v 0.004955 -0.100727 -0.000471
v -0.008877 -0.092827 0.008167
v -0.005666 -0.092261 0.007962
v -0.005873 -0.090278 0.009466
v -0.003047 -0.090381 0.008363
v -0.008707 -0.090212 0.010925
v -0.003121 -0.093031 0.006901
v -0.006141 -0.087525 0.010867
v -0.011558 -0.092836 0.010430
v -0.005873 -0.094450 0.005538
v -0.000368 -0.090278 0.007167
v -0.001004 -0.087973 0.007399
v -0.008626 -0.094917 0.005538
v -0.003121 -0.094593 0.005538
v -0.000368 -0.093031 0.006483
v 0.002385 -0.093505 0.005686
v 0.002317 -0.088230 0.005491
v -0.000368 -0.094712 0.005538
v 0.002673 -0.090278 0.005695
v -0.000021 -0.095382 0.004897
v 0.005138 -0.093031 0.004251
v 0.006407 -0.090365 0.002889
v 0.005138 -0.095783 0.003794
v -0.003380 -0.095996 0.003568
v 0.007632 -0.093360 0.002695
v 0.008024 -0.095783 0.002859
v 0.008702 -0.090265 0.000231
v 0.012178 -0.095941 0.000183
v 0.010631 -0.093039 0.000024
v 0.007890 -0.097377 0.002785
v 0.011657 -0.092613 -0.002656
v 0.007890 -0.098536 0.002328
v 0.010643 -0.098536 0.001264
v 0.008594 -0.089398 -0.002803
v 0.007890 -0.101027 -0.000294
v 0.013210 -0.098536 -0.000084
v 0.013582 -0.095732 -0.001334
v 0.010643 -0.091226 -0.005473
v 0.010643 -0.100929 -0.000326
v 0.013396 -0.094376 -0.002720
v 0.013318 -0.093088 -0.005943
v 0.009333 -0.090217 -0.005338
v 0.017096 -0.098556 -0.002656
v 0.013600 -0.101381 -0.001533
v 0.016149 -0.095783 -0.003946
v 0.010964 -0.091218 -0.008227
v 0.006016 -0.087367 -0.005548
v 0.010188 -0.103192 -0.002789
v 0.016720 -0.101473 -0.002602
v 0.018901 -0.098536 -0.004010
v 0.017745 -0.096041 -0.005428
v 0.016149 -0.094397 -0.008225
v 0.007312 -0.088677 -0.008196
v 0.018901 -0.101289 -0.003379
v 0.016089 -0.104036 -0.004304
v 0.018421 -0.095570 -0.009110
v 0.008392 -0.089442 -0.008758
v 0.001959 -0.083845 -0.008484
v 0.018901 -0.104041 -0.004016
v 0.023996 -0.101592 -0.005512
v 0.010643 -0.104041 -0.003485
v 0.021452 -0.098630 -0.005560
v 0.014439 -0.093031 -0.010978
v 0.014431 -0.092708 -0.013857
v 0.004921 -0.085715 -0.014853
v 0.021654 -0.104041 -0.004486
v 0.007890 -0.104041 -0.003596
v 0.021618 -0.097292 -0.008283
v 0.009337 -0.089171 -0.014499
v 0.001234 -0.082271 -0.013721
v 0.021654 -0.106794 -0.004668
v 0.025310 -0.103618 -0.005338
v 0.024155 -0.098694 -0.008225
v 0.007890 -0.107180 -0.003181
v 0.005138 -0.104041 -0.003772
v 0.022620 -0.097211 -0.013449
v 0.018155 -0.094193 -0.016443
v 0.011330 -0.090341 -0.016080
v 0.003868 -0.085023 -0.019107
v 0.002700 -0.083732 -0.016453
v 0.024407 -0.106794 -0.004589
v 0.018437 -0.106794 -0.005241
v 0.027159 -0.104041 -0.006112
v 0.027122 -0.101385 -0.008288
v 0.010996 -0.106794 -0.005287
v 0.004789 -0.106849 -0.002773
v 0.024445 -0.098485 -0.010694
v 0.007624 -0.087712 -0.019236
v 0.021654 -0.108804 -0.002720
v 0.016149 -0.104935 -0.005473
v 0.027234 -0.106487 -0.005434
v 0.013396 -0.105182 -0.005473
v 0.010938 -0.108544 -0.002783
v 0.006184 -0.107564 0.000053
v 0.002385 -0.104041 -0.004189
v 0.029044 -0.101641 -0.012894
v 0.011704 -0.090451 -0.019297
v 0.027132 -0.109026 -0.002705
v 0.016328 -0.108468 -0.002734
v 0.016149 -0.106794 -0.006647
v 0.029912 -0.106794 -0.006654
v 0.029611 -0.104192 -0.008442
v 0.028005 -0.101063 -0.010921
v 0.013396 -0.106794 -0.006537
v 0.010643 -0.108262 0.000033
v 0.013396 -0.108303 -0.005473
v 0.001851 -0.106745 0.002041
v -0.000368 -0.106207 -0.002720
v 0.023139 -0.109069 0.000260
v 0.016149 -0.108180 -0.005473
v 0.029912 -0.108198 -0.005473
v 0.015125 -0.108311 0.000909
v -0.000368 -0.104041 -0.004427
v 0.031938 -0.105108 -0.010977
v 0.030424 -0.108914 -0.002576
v 0.032665 -0.108348 -0.005473
v 0.032717 -0.106770 -0.008160
v -0.000460 -0.106298 0.002780
v -0.002980 -0.104041 -0.002586
v -0.003121 -0.105655 0.000033
v -0.000319 -0.101045 -0.002848
v 0.037114 -0.107976 -0.005525
v 0.035418 -0.107581 -0.008225
v 0.035227 -0.106863 -0.011054
v -0.005645 -0.105578 0.002665
v -0.005804 -0.103737 0.000107
v -0.002513 -0.101289 -0.002493
v 0.038462 -0.107858 -0.008677
v -0.008538 -0.103871 0.002872
v -0.007997 -0.101269 0.000673
v -0.005160 -0.098629 0.000112
v -0.011116 -0.101289 0.002999
v -0.008626 -0.098536 0.001669
v -0.011104 -0.098536 0.002925
v -0.008553 -0.097003 0.002917
v -0.011137 -0.095383 0.006409
v -0.008626 -0.094917 0.005538
v -0.008877 -0.092827 0.008167
v -0.011137 -0.095383 0.006409
v -0.022390 -0.101289 0.012839
v -0.022390 -0.104041 0.012502
v -0.008538 -0.103871 0.002872
v -0.011116 -0.101289 0.002999
v -0.011130 -0.103830 0.006138
v -0.014350 -0.101379 0.005459
v -0.014132 -0.098536 0.005538
v -0.011104 -0.098536 0.002925
v -0.011137 -0.095383 0.006409
v -0.012992 -0.095723 0.008311
v -0.011558 -0.092836 0.010430
v -0.014317 -0.095642 0.010567
v -0.019637 -0.077689 0.008291
v -0.016998 -0.076508 0.009031
v -0.018544 -0.076609 0.005506
v -0.019637 -0.077897 0.011044
v -0.016913 -0.076081 0.004817
v -0.022390 -0.078295 0.005538
v -0.019637 -0.077959 0.013796
v -0.022364 -0.079298 0.008247
v -0.019656 -0.076503 0.002814
v -0.021818 -0.076559 0.001071
v -0.022034 -0.079519 0.011044
v -0.016884 -0.075699 0.000033
v -0.025278 -0.077622 0.000821
v -0.025043 -0.079311 0.005349
v -0.022165 -0.079747 0.016269
v -0.025678 -0.082207 0.011955
v -0.019637 -0.075922 0.000033
v -0.014131 -0.075754 0.000033
v -0.025323 -0.076650 -0.003045
v -0.025142 -0.080796 0.008291
v -0.019586 -0.075372 -0.003827
v -0.016397 -0.075197 -0.004516
v -0.022332 -0.075834 -0.002848
v -0.030062 -0.079627 -0.000073
v -0.027709 -0.080320 0.004934
v -0.027934 -0.081977 0.008336
v -0.011379 -0.076066 0.000033
v -0.025545 -0.076375 -0.005473
v -0.033076 -0.080193 -0.002898
v -0.016795 -0.075006 -0.008489
v -0.019637 -0.075105 -0.008225
v -0.010078 -0.076425 -0.002954
v -0.022390 -0.075465 -0.008225
v -0.027752 -0.076546 -0.009080
v -0.030537 -0.082101 0.005216
v -0.033299 -0.082457 0.002232
v -0.030687 -0.078357 -0.006029
v -0.014100 -0.075225 -0.007329
v -0.025142 -0.075972 -0.008225
v -0.035465 -0.081891 -0.003573
v -0.033070 -0.079670 -0.005809
v -0.014131 -0.075334 -0.010978
v -0.019637 -0.075141 -0.010978
v -0.011379 -0.075761 -0.008225
v -0.022390 -0.075303 -0.010978
v -0.025196 -0.075649 -0.013184
v -0.030685 -0.077300 -0.012351
v -0.033110 -0.078864 -0.011397
v -0.017563 -0.075242 -0.013775
v -0.011379 -0.075811 -0.010978
v -0.006262 -0.077725 -0.005340
v -0.028459 -0.076387 -0.013668
v -0.037473 -0.082230 -0.009014
v -0.015515 -0.075775 -0.016651
v -0.008786 -0.076571 -0.008225
v -0.021963 -0.075257 -0.014861
v -0.026433 -0.075818 -0.016428
v -0.030512 -0.076550 -0.016484
v -0.037080 -0.081418 -0.012001
v -0.011196 -0.076385 -0.015170
v -0.008716 -0.076543 -0.010978
v -0.033401 -0.077691 -0.016484
v -0.034827 -0.079372 -0.013586
v -0.019637 -0.075719 -0.019236
v -0.014006 -0.076462 -0.019386
v -0.008878 -0.076803 -0.013505
v -0.005873 -0.077788 -0.010978
v -0.023646 -0.075733 -0.018985
v -0.027895 -0.076006 -0.019236
v -0.030649 -0.076513 -0.019188
v -0.038906 -0.081183 -0.016484
v -0.020822 -0.075802 -0.021049
v -0.016921 -0.076493 -0.024155
v -0.011595 -0.077527 -0.021792
v -0.007309 -0.077539 -0.013899
v -0.033401 -0.077355 -0.019236
v -0.036195 -0.079211 -0.016404
v -0.043061 -0.082420 -0.021453
v -0.002941 -0.079849 -0.015360
v -0.030163 -0.076408 -0.021885
v -0.036421 -0.078718 -0.018931
v -0.019257 -0.076470 -0.027766
v -0.012185 -0.077755 -0.024949
v -0.008121 -0.079023 -0.021989
v -0.006255 -0.079392 -0.019725
v -0.003236 -0.079341 -0.010978
v -0.033479 -0.076745 -0.024611
v -0.026563 -0.076257 -0.025672
v -0.024035 -0.076222 -0.026723
v -0.017335 -0.077093 -0.031449
v -0.014141 -0.077765 -0.031227
v -0.000262 -0.081717 -0.016812
v -0.031598 -0.076447 -0.024977
v -0.025374 -0.076349 -0.028191
v -0.020066 -0.076801 -0.031058
v -0.008689 -0.079599 -0.026620
v -0.011279 -0.078716 -0.030290
v -0.005282 -0.081196 -0.024622
v -0.016857 -0.078780 -0.038064
v -0.020638 -0.077745 -0.036916
v -0.011624 -0.079340 -0.032791
v 0.001933 -0.084413 -0.022130
v -0.022127 -0.076821 -0.031649
v -0.012475 -0.079442 -0.034672
v -0.006362 -0.082234 -0.030987
v 0.000518 -0.084618 -0.027468
v -0.014131 -0.081150 -0.041258
v -0.019172 -0.079121 -0.041850
v -0.001281 -0.083674 -0.027609
v 0.005556 -0.086480 -0.021804
v -0.011374 -0.082920 -0.042638
v -0.016867 -0.080593 -0.043434
v -0.002272 -0.083976 -0.030638
v -0.010548 -0.081689 -0.037843
v 0.002545 -0.085912 -0.027573
v -0.019637 -0.080444 -0.046764
v -0.001539 -0.085555 -0.034138
v -0.005873 -0.083908 -0.035753
v -0.000060 -0.085743 -0.032209
v 0.005138 -0.087569 -0.027332
v 0.012139 -0.090921 -0.021647
v -0.016715 -0.081943 -0.047150
v -0.008626 -0.083016 -0.038505
v -0.005142 -0.085140 -0.038668
v 0.007890 -0.089349 -0.027495
v 0.005449 -0.088657 -0.030111
v 0.009936 -0.089796 -0.024113
v -0.012397 -0.084975 -0.049510
v -0.008237 -0.084195 -0.041092
v -0.017639 -0.082355 -0.049540
v 0.015763 -0.093500 -0.024040
v 0.018384 -0.094193 -0.019250
v -0.006662 -0.086229 -0.043712
v 0.002385 -0.088762 -0.035753
v 0.001714 -0.090471 -0.041141
v 0.010380 -0.090830 -0.027524
v 0.009838 -0.091811 -0.031123
v 0.013227 -0.092751 -0.028664
v -0.014046 -0.084707 -0.052562
v -0.006677 -0.087176 -0.046637
v -0.005108 -0.086325 -0.041239
v 0.006650 -0.092103 -0.036775
v 0.016542 -0.095114 -0.027950
v 0.019132 -0.095377 -0.023639
v 0.021256 -0.095740 -0.018205
v -0.009852 -0.087537 -0.052138
v -0.002679 -0.089683 -0.046394
v -0.001025 -0.090233 -0.045190
v 0.009043 -0.093031 -0.035753
v 0.013396 -0.094687 -0.033128
v 0.018371 -0.096065 -0.027495
v 0.021740 -0.096629 -0.023733
v -0.010816 -0.087390 -0.054709
v -0.003568 -0.090058 -0.049134
v 0.004995 -0.092925 -0.042841
v 0.002617 -0.092915 -0.047371
v 0.013010 -0.095360 -0.036340
v 0.007918 -0.093363 -0.038674
v 0.016149 -0.096711 -0.033000
v 0.021589 -0.098359 -0.029844
v 0.026254 -0.099653 -0.016106
v 0.024216 -0.098207 -0.022833
v -0.008626 -0.088293 -0.052269
v -0.000452 -0.092181 -0.049581
v 0.001220 -0.093031 -0.049516
v 0.011187 -0.094826 -0.038466
v 0.022100 -0.098214 -0.027495
v 0.024727 -0.098240 -0.019236
v -0.006143 -0.090863 -0.055064
v 0.008177 -0.095082 -0.045831
v 0.006807 -0.095659 -0.049287
v 0.016149 -0.097808 -0.038505
v 0.010643 -0.094910 -0.041258
v 0.017692 -0.098588 -0.035634
v 0.025013 -0.100777 -0.027545
v 0.029860 -0.102122 -0.016478
v 0.027600 -0.100900 -0.019189
v -0.000356 -0.093766 -0.053945
v 0.016231 -0.097948 -0.041184
v 0.021650 -0.099389 -0.034405
v 0.024777 -0.100877 -0.030247
v 0.032633 -0.105007 -0.013759
v 0.026582 -0.101517 -0.024242
v 0.010706 -0.095711 -0.044375
v 0.004914 -0.095808 -0.052094
v 0.018387 -0.099111 -0.038106
v 0.018901 -0.099087 -0.035753
v 0.027527 -0.103516 -0.029580
v 0.032318 -0.104396 -0.016484
v 0.030911 -0.103600 -0.019128
v 0.015355 -0.098362 -0.043946
v 0.006281 -0.098391 -0.057606
v 0.010396 -0.098973 -0.051661
v 0.018901 -0.099253 -0.041258
v 0.024648 -0.100992 -0.033000
v 0.027037 -0.104435 -0.032702
v 0.035581 -0.106753 -0.013731
v 0.029554 -0.104118 -0.023507
v 0.009009 -0.099076 -0.055248
v 0.021654 -0.100108 -0.038505
v 0.020027 -0.101039 -0.043854
v 0.024328 -0.101540 -0.035525
v 0.030024 -0.106782 -0.029847
v 0.035268 -0.106783 -0.018181
v 0.032665 -0.105391 -0.019236
v 0.015858 -0.101264 -0.048730
v 0.013464 -0.101247 -0.055459
v 0.021797 -0.101170 -0.041735
v 0.016687 -0.100896 -0.046764
v 0.025463 -0.104041 -0.035753
v 0.023377 -0.101289 -0.038505
v 0.027204 -0.106749 -0.036024
v 0.038133 -0.107078 -0.014464
v 0.032303 -0.106961 -0.023794
v 0.015992 -0.102390 -0.052253
v 0.012994 -0.101556 -0.057775
v 0.021753 -0.103843 -0.044338
v 0.018901 -0.102528 -0.046764
v 0.024287 -0.105506 -0.041681
v 0.029912 -0.107692 -0.033000
v 0.038431 -0.106869 -0.019236
v 0.032816 -0.108300 -0.029437
v 0.018908 -0.104567 -0.050863
v 0.016791 -0.103658 -0.055155
v 0.020316 -0.104041 -0.046764
v 0.026883 -0.107109 -0.038543
v 0.032665 -0.108211 -0.033000
v 0.029912 -0.107948 -0.035753
v 0.040792 -0.106705 -0.015759
v 0.035418 -0.107522 -0.021989
v 0.035418 -0.108123 -0.027495
v 0.022478 -0.106655 -0.046886
v 0.030074 -0.107519 -0.041046
v 0.027159 -0.108066 -0.044011
v 0.032665 -0.107610 -0.035753
v 0.040923 -0.105952 -0.019236
v 0.038177 -0.106798 -0.022114
v 0.035418 -0.107955 -0.024742
v 0.035418 -0.107825 -0.030247
v 0.019034 -0.106740 -0.055331
v 0.024454 -0.107898 -0.046843
v 0.021627 -0.106818 -0.049384
v 0.027159 -0.108361 -0.046764
v 0.033791 -0.106794 -0.035753
v 0.032499 -0.106593 -0.037922
v 0.043901 -0.105589 -0.017391
v 0.038065 -0.106692 -0.024742
v 0.036448 -0.106938 -0.030778
v 0.037958 -0.106544 -0.027495
v 0.032763 -0.104166 -0.041716
v 0.043096 -0.103939 -0.021772
v 0.040812 -0.103998 -0.024250
v 0.021654 -0.107947 -0.052269
v 0.027159 -0.108267 -0.049516
v 0.024407 -0.108840 -0.052269
v 0.029943 -0.106827 -0.047014
v 0.037877 -0.103836 -0.033365
v 0.035192 -0.103861 -0.037831
v 0.032423 -0.103719 -0.044011
v 0.045891 -0.105296 -0.017079
v 0.039722 -0.103945 -0.028985
v 0.029544 -0.106277 -0.049516
v 0.035971 -0.101637 -0.041524
v 0.048671 -0.102254 -0.021929
v 0.043718 -0.102611 -0.024854
v 0.040907 -0.102916 -0.028995
v 0.027519 -0.107207 -0.052269
v 0.032528 -0.103262 -0.046502
v 0.040968 -0.101390 -0.036012
v 0.038170 -0.102602 -0.035753
v 0.038231 -0.101494 -0.039044
v 0.035622 -0.101395 -0.044011
v 0.029769 -0.103900 -0.051818
v 0.035737 -0.101377 -0.046764
v 0.031152 -0.104041 -0.049516
v 0.038170 -0.100830 -0.041258
v 0.049292 -0.101320 -0.024824
v 0.043971 -0.101693 -0.028701
v 0.043759 -0.101233 -0.033387
v 0.035685 -0.101327 -0.049516
v 0.032665 -0.102593 -0.049516
v 0.040923 -0.100674 -0.041258
v 0.038170 -0.100882 -0.046764
v 0.038170 -0.100572 -0.044011
v 0.053282 -0.101330 -0.021902
v 0.043676 -0.101604 -0.030247
v 0.041141 -0.101078 -0.037816
v 0.032665 -0.102173 -0.052269
v 0.042400 -0.100518 -0.043649
v 0.052781 -0.100805 -0.024698
v 0.045854 -0.101169 -0.030860
v 0.046604 -0.100431 -0.039017
v 0.032703 -0.101839 -0.054948
v 0.040675 -0.100649 -0.047006
v 0.035831 -0.101378 -0.053201
v 0.057116 -0.100871 -0.021264
v 0.049476 -0.100370 -0.034065
v 0.038219 -0.101041 -0.054585
v 0.057814 -0.099646 -0.025444
v 0.043676 -0.100362 -0.044011
v 0.049181 -0.100197 -0.035753
v 0.038170 -0.100767 -0.057775
v 0.041136 -0.100550 -0.050682
v 0.051934 -0.100416 -0.030247
v 0.056909 -0.099513 -0.030264
v 0.045295 -0.099713 -0.045896
v 0.054187 -0.099716 -0.034354
v 0.049089 -0.099914 -0.039931
v 0.041315 -0.099953 -0.054716
v 0.060999 -0.099368 -0.030431
v 0.044025 -0.099451 -0.049710
v 0.043492 -0.097941 -0.058112
v 0.057439 -0.099451 -0.033000
v 0.049847 -0.098749 -0.045911
v 0.051890 -0.099408 -0.041085
v 0.046510 -0.098557 -0.049722
v 0.060268 -0.099664 -0.032958
v 0.052725 -0.098488 -0.046655
v 0.055501 -0.099343 -0.040017
v 0.046419 -0.097685 -0.054634
v 0.058630 -0.099581 -0.035588
v 0.049257 -0.097851 -0.051018
v 0.051934 -0.098067 -0.049516
v 0.054965 -0.098922 -0.044088
v 0.046429 -0.097302 -0.057775
v 0.065524 -0.100803 -0.035608
v 0.053488 -0.098222 -0.049471
v 0.059873 -0.099583 -0.039512
v 0.057455 -0.098684 -0.049328
v 0.049181 -0.097282 -0.057775
v 0.046429 -0.097270 -0.060527
v 0.049181 -0.097386 -0.055022
v 0.062945 -0.100101 -0.038505
v 0.061513 -0.099671 -0.041131
v 0.060192 -0.099400 -0.044011
v 0.047104 -0.097423 -0.063794
v 0.065698 -0.100649 -0.038505
v 0.056491 -0.098600 -0.052606
v 0.062945 -0.099836 -0.044011
v 0.051734 -0.097530 -0.057026
v 0.070163 -0.101379 -0.035688
v 0.060179 -0.099359 -0.049830
v 0.070472 -0.101272 -0.039484
v 0.055315 -0.098428 -0.054601
v 0.065698 -0.100359 -0.044011
v 0.053041 -0.097759 -0.057284
v 0.068957 -0.100905 -0.044400
v 0.064498 -0.100467 -0.049658
v 0.071756 -0.101404 -0.046341
v -0.012992 -0.095723 0.008311
v -0.014317 -0.095642 0.010567
v -0.017791 -0.098373 0.011066
v -0.016784 -0.098652 0.008681
v -0.018584 -0.095227 0.016696
v -0.014009 -0.093093 0.013883
v -0.016940 -0.092833 0.018259
v -0.020016 -0.095396 0.019302
v -0.022301 -0.098614 0.017235
v -0.017204 -0.101289 0.007858
v -0.005666 -0.092261 0.007962
v -0.003121 -0.098482 -0.000029
v -0.000904 -0.098540 0.000138
v -0.003380 -0.095996 0.003568
v -0.000021 -0.095382 0.004897
v -0.005160 -0.098629 0.000112
v -0.005873 -0.095969 0.003082
v -0.003121 -0.094593 0.005538
v -0.000368 -0.094712 0.005538
v -0.005873 -0.094450 0.005538
v 0.002385 -0.098058 0.002261
v -0.000319 -0.101045 -0.002848
v 0.004955 -0.100727 -0.000471
v 0.003513 -0.101579 -0.002721
v 0.010188 -0.103192 -0.002789
v 0.007890 -0.101027 -0.000294
v 0.005138 -0.098348 0.002648
v -0.002513 -0.101289 -0.002493
v -0.008553 -0.097003 0.002917
v -0.008626 -0.098536 0.001669
v -0.000368 -0.104041 -0.004427
v 0.002385 -0.104041 -0.004189
v 0.005138 -0.104041 -0.003772
v -0.011551 -0.104041 -0.041411
v -0.013849 -0.106613 -0.039886
v -0.013826 -0.104041 -0.038191
v -0.016876 -0.104141 -0.035746
v -0.017192 -0.106794 -0.035973
v -0.011379 -0.106794 -0.042136
v -0.008606 -0.103992 -0.043990
v -0.009323 -0.106794 -0.044011
v -0.008626 -0.106794 -0.045113
v -0.019580 -0.106934 -0.034585
v -0.019698 -0.104041 -0.033030
v -0.022303 -0.106794 -0.032937
v -0.022390 -0.104041 -0.031685
v -0.024838 -0.104041 -0.030077
v -0.025113 -0.106822 -0.030198
v -0.027895 -0.104041 -0.028961
v -0.025142 -0.102685 -0.030247
v -0.022390 -0.101004 -0.032802
v -0.025142 -0.101289 -0.031027
v -0.008168 -0.106985 -0.046764
v -0.006172 -0.104041 -0.047149
v -0.005681 -0.106886 -0.049078
v -0.004721 -0.104041 -0.049516
v -0.003886 -0.104041 -0.052269
v -0.003991 -0.106794 -0.052269
v -0.005873 -0.102189 -0.049516
v -0.003155 -0.106855 -0.056025
v -0.027731 -0.101211 -0.030155
v -0.030648 -0.104041 -0.028657
v -0.030648 -0.101289 -0.029621
v -0.033400 -0.101289 -0.029540
v -0.003662 -0.104041 -0.055022
v -0.003390 -0.104293 -0.060531
v -0.003121 -0.106772 -0.057775
v -0.027601 -0.094533 -0.041359
v -0.022315 -0.098460 -0.035690
v -0.028212 -0.095396 -0.038314
v -0.017014 -0.098576 -0.041614
v -0.014905 -0.098271 -0.046774
v -0.022390 -0.095294 -0.046764
v -0.027772 -0.092913 -0.046609
v -0.025310 -0.093050 -0.049778
v -0.011187 -0.101032 -0.043855
v -0.019396 -0.095666 -0.052269
v -0.017061 -0.095703 -0.056974
v -0.016884 -0.096825 -0.052269
v -0.017483 -0.096051 -0.055051
v -0.014703 -0.097340 -0.056029
v -0.012301 -0.098679 -0.052676
v -0.011379 -0.099330 -0.049516
v -0.011379 -0.099597 -0.046764
v -0.008422 -0.100407 -0.050293
v -0.008600 -0.101244 -0.046720
v -0.007231 -0.101289 -0.049516
v -0.014036 -0.095781 -0.062703
v -0.033360 -0.093033 -0.041318
v -0.033400 -0.093898 -0.038505
v -0.033383 -0.094826 -0.035575
v -0.011669 -0.098925 -0.055000
v -0.010617 -0.098960 -0.060058
v -0.008781 -0.100523 -0.057545
v -0.006322 -0.101530 -0.052269
v -0.022365 -0.093022 -0.055000
v -0.038524 -0.093000 -0.038532
v -0.036437 -0.094220 -0.036025
v -0.024758 -0.092421 -0.052343
v -0.028564 -0.090940 -0.049535
v -0.031547 -0.090763 -0.047095
v -0.039579 -0.089933 -0.042778
v -0.026034 -0.098704 -0.033068
v -0.038906 -0.091370 -0.041258
v -0.010891 -0.098217 -0.063280
v -0.008033 -0.100439 -0.063189
v -0.007732 -0.101267 -0.059552
v -0.005873 -0.102462 -0.060527
v -0.005843 -0.102015 -0.056562
v -0.003202 -0.104093 -0.063731
v -0.002689 -0.103739 -0.066033
v -0.000368 -0.105521 -0.066033
v -0.005833 -0.101256 -0.065889
v -0.000376 -0.106794 -0.063297
v -0.019782 -0.091653 -0.060536
v -0.022387 -0.091454 -0.057750
v -0.030648 -0.097250 -0.033000
v -0.033400 -0.096062 -0.033337
v -0.041621 -0.093129 -0.037595
v -0.042949 -0.090078 -0.040991
v -0.036153 -0.096115 -0.033148
v -0.039123 -0.095984 -0.033262
v -0.044411 -0.095883 -0.033152
v -0.041659 -0.098165 -0.029720
v -0.044600 -0.099246 -0.027578
v -0.041659 -0.099725 -0.027495
v -0.038656 -0.100973 -0.027374
v -0.044268 -0.093513 -0.036589
v -0.038457 -0.098461 -0.030156
v -0.036153 -0.098536 -0.031866
v -0.036153 -0.099663 -0.030247
v -0.030648 -0.098536 -0.031531
v -0.044411 -0.091954 -0.038505
v -0.046963 -0.093718 -0.036170
v -0.036153 -0.101289 -0.028573
v -0.047196 -0.099192 -0.027663
v -0.045767 -0.101354 -0.024574
v -0.041659 -0.101289 -0.026008
v -0.049712 -0.101298 -0.024766
v -0.033416 -0.098635 -0.031041
v -0.030648 -0.100173 -0.030247
v -0.049982 -0.099238 -0.028334
v -0.054462 -0.100739 -0.027832
v -0.052670 -0.101289 -0.026052
v -0.052670 -0.101948 -0.024742
v -0.052670 -0.098724 -0.030565
v -0.055455 -0.103994 -0.023645
v -0.052670 -0.104041 -0.022742
v -0.049917 -0.104041 -0.022699
v -0.047164 -0.104041 -0.023060
v -0.001825 -0.106826 -0.060455
v -0.050141 -0.106684 -0.025163
v -0.044616 -0.105011 -0.024635
v -0.042546 -0.104040 -0.024893
v -0.052684 -0.106917 -0.023515
v -0.038906 -0.104041 -0.026268
v -0.036382 -0.104041 -0.027623
v 0.043676 -0.102682 -0.082549
v 0.046532 -0.103865 -0.082416
v 0.043676 -0.104041 -0.081131
v -0.022767 -0.100731 0.013796
v -0.044456 -0.084828 -0.044959
v -0.024915 -0.106616 0.075032
v -0.026310 -0.106568 0.075031
v -0.023692 -0.106627 0.075035
v -0.028326 -0.106518 0.075035
v -0.048094 -0.106772 0.075032
v -0.042777 -0.106651 0.075035
v -0.035399 -0.106529 0.075035
v -0.022365 -0.106638 0.075035
v -0.030960 -0.106445 0.075035
v -0.050043 -0.106758 0.075033
v -0.051079 -0.106733 0.075032
v -0.033570 -0.106491 0.075035
v -0.013686 -0.106320 0.075035
v -0.016634 -0.106407 0.075035
v -0.003321 -0.106303 0.075034
v -0.005659 -0.106255 0.075035
v -0.063189 -0.106914 0.075032
v -0.056199 -0.106638 0.075032
v -0.008156 -0.106180 0.075035
v -0.010183 -0.106209 0.075035
v 0.004122 -0.106500 0.075034
v -0.000168 -0.106353 0.075034
v -0.001400 -0.106327 0.075034
v -0.064587 -0.106905 0.075032
v 0.013053 -0.106478 0.075030
v 0.006063 -0.106585 0.075034
v -0.068944 -0.106847 0.075036
v 0.009857 -0.106584 0.075035
v 0.007776 -0.106641 0.075035
v 0.014656 -0.106455 0.075035
v 0.019752 -0.106423 0.075035
v -0.074496 -0.107110 0.075035
v 0.020752 -0.106377 0.075035
v 0.024345 -0.106264 0.075035
v 0.026512 -0.106219 0.075035
v 0.028443 -0.106209 0.075035
v -0.079347 -0.106767 0.075032
v 0.031271 -0.106222 0.075035
v 0.037626 -0.106133 0.075035
v 0.034937 -0.106196 0.075035
v -0.081401 -0.106588 0.075033
v 0.039684 -0.106146 0.075035
v -0.082804 -0.106477 0.075033
v 0.041559 -0.106163 0.075035
v 0.043781 -0.106183 0.075035
v 0.046187 -0.106141 0.075035
v 0.047370 -0.106134 0.075035
v 0.051688 -0.106146 0.075035
v 0.053135 -0.106114 0.075035
v 0.055041 -0.106080 0.075035
v 0.056948 -0.106060 0.075035
v 0.061718 -0.106074 0.075031
v 0.059562 -0.106064 0.075035
v 0.103270 -0.106647 0.033997
v 0.103274 -0.106100 0.046008
v 0.103274 -0.106081 0.047554
v 0.103270 -0.106464 0.038539
v 0.103272 -0.106706 0.030863
v 0.103269 -0.106901 0.018752
v 0.103274 -0.106159 0.042760
v 0.103273 -0.106727 0.028664
v 0.103274 -0.105853 0.057176
v 0.103271 -0.106067 0.054569
v 0.103274 -0.105711 0.060821
v 0.103274 -0.105793 0.059114
v 0.103267 -0.107440 0.004602
v 0.103273 -0.107069 0.014479
v 0.103270 -0.107187 0.012478
v 0.103273 -0.106836 0.023730
v 0.103271 -0.107391 0.006679
v 0.103271 -0.106768 0.021867
v 0.103270 -0.107323 0.009712
v 0.103268 -0.107443 -0.001444
v 0.103271 -0.107334 0.008495
v 0.103273 -0.107435 -0.000273
v 0.103269 -0.107512 -0.007360
v 0.103271 -0.107566 -0.011069
v 0.103271 -0.107589 -0.012247
v 0.103271 -0.107649 -0.017567
v 0.103270 -0.107646 -0.018738
v 0.103270 -0.107694 -0.022137
v 0.103275 -0.107669 -0.027293
v 0.103273 -0.107768 -0.030247
v 0.103271 -0.108100 -0.033259
v 0.103271 -0.108723 -0.038889
v 0.103274 -0.108957 -0.041942
v 0.103274 -0.109183 -0.047332
v 0.103271 -0.109206 -0.048560
v 0.103273 -0.108924 -0.052784
v 0.103271 -0.108763 -0.054133
v 0.103271 -0.108563 -0.056118
v 0.103273 -0.108398 -0.058475
v 0.103273 -0.108094 -0.060033
v 0.103273 -0.107660 -0.063093
v 0.103275 -0.107567 -0.065733
v 0.103273 -0.107379 -0.068757
v 0.103273 -0.107210 -0.071978
v 0.103270 -0.107076 -0.073689
v 0.103274 -0.107047 -0.075631
v 0.103274 -0.107040 -0.077438
v 0.103274 -0.106785 -0.081796
v 0.103273 -0.106739 -0.082992
v 0.103271 -0.106888 -0.088045
v 0.103271 -0.106796 -0.090799
v 0.103271 -0.106955 -0.093171
v 0.103273 -0.107282 -0.098061
v 0.103273 -0.107619 -0.099921
v 0.103274 -0.107902 -0.103117
v 0.103274 -0.108167 -0.107362
v 0.103274 -0.108296 -0.108898
v 0.103274 -0.108589 -0.111698
v 0.099815 -0.109074 -0.115159
v 0.098508 -0.109158 -0.115159
v 0.095606 -0.109121 -0.115159
v 0.093338 -0.109110 -0.115159
v 0.090397 -0.109112 -0.115159
v 0.087304 -0.108983 -0.115159
v 0.080797 -0.108983 -0.115159
v 0.073912 -0.109208 -0.115159
v 0.072216 -0.109271 -0.115159
v -0.025909 -0.110214 -0.115159
v -0.027515 -0.110253 -0.115157
v -0.028837 -0.110266 -0.115160
v -0.038609 -0.110219 -0.115159
v -0.040474 -0.110244 -0.115160
v -0.048537 -0.110435 -0.115160
v -0.049878 -0.110480 -0.115160
v -0.053669 -0.110460 -0.115160
v -0.054706 -0.110452 -0.115160
v -0.020194 -0.110054 -0.115159
v -0.036936 -0.110229 -0.115160
v -0.044384 -0.110316 -0.115160
v -0.056065 -0.110503 -0.115160
v -0.064190 -0.110636 -0.115160
v -0.062151 -0.110586 -0.115160
v -0.071242 -0.110730 -0.115160
v -0.073410 -0.110763 -0.115160
v 0.002003 -0.110022 -0.115161
v -0.002664 -0.110035 -0.115161
v -0.016495 -0.109993 -0.115159
v -0.017702 -0.110025 -0.115159
v -0.057114 -0.110471 -0.115160
v -0.066458 -0.110657 -0.115160
v -0.076605 -0.110586 -0.115160
v -0.003927 -0.110054 -0.115161
v 0.003699 -0.110048 -0.115161
v -0.078514 -0.110514 -0.115160
v -0.006568 -0.110052 -0.115161
v -0.011388 -0.110038 -0.115157
v 0.005396 -0.110059 -0.115161
v 0.010723 -0.109823 -0.115159
v 0.007068 -0.110016 -0.115161
v -0.081174 -0.110457 -0.115160
v -0.086156 -0.110385 -0.115161
v -0.085142 -0.110426 -0.115160
v -0.087168 -0.110329 -0.115161
v -0.092257 -0.110095 -0.115161
v -0.103173 -0.110089 -0.115156
v -0.133388 -0.111448 -0.087996
v 0.012406 -0.109743 -0.115159
v -0.093529 -0.110062 -0.115161
v -0.095457 -0.110072 -0.115159
v -0.133383 -0.109264 -0.099249
v -0.133387 -0.109346 -0.096024
v -0.133387 -0.109968 -0.094016
v -0.133389 -0.111105 -0.090730
v 0.016462 -0.109765 -0.115160
v -0.097077 -0.110114 -0.115159
v -0.108602 -0.110002 -0.115156
v -0.133387 -0.109341 -0.100657
v 0.023686 -0.110185 -0.115159
v 0.022335 -0.110064 -0.115160
v 0.018863 -0.109798 -0.115160
v -0.117763 -0.109518 -0.115160
v -0.122009 -0.109358 -0.115159
v -0.133387 -0.109356 -0.105982
v -0.133387 -0.109419 -0.104408
v 0.024829 -0.110280 -0.115159
v -0.115022 -0.109722 -0.115159
v -0.116716 -0.109612 -0.115160
v -0.124461 -0.109379 -0.115159
v -0.133387 -0.109319 -0.107097
v 0.026950 -0.110272 -0.115159
v -0.129190 -0.109428 -0.115159
v -0.133387 -0.109343 -0.108822
v 0.029465 -0.110304 -0.115159
v -0.133381 -0.109418 -0.114808
v -0.133388 -0.109252 -0.110135
v 0.033755 -0.110081 -0.115161
v -0.133388 -0.109315 -0.111923
v 0.036262 -0.110009 -0.115161
v 0.040072 -0.109913 -0.115159
v 0.043082 -0.109730 -0.115161
v 0.045079 -0.109589 -0.115161
v 0.049235 -0.109377 -0.115159
v 0.048109 -0.109433 -0.115161
v 0.053451 -0.109320 -0.115159
v 0.055780 -0.109285 -0.115159
v 0.057206 -0.109234 -0.115159
v 0.058632 -0.109187 -0.115159
v 0.063249 -0.109089 -0.115159
v 0.070468 -0.109271 -0.115159
v 0.072216 -0.109271 -0.115159
v -0.133388 -0.107811 0.023298
v -0.133387 -0.107775 0.021335
v -0.133388 -0.107824 0.018543
v -0.133388 -0.107885 0.013454
v -0.133388 -0.107883 0.015607
v -0.133388 -0.108139 0.006009
v -0.133386 -0.108021 0.008901
v -0.133386 -0.107963 0.010719
v -0.133388 -0.108306 0.002678
v -0.133388 -0.108336 0.000759
v -0.133388 -0.108466 -0.001034
v -0.133388 -0.108624 -0.004938
v -0.133385 -0.108831 -0.010272
v -0.133388 -0.108687 -0.006998
v -0.133388 -0.109047 -0.013887
v -0.133384 -0.109077 -0.014887
v -0.133384 -0.109121 -0.017740
v -0.133388 -0.109233 -0.019035
v -0.133388 -0.109234 -0.020263
v -0.133386 -0.109206 -0.022060
v -0.133386 -0.109167 -0.026413
v -0.133388 -0.109232 -0.029649
v -0.133388 -0.109273 -0.031995
v -0.133387 -0.109335 -0.034468
v -0.133387 -0.109287 -0.036734
v -0.133388 -0.109375 -0.040112
v -0.133388 -0.109440 -0.042585
v -0.133385 -0.109256 -0.048057
v -0.133385 -0.109391 -0.050465
v -0.133385 -0.109584 -0.054326
v -0.133384 -0.109455 -0.057615
v -0.133389 -0.109507 -0.056267
v -0.133387 -0.109525 -0.059189
v -0.133387 -0.109743 -0.062040
v -0.133386 -0.109722 -0.065956
v -0.133388 -0.109829 -0.068488
v -0.133387 -0.110202 -0.070889
v -0.133387 -0.110859 -0.074299
v -0.133388 -0.111170 -0.076351
v -0.133388 -0.111295 -0.077631
v -0.133387 -0.111412 -0.081635
v -0.133387 -0.111472 -0.085386
v -0.133382 -0.111493 -0.087752
v 0.095610 -0.105632 0.075035
v 0.097411 -0.105485 0.075035
v 0.089787 -0.105913 0.075035
v 0.091224 -0.105866 0.075035
v 0.100638 -0.105329 0.075035
v 0.099197 -0.105368 0.075035
v 0.092985 -0.105824 0.075031
v 0.088117 -0.106021 0.075032
v 0.084079 -0.106141 0.075035
v 0.086383 -0.106092 0.075035
v 0.102641 -0.105244 0.075031
v 0.081453 -0.106087 0.075031
v 0.077993 -0.106059 0.075035
v 0.076316 -0.106037 0.075035
v 0.103270 -0.105584 0.069586
v 0.079933 -0.106081 0.075032
v 0.070100 -0.106041 0.075035
v 0.103274 -0.105714 0.061723
v 0.103275 -0.105696 0.063360
v 0.066993 -0.106064 0.075035
v 0.062671 -0.106087 0.075035
v -0.106862 -0.107641 0.075035
v -0.108241 -0.107613 0.075035
v -0.105633 -0.107658 0.075032
v -0.110901 -0.107366 0.075035
v -0.117029 -0.106850 0.075034
v -0.101600 -0.107261 0.075033
v -0.096661 -0.106659 0.075033
v -0.121240 -0.106836 0.075034
v -0.124092 -0.106798 0.075033
v -0.127074 -0.106851 0.075033
v -0.084324 -0.106478 0.075033
v -0.082804 -0.106477 0.075033
v -0.128916 -0.106891 0.075032
v -0.133389 -0.106958 0.071600
v -0.130737 -0.106871 0.075032
v -0.087615 -0.106487 0.075034
v -0.094123 -0.106630 0.075033
v -0.088914 -0.106524 0.075034
v -0.133389 -0.107138 0.068305
v -0.133387 -0.107220 0.066844
v -0.133387 -0.107261 0.064558
v -0.133388 -0.107276 0.063345
v -0.133388 -0.107293 0.062011
v -0.133387 -0.107344 0.057964
v -0.133384 -0.107285 0.060013
v -0.133387 -0.107433 0.053349
v -0.133388 -0.107398 0.054800
v -0.133386 -0.107654 0.046809
v -0.133387 -0.107625 0.047930
v -0.133387 -0.107504 0.050932
v -0.133389 -0.107753 0.043801
v -0.133386 -0.107773 0.038516
v -0.133385 -0.107769 0.036982
v -0.133385 -0.107798 0.031445
v -0.133383 -0.107809 0.030445
v -0.133383 -0.107815 0.029388
v -0.133388 -0.107847 0.026746
v -0.133388 -0.107860 0.024807
vt 0.529564 0.131681
vt 0.529232 0.125617
vt 0.527422 0.126907
vt 0.527414 0.114737
vt 0.527647 0.138032
vt 0.525584 0.123839
vt 0.528982 0.113063
vt 0.527907 0.147768
vt 0.525561 0.106435
vt 0.528954 0.095482
vt 0.525867 0.137779
vt 0.526326 0.149876
vt 0.527467 0.095690
vt 0.524120 0.115852
vt 0.524240 0.133315
vt 0.527595 0.158525
vt 0.525782 0.093215
vt 0.524162 0.104921
vt 0.527351 0.086452
vt 0.526255 0.162934
vt 0.524394 0.150687
vt 0.522953 0.124617
vt 0.528923 0.079358
vt 0.522942 0.142602
vt 0.527609 0.167323
vt 0.525953 0.082847
vt 0.522767 0.115602
vt 0.527606 0.072916
vt 0.524497 0.163247
vt 0.522985 0.159134
vt 0.526489 0.173587
vt 0.523054 0.101500
vt 0.522265 0.133452
vt 0.524795 0.175714
vt 0.522341 0.151593
vt 0.526954 0.176180
vt 0.524455 0.085855
vt 0.526004 0.070003
vt 0.520442 0.112082
vt 0.522947 0.176629
vt 0.521484 0.167976
vt 0.525112 0.186532
vt 0.521684 0.083599
vt 0.521073 0.152023
vt 0.520962 0.136098
vt 0.521542 0.159788
vt 0.524892 0.059907
vt 0.523261 0.075181
vt 0.519758 0.137359
vt 0.523038 0.191188
vt 0.521193 0.177979
vt 0.519791 0.171207
vt 0.523579 0.052542
vt 0.520132 0.164413
vt 0.524594 0.193488
vt 0.521042 0.189795
vt 0.520401 0.155931
vt 0.522988 0.200324
vt 0.521094 0.197104
vt 0.517811 0.177371
vt 0.518938 0.186054
vt 0.518439 0.166507
vt 0.518792 0.158788
vt 0.519079 0.150736
vt 0.525476 0.204287
vt 0.519138 0.205350
vt 0.518959 0.198021
vt 0.519287 0.140802
vt 0.523510 0.209002
vt 0.519528 0.211595
vt 0.516114 0.176203
vt 0.516907 0.184523
vt 0.517076 0.194869
vt 0.516227 0.164190
vt 0.517324 0.151229
vt 0.517800 0.138050
vt 0.517797 0.145982
vt 0.521631 0.219048
vt 0.525615 0.210385
vt 0.517306 0.219987
vt 0.523442 0.214597
vt 0.520046 0.220460
vt 0.517016 0.211747
vt 0.514337 0.165897
vt 0.513809 0.185818
vt 0.515411 0.195173
vt 0.513853 0.152379
vt 0.516176 0.145581
vt 0.523760 0.218036
vt 0.521399 0.231452
vt 0.515145 0.216378
vt 0.517651 0.228877
vt 0.515057 0.206469
vt 0.514053 0.177720
vt 0.525229 0.218671
vt 0.519678 0.232504
vt 0.512906 0.172973
vt 0.513476 0.194594
vt 0.511959 0.184160
vt 0.513216 0.204385
vt 0.522452 0.243949
vt 0.524594 0.238076
vt 0.528434 0.216952
vt 0.514191 0.231233
vt 0.512905 0.221512
vt 0.519385 0.241593
vt 0.511730 0.196335
vt 0.527572 0.226117
vt 0.515435 0.237049
vt 0.517615 0.241519
vt 0.511501 0.206895
vt 0.524485 0.248335
vt 0.527926 0.236206
vt 0.531882 0.227345
vt 0.521292 0.257178
vt 0.513533 0.246204
vt 0.511492 0.238464
vt 0.517280 0.250507
vt 0.511384 0.221838
vt 0.529903 0.241064
vt 0.533463 0.219549
vt 0.517745 0.263487
vt 0.515547 0.251184
vt 0.515797 0.240393
vt 0.509868 0.210172
vt 0.525384 0.257565
vt 0.535823 0.237172
vt 0.533476 0.208537
vt 0.536169 0.210893
vt 0.520141 0.271918
vt 0.515132 0.259419
vt 0.511461 0.256618
vt 0.509425 0.234545
vt 0.508492 0.213684
vt 0.509058 0.222108
vt 0.527587 0.261926
vt 0.532249 0.245488
vt 0.535569 0.227541
vt 0.518054 0.274715
vt 0.513408 0.260017
vt 0.509260 0.248482
vt 0.513479 0.277613
vt 0.531761 0.252478
vt 0.521888 0.272909
vt 0.525751 0.286319
vt 0.536501 0.248143
vt 0.540420 0.225349
vt 0.519460 0.282695
vt 0.516218 0.275824
vt 0.513010 0.268252
vt 0.509372 0.267643
vt 0.507211 0.250938
vt 0.507627 0.234494
vt 0.506138 0.233290
vt 0.531426 0.263029
vt 0.521663 0.292260
vt 0.523485 0.277303
vt 0.527179 0.274283
vt 0.540699 0.229468
vt 0.517888 0.290952
vt 0.515312 0.289651
vt 0.511182 0.267788
vt 0.503710 0.218191
vt 0.535921 0.258202
vt 0.531477 0.272056
vt 0.530716 0.281512
vt 0.525706 0.291425
vt 0.540792 0.253475
vt 0.541936 0.223380
vt 0.510812 0.277210
vt 0.507017 0.276018
vt 0.512922 0.293974
vt 0.504349 0.236214
vt 0.535719 0.272235
vt 0.542427 0.238428
vt 0.540462 0.256018
vt 0.536767 0.257726
vt 0.522570 0.305205
vt 0.515041 0.302883
vt 0.508975 0.276811
vt 0.505469 0.253326
vt 0.508537 0.285657
vt 0.502606 0.236160
vt 0.536527 0.270667
vt 0.532936 0.285596
vt 0.524309 0.309485
vt 0.530459 0.291223
vt 0.544183 0.253181
vt 0.540048 0.272597
vt 0.545706 0.223913
vt 0.518819 0.302127
vt 0.502521 0.279348
vt 0.511270 0.303864
vt 0.503870 0.248359
vt 0.537383 0.291521
vt 0.534171 0.301702
vt 0.526433 0.310841
vt 0.530335 0.299221
vt 0.545791 0.246351
vt 0.543967 0.273633
vt 0.520210 0.322543
vt 0.518441 0.308322
vt 0.506921 0.280220
vt 0.504939 0.286230
vt 0.502683 0.257535
vt 0.508299 0.303636
vt 0.515863 0.321376
vt 0.525782 0.321658
vt 0.545932 0.261770
vt 0.547854 0.241835
vt 0.522709 0.326420
vt 0.502473 0.295179
vt 0.501403 0.271349
vt 0.509283 0.338033
vt 0.508079 0.293947
vt 0.500279 0.248287
vt 0.539759 0.289641
vt 0.539592 0.298775
vt 0.529026 0.319144
vt 0.535307 0.317329
vt 0.548709 0.248367
vt 0.545806 0.271836
vt 0.541821 0.280790
vt 0.548628 0.230144
vt 0.519375 0.327440
vt 0.505322 0.293132
vt 0.499122 0.293334
vt 0.500237 0.259742
vt 0.505530 0.323035
vt 0.515887 0.332636
vt 0.541254 0.292375
vt 0.540025 0.316150
vt 0.531693 0.321194
vt 0.526585 0.329222
vt 0.551128 0.271960
vt 0.548815 0.291157
vt 0.549204 0.269941
vt 0.543752 0.298324
vt 0.552174 0.249667
vt 0.551509 0.242292
vt 0.519312 0.339852
vt 0.502733 0.310827
vt 0.500264 0.308281
vt 0.497531 0.265597
vt 0.503835 0.332552
vt 0.505814 0.307980
vt 0.515595 0.341024
vt 0.541657 0.312199
vt 0.533798 0.327881
vt 0.530267 0.342723
vt 0.524686 0.343150
vt 0.535684 0.337541
vt 0.551937 0.292720
vt 0.546724 0.297229
vt 0.555019 0.240998
vt 0.502209 0.305709
vt 0.498190 0.311504
vt 0.496699 0.286557
vt 0.503108 0.324689
vt 0.506215 0.345382
vt 0.510730 0.356960
vt 0.541626 0.330148
vt 0.539233 0.336770
vt 0.554033 0.258576
vt 0.549025 0.316689
vt 0.546219 0.309779
vt 0.499219 0.326897
vt 0.495301 0.283346
vt 0.500895 0.333259
vt 0.505745 0.347117
vt 0.516639 0.354063
vt 0.543296 0.308975
vt 0.528825 0.354321
vt 0.539456 0.346700
vt 0.553454 0.283914
vt 0.553113 0.275675
vt 0.557775 0.255154
vt 0.553466 0.308619
vt 0.524964 0.353333
vt 0.519074 0.353450
vt 0.496691 0.325122
vt 0.496512 0.306637
vt 0.493313 0.309219
vt 0.501967 0.346228
vt 0.543343 0.340111
vt 0.546656 0.334420
vt 0.534303 0.350011
vt 0.530827 0.351576
vt 0.536761 0.350672
vt 0.556289 0.299633
vt 0.556418 0.268015
vt 0.558339 0.267446
vt 0.547083 0.319431
vt 0.551386 0.319461
vt 0.560431 0.243072
vt 0.497013 0.347777
vt 0.492683 0.298791
vt 0.544659 0.346681
vt 0.557372 0.292598
vt 0.556963 0.277891
vt 0.561620 0.259062
vt 0.549889 0.330133
vt 0.553538 0.336239
vt 0.555528 0.307711
vt 0.559898 0.240263
vt 0.494217 0.334337
vt 0.489182 0.309426
vt 0.557418 0.309744
vt 0.564569 0.285732
vt 0.555569 0.336502
vt 0.562556 0.255790
vt 0.560120 0.229211
vt 0.564381 0.245128
vt 0.493745 0.324961
vt 0.494624 0.346441
vt 0.491807 0.323870
vt 0.546769 0.350715
vt 0.563973 0.310483
vt 0.564623 0.275851
vt 0.560791 0.281661
vt 0.550778 0.349794
vt 0.555676 0.348398
vt 0.558466 0.332699
vt 0.556892 0.317505
vt 0.565166 0.262946
vt 0.491762 0.360242
vt 0.492414 0.347171
vt 0.491276 0.338776
vt 0.559678 0.316353
vt 0.560467 0.292111
vt 0.568149 0.275172
vt 0.564531 0.256778
vt 0.487405 0.338979
vt 0.564787 0.331622
vt 0.563120 0.295061
vt 0.566610 0.284938
vt 0.558854 0.348003
vt 0.488397 0.360833
vt 0.489887 0.348184
vt 0.564866 0.326400
vt 0.561197 0.331561
vt 0.567603 0.298823
vt 0.568829 0.263869
vt 0.560885 0.347609
vt 0.567906 0.245680
vt 0.485247 0.348442
vt 0.568880 0.327712
vt 0.567840 0.318305
vt 0.566322 0.346399
vt 0.571942 0.274811
vt 0.570063 0.255207
vt 0.568637 0.294466
vt 0.569059 0.346341
vt 0.562922 0.347312
vt 0.572300 0.313009
vt 0.573688 0.283347
vt 0.573350 0.263931
vt 0.571160 0.301274
vt 0.572878 0.253690
vt 0.571114 0.346145
vt 0.576660 0.269137
vt 0.482746 0.350103
vt 0.573172 0.345973
vt 0.572757 0.328972
vt 0.573078 0.298789
vt 0.576382 0.283878
vt 0.580549 0.268077
vt 0.575301 0.328287
vt 0.577705 0.297443
vt 0.579052 0.292480
vt 0.580579 0.284130
vt 0.574550 0.294525
vt 0.575471 0.344966
vt 0.578959 0.325683
vt 0.579653 0.323056
vt 0.582295 0.282340
vt 0.581575 0.313207
vt 0.586183 0.289270
vt 0.579374 0.345093
vt 0.583920 0.327770
vt 0.581451 0.344679
vt 0.585293 0.310314
vt 0.589750 0.303423
vt 0.583532 0.344335
vt 0.586788 0.329455
vt 0.217744 0.059538
vt 0.216640 0.066167
vt 0.217193 0.074469
vt 0.216578 0.074039
vt 0.217728 0.067368
vt 0.218384 0.083763
vt 0.218806 0.062824
vt 0.217313 0.084748
vt 0.218974 0.081384
vt 0.218723 0.070688
vt 0.219820 0.055822
vt 0.215829 0.077228
vt 0.219349 0.096264
vt 0.219892 0.097335
vt 0.220506 0.059357
vt 0.214905 0.070320
vt 0.218369 0.092443
vt 0.220335 0.090740
vt 0.219546 0.082934
vt 0.220190 0.064975
vt 0.222012 0.054414
vt 0.215398 0.079676
vt 0.217852 0.092399
vt 0.221493 0.110674
vt 0.221459 0.100984
vt 0.222495 0.062689
vt 0.214041 0.073817
vt 0.216393 0.087270
vt 0.219118 0.097737
vt 0.222184 0.112144
vt 0.221843 0.097194
vt 0.220146 0.073881
vt 0.222502 0.071665
vt 0.223728 0.056047
vt 0.214942 0.083342
vt 0.217279 0.095501
vt 0.215833 0.092272
vt 0.223133 0.121214
vt 0.222252 0.097349
vt 0.222860 0.112242
vt 0.220901 0.083976
vt 0.223970 0.063461
vt 0.223647 0.052923
vt 0.213485 0.079209
vt 0.218906 0.100418
vt 0.222672 0.119867
vt 0.223220 0.106769
vt 0.223447 0.121039
vt 0.222016 0.080739
vt 0.221218 0.091492
vt 0.224071 0.072380
vt 0.225308 0.058816
vt 0.214409 0.087426
vt 0.215284 0.097062
vt 0.216731 0.099786
vt 0.223872 0.103728
vt 0.224589 0.118563
vt 0.224098 0.123950
vt 0.223544 0.082559
vt 0.221491 0.089499
vt 0.225987 0.068521
vt 0.225550 0.063191
vt 0.212993 0.081676
vt 0.214026 0.090620
vt 0.218161 0.102755
vt 0.222984 0.096014
vt 0.225128 0.111683
vt 0.225607 0.082894
vt 0.225768 0.074348
vt 0.228130 0.069046
vt 0.213346 0.098040
vt 0.214581 0.107728
vt 0.216369 0.112715
vt 0.219283 0.109401
vt 0.224609 0.100992
vt 0.225678 0.144446
vt 0.226198 0.121786
vt 0.225664 0.095334
vt 0.227771 0.079375
vt 0.212272 0.080921
vt 0.217483 0.116046
vt 0.226060 0.112475
vt 0.226094 0.132828
vt 0.227195 0.085931
vt 0.229503 0.078352
vt 0.211528 0.072050
vt 0.211968 0.089963
vt 0.213206 0.107261
vt 0.214343 0.117192
vt 0.215741 0.121199
vt 0.218762 0.126108
vt 0.226739 0.098279
vt 0.227256 0.150043
vt 0.226797 0.129937
vt 0.229120 0.092858
vt 0.230080 0.087266
vt 0.230473 0.073938
vt 0.211201 0.074366
vt 0.210745 0.083891
vt 0.211727 0.095996
vt 0.211591 0.103110
vt 0.217180 0.124454
vt 0.228048 0.109270
vt 0.226536 0.157308
vt 0.227371 0.121001
vt 0.228423 0.099540
vt 0.231462 0.091795
vt 0.231550 0.083772
vt 0.210316 0.092033
vt 0.210002 0.103938
vt 0.212798 0.120847
vt 0.215622 0.128509
vt 0.216998 0.132500
vt 0.228804 0.158871
vt 0.228064 0.142396
vt 0.228718 0.128400
vt 0.229832 0.104102
vt 0.233015 0.087312
vt 0.210150 0.082495
vt 0.209601 0.112240
vt 0.213060 0.134805
vt 0.214135 0.134942
vt 0.218360 0.136485
vt 0.229565 0.114471
vt 0.228124 0.167750
vt 0.229528 0.149992
vt 0.230978 0.109147
vt 0.231322 0.100384
vt 0.209064 0.081352
vt 0.207393 0.090261
vt 0.210661 0.126609
vt 0.218190 0.141812
vt 0.220123 0.137035
vt 0.227284 0.177707
vt 0.230190 0.164811
vt 0.231162 0.150118
vt 0.229889 0.143494
vt 0.230487 0.134335
vt 0.232746 0.111290
vt 0.232881 0.095829
vt 0.208404 0.116177
vt 0.210816 0.140698
vt 0.215505 0.149013
vt 0.220738 0.123035
vt 0.219982 0.145120
vt 0.229536 0.174990
vt 0.231163 0.121361
vt 0.207585 0.127113
vt 0.208978 0.139848
vt 0.212551 0.161444
vt 0.213874 0.165587
vt 0.216841 0.146646
vt 0.222082 0.134133
vt 0.219910 0.152932
vt 0.228675 0.187713
vt 0.230985 0.177505
vt 0.232402 0.153270
vt 0.233894 0.132203
vt 0.234336 0.104316
vt 0.207780 0.133971
vt 0.215854 0.160081
vt 0.218264 0.150169
vt 0.222910 0.127901
vt 0.222027 0.142691
vt 0.230528 0.189116
vt 0.233817 0.119023
vt 0.204450 0.142053
vt 0.209952 0.156629
vt 0.211260 0.174455
vt 0.218060 0.165246
vt 0.216423 0.170276
vt 0.218204 0.157245
vt 0.221355 0.115810
vt 0.221562 0.152398
vt 0.219956 0.160529
vt 0.232570 0.180082
vt 0.233366 0.163557
vt 0.234106 0.149193
vt 0.235187 0.121437
vt 0.204585 0.149598
vt 0.208310 0.158134
vt 0.213198 0.172700
vt 0.217798 0.178352
vt 0.214566 0.180621
vt 0.224016 0.138892
vt 0.221931 0.115813
vt 0.222993 0.152452
vt 0.236106 0.141606
vt 0.210285 0.171939
vt 0.220973 0.172319
vt 0.216156 0.179569
vt 0.220543 0.106962
vt 0.222882 0.163362
vt 0.235106 0.163595
vt 0.238101 0.129914
vt 0.204072 0.167911
vt 0.207000 0.168693
vt 0.209776 0.182789
vt 0.212871 0.193396
vt 0.220836 0.180768
vt 0.215919 0.188625
vt 0.217456 0.191347
vt 0.219719 0.099327
vt 0.224570 0.163720
vt 0.237662 0.141142
vt 0.207922 0.188424
vt 0.211140 0.200370
vt 0.215549 0.196740
vt 0.222002 0.189627
vt 0.219652 0.202294
vt 0.222504 0.173397
vt 0.224184 0.175872
vt 0.236930 0.158780
vt 0.206429 0.184794
vt 0.209813 0.194816
vt 0.212452 0.206767
vt 0.212513 0.219731
vt 0.220803 0.198192
vt 0.217224 0.200474
vt 0.238259 0.164325
vt 0.204562 0.185263
vt 0.210627 0.233911
vt 0.206196 0.197335
vt 0.215597 0.209200
vt 0.223969 0.200845
vt 0.222203 0.209541
vt 0.217041 0.209201
vt 0.202482 0.179337
vt 0.209099 0.216079
vt 0.207515 0.211712
vt 0.215280 0.222492
vt 0.223772 0.192273
vt 0.221677 0.216233
vt 0.218215 0.218252
vt 0.200981 0.196881
vt 0.205129 0.207975
vt 0.212625 0.230365
vt 0.208912 0.224775
vt 0.215142 0.230933
vt 0.216907 0.228079
vt 0.224662 0.217681
vt 0.219740 0.223616
vt 0.216884 0.217736
vt 0.199244 0.203920
vt 0.200962 0.202790
vt 0.214607 0.241480
vt 0.207506 0.239716
vt 0.222168 0.234442
vt 0.222926 0.229240
vt 0.219200 0.232384
vt 0.204405 0.222769
vt 0.211863 0.240478
vt 0.211766 0.248871
vt 0.224350 0.232611
vt 0.200529 0.232785
vt 0.206820 0.260252
vt 0.202228 0.229658
vt 0.216229 0.244380
vt 0.219642 0.244830
vt 0.223707 0.245502
vt 0.218042 0.247409
vt 0.213258 0.252684
vt 0.205380 0.265758
vt 0.209920 0.267185
vt 0.203263 0.243273
vt 0.212958 0.258910
vt 0.221427 0.247271
vt 0.206081 0.283016
vt 0.207512 0.286066
vt 0.217796 0.277946
vt 0.216194 0.264404
vt 0.220172 0.275029
vt 0.220819 0.261449
vt 0.222448 0.256146
vt 0.201267 0.261210
vt 0.202984 0.259761
vt 0.203489 0.296199
vt 0.211543 0.268960
vt 0.211438 0.290469
vt 0.223570 0.272998
vt 0.199262 0.247396
vt 0.202646 0.272219
vt 0.209126 0.317199
vt 0.221187 0.285120
vt 0.216196 0.268326
vt 0.222294 0.265221
vt 0.196676 0.246681
vt 0.198556 0.268732
vt 0.202513 0.294317
vt 0.205367 0.305651
vt 0.216025 0.277459
vt 0.211443 0.307380
vt 0.207308 0.298465
vt 0.218597 0.289748
vt 0.222230 0.276689
vt 0.199288 0.274807
vt 0.215482 0.291171
vt 0.209923 0.324717
vt 0.220737 0.301961
vt 0.223871 0.299083
vt 0.224874 0.299355
vt 0.195822 0.263294
vt 0.199800 0.302039
vt 0.201759 0.308199
vt 0.212025 0.312105
vt 0.207849 0.319788
vt 0.213841 0.308553
vt 0.218036 0.305626
vt 0.198122 0.271594
vt 0.197583 0.286292
vt 0.202360 0.329961
vt 0.211092 0.342023
vt 0.206342 0.338667
vt 0.215695 0.304262
vt 0.220252 0.313358
vt 0.222922 0.309610
vt 0.224986 0.314350
vt 0.193327 0.285163
vt 0.197859 0.309631
vt 0.201505 0.318246
vt 0.212999 0.336529
vt 0.210057 0.334105
vt 0.215565 0.318963
vt 0.209249 0.352640
vt 0.204719 0.333476
vt 0.226485 0.322882
vt 0.196059 0.307982
vt 0.198686 0.335205
vt 0.200962 0.335355
vt 0.211568 0.364885
vt 0.206567 0.359970
vt 0.204463 0.352696
vt 0.221983 0.316379
vt 0.218288 0.332228
vt 0.223508 0.319555
vt 0.194744 0.294427
vt 0.195161 0.316116
vt 0.197804 0.352799
vt 0.215064 0.345206
vt 0.207703 0.370890
vt 0.221791 0.329161
vt 0.220312 0.322753
vt 0.227262 0.335926
vt 0.190812 0.313182
vt 0.200474 0.359557
vt 0.200734 0.349056
vt 0.214697 0.363294
vt 0.208007 0.379890
vt 0.202972 0.366727
vt 0.223546 0.329736
vt 0.216884 0.348743
vt 0.228199 0.330468
vt 0.224747 0.346120
vt 0.191339 0.283643
vt 0.193899 0.325636
vt 0.196762 0.372361
vt 0.214533 0.373482
vt 0.210989 0.377833
vt 0.205202 0.380066
vt 0.203100 0.376903
vt 0.222689 0.354450
vt 0.219973 0.351632
vt 0.217927 0.351982
vt 0.229407 0.346612
vt 0.226255 0.345116
vt 0.189028 0.319224
vt 0.194037 0.349763
vt 0.194735 0.360458
vt 0.212378 0.391683
vt 0.216349 0.372312
vt 0.207263 0.396945
vt 0.200153 0.380252
vt 0.221584 0.351644
vt 0.227749 0.360255
vt 0.232280 0.343363
vt 0.226607 0.356865
vt 0.191779 0.345932
vt 0.194423 0.371372
vt 0.214341 0.384004
vt 0.205473 0.408279
vt 0.203320 0.404550
vt 0.197632 0.390782
vt 0.199359 0.395304
vt 0.223518 0.378609
vt 0.219998 0.368272
vt 0.229262 0.359993
vt 0.231156 0.351623
vt 0.189942 0.330201
vt 0.190579 0.368706
vt 0.194376 0.382953
vt 0.214156 0.394578
vt 0.206543 0.412799
vt 0.200945 0.417594
vt 0.217806 0.379599
vt 0.229026 0.378496
vt 0.231076 0.361166
vt 0.233392 0.353517
vt 0.226383 0.382500
vt 0.188177 0.349670
vt 0.183812 0.340440
vt 0.186796 0.358377
vt 0.190329 0.390670
vt 0.217608 0.407236
vt 0.201731 0.426577
vt 0.206437 0.426214
vt 0.208416 0.418000
vt 0.195099 0.405016
vt 0.198232 0.426135
vt 0.219782 0.391054
vt 0.226457 0.395762
vt 0.185215 0.344260
vt 0.188346 0.373136
vt 0.213829 0.415726
vt 0.207933 0.442796
vt 0.210176 0.420894
vt 0.200717 0.438240
vt 0.197246 0.411200
vt 0.220897 0.395838
vt 0.227318 0.387788
vt 0.231094 0.371309
vt 0.233262 0.359538
vt 0.224073 0.399477
vt 0.187751 0.398509
vt 0.190948 0.404583
vt 0.212381 0.441701
vt 0.216231 0.424574
vt 0.204355 0.434660
vt 0.201262 0.447656
vt 0.197728 0.425081
vt 0.199501 0.459894
vt 0.228802 0.394787
vt 0.230515 0.389882
vt 0.232627 0.377320
vt 0.223918 0.415853
vt 0.182884 0.351726
vt 0.184703 0.379917
vt 0.194498 0.421883
vt 0.213666 0.426476
vt 0.220466 0.429642
vt 0.209728 0.443375
vt 0.195994 0.446736
vt 0.231524 0.381504
vt 0.234556 0.369825
vt 0.228661 0.410959
vt 0.225596 0.423134
vt 0.180214 0.352491
vt 0.184461 0.366309
vt 0.189675 0.430393
vt 0.185336 0.403301
vt 0.191155 0.413845
vt 0.216841 0.437357
vt 0.203696 0.463275
vt 0.205897 0.458305
vt 0.211915 0.465601
vt 0.192852 0.438416
vt 0.197101 0.473704
vt 0.230366 0.402964
vt 0.231656 0.391732
vt 0.232756 0.390134
vt 0.233703 0.385965
vt 0.236678 0.368282
vt 0.228623 0.420897
vt 0.227073 0.426445
vt 0.226650 0.438063
vt 0.185227 0.424774
vt 0.182587 0.407248
vt 0.181197 0.374735
vt 0.190787 0.425739
vt 0.221816 0.435773
vt 0.219893 0.442119
vt 0.213243 0.450113
vt 0.199923 0.483267
vt 0.190155 0.443042
vt 0.192005 0.445590
vt 0.193709 0.467431
vt 0.234923 0.378830
vt 0.230123 0.423969
vt 0.230235 0.413478
vt 0.222687 0.455102
vt 0.185396 0.450459
vt 0.184855 0.416108
vt 0.181357 0.398498
vt 0.181644 0.386037
vt 0.216921 0.443055
vt 0.204635 0.472059
vt 0.207435 0.464049
vt 0.212769 0.478561
vt 0.201058 0.484003
vt 0.192701 0.487480
vt 0.196871 0.496894
vt 0.232305 0.402961
vt 0.233713 0.398953
vt 0.235051 0.392227
vt 0.236863 0.382890
vt 0.228518 0.434709
vt 0.230084 0.434083
vt 0.228423 0.456559
vt 0.177591 0.378366
vt 0.188878 0.462188
vt 0.180747 0.455834
vt 0.179727 0.428534
vt 0.178539 0.403409
vt 0.215738 0.456561
vt 0.221981 0.451106
vt 0.218610 0.469923
vt 0.205887 0.475574
vt 0.209248 0.484554
vt 0.197636 0.507280
vt 0.194434 0.518977
vt 0.231763 0.425982
vt 0.231975 0.414768
vt 0.226086 0.461425
vt 0.185703 0.455427
vt 0.182674 0.484322
vt 0.216589 0.465962
vt 0.212427 0.495602
vt 0.201668 0.495092
vt 0.191216 0.476829
vt 0.190633 0.502256
vt 0.232881 0.414140
vt 0.235500 0.410192
vt 0.236591 0.395285
vt 0.230083 0.444064
vt 0.231638 0.436709
vt 0.228549 0.461411
vt 0.222433 0.488589
vt 0.188672 0.476299
vt 0.178859 0.461307
vt 0.175624 0.428701
vt 0.220026 0.484721
vt 0.216369 0.477247
vt 0.208280 0.510059
vt 0.212175 0.508831
vt 0.215101 0.491084
vt 0.202745 0.511613
vt 0.187414 0.487876
vt 0.188901 0.527314
vt 0.198338 0.533183
vt 0.233990 0.409644
vt 0.231551 0.447302
vt 0.233758 0.425500
vt 0.229972 0.461815
vt 0.228459 0.472346
vt 0.222474 0.508793
vt 0.178161 0.483853
vt 0.217324 0.501638
vt 0.204816 0.510351
vt 0.210300 0.536191
vt 0.198518 0.518452
vt 0.190658 0.533059
vt 0.234818 0.418569
vt 0.237175 0.414682
vt 0.231590 0.467328
vt 0.233354 0.438178
vt 0.226992 0.489059
vt 0.221120 0.512658
vt 0.224429 0.510058
vt 0.186925 0.483796
vt 0.176583 0.493457
vt 0.173679 0.440466
vt 0.219336 0.511711
vt 0.205998 0.524705
vt 0.207980 0.536603
vt 0.211884 0.531416
vt 0.215964 0.501443
vt 0.193933 0.534459
vt 0.186679 0.521898
vt 0.234420 0.423382
vt 0.236218 0.419712
vt 0.239241 0.399596
vt 0.233098 0.449905
vt 0.234127 0.436927
vt 0.230036 0.475100
vt 0.229971 0.486035
vt 0.222683 0.535653
vt 0.183423 0.506367
vt 0.177396 0.511632
vt 0.219192 0.539459
vt 0.204488 0.520566
vt 0.210715 0.552695
vt 0.213526 0.543863
vt 0.199803 0.538211
vt 0.183848 0.515382
vt 0.235108 0.439421
vt 0.238783 0.428294
vt 0.239009 0.415394
vt 0.233015 0.460614
vt 0.231481 0.478576
vt 0.226576 0.521511
vt 0.228269 0.494655
vt 0.224558 0.539068
vt 0.179085 0.513811
vt 0.217498 0.546018
vt 0.215792 0.512778
vt 0.205298 0.537368
vt 0.207209 0.537104
vt 0.202018 0.541152
vt 0.236837 0.438498
vt 0.240480 0.409491
vt 0.232915 0.471551
vt 0.235109 0.450327
vt 0.232945 0.482962
vt 0.229825 0.506287
vt 0.221466 0.546273
vt 0.215496 0.536558
vt 0.215648 0.524565
vt 0.236132 0.458777
vt 0.238199 0.451537
vt 0.240486 0.424632
vt 0.242041 0.415544
vt 0.235093 0.460480
vt 0.231470 0.492779
vt 0.225647 0.554897
vt 0.222479 0.558186
vt 0.218777 0.565962
vt 0.215431 0.552909
vt 0.240254 0.441660
vt 0.234710 0.472578
vt 0.232020 0.508682
vt 0.228077 0.549667
vt 0.227976 0.523150
vt 0.237970 0.464647
vt 0.240095 0.453119
vt 0.240951 0.444079
vt 0.242986 0.438185
vt 0.234461 0.484585
vt 0.235562 0.471099
vt 0.234388 0.506373
vt 0.227683 0.564970
vt 0.229715 0.520014
vt 0.231619 0.526690
vt 0.239728 0.473895
vt 0.237383 0.478847
vt 0.243328 0.415778
vt 0.234407 0.495518
vt 0.236080 0.482752
vt 0.234434 0.516987
vt 0.228955 0.569087
vt 0.229827 0.536356
vt 0.233018 0.522827
vt 0.241535 0.466861
vt 0.242829 0.451673
vt 0.244439 0.439758
vt 0.236246 0.507103
vt 0.229453 0.555272
vt 0.234486 0.538893
vt 0.238058 0.490746
vt 0.236592 0.494584
vt 0.241270 0.486465
vt 0.242719 0.479664
vt 0.236009 0.530453
vt 0.236052 0.519148
vt 0.232248 0.549248
vt 0.234807 0.551071
vt 0.239292 0.490028
vt 0.244328 0.458366
vt 0.236960 0.506129
vt 0.236045 0.541454
vt 0.239055 0.502992
vt 0.240435 0.512867
vt 0.242514 0.497015
vt 0.244229 0.484589
vt 0.237974 0.517867
vt 0.238097 0.553634
vt 0.238114 0.529794
vt 0.244399 0.500677
vt 0.246428 0.462718
vt 0.237796 0.542859
vt 0.241755 0.527693
vt 0.244171 0.525474
vt 0.246184 0.483990
vt 0.239500 0.544050
vt 0.247258 0.466933
vt 0.240125 0.554142
vt 0.242354 0.551673
vt 0.249257 0.485062
vt 0.249163 0.460657
vt 0.249416 0.469786
vt 0.250699 0.469367
vt 0.235049 0.571051
vt 0.231541 0.572501
vt 0.238112 0.592038
vt 0.235993 0.584259
vt 0.232515 0.566733
vt 0.238057 0.563538
vt 0.239484 0.586421
vt 0.239820 0.575548
vt 0.242250 0.577856
vt 0.240143 0.564614
vt 0.242168 0.565686
vt 0.245903 0.582122
vt 0.246968 0.596804
vt 0.245382 0.568078
vt 0.243863 0.551619
vt 0.251711 0.583751
vt 0.248803 0.569137
vt 0.246062 0.553838
vt 0.247161 0.541250
vt 0.253644 0.595922
vt 0.251274 0.569829
vt 0.251580 0.555997
vt 0.249167 0.542457
vt 0.245785 0.525640
vt 0.255510 0.584784
vt 0.253782 0.563269
vt 0.249357 0.529641
vt 0.252105 0.543482
vt 0.252903 0.529594
vt 0.249552 0.517875
vt 0.246368 0.504057
vt 0.258291 0.571384
vt 0.248479 0.500328
vt 0.246594 0.492496
vt 0.257858 0.596289
vt 0.258721 0.584844
vt 0.255807 0.545106
vt 0.254361 0.544272
vt 0.249766 0.505500
vt 0.261665 0.582969
vt 0.259310 0.558455
vt 0.251410 0.494795
vt 0.249979 0.494025
vt 0.263042 0.563222
vt 0.258976 0.546489
vt 0.256270 0.532214
vt 0.254641 0.502555
vt 0.260756 0.597159
vt 0.264323 0.595541
vt 0.261202 0.558195
vt 0.255876 0.529697
vt 0.253387 0.495767
vt 0.262508 0.604454
vt 0.264301 0.559972
vt 0.262762 0.545798
vt 0.258589 0.530222
vt 0.256444 0.520070
vt 0.253515 0.481507
vt 0.266663 0.583432
vt 0.255885 0.500511
vt 0.255901 0.482044
vt 0.266382 0.564018
vt 0.265678 0.555696
vt 0.263204 0.520601
vt 0.255222 0.464025
vt 0.271450 0.561498
vt 0.266608 0.530616
vt 0.264810 0.515011
vt 0.259934 0.523091
vt 0.260020 0.504086
vt 0.257000 0.486657
vt 0.257322 0.460260
vt 0.255928 0.452925
vt 0.267941 0.546916
vt 0.270627 0.583592
vt 0.267253 0.484017
vt 0.262248 0.505391
vt 0.258644 0.487400
vt 0.259912 0.453524
vt 0.254518 0.436368
vt 0.271572 0.546855
vt 0.271868 0.571486
vt 0.270279 0.603183
vt 0.267004 0.512380
vt 0.272099 0.526361
vt 0.257103 0.435820
vt 0.275139 0.548875
vt 0.274786 0.570003
vt 0.274270 0.597769
vt 0.268674 0.507723
vt 0.264125 0.474931
vt 0.260643 0.481418
vt 0.262040 0.438665
vt 0.256203 0.431596
vt 0.272154 0.536838
vt 0.275300 0.560489
vt 0.274235 0.537758
vt 0.270938 0.513068
vt 0.261787 0.484195
vt 0.265748 0.475541
vt 0.269622 0.476846
vt 0.262268 0.455700
vt 0.259780 0.424370
vt 0.254890 0.418946
vt 0.274174 0.516851
vt 0.277499 0.550616
vt 0.277563 0.539022
vt 0.275526 0.575272
vt 0.277426 0.564892
vt 0.277372 0.592430
vt 0.262445 0.467686
vt 0.267718 0.463574
vt 0.264397 0.443757
vt 0.261341 0.423219
vt 0.258029 0.421810
vt 0.271327 0.475644
vt 0.272447 0.504229
vt 0.265783 0.448765
vt 0.268688 0.449030
vt 0.264471 0.421496
vt 0.260701 0.411176
vt 0.258035 0.401389
vt 0.279376 0.547658
vt 0.277626 0.528389
vt 0.277365 0.577791
vt 0.279098 0.592691
vt 0.273168 0.489423
vt 0.271255 0.452971
vt 0.275820 0.505613
vt 0.265729 0.430498
vt 0.279261 0.566069
vt 0.275904 0.517472
vt 0.275934 0.474851
vt 0.275983 0.485568
vt 0.268742 0.439804
vt 0.263394 0.412155
vt 0.259750 0.392802
vt 0.281119 0.563491
vt 0.280938 0.529241
vt 0.277600 0.515372
vt 0.279202 0.580573
vt 0.281080 0.573650
vt 0.282533 0.549535
vt 0.281320 0.516900
vt 0.281052 0.580146
vt 0.281044 0.592587
vt 0.282974 0.563814
vt 0.282727 0.606408
vt 0.282926 0.577144
vt 0.284850 0.552719
vt 0.282869 0.593897
vt 0.284764 0.567875
vt 0.286373 0.610327
vt 0.284581 0.595928
vt 0.284991 0.584355
vt 0.291546 0.616408
vt 0.285146 0.573669
vt 0.288407 0.602646
vt 0.286561 0.599980
vt 0.286771 0.580068
vt 0.285745 0.562689
vt 0.289886 0.596341
vt 0.286551 0.589249
vt 0.292119 0.599330
vt 0.288372 0.591010
vt 0.290048 0.581689
vt 0.288313 0.577570
vt 0.293751 0.598978
vt 0.291570 0.561153
vt 0.293993 0.569181
vt 0.292181 0.549803
vt 0.290236 0.546390
vt 0.293773 0.549224
vt 0.291411 0.525289
vt 0.293724 0.538350
vt 0.293674 0.527655
vt 0.293581 0.516592
vt 0.135551 0.743538
vt 0.134069 0.738074
vt 0.134306 0.742507
vt 0.132819 0.739102
vt 0.134746 0.745045
vt 0.332673 0.062506
vt 0.333404 0.061199
vt 0.332420 0.054675
vt 0.332462 0.067663
vt 0.333825 0.050997
vt 0.334140 0.065430
vt 0.334551 0.061945
vt 0.335937 0.056324
vt 0.331746 0.080633
vt 0.334971 0.094176
vt 0.332527 0.081958
vt 0.333400 0.081567
vt 0.331483 0.073454
vt 0.332480 0.073965
vt 0.334304 0.088195
vt 0.333118 0.073324
vt 0.334615 0.088729
vt 0.333856 0.082413
vt 0.335362 0.093747
vt 0.333735 0.071792
vt 0.332035 0.068289
vt 0.333078 0.071995
vt 0.334493 0.077074
vt 0.336284 0.096259
vt 0.079154 0.849429
vt 0.079041 0.857469
vt 0.080714 0.855136
vt 0.076717 0.859435
vt 0.081091 0.840154
vt 0.077540 0.844931
vt 0.082585 0.854003
vt 0.079339 0.841797
vt 0.075431 0.856152
vt 0.082637 0.841664
vt 0.082895 0.860513
vt 0.079873 0.825642
vt 0.077857 0.833972
vt 0.074092 0.837645
vt 0.081491 0.829193
vt 0.084092 0.845082
vt 0.084186 0.854795
vt 0.081137 0.861830
vt 0.076226 0.831620
vt 0.072198 0.847373
vt 0.083149 0.833870
vt 0.084255 0.840170
vt 0.081882 0.819224
vt 0.078156 0.823722
vt 0.074605 0.830675
vt 0.070966 0.835974
vt 0.085620 0.846717
vt 0.085811 0.855095
vt 0.080241 0.816759
vt 0.074975 0.821622
vt 0.071905 0.831178
vt 0.070468 0.849678
vt 0.084717 0.833773
vt 0.083564 0.824882
vt 0.085780 0.838863
vt 0.083944 0.809951
vt 0.075494 0.813329
vt 0.069330 0.835616
vt 0.085175 0.826732
vt 0.087432 0.844312
vt 0.079311 0.812432
vt 0.073639 0.812044
vt 0.070835 0.819437
vt 0.069674 0.826909
vt 0.068780 0.845989
vt 0.086239 0.831854
vt 0.086808 0.826300
vt 0.086909 0.815195
vt 0.087812 0.833220
vt 0.082892 0.802871
vt 0.077371 0.799645
vt 0.067807 0.838337
vt 0.087153 0.807839
vt 0.089500 0.838817
vt 0.088730 0.817281
vt 0.089827 0.826014
vt 0.088185 0.804453
vt 0.082709 0.796766
vt 0.091335 0.819497
vt 0.091325 0.835403
vt 0.085757 0.795082
vt 0.080374 0.789489
vt 0.091851 0.813266
vt 0.088537 0.791188
vt 0.082705 0.786242
vt 0.078624 0.784762
vt 0.093457 0.821864
vt 0.089574 0.802430
vt 0.086459 0.782404
vt 0.090155 0.792821
vt 0.085294 0.788977
vt 0.080101 0.773502
vt 0.075472 0.783808
vt 0.093997 0.815802
vt 0.094444 0.807777
vt 0.091550 0.792301
vt 0.092936 0.833377
vt 0.090354 0.783186
vt 0.083440 0.778456
vt 0.077479 0.775247
vt 0.073057 0.788404
vt 0.093397 0.797366
vt 0.089882 0.763722
vt 0.081717 0.771987
vt 0.079693 0.758788
vt 0.073607 0.780078
vt 0.073371 0.772032
vt 0.096092 0.809947
vt 0.095013 0.799865
vt 0.091898 0.768394
vt 0.085845 0.766952
vt 0.093451 0.779630
vt 0.085124 0.774235
vt 0.082021 0.763888
vt 0.075122 0.763977
vt 0.071095 0.786961
vt 0.095838 0.784323
vt 0.093519 0.760586
vt 0.086690 0.759203
vt 0.076172 0.754515
vt 0.078380 0.748457
vt 0.071067 0.780706
vt 0.072026 0.763614
vt 0.096617 0.802140
vt 0.093334 0.771686
vt 0.092418 0.756869
vt 0.089058 0.755186
vt 0.096669 0.770028
vt 0.084158 0.749042
vt 0.070066 0.768418
vt 0.098711 0.796238
vt 0.097116 0.766520
vt 0.092749 0.746173
vt 0.097429 0.784250
vt 0.076644 0.750946
vt 0.073091 0.754626
vt 0.083571 0.738246
vt 0.069129 0.753498
vt 0.096080 0.758251
vt 0.086565 0.734815
vt 0.099620 0.772224
vt 0.075406 0.731857
vt 0.072440 0.745152
vt 0.079292 0.733087
vt 0.067425 0.758889
vt 0.099257 0.760144
vt 0.097245 0.741652
vt 0.074057 0.732240
vt 0.080956 0.726430
vt 0.082427 0.720318
vt 0.064816 0.722459
vt 0.065092 0.749546
vt 0.098575 0.751519
vt 0.095516 0.739992
vt 0.088742 0.726301
vt 0.102259 0.755379
vt 0.072997 0.716027
vt 0.077934 0.718251
vt 0.070773 0.728359
vt 0.086240 0.712809
vt 0.098975 0.734946
vt 0.090749 0.727180
vt 0.096923 0.726803
vt 0.082367 0.704956
vt 0.079573 0.710156
vt 0.067277 0.709664
vt 0.061143 0.736138
vt 0.102150 0.737692
vt 0.089842 0.716575
vt 0.087854 0.702205
vt 0.074804 0.712460
vt 0.077313 0.699023
vt 0.083621 0.697765
vt 0.063516 0.692625
vt 0.061103 0.726323
vt 0.106212 0.749563
vt 0.099454 0.726201
vt 0.092285 0.708599
vt 0.090121 0.703804
vt 0.071886 0.709174
vt 0.078096 0.698259
vt 0.079629 0.689204
vt 0.064250 0.688180
vt 0.059504 0.696114
vt 0.061440 0.719971
vt 0.103384 0.736944
vt 0.104277 0.731477
vt 0.098541 0.714670
vt 0.095177 0.712455
vt 0.085802 0.689966
vt 0.067353 0.696217
vt 0.074468 0.691127
vt 0.081601 0.680733
vt 0.058380 0.709366
vt 0.057546 0.716869
vt 0.105973 0.740758
vt 0.094300 0.700736
vt 0.087946 0.686777
vt 0.071120 0.692956
vt 0.075975 0.671381
vt 0.066225 0.669343
vt 0.060215 0.682286
vt 0.056764 0.693947
vt 0.109208 0.742999
vt 0.102423 0.720359
vt 0.097997 0.705490
vt 0.092386 0.687351
vt 0.089737 0.688991
vt 0.088508 0.678407
vt 0.085845 0.675659
vt 0.068259 0.679518
vt 0.072982 0.674695
vt 0.078862 0.666278
vt 0.061544 0.670807
vt 0.057181 0.671831
vt 0.052986 0.694427
vt 0.106729 0.732506
vt 0.109872 0.736402
vt 0.108619 0.754209
vt 0.109249 0.716970
vt 0.101679 0.709743
vt 0.098175 0.697749
vt 0.095290 0.686277
vt 0.082039 0.672942
vt 0.069567 0.666701
vt 0.073730 0.663707
vt 0.075528 0.652441
vt 0.063694 0.658766
vt 0.053194 0.672094
vt 0.109936 0.746026
vt 0.100718 0.694478
vt 0.097384 0.688321
vt 0.094166 0.671969
vt 0.088965 0.665420
vt 0.083786 0.659749
vt 0.071828 0.662006
vt 0.079055 0.653800
vt 0.066246 0.656845
vt 0.062105 0.651833
vt 0.059770 0.658613
vt 0.052428 0.658146
vt 0.050460 0.667259
vt 0.110554 0.727676
vt 0.111485 0.738775
vt 0.105558 0.696935
vt 0.103171 0.695151
vt 0.097383 0.680034
vt 0.081797 0.659182
vt 0.071712 0.644473
vt 0.076566 0.646820
vt 0.069657 0.648146
vt 0.064506 0.645415
vt 0.060589 0.637510
vt 0.060117 0.648979
vt 0.054081 0.657243
vt 0.111801 0.715823
vt 0.111058 0.754510
vt 0.109865 0.709634
vt 0.101549 0.677196
vt 0.093278 0.664318
vt 0.084416 0.658488
vt 0.082269 0.642837
vt 0.073395 0.630614
vt 0.080434 0.632313
vt 0.056974 0.648965
vt 0.048233 0.651565
vt 0.049994 0.638000
vt 0.114216 0.716484
vt 0.113672 0.733037
vt 0.113331 0.748526
vt 0.109338 0.701216
vt 0.104604 0.682567
vt 0.096076 0.658850
vt 0.089642 0.660533
vt 0.088486 0.645178
vt 0.084021 0.638940
vt 0.069792 0.621181
vt 0.064610 0.634735
vt 0.052046 0.640338
vt 0.112273 0.705057
vt 0.111714 0.761694
vt 0.108675 0.689529
vt 0.102018 0.668973
vt 0.098633 0.670662
vt 0.099271 0.660817
vt 0.091888 0.641700
vt 0.090883 0.644253
vt 0.070642 0.610122
vt 0.068437 0.618191
vt 0.076774 0.626193
vt 0.060829 0.629254
vt 0.054705 0.625492
vt 0.051328 0.629283
vt 0.116784 0.693778
vt 0.116344 0.725692
vt 0.115004 0.733948
vt 0.109884 0.763643
vt 0.113342 0.762778
vt 0.113649 0.691624
vt 0.107457 0.683810
vt 0.104127 0.661434
vt 0.096704 0.650886
vt 0.085832 0.628649
vt 0.082315 0.618839
vt 0.076099 0.614619
vt 0.066573 0.603277
vt 0.080259 0.614401
vt 0.065939 0.623519
vt 0.058463 0.611272
vt 0.062538 0.621180
vt 0.056759 0.624851
vt 0.053756 0.628197
vt 0.045971 0.621698
vt 0.115862 0.708404
vt 0.116744 0.719144
vt 0.114848 0.750486
vt 0.111329 0.772946
vt 0.113856 0.683088
vt 0.100544 0.642098
vt 0.096696 0.638596
vt 0.092007 0.622448
vt 0.090050 0.620108
vt 0.074576 0.602332
vt 0.068515 0.595099
vt 0.053909 0.612879
vt 0.050822 0.610334
vt 0.049020 0.609842
vt 0.116681 0.700090
vt 0.118044 0.726000
vt 0.118851 0.731976
vt 0.116430 0.752036
vt 0.110229 0.772592
vt 0.114863 0.767731
vt 0.113237 0.770378
vt 0.111076 0.671951
vt 0.108263 0.666238
vt 0.102930 0.648470
vt 0.095252 0.624709
vt 0.086313 0.615668
vt 0.084375 0.612715
vt 0.082430 0.610017
vt 0.077211 0.608000
vt 0.071612 0.598563
vt 0.065148 0.594477
vt 0.059707 0.607774
vt 0.043228 0.611522
vt 0.118122 0.718485
vt 0.121386 0.687039
vt 0.120019 0.704558
vt 0.116510 0.671827
vt 0.118501 0.737595
vt 0.108806 0.771386
vt 0.110070 0.786038
vt 0.112885 0.782043
vt 0.113128 0.676531
vt 0.107351 0.655323
vt 0.103025 0.634610
vt 0.098906 0.628985
vt 0.092806 0.605983
vt 0.089786 0.597976
vt 0.086908 0.604049
vt 0.083104 0.599168
vt 0.074296 0.587095
vt 0.069202 0.579416
vt 0.065284 0.576678
vt 0.064006 0.601216
vt 0.078997 0.593101
vt 0.060269 0.597188
vt 0.053132 0.592020
vt 0.042366 0.619516
vt 0.044048 0.603269
vt 0.119016 0.669725
vt 0.116529 0.662448
vt 0.119215 0.726711
vt 0.120221 0.741470
vt 0.117533 0.761083
vt 0.116129 0.765929
vt 0.107877 0.770640
vt 0.108607 0.782804
vt 0.111050 0.790177
vt 0.113517 0.783115
vt 0.111195 0.664340
vt 0.113200 0.659804
vt 0.106057 0.636842
vt 0.101216 0.632489
vt 0.099510 0.620000
vt 0.095369 0.609346
vt 0.062327 0.587904
vt 0.058130 0.582722
vt 0.055671 0.592993
vt 0.050541 0.587418
vt 0.039889 0.606953
vt 0.045551 0.595441
vt 0.040067 0.598028
vt 0.119855 0.713095
vt 0.120807 0.671605
vt 0.121549 0.707692
vt 0.120751 0.730017
vt 0.119570 0.751028
vt 0.115778 0.775136
vt 0.105917 0.779096
vt 0.106874 0.782539
vt 0.109042 0.795995
vt 0.108404 0.793624
vt 0.113990 0.782770
vt 0.112093 0.796655
vt 0.109004 0.638781
vt 0.104143 0.620889
vt 0.103086 0.623749
vt 0.093236 0.601974
vt 0.087851 0.574142
vt 0.084689 0.579534
vt 0.084505 0.591570
vt 0.074263 0.577072
vt 0.067316 0.570646
vt 0.060253 0.582718
vt 0.060235 0.585725
vt 0.053224 0.583156
vt 0.037525 0.603969
vt 0.041275 0.588538
vt 0.124180 0.663427
vt 0.122832 0.697571
vt 0.118837 0.647444
vt 0.114854 0.659385
vt 0.121586 0.722627
vt 0.121436 0.754695
vt 0.122088 0.747269
vt 0.118139 0.766491
vt 0.117198 0.769762
vt 0.110834 0.799895
vt 0.113248 0.640059
vt 0.099096 0.611671
vt 0.097420 0.594787
vt 0.093659 0.584671
vt 0.083226 0.573054
vt 0.075918 0.562435
vt 0.071924 0.564034
vt 0.069134 0.560474
vt 0.061582 0.562503
vt 0.043871 0.581724
vt 0.049528 0.576354
vt 0.035882 0.612171
vt 0.037871 0.595355
vt 0.123885 0.715529
vt 0.122079 0.636189
vt 0.124763 0.688623
vt 0.124878 0.707979
vt 0.116718 0.656541
vt 0.115489 0.644826
vt 0.123250 0.726273
vt 0.120359 0.759573
vt 0.124034 0.740448
vt 0.116344 0.785059
vt 0.114191 0.794346
vt 0.104741 0.786733
vt 0.107009 0.795396
vt 0.109264 0.804832
vt 0.109361 0.815868
vt 0.110376 0.631178
vt 0.105326 0.599313
vt 0.102637 0.589925
vt 0.092348 0.573494
vt 0.073990 0.566665
vt 0.064477 0.556573
vt 0.058564 0.558786
vt 0.054583 0.573030
vt 0.043706 0.577676
vt 0.049593 0.556603
vt 0.030888 0.596828
vt 0.039511 0.558495
vt 0.033636 0.584872
vt 0.123797 0.638534
vt 0.125557 0.681642
vt 0.126992 0.695630
vt 0.122972 0.626436
vt 0.117097 0.651574
vt 0.125305 0.759167
vt 0.122055 0.765386
vt 0.119551 0.764980
vt 0.117307 0.778762
vt 0.107992 0.808844
vt 0.113915 0.810269
vt 0.111513 0.807118
vt 0.116892 0.629732
vt 0.112501 0.620838
vt 0.106229 0.617054
vt 0.100118 0.593477
vt 0.097829 0.585147
vt 0.092002 0.563036
vt 0.086999 0.558192
vt 0.080261 0.561276
vt 0.070426 0.550667
vt 0.066074 0.545971
vt 0.059220 0.551019
vt 0.061379 0.553035
vt 0.028686 0.603400
vt 0.038208 0.575771
vt 0.125309 0.718281
vt 0.125492 0.644691
vt 0.128776 0.664809
vt 0.127240 0.683925
vt 0.126228 0.708235
vt 0.119232 0.613124
vt 0.124906 0.729829
vt 0.124823 0.767552
vt 0.121271 0.769634
vt 0.126346 0.752072
vt 0.116353 0.791088
vt 0.105340 0.792570
vt 0.106486 0.812385
vt 0.115086 0.807365
vt 0.112527 0.820223
vt 0.111634 0.815125
vt 0.115147 0.627723
vt 0.112403 0.614351
vt 0.109406 0.613157
vt 0.106461 0.585809
vt 0.100904 0.576087
vt 0.096437 0.573544
vt 0.082834 0.551983
vt 0.074952 0.543006
vt 0.068197 0.548001
vt 0.063933 0.543970
vt 0.053018 0.556443
vt 0.055511 0.549878
vt 0.043961 0.552635
vt 0.029063 0.576391
vt 0.025147 0.592315
vt 0.037541 0.563311
vt 0.127972 0.674218
vt 0.130543 0.693410
vt 0.127814 0.708923
vt 0.125509 0.600942
vt 0.118638 0.632031
vt 0.126651 0.736822
vt 0.126013 0.774969
vt 0.124174 0.774703
vt 0.128693 0.763302
vt 0.118844 0.772446
vt 0.120395 0.774747
vt 0.117155 0.786652
vt 0.105411 0.799307
vt 0.103856 0.794906
vt 0.106447 0.821622
vt 0.109505 0.819125
vt 0.114556 0.613127
vt 0.109351 0.599519
vt 0.069708 0.534529
vt 0.061099 0.539233
vt 0.048153 0.539903
vt 0.043388 0.546202
vt 0.029491 0.562649
vt 0.026650 0.582293
vt 0.038299 0.537796
vt 0.031546 0.556752
vt 0.126916 0.719421
vt 0.129641 0.647127
vt 0.126740 0.628589
vt 0.130068 0.674475
vt 0.131042 0.686131
vt 0.119420 0.591752
vt 0.118638 0.614757
vt 0.127231 0.765584
vt 0.123095 0.779601
vt 0.127753 0.745069
vt 0.128853 0.750607
vt 0.118222 0.781693
vt 0.121623 0.786890
vt 0.116284 0.809102
vt 0.104976 0.814922
vt 0.108213 0.822445
vt 0.107471 0.837142
vt 0.110306 0.589614
vt 0.051965 0.539682
vt 0.055188 0.535209
vt 0.043693 0.531797
vt 0.026543 0.565974
vt 0.024356 0.579681
vt 0.031374 0.547022
vt 0.130180 0.657652
vt 0.132026 0.668092
vt 0.130152 0.704467
vt 0.133405 0.687784
vt 0.128592 0.720439
vt 0.119158 0.594047
vt 0.126844 0.624467
vt 0.128753 0.731724
vt 0.129120 0.782616
vt 0.124877 0.787060
vt 0.122259 0.784541
vt 0.123945 0.788883
vt 0.130088 0.755966
vt 0.119669 0.781599
vt 0.117447 0.792036
vt 0.103705 0.804950
vt 0.103279 0.818159
vt 0.104448 0.828232
vt 0.105696 0.831588
vt 0.113246 0.602080
vt 0.062333 0.527450
vt 0.052955 0.533042
vt 0.054064 0.514015
vt 0.049668 0.529875
vt 0.041300 0.532079
vt 0.028840 0.553796
vt 0.024052 0.565292
vt 0.022038 0.577314
vt 0.031862 0.522552
vt 0.133216 0.653274
vt 0.131317 0.638117
vt 0.134407 0.677800
vt 0.131688 0.704006
vt 0.132983 0.696361
vt 0.128723 0.611869
vt 0.129152 0.740743
vt 0.130180 0.738630
vt 0.133315 0.777078
vt 0.120608 0.793067
vt 0.117178 0.799922
vt 0.104103 0.836722
vt 0.058966 0.520546
vt 0.036850 0.529306
vt 0.041882 0.521631
vt 0.046150 0.525393
vt 0.024587 0.553253
vt 0.021236 0.567551
vt 0.019694 0.584618
vt 0.030335 0.508386
vt 0.026650 0.525692
vt 0.133275 0.664499
vt 0.130924 0.713364
vt 0.136408 0.682034
vt 0.134985 0.689734
vt 0.130479 0.730383
vt 0.129063 0.786755
vt 0.125654 0.798221
vt 0.131432 0.748269
vt 0.132904 0.765528
vt 0.132310 0.786446
vt 0.118961 0.788540
vt 0.123045 0.800492
vt 0.102162 0.804553
vt 0.102974 0.831282
vt 0.104656 0.841600
vt 0.052168 0.519658
vt 0.021183 0.559686
vt 0.019009 0.574287
vt 0.029322 0.519248
vt 0.136008 0.653426
vt 0.135571 0.638463
vt 0.134661 0.708334
vt 0.132316 0.715901
vt 0.138078 0.669157
vt 0.136526 0.691145
vt 0.133243 0.616611
vt 0.128943 0.802158
vt 0.127100 0.804345
vt 0.131173 0.737662
vt 0.134265 0.770521
vt 0.133721 0.791618
vt 0.119690 0.795378
vt 0.122600 0.807255
vt 0.118275 0.795714
vt 0.101702 0.817596
vt 0.100925 0.837488
vt 0.102494 0.843695
vt 0.102146 0.852520
vt 0.035929 0.510526
vt 0.033881 0.494506
vt 0.020793 0.523671
vt 0.136129 0.628657
vt 0.137274 0.701141
vt 0.138744 0.685322
vt 0.134774 0.618875
vt 0.132257 0.799728
vt 0.129775 0.799536
vt 0.124232 0.811803
vt 0.125824 0.815646
vt 0.133497 0.744894
vt 0.133342 0.756808
vt 0.135957 0.774957
vt 0.134316 0.759370
vt 0.135083 0.782226
vt 0.121436 0.805102
vt 0.117690 0.805106
vt 0.100928 0.806281
vt 0.036505 0.502546
vt 0.026259 0.493641
vt 0.021391 0.507242
vt 0.020591 0.531022
vt 0.027157 0.504672
vt 0.137891 0.647223
vt 0.138564 0.655000
vt 0.136526 0.712976
vt 0.134185 0.720240
vt 0.132318 0.729989
vt 0.141691 0.671530
vt 0.138069 0.692769
vt 0.127856 0.810901
vt 0.132018 0.817110
vt 0.136754 0.765860
vt 0.135492 0.792730
vt 0.137268 0.779094
vt 0.119050 0.803524
vt 0.120907 0.809881
vt 0.123474 0.818011
vt 0.100019 0.817781
vt 0.099999 0.830906
vt 0.101007 0.849235
vt 0.100168 0.859350
vt 0.024693 0.501980
vt 0.139385 0.623021
vt 0.136392 0.620131
vt 0.140988 0.651973
vt 0.138117 0.715792
vt 0.133939 0.730607
vt 0.139570 0.665793
vt 0.140592 0.686798
vt 0.140716 0.695267
vt 0.131773 0.805284
vt 0.129748 0.816035
vt 0.125058 0.822081
vt 0.135361 0.756652
vt 0.133999 0.803974
vt 0.122409 0.822212
vt 0.099695 0.810670
vt 0.098211 0.838768
vt 0.099459 0.850977
vt 0.099983 0.866165
vt 0.022212 0.499077
vt 0.140619 0.636910
vt 0.139206 0.704082
vt 0.135790 0.727350
vt 0.141514 0.679169
vt 0.128874 0.820632
vt 0.131296 0.822893
vt 0.133159 0.810630
vt 0.138706 0.769475
vt 0.137588 0.754373
vt 0.136720 0.793044
vt 0.098089 0.819391
vt 0.098396 0.828392
vt 0.098464 0.850851
vt 0.096975 0.875003
vt 0.019702 0.496447
vt 0.143680 0.624719
vt 0.139602 0.716837
vt 0.137755 0.728938
vt 0.143987 0.664662
vt 0.143377 0.681570
vt 0.143171 0.709134
vt 0.132194 0.830921
vt 0.133884 0.820108
vt 0.135234 0.808819
vt 0.138664 0.779691
vt 0.099020 0.809758
vt 0.096194 0.829225
vt 0.096519 0.840648
vt 0.096417 0.868747
vt 0.097365 0.880840
vt 0.143645 0.634138
vt 0.141121 0.718651
vt 0.137315 0.744194
vt 0.144091 0.672990
vt 0.144756 0.649287
vt 0.142610 0.697046
vt 0.141363 0.770637
vt 0.139081 0.755395
vt 0.136656 0.747135
vt 0.137025 0.808467
vt 0.139231 0.781274
vt 0.098031 0.815907
vt 0.096928 0.822447
vt 0.095938 0.859247
vt 0.094293 0.889033
vt 0.094254 0.880401
vt 0.147324 0.635427
vt 0.139091 0.729846
vt 0.138486 0.737770
vt 0.138844 0.748476
vt 0.149096 0.669499
vt 0.148568 0.646521
vt 0.146465 0.682064
vt 0.144045 0.690618
vt 0.142912 0.725232
vt 0.143774 0.704480
vt 0.135828 0.819749
vt 0.140637 0.756652
vt 0.137938 0.804574
vt 0.138555 0.790018
vt 0.095456 0.825471
vt 0.094696 0.842014
vt 0.093271 0.873717
vt 0.095729 0.893934
vt 0.140905 0.728078
vt 0.144779 0.723179
vt 0.144967 0.712958
vt 0.142798 0.770727
vt 0.142161 0.760965
vt 0.138864 0.815763
vt 0.139800 0.800947
vt 0.139811 0.788394
vt 0.093895 0.835665
vt 0.094593 0.857521
vt 0.094006 0.897302
vt 0.091337 0.894297
vt 0.091920 0.884216
vt 0.149132 0.631417
vt 0.149448 0.638243
vt 0.140588 0.733026
vt 0.139741 0.736616
vt 0.150311 0.681026
vt 0.151783 0.656850
vt 0.147883 0.693411
vt 0.144239 0.733830
vt 0.143090 0.736508
vt 0.145648 0.702229
vt 0.140773 0.781123
vt 0.143695 0.762748
vt 0.142415 0.754190
vt 0.140088 0.747887
vt 0.136955 0.837346
vt 0.141319 0.788102
vt 0.093269 0.834614
vt 0.092532 0.846423
vt 0.092609 0.857131
vt 0.095105 0.911009
vt 0.092494 0.898244
vt 0.090719 0.872595
vt 0.152541 0.651895
vt 0.141299 0.739463
vt 0.147687 0.685590
vt 0.151591 0.670035
vt 0.146916 0.719992
vt 0.147405 0.729095
vt 0.143019 0.775162
vt 0.145182 0.763067
vt 0.141903 0.743011
vt 0.140629 0.817254
vt 0.140519 0.803197
vt 0.141992 0.801885
vt 0.089906 0.852964
vt 0.093109 0.914766
vt 0.091817 0.906224
vt 0.090846 0.900185
vt 0.089747 0.896148
vt 0.090220 0.885265
vt 0.151263 0.641792
vt 0.151886 0.689114
vt 0.155058 0.656307
vt 0.147229 0.703529
vt 0.144223 0.739966
vt 0.143567 0.736664
vt 0.143174 0.741844
vt 0.145043 0.769153
vt 0.142129 0.780550
vt 0.145675 0.752504
vt 0.144288 0.751425
vt 0.142216 0.811150
vt 0.145160 0.782599
vt 0.090906 0.844354
vt 0.090291 0.854627
vt 0.090773 0.858181
vt 0.093338 0.927347
vt 0.088894 0.903342
vt 0.089057 0.871798
vt 0.154148 0.644330
vt 0.150560 0.688103
vt 0.154297 0.674721
vt 0.149415 0.697982
vt 0.149436 0.724889
vt 0.148208 0.734449
vt 0.140825 0.742134
vt 0.148879 0.708227
vt 0.144495 0.774457
vt 0.143549 0.781022
vt 0.147450 0.754291
vt 0.146027 0.765975
vt 0.144898 0.792680
vt 0.089992 0.846514
vt 0.088824 0.862280
vt 0.092591 0.922662
vt 0.090278 0.905989
vt 0.087839 0.896228
vt 0.088490 0.885590
vt 0.155334 0.682340
vt 0.155705 0.646475
vt 0.156268 0.668004
vt 0.148807 0.717031
vt 0.148192 0.743293
vt 0.146109 0.773891
vt 0.147887 0.761997
vt 0.147284 0.767749
vt 0.143967 0.805133
vt 0.148742 0.775586
vt 0.091913 0.837695
vt 0.087290 0.857066
vt 0.086366 0.867074
vt 0.089261 0.922163
vt 0.089767 0.914011
vt 0.088617 0.907554
vt 0.087507 0.904407
vt 0.086774 0.875111
vt 0.150979 0.698941
vt 0.153422 0.689852
vt 0.157123 0.678020
vt 0.157251 0.648581
vt 0.157941 0.668844
vt 0.150591 0.714674
vt 0.150907 0.731573
vt 0.149693 0.744822
vt 0.149513 0.754341
vt 0.146444 0.790975
vt 0.088555 0.850759
vt 0.085367 0.863668
vt 0.087145 0.925834
vt 0.086925 0.909873
vt 0.086683 0.882574
vt 0.085726 0.901592
vt 0.152581 0.700023
vt 0.154834 0.690672
vt 0.156452 0.681462
vt 0.159518 0.653245
vt 0.151044 0.722202
vt 0.149752 0.760787
vt 0.149404 0.779959
vt 0.087711 0.852294
vt 0.085203 0.859830
vt 0.084218 0.871164
vt 0.084900 0.878205
vt 0.088091 0.914433
vt 0.091488 0.942566
vt 0.084432 0.891323
vt 0.152631 0.712686
vt 0.157456 0.685633
vt 0.154354 0.698907
vt 0.159378 0.681266
vt 0.161769 0.653957
vt 0.153918 0.718391
vt 0.151092 0.744869
vt 0.151903 0.732509
vt 0.149545 0.766807
vt 0.151589 0.753952
vt 0.084725 0.859759
vt 0.083759 0.866799
vt 0.087588 0.937704
vt 0.084841 0.916125
vt 0.083947 0.899762
vt 0.085020 0.908907
vt 0.154737 0.711376
vt 0.156356 0.693238
vt 0.160467 0.672619
vt 0.162170 0.662463
vt 0.152629 0.746674
vt 0.153658 0.752985
vt 0.151130 0.767305
vt 0.150444 0.769933
vt 0.082644 0.873227
vt 0.088933 0.951259
vt 0.084207 0.946030
vt 0.085765 0.922568
vt 0.082729 0.879830
vt 0.082620 0.888449
vt 0.157809 0.696231
vt 0.156044 0.698532
vt 0.160288 0.689062
vt 0.166098 0.659372
vt 0.153461 0.733488
vt 0.151292 0.773797
vt 0.081789 0.863386
vt 0.081430 0.871351
vt 0.087725 0.944759
vt 0.084626 0.956460
vt 0.083874 0.923880
vt 0.082972 0.914938
vt 0.082025 0.900074
vt 0.155316 0.717478
vt 0.156248 0.710048
vt 0.162202 0.684910
vt 0.155466 0.723283
vt 0.154832 0.736862
vt 0.155370 0.747017
vt 0.153321 0.758954
vt 0.152416 0.779472
vt 0.080038 0.874501
vt 0.081432 0.882194
vt 0.083210 0.934180
vt 0.083415 0.955701
vt 0.082222 0.922172
vt 0.080330 0.893673
vt 0.156867 0.718313
vt 0.161264 0.692180
vt 0.158107 0.708305
vt 0.163879 0.675466
vt 0.155151 0.732147
vt 0.157536 0.737925
vt 0.157086 0.747620
vt 0.154729 0.760755
vt 0.080305 0.875911
vt 0.082446 0.942880
vt 0.081761 0.951389
vt 0.081475 0.931267
vt 0.080672 0.919751
vt 0.081210 0.913179
vt 0.079868 0.901745
vt 0.156943 0.724958
vt 0.160000 0.706099
vt 0.163051 0.693315
vt 0.166017 0.671133
vt 0.164294 0.684925
vt 0.156085 0.760394
vt 0.078483 0.878313
vt 0.079162 0.888314
vt 0.080990 0.936432
vt 0.080604 0.960669
vt 0.079713 0.926949
vt 0.079400 0.908807
vt 0.158443 0.727074
vt 0.162927 0.707142
vt 0.158532 0.718180
vt 0.159147 0.739741
vt 0.160616 0.754072
vt 0.078141 0.872273
vt 0.079712 0.945804
vt 0.080502 0.940805
vt 0.078883 0.924514
vt 0.078010 0.893743
vt 0.077373 0.902615
vt 0.160185 0.718105
vt 0.164862 0.706500
vt 0.166012 0.685042
vt 0.161275 0.741594
vt 0.160194 0.747471
vt 0.076055 0.885508
vt 0.076838 0.940066
vt 0.078919 0.914322
vt 0.078348 0.918412
vt 0.160947 0.730729
vt 0.163348 0.718245
vt 0.164963 0.698675
vt 0.167922 0.678562
vt 0.163350 0.742441
vt 0.076054 0.874291
vt 0.077125 0.924455
vt 0.076970 0.910681
vt 0.167399 0.708397
vt 0.166639 0.723874
vt 0.166584 0.692493
vt 0.167065 0.687019
vt 0.164205 0.734054
vt 0.075440 0.869988
vt 0.073946 0.877197
vt 0.077554 0.916429
vt 0.075822 0.896735
vt 0.166292 0.699080
vt 0.170714 0.676004
vt 0.077295 0.870329
vt 0.073940 0.889517
vt 0.167438 0.697826
vt 0.168136 0.719441
vt 0.165724 0.736150
vt 0.168390 0.687519
vt 0.076761 0.867872
vt 0.079456 0.868814
vt 0.073961 0.870963
vt 0.072889 0.879641
vt 0.168913 0.699412
vt 0.169686 0.719864
vt 0.169440 0.728990
vt 0.167134 0.737635
vt 0.170576 0.690428
vt 0.164600 0.744311
vt 0.075159 0.866583
vt 0.079633 0.865917
vt 0.169026 0.711523
vt 0.076548 0.866180
vt 0.073167 0.865803
vt 0.071652 0.873541
vt 0.170460 0.700502
vt 0.170358 0.724904
vt 0.168076 0.740215
vt 0.076206 0.864122
vt 0.078229 0.865222
vt 0.074572 0.862540
vt 0.074197 0.860220
vt 0.071486 0.867296
vt 0.331628 0.069082
vt 0.334049 0.080818
vt 0.699938 0.505852
vt 0.697437 0.523318
vt 0.699047 0.523066
vt 0.695672 0.518151
vt 0.695830 0.539973
vt 0.698037 0.490263
vt 0.701280 0.498093
vt 0.694527 0.511633
vt 0.694325 0.551062
vt 0.700573 0.486640
vt 0.696146 0.489673
vt 0.693704 0.522891
vt 0.693491 0.545175
vt 0.704481 0.483360
vt 0.698989 0.477377
vt 0.695065 0.480158
vt 0.693322 0.492038
vt 0.690899 0.552246
vt 0.703741 0.476029
vt 0.699716 0.466781
vt 0.696550 0.454791
vt 0.695728 0.466540
vt 0.690226 0.511747
vt 0.691298 0.566185
vt 0.703074 0.467138
vt 0.705512 0.471522
vt 0.701302 0.472421
vt 0.690661 0.539238
vt 0.689709 0.493809
vt 0.688623 0.537240
vt 0.697877 0.449441
vt 0.695828 0.429339
vt 0.693135 0.482427
vt 0.691226 0.480363
vt 0.687289 0.512234
vt 0.687639 0.528779
vt 0.703610 0.451316
vt 0.701653 0.456895
vt 0.700174 0.443035
vt 0.697259 0.427500
vt 0.693394 0.451263
vt 0.693071 0.465651
vt 0.689168 0.484631
vt 0.684936 0.506422
vt 0.707132 0.436972
vt 0.699528 0.429633
vt 0.699016 0.405904
vt 0.694687 0.435684
vt 0.689881 0.457857
vt 0.686759 0.481397
vt 0.686784 0.524559
vt 0.707301 0.449214
vt 0.704118 0.439034
vt 0.702816 0.427508
vt 0.699430 0.416981
vt 0.695879 0.404532
vt 0.694668 0.423815
vt 0.692468 0.434925
vt 0.685730 0.480711
vt 0.709346 0.432998
vt 0.709171 0.449498
vt 0.705003 0.423613
vt 0.703301 0.403825
vt 0.700578 0.408037
vt 0.697829 0.385307
vt 0.691517 0.445416
vt 0.689073 0.436891
vt 0.686414 0.458485
vt 0.683780 0.498318
vt 0.710845 0.406081
vt 0.706595 0.424064
vt 0.701792 0.388610
vt 0.695090 0.394485
vt 0.693737 0.408497
vt 0.690928 0.419061
vt 0.683979 0.478892
vt 0.682808 0.489444
vt 0.710496 0.423123
vt 0.706998 0.408158
vt 0.711889 0.431929
vt 0.705261 0.412175
vt 0.705154 0.387364
vt 0.695964 0.372834
vt 0.699469 0.382028
vt 0.691815 0.402476
vt 0.689816 0.428675
vt 0.686744 0.426150
vt 0.680609 0.467738
vt 0.713144 0.409839
vt 0.708987 0.402072
vt 0.702211 0.380523
vt 0.697020 0.364033
vt 0.694730 0.384277
vt 0.700086 0.360330
vt 0.692979 0.400158
vt 0.689304 0.411210
vt 0.683445 0.448540
vt 0.713381 0.397530
vt 0.710124 0.392037
vt 0.704046 0.365078
vt 0.698143 0.355390
vt 0.694896 0.362794
vt 0.694047 0.371019
vt 0.701734 0.365820
vt 0.692348 0.387927
vt 0.692124 0.375348
vt 0.685435 0.414500
vt 0.681048 0.450400
vt 0.714139 0.390865
vt 0.706885 0.390209
vt 0.706275 0.365617
vt 0.696792 0.334951
vt 0.699431 0.346940
vt 0.703308 0.352339
vt 0.688070 0.392531
vt 0.689038 0.401163
vt 0.682828 0.430791
vt 0.714421 0.376271
vt 0.715248 0.390993
vt 0.708020 0.372472
vt 0.705441 0.356375
vt 0.698147 0.324510
vt 0.691882 0.349706
vt 0.695077 0.346294
vt 0.702043 0.330997
vt 0.685616 0.386101
vt 0.683532 0.411925
vt 0.681213 0.432134
vt 0.679993 0.442451
vt 0.712144 0.365807
vt 0.709846 0.381695
vt 0.707726 0.339248
vt 0.704353 0.347899
vt 0.697341 0.296757
vt 0.692855 0.341449
vt 0.695476 0.331156
vt 0.699520 0.312531
vt 0.703301 0.339199
vt 0.688760 0.376751
vt 0.682388 0.403908
vt 0.679142 0.422970
vt 0.715673 0.366331
vt 0.715326 0.348762
vt 0.709309 0.370961
vt 0.710063 0.346344
vt 0.706365 0.336568
vt 0.698594 0.292502
vt 0.691451 0.364244
vt 0.691855 0.321453
vt 0.701222 0.320855
vt 0.704510 0.330993
vt 0.688211 0.359733
vt 0.677599 0.443453
vt 0.712631 0.357992
vt 0.712909 0.324415
vt 0.707632 0.323399
vt 0.694097 0.328976
vt 0.697294 0.282337
vt 0.688141 0.335905
vt 0.690527 0.335218
vt 0.702073 0.303976
vt 0.703407 0.322230
vt 0.700317 0.268411
vt 0.689272 0.364186
vt 0.685505 0.373746
vt 0.683298 0.384800
vt 0.680329 0.403473
vt 0.716846 0.349479
vt 0.712077 0.342769
vt 0.711427 0.308334
vt 0.706104 0.327166
vt 0.708698 0.314996
vt 0.694582 0.302087
vt 0.698900 0.269506
vt 0.695793 0.293880
vt 0.690853 0.299813
vt 0.706298 0.317246
vt 0.681638 0.393286
vt 0.678794 0.398489
vt 0.718517 0.323512
vt 0.717192 0.353899
vt 0.715231 0.336571
vt 0.715217 0.290088
vt 0.713808 0.333075
vt 0.697959 0.260428
vt 0.695768 0.277627
vt 0.687332 0.325051
vt 0.702119 0.274290
vt 0.704600 0.314135
vt 0.699055 0.252685
vt 0.685396 0.345540
vt 0.683592 0.363791
vt 0.680634 0.383788
vt 0.676791 0.414004
vt 0.675433 0.424362
vt 0.717737 0.341744
vt 0.717281 0.288090
vt 0.713848 0.287110
vt 0.711308 0.293357
vt 0.715036 0.324869
vt 0.707764 0.306838
vt 0.686560 0.336341
vt 0.693623 0.277404
vt 0.686346 0.295158
vt 0.701355 0.238994
vt 0.704391 0.289510
vt 0.703452 0.305321
vt 0.706548 0.299601
vt 0.681871 0.374018
vt 0.679866 0.373225
vt 0.675415 0.407763
vt 0.718867 0.332123
vt 0.719400 0.298062
vt 0.715876 0.275298
vt 0.712303 0.284333
vt 0.709631 0.291151
vt 0.708691 0.298941
vt 0.697263 0.251297
vt 0.696554 0.259308
vt 0.685163 0.326674
vt 0.690504 0.286893
vt 0.686775 0.283009
vt 0.684308 0.307797
vt 0.703078 0.266044
vt 0.704822 0.280661
vt 0.701347 0.222094
vt 0.681935 0.339149
vt 0.681007 0.356575
vt 0.674972 0.396358
vt 0.720804 0.311793
vt 0.718995 0.286549
vt 0.716500 0.309983
vt 0.713231 0.263025
vt 0.713091 0.276785
vt 0.710432 0.278535
vt 0.695519 0.266763
vt 0.698126 0.243424
vt 0.688813 0.280137
vt 0.684569 0.277515
vt 0.684772 0.298438
vt 0.704691 0.263423
vt 0.706521 0.270915
vt 0.699108 0.235671
vt 0.702294 0.229520
vt 0.677377 0.374404
vt 0.721363 0.301565
vt 0.719472 0.266692
vt 0.718069 0.296192
vt 0.714819 0.263298
vt 0.708763 0.282713
vt 0.709733 0.274894
vt 0.693827 0.248719
vt 0.696187 0.242780
vt 0.682490 0.316266
vt 0.692345 0.274543
vt 0.686473 0.253402
vt 0.682933 0.261564
vt 0.682763 0.278488
vt 0.703559 0.241715
vt 0.707525 0.272810
vt 0.699304 0.218869
vt 0.703332 0.222032
vt 0.679688 0.336031
vt 0.676858 0.366285
vt 0.721088 0.282122
vt 0.717651 0.264779
vt 0.720822 0.264981
vt 0.712154 0.268078
vt 0.713412 0.252507
vt 0.691943 0.248794
vt 0.697889 0.230209
vt 0.690735 0.256018
vt 0.685368 0.243085
vt 0.684167 0.251592
vt 0.707630 0.256155
vt 0.708655 0.263790
vt 0.700571 0.211329
vt 0.702966 0.210530
vt 0.673608 0.384721
vt 0.723052 0.292634
vt 0.718529 0.256942
vt 0.720104 0.258025
vt 0.711817 0.254325
vt 0.715235 0.254706
vt 0.694907 0.240679
vt 0.692940 0.239239
vt 0.696798 0.224927
vt 0.680696 0.297051
vt 0.679790 0.321671
vt 0.687884 0.253075
vt 0.686532 0.234700
vt 0.682858 0.237101
vt 0.680381 0.249289
vt 0.705316 0.239760
vt 0.699609 0.202122
vt 0.698524 0.215266
vt 0.704200 0.230986
vt 0.704741 0.214304
vt 0.675460 0.333850
vt 0.670419 0.377805
vt 0.717745 0.248742
vt 0.721018 0.252243
vt 0.711086 0.258303
vt 0.715935 0.247614
vt 0.712418 0.245079
vt 0.714244 0.246332
vt 0.693515 0.234200
vt 0.690805 0.241894
vt 0.695570 0.224542
vt 0.679610 0.287009
vt 0.678864 0.266026
vt 0.706567 0.236971
vt 0.708444 0.249979
vt 0.702453 0.204423
vt 0.705165 0.223567
vt 0.705374 0.205675
vt 0.719712 0.248797
vt 0.719054 0.244333
vt 0.710703 0.243819
vt 0.713578 0.237699
vt 0.711562 0.236565
vt 0.710043 0.250210
vt 0.696880 0.208888
vt 0.680854 0.277961
vt 0.678106 0.299481
vt 0.677705 0.319139
vt 0.688057 0.232098
vt 0.686165 0.214256
vt 0.678781 0.238548
vt 0.678914 0.257665
vt 0.705962 0.232421
vt 0.705606 0.195112
vt 0.701616 0.194671
vt 0.698679 0.192836
vt 0.705978 0.219485
vt 0.706645 0.209909
vt 0.672224 0.359093
vt 0.670036 0.360093
vt 0.717668 0.240041
vt 0.721960 0.244324
vt 0.715607 0.239219
vt 0.712579 0.232563
vt 0.715207 0.235087
vt 0.690928 0.220007
vt 0.697701 0.196143
vt 0.691794 0.196210
vt 0.678380 0.277826
vt 0.689642 0.230332
vt 0.683461 0.214557
vt 0.680832 0.225005
vt 0.676806 0.252130
vt 0.707862 0.233829
vt 0.707072 0.225211
vt 0.703359 0.191216
vt 0.699812 0.185445
vt 0.707694 0.199591
vt 0.673158 0.334448
vt 0.720449 0.242418
vt 0.719008 0.239342
vt 0.716533 0.237024
vt 0.723889 0.249937
vt 0.709780 0.235212
vt 0.713993 0.231590
vt 0.711423 0.227650
vt 0.714559 0.233646
vt 0.696115 0.198402
vt 0.675013 0.285239
vt 0.688931 0.218287
vt 0.687933 0.207950
vt 0.682357 0.231497
vt 0.679958 0.218608
vt 0.705310 0.187344
vt 0.701870 0.178023
vt 0.698714 0.176535
vt 0.707397 0.215111
vt 0.709811 0.191508
vt 0.707765 0.207157
vt 0.673121 0.314044
vt 0.671796 0.344392
vt 0.667048 0.345657
vt 0.724190 0.243975
vt 0.721963 0.238269
vt 0.717750 0.230417
vt 0.696106 0.181374
vt 0.695130 0.188880
vt 0.673046 0.265300
vt 0.685429 0.188906
vt 0.675838 0.226370
vt 0.681557 0.201084
vt 0.678340 0.208866
vt 0.709289 0.226542
vt 0.704641 0.177320
vt 0.707029 0.183004
vt 0.703092 0.177689
vt 0.697099 0.173966
vt 0.709911 0.199765
vt 0.708631 0.204351
vt 0.668240 0.335201
vt 0.717931 0.236464
vt 0.723010 0.241005
vt 0.726857 0.239506
vt 0.710286 0.223544
vt 0.712278 0.221006
vt 0.715564 0.228894
vt 0.694079 0.180609
vt 0.672120 0.277460
vt 0.672089 0.306015
vt 0.683749 0.202387
vt 0.689046 0.199855
vt 0.672049 0.232538
vt 0.680461 0.197707
vt 0.673074 0.246438
vt 0.709395 0.219167
vt 0.706044 0.175566
vt 0.703925 0.168712
vt 0.699798 0.168608
vt 0.698190 0.165104
vt 0.710823 0.197066
vt 0.708693 0.178243
vt 0.719579 0.231440
vt 0.724060 0.233792
vt 0.726070 0.239812
vt 0.715272 0.221738
vt 0.719811 0.222833
vt 0.695282 0.167988
vt 0.692068 0.175679
vt 0.669240 0.289340
vt 0.684494 0.184537
vt 0.687268 0.180414
vt 0.675833 0.203631
vt 0.673154 0.244297
vt 0.681861 0.183435
vt 0.670378 0.266657
vt 0.710299 0.211246
vt 0.705614 0.163574
vt 0.704879 0.163541
vt 0.707836 0.171896
vt 0.702622 0.169265
vt 0.700936 0.161692
vt 0.711603 0.186688
vt 0.711766 0.172568
vt 0.668656 0.312559
vt 0.721906 0.219476
vt 0.723303 0.228912
vt 0.712226 0.207419
vt 0.718558 0.211243
vt 0.689185 0.183638
vt 0.682812 0.155849
vt 0.688264 0.165660
vt 0.669998 0.236267
vt 0.671261 0.219380
vt 0.680189 0.182091
vt 0.683049 0.173968
vt 0.705237 0.160629
vt 0.706937 0.163610
vt 0.700028 0.154156
vt 0.698900 0.159490
vt 0.696546 0.154527
vt 0.712823 0.194567
vt 0.709318 0.167805
vt 0.665144 0.300063
vt 0.725332 0.225496
vt 0.715359 0.205565
vt 0.694869 0.141314
vt 0.690795 0.172130
vt 0.685501 0.141860
vt 0.687353 0.144377
vt 0.673749 0.204928
vt 0.677250 0.180921
vt 0.669360 0.251522
vt 0.705734 0.156822
vt 0.703753 0.162963
vt 0.702152 0.154566
vt 0.697694 0.145030
vt 0.712936 0.175642
vt 0.711220 0.161883
vt 0.723653 0.215939
vt 0.727290 0.214332
vt 0.719281 0.203646
vt 0.722857 0.196617
vt 0.691922 0.149209
vt 0.666981 0.269686
vt 0.682198 0.165398
vt 0.682411 0.146946
vt 0.689873 0.143984
vt 0.669002 0.210363
vt 0.675071 0.196245
vt 0.671029 0.186010
vt 0.677613 0.158666
vt 0.665627 0.227414
vt 0.706402 0.150410
vt 0.708706 0.159106
vt 0.700666 0.144400
vt 0.696365 0.147522
vt 0.713353 0.163747
vt 0.715004 0.185587
vt 0.724465 0.199988
vt 0.726887 0.204217
vt 0.728051 0.218398
vt 0.715764 0.191621
vt 0.717153 0.196813
vt 0.692417 0.126243
vt 0.663305 0.276902
vt 0.679538 0.139899
vt 0.685009 0.132860
vt 0.688593 0.131385
vt 0.670161 0.211062
vt 0.668570 0.220810
vt 0.675447 0.176044
vt 0.706660 0.143558
vt 0.703063 0.147606
vt 0.699050 0.142920
vt 0.715295 0.173304
vt 0.712088 0.156674
vt 0.710887 0.142830
vt 0.727733 0.202933
vt 0.728890 0.220973
vt 0.729221 0.211265
vt 0.725410 0.185995
vt 0.696220 0.117020
vt 0.681465 0.136316
vt 0.680893 0.116902
vt 0.685939 0.123908
vt 0.690418 0.112492
vt 0.673963 0.172689
vt 0.707183 0.138333
vt 0.708003 0.149884
vt 0.699878 0.121930
vt 0.700524 0.131177
vt 0.702620 0.135433
vt 0.696581 0.130680
vt 0.717033 0.161056
vt 0.718001 0.184262
vt 0.714944 0.148594
vt 0.721122 0.185224
vt 0.728207 0.182300
vt 0.723566 0.183212
vt 0.662684 0.258634
vt 0.660759 0.290052
vt 0.676171 0.136552
vt 0.683674 0.116222
vt 0.687846 0.108244
vt 0.670009 0.180533
vt 0.665620 0.215975
vt 0.673248 0.154472
vt 0.698419 0.119302
vt 0.717632 0.165777
vt 0.718593 0.145346
vt 0.715633 0.136449
vt 0.711364 0.141101
vt 0.709245 0.135381
vt 0.729705 0.195207
vt 0.731182 0.197600
vt 0.726330 0.169872
vt 0.722239 0.171312
vt 0.694931 0.111027
vt 0.660818 0.245406
vt 0.659349 0.261837
vt 0.678201 0.122545
vt 0.674448 0.146609
vt 0.683082 0.108666
vt 0.690952 0.092043
vt 0.667215 0.183681
vt 0.662293 0.224421
vt 0.670623 0.151789
vt 0.708005 0.133799
vt 0.702148 0.122148
vt 0.699538 0.109958
vt 0.719068 0.170359
vt 0.719599 0.153567
vt 0.717813 0.135716
vt 0.715454 0.127683
vt 0.719837 0.178061
vt 0.698570 0.102092
vt 0.695993 0.104056
vt 0.693650 0.095160
vt 0.662822 0.235933
vt 0.676512 0.115010
vt 0.672803 0.135109
vt 0.686037 0.087030
vt 0.680718 0.107067
vt 0.687295 0.097166
vt 0.667686 0.165672
vt 0.665409 0.213472
vt 0.701354 0.112693
vt 0.702952 0.115065
vt 0.719629 0.159556
vt 0.721863 0.142594
vt 0.720002 0.119025
vt 0.717159 0.129681
vt 0.710921 0.131329
vt 0.709244 0.127888
vt 0.725662 0.166477
vt 0.697755 0.096397
vt 0.695729 0.088364
vt 0.657113 0.237707
vt 0.677801 0.093624
vt 0.683051 0.093181
vt 0.693262 0.090986
vt 0.663984 0.171240
vt 0.664283 0.202939
vt 0.671516 0.113776
vt 0.699677 0.093662
vt 0.721376 0.161786
vt 0.723015 0.155899
vt 0.717251 0.120142
vt 0.712561 0.114361
vt 0.709894 0.115400
vt 0.726184 0.159082
vt 0.673650 0.112802
vt 0.664718 0.189195
vt 0.666255 0.152700
vt 0.660779 0.214176
vt 0.703074 0.085067
vt 0.715766 0.115507
vt 0.710803 0.118019
vt 0.654537 0.229012
vt 0.672429 0.101287
vt 0.661903 0.180021
vt 0.663089 0.138898
vt 0.667224 0.133737
vt 0.718578 0.112487
vt 0.717064 0.109556
vt 0.714157 0.096764
vt 0.710888 0.111017
vt 0.672999 0.078757
vt 0.660381 0.155984
vt 0.665283 0.126409
vt 0.657586 0.191070
vt 0.655212 0.214904
vt 0.668164 0.109712
vt 0.669609 0.101591
vt 0.719236 0.098726
vt 0.712332 0.100855
vt 0.652537 0.201394
vt 0.669806 0.073400
vt 0.657817 0.170238
vt 0.659863 0.141916
vt 0.664439 0.113358
vt 0.718625 0.102311
vt 0.715957 0.088619
vt 0.656322 0.159775
vt 0.668486 0.089983
vt 0.718263 0.094540
vt 0.649671 0.190574
vt 0.658394 0.128276
vt 0.660511 0.116338
vt 0.652860 0.177170
vt 0.658519 0.112362
vt 0.662913 0.102676
vt 0.652575 0.158074
vt 0.665249 0.092320
vt 0.647989 0.165018
vt 0.655470 0.124907
vt 0.660361 0.096960
vt 0.653865 0.133835
vt 0.650519 0.152189
vt 0.665766 0.068796
vt 0.652315 0.120262
vt 0.667662 0.058533
vt 0.663260 0.082410
vt 0.648704 0.126387
vt 0.657785 0.092865
vt 0.664837 0.052267
vt 0.669083 0.050826
vt 0.662498 0.068233
vt 0.102442 0.793084
vt 0.101946 0.795599
vt 0.101095 0.800276
vt 0.097519 0.812548
vt 0.591199 0.295282
vt 0.592468 0.303768
vt 0.592600 0.283830
vt 0.590685 0.286019
vt 0.590835 0.271162
vt 0.592700 0.271380
vt 0.591856 0.265435
vt 0.592851 0.260999
vt 0.591083 0.256275
vt 0.592796 0.255920
vt 0.590089 0.261945
vt 0.592461 0.249535
vt 0.590239 0.246949
vt 0.590737 0.237550
vt 0.592679 0.236827
vt 0.589408 0.225481
vt 0.591489 0.226712
vt 0.587667 0.223622
vt 0.592469 0.222692
vt 0.590779 0.217332
vt 0.589850 0.208098
vt 0.588379 0.201110
vt 0.591817 0.208240
vt 0.586714 0.199088
vt 0.589103 0.185756
vt 0.587839 0.189582
vt 0.591186 0.190360
vt 0.587646 0.177820
vt 0.590957 0.177722
vt 0.589198 0.170344
vt 0.590572 0.166465
vt 0.590903 0.167348
vt 0.588765 0.157610
vt 0.591280 0.179953
vt 0.590308 0.152669
vt 0.591016 0.156938
vt 0.591051 0.170603
vt 0.093972 0.829612
vt 0.852939 0.405450
vt 0.854325 0.398462
vt 0.852253 0.408988
vt 0.854032 0.408654
vt 0.855782 0.403502
vt 0.856715 0.396316
vt 0.855747 0.391353
vt 0.853790 0.412589
vt 0.858220 0.390959
vt 0.857853 0.381965
vt 0.857449 0.402638
vt 0.859069 0.385235
vt 0.859647 0.373232
vt 0.856980 0.427342
vt 0.855502 0.425553
vt 0.855732 0.420243
vt 0.855813 0.408216
vt 0.858970 0.400722
vt 0.860243 0.394684
vt 0.861959 0.387773
vt 0.856197 0.414684
vt 0.856897 0.411087
vt 0.861152 0.391469
vt 0.860789 0.384990
vt 0.862096 0.380199
vt 0.857126 0.421957
vt 0.861521 0.396708
vt 0.862757 0.375407
vt 0.864214 0.380547
vt 0.863224 0.368819
vt 0.861528 0.365122
vt 0.864555 0.382846
vt 0.865665 0.373095
vt 0.863747 0.372081
vt 0.419108 0.559896
vt 0.419527 0.566676
vt 0.419808 0.576567
vt 0.422596 0.558661
vt 0.424761 0.548431
vt 0.412957 0.586289
vt 0.416562 0.577254
vt 0.423194 0.577903
vt 0.428569 0.538373
vt 0.406675 0.608199
vt 0.414305 0.594892
vt 0.419988 0.584657
vt 0.424429 0.565382
vt 0.431094 0.533082
vt 0.434047 0.524376
vt 0.408541 0.598514
vt 0.421800 0.585935
vt 0.429324 0.548226
vt 0.425472 0.573847
vt 0.427280 0.545295
vt 0.410246 0.613191
vt 0.420720 0.596519
vt 0.423302 0.581925
vt 0.430121 0.554974
vt 0.427894 0.569621
vt 0.434500 0.541298
vt 0.405146 0.613876
vt 0.412680 0.605307
vt 0.416827 0.604224
vt 0.423140 0.594928
vt 0.431886 0.548643
vt 0.430508 0.567241
vt 0.431932 0.574359
vt 0.424403 0.587840
vt 0.406553 0.619459
vt 0.414580 0.611555
vt 0.418011 0.610629
vt 0.424655 0.611123
vt 0.409104 0.621745
vt 0.404607 0.623240
vt 0.415416 0.617718
vt 0.420005 0.620402
vt 0.421773 0.621464
vt 0.426473 0.600130
vt 0.428471 0.585439
vt 0.434506 0.562968
vt 0.434177 0.550493
vt 0.435787 0.545670
vt 0.408102 0.636737
vt 0.413000 0.622115
vt 0.405884 0.644682
vt 0.417305 0.620610
vt 0.423500 0.619596
vt 0.428418 0.607476
vt 0.431036 0.590081
vt 0.437253 0.573962
vt 0.410395 0.627319
vt 0.419639 0.627354
vt 0.422556 0.628248
vt 0.425430 0.618077
vt 0.427966 0.612178
vt 0.433058 0.580416
vt 0.408474 0.645401
vt 0.410590 0.638453
vt 0.414272 0.635038
vt 0.417406 0.639582
vt 0.421196 0.635510
vt 0.423644 0.635774
vt 0.426351 0.625707
vt 0.432815 0.613017
vt 0.431378 0.601804
vt 0.434427 0.584814
vt 0.437788 0.565803
vt 0.408504 0.656785
vt 0.415530 0.638921
vt 0.419167 0.635933
vt 0.425068 0.631318
vt 0.428164 0.623535
vt 0.435906 0.600472
vt 0.436028 0.590562
vt 0.437502 0.583124
vt 0.404519 0.657116
vt 0.410007 0.649604
vt 0.413190 0.644645
vt 0.418315 0.649411
vt 0.415734 0.648585
vt 0.421157 0.655663
vt 0.422441 0.652995
vt 0.426515 0.645081
vt 0.427877 0.638559
vt 0.428947 0.632326
vt 0.429932 0.624213
vt 0.405950 0.662878
vt 0.411027 0.650494
vt 0.416951 0.652258
vt 0.424757 0.650537
vt 0.434062 0.624052
vt 0.435710 0.604705
vt 0.437820 0.593806
vt 0.404288 0.670288
vt 0.410678 0.665161
vt 0.413544 0.654960
vt 0.416995 0.660849
vt 0.420090 0.663837
vt 0.415674 0.657280
vt 0.422042 0.664609
vt 0.426010 0.664256
vt 0.428845 0.649316
vt 0.429619 0.638504
vt 0.434852 0.615284
vt 0.433915 0.628999
vt 0.439631 0.601390
vt 0.440875 0.590642
vt 0.407791 0.679471
vt 0.409633 0.672303
vt 0.413643 0.657952
vt 0.422752 0.670962
vt 0.424120 0.665145
vt 0.432106 0.637301
vt 0.435734 0.619896
vt 0.438377 0.623636
vt 0.405643 0.679274
vt 0.413256 0.679779
vt 0.412943 0.665484
vt 0.418776 0.678219
vt 0.422524 0.676442
vt 0.424814 0.671381
vt 0.427123 0.669371
vt 0.430303 0.645770
vt 0.438482 0.612053
vt 0.436725 0.632515
vt 0.434878 0.646215
vt 0.409176 0.690095
vt 0.404595 0.683797
vt 0.412780 0.683580
vt 0.416796 0.674141
vt 0.425604 0.677212
vt 0.430023 0.654212
vt 0.432353 0.645479
vt 0.438885 0.640913
vt 0.439962 0.613661
vt 0.408332 0.702509
vt 0.409693 0.683013
vt 0.419316 0.685953
vt 0.421583 0.680108
vt 0.423226 0.684336
vt 0.428846 0.670405
vt 0.427780 0.678784
vt 0.431661 0.657875
vt 0.433196 0.653848
vt 0.440683 0.632294
vt 0.409912 0.699697
vt 0.405927 0.696939
vt 0.423465 0.691062
vt 0.439703 0.623815
vt 0.440815 0.636616
vt 0.410810 0.706087
vt 0.412432 0.686134
vt 0.405580 0.706171
vt 0.404505 0.697924
vt 0.417436 0.696232
vt 0.420015 0.700246
vt 0.410719 0.711438
vt 0.413705 0.698388
vt 0.412527 0.691779
vt 0.407007 0.714774
vt 0.444482 0.632955
vt 0.412760 0.709680
vt 0.404105 0.708699
vt 0.416672 0.698170
vt 0.410570 0.719731
vt 0.408288 0.720915
vt 0.415482 0.711184
vt 0.405179 0.720386
vt 0.418089 0.712377
vt 0.414665 0.719449
vt 0.413556 0.732328
vt 0.409064 0.730950
vt 0.411579 0.726146
vt 0.403737 0.743065
vt 0.411268 0.737788
vt 0.405772 0.744329
vt 0.403842 0.734496
vt 0.403486 0.754705
vt 0.401582 0.733699
vt 0.406185 0.751316
vt 0.402188 0.751276
vt 0.404885 0.755709
vt 0.408897 0.749753
vt 0.401491 0.757838
vt 0.403680 0.759732
vt 0.400253 0.751509
vt 0.406112 0.760445
vt 0.402483 0.763659
vt 0.405146 0.765395
vt 0.402515 0.768774
vt 0.942670 0.083757
vt 0.943984 0.086453
vt 0.943769 0.084571
vt 0.949802 0.094689
vt 0.948121 0.095207
vt 0.948222 0.097957
vt 0.946711 0.098542
vt 0.949767 0.096552
vt 0.946797 0.093958
vt 0.948316 0.103197
vt 0.951316 0.091389
vt 0.948190 0.093930
vt 0.945269 0.099963
vt 0.945495 0.106390
vt 0.949607 0.093885
vt 0.946799 0.092259
vt 0.945370 0.093512
vt 0.943951 0.092482
vt 0.943709 0.107866
vt 0.945406 0.090653
vt 0.943640 0.101463
vt 0.945231 0.089889
vt 0.942463 0.095386
vt 0.941621 0.104995
vt 0.942588 0.088577
vt 0.946893 0.092337
vt 0.941152 0.096375
vt 0.941091 0.089101
vt 0.940349 0.109381
vt 0.938912 0.092020
vt 0.939522 0.101114
vt 0.941242 0.084879
vt 0.938893 0.107007
vt 0.941287 0.082577
vt 0.939865 0.083423
vt 0.940248 0.117677
vt 0.941321 0.080904
vt 0.938534 0.084908
vt 0.938148 0.094918
vt 0.939231 0.116680
vt 0.939943 0.079988
vt 0.938121 0.101441
vt 0.937989 0.111192
vt 0.939834 0.119832
vt 0.936520 0.088121
vt 0.938457 0.079789
vt 0.936793 0.098666
vt 0.938982 0.121711
vt 0.941332 0.129716
vt 0.940207 0.078867
vt 0.936882 0.080223
vt 0.935587 0.089990
vt 0.935975 0.100079
vt 0.936597 0.110613
vt 0.940657 0.130364
vt 0.935769 0.081261
vt 0.937319 0.077693
vt 0.935524 0.108045
vt 0.940142 0.128784
vt 0.943061 0.146884
vt 0.935997 0.075188
vt 0.933222 0.082301
vt 0.939974 0.077849
vt 0.934292 0.091578
vt 0.937287 0.120259
vt 0.937192 0.126429
vt 0.941438 0.151735
vt 0.934551 0.074743
vt 0.941356 0.079176
vt 0.934071 0.100357
vt 0.939468 0.139563
vt 0.944124 0.159092
vt 0.934717 0.067722
vt 0.932706 0.075907
vt 0.932910 0.095304
vt 0.941535 0.069934
vt 0.942702 0.080751
vt 0.933420 0.109150
vt 0.935196 0.126253
vt 0.938509 0.138297
vt 0.942087 0.165043
vt 0.943062 0.161567
vt 0.933367 0.066334
vt 0.936281 0.070281
vt 0.931811 0.075451
vt 0.931624 0.086822
vt 0.939919 0.073691
vt 0.943055 0.071409
vt 0.932712 0.100418
vt 0.940160 0.156181
vt 0.934882 0.058513
vt 0.937375 0.076211
vt 0.931944 0.067549
vt 0.938566 0.076515
vt 0.940127 0.064142
vt 0.942520 0.063287
vt 0.944037 0.082789
vt 0.930473 0.093167
vt 0.938097 0.146449
vt 0.932202 0.055428
vt 0.937479 0.061829
vt 0.937362 0.074038
vt 0.930635 0.067924
vt 0.930587 0.078474
vt 0.931134 0.092318
vt 0.938708 0.075048
vt 0.940355 0.059439
vt 0.938824 0.068964
vt 0.944708 0.063488
vt 0.945556 0.075338
vt 0.934230 0.051166
vt 0.937474 0.068065
vt 0.930743 0.061872
vt 0.938170 0.055522
vt 0.945375 0.084476
vt 0.929328 0.078982
vt 0.930574 0.053986
vt 0.929403 0.060242
vt 0.929246 0.069677
vt 0.945868 0.064269
vt 0.946746 0.082083
vt 0.947020 0.072666
vt 0.945285 0.089529
vt 0.927193 0.059340
vt 0.927983 0.066456
vt 0.927638 0.072423
vt 0.948404 0.068806
vt 0.948265 0.078925
vt 0.946396 0.089166
vt 0.926468 0.060634
vt 0.949781 0.074348
vt 0.949278 0.085541
vt 0.947723 0.092602
vt 0.950968 0.082338
vt 0.949534 0.091398
vt 0.950848 0.090070
vt 0.949506 0.093175
vt 0.950952 0.092012
vt 0.287255 0.526561
vt 0.287329 0.528060
vt 0.287982 0.528851
vt 0.220081 0.108692
vt 0.219872 0.113392
vt 0.152786 0.471830
vt 0.154137 0.480373
vt 0.154681 0.466398
vt 0.156191 0.477427
vt 0.156035 0.483525
vt 0.154190 0.488055
vt 0.155016 0.488540
vt 0.287061 0.534541
vt 0.287147 0.532000
vt 0.286214 0.540855
vt 0.961071 0.117831
vt 0.959952 0.113583
vt 0.959890 0.127586
vt 0.961741 0.108035
vt 0.958898 0.128620
vt 0.961783 0.129889
vt 0.962428 0.098386
vt 0.962359 0.119120
vt 0.959821 0.138357
vt 0.960522 0.146936
vt 0.962866 0.108786
vt 0.957742 0.145440
vt 0.962176 0.150515
vt 0.963033 0.132398
vt 0.964234 0.090542
vt 0.964759 0.106477
vt 0.959174 0.148634
vt 0.956284 0.141786
vt 0.961329 0.164964
vt 0.963689 0.120329
vt 0.958250 0.162366
vt 0.956424 0.160885
vt 0.959888 0.161850
vt 0.964251 0.156353
vt 0.964222 0.135664
vt 0.965039 0.122011
vt 0.954805 0.137716
vt 0.960874 0.173684
vt 0.965040 0.168453
vt 0.955698 0.174885
vt 0.957238 0.177421
vt 0.953384 0.145567
vt 0.958644 0.180267
vt 0.961121 0.187898
vt 0.965584 0.135598
vt 0.966217 0.148396
vt 0.963216 0.178643
vt 0.954545 0.167280
vt 0.960030 0.182851
vt 0.965929 0.170860
vt 0.964368 0.178719
vt 0.953698 0.179187
vt 0.956581 0.186374
vt 0.952872 0.165930
vt 0.957996 0.189515
vt 0.958892 0.199513
vt 0.961768 0.200733
vt 0.963099 0.198002
vt 0.954839 0.192731
vt 0.952228 0.174944
vt 0.950734 0.146612
vt 0.960391 0.203783
vt 0.965575 0.190130
vt 0.953077 0.198609
vt 0.951461 0.161321
vt 0.956859 0.201620
vt 0.958743 0.211100
vt 0.960750 0.214926
vt 0.964727 0.200422
vt 0.951138 0.187468
vt 0.950791 0.170391
vt 0.962119 0.216417
vt 0.963392 0.206143
vt 0.954611 0.211998
vt 0.951632 0.204379
vt 0.950285 0.178465
vt 0.949235 0.164778
vt 0.956723 0.216003
vt 0.958810 0.221417
vt 0.960180 0.223664
vt 0.964577 0.216976
vt 0.954796 0.219027
vt 0.952050 0.222957
vt 0.949791 0.207312
vt 0.949338 0.176583
vt 0.961489 0.225613
vt 0.963414 0.216885
vt 0.965328 0.234936
vt 0.946626 0.172129
vt 0.959306 0.231698
vt 0.962964 0.225863
vt 0.952429 0.237041
vt 0.949380 0.217617
vt 0.947887 0.201202
vt 0.947405 0.191081
vt 0.947778 0.158948
vt 0.960307 0.243422
vt 0.956620 0.239492
vt 0.955103 0.239848
vt 0.950599 0.245071
vt 0.948996 0.239476
vt 0.944839 0.170501
vt 0.959301 0.242890
vt 0.955437 0.245716
vt 0.952084 0.247562
vt 0.947140 0.215533
vt 0.947702 0.231561
vt 0.945763 0.202470
vt 0.948835 0.261641
vt 0.951028 0.264344
vt 0.947310 0.238590
vt 0.942477 0.180550
vt 0.952991 0.251719
vt 0.947332 0.245159
vt 0.944917 0.221877
vt 0.942077 0.198787
vt 0.946694 0.263889
vt 0.949162 0.274963
vt 0.942994 0.202940
vt 0.940622 0.171781
vt 0.944968 0.261749
vt 0.947616 0.274416
vt 0.942856 0.213043
vt 0.945601 0.248618
vt 0.940985 0.194570
vt 0.948289 0.287547
vt 0.941716 0.220313
vt 0.943615 0.233062
vt 0.941359 0.212341
vt 0.939673 0.188027
vt 0.937180 0.156300
vt 0.946708 0.282734
vt 0.944453 0.246101
vt 0.942609 0.238935
vt 0.938201 0.182388
vt 0.938928 0.194566
vt 0.937831 0.168568
vt 0.943996 0.279409
vt 0.943685 0.251364
vt 0.946649 0.289951
vt 0.934813 0.155550
vt 0.934407 0.136011
vt 0.942308 0.253844
vt 0.939338 0.215328
vt 0.938571 0.229507
vt 0.936902 0.177151
vt 0.936451 0.187447
vt 0.935205 0.174298
vt 0.944192 0.290509
vt 0.941702 0.260834
vt 0.942035 0.244572
vt 0.936941 0.208012
vt 0.933642 0.164446
vt 0.933155 0.147346
vt 0.933121 0.126818
vt 0.942150 0.279671
vt 0.939723 0.251342
vt 0.939134 0.245018
vt 0.935930 0.200637
vt 0.934236 0.184890
vt 0.932796 0.159380
vt 0.931798 0.142603
vt 0.942112 0.288352
vt 0.939614 0.259692
vt 0.936574 0.226778
vt 0.936874 0.242834
vt 0.933809 0.194100
vt 0.935922 0.210250
vt 0.932865 0.178104
vt 0.930714 0.159394
vt 0.930947 0.108213
vt 0.930703 0.134399
vt 0.941507 0.277378
vt 0.937964 0.253919
vt 0.937146 0.250446
vt 0.934318 0.203504
vt 0.930899 0.151667
vt 0.931129 0.122221
vt 0.939697 0.278183
vt 0.934409 0.228496
vt 0.934427 0.239200
vt 0.931823 0.193169
vt 0.934055 0.212392
vt 0.931590 0.181450
vt 0.929421 0.144529
vt 0.929028 0.101483
vt 0.929671 0.114727
vt 0.937059 0.263701
vt 0.931282 0.200920
vt 0.929835 0.171842
vt 0.929039 0.153083
vt 0.928136 0.085274
vt 0.929245 0.131176
vt 0.933430 0.220314
vt 0.934825 0.249177
vt 0.930782 0.187339
vt 0.930963 0.179635
vt 0.927797 0.143854
vt 0.927783 0.095321
vt 0.928005 0.106665
vt 0.931206 0.209506
vt 0.933129 0.259135
vt 0.932222 0.236664
vt 0.929944 0.196031
vt 0.928596 0.161575
vt 0.927485 0.152727
vt 0.926645 0.079167
vt 0.927891 0.121536
vt 0.932240 0.248327
vt 0.929081 0.183233
vt 0.928923 0.199698
vt 0.928300 0.168870
vt 0.926532 0.136999
vt 0.925989 0.093894
vt 0.927107 0.102382
vt 0.930094 0.218395
vt 0.930048 0.240521
vt 0.928431 0.191154
vt 0.930042 0.212294
vt 0.927715 0.164477
vt 0.928230 0.179422
vt 0.926832 0.159264
vt 0.925201 0.077921
vt 0.926479 0.115125
vt 0.929401 0.226679
vt 0.929863 0.247129
vt 0.928009 0.194811
vt 0.928964 0.207230
vt 0.927252 0.181486
vt 0.926036 0.145520
vt 0.924177 0.093253
vt 0.925227 0.130258
vt 0.928247 0.215976
vt 0.928508 0.232117
vt 0.928283 0.203272
vt 0.926548 0.166709
vt 0.924670 0.141545
vt 0.925552 0.153542
vt 0.923585 0.079286
vt 0.925233 0.104860
vt 0.924259 0.121361
vt 0.927232 0.197161
vt 0.924535 0.169958
vt 0.925464 0.181285
vt 0.924175 0.150828
vt 0.922875 0.091395
vt 0.923789 0.102870
vt 0.924746 0.112964
vt 0.923766 0.130348
vt 0.927424 0.225251
vt 0.926291 0.192924
vt 0.927209 0.205146
vt 0.924991 0.188961
vt 0.923595 0.150701
vt 0.923857 0.159110
vt 0.921652 0.082170
vt 0.923375 0.111498
vt 0.923134 0.132026
vt 0.922938 0.120514
vt 0.923012 0.173919
vt 0.921246 0.099616
vt 0.921989 0.110315
vt 0.926707 0.211713
vt 0.924515 0.197167
vt 0.925389 0.207310
vt 0.923553 0.188912
vt 0.921881 0.142831
vt 0.922462 0.159741
vt 0.922774 0.181902
vt 0.920663 0.079032
vt 0.921710 0.126748
vt 0.923308 0.197576
vt 0.921369 0.173466
vt 0.918254 0.095473
vt 0.920339 0.110609
vt 0.921073 0.126815
vt 0.923848 0.206423
vt 0.922280 0.189946
vt 0.919772 0.150982
vt 0.921282 0.151704
vt 0.920648 0.163447
vt 0.921109 0.181796
vt 0.922751 0.207789
vt 0.920578 0.189996
vt 0.922465 0.199245
vt 0.920277 0.171322
vt 0.917389 0.105400
vt 0.919504 0.123901
vt 0.918785 0.139653
vt 0.920133 0.198376
vt 0.921678 0.199806
vt 0.918869 0.168336
vt 0.919336 0.187975
vt 0.919796 0.180118
vt 0.915790 0.090841
vt 0.919385 0.129301
vt 0.919362 0.156846
vt 0.921197 0.208609
vt 0.917703 0.174177
vt 0.915551 0.101344
vt 0.918134 0.129221
vt 0.916325 0.155055
vt 0.920715 0.216971
vt 0.918019 0.186187
vt 0.919439 0.209075
vt 0.913840 0.084490
vt 0.915670 0.136141
vt 0.918002 0.211021
vt 0.912698 0.099059
vt 0.916985 0.174034
vt 0.915531 0.142085
vt 0.917488 0.220904
vt 0.917166 0.196886
vt 0.915034 0.120895
vt 0.912364 0.116082
vt 0.915815 0.178910
vt 0.913128 0.132278
vt 0.914865 0.155720
vt 0.916384 0.209668
vt 0.910155 0.111735
vt 0.915819 0.192381
vt 0.914644 0.220542
vt 0.911625 0.124335
vt 0.913428 0.175124
vt 0.913196 0.156738
vt 0.914509 0.190960
vt 0.910146 0.120397
vt 0.911804 0.174437
vt 0.911485 0.149159
vt 0.913711 0.207277
vt 0.910578 0.130973
vt 0.912854 0.192835
vt 0.911728 0.184807
vt 0.911080 0.163171
vt 0.913179 0.217273
vt 0.906998 0.120792
vt 0.910940 0.182612
vt 0.909286 0.141929
vt 0.908931 0.176808
vt 0.911773 0.214192
vt 0.912734 0.225492
vt 0.912221 0.205771
vt 0.907859 0.134237
vt 0.908169 0.144929
vt 0.908388 0.155973
vt 0.911878 0.234104
vt 0.906438 0.130075
vt 0.908908 0.188103
vt 0.906971 0.152019
vt 0.910599 0.208648
vt 0.904556 0.114489
vt 0.907476 0.174109
vt 0.903796 0.126445
vt 0.909190 0.195797
vt 0.905558 0.147929
vt 0.909899 0.207561
vt 0.903818 0.144418
vt 0.905323 0.166795
vt 0.902084 0.146410
vt 0.155831 0.490155
vt 0.156419 0.492649
vt 0.157445 0.488649
vt 0.156911 0.485769
vt 0.158171 0.499454
vt 0.156603 0.500172
vt 0.157843 0.505134
vt 0.158891 0.502093
vt 0.159331 0.494402
vt 0.157145 0.481140
vt 0.286718 0.530138
vt 0.286128 0.514125
vt 0.285590 0.513599
vt 0.286010 0.521548
vt 0.285045 0.522820
vt 0.286625 0.514615
vt 0.286681 0.521541
vt 0.285828 0.525837
vt 0.285086 0.524607
vt 0.286595 0.526804
vt 0.284651 0.515379
vt 0.285650 0.507476
vt 0.284327 0.507826
vt 0.284856 0.505171
vt 0.283390 0.499021
vt 0.283630 0.505927
vt 0.283964 0.513988
vt 0.286126 0.508153
vt 0.287417 0.520609
vt 0.287500 0.517201
vt 0.285802 0.503241
vt 0.285305 0.501880
vt 0.284723 0.500261
vt 0.346760 0.135008
vt 0.347002 0.127500
vt 0.346146 0.128818
vt 0.345511 0.122943
vt 0.346077 0.119899
vt 0.347552 0.133168
vt 0.347353 0.141291
vt 0.347929 0.137715
vt 0.348144 0.139620
vt 0.345706 0.115458
vt 0.344873 0.117353
vt 0.345145 0.110604
vt 0.344382 0.113076
vt 0.343885 0.109007
vt 0.344385 0.105620
vt 0.343339 0.104663
vt 0.343576 0.110290
vt 0.343800 0.117514
vt 0.343319 0.112553
vt 0.348503 0.141836
vt 0.347910 0.147297
vt 0.348827 0.147923
vt 0.348256 0.151515
vt 0.348580 0.156062
vt 0.349251 0.153836
vt 0.347724 0.152441
vt 0.349853 0.160760
vt 0.342802 0.108950
vt 0.342849 0.100632
vt 0.342225 0.104713
vt 0.341593 0.100729
vt 0.348884 0.161121
vt 0.349508 0.172704
vt 0.349991 0.164762
vt 0.341109 0.132749
vt 0.343356 0.123946
vt 0.341254 0.126041
vt 0.344534 0.136763
vt 0.344951 0.147556
vt 0.342473 0.145865
vt 0.340564 0.144123
vt 0.341198 0.152061
vt 0.346285 0.141874
vt 0.343293 0.158498
vt 0.343946 0.169327
vt 0.344172 0.158740
vt 0.343890 0.164885
vt 0.344895 0.166988
vt 0.345714 0.159487
vt 0.346012 0.153103
vt 0.346035 0.147811
vt 0.346912 0.154367
vt 0.346922 0.147604
vt 0.347297 0.152667
vt 0.344939 0.182624
vt 0.339257 0.129231
vt 0.339604 0.123110
vt 0.340012 0.117011
vt 0.345990 0.164339
vt 0.346438 0.175324
vt 0.347121 0.169143
vt 0.347642 0.157536
vt 0.341977 0.164537
vt 0.337951 0.118991
vt 0.339012 0.115292
vt 0.341213 0.158153
vt 0.339893 0.151031
vt 0.339089 0.143916
vt 0.336809 0.129002
vt 0.342623 0.116730
vt 0.337351 0.125340
vt 0.346337 0.182954
vt 0.347586 0.181663
vt 0.347642 0.172973
vt 0.348441 0.174297
vt 0.348093 0.165886
vt 0.349750 0.180498
vt 0.349961 0.186203
vt 0.351041 0.185144
vt 0.348533 0.187385
vt 0.351123 0.177613
vt 0.342436 0.178612
vt 0.341662 0.171496
vt 0.341278 0.113413
vt 0.340377 0.112211
vt 0.337110 0.113842
vt 0.335925 0.122060
vt 0.339646 0.108873
vt 0.338752 0.105683
vt 0.337100 0.099524
vt 0.338670 0.094122
vt 0.338173 0.085623
vt 0.339153 0.088488
vt 0.340194 0.088810
vt 0.336438 0.108599
vt 0.339621 0.098308
vt 0.340116 0.103775
vt 0.340479 0.100099
vt 0.341602 0.110049
vt 0.335975 0.113738
vt 0.335652 0.104516
vt 0.340955 0.093980
vt 0.337344 0.082780
vt 0.338219 0.076556
vt 0.339308 0.082893
vt 0.337168 0.072449
vt 0.340971 0.106030
vt 0.341972 0.106676
vt 0.336377 0.080618
vt 0.335171 0.072595
vt 0.336052 0.071110
vt 0.336318 0.068215
vt 0.335132 0.081860
vt 0.335831 0.061503
vt 0.336739 0.063647
vt 0.337450 0.066122
vt 0.338095 0.069475
vt 0.350602 0.170443
vt 0.337769 0.061427
vt 0.338857 0.070345
vt 0.339248 0.074366
vt 0.337052 0.060690
vt 0.340409 0.079172
vt 0.341378 0.082945
vt 0.139223 0.743375
vt 0.139878 0.738119
vt 0.138978 0.739945
vt 0.219776 0.106192
vt 0.079892 0.872433
vt 0.523082 0.356096
vt 0.522096 0.356078
vt 0.523957 0.356005
vt 0.520652 0.356071
vt 0.506742 0.358588
vt 0.510448 0.357701
vt 0.515627 0.356716
vt 0.524907 0.355938
vt 0.518764 0.356079
vt 0.505372 0.358650
vt 0.504651 0.358664
vt 0.516924 0.356444
vt 0.531089 0.354210
vt 0.528981 0.354721
vt 0.538558 0.353283
vt 0.536869 0.353314
vt 0.496247 0.360277
vt 0.501051 0.358822
vt 0.535063 0.353308
vt 0.533594 0.353562
vt 0.543980 0.353249
vt 0.540867 0.353173
vt 0.539962 0.353186
vt 0.495282 0.360289
vt 0.550509 0.352414
vt 0.545410 0.353340
vt 0.492263 0.360476
vt 0.548181 0.352974
vt 0.546657 0.353338
vt 0.551688 0.352154
vt 0.555423 0.351605
vt 0.488498 0.361740
vt 0.556166 0.351392
vt 0.558807 0.350711
vt 0.560407 0.350356
vt 0.561837 0.350147
vt 0.485095 0.361228
vt 0.563934 0.349934
vt 0.568672 0.349088
vt 0.566671 0.349535
vt 0.483663 0.360840
vt 0.570208 0.348942
vt 0.482666 0.360693
vt 0.571621 0.348838
vt 0.573283 0.348699
vt 0.575086 0.348351
vt 0.575985 0.348237
vt 0.579231 0.347872
vt 0.580332 0.347622
vt 0.581770 0.347335
vt 0.583212 0.347097
vt 0.586843 0.346732
vt 0.585203 0.346866
vt 0.197193 0.545941
vt 0.188295 0.533715
vt 0.187122 0.532211
vt 0.193914 0.541791
vt 0.199453 0.548889
vt 0.207997 0.559879
vt 0.190768 0.536934
vt 0.201026 0.550921
vt 0.179645 0.522405
vt 0.181652 0.525528
vt 0.176733 0.518594
vt 0.178082 0.520486
vt 0.217449 0.572983
vt 0.210908 0.563906
vt 0.212228 0.565956
vt 0.204525 0.555421
vt 0.216100 0.571002
vt 0.205927 0.559935
vt 0.214083 0.568409
vt 0.221433 0.577640
vt 0.214892 0.569432
vt 0.220671 0.576652
vt 0.225220 0.582533
vt 0.227304 0.585867
vt 0.228026 0.587510
vt 0.231242 0.589129
vt 0.231981 0.589655
vt 0.234127 0.590924
vt 0.237386 0.592581
vt 0.239271 0.593803
vt 0.241215 0.595571
vt 0.244868 0.598742
vt 0.246840 0.600322
vt 0.250329 0.602622
vt 0.251120 0.603085
vt 0.253840 0.604022
vt 0.254702 0.604203
vt 0.255995 0.604609
vt 0.257517 0.604941
vt 0.258530 0.604802
vt 0.260518 0.604955
vt 0.262256 0.605655
vt 0.264252 0.606333
vt 0.266388 0.607101
vt 0.267526 0.607449
vt 0.268820 0.608057
vt 0.270030 0.608693
vt 0.272959 0.609711
vt 0.273761 0.610034
vt 0.277178 0.612198
vt 0.279050 0.612980
vt 0.280668 0.614207
vt 0.284004 0.616671
vt 0.285265 0.618059
vt 0.287449 0.619820
vt 0.290366 0.621965
vt 0.291427 0.622799
vt 0.293357 0.624455
vt 0.295666 0.611843
vt 0.295615 0.606303
vt 0.295543 0.593922
vt 0.295486 0.584476
vt 0.295432 0.572255
vt 0.295365 0.559393
vt 0.295217 0.533628
vt 0.295057 0.507685
vt 0.295026 0.501429
vt 0.104798 0.572413
vt 0.103703 0.570949
vt 0.102790 0.569845
vt 0.095947 0.561630
vt 0.094621 0.559957
vt 0.088786 0.552190
vt 0.087814 0.550869
vt 0.085026 0.547516
vt 0.084265 0.546625
vt 0.108722 0.577764
vt 0.097113 0.563008
vt 0.091809 0.556182
vt 0.083257 0.545149
vt 0.077143 0.537311
vt 0.078674 0.539328
vt 0.071710 0.530303
vt 0.070045 0.528183
vt 0.123300 0.595638
vt 0.120308 0.591959
vt 0.111218 0.580990
vt 0.110404 0.579913
vt 0.082467 0.544215
vt 0.075413 0.535116
vt 0.067545 0.525723
vt 0.119490 0.590884
vt 0.124384 0.596882
vt 0.066047 0.524154
vt 0.117759 0.588788
vt 0.114608 0.584991
vt 0.125461 0.598168
vt 0.128852 0.602978
vt 0.126526 0.599598
vt 0.063948 0.521739
vt 0.059944 0.517127
vt 0.060757 0.517970
vt 0.059126 0.516275
vt 0.054973 0.512050
vt 0.045844 0.500961
vt 0.018967 0.584059
vt 0.129923 0.604517
vt 0.053918 0.510823
vt 0.052328 0.508719
vt 0.018820 0.544484
vt 0.018817 0.558131
vt 0.018855 0.564414
vt 0.018952 0.574089
vt 0.132415 0.607447
vt 0.050959 0.506947
vt 0.041193 0.495567
vt 0.018848 0.538040
vt 0.136764 0.611567
vt 0.135964 0.610967
vt 0.133894 0.609235
vt 0.033143 0.487436
vt 0.029359 0.483428
vt 0.018882 0.514100
vt 0.018866 0.521031
vt 0.137436 0.612089
vt 0.035574 0.489589
vt 0.034087 0.488251
vt 0.027134 0.480699
vt 0.018876 0.509136
vt 0.138704 0.613645
vt 0.022813 0.475239
vt 0.018851 0.500953
vt 0.140211 0.615402
vt 0.018908 0.472217
vt 0.018880 0.495220
vt 0.142787 0.619200
vt 0.018894 0.486403
vt 0.144288 0.621265
vt 0.146522 0.624198
vt 0.148302 0.626947
vt 0.149493 0.628843
vt 0.151915 0.632408
vt 0.151260 0.631452
vt 0.154324 0.635481
vt 0.155641 0.637161
vt 0.156448 0.638272
vt 0.157248 0.639363
vt 0.159829 0.642854
vt 0.163733 0.647071
vt 0.164671 0.648193
vt 0.690485 0.565222
vt 0.689878 0.559448
vt 0.688956 0.551011
vt 0.687254 0.535562
vt 0.687960 0.542154
vt 0.684627 0.512205
vt 0.685647 0.521432
vt 0.686300 0.527137
vt 0.683401 0.501488
vt 0.682722 0.495301
vt 0.682025 0.489413
vt 0.680573 0.476564
vt 0.678546 0.458683
vt 0.679799 0.469720
vt 0.677108 0.446368
vt 0.676698 0.443157
vt 0.675624 0.433080
vt 0.675100 0.428496
vt 0.674630 0.424183
vt 0.673962 0.417926
vt 0.672304 0.402407
vt 0.671012 0.390628
vt 0.670062 0.382102
vt 0.669041 0.372954
vt 0.668130 0.364507
vt 0.666727 0.351705
vt 0.665668 0.342176
vt 0.663448 0.321150
vt 0.662322 0.311540
vt 0.660589 0.295836
vt 0.659179 0.282487
vt 0.659765 0.287954
vt 0.658465 0.276012
vt 0.657053 0.264102
vt 0.655268 0.247690
vt 0.654060 0.236773
vt 0.652747 0.226344
vt 0.650779 0.211434
vt 0.649642 0.202322
vt 0.648951 0.196644
vt 0.646920 0.178667
vt 0.644987 0.161224
vt 0.643781 0.150416
vt 0.852760 0.404155
vt 0.852310 0.406561
vt 0.854226 0.396817
vt 0.853864 0.398587
vt 0.851514 0.410548
vt 0.851865 0.408857
vt 0.853419 0.400695
vt 0.854652 0.394628
vt 0.855683 0.389620
vt 0.855096 0.392434
vt 0.851024 0.412986
vt 0.856348 0.386697
vt 0.857246 0.382691
vt 0.857678 0.380743
vt 0.853046 0.418943
vt 0.856744 0.384934
vt 0.859319 0.373250
vt 0.856094 0.427350
vt 0.855465 0.425596
vt 0.860157 0.369354
vt 0.861325 0.363970
vt 0.418086 0.560188
vt 0.418841 0.557872
vt 0.417410 0.562241
vt 0.420347 0.553961
vt 0.423798 0.544854
vt 0.415260 0.570175
vt 0.412620 0.580330
vt 0.426227 0.537277
vt 0.427866 0.532310
vt 0.429620 0.526613
vt 0.406201 0.600836
vt 0.405423 0.603328
vt 0.430693 0.523142
vt 0.434255 0.523774
vt 0.431772 0.519870
vt 0.407888 0.595636
vt 0.411278 0.584659
vt 0.408567 0.593411
vt 0.435077 0.531823
vt 0.435442 0.535374
vt 0.436011 0.541109
vt 0.436313 0.544139
vt 0.436637 0.547456
vt 0.437621 0.557267
vt 0.437132 0.552471
vt 0.438720 0.568354
vt 0.438373 0.564978
vt 0.440209 0.583276
vt 0.439948 0.580709
vt 0.439271 0.573977
vt 0.440886 0.589961
vt 0.442058 0.601968
vt 0.442402 0.605401
vt 0.443580 0.617571
vt 0.443799 0.619719
vt 0.444028 0.621946
vt 0.444573 0.627519
vt 0.444974 0.631654
vn 0.436034 -0.004615 0.840672
vn 0.011909 0.112272 0.927910
vn 0.051294 0.205628 0.875644
vn -0.280153 0.576433 0.724600
vn 0.142966 0.235724 0.880111
vn -0.409332 0.471603 0.739996
vn -0.193162 0.455034 0.838174
vn 0.383817 0.097913 0.899454
vn -0.528197 0.678550 0.463953
vn -0.396448 0.696522 0.575517
vn -0.233028 0.427923 0.859082
vn 0.196310 0.259415 0.899176
vn -0.437897 0.740635 0.490921
vn -0.678109 0.548452 0.453035
vn -0.579490 0.489272 0.622500
vn 0.461146 0.120324 0.846299
vn -0.604593 0.737133 0.271829
vn -0.712302 0.647126 0.257367
vn -0.541816 0.750123 0.357505
vn 0.200529 0.330607 0.827422
vn -0.360224 0.511197 0.746240
vn -0.744066 0.523081 0.398641
vn -0.526814 0.730847 0.423381
vn -0.681133 0.504382 0.508577
vn 0.710607 -0.124466 0.640356
vn -0.656878 0.725381 0.190096
vn -0.713371 0.580927 0.384235
vn -0.623297 0.739373 0.229219
vn -0.215848 0.553002 0.768189
vn -0.556594 0.589776 0.558713
vn 0.573464 -0.125779 0.710139
vn -0.666548 0.664386 0.327291
vn -0.762715 0.469154 0.439143
vn 0.082708 0.236094 0.928179
vn -0.770016 0.503194 0.365873
vn 0.718858 -0.408098 0.562292
vn -0.584256 0.742485 0.305110
vn -0.588545 0.771483 0.194549
vn -0.718205 0.538106 0.424396
vn -0.050851 0.585385 0.622566
vn -0.441333 0.774876 0.270836
vn 0.405343 -0.026820 0.789034
vn -0.636740 0.677000 0.365643
vn -0.727597 0.530840 0.367988
vn -0.782278 0.412673 0.466094
vn -0.566491 0.751763 0.121644
vn -0.493796 0.796249 0.348011
vn -0.565001 0.741900 0.352129
vn -0.713943 0.530840 0.402416
vn 0.523985 0.195608 0.744601
vn 0.040136 0.959035 0.077258
vn -0.122689 0.957751 -0.121437
vn -0.565874 0.741940 0.349583
vn -0.325965 0.916231 -0.034155
vn 0.593001 0.023707 0.733340
vn 0.395587 0.687952 0.506202
vn -0.460332 0.838624 0.186329
vn 0.577891 0.188292 0.762576
vn 0.586534 0.050995 0.760081
vn 0.063256 0.975268 -0.178081
vn 0.257965 0.927684 0.146984
vn -0.000186 0.971030 -0.221051
vn -0.113507 0.979627 -0.079324
vn -0.393636 0.873316 0.122217
vn 0.481218 0.556701 0.494323
vn 0.554178 0.162703 0.724964
vn 0.431161 0.700989 0.463519
vn -0.555453 0.778133 0.215436
vn 0.354968 0.635738 0.484567
vn 0.571272 0.050603 0.781353
vn 0.008259 0.973303 -0.216944
vn 0.050674 0.983169 -0.022520
vn 0.310835 0.759636 0.469684
vn 0.037241 0.979316 -0.187721
vn -0.001637 0.983342 -0.142216
vn -0.366849 0.850939 0.165089
vn -0.269598 0.928122 0.042888
vn 0.292109 0.586328 0.560676
vn 0.019293 0.984231 0.004272
vn 0.566302 -0.025994 0.812819
vn 0.049401 0.956889 0.241413
vn 0.360891 0.442867 0.627297
vn 0.446062 0.349549 0.757710
vn -0.006011 0.974916 -0.210691
vn -0.072516 0.992810 -0.025281
vn 0.030593 0.958754 0.199538
vn 0.066024 0.984770 -0.158888
vn 0.019975 0.986632 -0.116242
vn -0.112061 0.983007 0.102073
vn -0.088371 0.964129 0.164010
vn 0.487664 0.202668 0.813550
vn 0.453410 0.404358 0.588629
vn 0.263257 0.689137 0.637623
vn -0.071377 0.979568 -0.172669
vn -0.064035 0.990578 0.062133
vn 0.080467 0.935434 0.138752
vn -0.118647 0.973339 -0.193431
vn -0.090657 0.983347 0.115543
vn -0.125956 0.984756 -0.071690
vn -0.025511 0.866344 0.426097
vn -0.078612 0.991931 0.023851
vn -0.058017 0.988832 0.129155
vn 0.049869 0.993477 0.053143
vn 0.595663 0.203430 0.760518
vn 0.230574 0.606222 0.693837
vn -0.010147 0.984589 -0.023997
vn -0.195356 0.963007 0.144802
vn 0.011676 0.990347 0.122295
vn 0.478404 0.506036 0.531033
vn 0.107809 0.922297 0.235504
vn -0.155599 0.850545 0.442496
vn -0.019517 0.996508 0.030275
vn -0.023088 0.988600 0.146520
vn 0.039371 0.996017 0.061707
vn -0.018911 0.990438 -0.113884
vn 0.474991 0.592209 0.417376
vn 0.472759 0.529757 0.634661
vn -0.020342 0.990279 -0.044835
vn 0.016448 0.839864 0.499760
vn -0.010311 0.997077 0.034188
vn 0.057964 0.995525 0.039823
vn -0.060697 0.990437 -0.106887
vn 0.203591 0.919795 0.074592
vn 0.140093 0.896642 0.182144
vn -0.226581 0.901958 0.322270
vn 0.049306 0.991696 -0.092223
vn 0.000302 0.999389 0.004601
vn 0.054093 0.997149 0.017237
vn 0.002280 0.998594 0.047242
vn -0.013715 0.986545 -0.116373
vn 0.004938 0.981212 -0.046602
vn 0.489984 0.696606 0.380544
vn 0.128232 0.859144 0.469829
vn -0.198358 0.961679 0.180076
vn -0.095784 0.941964 0.292286
vn -0.045380 0.997547 -0.022359
vn 0.014150 0.999321 -0.024613
vn 0.007792 0.998901 0.039144
vn -0.094525 0.989223 -0.085123
vn 0.179128 0.923238 0.098520
vn 0.368604 0.716138 0.549971
vn -0.013018 0.992489 -0.101501
vn -0.012440 0.997515 -0.037801
vn 0.104031 0.991677 -0.039037
vn 0.019440 0.996250 -0.064238
vn -0.024759 0.998459 -0.018182
vn -0.007833 0.998589 0.017486
vn -0.010825 0.998013 0.001302
vn -0.101506 0.986365 -0.121948
vn 0.098717 0.969681 -0.022841
vn 0.336765 0.828250 0.373478
vn 0.137276 0.867080 0.444996
vn -0.039262 0.921471 0.373834
vn -0.136448 0.958122 0.227265
vn -0.004741 0.996543 -0.037534
vn 0.051659 0.998056 -0.007938
vn 0.095394 0.993432 -0.043079
vn -0.038575 0.996872 -0.062315
vn -0.026042 0.998025 -0.028187
vn 0.004647 0.998660 -0.026759
vn -0.061440 0.991899 -0.096666
vn 0.151802 0.966949 0.078232
vn -0.149287 0.975334 0.155288
vn 0.017753 0.998302 -0.040438
vn -0.020602 0.997453 -0.025207
vn -0.045572 0.994944 -0.075528
vn -0.020316 0.996258 -0.044875
vn -0.006400 0.997009 -0.026849
vn 0.060213 0.996385 -0.053347
vn 0.088066 0.983429 -0.013038
vn 0.201742 0.900887 0.339852
vn -0.001716 0.992190 -0.117167
vn -0.101387 0.970449 0.200326
vn 0.020244 0.997763 -0.053620
vn 0.077464 0.995981 -0.036656
vn 0.018377 0.996802 0.007417
vn -0.057235 0.997961 -0.013921
vn 0.040147 0.999060 -0.001507
vn -0.001106 0.998766 -0.031159
vn 0.156814 0.966602 0.071152
vn 0.060510 0.926131 0.347243
vn 0.033434 0.990213 -0.099167
vn -0.005720 0.981562 0.173246
vn -0.026418 0.997877 -0.054099
vn 0.027936 0.996398 -0.071616
vn 0.015489 0.999174 -0.023520
vn -0.011862 0.993548 -0.089538
vn 0.073640 0.996479 -0.002080
vn 0.011897 0.997073 -0.030859
vn 0.058536 0.996772 -0.037568
vn 0.025776 0.999515 -0.006311
vn 0.156637 0.935462 0.300135
vn 0.003358 0.997943 -0.021338
vn -0.034023 0.974678 0.219038
vn -0.009737 0.997910 -0.059573
vn 0.014422 0.998433 -0.037255
vn -0.060736 0.997494 -0.016369
vn -0.026759 0.998051 -0.009274
vn 0.044840 0.996671 -0.036788
vn 0.030212 0.996846 -0.034461
vn 0.031121 0.998795 -0.007538
vn 0.033505 0.999172 0.000557
vn 0.034276 0.986886 0.123458
vn 0.096564 0.977727 0.129776
vn 0.056254 0.965629 0.238810
vn 0.005996 0.997180 -0.015079
vn 0.002493 0.999572 0.005315
vn -0.024619 0.998962 -0.027221
vn -0.029806 0.997773 -0.033618
vn -0.019045 0.998033 -0.047884
vn 0.007895 0.999338 -0.019454
vn 0.105809 0.979286 0.103138
vn 0.167111 0.954504 0.243963
vn -0.005416 0.999419 0.025166
vn -0.017550 0.988183 -0.105824
vn 0.101242 0.979760 0.170791
vn 0.027850 0.998313 -0.042158
vn 0.016618 0.999128 -0.032565
vn -0.037367 0.998807 0.000707
vn 0.010827 0.999056 -0.022848
vn -0.040335 0.997210 -0.060278
vn -0.053812 0.997721 -0.027107
vn 0.065736 0.994826 -0.070990
vn -0.016270 0.997196 -0.062991
vn 0.035803 0.998597 -0.022821
vn -0.032707 0.996455 -0.048651
vn 0.202484 0.958456 0.187192
vn 0.128221 0.968427 0.206851
vn -0.016734 0.998930 0.020721
vn -0.011464 0.999499 0.023543
vn 0.057531 0.996008 -0.060232
vn 0.013337 0.999129 -0.014806
vn 0.011459 0.999285 -0.000970
vn -0.034540 0.999082 0.004831
vn -0.043536 0.997047 -0.048629
vn -0.022910 0.998590 -0.026221
vn -0.073127 0.997265 -0.006106
vn 0.028501 0.997167 -0.062405
vn -0.015345 0.997977 -0.055787
vn -0.032028 0.996985 -0.064817
vn 0.019403 0.999318 -0.014317
vn -0.039997 0.997574 -0.007302
vn 0.089993 0.990205 0.057788
vn 0.188194 0.960240 0.198162
vn -0.010040 0.998556 0.029353
vn -0.057901 0.996794 -0.023362
vn -0.011694 0.999715 0.010212
vn 0.029558 0.998800 -0.009330
vn -0.007681 0.999170 -0.024642
vn -0.030833 0.999154 -0.014940
vn -0.007786 0.999100 -0.010679
vn 0.008214 0.998492 -0.035806
vn -0.039501 0.998414 -0.003922
vn -0.004625 0.997775 -0.054899
vn -0.015530 0.998558 -0.039462
vn 0.022165 0.992643 -0.012839
vn 0.135717 0.974213 0.137901
vn 0.219617 0.955528 0.188484
vn -0.055414 0.998331 -0.009929
vn -0.011650 0.998959 0.025347
vn -0.017168 0.999819 0.003675
vn 0.032558 0.999230 -0.001457
vn 0.044923 0.998142 -0.025607
vn 0.009776 0.997287 -0.065359
vn -0.025300 0.998986 -0.002822
vn 0.029316 0.999318 -0.001527
vn -0.013573 0.998861 0.009895
vn 0.158375 0.970181 0.182610
vn -0.044035 0.998589 -0.008756
vn 0.023590 0.999372 0.012643
vn -0.012782 0.999758 -0.008949
vn 0.043104 0.998163 -0.039932
vn -0.041645 0.998832 -0.021892
vn 0.033833 0.997962 -0.048795
vn 0.000069 0.998376 0.012474
vn 0.032973 0.996316 -0.043012
vn -0.021577 0.998556 -0.032399
vn -0.009149 0.998744 -0.017475
vn -0.026022 0.998787 -0.031605
vn 0.006320 0.999545 -0.018721
vn 0.093786 0.983056 0.092833
vn 0.195993 0.959807 0.197987
vn 0.158494 0.963460 0.210312
vn -0.004209 0.999188 0.001082
vn 0.029705 0.998398 -0.045171
vn 0.002710 0.999145 -0.024540
vn -0.012323 0.999220 -0.021567
vn -0.032752 0.999317 -0.011426
vn 0.026380 0.999508 -0.013390
vn 0.028110 0.999036 -0.002050
vn 0.043181 0.997252 -0.048331
vn -0.026315 0.998948 -0.017270
vn -0.000629 0.999139 -0.022646
vn -0.041970 0.998730 -0.018381
vn -0.034184 0.998296 -0.036348
vn 0.037976 0.998582 -0.004321
vn 0.120764 0.972994 0.195867
vn 0.031843 0.998158 -0.050814
vn 0.003598 0.998956 -0.013941
vn 0.051558 0.997946 -0.023312
vn -0.040750 0.998634 -0.011336
vn -0.024994 0.998803 -0.036697
vn -0.026119 0.999072 -0.025239
vn 0.034247 0.998466 -0.010600
vn -0.023051 0.998908 -0.037752
vn 0.056992 0.990942 0.046592
vn 0.061004 0.960959 0.262341
vn -0.005153 0.999034 -0.028841
vn -0.031968 0.999171 -0.009524
vn -0.008059 0.999610 -0.016928
vn -0.013147 0.998641 -0.044877
vn -0.024127 0.999231 -0.030689
vn -0.025109 0.998549 -0.040427
vn 0.152890 0.967714 0.182288
vn 0.024033 0.997511 0.021686
vn 0.104708 0.966148 0.227564
vn -0.006709 0.998728 -0.038217
vn -0.023443 0.999445 -0.014340
vn -0.024384 0.999531 -0.009230
vn -0.020381 0.999342 -0.028364
vn -0.014413 0.998968 -0.033845
vn -0.014891 0.999077 -0.032406
vn -0.007268 0.998612 -0.041007
vn 0.015790 0.998029 -0.049086
vn -0.027085 0.999284 -0.017487
vn -0.042430 0.996127 0.023426
vn -0.032693 0.997155 0.041150
vn 0.015942 0.968613 0.221597
vn -0.013898 0.998825 -0.040629
vn -0.028075 0.999409 -0.015407
vn -0.000353 0.999282 -0.010973
vn 0.009918 0.999148 -0.037431
vn 0.014740 0.967788 0.234715
vn -0.009131 0.998636 -0.042237
vn -0.024098 0.999562 -0.015027
vn -0.040276 0.999076 -0.008467
vn -0.025517 0.998365 -0.048883
vn 0.020177 0.997659 -0.004460
vn -0.015900 0.994329 0.064734
vn -0.026099 0.998844 -0.020661
vn -0.005634 0.998399 -0.050949
vn -0.010503 0.999487 -0.009810
vn 0.000194 0.999372 -0.000632
vn -0.020304 0.998696 -0.044193
vn -0.030393 0.999195 -0.018497
vn 0.058158 0.996276 0.020273
vn -0.002752 0.998986 -0.038322
vn -0.008974 0.999440 -0.015940
vn -0.001605 0.998739 -0.045423
vn 0.008263 0.999323 0.017596
vn -0.012624 0.999649 -0.006701
vn 0.030641 0.999361 0.000011
vn -0.018834 0.999053 -0.035791
vn -0.000130 0.999228 -0.037219
vn 0.000877 0.999143 -0.035217
vn 0.013601 0.999327 0.005478
vn -0.002552 0.999620 0.021372
vn 0.035424 0.999135 -0.004695
vn -0.004261 0.999681 -0.001895
vn 0.007667 0.999463 -0.030526
vn -0.021789 0.999412 0.017235
vn 0.085367 0.995676 -0.036378
vn 0.003619 0.999121 -0.037104
vn -0.001415 0.998970 -0.041389
vn 0.005904 0.998825 -0.031261
vn -0.036628 0.998939 0.012046
vn -0.011547 0.999859 0.009671
vn -0.011001 0.998948 -0.043384
vn -0.021570 0.999065 -0.027641
vn -0.034031 0.999137 0.000909
vn -0.007560 0.999862 -0.005770
vn -0.017353 0.998778 -0.010085
vn -0.007141 0.999258 -0.034966
vn -0.008269 0.999227 -0.036712
vn -0.013985 0.999297 -0.034574
vn -0.004533 0.999944 0.009272
vn -0.015387 0.999246 -0.024989
vn -0.010138 0.999444 -0.022438
vn -0.003963 0.999506 -0.027670
vn -0.010781 0.999454 -0.029863
vn -0.015091 0.999381 -0.031460
vn -0.010367 0.998990 -0.021960
vn -0.022437 0.998550 -0.033599
vn -0.001482 0.999627 -0.026147
vn -0.010907 0.999605 -0.024109
vn 0.101084 0.309626 0.866194
vn 0.443192 -0.037520 0.856873
vn 0.516048 -0.159424 0.752217
vn 0.667183 -0.409504 0.589379
vn 0.418259 -0.090089 0.816316
vn 0.685780 -0.452928 0.533764
vn -0.074178 0.496144 0.830031
vn 0.706411 -0.526063 0.452279
vn 0.639224 -0.443996 0.577432
vn 0.241052 0.106803 0.828926
vn -0.312242 0.657200 0.668853
vn 0.777073 -0.487530 0.348244
vn 0.679195 -0.580276 0.445440
vn 0.713784 -0.496892 0.484901
vn -0.257330 0.686577 0.624788
vn 0.797705 -0.292613 0.492539
vn 0.706518 -0.620263 0.332234
vn 0.699821 -0.556954 0.413396
vn 0.513956 -0.270655 0.653842
vn 0.028675 0.576707 0.694948
vn -0.391639 0.826661 0.382924
vn 0.862429 -0.371488 0.273748
vn 0.815782 -0.496435 0.218394
vn 0.662769 -0.596578 0.451632
vn 0.727864 -0.423733 0.530307
vn -0.270318 0.869356 0.389243
vn 0.931334 -0.245606 0.226955
vn 0.898266 -0.373693 0.159801
vn 0.700196 -0.609819 0.286668
vn 0.654876 -0.537382 0.517545
vn 0.723524 -0.435635 0.497751
vn 0.242210 0.438430 0.770312
vn 0.002728 0.854033 0.481309
vn -0.411471 0.876830 0.229951
vn 0.944843 -0.277509 0.119431
vn 0.924081 -0.351981 -0.016740
vn 0.942955 -0.262318 0.126025
vn 0.624215 -0.631676 0.452773
vn 0.754038 -0.558471 0.304034
vn 0.660949 -0.356444 0.640557
vn 0.594204 -0.023933 0.707450
vn -0.302362 0.908176 0.253425
vn -0.485028 0.848633 0.198917
vn 0.926337 -0.309549 0.139118
vn 0.888674 -0.368341 0.145359
vn 0.657363 -0.625699 0.419970
vn 0.735347 -0.323141 0.553922
vn 0.574620 -0.558803 0.585801
vn 0.343038 0.655609 0.577388
vn 0.691394 -0.544944 0.398780
vn -0.041894 0.932865 0.310267
vn -0.434500 0.890173 0.113876
vn 0.910733 -0.354334 0.186774
vn 0.898432 0.051570 0.189439
vn 0.886200 0.195497 -0.019502
vn 0.828399 -0.408847 0.334534
vn 0.629000 -0.109199 0.762809
vn 0.574739 -0.251468 0.752449
vn 0.553876 0.627383 0.323005
vn 0.766696 -0.039568 0.366769
vn -0.274953 0.948246 0.060221
vn -0.413999 0.901347 0.091438
vn 0.772026 -0.474179 0.392347
vn 0.857379 -0.232551 0.372410
vn 0.785800 0.338273 0.139274
vn 0.835324 -0.086418 0.203940
vn 0.690952 -0.280247 0.648168
vn 0.276275 0.912647 0.213481
vn -0.039697 0.978455 0.119448
vn -0.340770 0.934290 0.016496
vn 0.557819 0.467948 0.338546
vn 0.491044 0.694532 0.169278
vn 0.481490 0.789303 0.078222
vn 0.681922 0.293307 0.393857
vn 0.794168 0.019277 0.410333
vn 0.532121 -0.048797 0.840461
vn 0.571692 -0.215672 0.777589
vn 0.647688 0.537606 0.273284
vn -0.097264 0.984943 -0.074211
vn 0.788401 -0.161098 0.496339
vn 0.482520 0.816690 0.231374
vn 0.661688 0.088538 0.601528
vn 0.531297 -0.078158 0.835260
vn 0.222393 0.949421 0.051183
vn -0.173348 0.975379 -0.045535
vn 0.712138 -0.465977 0.522501
vn 0.578017 0.553934 0.256235
vn -0.007160 0.993038 -0.006832
vn -0.012530 0.991961 -0.026637
vn 0.138230 0.973518 -0.000105
vn 0.413530 0.771372 0.380110
vn 0.603594 0.612717 0.339732
vn 0.624393 -0.026960 0.726744
vn 0.571190 0.019243 0.754108
vn 0.093220 0.974336 -0.163576
vn -0.065917 0.986771 -0.143835
vn -0.145212 0.986013 0.030631
vn 0.817088 0.003837 0.403646
vn 0.611090 0.501172 0.259253
vn 0.124689 0.955424 0.064622
vn -0.021617 0.988218 -0.008997
vn 0.157257 0.962377 0.077310
vn 0.639154 0.669599 0.243078
vn 0.655763 0.089542 0.708148
vn 0.713902 0.477395 0.378976
vn 0.353084 0.921205 0.006731
vn 0.066691 0.985854 -0.102034
vn -0.035265 0.996265 -0.012707
vn 0.047535 0.980381 -0.084115
vn -0.026488 0.992140 -0.104740
vn -0.045878 0.997866 -0.004271
vn -0.056505 0.991845 -0.095728
vn 0.100053 0.967152 -0.030126
vn 0.821203 0.237471 0.313711
vn 0.663255 0.323434 0.525328
vn 0.591534 0.643803 0.295297
vn 0.265815 0.934255 -0.197632
vn 0.021848 0.995839 -0.005562
vn 0.373446 0.814173 -0.034949
vn 0.001890 0.997609 -0.030170
vn 0.023617 0.997253 0.021415
vn -0.069208 0.992321 -0.086721
vn 0.141152 0.923886 0.172807
vn 0.478712 0.842396 -0.043602
vn 0.750592 0.320844 0.516133
vn 0.841323 0.298229 0.146936
vn 0.239775 0.944879 -0.202257
vn 0.153457 0.966579 -0.194640
vn -0.004293 0.988464 -0.124747
vn 0.018175 0.995374 -0.079274
vn 0.000796 0.999154 0.021066
vn -0.092234 0.984082 -0.022073
vn 0.356216 0.697964 0.522900
vn 0.673718 0.437617 0.574068
vn 0.785927 0.552747 -0.003265
vn 0.704795 0.609584 -0.227522
vn 0.621596 0.741718 -0.010794
vn 0.525225 0.816264 -0.207130
vn 0.227134 0.963094 -0.116310
vn 0.170587 0.983623 -0.047652
vn 0.032759 0.998607 -0.003217
vn 0.048516 0.997459 0.020985
vn -0.012455 0.994981 -0.019946
vn 0.598109 0.284056 0.668562
vn 0.010615 0.817966 0.526951
vn 0.743044 0.553663 0.298906
vn 0.387006 0.897551 -0.190480
vn 0.002213 0.999795 0.010902
vn 0.046474 0.998321 -0.002953
vn 0.061079 0.997263 0.015975
vn 0.084613 0.994065 0.025602
vn -0.160699 0.983684 -0.012330
vn 0.318091 0.468312 0.704069
vn 0.025523 0.882029 0.383262
vn 0.689014 0.587278 0.364531
vn 0.711442 0.683218 -0.115465
vn 0.636397 0.723620 -0.237547
vn 0.517961 0.827430 -0.179497
vn 0.249711 0.961889 -0.084153
vn 0.023670 0.999430 0.002942
vn 0.061794 0.996637 0.012448
vn -0.113614 0.989542 0.026655
vn 0.583923 0.077235 0.668326
vn 0.236821 0.634597 0.673619
vn 0.724945 0.675543 0.035963
vn 0.350812 0.919283 -0.150647
vn 0.028354 0.999304 0.014084
vn 0.031684 0.998472 -0.013729
vn 0.040296 0.996691 -0.037136
vn 0.050376 0.997677 0.011435
vn 0.149638 0.987058 0.016880
vn -0.034128 0.996864 0.009603
vn 0.628443 -0.359654 0.604082
vn 0.275987 0.820397 0.462115
vn 0.097112 0.943458 0.227307
vn 0.679610 0.725658 -0.100632
vn 0.676246 0.720282 -0.133172
vn 0.630331 0.759591 -0.134026
vn 0.452720 0.884256 -0.039488
vn 0.053676 0.998264 -0.005362
vn 0.056923 0.997692 -0.009947
vn 0.114514 0.990050 -0.078856
vn 0.109644 0.992444 0.035174
vn 0.100334 0.991466 -0.048011
vn 0.440396 0.616468 0.644585
vn 0.691456 -0.534201 0.479987
vn 0.405527 0.704541 0.559298
vn 0.584276 0.802572 -0.012512
vn 0.040461 0.998019 0.013340
vn 0.104377 0.979842 0.107347
vn 0.165208 0.984355 0.037123
vn 0.601661 -0.633821 0.466683
vn 0.355948 0.854329 0.327258
vn 0.657535 0.747777 0.024710
vn 0.521638 0.852222 0.035738
vn 0.049118 0.998222 -0.009035
vn 0.047405 0.998147 0.016860
vn 0.049195 0.998412 0.004776
vn 0.026532 0.996026 -0.080467
vn 0.111722 0.989707 0.063469
vn 0.121289 0.990281 0.035603
vn 0.136369 0.987969 0.067914
vn 0.654725 -0.602048 0.455091
vn 0.503877 0.757331 0.414628
vn 0.577442 0.810187 0.072059
vn 0.017598 0.998786 0.015620
vn -0.002937 0.996519 -0.055503
vn 0.035609 0.995358 -0.054255
vn 0.130883 0.972404 0.183476
vn 0.111705 0.991458 0.058844
vn 0.181445 0.952404 0.199232
vn 0.221030 0.918587 0.265676
vn 0.623010 0.773621 0.099368
vn 0.023589 0.999707 -0.000301
vn -0.041565 0.997522 -0.011404
vn 0.000864 0.998456 -0.053935
vn -0.020160 0.995908 -0.082083
vn 0.134028 0.981808 0.115067
vn 0.091159 0.992515 0.040683
vn 0.610615 0.779830 0.136402
vn -0.039692 0.998153 -0.019405
vn -0.035745 0.995925 -0.065480
vn -0.057862 0.997992 0.011047
vn -0.000816 0.997403 -0.056267
vn 0.187624 0.973009 0.123152
vn 0.133246 0.985484 0.079063
vn 0.072365 0.994951 0.025210
vn -0.050993 0.995095 0.006764
vn -0.047339 0.996527 -0.037735
vn -0.040912 0.998477 0.019081
vn -0.027449 0.997449 -0.064726
vn 0.166105 0.966723 0.187162
vn 0.104817 0.991652 0.066842
vn 0.068099 0.995244 0.011674
vn -0.064576 0.994297 -0.000713
vn -0.042225 0.998613 -0.011134
vn -0.044898 0.995568 -0.079762
vn -0.002163 0.999572 -0.001867
vn -0.028607 0.997100 -0.068773
vn -0.017396 0.997418 -0.065546
vn 0.142932 0.987116 0.028127
vn 0.107043 0.990568 0.080134
vn 0.004536 0.999176 -0.031231
vn -0.034720 0.995390 0.046579
vn -0.027583 0.998929 -0.018019
vn -0.052441 0.993838 -0.084960
vn -0.017382 0.999637 -0.006084
vn 0.070090 0.993742 0.070791
vn 0.091090 0.993820 0.004861
vn 0.010702 0.996559 0.007038
vn -0.017453 0.999593 -0.016183
vn -0.051041 0.993074 -0.092222
vn -0.033813 0.998351 -0.027043
vn 0.087730 0.992581 -0.051044
vn -0.018239 0.999538 -0.010807
vn -0.012230 0.999319 -0.015727
vn -0.010845 0.999731 -0.009001
vn -0.071120 0.994695 -0.065471
vn -0.002484 0.997108 -0.009745
vn 0.071227 0.995508 0.036096
vn -0.051306 0.995634 -0.066882
vn -0.078253 0.991400 -0.066638
vn -0.017117 0.998797 -0.027163
vn -0.004751 0.999456 -0.012151
vn -0.029029 0.999358 -0.007216
vn -0.056214 0.995836 -0.053181
vn 0.061354 0.997008 0.030435
vn 0.007652 0.998386 -0.051088
vn -0.004916 0.999575 -0.007379
vn -0.081347 0.992504 -0.079799
vn -0.069516 0.994606 -0.063782
vn -0.060739 0.993435 -0.086146
vn -0.011507 0.996441 -0.048933
vn 0.073560 0.996322 0.020871
vn -0.044412 0.998847 -0.011879
vn -0.042642 0.998957 -0.008557
vn -0.005173 0.998570 -0.047558
vn -0.016767 0.998797 -0.040417
vn -0.016706 0.999314 -0.006347
vn 0.025342 0.997416 -0.009123
vn -0.044116 0.998706 -0.019995
vn -0.013355 0.998911 -0.033679
vn -0.025508 0.999406 0.006787
vn -0.120842 0.987837 -0.085357
vn -0.049569 0.997698 -0.044762
vn 0.028680 0.998532 -0.031166
vn -0.045126 0.998625 -0.023001
vn -0.050507 0.998469 -0.020380
vn 0.010775 0.999191 -0.035937
vn -0.010881 0.999621 -0.012792
vn -0.025645 0.998584 -0.035942
vn -0.036331 0.998835 0.011292
vn -0.033155 0.999353 -0.005827
vn -0.102619 0.992520 -0.033581
vn -0.055733 0.995007 -0.065383
vn 0.009540 0.999198 -0.035824
vn -0.053359 0.998259 -0.006170
vn 0.014002 0.999590 -0.014038
vn -0.128376 0.987572 -0.057511
vn -0.152908 0.983000 -0.091663
vn -0.105195 0.989723 -0.066048
vn -0.029937 0.999333 -0.010500
vn 0.014282 0.999436 -0.028421
vn 0.007761 0.999611 -0.025047
vn 0.020318 0.999511 -0.013941
vn 0.002443 0.999923 -0.004273
vn -0.035636 0.998836 -0.003213
vn -0.049292 0.998582 -0.001414
vn -0.002193 0.999545 -0.019975
vn 0.019489 0.999052 -0.035907
vn 0.002689 0.999897 -0.007475
vn 0.008791 0.999655 -0.013736
vn 0.006777 0.999838 -0.013741
vn -0.036471 0.999102 -0.008147
vn -0.011954 0.998763 -0.018595
vn -0.131234 0.986037 -0.076541
vn -0.161145 0.982180 -0.090721
vn 0.002257 0.999578 -0.014752
vn 0.001227 0.998980 -0.030445
vn 0.009229 0.999498 -0.028582
vn 0.015498 0.999509 -0.017807
vn 0.013670 0.998681 -0.025011
vn 0.016593 0.999329 -0.017012
vn -0.004256 0.999643 -0.014036
vn 0.006504 0.999945 -0.007168
vn -0.077283 0.989964 -0.061604
vn 0.021727 0.998355 -0.042734
vn -0.007768 0.998844 -0.032270
vn -0.010493 0.999391 -0.019996
vn -0.012121 0.999699 -0.012549
vn -0.023588 0.999476 -0.014132
vn -0.018106 0.999555 -0.012566
vn -0.027329 0.997766 -0.043928
vn 0.040775 0.998653 -0.024867
vn -0.027155 0.994379 -0.080792
vn 0.016510 0.999053 -0.039431
vn 0.006831 0.999177 -0.029696
vn -0.017859 0.999195 -0.023693
vn 0.011482 0.999227 -0.024805
vn -0.024923 0.999662 -0.007303
vn 0.040607 0.997894 -0.035712
vn 0.022247 0.999478 0.001384
vn -0.000394 0.996406 -0.014583
vn 0.004777 0.999081 -0.033465
vn -0.022096 0.999316 -0.025748
vn -0.026672 0.999337 -0.020147
vn -0.018197 0.999443 -0.022705
vn -0.012516 0.999435 -0.024729
vn -0.026654 0.999426 -0.015636
vn 0.031383 0.996768 -0.068355
vn 0.001257 0.998376 -0.045773
vn 0.048209 0.987723 0.139692
vn 0.018017 0.998154 -0.041787
vn -0.007780 0.999625 0.000911
vn -0.006532 0.999382 -0.024658
vn -0.010749 0.999526 -0.021323
vn 0.003603 0.999543 -0.019700
vn -0.010509 0.999246 -0.023159
vn -0.010236 0.999576 -0.012808
vn -0.005593 0.999638 -0.016326
vn 0.032145 0.997801 -0.053713
vn 0.037469 0.998744 -0.016398
vn -0.001304 0.998679 -0.034571
vn 0.004506 0.981572 0.164806
vn -0.031890 0.999153 -0.022745
vn -0.001774 0.999197 -0.027173
vn -0.016518 0.999723 -0.005961
vn -0.019363 0.999467 -0.012562
vn -0.005608 0.999383 -0.027793
vn -0.004019 0.999027 -0.036964
vn -0.002606 0.999529 -0.029101
vn -0.003616 0.999739 -0.018203
vn 0.035360 0.998242 -0.032307
vn 0.018173 0.998038 0.018476
vn -0.034780 0.965854 0.228155
vn 0.025410 0.999108 -0.015684
vn -0.002426 0.999204 -0.030239
vn 0.000539 0.999815 -0.001615
vn 0.020282 0.998850 -0.041060
vn 0.005105 0.999822 -0.010217
vn 0.003279 0.999847 -0.007360
vn -0.002438 0.999681 -0.020707
vn 0.000732 0.999711 -0.021906
vn -0.007014 0.998451 -0.033201
vn -0.006622 0.998795 -0.042463
vn 0.044713 0.974662 0.171761
vn -0.074969 0.948856 0.295364
vn 0.015628 0.999305 -0.019380
vn 0.000146 0.999858 -0.008466
vn 0.001967 0.999799 -0.012442
vn 0.013125 0.999302 -0.032751
vn 0.004593 0.999404 -0.029718
vn 0.001065 0.999605 -0.026550
vn 0.003965 0.999178 -0.037697
vn 0.081928 0.980849 0.110747
vn 0.003226 0.920246 0.367164
vn -0.114824 0.919759 0.360169
vn 0.030118 0.997725 -0.030732
vn 0.010915 0.999460 -0.020217
vn -0.009535 0.999490 -0.016456
vn -0.008679 0.999156 -0.032255
vn 0.002855 0.999959 -0.000168
vn -0.021223 0.999047 -0.014290
vn 0.003565 0.999755 -0.015697
vn 0.008022 0.999766 -0.014243
vn -0.002988 0.999549 -0.027549
vn -0.002097 0.999865 -0.009026
vn 0.010961 0.999463 -0.018807
vn -0.004962 0.998889 -0.042379
vn -0.054794 0.993331 -0.083596
vn 0.009592 0.999663 -0.016704
vn 0.010937 0.999726 -0.020535
vn -0.023687 0.999032 -0.032911
vn 0.023121 0.998643 -0.018755
vn -0.012936 0.999825 -0.007127
vn 0.011098 0.999464 -0.024520
vn -0.006321 0.999475 -0.026987
vn -0.029328 0.998964 -0.012856
vn 0.027692 0.993910 -0.058638
vn 0.112835 0.883526 0.407861
vn -0.102901 0.862303 0.485530
vn -0.046152 0.998301 -0.013457
vn 0.002627 0.999074 -0.025953
vn 0.011954 0.999845 0.002171
vn -0.003995 0.999440 -0.017418
vn -0.031653 0.999046 -0.012078
vn 0.002625 0.999875 -0.014339
vn 0.034923 0.998431 -0.029454
vn 0.031575 0.999158 -0.015452
vn 0.005184 0.999082 -0.024554
vn 0.036784 0.990503 0.021652
vn 0.111813 0.921926 0.317096
vn -0.018238 0.800282 0.584008
vn -0.032877 0.998718 -0.010522
vn -0.027051 0.999063 -0.031718
vn 0.015020 0.998633 -0.038119
vn 0.025643 0.998989 -0.006190
vn -0.013369 0.998935 -0.029980
vn -0.041536 0.999014 0.009219
vn 0.030182 0.998698 -0.009659
vn -0.001160 0.999400 -0.009465
vn 0.081404 0.751034 0.645367
vn -0.113075 0.831901 0.535287
vn -0.000964 0.993522 -0.049176
vn -0.051583 0.996529 -0.043909
vn 0.001999 0.999455 -0.018719
vn -0.008348 0.999500 -0.027724
vn -0.000620 0.998835 -0.034193
vn 0.005855 0.998299 -0.028923
vn 0.029430 0.999300 0.000543
vn -0.018859 0.999612 -0.002768
vn 0.026755 0.997480 -0.044986
vn 0.067065 0.997088 -0.017955
vn 0.053195 0.998095 -0.011832
vn 0.042102 0.998514 -0.021386
vn -0.011096 0.998391 -0.026458
vn 0.080783 0.917448 0.301111
vn 0.135834 0.753502 0.626894
vn 0.094099 0.627223 0.759774
vn -0.057048 0.746794 0.655315
vn -0.164365 0.871085 0.461832
vn -0.082388 0.985041 -0.145858
vn -0.069267 0.989231 -0.119888
vn -0.023453 0.998718 -0.019661
vn -0.012001 0.999336 -0.019540
vn 0.000264 0.999454 -0.012893
vn 0.009225 0.999686 -0.008914
vn 0.010453 0.998689 0.011271
vn 0.000129 0.998839 -0.030826
vn 0.003437 0.999392 -0.011990
vn 0.024432 0.999095 -0.006331
vn -0.008799 0.999229 -0.024128
vn 0.021393 0.998922 -0.020670
vn -0.013825 0.999667 -0.002037
vn -0.017535 0.999493 -0.004061
vn -0.142087 0.840877 0.516643
vn 0.023643 0.986681 0.052217
vn 0.132374 0.934170 0.220801
vn 0.005664 0.999271 -0.011749
vn -0.006630 0.999114 -0.029078
vn -0.039330 0.998715 -0.018131
vn 0.015725 0.999189 -0.030134
vn 0.025326 0.999033 -0.031126
vn -0.023679 0.999596 0.011005
vn 0.002009 0.997592 -0.053437
vn 0.042830 0.998301 -0.003396
vn 0.044441 0.998465 -0.010211
vn -0.029988 0.998150 -0.031520
vn -0.008272 0.999755 0.004125
vn 0.002616 0.995904 -0.053134
vn 0.248077 0.689717 0.608208
vn 0.130391 0.528588 0.805199
vn -0.090771 0.775723 0.610525
vn -0.168431 0.847677 0.502337
vn -0.086109 0.986975 -0.125601
vn -0.049615 0.988658 -0.078661
vn -0.047716 0.994383 -0.056580
vn 0.012029 0.999813 0.009137
vn -0.007023 0.998688 -0.039528
vn -0.009712 0.999714 -0.009502
vn -0.005267 0.999557 -0.016559
vn 0.011769 0.999415 -0.017721
vn 0.017474 0.999135 0.000570
vn 0.020641 0.999496 -0.022225
vn 0.044225 0.998379 -0.026515
vn -0.042622 0.997647 -0.030539
vn -0.011756 0.998981 -0.016533
vn -0.031896 0.998886 -0.000096
vn -0.040459 0.984487 -0.025134
vn 0.115619 0.912410 0.289854
vn 0.228327 0.890873 0.302918
vn 0.021652 0.999348 0.006702
vn 0.005041 0.997989 -0.056161
vn -0.030556 0.997565 -0.048157
vn 0.050227 0.998230 -0.016962
vn -0.000590 0.999565 -0.020552
vn -0.034601 0.998473 -0.017768
vn -0.014607 0.999834 -0.002739
vn -0.054669 0.996878 -0.016770
vn 0.324018 0.491565 0.733699
vn 0.029673 0.712683 0.665924
vn -0.071821 0.884935 0.432480
vn -0.067245 0.981342 -0.173543
vn 0.126078 0.942133 0.185962
vn -0.007512 0.994573 -0.069979
vn 0.032679 0.999367 0.003545
vn 0.001652 0.998472 -0.044155
vn -0.052329 0.997506 -0.035018
vn -0.017191 0.999373 -0.009565
vn 0.042783 0.998711 -0.005812
vn 0.074817 0.996986 -0.019909
vn -0.056214 0.997340 -0.042219
vn -0.032489 0.998549 -0.036628
vn 0.039344 0.997942 -0.030044
vn -0.034062 0.998803 -0.002722
vn -0.053728 0.997382 -0.022265
vn -0.082933 0.995797 -0.030312
vn -0.027890 0.998856 -0.009143
vn 0.250078 0.230724 0.905229
vn 0.025073 0.988150 -0.034384
vn 0.284123 0.442698 0.666955
vn -0.067065 0.978395 -0.181329
vn -0.000324 0.997755 -0.037337
vn 0.015100 0.998961 0.008247
vn -0.071002 0.995186 -0.067147
vn 0.002068 0.998064 -0.004372
vn -0.064091 0.996828 -0.031564
vn -0.037953 0.998106 -0.043061
vn -0.051066 0.998507 0.019186
vn -0.045344 0.996903 -0.033354
vn 0.256889 0.466431 0.822293
vn -0.009950 0.919660 0.370420
vn -0.044762 0.980626 -0.163028
vn 0.227331 0.855537 0.290131
vn 0.023147 0.999249 0.016205
vn 0.009254 0.998505 0.011613
vn 0.003403 0.999054 0.017379
vn -0.034138 0.998447 -0.040980
vn -0.063888 0.995848 -0.057198
vn -0.067681 0.997053 -0.033147
vn -0.029347 0.998131 0.002040
vn -0.043056 0.997838 -0.042617
vn -0.037093 0.997298 -0.056014
vn -0.038440 0.998294 -0.042871
vn -0.028543 0.998619 -0.034991
vn -0.026805 0.873180 -0.062334
vn -0.066059 0.997367 -0.013197
vn 0.287221 -0.008425 0.945862
vn 0.231732 0.698787 0.619170
vn -0.106861 0.957466 0.213574
vn 0.123892 0.884615 0.246847
vn 0.338427 0.185119 0.814687
vn -0.068772 0.980422 -0.159647
vn -0.023670 0.995465 -0.055800
vn -0.047442 0.998457 0.011831
vn -0.046095 0.997206 -0.046815
vn -0.038474 0.996199 -0.072355
vn -0.033584 0.998721 -0.002397
vn -0.014741 0.999350 -0.002666
vn -0.015044 0.998760 -0.042717
vn -0.027465 0.998787 -0.032541
vn -0.004845 0.999732 -0.012890
vn -0.057042 0.998029 0.000449
vn 0.356960 0.181498 0.849673
vn 0.193186 0.923268 0.304591
vn -0.022756 0.963310 0.213117
vn 0.069225 0.903711 0.292566
vn -0.103489 0.972374 -0.198883
vn 0.002416 0.999150 0.006473
vn 0.009356 0.999342 0.018778
vn -0.021230 0.999376 -0.006434
vn -0.041303 0.996897 -0.058925
vn -0.023462 0.999102 -0.001349
vn -0.046389 0.998772 -0.016189
vn -0.000503 0.999531 -0.011698
vn 0.000221 0.999394 -0.025316
vn -0.001527 0.999650 -0.012102
vn 0.297539 0.670493 0.618592
vn -0.094008 0.988553 0.004685
vn 0.069794 0.945158 0.178110
vn 0.272651 0.280354 0.731967
vn -0.061694 0.972874 -0.133523
vn 0.008904 0.998668 -0.006089
vn -0.000475 0.999889 -0.007827
vn -0.041782 0.998883 -0.009732
vn -0.041784 0.998701 -0.026266
vn 0.338679 0.285724 0.827546
vn 0.278077 0.838089 0.406922
vn 0.106395 0.966413 -0.115361
vn 0.079505 0.962292 -0.191329
vn 0.168958 0.553114 0.647620
vn -0.078493 0.981920 -0.139591
vn -0.004193 0.999727 -0.013951
vn 0.002755 0.999968 -0.004571
vn 0.005930 0.999934 -0.004449
vn -0.006707 0.999495 -0.015558
vn 0.211875 0.957026 0.124855
vn 0.161065 0.845138 0.352456
vn -0.078575 0.980604 -0.146074
vn -0.016250 0.999722 -0.012189
vn 0.018155 0.999286 0.004758
vn 0.356599 0.684276 0.610711
vn 0.190644 0.958655 0.145424
vn 0.089578 0.963733 -0.228359
vn 0.158552 0.959784 -0.193368
vn 0.131430 0.790198 0.421463
vn 0.242261 0.321078 0.862038
vn -0.099810 0.967986 -0.058451
vn 0.003994 0.999744 -0.015009
vn 0.044454 0.998745 0.020601
vn 0.027939 0.998624 -0.016215
vn 0.290250 0.867087 0.344399
vn 0.367795 0.500986 0.740462
vn 0.214378 0.969014 -0.081272
vn 0.081633 0.841662 0.402509
vn 0.256778 0.437892 0.804170
vn -0.078271 0.972796 -0.069061
vn -0.001930 0.999689 -0.010933
vn 0.010424 0.999417 -0.001419
vn -0.057388 0.985317 -0.118554
vn 0.167086 0.973946 0.007584
vn 0.057383 0.977594 -0.147136
vn 0.157241 0.986282 0.007804
vn 0.118644 0.841735 0.407921
vn -0.012824 0.999692 -0.017775
vn -0.015918 0.994387 -0.086560
vn 0.355492 0.611608 0.679311
vn 0.275554 0.545192 0.755686
vn 0.305134 0.930807 0.118893
vn 0.098687 0.972080 -0.175204
vn -0.029499 0.935916 0.112501
vn 0.109783 0.846602 0.383254
vn -0.001214 0.999293 -0.009534
vn -0.033947 0.998032 -0.010491
vn 0.372149 0.842010 0.359050
vn 0.082438 0.988843 -0.056966
vn 0.315706 0.602739 0.714521
vn -0.021564 0.970891 0.108129
vn 0.426806 0.692136 0.553964
vn 0.373123 0.868495 0.280273
vn 0.308784 0.939199 -0.009000
vn 0.138840 0.979304 -0.096237
vn 0.282995 0.779362 0.529183
vn -0.003492 0.987469 0.060122
vn 0.157667 0.907452 0.349704
vn 0.223192 0.965036 -0.110704
vn 0.130553 0.989663 0.011884
vn 0.115542 0.954013 0.247065
vn 0.370293 0.920854 0.102725
vn 0.343000 0.934672 0.005758
vn 0.176266 0.983255 -0.022042
vn 0.300584 0.896976 0.254550
vn 0.168809 0.984967 0.009382
vn 0.178758 0.974382 0.034221
vn 0.347594 0.932127 0.057298
vn 0.180605 0.983507 -0.004924
vn 0.139903 0.989374 0.011025
vn 0.179780 0.983566 -0.003967
vn 0.173938 0.982584 -0.055240
vn -0.005385 0.999197 -0.001110
vn 0.015429 0.999791 0.002974
vn -0.006433 0.945751 -0.041634
vn 0.016928 0.999432 -0.013151
vn -0.030820 0.999312 0.000774
vn 0.008678 0.996991 -0.040326
vn -0.017910 0.901182 -0.092587
vn -0.005477 0.994753 -0.086321
vn 0.025091 0.993487 -0.084061
vn 0.122205 0.983225 -0.034363
vn 0.212483 0.966422 -0.034472
vn 0.110140 0.991262 -0.012528
vn 0.098526 0.993229 -0.021859
vn 0.215856 0.967905 -0.001125
vn 0.364412 0.927091 0.022822
vn 0.177491 0.981272 0.033404
vn 0.253612 0.963892 0.019831
vn 0.380263 0.921730 0.011136
vn 0.379979 0.922449 0.032175
vn 0.151275 0.984765 0.080829
vn 0.268729 0.959319 0.047179
vn 0.376820 0.922566 0.026993
vn 0.403365 0.912857 0.007648
vn 0.266162 0.963066 0.001423
vn 0.204622 0.974012 0.081087
vn 0.322051 0.938831 0.092081
vn 0.301856 0.952671 0.013994
vn 0.391207 0.916839 0.052575
vn 0.250822 0.965339 0.018058
vn 0.246621 0.968850 0.015570
vn 0.233064 0.971271 -0.027125
vn 0.332715 0.931827 0.121618
vn 0.210624 0.977062 0.004648
vn 0.196435 0.979238 -0.028826
vn 0.134650 0.982351 0.115819
vn 0.203248 0.967189 0.119395
vn 0.346865 0.929982 0.095095
vn 0.375561 0.921546 0.093512
vn 0.210274 0.977283 -0.006918
vn 0.246575 0.954264 0.149956
vn 0.372814 0.918253 0.123248
vn 0.186973 0.981687 -0.019400
vn 0.179059 0.983772 -0.004032
vn 0.304584 0.938331 0.150155
vn 0.229231 0.968481 0.068637
vn 0.222988 0.972568 0.046453
vn 0.179980 0.982618 0.008110
vn 0.140934 0.980933 0.113657
vn 0.283439 0.944942 0.139426
vn 0.250414 0.962447 0.088189
vn 0.211787 0.975918 0.041402
vn 0.142868 0.989498 -0.021429
vn 0.188047 0.970632 0.100705
vn 0.265001 0.949997 0.155190
vn 0.127327 0.987732 0.058650
vn 0.131293 0.989384 0.001908
vn 0.172670 0.982075 0.003176
vn 0.156369 0.986117 -0.044197
vn 0.302899 0.945559 0.101252
vn 0.126779 0.990401 -0.051307
vn 0.152331 0.986825 -0.038641
vn 0.207979 0.971330 0.088881
vn 0.094780 0.989223 0.096759
vn 0.098625 0.994561 0.016476
vn 0.161020 0.984791 -0.049989
vn 0.196182 0.976057 0.039480
vn 0.046145 0.996207 0.064200
vn 0.086110 0.995211 0.010251
vn 0.101973 0.993606 0.032694
vn 0.117907 0.991738 -0.028349
vn 0.120588 0.990009 -0.069223
vn 0.146668 0.988710 -0.021920
vn 0.162911 0.984171 -0.065649
vn 0.063176 0.993396 0.075810
vn 0.333947 0.940102 0.012563
vn 0.110228 0.993371 0.011007
vn 0.104747 0.994159 0.014850
vn 0.161072 0.983839 -0.067904
vn 0.175164 0.983101 -0.038584
vn 0.168165 0.981141 -0.081208
vn 0.060090 0.995594 0.047085
vn 0.286252 0.956032 -0.027523
vn 0.361730 0.930294 0.011512
vn 0.076454 0.995394 0.019911
vn 0.018056 0.997608 0.046283
vn 0.164018 0.983168 -0.034799
vn 0.113750 0.992602 0.003622
vn 0.290566 0.955031 -0.046940
vn 0.325320 0.943178 -0.033427
vn 0.075477 0.994504 0.061977
vn 0.129911 0.990614 -0.013443
vn 0.154490 0.986156 -0.028861
vn 0.162450 0.984153 -0.039283
vn 0.247501 0.952090 -0.085570
vn -0.025265 0.996658 0.032119
vn 0.212814 0.975534 -0.032030
vn -0.002253 0.997430 0.019127
vn 0.080907 0.994290 0.030243
vn 0.117625 0.992645 0.005609
vn 0.133474 0.988941 -0.009490
vn 0.101003 0.993485 0.028805
vn 0.186719 0.980128 -0.055292
vn 0.186312 0.979408 -0.004701
vn 0.269620 0.951443 -0.118314
vn -0.004475 0.996490 -0.005648
vn 0.172691 0.980337 0.023592
vn -0.001919 0.997011 0.024253
vn 0.309463 0.934336 -0.131350
vn 0.313177 0.939794 -0.029099
vn 0.256868 0.959786 -0.067450
vn 0.170862 0.984232 -0.014393
vn 0.109809 0.992468 0.009847
vn 0.163710 0.982699 -0.071940
vn 0.189914 0.978029 -0.036476
vn 0.269742 0.956777 -0.084798
vn 0.080953 0.995671 0.031286
vn 0.134606 0.989963 -0.037149
vn 0.151111 0.984872 -0.032203
vn 0.108573 0.991496 0.002505
vn 0.179081 0.979458 -0.075126
vn 0.287727 0.954956 -0.055078
vn 0.310884 0.946630 -0.073512
vn 0.133287 0.973501 0.139417
vn 0.008803 0.986750 0.129561
vn 0.307427 0.889095 -0.163189
vn 0.148995 0.972439 -0.023893
vn 0.093267 0.994147 0.027948
vn 0.118001 0.991194 0.032506
vn 0.130017 0.987871 0.008753
vn 0.201479 0.978279 -0.038401
vn 0.476326 0.819952 0.102346
vn 0.016261 0.994450 0.049024
vn 0.086154 0.994891 0.024793
vn 0.144280 0.986711 0.002362
vn 0.209847 0.976661 -0.014247
vn 0.273247 0.957106 -0.089144
vn 0.308602 0.948464 -0.065800
vn 0.292233 0.936693 0.162846
vn 0.062278 0.982981 0.172062
vn 0.060013 0.982547 0.155586
vn 0.301710 0.833772 -0.034135
vn 0.589276 0.740198 0.136501
vn 0.166189 0.970654 0.103135
vn 0.042113 0.978080 0.199396
vn 0.359949 0.801057 0.193610
vn 0.257005 0.948444 -0.006785
vn 0.403818 0.860735 -0.154961
vn 0.192024 0.964252 -0.146224
vn 0.462574 0.788795 -0.193999
vn 0.364270 0.859331 -0.267732
vn 0.353592 0.873909 -0.255304
vn 0.394363 0.587955 -0.601906
vn -0.031463 0.972420 -0.161713
vn 0.164312 0.938266 -0.278073
vn 0.157991 0.741991 -0.549704
vn -0.147748 0.981141 -0.059750
vn 0.133561 0.510376 -0.802750
vn -0.206842 0.962811 -0.138686
vn -0.055535 0.908575 -0.369888
vn -0.077963 0.796375 -0.524814
vn 0.253897 0.503071 -0.789247
vn -0.138229 0.983235 0.020563
vn -0.180218 0.843861 -0.476464
vn -0.060758 0.991998 0.052020
vn -0.179703 0.952315 -0.152688
vn -0.058349 0.984328 0.146498
vn -0.124995 0.968142 0.083175
vn -0.026949 0.997763 -0.014252
vn -0.021966 0.991407 0.103053
vn 0.005986 0.997985 0.030725
vn 0.015342 0.991834 0.119206
vn 0.014886 0.985499 0.167718
vn 0.008144 0.998168 0.040170
vn 0.007480 0.993937 0.096101
vn -0.004207 0.999027 0.031499
vn -0.013830 0.999007 0.028521
vn -0.027815 0.998935 -0.005374
vn -0.093445 -0.116121 -0.803683
vn 0.054059 0.230134 -0.896240
vn 0.125673 -0.392347 -0.855740
vn 0.085043 -0.229188 -0.927471
vn -0.089385 -0.183392 -0.853102
vn 0.354508 -0.239678 -0.879439
vn 0.427051 -0.100232 -0.778432
vn 0.199454 0.062911 -0.967779
vn 0.263429 -0.540675 -0.754332
vn 0.542530 0.334170 -0.669241
vn 0.343429 -0.689596 -0.596120
vn 0.633696 0.051081 -0.608222
vn 0.500340 0.281174 -0.772386
vn -0.118719 -0.654801 -0.740498
vn -0.037686 -0.659746 -0.716661
vn -0.087222 -0.568093 -0.806135
vn -0.035600 -0.563341 -0.815432
vn 0.005544 -0.582769 -0.804156
vn 0.015100 -0.514536 -0.854383
vn -0.004369 -0.740360 -0.668651
vn -0.023456 -0.660736 -0.740728
vn 0.113162 -0.793613 -0.568859
vn 0.081054 -0.705788 -0.676744
vn 0.148415 -0.829970 -0.520486
vn 0.138873 -0.761467 -0.611398
vn -0.052509 -0.645550 -0.744315
vn -0.016449 -0.714146 -0.682718
vn 0.177907 -0.807289 -0.546724
vn 0.116362 -0.837968 -0.521912
vn -0.287263 0.656367 -0.684613
vn -0.329276 0.579342 -0.743588
vn -0.317146 0.247734 -0.793968
vn -0.279574 0.639376 -0.710475
vn -0.154648 0.731677 -0.587017
vn -0.163993 0.801857 -0.555118
vn -0.052110 0.178899 -0.885235
vn -0.183218 0.857811 -0.472061
vn -0.192537 0.814171 -0.525387
vn 0.037209 0.741463 -0.430085
vn -0.215729 -0.315204 -0.915468
vn -0.145167 0.922882 -0.341356
vn -0.141135 0.904737 -0.386565
vn -0.126979 0.885965 -0.429603
vn -0.222863 0.913096 -0.267793
vn 0.054974 0.300743 -0.864754
vn -0.059847 -0.025848 -0.971277
vn -0.317406 -0.285727 -0.904220
vn -0.065338 0.928457 -0.333820
vn -0.206463 0.890889 -0.395797
vn -0.127656 0.942789 -0.102446
vn 0.166946 0.920934 -0.173968
vn -0.291350 0.894205 -0.299251
vn -0.033876 0.976091 -0.204420
vn -0.033850 0.959316 -0.272190
vn -0.094318 0.938907 -0.286173
vn -0.122157 0.332646 -0.781661
vn -0.168662 0.007003 -0.954599
vn -0.034939 0.981204 -0.148630
vn -0.002612 0.986440 -0.152660
vn -0.015497 0.977748 -0.190938
vn -0.030997 0.941226 -0.290548
vn 0.230529 0.967514 0.025805
vn -0.170269 0.860914 -0.415398
vn -0.000687 0.869644 -0.257042
vn -0.070374 0.941644 -0.242232
vn 0.013978 0.993867 -0.066363
vn 0.181579 0.938503 -0.227935
vn 0.072460 0.923040 -0.269435
vn -0.394760 0.578785 -0.566958
vn 0.015339 0.997958 -0.037923
vn 0.037245 0.996156 -0.052374
vn 0.012821 0.991187 -0.126547
vn 0.129142 0.958212 -0.175945
vn 0.253342 0.912551 -0.272749
vn 0.152556 0.967291 0.049732
vn 0.108826 0.960604 -0.127101
vn -0.010679 0.902215 -0.398074
vn -0.164635 0.904590 -0.211247
vn 0.013856 0.996782 -0.054393
vn 0.023963 0.998523 -0.013734
vn 0.426604 0.879118 -0.209948
vn -0.045998 0.984931 -0.155542
vn -0.344146 0.807456 -0.472817
vn -0.023095 0.968703 -0.223895
vn -0.109975 0.898170 -0.265321
vn -0.040416 0.992335 -0.088303
vn 0.049584 0.997627 0.041404
vn -0.063468 0.939153 -0.239774
vn -0.268260 0.832405 -0.472080
vn 0.019842 0.998178 -0.008443
vn 0.006787 0.998005 0.010538
vn -0.110803 0.981325 -0.040726
vn -0.005131 0.999036 -0.020342
vn 0.044384 0.997327 0.013406
vn -0.022699 0.999153 -0.017365
vn -0.217272 0.895589 -0.268178
vn -0.124613 0.987669 -0.032453
vn 0.039639 0.998468 0.026017
vn -0.061934 0.996705 -0.045603
vn 0.078934 0.995568 0.008900
vn -0.024455 0.999064 -0.016559
vn -0.021979 0.996876 -0.051605
vn -0.216000 0.968696 -0.016120
vn -0.144767 0.982484 -0.046569
vn -0.087102 0.987585 -0.110545
vn -0.363057 0.753221 -0.548496
vn 0.002461 0.997979 0.020233
vn 0.033592 0.998397 -0.005638
vn -0.045555 0.997806 -0.026905
vn -0.009663 0.992877 -0.100263
vn -0.138872 0.984087 -0.107670
vn 0.013056 0.998645 0.013774
vn 0.009607 0.998845 -0.014943
vn -0.044774 0.998162 -0.037979
vn -0.039714 0.990603 -0.125478
vn -0.019756 0.996594 -0.021221
vn -0.093399 0.990731 -0.095063
vn -0.117921 0.977968 -0.163330
vn 0.023733 0.997128 0.041474
vn 0.022425 0.999046 0.020169
vn -0.005879 0.996859 -0.016487
vn 0.033100 0.998714 0.003375
vn -0.018996 0.997842 -0.043214
vn -0.034794 0.997934 -0.016840
vn -0.044976 0.989035 -0.134902
vn -0.114119 0.980905 -0.130019
vn 0.014069 0.997480 -0.013436
vn -0.001642 0.997564 -0.058654
vn -0.023755 0.998577 -0.040409
vn -0.027942 0.998297 -0.045431
vn 0.018011 0.996131 -0.071354
vn 0.009105 0.998477 -0.022652
vn -0.159920 0.973445 -0.153150
vn 0.043987 0.997573 0.039112
vn -0.007326 0.997131 -0.071317
vn 0.002889 0.997606 -0.064502
vn -0.058121 0.995009 -0.026623
vn -0.018471 0.997488 -0.064590
vn 0.025330 0.998744 -0.019298
vn -0.218571 0.963672 -0.147563
vn 0.035636 0.998265 0.037808
vn -0.002488 0.997790 -0.059999
vn -0.166451 0.977715 -0.092649
vn -0.026112 0.999123 -0.030408
vn -0.016356 0.998002 -0.060566
vn -0.009257 0.999192 -0.024994
vn 0.021559 0.998861 -0.039264
vn 0.006536 0.997953 -0.041783
vn 0.005690 0.997845 -0.059491
vn -0.116144 0.983845 -0.095501
vn -0.011800 0.997849 -0.048396
vn 0.009828 0.998786 -0.022776
vn -0.036214 0.997309 -0.036149
vn 0.019166 0.999364 -0.028284
vn 0.007485 0.995295 -0.049181
vn -0.026860 0.998326 -0.037679
vn 0.016485 0.998789 -0.023937
vn -0.057244 0.994851 -0.045941
vn 0.011657 0.996643 -0.068652
vn 0.013257 0.998164 -0.039926
vn 0.014843 0.999259 -0.031904
vn 0.022703 0.998837 -0.007069
vn -0.007720 0.999587 -0.021427
vn -0.012334 0.998548 -0.041701
vn 0.031984 0.997482 -0.004593
vn 0.030499 0.998315 -0.040320
vn -0.010378 0.996427 -0.037511
vn 0.018881 0.998625 -0.018289
vn 0.001316 0.997165 -0.060401
vn -0.017312 0.998058 -0.031825
vn -0.005226 0.999004 -0.034448
vn -0.010671 0.997147 -0.056083
vn -0.007540 0.997011 -0.040073
vn -0.037314 0.995966 -0.028715
vn -0.006973 0.998366 -0.048977
vn 0.002922 0.999611 -0.025158
vn 0.018451 0.998721 0.000229
vn -0.021530 0.999340 -0.025875
vn -0.024170 0.999476 -0.007823
vn 0.032734 0.999369 -0.000966
vn 0.023983 0.999572 -0.002941
vn 0.007752 0.999099 0.016857
vn -0.001441 0.997127 -0.067223
vn 0.026098 0.999542 -0.009292
vn -0.010561 0.995148 0.015770
vn -0.015746 0.993511 -0.105260
vn -0.001913 0.998284 -0.037185
vn -0.008692 0.998636 0.010691
vn 0.008643 0.999293 -0.029838
vn 0.006957 0.999715 0.020294
vn -0.000437 0.999243 0.024016
vn -0.003004 0.998762 -0.023159
vn 0.010967 0.995630 -0.080939
vn 0.032819 0.998777 -0.024259
vn 0.017320 0.999126 0.025937
vn -0.032142 0.996143 -0.054008
vn -0.018369 0.994488 -0.067679
vn 0.022371 0.996767 -0.053367
vn 0.008729 0.998986 0.031935
vn -0.013935 0.998635 -0.039676
vn -0.002144 0.999755 -0.010809
vn 0.006223 0.998389 0.043865
vn 0.012692 0.994066 -0.097483
vn 0.013584 0.996932 -0.060431
vn -0.001501 0.997613 0.061903
vn 0.020355 0.996485 0.062761
vn -0.029522 0.998232 0.035268
vn -0.003508 0.999438 -0.016128
vn -0.012686 0.999389 0.027527
vn -0.008283 0.998619 0.013022
vn -0.013738 0.997895 -0.034961
vn -0.001118 0.995013 -0.095043
vn -0.104650 0.979073 -0.005620
vn -0.035088 0.998586 -0.025194
vn -0.002846 0.996352 0.036026
vn -0.019551 0.998112 0.028753
vn -0.052464 0.997864 0.038841
vn -0.018802 0.998369 0.045480
vn 0.027963 0.998282 0.048402
vn -0.016928 0.999100 -0.010197
vn -0.002528 0.999588 0.013495
vn -0.017980 0.999291 0.014487
vn -0.018937 0.998326 0.002753
vn -0.021268 0.997745 -0.039413
vn -0.008369 0.995656 -0.087856
vn -0.015903 0.996753 -0.018058
vn -0.053653 0.990566 0.017408
vn -0.223526 0.960504 -0.139821
vn -0.034876 0.995834 0.018458
vn -0.033012 0.997203 0.051947
vn 0.028324 0.992254 0.117335
vn -0.026969 0.996873 0.037710
vn -0.013768 0.997947 0.038323
vn -0.015490 0.998573 0.038129
vn 0.008496 0.999236 0.033989
vn 0.013599 0.999550 0.007738
vn -0.008455 0.997495 0.022655
vn 0.007269 0.997379 -0.068757
vn -0.489491 0.717872 -0.190542
vn -0.013495 0.995682 0.081521
vn 0.023685 0.994035 0.098575
vn -0.027139 0.998514 -0.022090
vn 0.009987 0.998895 0.016668
vn 0.003641 0.998136 0.023462
vn 0.013086 0.998710 0.046964
vn -0.031053 0.998441 -0.015600
vn -0.012392 0.997637 0.060521
vn -0.061225 0.995870 -0.009774
vn -0.059713 0.998173 -0.004805
vn -0.000963 0.999109 -0.036484
vn -0.013756 0.998546 -0.049907
vn -0.045878 0.994102 -0.000301
vn -0.345133 0.753643 -0.348595
vn -0.026565 0.996288 0.073044
vn -0.033085 0.997203 0.065810
vn -0.022618 0.997701 0.003003
vn -0.054521 0.998245 -0.000620
vn 0.019508 0.999331 0.006305
vn 0.023152 0.999321 -0.024440
vn -0.018413 0.998755 0.025890
vn -0.045964 0.997443 0.028551
vn -0.038113 0.997962 0.005812
vn -0.060553 0.997801 -0.001692
vn -0.001995 0.999769 -0.010944
vn -0.062686 0.992344 0.056006
vn -0.555109 0.191395 -0.695697
vn -0.050293 0.991912 0.095168
vn -0.011552 0.997931 0.025564
vn -0.006489 0.998295 0.019692
vn 0.011472 0.999241 -0.007646
vn -0.061389 0.997289 -0.035547
vn 0.027621 0.999310 -0.021921
vn -0.005902 0.998301 -0.032113
vn -0.008650 0.999432 0.009041
vn -0.012112 0.999465 -0.030013
vn -0.019705 0.998303 0.017544
vn -0.033438 0.997662 0.028596
vn -0.116744 0.928698 -0.143752
vn -0.304603 0.482416 -0.739115
vn -0.013677 0.996895 0.032887
vn -0.016806 0.999180 0.020330
vn -0.013616 0.998506 -0.001184
vn 0.025332 0.998182 0.042991
vn -0.012362 0.999186 -0.012168
vn -0.037614 0.997992 -0.043909
vn -0.006800 0.999363 -0.019725
vn -0.049668 0.998341 0.007498
vn -0.014474 0.998628 0.028733
vn -0.026055 0.998324 0.006156
vn -0.292695 0.145703 -0.880181
vn -0.013033 0.999442 -0.005562
vn -0.030430 0.999273 -0.011316
vn -0.022278 0.997800 -0.052614
vn -0.033527 0.998706 -0.022945
vn 0.008711 0.999076 0.003204
vn 0.011580 0.998403 0.045818
vn -0.002939 0.998599 -0.035195
vn -0.030330 0.999111 -0.014036
vn 0.030932 0.999221 -0.020852
vn -0.070230 0.996876 0.033340
vn 0.002857 0.999439 0.024906
vn -0.003163 0.994033 0.090747
vn -0.044579 0.998706 0.006654
vn -0.009154 0.996680 0.017623
vn -0.048983 0.831814 -0.451225
vn -0.330822 -0.155974 -0.828285
vn 0.053452 0.507586 -0.839006
vn -0.015128 0.999422 -0.015889
vn -0.005426 0.999848 -0.001145
vn -0.024886 0.999384 -0.010182
vn 0.008911 0.999659 0.009011
vn -0.038941 0.998450 -0.026447
vn -0.041804 0.997768 -0.037523
vn 0.028768 0.999283 -0.023337
vn -0.040724 0.997965 -0.037635
vn 0.018866 0.999289 -0.020781
vn -0.048247 0.998236 -0.028492
vn 0.026061 0.997729 0.029099
vn -0.061365 0.997676 0.009393
vn 0.016509 0.999326 0.013416
vn 0.047591 0.996667 0.041424
vn -0.036004 0.990158 0.131447
vn -0.083214 0.995704 0.016103
vn -0.041043 0.992458 0.068163
vn 0.003152 0.635356 -0.750054
vn 0.155486 0.525899 -0.757365
vn -0.024729 0.999195 0.005164
vn -0.011394 0.999641 0.000145
vn 0.012908 0.999678 0.001762
vn -0.016156 0.999350 -0.028475
vn -0.023858 0.999395 -0.021783
vn 0.021578 0.999095 -0.035433
vn -0.018442 0.997700 -0.047670
vn 0.066397 0.996017 0.049041
vn 0.072428 0.994518 0.063737
vn -0.002179 0.991905 0.099599
vn -0.086796 0.994927 -0.019446
vn 0.027540 0.988978 0.087552
vn -0.053704 0.978251 -0.134601
vn 0.152925 0.754258 -0.600273
vn 0.053639 0.284068 -0.897035
vn 0.271471 0.725803 -0.598006
vn 0.258263 0.719106 -0.628936
vn 0.004042 0.999976 0.003376
vn -0.007626 0.999613 -0.006729
vn -0.031581 0.999154 -0.021803
vn -0.003312 0.999654 -0.012989
vn -0.044971 0.998205 -0.013573
vn -0.065822 0.997499 -0.008430
vn -0.011841 0.998159 -0.007342
vn 0.029802 0.998649 -0.041362
vn -0.026455 0.997231 -0.060441
vn -0.017630 0.999553 -0.013499
vn -0.041669 0.998448 -0.015690
vn -0.041267 0.983636 0.169689
vn -0.047113 0.990823 0.077819
vn -0.028612 0.998360 -0.023200
vn -0.073385 0.995556 -0.012614
vn -0.050132 0.998521 0.018890
vn 0.029403 0.866972 -0.435199
vn -0.413477 -0.261365 -0.741480
vn 0.272644 0.649735 -0.694290
vn 0.356705 0.761961 -0.512033
vn -0.001562 0.999977 0.005938
vn -0.016474 0.999322 -0.031686
vn -0.021005 0.999439 -0.021195
vn 0.005483 0.999857 0.007358
vn -0.024624 0.999534 -0.005804
vn -0.027415 0.999301 -0.017225
vn -0.036743 0.998796 -0.021956
vn -0.023429 0.999087 -0.000184
vn 0.003473 0.997796 -0.055443
vn -0.013875 0.997857 -0.049041
vn 0.015342 0.999143 -0.013026
vn -0.025299 0.999143 0.004478
vn 0.005509 0.999375 -0.014970
vn -0.000381 0.999268 0.011036
vn 0.062084 0.996904 0.037296
vn -0.029163 0.994809 0.094164
vn -0.036352 0.986702 0.140938
vn -0.032837 0.998445 -0.023882
vn -0.028505 0.998531 0.004733
vn 0.011820 0.989614 0.101125
vn -0.274736 0.935827 -0.173069
vn 0.343223 0.846240 -0.311500
vn 0.451769 0.765641 -0.422659
vn -0.573019 -0.586233 -0.567277
vn 0.007468 0.497625 -0.830188
vn 0.409506 0.751163 -0.488363
vn 0.342967 0.804833 -0.473258
vn -0.007522 0.999438 -0.025268
vn -0.036912 0.998508 -0.000316
vn -0.021101 0.999394 -0.027598
vn 0.004955 0.999803 -0.000601
vn -0.001680 0.999876 0.002031
vn -0.017730 0.999808 0.004344
vn -0.008781 0.999645 0.009450
vn 0.064130 0.997376 0.020535
vn 0.079347 0.996405 0.023714
vn 0.011269 0.999394 0.004095
vn -0.040527 0.987720 0.146687
vn -0.004495 0.998638 0.011267
vn -0.052015 0.984162 0.164815
vn 0.050839 0.991517 0.088180
vn -0.010295 0.998015 -0.025356
vn 0.055732 0.995790 -0.000404
vn -0.323652 0.911691 -0.175800
vn 0.049054 0.938520 -0.115372
vn 0.496199 0.783838 -0.361374
vn -0.560643 -0.524577 -0.603026
vn -0.293392 0.087009 -0.809405
vn 0.379572 0.759699 -0.510831
vn 0.129053 0.587493 -0.767914
vn 0.449248 0.816939 -0.351477
vn 0.433412 0.853186 -0.277837
vn -0.011267 0.999509 -0.026061
vn -0.015654 0.999465 -0.010695
vn 0.011022 0.999779 -0.002014
vn -0.025743 0.999666 0.001664
vn -0.032832 0.999337 0.012588
vn -0.031458 0.999194 -0.009364
vn -0.026793 0.999436 -0.007246
vn -0.014167 0.998619 -0.029031
vn 0.039861 0.998685 -0.032104
vn 0.036922 0.998627 0.023562
vn 0.031868 0.999240 0.012208
vn 0.043183 0.998794 0.002898
vn -0.014780 0.985349 0.152515
vn 0.000954 0.994309 0.070572
vn -0.022513 0.998910 -0.025929
vn 0.048991 0.996684 -0.012011
vn -0.017474 0.998643 -0.044484
vn -0.046748 0.997213 -0.021870
vn -0.022299 0.982695 0.030412
vn -0.431020 0.877007 0.104019
vn -0.466567 0.869590 -0.102207
vn 0.358404 0.895655 -0.070045
vn 0.608152 0.728454 -0.289637
vn 0.485721 0.816892 -0.282890
vn -0.013201 0.999103 -0.018312
vn 0.004612 0.999787 -0.007708
vn -0.012013 0.999724 -0.004558
vn -0.025800 0.999603 0.003575
vn -0.005036 0.999281 0.020522
vn -0.010598 0.999363 0.012559
vn -0.022995 0.999306 -0.021014
vn 0.024366 0.999140 -0.013720
vn 0.029118 0.999112 0.007819
vn 0.004428 0.999163 -0.012695
vn 0.001588 0.999811 0.005285
vn -0.017893 0.997482 0.068610
vn 0.008227 0.981996 0.184288
vn 0.062277 0.984652 -0.009982
vn -0.030053 0.998497 -0.043730
vn 0.015363 0.998813 -0.027441
vn 0.102499 0.993627 0.024031
vn -0.010679 0.998386 -0.044308
vn -0.037341 0.997777 -0.048183
vn -0.223198 0.886590 -0.320911
vn -0.152539 0.924920 0.180610
vn -0.475763 0.808574 -0.281723
vn 0.576925 0.722374 -0.349957
vn 0.460052 0.825723 -0.324869
vn -0.452845 -0.371981 -0.652156
vn 0.160267 0.487549 -0.743927
vn 0.501707 0.802596 -0.281189
vn 0.501205 0.840893 -0.191258
vn -0.020861 0.999540 0.009612
vn -0.017979 0.999500 0.015833
vn -0.005464 0.999803 -0.006154
vn -0.033336 0.999209 0.021343
vn -0.041710 0.998296 0.004471
vn 0.038491 0.998803 -0.006635
vn 0.053505 0.998391 0.014091
vn 0.050280 0.998443 0.010011
vn 0.003293 0.999689 0.010029
vn 0.006536 0.999738 0.008902
vn -0.030664 0.982888 0.163301
vn 0.026089 0.999356 0.006346
vn -0.002321 0.988353 0.115231
vn -0.059601 0.997832 -0.019747
vn 0.002582 0.999051 -0.002390
vn 0.077078 0.995407 0.016362
vn -0.041018 0.998307 -0.026170
vn -0.011772 0.997247 -0.072982
vn -0.503913 0.855335 -0.008585
vn -0.519175 0.812036 0.240638
vn 0.080208 0.915667 0.058252
vn 0.587052 0.735519 -0.252893
vn 0.449465 0.786982 -0.363669
vn 0.413285 0.865953 -0.268328
vn 0.428079 0.865433 -0.257509
vn -0.009983 0.998908 -0.021609
vn 0.007412 0.999592 0.018126
vn -0.027565 0.999403 0.018415
vn 0.003920 0.999705 -0.017536
vn -0.002326 0.999672 -0.014732
vn -0.024038 0.999545 0.012007
vn -0.015816 0.999217 0.027826
vn -0.010244 0.999057 0.027752
vn -0.017587 0.999346 0.019143
vn 0.048972 0.998468 0.020870
vn 0.052014 0.998550 0.012906
vn 0.046526 0.998683 0.018463
vn -0.025192 0.997673 0.061956
vn 0.002790 0.999181 0.030013
vn 0.016249 0.930591 -0.230085
vn -0.044990 0.998694 -0.009700
vn -0.000829 0.997804 0.016484
vn 0.078888 0.996483 -0.008486
vn 0.042396 0.993659 0.024852
vn -0.006243 0.999534 -0.017626
vn -0.292749 0.697232 -0.605893
vn -0.503896 0.846285 0.124149
vn -0.570399 0.765855 0.216712
vn -0.578113 0.764782 -0.178697
vn 0.605768 0.703660 -0.331584
vn -0.090167 -0.019179 -0.915607
vn 0.345011 0.759319 -0.526104
vn 0.503267 0.806747 -0.291737
vn 0.397805 0.888634 -0.220101
vn 0.420153 0.861157 -0.282292
vn 0.013882 0.999574 0.015774
vn -0.024105 0.998919 0.005891
vn -0.026710 0.999173 0.019983
vn -0.024551 0.999579 -0.003772
vn 0.001862 0.999814 -0.013288
vn -0.008074 0.999815 -0.005035
vn -0.007957 0.999265 0.027859
vn -0.022305 0.999457 0.017975
vn 0.036601 0.999028 0.014959
vn 0.046116 0.998597 0.020996
vn 0.033459 0.999318 0.008546
vn 0.044233 0.998922 0.008654
vn 0.004484 0.999536 0.013657
vn -0.027651 0.978612 0.181298
vn -0.016887 0.990473 0.129732
vn -0.011676 0.999821 0.012653
vn 0.086513 0.995375 0.019000
vn 0.066091 0.996860 0.001466
vn 0.025306 0.996645 -0.007979
vn -0.033510 0.998287 -0.015979
vn -0.021139 0.999001 -0.028161
vn -0.487215 0.548195 -0.626296
vn -0.359060 0.928529 0.070340
vn -0.544887 0.812799 0.127216
vn -0.467751 0.865383 0.129211
vn 0.238354 0.903826 -0.102207
vn -0.305865 0.889541 0.050191
vn 0.702341 0.627450 -0.320122
vn 0.132896 0.586944 -0.729121
vn -0.521530 -0.225093 -0.728045
vn 0.506001 0.826960 -0.206303
vn 0.422663 0.854804 -0.297042
vn 0.009781 0.999325 -0.005619
vn -0.018935 0.999505 0.005598
vn 0.023829 0.998683 0.025569
vn 0.042366 0.999019 -0.001824
vn 0.004831 0.999711 0.016253
vn 0.027045 0.999013 0.006189
vn 0.040589 0.997321 0.036366
vn -0.019260 0.969862 0.227418
vn 0.008470 0.999436 0.016329
vn 0.013693 0.999308 0.011141
vn -0.177675 0.710350 -0.467494
vn -0.001997 0.996970 -0.047494
vn -0.047686 0.996851 -0.029617
vn 0.055463 0.995679 0.040557
vn 0.041476 0.997538 0.021378
vn 0.001881 0.999635 0.004559
vn 0.022713 0.999300 -0.012010
vn -0.375051 0.915036 0.124205
vn -0.661207 0.727723 0.148695
vn -0.641608 0.422133 -0.524855
vn -0.547146 0.753853 -0.234935
vn 0.322062 0.868479 -0.208288
vn -0.659349 0.717458 0.184985
vn 0.697250 0.642645 -0.299060
vn 0.328647 0.783822 -0.503645
vn 0.507871 0.830126 -0.202201
vn 0.461716 0.836826 -0.287747
vn -0.011453 0.999727 -0.012537
vn 0.027336 0.999522 0.012275
vn 0.044108 0.999007 -0.004374
vn -0.000257 0.999504 0.020728
vn 0.060870 0.982001 0.128701
vn 0.008807 0.955800 0.277707
vn 0.027784 0.998310 0.025413
vn 0.044092 0.994430 -0.013254
vn 0.037706 0.995482 0.082123
vn -0.000639 0.993937 -0.075875
vn -0.002634 0.998229 0.048706
vn -0.202605 0.744711 -0.362938
vn 0.018249 0.999320 -0.019055
vn -0.014392 0.997539 -0.044998
vn -0.382263 0.277247 -0.843453
vn -0.404793 0.891923 0.160672
vn -0.347949 0.935183 0.044895
vn -0.667930 0.704160 0.221646
vn -0.535740 0.818703 0.123912
vn -0.538227 0.790485 -0.084342
vn -0.150644 0.880767 0.036478
vn 0.555272 0.748383 -0.234379
vn -0.298686 0.182684 -0.786939
vn 0.161649 0.687211 -0.659998
vn 0.410170 0.813725 -0.380137
vn 0.525558 0.825023 -0.186515
vn 0.001462 0.999664 -0.023533
vn 0.033925 0.998570 0.015592
vn 0.031795 0.999226 -0.005520
vn 0.039839 0.999028 -0.010776
vn 0.007489 0.999297 -0.019862
vn 0.021324 0.999427 0.018371
vn 0.079698 0.996463 0.023627
vn 0.048335 0.964883 0.218871
vn -0.004040 0.967139 0.226916
vn 0.032670 0.998217 0.033107
vn 0.061918 0.994379 -0.084057
vn 0.040657 0.996702 -0.057379
vn 0.028381 0.997945 0.015512
vn -0.043915 0.986538 -0.111070
vn -0.032867 0.994059 -0.013663
vn -0.006452 0.998756 -0.039621
vn -0.536508 0.161630 -0.724232
vn -0.559502 0.312438 -0.614369
vn -0.439464 0.878592 0.155635
vn -0.608660 0.700951 0.282654
vn 0.607115 0.748959 -0.184127
vn 0.550811 0.805265 -0.191903
vn 0.043679 0.998936 -0.013226
vn 0.021815 0.999271 0.000620
vn 0.009824 0.999503 -0.019634
vn 0.001991 0.999146 -0.023208
vn 0.027959 0.998130 -0.006126
vn -0.008784 0.946066 0.315273
vn -0.006300 0.989658 0.142282
vn 0.033679 0.999033 0.010160
vn 0.032160 0.997945 0.013489
vn 0.068640 0.995240 -0.012624
vn -0.209940 0.818522 -0.366820
vn -0.022473 0.997770 -0.000542
vn -0.003516 0.996102 0.064322
vn -0.327657 0.306471 -0.778184
vn -0.419929 0.893568 0.107013
vn -0.376033 0.922659 0.026778
vn -0.559918 0.556316 -0.417129
vn -0.489159 0.860449 -0.016561
vn -0.468093 0.860383 0.187417
vn 0.178592 0.883783 0.044851
vn -0.603219 0.763038 0.118047
vn -0.266543 0.115798 -0.804463
vn 0.435074 0.772901 -0.439152
vn 0.535207 0.821923 -0.183866
vn 0.004703 0.999160 -0.037397
vn 0.002899 0.992626 0.053894
vn -0.035255 0.951258 0.285026
vn 0.059441 0.997568 -0.005548
vn 0.036591 0.997306 -0.025732
vn 0.037284 0.995639 -0.073127
vn -0.141146 0.962363 -0.201351
vn -0.125525 0.807420 -0.497362
vn -0.020684 0.996932 -0.009101
vn -0.022711 0.995883 0.043047
vn 0.034036 0.998215 -0.027715
vn -0.368546 0.917723 0.091835
vn -0.285069 0.954300 0.035338
vn -0.256646 -0.053240 -0.928162
vn -0.354405 0.927412 -0.056328
vn -0.241484 0.948262 0.156592
vn -0.224546 0.830769 0.068161
vn -0.720044 0.614112 0.255046
vn 0.406766 0.866642 -0.124673
vn 0.035274 0.460505 -0.842184
vn 0.291460 0.730435 -0.588857
vn 0.533510 0.774797 -0.292779
vn 0.583590 0.798426 -0.147252
vn 0.027590 0.998666 -0.011288
vn 0.039505 0.998509 0.017720
vn -0.007428 0.999189 0.004743
vn 0.027302 0.997110 -0.047444
vn -0.071897 0.972493 -0.163516
vn -0.038620 0.995108 0.029878
vn 0.086062 0.995728 -0.030515
vn -0.393814 0.896213 0.157645
vn -0.467583 0.874241 0.113830
vn -0.422286 0.895079 0.042639
vn -0.254917 0.961973 0.037178
vn -0.236261 0.187201 -0.848319
vn -0.450731 0.700797 -0.353681
vn -0.248265 0.957671 -0.025486
vn -0.314973 0.740197 -0.395259
vn -0.219824 0.956420 0.116196
vn -0.668214 0.646992 0.252024
vn 0.374265 0.879831 -0.203608
vn -0.465295 -0.223278 -0.723600
vn 0.028844 0.998987 -0.009652
vn 0.017740 0.999144 0.002953
vn 0.000141 0.999210 0.023778
vn 0.015139 0.998740 -0.042584
vn 0.039750 0.998978 -0.012276
vn -0.060417 0.996010 -0.016920
vn -0.033671 0.997984 0.041609
vn -0.214566 0.902211 -0.359914
vn -0.240865 0.832471 -0.453168
vn -0.065785 0.281565 -0.866373
vn -0.065210 0.993890 0.013145
vn -0.001693 0.994301 0.037466
vn -0.222020 0.963151 0.096732
vn -0.364665 0.903389 0.134917
vn -0.205873 0.927008 -0.249958
vn -0.121141 0.976260 0.110027
vn -0.033470 0.987092 0.039883
vn -0.322914 0.826198 0.021154
vn -0.725212 0.578119 0.288943
vn -0.427083 0.861647 0.171356
vn -0.168899 0.094792 -0.903197
vn 0.175460 0.567721 -0.778714
vn 0.412068 0.801198 -0.376119
vn 0.468749 0.851768 -0.196994
vn 0.002529 0.999801 -0.001382
vn -0.056754 0.994047 -0.056912
vn 0.024080 0.998604 -0.020268
vn -0.042304 0.996788 0.027245
vn -0.065136 0.905069 -0.408720
vn -0.191053 0.633904 -0.742158
vn -0.075503 0.987664 0.057533
vn 0.004929 0.994233 0.066102
vn 0.011516 0.988228 -0.025609
vn -0.410801 0.900374 0.105113
vn -0.431664 0.863461 0.237780
vn -0.203958 0.963337 0.110450
vn -0.362496 0.538120 -0.628709
vn -0.179360 0.970916 0.064960
vn -0.646038 0.652320 0.293974
vn -0.523592 -0.405180 -0.680435
vn 0.064392 0.632506 -0.678028
vn 0.324779 0.845872 -0.403481
vn 0.496409 0.857272 -0.122183
vn 0.016410 0.999157 0.022913
vn -0.065181 0.992383 -0.048308
vn -0.020869 0.953939 -0.278545
vn -0.163699 0.745138 -0.599839
vn -0.014124 0.989709 0.015763
vn -0.292411 0.930452 0.145483
vn -0.343530 0.896921 0.208667
vn -0.235928 0.961968 0.060121
vn -0.020385 0.943430 -0.251746
vn -0.190788 0.358431 -0.721600
vn 0.133071 0.980281 0.021312
vn -0.496063 -0.329479 -0.736452
vn -0.249468 0.201835 -0.814544
vn 0.262545 0.785508 -0.549567
vn 0.448822 0.880081 -0.150434
vn 0.015091 0.998808 0.007658
vn -0.041323 0.992732 -0.105688
vn -0.009053 0.881118 -0.455671
vn 0.009915 0.827447 -0.488019
vn -0.018557 0.999580 -0.000582
vn 0.038709 0.993008 0.084533
vn -0.111909 0.878214 -0.373539
vn -0.243923 0.915974 0.191016
vn -0.098873 0.977775 0.089255
vn -0.022911 0.992150 0.013938
vn 0.139504 0.984461 0.040473
vn -0.619015 -0.640434 -0.426653
vn -0.451140 -0.191113 -0.745384
vn 0.060675 0.533774 -0.752864
vn 0.374304 0.859212 -0.328625
vn 0.456582 0.869490 -0.175896
vn -0.020116 0.996983 -0.062487
vn -0.135771 0.828061 -0.487978
vn 0.176672 0.108460 -0.698161
vn -0.004511 0.997823 0.040595
vn -0.023583 0.998939 -0.020952
vn 0.028690 0.982077 -0.039428
vn 0.061359 0.968574 -0.099069
vn -0.097494 0.426767 -0.675876
vn -0.111391 -0.406758 -0.878734
vn 0.183277 0.977549 -0.064025
vn 0.255921 0.955249 0.126671
vn -0.596620 -0.624497 -0.473989
vn -0.583548 -0.387367 -0.665618
vn 0.255395 0.749829 -0.563640
vn 0.397642 0.901193 -0.137842
vn 0.361633 0.899963 -0.217471
vn -0.035611 0.995610 -0.077615
vn -0.139487 0.876709 -0.374609
vn 0.110383 0.745367 -0.494616
vn -0.061529 -0.420941 -0.806721
vn -0.000411 0.999173 0.016811
vn -0.016490 0.999170 -0.020571
vn 0.011429 0.992699 0.104309
vn 0.009082 0.987633 0.036530
vn -0.398096 0.476213 -0.722461
vn -0.083436 0.974462 -0.176283
vn 0.134961 0.985359 -0.029324
vn -0.141921 0.481902 -0.651595
vn 0.245596 0.961330 -0.112153
vn 0.283989 0.953272 -0.021382
vn -0.624794 -0.582342 -0.508690
vn -0.305973 0.154923 -0.767347
vn 0.213510 0.857984 -0.438404
vn 0.387386 0.886173 -0.241422
vn -0.427830 0.533675 -0.657520
vn -0.374018 0.321892 -0.793458
vn -0.267155 0.788528 -0.481862
vn 0.210553 0.960445 0.144394
vn -0.098522 0.909698 -0.343495
vn 0.220415 0.969276 -0.094543
vn 0.221581 0.968359 -0.106051
vn 0.257098 0.956430 -0.014341
vn -0.651392 -0.506164 -0.543060
vn -0.005309 0.512136 -0.702740
vn 0.248309 0.944878 -0.186684
vn 0.321845 0.933874 -0.069515
vn 0.214603 0.922132 -0.312800
vn -0.050439 0.997207 -0.045426
vn -0.036513 0.998304 -0.027240
vn -0.587471 0.589614 -0.222088
vn -0.334312 0.587875 -0.390496
vn 0.020600 0.995911 0.070709
vn -0.010688 0.999501 0.014184
vn -0.021285 0.986314 0.008820
vn -0.480283 -0.127343 -0.819876
vn -0.579568 0.025147 -0.672865
vn -0.153113 0.875410 -0.381391
vn 0.256107 0.948081 0.163764
vn 0.007474 0.935156 -0.264575
vn -0.251831 0.496294 -0.731531
vn -0.311480 -0.482657 -0.634901
vn 0.215792 0.969034 -0.110725
vn 0.153533 0.982551 -0.043653
vn -0.656115 -0.621645 -0.423036
vn -0.591840 -0.255201 -0.632400
vn -0.227379 0.256131 -0.688861
vn 0.264691 0.935915 -0.221975
vn 0.293521 0.950942 -0.031857
vn -0.018361 0.739895 -0.559421
vn -0.021214 0.999652 -0.012454
vn -0.684402 -0.046898 -0.457912
vn 0.021147 0.987185 0.132932
vn -0.002067 0.998338 0.043656
vn -0.381119 0.412893 -0.691589
vn -0.485907 -0.212629 -0.823253
vn 0.222612 0.947697 0.216473
vn 0.163643 0.972131 -0.041933
vn -0.396860 -0.158612 -0.800872
vn 0.262565 0.959585 -0.097819
vn 0.183155 0.973463 -0.115482
vn 0.162469 0.983398 -0.033003
vn -0.564430 -0.587738 -0.557689
vn 0.172772 0.964977 -0.185526
vn 0.112797 0.980744 -0.120660
vn 0.274348 0.951790 0.067108
vn 0.159600 0.949903 -0.203106
vn 0.103748 0.894150 -0.410666
vn -0.022779 0.998992 -0.028233
vn 0.034293 0.991447 0.047623
vn -0.036346 0.998392 0.007805
vn -0.151292 0.841794 -0.441260
vn -0.420334 0.040560 -0.793164
vn -0.515027 -0.455162 -0.696902
vn -0.511688 -0.187300 -0.712266
vn 0.236769 0.953263 0.176457
vn 0.189372 0.959291 0.129265
vn -0.140293 0.767093 -0.495258
vn -0.252122 0.568065 -0.693643
vn 0.232434 0.970893 -0.040258
vn 0.137286 0.988983 -0.006479
vn -0.649707 -0.610626 -0.446836
vn -0.581094 -0.482999 -0.592780
vn -0.414771 -0.115346 -0.761422
vn 0.104774 0.979834 -0.159916
vn 0.257971 0.950946 0.084421
vn -0.266181 0.462096 -0.682055
vn -0.023254 0.999329 -0.024540
vn -0.038021 0.994081 0.060104
vn -0.018202 0.992371 0.096246
vn -0.097768 0.954391 -0.161092
vn -0.527206 -0.140973 -0.826124
vn -0.380289 0.087679 -0.786096
vn -0.423869 -0.766070 -0.422014
vn -0.329455 0.671760 -0.620833
vn 0.190252 0.965694 0.131155
vn 0.121996 0.980851 0.090703
vn 0.105390 0.967547 -0.165483
vn 0.238451 0.957266 0.155584
vn 0.210818 0.975416 0.007707
vn -0.527640 -0.607444 -0.585687
vn -0.520746 -0.413558 -0.695201
vn 0.075358 0.987427 -0.138914
vn 0.207113 0.961551 0.049413
vn -0.048002 0.963863 -0.214804
vn -0.057473 0.851869 -0.443666
vn 0.054876 0.978821 0.181547
vn -0.034049 0.998991 -0.023469
vn -0.069515 0.994288 0.052117
vn -0.491725 0.162286 -0.799513
vn -0.233013 0.654682 -0.618752
vn 0.198343 0.971643 0.077723
vn 0.216747 0.967472 0.079151
vn 0.216959 0.963599 0.142288
vn 0.210325 0.976057 0.007738
vn 0.195421 0.978033 0.034664
vn -0.620014 -0.658589 -0.421248
vn -0.430437 -0.633187 -0.639163
vn -0.495468 -0.480907 -0.701901
vn 0.082447 0.985115 -0.147690
vn 0.128048 0.981457 -0.108352
vn 0.252028 0.953363 0.067897
vn 0.035900 0.974304 -0.013260
vn -0.440494 0.152448 -0.759690
vn -0.175062 0.728907 -0.492141
vn 0.085800 0.961746 -0.059693
vn 0.005156 0.980274 0.183115
vn -0.026809 0.998967 -0.029216
vn 0.016310 0.996612 0.018790
vn -0.408701 0.116479 -0.813797
vn -0.246083 0.415137 -0.693631
vn 0.016819 0.849081 -0.425327
vn 0.168204 0.975817 -0.055943
vn 0.251352 0.965641 0.027329
vn -0.500672 -0.656274 -0.564468
vn -0.439298 -0.584861 -0.678432
vn 0.061086 0.989017 -0.101731
vn 0.146149 0.970832 0.096422
vn -0.230123 0.790790 -0.474233
vn -0.095028 0.984522 -0.082520
vn -0.143236 0.665369 -0.520453
vn 0.000916 0.958584 0.005751
vn 0.010264 0.965341 0.260171
vn -0.012166 0.998533 -0.038468
vn -0.433176 -0.024293 -0.867424
vn 0.190590 0.970932 0.133769
vn 0.143859 0.987025 0.064675
vn -0.395623 -0.683535 -0.609354
vn -0.371121 -0.633774 -0.677217
vn -0.453555 -0.457232 -0.748726
vn -0.411565 0.008414 -0.759069
vn 0.169438 0.976101 -0.039092
vn 0.066024 0.989825 -0.121639
vn -0.183741 0.853927 -0.374620
vn -0.326073 0.202637 -0.835522
vn -0.030659 0.976297 0.132235
vn -0.143603 0.636256 -0.611041
vn 0.044962 0.990539 0.111910
vn 0.047139 0.997381 -0.041392
vn -0.341213 0.063907 -0.870824
vn 0.063934 0.934827 -0.314866
vn -0.182969 0.534420 -0.708193
vn 0.168555 0.977219 0.115424
vn 0.175220 0.981550 0.027451
vn -0.424353 -0.653968 -0.622624
vn -0.417307 -0.573577 -0.700844
vn -0.002770 0.996581 -0.062152
vn 0.058310 0.985205 0.066359
vn -0.128503 0.980663 -0.137081
vn -0.051327 0.992750 -0.022646
vn -0.273094 0.109086 -0.911512
vn -0.164040 0.937153 -0.151092
vn 0.034296 0.996174 0.019329
vn 0.018181 0.997759 -0.026382
vn 0.089588 0.979145 -0.136324
vn 0.168718 0.977337 0.110828
vn 0.164343 0.980097 0.094325
vn 0.138417 0.986814 0.079789
vn -0.357112 -0.499154 -0.775272
vn 0.008294 0.996771 -0.061768
vn -0.101052 0.988690 -0.007729
vn -0.039174 0.995435 0.012191
vn -0.311775 0.138030 -0.764166
vn -0.266775 0.823613 -0.353727
vn -0.204483 0.719318 -0.481309
vn -0.274945 0.434387 -0.803517
vn -0.002295 0.985411 0.028207
vn 0.016253 0.996228 0.039352
vn -0.080688 0.787363 -0.498187
vn 0.113534 0.990156 0.081029
vn -0.395209 -0.658834 -0.636021
vn -0.407858 -0.641966 -0.644787
vn -0.031564 0.999019 -0.030721
vn -0.048166 0.997620 -0.026313
vn -0.097418 0.990056 0.063980
vn -0.083558 0.984806 0.083205
vn -0.185233 0.971387 -0.083211
vn -0.151727 0.065012 -0.943824
vn -0.278942 0.151976 -0.924245
vn 0.021919 0.995299 0.059372
vn -0.197158 0.536376 -0.762773
vn 0.027129 0.964159 -0.246239
vn 0.127199 0.984663 -0.022660
vn 0.185024 0.972716 0.125174
vn 0.135802 0.988951 0.053032
vn -0.284100 -0.632016 -0.700043
vn -0.540632 0.081128 -0.688686
vn -0.166553 0.981849 0.021304
vn -0.287319 0.949170 0.078562
vn -0.154824 0.972636 0.130205
vn -0.436605 0.811305 -0.275759
vn -0.183051 0.140744 -0.930663
vn -0.190227 0.696577 -0.554971
vn -0.308629 0.245727 -0.897112
vn -0.029412 0.995716 0.070587
vn 0.021754 0.848894 -0.509590
vn 0.066450 0.949080 -0.239886
vn 0.131479 0.979948 0.114948
vn 0.149835 0.983271 0.083677
vn -0.479933 -0.267572 -0.784968
vn -0.324239 0.930342 0.102326
vn -0.379667 0.909837 0.108591
vn -0.230605 0.964907 0.081517
vn -0.223788 0.944254 0.211830
vn -0.199545 0.957065 0.089591
vn -0.394568 0.905026 -0.073106
vn 0.000742 0.690190 -0.647596
vn -0.247282 0.388226 -0.867406
vn -0.155881 0.786813 -0.425406
vn 0.002801 0.996025 0.060239
vn -0.023118 0.997277 0.031722
vn 0.158085 0.978414 0.131276
vn -0.525594 -0.099701 -0.728024
vn -0.584669 0.369567 -0.521331
vn -0.336559 0.924162 0.145077
vn -0.465872 0.866836 0.152542
vn -0.323052 0.928491 0.139632
vn -0.314940 0.935530 0.076539
vn -0.054831 0.775255 -0.544924
vn -0.203385 0.419664 -0.870202
vn -0.166142 0.394562 -0.865075
vn 0.010938 0.970625 -0.165978
vn 0.136236 0.970781 0.187434
vn -0.244411 -0.542775 -0.743497
vn -0.491040 0.852745 0.169477
vn -0.447529 0.865800 0.211979
vn -0.428434 0.865080 0.242197
vn -0.554461 0.656898 -0.303091
vn -0.465380 0.870543 -0.011192
vn -0.179520 0.435190 -0.844853
vn -0.098667 0.459492 -0.873787
vn 0.028278 0.961341 -0.099826
vn 0.053034 0.987579 -0.036748
vn 0.112261 0.970225 0.205534
vn -0.550987 0.290980 -0.556426
vn -0.512740 0.837435 0.187487
vn -0.285992 0.931286 0.181784
vn -0.278374 0.908634 0.293207
vn -0.044326 0.833909 -0.476472
vn -0.109766 0.608545 -0.732469
vn -0.039985 0.728698 -0.580506
vn 0.050590 0.994095 0.053083
vn 0.089318 0.981351 0.103573
vn -0.359279 -0.352979 -0.815347
vn -0.463769 0.848543 0.235393
vn -0.390319 0.907806 0.109658
vn -0.015097 0.342339 -0.918537
vn -0.087899 0.656170 -0.662075
vn 0.188950 0.902901 -0.352021
vn 0.083627 0.978144 0.059100
vn -0.032273 0.907424 -0.348317
vn -0.184976 -0.630922 -0.737622
vn -0.500453 -0.152435 -0.737175
vn -0.242952 0.920496 0.296362
vn -0.499778 0.833561 -0.161293
vn 0.130213 0.540083 -0.780475
vn 0.013511 0.981019 0.172997
vn -0.147427 -0.684305 -0.709197
vn -0.652246 0.505155 -0.478290
vn 0.050104 0.743126 -0.501738
vn -0.136751 0.465318 -0.840294
vn 0.001052 0.960306 -0.134121
vn 0.040672 0.971259 0.015737
vn -0.151338 -0.669228 -0.720206
vn -0.221855 -0.641030 -0.721372
vn -0.269639 -0.503123 -0.791944
vn -0.498782 -0.172691 -0.781961
vn -0.027385 0.599260 -0.681195
vn 0.170243 0.262933 -0.851389
vn 0.033279 0.822013 -0.462278
vn 0.002511 0.959613 -0.146991
vn -0.033786 0.970957 -0.060748
vn 0.050981 0.990444 0.118558
vn -0.036091 -0.627394 -0.769276
vn -0.234774 -0.655763 -0.710261
vn 0.139239 0.213236 -0.913016
vn -0.148894 -0.687194 -0.705185
vn -0.173499 -0.574680 -0.784796
vn -0.336135 -0.423440 -0.829584
vn -0.108569 0.674311 -0.611746
vn 0.478002 0.264732 -0.763979
vn 0.090527 0.985310 0.018036
vn 0.010001 -0.659905 -0.736177
vn -0.154514 -0.722005 -0.673799
vn 0.031071 -0.608367 -0.782298
vn -0.105835 -0.656145 -0.733552
vn -0.203815 -0.571173 -0.780657
vn -0.206175 -0.606252 -0.760739
vn 0.109634 -0.772194 -0.613169
vn 0.000753 0.996475 -0.047062
vn -0.007314 0.999066 -0.017601
vn -0.007619 0.998939 -0.014610
vn 0.004261 0.998657 -0.024269
vn -0.041676 0.999100 0.001342
vn -0.072679 0.988083 -0.041597
vn -0.299558 0.946768 0.009076
vn 0.044013 0.997811 -0.037759
vn -0.024948 0.999577 0.004411
vn -0.362446 0.928664 -0.011146
vn 0.044049 0.997398 -0.027447
vn -0.016939 0.999293 -0.016169
vn -0.029518 0.999386 0.018205
vn -0.382878 0.922562 0.023780
vn -0.286493 0.952883 -0.049046
vn 0.019622 0.998790 -0.005398
vn 0.016519 0.998766 -0.025255
vn -0.009107 0.999462 0.000886
vn -0.348237 0.934908 -0.019067
vn -0.377133 0.923400 -0.052356
vn -0.253038 0.961244 -0.071157
vn -0.027706 0.995377 -0.000042
vn -0.005573 0.999279 -0.034637
vn -0.001410 0.999841 0.003156
vn -0.281232 0.953720 -0.065194
vn -0.185756 0.977957 -0.075874
vn -0.327334 0.939097 -0.070874
vn -0.032712 0.999376 -0.008008
vn 0.007683 0.998843 -0.042658
vn -0.006885 0.999403 -0.017241
vn -0.280402 0.952071 -0.108063
vn -0.116289 0.974701 -0.122798
vn 0.011067 0.998768 -0.010062
vn -0.021246 0.997890 -0.058207
vn 0.011075 0.999264 -0.036045
vn 0.005732 0.999636 -0.018474
vn -0.174755 0.978786 -0.102471
vn -0.226161 0.965633 -0.113303
vn -0.232182 0.965489 -0.104963
vn -0.222561 0.956337 -0.177358
vn -0.024210 0.997214 -0.004878
vn -0.005954 0.998027 -0.030694
vn 0.014725 0.998359 -0.043214
vn 0.007940 0.998570 -0.045455
vn -0.137882 0.982201 -0.123111
vn -0.164526 0.971813 -0.156954
vn -0.150207 0.956833 -0.247539
vn 0.013259 0.992823 -0.058952
vn -0.021474 0.997939 -0.031847
vn 0.010880 0.999041 -0.029260
vn 0.018883 0.999443 -0.026202
vn -0.153722 0.983509 -0.085652
vn -0.135556 0.983281 -0.120090
vn -0.152358 0.978711 -0.131841
vn -0.153105 0.964297 -0.212706
vn -0.137608 0.962029 -0.225827
vn 0.014330 0.992061 -0.098361
vn 0.029991 0.996664 -0.040715
vn -0.005454 0.998201 -0.054841
vn -0.132339 0.986579 -0.087949
vn -0.139138 0.988372 -0.057896
vn -0.111117 0.984355 -0.136080
vn -0.109295 0.980000 -0.163928
vn -0.120468 0.972123 -0.192591
vn -0.126861 0.949129 -0.280279
vn -0.060895 0.996594 -0.035864
vn -0.018043 0.998243 -0.036032
vn -0.004031 0.998924 -0.044166
vn 0.014616 0.997075 -0.046569
vn -0.105675 0.983391 -0.141250
vn -0.101638 0.985223 -0.136049
vn -0.120187 0.971451 -0.200224
vn -0.044365 0.979434 -0.150678
vn 0.061967 0.996588 -0.040645
vn -0.014311 0.996965 -0.072532
vn 0.001866 0.999012 -0.039922
vn 0.019531 0.998537 -0.038449
vn -0.115931 0.989629 -0.070972
vn -0.115707 0.981158 -0.153516
vn -0.121595 0.991396 -0.045620
vn -0.093063 0.985136 -0.144136
vn -0.144172 0.978218 -0.138368
vn -0.045205 0.972305 -0.198525
vn -0.144765 0.953576 -0.259052
vn 0.031165 0.997254 -0.040668
vn -0.024195 0.997857 -0.057316
vn -0.007890 0.998756 -0.043748
vn 0.000194 0.999339 -0.029436
vn -0.065627 0.993824 -0.058996
vn -0.126496 0.979175 -0.152518
vn -0.161204 0.969683 -0.175520
vn -0.045453 0.970625 -0.221270
vn 0.044733 0.995929 -0.047423
vn -0.193436 0.923729 -0.322710
vn 0.057048 0.997525 -0.023249
vn -0.011610 0.998673 -0.044309
vn 0.005255 0.999386 -0.031434
vn -0.029490 0.988077 -0.141686
vn -0.072213 0.987698 -0.125707
vn -0.194003 0.967134 -0.158137
vn -0.135587 0.937185 -0.310942
vn 0.047958 0.992901 -0.053048
vn 0.071478 0.995245 0.000686
vn -0.181261 0.948181 -0.253640
vn 0.076422 0.996429 0.007246
vn 0.023403 0.997353 -0.018252
vn -0.011115 0.998847 -0.037970
vn -0.000291 0.999444 -0.022902
vn 0.028289 0.999235 -0.011804
vn -0.156495 0.979274 -0.119924
vn -0.163425 0.978450 -0.118229
vn -0.043276 0.987700 -0.112803
vn -0.247759 0.900127 -0.356843
vn -0.222027 0.940455 -0.253184
vn -0.004862 0.998625 -0.041443
vn -0.006226 0.999525 -0.026026
vn 0.020344 0.998428 -0.046489
vn -0.056099 0.992344 -0.076047
vn 0.000564 0.998898 -0.015523
vn -0.103864 0.987561 -0.102454
vn -0.150268 0.975138 -0.157258
vn -0.160351 0.956709 -0.209051
vn 0.071753 0.995973 -0.006933
vn 0.049614 0.998152 -0.003289
vn -0.247600 0.911190 -0.323967
vn -0.005142 0.998196 -0.043349
vn -0.019493 0.997521 -0.056524
vn 0.028734 0.998413 -0.046190
vn -0.008889 0.998459 -0.048739
vn -0.083537 0.991674 -0.086381
vn -0.070990 0.993257 -0.090553
vn -0.085958 0.990401 -0.100346
vn -0.167382 0.964209 -0.203972
vn -0.019997 0.995129 0.011897
vn 0.076037 0.995963 0.015452
vn 0.017605 0.997684 0.035233
vn -0.265195 0.912117 -0.302657
vn -0.189640 0.953715 -0.224887
vn 0.013186 0.996380 -0.068729
vn 0.000822 0.998236 -0.026719
vn 0.003635 0.998413 -0.045056
vn -0.049341 0.997445 0.028947
vn -0.093778 0.991414 -0.038430
vn -0.062940 0.991904 -0.101767
vn -0.072868 0.993632 -0.082795
vn -0.143289 0.973785 -0.171911
vn -0.176603 0.968400 -0.155232
vn -0.035684 0.995324 -0.050179
vn 0.014159 0.997464 -0.018497
vn -0.257187 0.898452 -0.354419
vn -0.175925 0.957244 -0.220757
vn 0.017127 0.998276 -0.020587
vn -0.021894 0.998219 -0.053099
vn -0.080428 0.988999 -0.114670
vn -0.079891 0.990642 -0.104422
vn -0.086488 0.984054 -0.146521
vn 0.006613 0.997064 0.056498
vn -0.025109 0.992451 0.003067
vn -0.016185 0.997842 -0.026847
vn 0.038961 0.997946 -0.044667
vn -0.252797 0.918531 -0.298948
vn -0.203484 0.933157 -0.287815
vn -0.217081 0.939269 -0.255256
vn -0.067092 0.993036 -0.060478
vn 0.008239 0.999029 -0.022379
vn -0.003939 0.999020 -0.018050
vn -0.006035 0.998789 -0.008191
vn -0.059754 0.996301 0.050844
vn -0.116808 0.986416 -0.111061
vn -0.066599 0.990981 -0.110741
vn -0.132784 0.976402 -0.169704
vn -0.076095 0.988166 -0.126212
vn -0.020659 0.997180 0.016976
vn -0.147812 0.972956 -0.154617
vn 0.048980 0.995155 0.067456
vn -0.005132 0.996015 -0.065527
vn -0.133015 0.972918 -0.176548
vn -0.030041 0.998387 0.012695
vn -0.007724 0.999444 -0.009592
vn -0.064851 0.996871 -0.021566
vn -0.063443 0.992761 0.099220
vn -0.074761 0.991381 -0.087066
vn -0.058296 0.989569 -0.124951
vn -0.104264 0.982575 -0.153128
vn 0.011025 0.984789 0.066308
vn 0.012714 0.989218 0.114430
vn 0.045093 0.995760 -0.065081
vn -0.217021 0.932266 -0.285334
vn -0.179432 0.947791 -0.255144
vn -0.095520 0.972939 -0.174843
vn -0.003640 0.999681 -0.015343
vn 0.005729 0.999730 -0.012776
vn -0.020301 0.999392 -0.016566
vn -0.014410 0.999047 -0.035873
vn -0.010990 0.998716 -0.022733
vn -0.081316 0.994243 0.034215
vn -0.055886 0.986485 -0.148211
vn -0.024643 0.982544 -0.180364
vn -0.062548 0.988166 -0.132518
vn -0.069600 0.986305 -0.147994
vn -0.089412 0.986161 -0.121683
vn 0.005039 0.999643 -0.014816
vn -0.079731 0.994340 -0.007911
vn 0.067684 0.993632 -0.067077
vn -0.121243 0.948996 -0.279215
vn -0.202490 0.946241 -0.243412
vn -0.195738 0.940933 -0.271141
vn -0.136208 0.968412 -0.196276
vn 0.007591 0.999656 -0.019470
vn -0.006116 0.999784 -0.003533
vn -0.009900 0.999060 0.004082
vn -0.082187 0.995308 0.015550
vn -0.038998 0.993457 -0.091090
vn 0.033662 0.976756 -0.206002
vn -0.011422 0.988830 -0.140731
vn -0.066960 0.989578 -0.121333
vn -0.065130 0.990801 -0.109984
vn 0.111102 0.983104 0.063965
vn 0.084300 0.978515 0.135579
vn 0.022889 0.999437 -0.016745
vn -0.084191 0.992389 -0.080788
vn 0.006781 0.997498 -0.010351
vn 0.078478 0.995442 -0.021382
vn -0.191272 0.928649 -0.312826
vn -0.195486 0.940087 -0.266720
vn -0.196894 0.954374 -0.099226
vn -0.000712 0.999857 -0.005952
vn 0.000256 0.999835 -0.010373
vn -0.009398 0.999413 -0.001308
vn -0.069827 0.995894 -0.050153
vn 0.053697 0.979949 -0.184479
vn -0.068148 0.990640 -0.116170
vn 0.046941 0.963051 -0.247511
vn 0.028052 0.982914 -0.181057
vn -0.002945 0.987095 -0.152331
vn -0.054891 0.993758 0.022033
vn 0.077311 0.990325 0.026158
vn -0.111940 0.991186 -0.016574
vn 0.098891 0.993634 0.022397
vn 0.125115 0.991916 0.014086
vn -0.067810 0.945138 -0.313275
vn -0.079419 0.958064 -0.254557
vn -0.067067 0.988034 -0.099490
vn -0.072836 0.968976 -0.229242
vn -0.006758 0.999642 0.001631
vn 0.013859 0.992893 -0.111240
vn 0.074189 0.973973 -0.213548
vn -0.050715 0.990335 -0.123011
vn 0.114461 0.947179 -0.285902
vn -0.062174 0.989567 -0.121349
vn 0.004649 0.989358 -0.136540
vn -0.047218 0.997790 -0.022455
vn 0.061562 0.991973 0.025569
vn 0.014044 0.999286 -0.018975
vn -0.138551 0.989861 0.008525
vn -0.092514 0.992614 -0.005354
vn 0.076876 0.996284 0.020173
vn 0.061577 0.996876 0.004349
vn 0.012551 0.948038 -0.301779
vn -0.111207 0.972006 -0.188069
vn -0.104491 0.986574 -0.048939
vn -0.187816 0.942232 0.023033
vn 0.002820 0.999622 -0.021569
vn -0.006484 0.999597 -0.019619
vn 0.043348 0.988635 -0.139281
vn 0.073751 0.964872 -0.239377
vn 0.036422 0.973201 -0.200180
vn 0.061237 0.978887 -0.187701
vn 0.081621 0.939088 -0.279348
vn -0.070483 0.996489 -0.009518
vn 0.073853 0.991349 0.068189
vn -0.137831 0.988425 -0.013808
vn -0.023738 0.999525 0.017590
vn 0.029913 0.997870 0.021266
vn 0.067577 0.933206 -0.336327
vn 0.073602 0.966004 -0.224851
vn -0.439046 0.864394 -0.019605
vn -0.594132 0.687803 0.290794
vn -0.004676 0.999403 -0.016959
vn 0.029917 0.991671 -0.125272
vn -0.095616 0.957202 -0.078676
vn -0.118916 0.969612 -0.104944
vn 0.136151 0.944672 -0.277184
vn 0.108566 0.946117 -0.297091
vn -0.008454 0.995821 -0.052768
vn -0.005092 0.998165 -0.055515
vn 0.083838 0.991451 0.080428
vn 0.007631 0.999602 -0.011017
vn -0.001507 0.999372 -0.014660
vn -0.097251 0.990896 -0.065130
vn -0.044875 0.998288 0.004088
vn 0.016805 0.998475 0.020323
vn 0.064473 0.997819 0.003094
vn 0.127228 0.932946 -0.309910
vn -0.344223 0.863494 -0.182025
vn 0.049376 0.992173 0.041312
vn 0.025177 0.973018 -0.197022
vn -0.578901 0.651266 0.375298
vn -0.003168 0.999111 -0.008766
vn -0.002132 0.998155 0.012043
vn -0.268580 0.880711 -0.017668
vn -0.573093 0.670485 0.301209
vn 0.147750 0.944619 -0.279922
vn -0.246105 0.860898 -0.010269
vn -0.096500 0.924834 -0.146842
vn -0.275972 0.808828 0.078120
vn 0.003141 0.994740 -0.093048
vn -0.049480 0.991677 -0.094158
vn -0.006561 0.996263 -0.067099
vn 0.013953 0.999512 0.010906
vn 0.022656 0.999094 -0.000148
vn 0.119246 0.921499 -0.332261
vn 0.177197 0.925647 -0.327508
vn -0.756347 0.600717 0.029361
vn -0.147533 0.947151 -0.024946
vn -0.702452 0.534529 0.464539
vn -0.527423 0.630458 0.341938
vn -0.650334 0.453522 0.366984
vn 0.094945 0.942926 -0.289594
vn -0.546934 0.582417 0.154369
vn -0.212910 0.881041 -0.039262
vn 0.157768 0.937045 -0.301018
vn 0.049432 0.993781 -0.030472
vn 0.000716 0.999562 0.025664
vn -0.002634 0.999486 0.000850
vn -0.002039 0.999084 0.018673
vn -0.063223 0.995043 -0.047654
vn -0.028548 0.999043 0.005791
vn 0.024602 0.999111 0.004344
vn 0.025739 0.999139 -0.012577
vn -0.066493 0.954157 -0.102710
vn -0.733535 0.565625 0.324343
vn -0.643692 0.560982 -0.419664
vn -0.036103 0.989004 -0.082630
vn -0.581253 0.675741 0.266761
vn -0.744393 0.500982 0.433194
vn -0.004269 0.996400 -0.000907
vn -0.009704 0.999541 -0.019330
vn -0.660053 0.472435 0.440251
vn -0.706183 0.411606 0.558442
vn -0.507454 0.665498 0.414940
vn -0.662275 0.504244 0.265562
vn -0.671622 0.415925 0.515096
vn -0.012045 0.994593 -0.093119
vn 0.088246 0.994098 -0.012268
vn -0.004479 0.996842 -0.063745
vn -0.004690 0.999666 -0.010237
vn -0.009554 0.996076 -0.067972
vn -0.006899 0.999115 0.013900
vn 0.032191 0.998379 0.027299
vn -0.002829 0.999668 -0.020296
vn -0.017320 0.931898 -0.211301
vn -0.482834 0.754068 0.179707
vn -0.857477 0.294499 -0.233833
vn -0.426882 0.785338 -0.324490
vn -0.670264 0.617811 0.403077
vn 0.006628 0.999582 -0.026261
vn -0.726610 0.327343 0.586400
vn -0.767283 0.276655 0.546753
vn -0.742600 0.309525 0.506292
vn -0.708617 0.447895 0.533969
vn -0.235455 0.881946 0.001888
vn -0.868895 0.275680 0.382705
vn -0.722125 0.460564 0.385161
vn -0.758491 0.312600 0.568163
vn 0.062370 0.991827 -0.096413
vn -0.015917 0.999677 -0.014116
vn -0.022111 0.998427 -0.046077
vn -0.004806 0.998459 -0.023590
vn 0.019892 0.997338 0.061639
vn 0.039337 0.999095 -0.005682
vn -0.886133 0.428541 0.090509
vn -0.372860 0.447481 -0.638902
vn -0.070253 0.912961 -0.144562
vn -0.732653 0.529099 0.421354
vn -0.687596 0.566220 0.445156
vn -0.721566 0.539077 0.411627
vn -0.002463 0.999447 -0.029193
vn -0.005954 0.999508 -0.027739
vn 0.003130 0.999670 -0.021358
vn -0.719897 0.405449 0.554219
vn -0.678383 0.533515 0.475099
vn -0.725400 0.429113 0.483571
vn 0.039377 0.996348 -0.048053
vn 0.025034 0.995318 -0.078143
vn 0.001041 0.999797 -0.010694
vn 0.008946 0.998992 0.006008
vn -0.005614 0.999838 -0.007675
vn -0.007216 0.999106 -0.003902
vn 0.027569 0.999277 -0.003854
vn -0.571604 0.740335 0.205170
vn -0.768900 0.042419 -0.441239
vn -0.740712 0.534519 0.374167
vn -0.543307 -0.098116 -0.716854
vn 0.028456 0.998481 -0.006698
vn -0.664199 0.655546 0.352518
vn -0.682025 0.604941 0.392852
vn 0.001002 0.999665 -0.022897
vn -0.788313 0.303723 0.473991
vn -0.683700 0.423841 0.571930
vn -0.655316 0.600672 0.441709
vn -0.748145 0.494959 0.371051
vn -0.833324 0.404060 0.357581
vn -0.698824 0.577558 0.361293
vn 0.007474 0.999275 -0.036247
vn -0.009453 0.999741 0.015095
vn -0.006673 0.999586 -0.005870
vn -0.027497 0.998514 0.031090
vn -0.000808 0.997568 -0.020747
vn -0.003628 0.999297 -0.014118
vn 0.026798 0.998823 -0.003435
vn 0.019887 0.999453 -0.008498
vn -0.718831 0.551620 0.418596
vn -0.901010 0.311545 0.003002
vn -0.154676 -0.187657 -0.946966
vn -0.043116 0.852676 -0.352031
vn 0.035912 0.997338 -0.010085
vn -0.782386 0.530029 0.320076
vn -0.707884 0.531097 0.458290
vn -0.678805 0.593526 0.412381
vn -0.669938 0.567711 0.466137
vn -0.733485 0.444294 0.510794
vn -0.764704 0.556789 0.291369
vn -0.656732 0.677247 0.330639
vn 0.010756 0.999348 -0.033339
vn 0.008417 0.999487 -0.026083
vn -0.003025 0.999760 0.018164
vn 0.001839 0.997286 -0.003814
vn -0.002324 0.998490 0.004358
vn 0.009320 0.999356 -0.003033
vn 0.031505 0.998310 -0.018331
vn -0.025650 0.998960 -0.007422
vn 0.008073 0.999821 0.007312
vn -0.764872 0.516631 0.365198
vn -0.765623 -0.102612 -0.512590
vn -0.400946 -0.256041 -0.822058
vn -0.840686 0.469451 0.246035
vn -0.062064 0.495929 -0.779714
vn -0.120620 0.784678 -0.562939
vn -0.758115 0.515695 0.394135
vn -0.669428 0.589903 0.441664
vn -0.001186 0.999713 0.014234
vn -0.656915 0.669576 0.344867
vn -0.663955 0.642693 0.381807
vn -0.790508 0.537429 0.289834
vn -0.663341 0.678478 0.314943
vn -0.017689 0.999057 -0.021551
vn 0.003980 0.999023 -0.013518
vn 0.003897 0.999521 -0.002655
vn 0.034448 0.998722 -0.011022
vn -0.006336 0.998745 -0.007580
vn 0.015674 0.999211 -0.004477
vn -0.016486 0.998524 -0.034905
vn -0.559626 -0.445023 -0.698395
vn -0.844253 0.243770 -0.168048
vn -0.079449 0.977192 -0.117333
vn 0.045653 0.995905 -0.014028
vn 0.024008 0.998668 -0.040763
vn -0.734809 0.584444 0.328864
vn -0.729783 0.591684 0.303735
vn -0.002639 0.999439 -0.003267
vn -0.646399 0.651706 0.395902
vn -0.708042 0.640595 0.287163
vn 0.012218 0.999575 -0.011999
vn -0.000864 0.999695 -0.017438
vn -0.007840 0.999656 -0.011120
vn 0.017000 0.999764 0.000421
vn -0.019362 0.999532 0.009860
vn 0.036357 0.999032 0.000106
vn -0.002919 0.999702 -0.011665
vn -0.591510 -0.370869 -0.607312
vn -0.040074 0.790009 -0.597636
vn -0.104539 0.896533 -0.394421
vn 0.014931 0.998125 0.009580
vn -0.691024 0.604164 0.389178
vn -0.667790 0.662893 0.316679
vn -0.668544 0.656207 0.348113
vn -0.622864 0.666734 0.408155
vn -0.667358 0.677561 0.309069
vn -0.652365 0.693761 0.303009
vn 0.003638 0.999752 -0.011176
vn -0.013467 0.999557 -0.018200
vn -0.012236 0.997857 -0.057499
vn -0.011147 0.999205 -0.017009
vn -0.000105 0.999782 -0.010086
vn 0.008372 0.998330 -0.021747
vn 0.004091 0.999748 0.002874
vn -0.016600 0.998800 -0.002812
vn 0.022626 0.999079 -0.015809
vn -0.005990 0.999310 -0.026867
vn -0.611469 -0.121502 -0.517405
vn -0.804186 0.513410 0.092516
vn -0.087987 0.974217 -0.177001
vn 0.026039 0.997617 -0.033826
vn -0.611913 0.714705 0.329842
vn -0.686418 0.608578 0.396190
vn -0.662641 0.689554 0.289837
vn -0.663861 0.656260 0.355392
vn -0.636347 0.665722 0.386770
vn -0.689486 0.664937 0.281983
vn -0.667320 0.686958 0.285860
vn 0.008340 0.999797 -0.005198
vn -0.012237 0.999175 -0.025074
vn 0.006646 0.999034 -0.027686
vn -0.004627 0.999255 -0.017210
vn 0.006547 0.999701 -0.014924
vn -0.043409 0.998241 0.010895
vn 0.032625 0.997369 -0.047594
vn 0.022938 0.999192 -0.006440
vn -0.274630 -0.587655 -0.761076
vn -0.035155 0.926412 -0.338239
vn -0.015801 0.996452 -0.025886
vn -0.658545 0.654313 0.361264
vn -0.618991 0.683991 0.376747
vn -0.769733 0.593710 0.188276
vn -0.624266 0.700439 0.335505
vn -0.642112 0.673660 0.362245
vn -0.583375 0.702378 0.405425
vn -0.631603 0.731874 0.251906
vn 0.001134 0.998834 -0.018747
vn 0.024586 0.999693 -0.000420
vn -0.012140 0.998474 -0.040281
vn 0.026830 0.999418 -0.016058
vn 0.008043 0.999644 -0.016258
vn 0.019357 0.997787 -0.049268
vn -0.497493 -0.290588 -0.739745
vn -0.764233 0.138504 -0.284833
vn -0.023660 0.996696 0.015074
vn -0.078596 0.991047 -0.097986
vn -0.083986 0.982816 -0.157281
vn -0.020028 0.999242 -0.020131
vn -0.619781 0.738082 0.264355
vn -0.660464 0.660795 0.349146
vn -0.558363 0.718718 0.400187
vn -0.644367 0.710109 0.282754
vn -0.651914 0.712115 0.256742
vn -0.629382 0.728340 0.270842
vn -0.020069 0.999680 -0.010238
vn -0.016669 0.999098 0.039050
vn 0.017180 0.997876 -0.057236
vn 0.018684 0.999471 -0.016032
vn 0.008365 0.999456 -0.026635
vn -0.002146 0.996787 -0.067572
vn 0.017129 0.999491 -0.018870
vn 0.026771 0.996209 -0.056467
vn -0.008784 0.998307 0.002797
vn -0.634314 0.686002 0.352514
vn -0.553205 0.789225 0.251793
vn -0.521738 0.712733 0.456797
vn -0.706935 0.650586 0.248455
vn -0.797952 0.268603 -0.238200
vn -0.579616 0.717761 0.379974
vn -0.578065 0.710321 0.397889
vn -0.613562 0.754636 0.224810
vn -0.585888 0.762343 0.264659
vn 0.004778 0.999303 -0.016683
vn -0.019101 0.999522 -0.004750
vn -0.019019 0.998908 -0.012277
vn 0.005343 0.997397 -0.070894
vn 0.051344 0.996679 -0.055388
vn 0.003456 0.999324 -0.001149
vn 0.009228 0.999421 -0.028096
vn 0.013457 0.997614 -0.036552
vn 0.003404 0.999598 -0.026203
vn 0.007209 0.991579 -0.120808
vn -0.647481 -0.282901 -0.673814
vn -0.063584 0.991975 -0.099026
vn -0.033704 0.998067 0.021254
vn -0.608432 0.711322 0.342473
vn -0.534894 0.801769 0.259857
vn -0.475626 0.789463 0.361482
vn -0.628005 0.716983 0.257411
vn -0.628239 0.695238 0.344534
vn -0.024782 0.997482 -0.045380
vn 0.003211 0.998200 -0.006488
vn 0.016199 0.999727 -0.013955
vn -0.000337 0.999539 -0.021650
vn 0.009346 0.995906 -0.085793
vn 0.025624 0.991804 -0.118179
vn 0.028125 0.999443 0.003423
vn -0.034572 0.997490 -0.055819
vn 0.018008 0.999476 -0.022807
vn 0.022096 0.992809 -0.111927
vn 0.002139 0.999399 -0.034319
vn -0.032474 0.998095 -0.019428
vn -0.028089 0.996398 -0.076728
vn -0.576289 0.755994 0.301066
vn -0.522760 0.815963 0.241233
vn -0.429621 0.841121 0.303796
vn -0.407454 0.802508 0.433673
vn -0.748156 0.594149 -0.002171
vn -0.597301 -0.043063 -0.684343
vn -0.556507 0.816747 0.148611
vn 0.011172 0.997373 -0.025261
vn 0.004551 0.998917 -0.030312
vn -0.013325 0.999017 -0.020496
vn -0.019302 0.996730 -0.075595
vn -0.011303 0.998029 -0.029775
vn 0.011421 0.999765 -0.014656
vn 0.039325 0.988388 -0.140260
vn -0.005321 0.997499 -0.037700
vn 0.002662 0.988798 -0.142260
vn -0.023939 0.999328 0.009216
vn -0.531499 0.790606 0.301179
vn -0.540115 0.794676 0.274497
vn -0.396780 0.834732 0.351046
vn -0.709970 0.624359 -0.046288
vn -0.453722 -0.286793 -0.832670
vn -0.562457 0.789891 0.235551
vn 0.002463 0.992817 -0.114941
vn -0.002791 0.992539 -0.067675
vn 0.031981 0.986618 -0.156875
vn 0.013055 0.994426 -0.090761
vn -0.014878 0.999032 -0.018628
vn -0.600279 0.785868 0.125195
vn -0.692429 0.116819 -0.571924
vn -0.012401 0.991175 -0.114445
vn -0.022544 0.997459 -0.061640
vn -0.015792 0.988561 -0.138549
vn 0.038443 0.990650 -0.120703
vn 0.009150 0.989169 -0.138603
vn -0.326591 0.872739 0.351951
vn -0.490788 0.841230 0.164843
vn -0.624890 0.753723 0.028886
vn -0.769581 0.094765 -0.546176
vn -0.020841 0.998460 -0.049661
vn -0.004437 0.988796 -0.138146
vn 0.021595 0.993207 -0.106499
vn 0.015378 0.986849 -0.154575
vn 0.030930 0.985709 -0.157490
vn -0.012241 0.995817 -0.083034
vn -0.033860 0.998468 -0.038242
vn -0.321895 0.873471 0.347780
vn -0.845454 0.350891 -0.374001
vn -0.005178 0.983827 -0.174600
vn -0.027538 0.999125 -0.028703
vn -0.006638 0.985539 -0.156642
vn 0.009499 0.997448 -0.063268
vn -0.000742 0.998668 -0.037046
vn -0.354198 0.863788 0.320558
vn -0.527722 0.845461 0.075093
vn -0.005881 0.996363 -0.068048
vn -0.030989 0.999118 -0.028215
vn -0.452260 0.879050 0.113260
vn -0.007829 0.994936 -0.075149
vn -0.014749 0.997059 -0.068703
vn 0.017348 0.998914 -0.037841
vn -0.008670 0.994129 -0.087394
vn -0.010831 0.999130 -0.027264
vn 0.000634 0.999826 -0.011516
vn -0.004510 0.999268 -0.030951
vn -0.023353 0.999560 -0.009971
vn -0.006697 0.999594 -0.021259
vn -0.003957 0.999292 -0.031855
vn -0.008587 0.999667 0.002289
vn 0.011759 0.999433 -0.031460
vn -0.016304 0.999144 -0.035487
vn -0.025599 0.998994 0.012490
vn -0.007249 0.999478 -0.025058
vn -0.019348 0.998733 0.012230
vn -0.017386 0.999699 0.014096
vn -0.002955 0.999645 -0.021481
vn -0.012213 0.999753 0.004324
vn -0.027628 0.997739 0.060440
vn -0.018436 0.998769 0.011753
vn -0.023035 0.999049 0.032895
vn -0.611056 -0.689025 -0.381850
vn -0.586587 -0.597689 -0.530827
vn -0.568447 -0.469021 -0.593624
vn -0.629280 -0.709280 -0.317591
vn -0.557281 0.732471 -0.229323
vn -0.608705 0.623039 -0.491224
vn -0.408655 0.823162 -0.284483
vn -0.394241 0.878963 -0.153902
vn -0.231788 0.924445 -0.265001
vn -0.248026 0.888530 -0.376211
vn -0.274653 0.915411 -0.231390
vn -0.378164 0.853396 -0.349690
vn -0.241875 0.959090 -0.121817
vn -0.338256 0.925603 -0.155835
vn -0.156062 0.983139 -0.094353
vn -0.261695 0.948875 -0.169227
vn -0.211340 0.969992 -0.116553
vn -0.201980 0.962786 -0.161222
vn -0.242962 0.937970 -0.214394
vn -0.181186 0.971151 -0.142063
vn -0.227257 0.948171 -0.147418
vn -0.170513 0.962877 -0.196048
vn -0.431398 0.890759 -0.123898
vn -0.303397 0.933577 -0.122607
vn -0.222515 0.931094 -0.267074
vn -0.134829 0.958606 -0.243409
vn -0.473722 0.795164 -0.252715
vn -0.086127 0.979550 -0.174522
vn -0.395785 0.787668 -0.315057
vn -0.102954 0.972846 -0.192725
vn -0.772344 0.559069 -0.290449
vn -0.133226 0.977731 -0.149376
vn -0.720836 0.083212 -0.397580
vn -0.620988 0.509348 -0.350379
vn -0.867025 0.043808 -0.344588
vn -0.676702 -0.629693 -0.358571
vn -0.883597 0.266022 -0.371078
vn -0.624886 -0.707141 -0.330862
vn -0.782703 -0.213028 -0.390680
vn -0.656672 -0.633985 -0.388711
vn -0.548879 -0.714930 -0.433135
vn -0.612957 -0.686204 -0.391641
vn -0.061320 0.997986 -0.006809
vn -0.057754 0.997803 -0.022293
vn -0.052232 0.998400 -0.015151
vn -0.065620 0.997699 -0.001563
vn -0.065959 0.997462 -0.015796
vn -0.024162 0.998424 -0.026285
vn 0.000189 0.998872 -0.038179
vn -0.031460 0.998416 -0.023753
vn 0.004961 0.999587 -0.022319
vn 0.002994 0.998971 -0.044676
vn -0.070473 0.997015 -0.028808
vn 0.008328 0.999410 -0.030455
vn 0.002582 0.999687 -0.016652
vn 0.012151 0.999893 -0.007158
vn 0.015649 0.999462 -0.022713
vn 0.000164 0.999218 -0.019280
vn -0.064885 0.997247 -0.030992
vn 0.006041 0.999013 -0.026321
vn 0.014653 0.999567 -0.020073
vn 0.010374 0.999464 -0.021886
vn -0.061097 0.997713 -0.020492
vn -0.070425 0.996885 -0.030198
vn -0.010446 0.999817 -0.007939
vn 0.020871 0.998975 -0.038830
vn 0.018410 0.999520 -0.021464
vn -0.030410 0.998291 -0.024877
vn 0.007836 0.999522 -0.022680
vn -0.005571 0.999660 -0.013266
vn 0.003152 0.999392 -0.019346
vn -0.010454 0.999799 -0.004705
vn -0.003250 0.999786 -0.009594
vn 0.003155 0.999223 -0.022093
vn -0.028179 0.999111 -0.027053
vn -0.020976 0.999136 -0.029857
vn 0.068685 0.996211 -0.042689
vn 0.054883 0.997770 -0.018195
vn -0.057185 0.995752 -0.018646
vn 0.081218 0.996494 -0.017249
vn 0.041764 0.997364 -0.044018
vn -0.065024 0.996699 -0.012373
vn -0.105974 0.994248 -0.015128
vn 0.068323 0.997210 -0.016722
vn -0.005235 0.998964 -0.041578
vn 0.025753 0.998513 -0.010135
vn -0.083892 0.995412 -0.008381
vn -0.066159 0.994953 -0.013892
vn 0.037036 0.998460 -0.022865
vn -0.005097 0.998902 -0.043786
vn 0.009106 0.998862 -0.045024
vn -0.023318 0.999440 0.002474
vn 0.011441 0.998432 -0.009774
vn 0.001385 0.998973 -0.040330
vn 0.055089 0.997530 -0.037591
vn 0.014064 0.998820 -0.046466
vn -0.027972 0.995382 0.045168
vn -0.115282 0.991325 0.040807
vn 0.064376 0.997523 -0.019538
vn 0.003755 0.999615 -0.014835
vn 0.027787 0.999392 -0.019637
vn -0.004298 0.999145 -0.033529
vn 0.042022 0.996287 0.023471
vn -0.041305 0.999085 0.009854
vn -0.103793 0.993371 0.024796
vn 0.018087 0.997977 0.032199
vn -0.021112 0.999372 -0.018784
vn -0.003273 0.999746 -0.007190
vn 0.016305 0.998659 -0.011758
vn 0.051096 0.997222 -0.011379
vn -0.032114 0.966686 0.229774
vn -0.056532 0.997807 0.018674
vn -0.103132 0.992176 0.048970
vn -0.031930 0.995335 0.043494
vn -0.099004 0.967406 0.206193
vn -0.017457 0.966011 0.235514
vn -0.089108 0.993735 0.052135
vn -0.121270 0.988940 0.063573
vn -0.153296 0.982667 0.059599
vn 0.034612 0.997912 0.046201
vn 0.038003 0.998391 0.028228
vn -0.012935 0.999683 -0.012169
vn -0.010676 0.999832 0.001030
vn 0.004479 0.999950 -0.002680
vn -0.088528 0.958531 0.261710
vn -0.165477 0.965881 0.172920
vn 0.001659 0.974063 0.202457
vn -0.175825 0.963041 0.157433
vn -0.147943 0.980275 -0.019098
vn 0.010589 0.998540 0.025690
vn 0.000981 0.999226 0.003124
vn -0.016684 0.999390 -0.024814
vn -0.171596 0.951727 0.253740
vn -0.220686 0.950506 0.180608
vn -0.256072 0.962178 0.057769
vn 0.041810 0.996864 -0.030218
vn 0.037534 0.998099 -0.029030
vn -0.018177 0.999337 -0.017621
vn -0.029583 0.987772 0.137565
vn -0.145267 0.970062 0.181589
vn -0.201234 0.958847 0.194526
vn -0.201363 0.950047 0.221838
vn -0.337815 0.915629 0.187272
vn -0.413881 0.888511 0.141218
vn 0.017923 0.996116 -0.003941
vn -0.001704 0.999273 -0.028337
vn -0.023100 0.999559 -0.010875
vn -0.020103 0.999273 -0.029129
vn 0.008769 0.999732 -0.019275
vn 0.017418 0.996972 0.064191
vn -0.178600 0.961737 0.198685
vn -0.282026 0.928397 0.231459
vn -0.226655 0.957944 0.048646
vn 0.038949 0.997379 -0.028074
vn -0.028091 0.999347 -0.019056
vn -0.021303 0.999448 -0.022164
vn -0.025758 0.999353 -0.023065
vn 0.040292 0.992708 0.112860
vn -0.053775 0.992657 0.095702
vn -0.115252 0.985167 0.115573
vn -0.126461 0.966979 0.198568
vn -0.080006 0.986604 0.123811
vn -0.254089 0.941075 0.206522
vn -0.373995 0.903643 0.182754
vn -0.421439 0.875385 0.193877
vn -0.064231 0.977694 0.098930
vn 0.053272 0.995421 0.040608
vn -0.015983 0.998255 0.021554
vn 0.036772 0.992536 0.113455
vn -0.055823 0.995736 0.049403
vn -0.059704 0.984404 0.154538
vn -0.494151 0.846443 0.189253
vn -0.002662 0.999514 -0.019493
vn -0.033340 0.999218 -0.019572
vn -0.026930 0.999225 -0.027588
vn 0.021289 0.995733 0.075821
vn -0.023320 0.997577 0.052549
vn -0.064976 0.995441 0.057464
vn -0.001428 0.990795 0.130871
vn -0.046965 0.986558 0.124861
vn -0.022360 0.991903 0.123575
vn -0.193369 0.971202 0.108257
vn -0.403127 0.892486 0.155955
vn -0.302751 0.917801 0.169326
vn -0.006367 0.994140 0.071707
vn -0.031777 0.999291 -0.017196
vn -0.047367 0.998143 0.004553
vn -0.024463 0.999403 -0.016372
vn -0.012528 0.999557 -0.018134
vn 0.005998 0.996910 0.063648
vn 0.005158 0.997510 0.063790
vn -0.025709 0.995205 0.081309
vn -0.230572 0.963433 0.097102
vn -0.259787 0.956536 0.105685
vn -0.043269 0.997051 0.012504
vn -0.029754 0.999077 -0.023925
vn -0.029415 0.999333 -0.014754
vn -0.040358 0.992151 0.100836
vn -0.013096 0.994503 0.101417
vn -0.042630 0.994563 0.094671
vn -0.001145 0.993186 0.105932
vn -0.092243 0.991205 0.047694
vn -0.198324 0.976363 0.023741
vn -0.357040 0.926099 0.071488
vn -0.100813 0.991063 -0.011623
vn -0.033165 0.999254 -0.014924
vn -0.036170 0.999095 -0.004768
vn -0.032732 0.998289 -0.022330
vn -0.040247 0.988694 0.132198
vn 0.032992 0.991972 0.114521
vn -0.002703 0.990434 0.126359
vn -0.002497 0.991748 0.125551
vn -0.192059 0.978586 -0.016836
vn -0.354342 0.924921 0.074849
vn -0.012575 0.997564 -0.060672
vn -0.037752 0.999188 -0.002887
vn -0.008172 0.999895 -0.006266
vn 0.000419 0.991758 0.111586
vn 0.017366 0.995477 0.080817
vn -0.049977 0.989550 0.116737
vn -0.053259 0.995403 0.047362
vn -0.112966 0.992081 0.012917
vn -0.384964 0.920296 0.046123
vn -0.215186 0.973158 -0.037985
vn -0.278874 0.952013 0.013717
vn -0.064646 0.993961 -0.045656
vn -0.017703 0.999607 -0.005869
vn -0.032945 0.983531 0.176443
vn 0.045401 0.991754 0.106186
vn -0.143457 0.988373 -0.041530
vn -0.005461 0.999839 -0.012492
vn -0.007327 0.999835 -0.006583
vn -0.019712 0.987691 0.150959
vn 0.022673 0.988890 0.142119
vn 0.042586 0.993925 0.097031
vn 0.069252 0.989617 0.120163
vn -0.025766 0.985882 0.151686
vn -0.087633 0.993337 0.060624
vn 0.033920 0.993944 0.096206
vn -0.003200 0.983626 0.174959
vn -0.007941 0.985126 0.161407
vn 0.025674 0.992001 0.119468
vn -0.002753 0.999921 -0.011456
vn 0.033066 0.992150 0.102998
vn 0.001016 0.993065 0.116126
vn -0.040676 0.989763 0.115113
vn 0.016818 0.995966 0.077046
vn 0.004819 0.991160 0.124269
vn 0.016558 0.989444 0.103168
vn -0.084594 0.981209 0.159162
vn -0.042052 0.995958 0.048878
vn 0.048708 0.996040 0.055087
vn 0.016808 0.996023 0.078486
vn -0.076178 0.985546 0.140697
vn -0.043277 0.994850 0.089472
vn -0.165090 0.967992 0.155288
vn -0.079848 0.991938 0.094398
vn -0.110419 0.986912 0.108929
vn -0.174037 0.977557 0.114253
vn -0.200547 0.969472 0.007777
vn -0.270610 0.950204 0.126783
vn -0.095178 0.992343 0.071732
vn -0.331563 0.936059 0.095263
vn -0.108775 0.991978 0.015656
vn -0.086586 0.994790 0.053013
vn -0.244346 0.960575 -0.065079
vn -0.057909 0.992414 -0.067342
vn -0.329788 0.935102 0.118207
vn -0.075065 0.996030 0.028493
vn -0.147018 0.973189 -0.153114
vn -0.029935 0.997356 -0.038340
vn -0.019287 0.990943 -0.101142
vn -0.006822 -0.526550 0.787863
vn -0.034974 -0.632544 0.741360
vn -0.166667 -0.779174 0.604243
vn 0.341236 -0.649923 0.658848
vn 0.160594 -0.627662 0.746490
vn 0.302946 -0.531739 0.772330
vn 0.384527 -0.312850 0.836549
vn 0.409056 -0.588483 0.672856
vn 0.158221 -0.527466 0.800778
vn 0.451598 -0.271504 0.834422
vn 0.493578 -0.646232 0.582035
vn 0.059940 -0.721605 0.684790
vn 0.365070 -0.111797 0.894667
vn 0.503642 -0.049162 0.855823
vn 0.126009 -0.741713 0.658774
vn 0.020583 -0.602636 0.789164
vn 0.137577 -0.393090 0.887321
vn 0.319486 -0.258615 0.873661
vn 0.516600 0.131622 0.840207
vn 0.055461 -0.556876 0.808222
vn 0.512723 0.070371 0.845188
vn 0.105424 -0.608882 0.777264
vn 0.523564 0.002293 0.840159
vn 0.618445 0.179186 0.756847
vn 0.217712 -0.365858 0.845671
vn -0.136518 -0.721427 0.678900
vn 0.561340 0.204316 0.773987
vn 0.381045 -0.039558 0.880440
vn 0.697085 0.461227 0.468432
vn 0.584940 0.233628 0.725184
vn 0.681301 0.412418 0.570001
vn 0.365423 -0.092015 0.884860
vn 0.691548 0.631862 0.281860
vn 0.163452 -0.619823 0.734863
vn 0.335443 -0.326028 0.802368
vn 0.686543 0.716014 0.057193
vn 0.093684 -0.685178 0.708874
vn 0.456504 -0.101938 0.820556
vn 0.576733 0.451550 0.651636
vn 0.629591 0.764631 0.086182
vn 0.180746 -0.595000 0.753143
vn 0.569075 0.717931 0.369197
vn 0.552588 0.801284 0.202652
vn 0.620782 0.780687 -0.017193
vn 0.521131 0.137569 0.820443
vn 0.195577 -0.580048 0.770631
vn 0.581935 0.600654 0.546538
vn 0.539209 0.834422 0.097809
vn 0.660966 0.748817 -0.046892
vn 0.081244 -0.686079 0.716933
vn 0.299380 -0.303825 0.852658
vn 0.503314 0.409043 0.726929
vn 0.503163 0.771259 0.336445
vn 0.518925 0.835039 0.181539
vn 0.645654 0.758280 0.044884
vn 0.368197 0.022148 0.907531
vn 0.083411 -0.670018 0.718662
vn 0.476258 0.867190 0.136563
vn 0.575874 0.806761 0.125687
vn 0.675487 0.731304 0.072061
vn -0.012491 -0.339319 0.888334
vn 0.455391 0.353793 0.772184
vn 0.226295 -0.446496 0.767573
vn 0.508410 0.617923 0.563399
vn 0.509821 0.855750 0.087599
vn 0.514967 0.844353 0.135446
vn 0.650350 0.751778 0.072639
vn 0.207887 0.020932 0.959198
vn 0.009978 0.044360 0.935458
vn 0.463284 0.848807 0.208896
vn 0.579907 0.807729 0.081610
vn 0.607727 0.781492 -0.013298
vn -0.043314 0.166342 0.861498
vn 0.270776 0.202839 0.933703
vn 0.549457 0.666646 0.429334
vn 0.238680 0.506812 0.493793
vn -0.093009 0.199195 0.910758
vn 0.520644 0.845840 0.085794
vn 0.481442 0.866631 0.113606
vn 0.520619 0.845393 0.086786
vn 0.582716 0.803215 -0.074708
vn 0.626603 0.769784 -0.087017
vn 0.099083 0.419807 0.833666
vn -0.216729 0.319083 0.661628
vn 0.532281 0.436582 0.702688
vn 0.598001 0.617791 0.456180
vn 0.421374 0.092728 0.674901
vn 0.096750 0.693215 0.471885
vn 0.554920 0.815114 0.110215
vn 0.563672 0.824019 -0.003976
vn 0.019111 0.831864 0.435096
vn -0.185150 -0.537334 0.765178
vn 0.327043 0.464027 0.769680
vn 0.177572 -0.616582 0.729859
vn 0.142158 0.926102 0.108751
vn 0.180570 0.967822 0.165351
vn -0.020326 0.486274 0.861678
vn 0.618160 0.775497 0.064765
vn 0.509497 0.858157 -0.001139
vn 0.086346 0.831820 0.393300
vn -0.001884 0.958454 0.109501
vn -0.148032 -0.109980 0.780468
vn 0.381481 0.559183 0.684232
vn 0.605927 0.600076 0.476803
vn 0.652908 0.696754 0.262858
vn 0.162134 0.127884 0.786999
vn 0.176721 0.962576 0.032045
vn 0.130660 0.828799 0.344686
vn 0.175093 0.980106 0.066587
vn 0.205655 0.805029 0.329822
vn 0.055913 0.996549 0.019153
vn -0.206632 0.762734 0.433836
vn 0.177984 0.788034 0.478082
vn 0.045308 0.996456 -0.041573
vn 0.341767 0.187910 0.739237
vn 0.605075 0.734817 0.262466
vn -0.033262 0.982824 0.137788
vn 0.056416 0.902925 0.329828
vn 0.387295 0.780184 0.428143
vn 0.182478 0.980749 0.046522
vn 0.520390 0.219420 0.655883
vn 0.360307 0.839430 0.262186
vn 0.395266 -0.278136 0.834326
vn -0.032145 0.985351 0.139908
vn 0.119668 0.942906 0.239320
vn 0.312409 0.915140 0.178433
vn 0.343874 0.830605 0.326457
vn 0.548149 0.417000 0.632788
vn 0.483506 -0.077832 0.824414
vn 0.090965 0.978207 0.138007
vn 0.542520 0.539214 0.620549
vn 0.510730 0.050710 0.787775
vn 0.441817 -0.295427 0.844185
vn 0.528649 0.137668 0.782817
vn 0.463749 -0.207784 0.832105
vn 0.411267 -0.455515 0.716167
vn 0.394470 -0.653214 0.643463
vn 0.407593 -0.675205 0.614789
vn 0.249396 -0.760001 0.592214
vn 0.324338 -0.741330 0.574307
vn 0.436911 -0.709424 0.539368
vn 0.570798 -0.139860 0.765220
vn 0.453644 0.338862 0.716322
vn 0.628432 0.603144 0.491213
vn 0.568082 0.349917 0.642128
vn 0.518856 0.656139 0.533601
vn 0.586866 0.105692 0.676604
vn 0.604192 -0.389695 0.602883
vn 0.563212 -0.374835 0.652677
vn 0.534649 -0.654186 0.529079
vn 0.629831 -0.637255 0.441987
vn 0.552340 -0.677882 0.470712
vn 0.660307 -0.629068 0.410205
vn -0.447220 0.873060 0.165360
vn -0.402688 0.906024 0.089893
vn -0.347426 0.907876 0.197607
vn -0.500142 0.860554 0.060709
vn -0.147682 0.977066 0.089275
vn -0.370875 0.877163 0.295881
vn -0.534029 0.843407 0.020778
vn -0.483694 0.834094 0.229920
vn -0.169443 0.972646 0.133629
vn -0.264111 0.927928 0.234352
vn -0.571908 0.816751 0.054751
vn -0.065248 0.987435 0.106452
vn -0.368017 0.879616 0.292923
vn -0.379709 0.850801 0.360297
vn -0.579269 0.814697 0.021135
vn -0.515634 0.832034 0.143667
vn -0.104479 0.980141 0.147067
vn 0.050421 0.993926 0.085572
vn -0.366270 0.904402 0.208266
vn -0.397938 0.847117 0.343609
vn -0.085069 0.987239 0.104352
vn 0.070003 0.988353 0.071438
vn -0.184228 0.971781 0.115803
vn -0.437362 0.846107 0.297884
vn -0.418342 0.836919 0.348035
vn -0.399173 0.845892 0.345571
vn 0.166154 0.984090 0.004717
vn -0.233638 0.966051 0.100878
vn -0.468317 0.839589 0.248757
vn 0.016753 0.997328 0.000252
vn -0.096722 0.992508 0.042687
vn 0.233685 0.966709 0.046819
vn -0.158707 0.983404 0.062422
vn -0.323895 0.934279 0.120536
vn -0.473308 0.811154 0.343350
vn -0.511733 0.791037 0.326831
vn -0.425113 0.888026 0.166446
vn 0.154142 0.983818 0.045313
vn -0.202813 0.975295 0.078463
vn -0.594828 0.772999 0.207855
vn -0.546162 0.823621 0.139808
vn 0.122005 0.988267 -0.073838
vn -0.052363 0.996634 -0.021504
vn 0.280536 0.955957 0.041319
vn -0.094170 0.991961 0.020720
vn -0.185461 0.980071 0.040378
vn -0.415161 0.895168 0.136245
vn -0.504184 0.844001 0.161533
vn 0.032150 0.994161 -0.068934
vn 0.212395 0.971315 -0.079394
vn 0.360827 0.930394 0.038765
vn -0.250326 0.962256 0.081518
vn -0.567279 0.810682 0.142628
vn 0.119983 0.983994 -0.115641
vn 0.314562 0.945672 0.035529
vn -0.025171 0.993724 -0.062095
vn -0.139279 0.987531 -0.002003
vn -0.299601 0.936421 0.109405
vn -0.548646 0.802341 0.229339
vn 0.254525 0.950776 -0.159591
vn 0.362300 0.926899 -0.034400
vn -0.409097 0.887932 0.173745
vn -0.528905 0.805056 0.263036
vn 0.028702 0.995287 -0.082407
vn 0.225775 0.961069 -0.155373
vn 0.298184 0.940538 -0.140959
vn 0.433397 0.895138 -0.068550
vn -0.051098 0.994133 -0.085381
vn -0.124718 0.988989 -0.019885
vn -0.265498 0.959545 0.032503
vn -0.551338 0.791708 0.260992
vn 0.014191 0.994273 -0.073206
vn 0.183659 0.974977 -0.103417
vn 0.312373 0.931887 -0.170522
vn 0.385821 0.902491 -0.184979
vn -0.328306 0.930856 0.109218
vn -0.492516 0.833049 0.224823
vn -0.546395 0.796588 0.258474
vn 0.465275 0.867777 -0.148652
vn -0.101193 0.989572 -0.014213
vn -0.485992 0.843054 0.200827
vn 0.070648 0.991762 -0.093972
vn 0.329564 0.933650 -0.109174
vn 0.416174 0.888344 -0.186082
vn 0.434291 0.871327 -0.226378
vn 0.514386 0.855102 -0.064448
vn -0.272588 0.949495 0.102847
vn -0.049028 0.998045 -0.028988
vn 0.006064 0.996012 -0.080123
vn 0.169759 0.968605 -0.162425
vn 0.280632 0.939543 -0.161860
vn 0.488246 0.844362 -0.209545
vn -0.059944 0.996497 -0.007420
vn 0.004569 0.994844 -0.092901
vn 0.050282 0.988923 -0.134290
vn 0.446384 0.882439 -0.137170
vn 0.475130 0.852249 -0.185207
vn 0.461397 0.860566 -0.205839
vn 0.295788 0.912377 -0.263545
vn 0.142465 0.966901 -0.198550
vn 0.484274 0.828504 -0.269395
vn 0.479340 0.854994 -0.189911
vn 0.030745 0.989140 -0.141490
vn 0.433974 0.849607 -0.287434
vn 0.485097 0.834979 -0.249046
vn 0.479460 0.855963 -0.184238
vn 0.393671 0.864847 -0.310993
vn 0.302019 0.913008 -0.255968
vn 0.424507 0.881719 -0.195045
vn 0.532282 0.830182 -0.154375
vn 0.447982 0.837096 -0.310351
vn 0.395867 0.870148 -0.292605
vn 0.420453 0.871536 -0.245631
vn 0.501996 0.825499 -0.256024
vn 0.528075 0.815215 -0.235125
vn 0.393191 0.872288 -0.289944
vn 0.483778 0.818669 -0.302923
vn 0.465727 0.848661 -0.247074
vn 0.510964 0.813479 -0.274805
vn 0.529447 0.818447 -0.221224
vn 0.529962 0.840495 -0.101555
vn 0.415841 0.855736 -0.307537
vn 0.481272 0.825500 -0.294097
vn 0.490178 0.813079 -0.308646
vn 0.513446 0.824922 -0.232735
vn 0.526097 0.795401 -0.299417
vn 0.527561 0.833545 -0.158100
vn 0.467763 0.832015 -0.289926
vn 0.499407 0.805272 -0.318068
vn 0.428299 0.866660 -0.244233
vn 0.523231 0.833181 -0.168535
vn 0.485473 0.865907 -0.087867
vn 0.497021 0.813971 -0.299088
vn 0.528854 0.790257 -0.309083
vn 0.506323 0.806896 -0.300920
vn 0.480633 0.839188 -0.247940
vn 0.484400 0.820730 -0.299722
vn 0.529672 0.808017 -0.239234
vn 0.514616 0.833424 -0.185760
vn 0.488736 0.816435 -0.305096
vn 0.502638 0.804957 -0.313160
vn 0.502220 0.812170 -0.292911
vn 0.527086 0.800700 -0.268247
vn 0.461707 0.862731 -0.196653
vn 0.545706 0.831693 0.012283
vn 0.505574 0.811040 -0.283997
vn 0.510670 0.811044 -0.284519
vn 0.480056 0.826398 -0.292180
vn 0.447599 0.851256 -0.269970
vn 0.548915 0.782894 -0.284756
vn 0.475548 0.844664 -0.238376
vn 0.495782 0.841035 -0.184918
vn 0.560379 0.805481 -0.188402
vn 0.494179 0.809874 -0.315017
vn 0.454673 0.858829 -0.229946
vn 0.439621 0.854376 -0.271657
vn 0.522950 0.819360 -0.218715
vn 0.403834 0.887460 -0.210229
vn 0.502463 0.811561 -0.285148
vn 0.470620 0.838426 -0.229233
vn 0.589626 0.804325 0.024903
vn 0.649072 0.726085 -0.180603
vn 0.510434 0.811436 -0.275246
vn 0.480689 0.822401 -0.302555
vn 0.424110 0.852336 -0.305461
vn 0.470179 0.866000 -0.145257
vn 0.564967 0.778341 -0.254173
vn 0.626090 0.774129 -0.023235
vn 0.498142 0.813109 -0.296786
vn 0.389309 0.888873 -0.233808
vn 0.453607 0.820366 -0.343237
vn 0.525791 0.842044 -0.088167
vn 0.412084 0.889662 -0.177724
vn 0.450036 0.850475 -0.212095
vn 0.669047 0.713466 -0.182590
vn 0.627698 0.768379 -0.031933
vn 0.656003 0.730233 -0.149914
vn 0.441257 0.845983 -0.297937
vn 0.476168 0.852641 -0.170818
vn 0.429672 0.866895 -0.163538
vn 0.653457 0.726908 -0.136641
vn 0.605620 0.775364 0.120128
vn 0.684991 0.693421 -0.208028
vn 0.458880 0.834487 -0.290938
vn 0.460665 0.835341 -0.294003
vn 0.350391 0.923456 -0.052560
vn 0.232573 0.942655 -0.134182
vn 0.712974 0.666508 -0.194867
vn 0.611184 0.775057 -0.053730
vn 0.652580 0.720359 -0.224018
vn 0.494284 0.782369 -0.372966
vn 0.441535 0.849470 -0.288595
vn 0.492173 0.811000 -0.294391
vn 0.421512 0.865451 -0.182642
vn 0.710617 0.630645 -0.186867
vn 0.764122 0.567729 -0.285954
vn 0.412110 0.880059 0.029108
vn 0.696312 0.674576 -0.233062
vn 0.456005 0.858787 -0.227222
vn 0.412023 0.881315 -0.155152
vn 0.524631 0.706993 -0.435799
vn 0.772681 0.539842 -0.226192
vn 0.628829 0.708703 -0.222983
vn 0.307834 0.896413 -0.124861
vn 0.623613 0.726394 -0.270881
vn 0.542994 0.765085 -0.331836
vn 0.497801 0.845927 -0.167254
vn 0.663397 0.600407 -0.377139
vn 0.496223 0.732244 -0.458128
vn 0.802422 0.514818 -0.283192
vn 0.719670 0.595832 -0.246085
vn 0.554306 0.733529 -0.182265
vn 0.053008 0.986987 0.071748
vn 0.458580 0.825264 -0.214094
vn 0.556588 0.805170 -0.178840
vn 0.495243 0.836818 -0.212175
vn 0.727536 0.512053 -0.449613
vn 0.576637 0.689838 -0.419326
vn 0.678810 0.602643 -0.301265
vn 0.259407 0.912290 -0.112669
vn -0.142895 0.971334 0.020892
vn 0.213278 0.924182 -0.086406
vn 0.672605 0.675888 -0.278481
vn 0.660933 0.708895 -0.208690
vn 0.692618 0.600211 -0.386844
vn 0.448824 0.783144 -0.185332
vn -0.076039 0.897142 0.097321
vn 0.032031 0.918962 0.069888
vn -0.173620 0.967894 0.134664
vn -0.036309 0.952997 -0.108672
vn -0.160531 0.914354 -0.037907
vn 0.648410 0.653223 -0.352731
vn -0.361628 0.806957 0.069665
vn 0.318169 0.875885 -0.122650
vn -0.144731 0.907809 0.196165
vn -0.388699 0.865754 0.269516
vn -0.461916 0.842072 0.141222
vn -0.150843 0.912118 -0.068776
vn -0.293901 0.913931 0.132469
vn 0.714882 0.637733 -0.277316
vn 0.284332 0.892275 -0.232191
vn 0.594256 0.734279 -0.268647
vn -0.110981 0.875335 -0.043298
vn -0.614162 0.685042 0.359525
vn -0.553482 0.726542 0.312806
vn -0.267194 0.901120 0.321406
vn -0.589072 0.767383 0.065528
vn -0.622697 0.705287 0.289479
vn -0.613020 0.752548 0.110763
vn -0.659439 0.677472 0.313349
vn -0.292297 0.880017 0.367175
vn -0.538174 0.789835 0.227538
vn 0.484773 0.793882 -0.306072
vn -0.294405 0.880116 0.048783
vn 0.112836 0.903444 -0.109793
vn -0.686020 0.676028 0.133483
vn -0.604684 0.700511 0.336375
vn -0.599410 0.705895 0.357866
vn -0.692746 0.687352 0.118297
vn -0.239545 0.884748 0.398586
vn -0.660105 0.703832 0.209464
vn -0.695767 0.630891 0.262724
vn -0.524481 0.794809 0.270987
vn -0.237856 0.909522 0.332571
vn -0.290832 0.919056 0.248840
vn -0.408946 0.880908 0.173050
vn -0.623051 0.681628 0.304903
vn -0.640286 0.716040 0.143889
vn -0.376097 0.881356 0.224477
vn -0.452197 0.827021 0.312852
vn -0.342207 0.881743 0.263707
vn -0.416864 0.887177 0.042327
vn -0.616517 0.666426 0.322581
vn -0.428043 0.884990 0.032840
vn -0.660653 0.671990 0.256810
vn -0.167561 0.959102 0.141005
vn -0.193829 0.955424 0.213847
vn -0.218709 0.958476 0.149568
vn -0.172673 0.974056 0.110181
vn -0.243005 0.955879 0.010481
vn -0.430491 0.870523 0.099030
vn -0.077427 0.978539 0.137318
vn -0.133865 0.982884 -0.049424
vn -0.125796 0.976130 -0.009369
vn -0.166776 0.957923 0.230918
vn -0.293168 0.943375 0.105814
vn -0.111791 0.986348 0.098259
vn -0.387980 0.882060 0.162309
vn -0.062422 0.993568 0.040803
vn -0.160647 0.977110 0.123061
vn -0.142590 0.984820 0.098103
vn -0.137565 0.984784 0.092121
vn -0.260437 0.950742 0.075959
vn -0.153218 0.985872 0.009687
vn -0.207478 0.970235 0.051676
vn -0.171573 0.956384 0.235081
vn -0.137935 0.985885 0.090586
vn -0.189684 0.975587 0.033343
vn -0.150553 0.974262 0.115599
vn -0.184805 0.973891 0.110564
vn -0.145711 0.984111 0.086214
vn -0.284903 0.935837 0.122209
vn -0.288018 0.945929 0.080079
vn -0.158226 0.983094 0.087762
vn -0.139451 0.985404 0.058823
vn -0.226921 0.958345 0.143826
vn -0.096756 0.990776 0.063083
vn -0.139616 0.980083 0.125430
vn -0.415868 0.890109 0.161590
vn -0.013542 0.996827 -0.003663
vn -0.382029 0.903546 0.174480
vn -0.366496 0.906274 0.146120
vn -0.013289 0.995722 -0.035352
vn -0.131615 0.970832 0.182862
vn -0.070992 0.989468 0.107486
vn -0.228847 0.951450 0.189931
vn 0.130574 0.986415 -0.076654
vn 0.005788 0.986056 0.141435
vn -0.000886 0.996544 0.066192
vn -0.204433 0.960304 0.146984
vn 0.085276 0.990754 0.016257
vn -0.069515 0.981272 0.148499
vn -0.001097 0.986306 0.144904
vn 0.057437 0.992419 0.090648
vn -0.118064 0.983403 0.068967
vn 0.165615 0.983124 0.026230
vn 0.117221 0.988944 0.066340
vn 0.086293 0.993386 0.054402
vn 0.138882 0.985843 0.045453
vn 0.031475 0.995003 0.007262
vn -0.111806 0.981232 -0.032198
vn 0.031151 0.992219 0.080678
vn 0.170028 0.982755 0.068139
vn 0.149664 0.986450 0.045737
vn 0.112824 0.990814 0.063421
vn 0.024786 0.982684 -0.071657
vn 0.152550 0.984924 0.070234
vn 0.186394 0.979746 0.003032
vn 0.189193 0.980848 0.008234
vn 0.146894 0.985737 0.014342
vn 0.131578 0.990061 0.048087
vn 0.229810 0.971636 -0.043575
vn 0.159885 0.985084 0.046938
vn 0.247079 0.964230 -0.026492
vn 0.198502 0.978039 -0.033996
vn 0.164384 0.982284 -0.039426
vn 0.162525 0.986034 -0.011846
vn 0.188495 0.979186 -0.055933
vn 0.146880 0.988257 -0.042120
vn 0.586898 -0.696175 0.409632
vn 0.592562 -0.671565 0.443733
vn 0.627942 -0.637435 0.411334
vn 0.658801 -0.451296 0.512610
vn 0.607857 -0.671499 0.418708
vn 0.588757 -0.673473 0.446725
vn 0.615496 -0.679699 0.393441
vn 0.665165 -0.673798 0.321767
vn 0.663066 -0.676508 0.320437
vn 0.712319 -0.300332 0.598105
vn 0.173918 -0.762556 0.623106
vn 0.011524 -0.744095 0.651358
vn -0.119707 -0.776377 0.597807
vn -0.056452 -0.807040 0.582081
vn -0.160062 -0.804864 0.563923
vn 0.102074 -0.721612 0.660071
vn 0.098558 -0.754510 0.617580
vn -0.064188 -0.823124 0.561801
vn -0.035250 -0.811753 0.582937
vn 0.049853 -0.845676 0.523036
vn -0.237386 -0.782077 0.575514
vn -0.143486 -0.732264 0.623093
vn -0.173320 -0.822072 0.534935
vn -0.130184 -0.617566 0.717188
vn -0.146166 -0.697640 0.644628
vn -0.117289 -0.792991 0.597708
vn -0.117142 -0.786235 0.606723
vn 0.071424 -0.683512 0.715588
vn 0.273165 -0.715880 0.634614
vn 0.260023 -0.663465 0.699026
vn -0.086738 -0.471300 0.877575
vn -0.103978 -0.473552 0.874051
vn -0.109952 -0.450607 0.885719
vn -0.603728 -0.311821 -0.613627
vn -0.689490 0.277299 -0.646384
vn -0.577667 -0.345551 -0.548987
vn -0.587348 -0.341161 -0.604693
vn -0.667900 0.140852 -0.713593
vn -0.657771 0.159796 -0.735972
vn -0.681015 -0.127510 -0.591818
vn -0.715386 0.187876 -0.661521
vn -0.896168 0.161443 -0.387019
vn -0.545938 0.310876 -0.762776
vn -0.554957 -0.173545 -0.670840
vn -0.528847 0.294745 -0.776860
vn -0.481585 -0.063073 -0.808963
vn -0.506773 0.078787 -0.820507
vn -0.535188 0.088314 -0.813764
vn -0.246097 -0.213264 -0.919185
vn -0.376981 -0.337596 -0.842868
vn -0.471937 -0.523328 -0.669864
vn -0.392937 -0.508743 -0.739721
vn -0.729792 0.340864 -0.557917
vn -0.700095 -0.123405 -0.523969
vn -0.814318 0.213914 -0.493847
vn -0.841307 -0.069486 -0.375645
vn -0.859538 -0.236410 -0.200971
vn -0.930940 0.035598 -0.338351
vn -0.678999 -0.632304 -0.258175
vn -0.937478 -0.149895 -0.094240
vn -0.202803 -0.496470 -0.824088
vn -0.098689 -0.346306 -0.930918
vn -0.094301 -0.376495 -0.915828
vn -0.075777 -0.493402 -0.850046
vn -0.798154 -0.516382 -0.027423
vn -0.745577 -0.574466 -0.094220
vn -0.748097 -0.468917 -0.227727
vn -0.335259 -0.903547 -0.258738
vn -0.426106 -0.757400 -0.435555
vn -0.278724 -0.902799 -0.324004
vn -0.458620 -0.754373 -0.394242
vn -0.373315 -0.906704 -0.177951
vn -0.390712 -0.894753 -0.206592
vn -0.373753 -0.857860 -0.329856
vn -0.481611 -0.831538 -0.264896
vn -0.488294 -0.677108 -0.479182
vn -0.424209 -0.886759 -0.167397
vn -0.503815 -0.801558 -0.307101
vn -0.400425 -0.908962 -0.109484
vn -0.459816 -0.864634 -0.188970
vn -0.474755 -0.856829 -0.168456
vn -0.398937 -0.912464 -0.054778
vn -0.384334 -0.911925 -0.116810
vn -0.404967 -0.863208 -0.245848
vn -0.425773 -0.896105 -0.044098
vn -0.570285 -0.695808 -0.355453
vn -0.586454 -0.720479 -0.289856
vn -0.547033 -0.804905 -0.218231
vn -0.281235 -0.869889 -0.384427
vn -0.202621 -0.931787 -0.296809
vn -0.241385 -0.866540 -0.419858
vn -0.486356 -0.867796 -0.077916
vn -0.559422 -0.810436 -0.143290
vn -0.483059 -0.870372 0.003805
vn -0.565377 -0.810127 0.000253
vn -0.523057 -0.764094 -0.370569
vn -0.167522 -0.898773 -0.389764
vn -0.074523 -0.879043 -0.451905
vn -0.535652 -0.786228 -0.308081
vn -0.482822 -0.786285 -0.376986
vn -0.358288 -0.824725 -0.435159
vn -0.299564 -0.817427 -0.482934
vn -0.288086 -0.735788 -0.595162
vn -0.241516 -0.798838 -0.543211
vn -0.614410 -0.778553 -0.127501
vn -0.602862 -0.777444 -0.166328
vn -0.538573 -0.833318 -0.015499
vn -0.581466 -0.805734 -0.032523
vn -0.597123 -0.791392 0.042889
vn -0.616620 -0.768414 -0.148119
vn -0.600230 -0.757797 -0.255624
vn -0.589677 -0.768071 -0.249697
vn -0.604939 -0.750661 -0.265626
vn -0.720932 -0.626212 -0.219237
vn -0.525124 -0.736092 -0.426957
vn -0.509860 -0.749052 -0.423040
vn -0.231100 -0.763268 -0.586899
vn -0.136278 -0.742524 -0.624808
vn -0.096231 -0.824157 -0.545346
vn -0.232857 -0.762163 -0.598468
vn 0.008328 -0.698135 -0.670694
vn -0.071228 -0.799418 -0.569769
vn -0.019631 -0.837219 -0.543441
vn -0.111886 -0.810159 -0.565643
vn -0.049788 -0.823965 -0.552467
vn -0.194585 -0.743654 -0.625668
vn -0.337288 -0.499772 -0.750242
vn -0.068742 -0.803163 -0.589409
vn -0.277049 -0.740894 -0.595564
vn -0.101197 -0.637341 -0.674584
vn -0.229414 -0.665748 -0.667208
vn -0.200570 -0.666645 -0.707885
vn -0.094700 -0.768822 -0.631342
vn 0.058134 -0.793163 -0.597688
vn -0.363059 -0.517345 -0.735787
vn 0.059202 -0.846441 -0.523480
vn -0.141941 -0.577252 -0.738754
vn -0.255647 -0.516307 -0.767764
vn 0.090734 -0.731279 -0.637493
vn -0.024977 -0.603836 -0.771433
vn -0.158802 -0.582465 -0.785100
vn 0.187532 -0.856145 -0.478467
vn 0.256486 -0.820737 -0.507236
vn 0.288678 -0.817321 -0.487198
vn 0.225800 -0.735005 -0.611292
vn 0.221353 -0.831093 -0.504327
vn 0.352928 -0.491534 -0.643277
vn 0.062228 -0.060359 -0.801451
vn -0.043961 0.059739 -0.762033
vn -0.157862 0.049332 -0.794071
vn -0.710267 -0.547241 -0.348882
vn -0.182886 0.595874 -0.730493
vn -0.199646 0.647154 -0.721194
vn -0.341385 -0.205396 -0.886766
vn -0.106944 0.233505 -0.866252
vn -0.387589 -0.283817 -0.874736
vn -0.450125 -0.264286 -0.852913
vn -0.047909 -0.769503 -0.485332
vn -0.565207 -0.300987 -0.401148
vn 0.009973 0.011193 -0.772291
vn 0.644792 -0.572464 0.419965
vn -0.276874 -0.668218 -0.669205
vn 0.029507 0.999026 -0.030650
vn 0.027407 0.999402 -0.020065
vn 0.008400 0.999108 -0.041381
vn 0.026463 0.999375 -0.022860
vn -0.012583 0.999764 0.000082
vn -0.016469 0.999333 -0.019644
vn -0.017363 0.999105 -0.038363
vn -0.031109 0.998537 -0.039936
vn -0.003655 0.998861 -0.041612
vn 0.020731 0.999740 -0.005947
vn 0.019599 0.999799 0.001220
vn -0.018958 0.998715 -0.046959
vn -0.030583 0.999507 0.007048
vn -0.040595 0.998378 -0.027147
vn 0.017868 0.999346 -0.031092
vn 0.027360 0.999120 -0.031501
vn -0.032134 0.999263 -0.003678
vn -0.029503 0.999315 -0.004372
vn 0.010165 0.999266 -0.005986
vn -0.027933 0.999485 0.011751
vn 0.035673 0.997876 -0.054386
vn 0.031369 0.998144 -0.051476
vn 0.015827 0.999202 -0.036350
vn 0.017454 0.998082 0.045352
vn -0.035753 0.998655 -0.033838
vn 0.037018 0.998230 -0.046070
vn -0.018485 0.895787 0.343122
vn -0.030911 0.998574 -0.042592
vn -0.000263 0.998362 -0.048623
vn -0.008169 0.999880 0.010490
vn -0.009644 0.999867 0.005050
vn -0.000563 0.966316 0.008731
vn -0.033125 0.999200 -0.021490
vn -0.027357 0.999356 -0.022648
vn -0.012228 0.999546 -0.026226
vn 0.002542 0.999932 -0.005890
vn 0.081706 0.995595 -0.040435
vn -0.001983 0.999351 -0.027297
vn -0.011311 0.999347 -0.028790
vn -0.013949 0.998914 -0.043494
vn 0.083433 0.995890 -0.034808
vn 0.007559 0.999891 -0.012415
vn 0.078340 0.996455 -0.030672
vn 0.008994 0.999909 -0.010049
vn -0.004646 0.999869 -0.007965
vn -0.015082 0.999861 -0.004498
vn 0.001725 0.999985 -0.003845
vn -0.003422 0.999906 -0.006874
vn -0.019121 0.999643 -0.018425
vn -0.012540 0.999650 -0.022930
vn -0.003462 0.999783 -0.019289
vn -0.003042 0.999733 -0.020503
vn 0.002899 0.999777 -0.020254
vn -0.007098 0.999380 -0.021087
vn -0.033248 0.999294 -0.013929
vn -0.026518 0.999574 -0.004092
vn -0.007394 0.907427 -0.063606
vn 0.016045 0.999731 -0.016244
vn -0.001795 0.998928 -0.040641
vn -0.028147 0.998007 -0.048688
vn 0.023154 0.999589 -0.014110
vn -0.017020 0.996771 -0.075895
vn -0.031914 0.998260 -0.021740
vn 0.023550 0.998591 -0.047555
vn 0.018344 0.999033 -0.038791
vn 0.012519 0.999734 -0.011483
vn 0.003585 0.998913 -0.045536
vn -0.000681 0.998481 -0.054889
vn 0.023463 0.999355 -0.010933
vn 0.013701 0.999583 -0.025183
vn -0.001153 0.999096 -0.013045
vn 0.001122 0.999132 -0.036949
vn 0.004529 0.999928 -0.008380
vn 0.009449 0.999792 -0.015062
vn 0.005164 0.999955 -0.004869
vn 0.010915 0.999875 -0.010609
vn 0.016059 0.999745 -0.015674
vn 0.014934 0.999772 -0.014620
vn 0.015215 0.999833 -0.009172
vn 0.028006 0.999483 0.001129
vn 0.041643 0.999069 -0.002067
vn 0.038266 0.853056 -0.008963
vn -0.016604 0.992815 -0.107850
vn -0.037515 0.993251 -0.109746
vn 0.004351 0.995823 -0.079779
vn 0.012949 0.998298 -0.054371
vn 0.133156 0.989701 -0.022279
vn 0.141509 0.988352 0.045533
vn 0.131615 0.987924 0.078493
vn 0.143514 0.983509 0.109709
vn 0.139889 0.986910 0.078874
vn 0.128453 0.982819 0.117797
vn 0.079460 0.985836 0.144923
vn 0.068041 0.992063 0.091727
vn 0.140102 0.973641 0.057681
vn 0.221267 0.973619 0.055548
vn 0.320240 0.938921 0.104347
vn 0.356818 0.932350 0.052670
vn 0.387572 0.921535 -0.002266
vn 0.344880 0.937490 0.039863
vn 0.292662 0.954866 0.041008
vn 0.265651 0.962361 -0.038216
vn 0.238917 0.970646 -0.005132
vn 0.223384 0.973432 -0.012742
vn 0.216770 0.972600 -0.074502
vn 0.099387 0.983164 -0.132980
vn 0.009941 0.990927 -0.121600
vn -0.041488 0.994787 -0.081879
vn -0.110956 0.991417 -0.067584
vn -0.091141 0.991099 -0.096569
vn -0.071060 0.994165 -0.068179
vn -0.057090 0.994750 -0.084825
vn -0.011152 0.997079 -0.064069
vn 0.009187 0.998713 -0.049681
vn 0.000478 0.999138 -0.041333
vn 0.021134 0.998947 -0.034365
vn 0.013149 0.999677 -0.009291
vn -0.014405 0.999597 -0.016520
vn -0.033561 0.998944 -0.031239
vn -0.037460 0.998935 -0.026933
vn -0.025604 0.999589 -0.012556
vn -0.013666 0.999772 -0.014909
vn 0.002578 0.999968 -0.003546
vn -0.003045 0.999935 -0.000117
vn -0.016691 0.999841 -0.001921
vn -0.031896 0.999419 0.009762
vn -0.004835 0.999604 0.021519
vn 0.006931 0.999746 0.021293
vn -0.018016 0.999371 -0.003531
vn -0.023102 0.999671 -0.005042
vn 0.004747 0.999985 -0.002301
vn -0.023759 0.999697 -0.003012
vn -0.007935 0.999200 -0.019253
vn -0.022083 0.999453 0.023073
vn -0.023268 0.999602 0.015701
vn -0.015279 0.999158 0.038072
vn 0.026736 0.998216 0.040552
vn 0.000138 0.997723 0.055558
vn -0.005360 0.997923 0.058063
vn -0.002851 0.999669 -0.020041
vn -0.016537 0.999752 -0.003973
vn -0.013528 0.999599 0.008600
vn -0.013372 0.999189 0.037880
vn 0.041382 0.996587 0.069604
vn -0.004406 0.999945 0.006164
vn 0.010909 0.999698 -0.016304
vn 0.028310 0.997937 0.053422
vn 0.002907 0.999785 -0.020232
vn 0.005965 0.999765 -0.020623
vn -0.009542 0.999749 0.007537
vn -0.051517 0.998123 -0.033022
vn -0.044155 0.998534 -0.016907
vn 0.013328 0.999466 0.028266
vn 0.042097 0.998920 -0.018263
vn 0.014368 0.999563 0.014035
vn 0.046915 0.998885 -0.004600
vn 0.041920 0.998938 -0.011198
vn 0.006055 0.999038 -0.042691
vn -0.005171 0.989802 0.140070
vn -0.010065 0.999397 -0.021062
vn -0.001458 0.999603 -0.026129
vn -0.014676 0.999545 -0.024073
vn 0.001208 0.998785 -0.026086
vn -0.049661 0.978808 0.158060
vn -0.079634 0.945773 0.314528
vn -0.008551 0.988060 0.140050
vn 0.006855 0.999821 -0.017006
vn -0.002252 0.999018 -0.041435
vn 0.021130 0.999203 -0.019913
vn 0.028523 0.998374 -0.044426
vn 0.087669 0.996127 -0.006037
vn 0.079949 0.996539 -0.020041
vn 0.050752 0.997904 -0.025442
vn 0.040413 0.997725 0.052125
vn 0.020774 0.998612 0.034972
vn 0.045063 0.998233 0.038602
vn 0.049767 0.998369 -0.002888
vn 0.052770 0.997581 -0.015190
vn 0.050867 0.998364 0.023665
vn 0.074059 0.997016 0.018062
vn -0.009828 0.999950 0.001658
vn 0.030955 0.999206 0.004476
vn 0.000148 0.999483 -0.030248
vn -0.004659 0.999922 -0.006238
vn 0.012309 0.998530 0.029986
vn -0.037110 0.997793 -0.047872
vn 0.005646 0.999544 -0.027578
vn 0.005509 0.998582 0.008987
vn -0.043228 0.996527 -0.066447
vn 0.008217 0.999334 -0.035538
vn -0.026349 0.995091 -0.095371
vn -0.035732 0.995640 -0.082461
vn -0.061859 0.996739 -0.051250
vn -0.058923 0.997776 -0.029789
vn -0.032752 0.998994 -0.024396
vn -0.051099 0.998337 -0.026439
vn -0.014050 0.999472 -0.029255
vn -0.018462 0.999272 -0.032324
vn -0.034949 0.998568 -0.040490
vn -0.026692 0.998620 -0.044718
vn 0.004363 0.997654 -0.062951
vn 0.036887 0.997446 -0.044128
vn -0.028938 0.999198 -0.021259
vn 0.031958 0.999323 0.018204
vn 0.036724 0.999158 -0.002789
vn 0.039182 0.999067 -0.018036
vn 0.028894 0.999388 -0.013279
vn 0.034215 0.999298 -0.012042
vn 0.017627 0.998919 -0.042833
vn 0.017232 0.999142 -0.037331
vn 0.019277 0.999407 -0.027163
vn 0.066337 0.994764 -0.054536
vn 0.094476 0.994509 -0.031347
vn 0.028905 0.998445 -0.044664
vn 0.027735 0.998905 -0.037001
vn -0.021406 0.998284 -0.048089
vn 0.040505 0.998396 -0.038755
vn -0.012850 0.998429 -0.053107
vn -0.016769 0.999634 -0.020142
vn -0.004893 0.998584 -0.037697
vn 0.022741 0.996316 -0.078862
vn 0.029035 0.999457 0.009203
vn 0.008456 0.999597 0.019244
vn 0.017562 0.999327 -0.015609
vn 0.032535 0.999311 -0.017216
vn 0.021011 0.999543 -0.021354
vn -0.009502 0.999707 0.000578
vn 0.009351 0.999580 -0.012863
vn 0.016540 0.999521 -0.026169
vn 0.008366 0.999582 0.012837
vn 0.016618 0.998900 0.006137
vn -0.004295 0.998623 -0.052184
vn -0.014290 0.998983 -0.033345
vn 0.004437 0.998826 0.004917
vn -0.017302 0.999087 0.039050
vn 0.031994 0.998054 -0.051521
vn -0.010418 0.998355 -0.029066
vn -0.043609 0.998788 -0.001768
vn -0.058009 0.994981 -0.064243
vn -0.048611 0.980695 -0.187369
vn -0.034086 0.983908 -0.174319
vn -0.027108 0.988975 -0.143334
vn 0.033485 0.997937 -0.045859
vn 0.017374 0.999578 -0.020420
vn 0.010087 0.999851 -0.013094
vn 0.005419 0.999947 -0.008794
vn -0.074984 0.997172 0.003073
vn -0.069860 0.997195 -0.020830
vn -0.049538 0.998297 -0.021340
vn -0.027911 0.999544 -0.009577
vn -0.036052 0.998593 -0.031152
vn -0.048124 0.997673 -0.042348
vn -0.057675 0.998080 0.000077
vn -0.052394 0.997669 -0.041837
vn 0.001131 0.997540 -0.061771
vn -0.029839 0.996751 -0.071198
vn -0.011608 0.998424 -0.043447
vn 0.016049 0.999150 -0.037187
vn 0.012150 0.998947 -0.044194
vn 0.002249 0.998587 -0.052683
vn 0.018130 0.999074 -0.029758
vn 0.006089 0.999256 -0.037809
vn -0.001774 0.998566 -0.053410
vn 0.019963 0.999742 -0.010821
vn 0.030275 0.999377 -0.018072
vn -0.006084 0.999044 -0.043038
vn 0.005287 0.999088 -0.034878
vn 0.017084 0.998707 -0.047404
vn 0.067896 0.995654 -0.053821
vn -0.080585 0.995491 -0.012818
vn 0.084481 0.993365 -0.077649
vn 0.051044 0.995453 -0.068671
vn -0.110609 0.993323 -0.006654
vn -0.083995 0.994730 -0.024128
vn 0.007305 0.998901 -0.045252
vn 0.005412 0.999288 -0.034822
vn -0.019189 0.999158 -0.036120
vn -0.002102 0.999966 -0.007889
vn -0.000417 0.999972 -0.007450
vn -0.003834 0.999249 -0.034787
vn -0.012437 0.999121 -0.034758
vn 0.007028 0.999506 -0.028782
vn -0.005643 0.999924 -0.007423
vn -0.017405 0.999833 0.000196
vn -0.020890 0.999776 0.002519
vn 0.001958 0.998421 -0.055960
vn 0.014815 0.999137 -0.032751
vn 0.020816 0.999653 -0.015809
vn 0.018357 0.999757 -0.012192
vn 0.003149 0.999880 -0.002704
vn -0.008945 0.999538 -0.026993
vn -0.005554 0.999836 -0.001537
vn 0.004703 0.999624 -0.026916
vn 0.003418 0.999801 -0.019276
vn -0.018597 0.999482 -0.025449
vn 0.004967 0.999240 -0.036228
vn 0.008688 0.999316 -0.035319
vn -0.019980 0.999162 -0.032361
vn -0.003446 0.999967 0.000564
vn -0.006512 0.999967 -0.003467
vn -0.002744 0.999947 -0.008740
vn 0.000356 0.999948 -0.010022
vn -0.001149 0.999945 -0.004864
vn -0.003508 0.999920 -0.011802
vn 0.008096 0.999946 -0.006478
o Object
usemtl Material
f 1241/1241/1241 4058/4058/4058 4059/4059/4059
f 3086/3086/3086 4210/4210/4210 4213/4213/4213
f 3086/3086/3086 3087/3087/3087 4210/4210/4210
f 3083/3083/3083 4210/4210/4210 3087/3087/3087
f 3059/3059/3059 4206/4206/4206 4203/4203/4203
f 2799/2799/2799 4171/4171/4171 4170/4170/4170
f 2780/2780/2780 2799/2799/2799 4170/4170/4170
f 2491/2491/2491 4158/4158/4158 4156/4156/4156
f 2479/2479/2479 2491/2491/2491 4156/4156/4156
f 2382/2382/2382 4152/4152/4152 4149/4149/4149
f 1241/1241/1241 1240/1240/1240 4058/4058/4058
f 1232/1232/1232 4051/4051/4051 4052/4052/4052
f 1212/1212/1212 4045/4045/4045 4046/4046/4046
f 1210/1210/1210 4045/4045/4045 1212/1212/1212
f 1071/1071/1071 4022/4022/4022 4023/4023/4023
f 1071/1071/1071 1067/1067/1067 4022/4022/4022
f 1000/1000/1000 4006/4006/4006 4015/4015/4015
f 968/968/968 4003/4003/4003 3996/3996/3996
f 952/952/952 968/968/968 3996/3996/3996
f 894/894/894 951/951/951 3997/3997/3997
f 3247/3247/3247 4245/4245/4245 4244/4244/4244
f 3236/3236/3236 4244/4244/4244 4243/4243/4243
f 3235/3235/3235 3231/3231/3231 4242/4242/4242
f 3231/3231/3231 4243/4243/4243 4242/4242/4242
f 3235/3235/3235 4242/4242/4242 4241/4241/4241
f 3235/3235/3235 4241/4241/4241 3221/3221/3221
f 3221/3221/3221 4241/4241/4241 4240/4240/4240
f 3221/3221/3221 4240/4240/4240 4239/4239/4239
f 3221/3221/3221 4239/4239/4239 3192/3192/3192
f 3193/3193/3193 4239/4239/4239 4238/4238/4238
f 3179/3179/3179 4238/4238/4238 4235/4235/4235
f 3136/3136/3136 4236/4236/4236 4237/4237/4237
f 3161/3161/3161 3179/3179/3179 4235/4235/4235
f 3136/3136/3136 4237/4237/4237 4233/4233/4233
f 3153/3153/3153 4234/4234/4234 4231/4231/4231
f 3136/3136/3136 3153/3153/3153 4231/4231/4231
f 3128/3128/3128 4232/4232/4232 4230/4230/4230
f 3128/3128/3128 3127/3127/3127 4232/4232/4232
f 3127/3127/3127 3126/3126/3126 4232/4232/4232
f 3128/3128/3128 4230/4230/4230 4229/4229/4229
f 3106/3106/3106 4229/4229/4229 4228/4228/4228
f 3106/3106/3106 4228/4228/4228 4227/4227/4227
f 3106/3106/3106 4227/4227/4227 4226/4226/4226
f 3106/3106/3106 4226/4226/4226 3095/3095/3095
f 3095/3095/3095 4226/4226/4226 4221/4221/4221
f 3086/3086/3086 4224/4224/4224 4225/4225/4225
f 3086/3086/3086 4225/4225/4225 3096/3096/3096
f 3096/3096/3096 4225/4225/4225 4223/4223/4223
f 3095/3095/3095 4222/4222/4222 4220/4220/4220
f 3095/3095/3095 4220/4220/4220 3094/3094/3094
f 3086/3086/3086 4214/4214/4214 4224/4224/4224
f 3090/3090/3090 4223/4223/4223 4218/4218/4218
f 3089/3089/3089 4220/4220/4220 4217/4217/4217
f 3085/3085/3085 4216/4216/4216 4215/4215/4215
f 3085/3085/3085 3089/3089/3089 4216/4216/4216
f 3085/3085/3085 4215/4215/4215 4212/4212/4212
f 3085/3085/3085 4212/4212/4212 4211/4211/4211
f 3085/3085/3085 4211/4211/4211 3081/3081/3081
f 3082/3082/3082 4210/4210/4210 3083/3083/3083
f 3081/3081/3081 4211/4211/4211 4209/4209/4209
f 3081/3081/3081 4208/4208/4208 4210/4210/4210
f 3077/3077/3077 3076/3076/3076 4207/4207/4207
f 3059/3059/3059 4207/4207/4207 4206/4206/4206
f 3062/3062/3062 4201/4201/4201 4205/4205/4205
f 3062/3062/3062 4205/4205/4205 3061/3061/3061
f 3061/3061/3061 4205/4205/4205 4204/4204/4204
f 3061/3061/3061 4204/4204/4204 3060/3060/3060
f 3054/3054/3054 4201/4201/4201 3062/3062/3062
f 3056/3056/3056 4203/4203/4203 4200/4200/4200
f 3056/3056/3056 4199/4199/4199 4202/4202/4202
f 3056/3056/3056 4202/4202/4202 3058/3058/3058
f 3055/3055/3055 4202/4202/4202 4198/4198/4198
f 3054/3054/3054 4197/4197/4197 4201/4201/4201
f 3053/3053/3053 4198/4198/4198 4195/4195/4195
f 3053/3053/3053 4196/4196/4196 4194/4194/4194
f 3053/3053/3053 4194/4194/4194 3052/3052/3052
f 3050/3050/3050 4193/4193/4193 4187/4187/4187
f 3050/3050/3050 3051/3051/3051 4193/4193/4193
f 3049/3049/3049 4191/4191/4191 4197/4197/4197
f 3048/3048/3048 4194/4194/4194 4189/4189/4189
f 3048/3048/3048 4190/4190/4190 4193/4193/4193
f 3047/3047/3047 3050/3050/3050 4187/4187/4187
f 3049/3049/3049 4188/4188/4188 4192/4192/4192
f 3049/3049/3049 3047/3047/3047 4188/4188/4188
f 2991/2991/2991 4186/4186/4186 4185/4185/4185
f 2991/2991/2991 4185/4185/4185 4184/4184/4184
f 2983/2983/2983 4184/4184/4184 4183/4183/4183
f 2983/2983/2983 4183/4183/4183 4182/4182/4182
f 2973/2973/2973 4182/4182/4182 4181/4181/4181
f 2973/2973/2973 4181/4181/4181 4180/4180/4180
f 2955/2955/2955 4180/4180/4180 4179/4179/4179
f 2934/2934/2934 4179/4179/4179 4178/4178/4178
f 2896/2896/2896 4178/4178/4178 4177/4177/4177
f 2896/2896/2896 4177/4177/4177 4176/4176/4176
f 2841/2841/2841 4176/4176/4176 4174/4174/4174
f 2877/2877/2877 4175/4175/4175 4173/4173/4173
f 2841/2841/2841 2877/2877/2877 4173/4173/4173
f 2841/2841/2841 4173/4173/4173 2799/2799/2799
f 2799/2799/2799 4173/4173/4173 4172/4172/4172
f 2799/2799/2799 4172/4172/4172 4171/4171/4171
f 2780/2780/2780 4170/4170/4170 2736/2736/2736
f 2718/2718/2718 2736/2736/2736 4170/4170/4170
f 2718/2718/2718 4170/4170/4170 4169/4169/4169
f 2718/2718/2718 4169/4169/4169 4168/4168/4168
f 2718/2718/2718 4168/4168/4168 2676/2676/2676
f 2676/2676/2676 4168/4168/4168 4167/4167/4167
f 2638/2638/2638 4167/4167/4167 4166/4166/4166
f 2638/2638/2638 4166/4166/4166 4165/4165/4165
f 2617/2617/2617 4165/4165/4165 4164/4164/4164
f 2567/2567/2567 2617/2617/2617 4164/4164/4164
f 2567/2567/2567 4164/4164/4164 4163/4163/4163
f 2549/2549/2549 2567/2567/2567 4163/4163/4163
f 2533/2533/2533 4163/4163/4163 4162/4162/4162
f 2533/2533/2533 4162/4162/4162 4161/4161/4161
f 2479/2479/2479 4161/4161/4161 4160/4160/4160
f 2479/2479/2479 4160/4160/4160 4159/4159/4159
f 2491/2491/2491 4159/4159/4159 4158/4158/4158
f 2467/2467/2467 2479/2479/2479 4156/4156/4156
f 2446/2446/2446 2467/2467/2467 4156/4156/4156
f 2426/2426/2426 4156/4156/4156 4157/4157/4157
f 2426/2426/2426 4157/4157/4157 4155/4155/4155
f 2426/2426/2426 4155/4155/4155 4154/4154/4154
f 2426/2426/2426 4154/4154/4154 2415/2415/2415
f 2415/2415/2415 4154/4154/4154 4153/4153/4153
f 2407/2407/2407 4153/4153/4153 4152/4152/4152
f 2389/2389/2389 4151/4151/4151 4147/4147/4147
f 2389/2389/2389 4147/4147/4147 2374/2374/2374
f 2389/2389/2389 2373/2373/2373 4151/4151/4151
f 2373/2373/2373 4150/4150/4150 4151/4151/4151
f 2368/2368/2368 4148/4148/4148 4146/4146/4146
f 2356/2356/2356 4146/4146/4146 4145/4145/4145
f 2203/2203/2203 4143/4143/4143 4142/4142/4142
f 2188/2188/2188 2203/2203/2203 4142/4142/4142
f 2188/2188/2188 4142/4142/4142 4141/4141/4141
f 2173/2173/2173 2188/2188/2188 4141/4141/4141
f 2157/2157/2157 2173/2173/2173 4141/4141/4141
f 2157/2157/2157 4141/4141/4141 4140/4140/4140
f 2137/2137/2137 4140/4140/4140 4139/4139/4139
f 2117/2117/2117 4139/4139/4139 4138/4138/4138
f 2098/2098/2098 4138/4138/4138 4137/4137/4137
f 2098/2098/2098 4137/4137/4137 4135/4135/4135
f 2058/2058/2058 4136/4136/4136 4134/4134/4134
f 2058/2058/2058 4134/4134/4134 4133/4133/4133
f 2027/2027/2027 4133/4133/4133 4132/4132/4132
f 1996/1996/1996 4132/4132/4132 4131/4131/4131
f 1995/1995/1995 4130/4130/4130 4128/4128/4128
f 1996/1996/1996 4131/4131/4131 4129/4129/4129
f 1938/1938/1938 4127/4127/4127 4130/4130/4130
f 1996/1996/1996 4129/4129/4129 4126/4126/4126
f 1996/1996/1996 4126/4126/4126 1962/1962/1962
f 1995/1995/1995 4128/4128/4128 4125/4125/4125
f 1995/1995/1995 4125/4125/4125 1939/1939/1939
f 1938/1938/1938 4124/4124/4124 4127/4127/4127
f 1962/1962/1962 4126/4126/4126 4123/4123/4123
f 1939/1939/1939 4125/4125/4125 4122/4122/4122
f 1938/1938/1938 4121/4121/4121 4124/4124/4124
f 1963/1963/1963 4123/4123/4123 4118/4118/4118
f 1939/1939/1939 4122/4122/4122 4116/4116/4116
f 1920/1920/1920 4117/4117/4117 4110/4110/4110
f 1919/1919/1919 4120/4120/4120 4114/4114/4114
f 1938/1938/1938 4115/4115/4115 4121/4121/4121
f 1937/1937/1937 4109/4109/4109 4119/4119/4119
f 1924/1924/1924 4118/4118/4118 4111/4111/4111
f 1905/1905/1905 4112/4112/4112 4113/4113/4113
f 1940/1940/1940 1920/1920/1920 4110/4110/4110
f 1937/1937/1937 1873/1873/1873 4109/4109/4109
f 1905/1905/1905 4113/4113/4113 4107/4107/4107
f 1876/1876/1876 4104/4104/4104 4105/4105/4105
f 1896/1896/1896 4103/4103/4103 4104/4104/4104
f 1875/1875/1875 4110/4110/4110 4103/4103/4103
f 1873/1873/1873 4098/4098/4098 4109/4109/4109
f 1895/1895/1895 4102/4102/4102 4108/4108/4108
f 1895/1895/1895 4108/4108/4108 4098/4098/4098
f 1864/1864/1864 4107/4107/4107 4100/4100/4100
f 1877/1877/1877 4106/4106/4106 4099/4099/4099
f 1877/1877/1877 1897/1897/1897 4106/4106/4106
f 1873/1873/1873 1874/1874/1874 4098/4098/4098
f 1852/1852/1852 4097/4097/4097 4101/4101/4101
f 1895/1895/1895 4098/4098/4098 1853/1853/1853
f 1871/1871/1871 4094/4094/4094 4096/4096/4096
f 1850/1850/1850 4093/4093/4093 4095/4095/4095
f 1864/1864/1864 4100/4100/4100 4091/4091/4091
f 1783/1783/1783 4092/4092/4092 4090/4090/4090
f 1811/1811/1811 4085/4085/4085 4088/4088/4088
f 1850/1850/1850 4087/4087/4087 4093/4093/4093
f 1849/1849/1849 4089/4089/4089 4080/4080/4080
f 1783/1783/1783 4090/4090/4090 4086/4086/4086
f 1850/1850/1850 4084/4084/4084 4087/4087/4087
f 1850/1850/1850 1798/1798/1798 4084/4084/4084
f 1823/1823/1823 1849/1849/1849 4080/4080/4080
f 1783/1783/1783 4086/4086/4086 4078/4078/4078
f 1811/1811/1811 4079/4079/4079 4085/4085/4085
f 1771/1771/1771 4083/4083/4083 4076/4076/4076
f 1798/1798/1798 4077/4077/4077 4084/4084/4084
f 1771/1771/1771 4074/4074/4074 4083/4083/4083
f 1770/1770/1770 4082/4082/4082 4075/4075/4075
f 1770/1770/1770 4073/4073/4073 4082/4082/4082
f 1768/1768/1768 4063/4063/4063 4071/4071/4071
f 1767/1767/1767 4081/4081/4081 4070/4070/4070
f 1770/1770/1770 4069/4069/4069 4073/4073/4073
f 1740/1740/1740 4067/4067/4067 4068/4068/4068
f 1739/1739/1739 4072/4072/4072 4066/4066/4066
f 1739/1739/1739 4065/4065/4065 4072/4072/4072
f 1768/1768/1768 4071/4071/4071 4064/4064/4064
f 1768/1768/1768 4064/4064/4064 1769/1769/1769
f 1767/1767/1767 4070/4070/4070 4061/4061/4061
f 1768/1768/1768 4062/4062/4062 4063/4063/4063
f 1768/1768/1768 1711/1711/1711 4062/4062/4062
f 1241/1241/1241 4059/4059/4059 4060/4060/4060
f 1240/1240/1240 1239/1239/1239 4058/4058/4058
f 1239/1239/1239 1237/1237/1237 4058/4058/4058
f 1237/1237/1237 4057/4057/4057 4058/4058/4058
f 1237/1237/1237 1234/1234/1234 4057/4057/4057
f 1234/1234/1234 4056/4056/4056 4057/4057/4057
f 1232/1232/1232 4054/4054/4054 4055/4055/4055
f 1232/1232/1232 4053/4053/4053 4054/4054/4054
f 1232/1232/1232 4052/4052/4052 4053/4053/4053
f 1232/1232/1232 1228/1228/1228 4051/4051/4051
f 1228/1228/1228 1220/1220/1220 4051/4051/4051
f 1220/1220/1220 4050/4050/4050 4051/4051/4051
f 1220/1220/1220 4049/4049/4049 4050/4050/4050
f 1220/1220/1220 4048/4048/4048 4049/4049/4049
f 1217/1217/1217 4047/4047/4047 4048/4048/4048
f 1217/1217/1217 4046/4046/4046 4047/4047/4047
f 1217/1217/1217 1212/1212/1212 4046/4046/4046
f 1210/1210/1210 1190/1190/1190 4045/4045/4045
f 1190/1190/1190 4044/4044/4044 4045/4045/4045
f 1190/1190/1190 4043/4043/4043 4044/4044/4044
f 1174/1174/1174 4043/4043/4043 1190/1190/1190
f 1174/1174/1174 4042/4042/4042 4043/4043/4043
f 1153/1153/1153 4042/4042/4042 1174/1174/1174
f 1153/1153/1153 4041/4041/4041 4042/4042/4042
f 1153/1153/1153 1147/1147/1147 4041/4041/4041
f 1147/1147/1147 4040/4040/4040 4041/4041/4041
f 1147/1147/1147 4039/4039/4039 4040/4040/4040
f 1139/1139/1139 4038/4038/4038 4039/4039/4039
f 1123/1123/1123 4038/4038/4038 1139/1139/1139
f 1123/1123/1123 4037/4037/4037 4038/4038/4038
f 1123/1123/1123 1113/1113/1113 4037/4037/4037
f 1113/1113/1113 4036/4036/4036 4037/4037/4037
f 1113/1113/1113 4035/4035/4035 4036/4036/4036
f 1113/1113/1113 1117/1117/1117 4035/4035/4035
f 1112/1112/1112 4034/4034/4034 4035/4035/4035
f 1112/1112/1112 4033/4033/4033 4034/4034/4034
f 1112/1112/1112 1099/1099/1099 4033/4033/4033
f 1099/1099/1099 4032/4032/4032 4033/4033/4033
f 1099/1099/1099 4031/4031/4031 4032/4032/4032
f 1099/1099/1099 1089/1089/1089 4031/4031/4031
f 1089/1089/1089 4030/4030/4030 4031/4031/4031
f 1084/1084/1084 4029/4029/4029 4030/4030/4030
f 1084/1084/1084 4028/4028/4028 4029/4029/4029
f 1080/1080/1080 4028/4028/4028 1084/1084/1084
f 1077/1077/1077 4026/4026/4026 4027/4027/4027
f 1077/1077/1077 4025/4025/4025 4026/4026/4026
f 1076/1076/1076 4025/4025/4025 1077/1077/1077
f 1076/1076/1076 1073/1073/1073 4025/4025/4025
f 1073/1073/1073 4024/4024/4024 4025/4025/4025
f 1071/1071/1071 4023/4023/4023 1073/1073/1073
f 1073/1073/1073 4023/4023/4023 4024/4024/4024
f 1068/1068/1068 4021/4021/4021 4022/4022/4022
f 1068/1068/1068 4022/4022/4022 1067/1067/1067
f 1065/1065/1065 4021/4021/4021 1068/1068/1068
f 1066/1066/1066 4019/4019/4019 4020/4020/4020
f 1066/1066/1066 4020/4020/4020 1065/1065/1065
f 1066/1066/1066 1023/1023/1023 4019/4019/4019
f 1023/1023/1023 4018/4018/4018 4019/4019/4019
f 1014/1014/1014 4017/4017/4017 4018/4018/4018
f 1014/1014/1014 4016/4016/4016 4017/4017/4017
f 998/998/998 4016/4016/4016 1014/1014/1014
f 998/998/998 4013/4013/4013 4016/4016/4016
f 999/999/999 4013/4013/4013 998/998/998
f 966/966/966 4012/4012/4012 4014/4014/4014
f 966/966/966 4014/4014/4014 1001/1001/1001
f 980/980/980 4009/4009/4009 4011/4011/4011
f 989/989/989 4015/4015/4015 4013/4013/4013
f 1001/1001/1001 4014/4014/4014 4010/4010/4010
f 966/966/966 4008/4008/4008 4012/4012/4012
f 980/980/980 4011/4011/4011 3999/3999/3999
f 980/980/980 982/982/982 4009/4009/4009
f 978/978/978 4010/4010/4010 4006/4006/4006
f 963/963/963 4006/4006/4006 1000/1000/1000
f 977/977/977 4005/4005/4005 4002/4002/4002
f 982/982/982 4001/4001/4001 4009/4009/4009
f 961/961/961 4003/4003/4003 968/968/968
f 965/965/965 4007/4007/4007 4008/4008/4008
f 981/981/981 980/980/980 3999/3999/3999
f 965/965/965 3999/3999/3999 4007/4007/4007
f 967/967/967 3998/3998/3998 4001/4001/4001
f 948/948/948 981/981/981 3999/3999/3999
f 933/933/933 3999/3999/3999 965/965/965
f 967/967/967 923/923/923 3998/3998/3998
f 935/935/935 3995/3995/3995 4000/4000/4000
f 952/952/952 3996/3996/3996 922/922/922
f 935/935/935 4000/4000/4000 3997/3997/3997
f 935/935/935 3997/3997/3997 951/951/951
f 923/923/923 3994/3994/3994 3998/3998/3998
f 894/894/894 3997/3997/3997 3994/3994/3994
f 384/384/384 3991/3991/3991 3993/3993/3993
f 385/385/385 380/380/380 3992/3992/3992
f 384/384/384 3990/3990/3990 3991/3991/3991
f 384/384/384 381/381/381 3990/3990/3990
f 381/381/381 3989/3989/3989 3990/3990/3990
f 381/381/381 379/379/379 3989/3989/3989
f 379/379/379 3988/3988/3988 3989/3989/3989
f 379/379/379 3987/3987/3987 3988/3988/3988
f 379/379/379 373/373/373 3987/3987/3987
f 373/373/373 3986/3986/3986 3987/3987/3987
f 363/363/363 3985/3985/3985 3986/3986/3986
f 363/363/363 3984/3984/3984 3985/3985/3985
f 363/363/363 360/360/360 3984/3984/3984
f 360/360/360 3982/3982/3982 3984/3984/3984
f 362/362/362 3983/3983/3983 3981/3981/3981
f 349/349/349 3978/3978/3978 3980/3980/3980
f 360/360/360 3979/3979/3979 3982/3982/3982
f 360/360/360 353/353/353 3979/3979/3979
f 362/362/362 3981/3981/3981 3977/3977/3977
f 362/362/362 3977/3977/3977 346/346/346
f 349/349/349 3976/3976/3976 3978/3978/3978
f 349/349/349 354/354/354 3976/3976/3976
f 338/338/338 3977/3977/3977 3972/3972/3972
f 354/354/354 3975/3975/3975 3976/3976/3976
f 354/354/354 344/344/344 3975/3975/3975
f 337/337/337 3974/3974/3974 3975/3975/3975
f 337/337/337 3973/3973/3973 3974/3974/3974
f 337/337/337 322/322/322 3973/3973/3973
f 322/322/322 3971/3971/3971 3973/3973/3973
f 326/326/326 3972/3972/3972 3967/3967/3967
f 321/321/321 3970/3970/3970 3971/3971/3971
f 321/321/321 3965/3965/3965 3970/3970/3970
f 317/317/317 3969/3969/3969 3968/3968/3968
f 327/327/327 3964/3964/3964 315/315/315
f 326/326/326 3967/3967/3967 3964/3964/3964
f 326/326/326 3964/3964/3964 327/327/327
f 321/321/321 302/302/302 3965/3965/3965
f 317/317/317 3966/3966/3966 3969/3969/3969
f 317/317/317 298/298/298 3966/3966/3966
f 317/317/317 3968/3968/3968 3965/3965/3965
f 317/317/317 3965/3965/3965 286/286/286
f 315/315/315 3964/3964/3964 296/296/296
f 298/298/298 3961/3961/3961 3966/3966/3966
f 274/274/274 3963/3963/3963 3962/3962/3962
f 287/287/287 3960/3960/3960 3959/3959/3959
f 296/296/296 3964/3964/3964 3957/3957/3957
f 267/267/267 3957/3957/3957 3958/3958/3958
f 274/274/274 3955/3955/3955 3963/3963/3963
f 288/288/288 3953/3953/3953 3960/3960/3960
f 287/287/287 3959/3959/3959 3956/3956/3956
f 287/287/287 3956/3956/3956 289/289/289
f 284/284/284 3958/3958/3958 3951/3951/3951
f 279/279/279 3948/3948/3948 3954/3954/3954
f 279/279/279 3954/3954/3954 273/273/273
f 271/271/271 3947/3947/3947 3952/3952/3952
f 271/271/271 3952/3952/3952 3949/3949/3949
f 271/271/271 3949/3949/3949 280/280/280
f 284/284/284 3951/3951/3951 3950/3950/3950
f 284/284/284 3950/3950/3950 270/270/270
f 270/270/270 3950/3950/3950 3945/3945/3945
f 280/280/280 3949/3949/3949 3944/3944/3944
f 279/279/279 3943/3943/3943 3948/3948/3948
f 271/271/271 3946/3946/3946 3947/3947/3947
f 271/271/271 261/261/261 3946/3946/3946
f 270/270/270 3945/3945/3945 260/260/260
f 280/280/280 3944/3944/3944 3942/3942/3942
f 280/280/280 3942/3942/3942 241/241/241
f 279/279/279 3941/3941/3941 3943/3943/3943
f 279/279/279 251/251/251 3941/3941/3941
f 3236/3236/3236 3247/3247/3247 4244/4244/4244
f 3231/3231/3231 3236/3236/3236 4243/4243/4243
f 3193/3193/3193 3192/3192/3192 4239/4239/4239
f 3179/3179/3179 3193/3193/3193 4238/4238/4238
f 3136/3136/3136 4235/4235/4235 4236/4236/4236
f 3136/3136/3136 3161/3161/3161 4235/4235/4235
f 3153/3153/3153 4233/4233/4233 4234/4234/4234
f 3153/3153/3153 3136/3136/3136 4233/4233/4233
f 3126/3126/3126 4231/4231/4231 4232/4232/4232
f 3126/3126/3126 3136/3136/3136 4231/4231/4231
f 3106/3106/3106 3128/3128/3128 4229/4229/4229
f 3090/3090/3090 3096/3096/3096 4223/4223/4223
f 3095/3095/3095 4221/4221/4221 4222/4222/4222
f 3089/3089/3089 3094/3094/3094 4220/4220/4220
f 3090/3090/3090 4218/4218/4218 4219/4219/4219
f 3089/3089/3089 4217/4217/4217 4216/4216/4216
f 3086/3086/3086 4213/4213/4213 4214/4214/4214
f 3081/3081/3081 4210/4210/4210 3082/3082/3082
f 3081/3081/3081 4209/4209/4209 4208/4208/4208
f 3059/3059/3059 3077/3077/3077 4207/4207/4207
f 3056/3056/3056 3059/3059/3059 4203/4203/4203
f 3055/3055/3055 3058/3058/3058 4202/4202/4202
f 3056/3056/3056 4200/4200/4200 4199/4199/4199
f 3053/3053/3053 3055/3055/3055 4198/4198/4198
f 3049/3049/3049 4197/4197/4197 3054/3054/3054
f 3053/3053/3053 4195/4195/4195 4196/4196/4196
f 3048/3048/3048 3052/3052/3052 4194/4194/4194
f 3048/3048/3048 4193/4193/4193 3051/3051/3051
f 3049/3049/3049 4192/4192/4192 4191/4191/4191
f 3048/3048/3048 4189/4189/4189 4190/4190/4190
f 3047/3047/3047 4187/4187/4187 4188/4188/4188
f 2991/2991/2991 3000/3000/3000 4186/4186/4186
f 2983/2983/2983 2991/2991/2991 4184/4184/4184
f 2973/2973/2973 2983/2983/2983 4182/4182/4182
f 2955/2955/2955 2973/2973/2973 4180/4180/4180
f 2934/2934/2934 2955/2955/2955 4179/4179/4179
f 2896/2896/2896 2934/2934/2934 4178/4178/4178
f 2841/2841/2841 2896/2896/2896 4176/4176/4176
f 2877/2877/2877 4174/4174/4174 4175/4175/4175
f 2877/2877/2877 2841/2841/2841 4174/4174/4174
f 2638/2638/2638 2676/2676/2676 4167/4167/4167
f 2617/2617/2617 2638/2638/2638 4165/4165/4165
f 2533/2533/2533 2549/2549/2549 4163/4163/4163
f 2479/2479/2479 2533/2533/2533 4161/4161/4161
f 2491/2491/2491 2479/2479/2479 4159/4159/4159
f 2426/2426/2426 2446/2446/2446 4156/4156/4156
f 2407/2407/2407 2415/2415/2415 4153/4153/4153
f 2382/2382/2382 2407/2407/2407 4152/4152/4152
f 2373/2373/2373 4149/4149/4149 4150/4150/4150
f 2373/2373/2373 2382/2382/2382 4149/4149/4149
f 2368/2368/2368 4147/4147/4147 4148/4148/4148
f 2368/2368/2368 2374/2374/2374 4147/4147/4147
f 2356/2356/2356 2368/2368/2368 4146/4146/4146
f 2356/2356/2356 4145/4145/4145 4144/4144/4144
f 2356/2356/2356 4144/4144/4144 2362/2362/2362
f 2203/2203/2203 2217/2217/2217 4143/4143/4143
f 2137/2137/2137 2157/2157/2157 4140/4140/4140
f 2117/2117/2117 2137/2137/2137 4139/4139/4139
f 2098/2098/2098 2117/2117/2117 4138/4138/4138
f 2058/2058/2058 4135/4135/4135 4136/4136/4136
f 2058/2058/2058 2098/2098/2098 4135/4135/4135
f 2027/2027/2027 2058/2058/2058 4133/4133/4133
f 1996/1996/1996 2027/2027/2027 4132/4132/4132
f 1938/1938/1938 4130/4130/4130 1995/1995/1995
f 1963/1963/1963 1962/1962/1962 4123/4123/4123
f 1919/1919/1919 4119/4119/4119 4120/4120/4120
f 1919/1919/1919 1937/1937/1937 4119/4119/4119
f 1924/1924/1924 1963/1963/1963 4118/4118/4118
f 1920/1920/1920 4116/4116/4116 4117/4117/4117
f 1920/1920/1920 1939/1939/1939 4116/4116/4116
f 1938/1938/1938 4114/4114/4114 4115/4115/4115
f 1938/1938/1938 1919/1919/1919 4114/4114/4114
f 1905/1905/1905 4111/4111/4111 4112/4112/4112
f 1905/1905/1905 1924/1924/1924 4111/4111/4111
f 1875/1875/1875 1940/1940/1940 4110/4110/4110
f 1864/1864/1864 1905/1905/1905 4107/4107/4107
f 1897/1897/1897 4105/4105/4105 4106/4106/4106
f 1897/1897/1897 1876/1876/1876 4105/4105/4105
f 1876/1876/1876 1896/1896/1896 4104/4104/4104
f 1896/1896/1896 1875/1875/1875 4103/4103/4103
f 1895/1895/1895 4101/4101/4101 4102/4102/4102
f 1895/1895/1895 1852/1852/1852 4101/4101/4101
f 1778/1778/1778 1877/1877/1877 4099/4099/4099
f 1874/1874/1874 1853/1853/1853 4098/4098/4098
f 1852/1852/1852 4096/4096/4096 4097/4097/4097
f 1852/1852/1852 1871/1871/1871 4096/4096/4096
f 1850/1850/1850 4095/4095/4095 4094/4094/4094
f 1850/1850/1850 4094/4094/4094 1871/1871/1871
f 1783/1783/1783 4091/4091/4091 4092/4092/4092
f 1783/1783/1783 1864/1864/1864 4091/4091/4091
f 1849/1849/1849 4088/4088/4088 4089/4089/4089
f 1849/1849/1849 1811/1811/1811 4088/4088/4088
f 1767/1767/1767 4080/4080/4080 4081/4081/4081
f 1767/1767/1767 1823/1823/1823 4080/4080/4080
f 1811/1811/1811 4078/4078/4078 4079/4079/4079
f 1811/1811/1811 1783/1783/1783 4078/4078/4078
f 1798/1798/1798 4076/4076/4076 4077/4077/4077
f 1798/1798/1798 1771/1771/1771 4076/4076/4076
f 1770/1770/1770 4075/4075/4075 4074/4074/4074
f 1770/1770/1770 4074/4074/4074 1771/1771/1771
f 1770/1770/1770 4068/4068/4068 4069/4069/4069
f 1770/1770/1770 1740/1740/1740 4068/4068/4068
f 1740/1740/1740 4066/4066/4066 4067/4067/4067
f 1740/1740/1740 1739/1739/1739 4066/4066/4066
f 1739/1739/1739 4064/4064/4064 4065/4065/4065
f 1739/1739/1739 1769/1769/1769 4064/4064/4064
f 1711/1711/1711 4061/4061/4061 4062/4062/4062
f 1711/1711/1711 1767/1767/1767 4061/4061/4061
f 1234/1234/1234 4055/4055/4055 4056/4056/4056
f 1234/1234/1234 1232/1232/1232 4055/4055/4055
f 1217/1217/1217 4048/4048/4048 1220/1220/1220
f 1139/1139/1139 4039/4039/4039 1147/1147/1147
f 1112/1112/1112 4035/4035/4035 1117/1117/1117
f 1084/1084/1084 4030/4030/4030 1089/1089/1089
f 1080/1080/1080 4027/4027/4027 4028/4028/4028
f 1080/1080/1080 1077/1077/1077 4027/4027/4027
f 1065/1065/1065 4020/4020/4020 4021/4021/4021
f 1014/1014/1014 4018/4018/4018 1023/1023/1023
f 989/989/989 1000/1000/1000 4015/4015/4015
f 999/999/999 989/989/989 4013/4013/4013
f 978/978/978 1001/1001/1001 4010/4010/4010
f 965/965/965 4008/4008/4008 966/966/966
f 978/978/978 4006/4006/4006 963/963/963
f 977/977/977 4004/4004/4004 4005/4005/4005
f 977/977/977 962/962/962 4004/4004/4004
f 961/961/961 4002/4002/4002 4003/4003/4003
f 961/961/961 977/977/977 4002/4002/4002
f 967/967/967 4001/4001/4001 982/982/982
f 948/948/948 3999/3999/3999 933/933/933
f 922/922/922 3996/3996/3996 3995/3995/3995
f 922/922/922 3995/3995/3995 935/935/935
f 923/923/923 894/894/894 3994/3994/3994
f 384/384/384 3993/3993/3993 3992/3992/3992
f 384/384/384 3992/3992/3992 380/380/380
f 363/363/363 3986/3986/3986 373/373/373
f 349/349/349 3980/3980/3980 3979/3979/3979
f 349/349/349 3979/3979/3979 353/353/353
f 338/338/338 346/346/346 3977/3977/3977
f 337/337/337 3975/3975/3975 344/344/344
f 326/326/326 338/338/338 3972/3972/3972
f 321/321/321 3971/3971/3971 322/322/322
f 286/286/286 3965/3965/3965 302/302/302
f 274/274/274 3962/3962/3962 3961/3961/3961
f 274/274/274 3961/3961/3961 298/298/298
f 288/288/288 3960/3960/3960 287/287/287
f 267/267/267 3958/3958/3958 284/284/284
f 267/267/267 296/296/296 3957/3957/3957
f 289/289/289 3956/3956/3956 3955/3955/3955
f 289/289/289 3955/3955/3955 274/274/274
f 273/273/273 3954/3954/3954 3953/3953/3953
f 273/273/273 3953/3953/3953 288/288/288
f 261/261/261 3945/3945/3945 3946/3946/3946
f 261/261/261 260/260/260 3945/3945/3945
f 241/241/241 3942/3942/3942 3941/3941/3941
f 241/241/241 3941/3941/3941 251/251/251
f 1265/1265/1265 1261/1261/1261 1256/1256/1256
f 2221/2221/2221 3940/3940/3940 2235/2235/2235
f 2220/2220/2220 3940/3940/3940 2221/2221/2221
f 2220/2220/2220 2314/2314/2314 3940/3940/3940
f 2235/2235/2235 3940/3940/3940 2273/2273/2273
f 2273/2273/2273 3940/3940/3940 2314/2314/2314
f 433/433/433 415/415/415 423/423/423
f 424/424/424 435/435/435 403/403/403
f 404/404/404 394/394/394 403/403/403
f 435/435/435 404/404/404 403/403/403
f 1936/1936/1936 2006/2006/2006 1976/1976/1976
f 3416/3416/3416 3428/3428/3428 3417/3417/3417
f 558/558/558 3939/3939/3939 3418/3418/3418
f 558/558/558 577/577/577 3939/3939/3939
f 3939/3939/3939 577/577/577 414/414/414
f 414/414/414 430/430/430 3939/3939/3939
f 459/459/459 3939/3939/3939 430/430/430
f 3418/3418/3418 3939/3939/3939 459/459/459
f 2060/2060/2060 3937/3937/3937 2081/2081/2081
f 2061/2061/2061 3937/3937/3937 2060/2060/2060
f 3938/3938/3938 3937/3937/3937 2061/2061/2061
f 2013/2013/2013 3938/3938/3938 2029/2029/2029
f 2061/2061/2061 2029/2029/2029 3938/3938/3938
f 3936/3936/3936 2013/2013/2013 2030/2030/2030
f 2013/2013/2013 3936/3936/3936 3938/3938/3938
f 2081/2081/2081 3937/3937/3937 2123/2123/2123
f 3937/3937/3937 3938/3938/3938 3936/3936/3936
f 2071/2071/2071 2088/2088/2088 2123/2123/2123
f 2030/2030/2030 2071/2071/2071 3936/3936/3936
f 3937/3937/3937 3936/3936/3936 2123/2123/2123
f 2123/2123/2123 3936/3936/3936 2071/2071/2071
f 3913/3913/3913 3935/3935/3935 3905/3905/3905
f 3905/3905/3905 3935/3935/3935 3934/3934/3934
f 3934/3934/3934 3932/3932/3932 3905/3905/3905
f 3905/3905/3905 3932/3932/3932 3916/3916/3916
f 3915/3915/3915 3916/3916/3916 3932/3932/3932
f 3915/3915/3915 3932/3932/3932 3928/3928/3928
f 1253/1253/1253 3925/3925/3925 1254/1254/1254
f 3926/3926/3926 1254/1254/1254 3925/3925/3925
f 3933/3933/3933 1254/1254/1254 3926/3926/3926
f 3930/3930/3930 3933/3933/3933 3926/3926/3926
f 3928/3928/3928 3932/3932/3932 3931/3931/3931
f 3930/3930/3930 3928/3928/3928 3931/3931/3931
f 3927/3927/3927 3928/3928/3928 3930/3930/3930
f 3930/3930/3930 3926/3926/3926 3927/3927/3927
f 1252/1252/1252 3925/3925/3925 1253/1253/1253
f 3929/3929/3929 3838/3838/3838 3845/3845/3845
f 3929/3929/3929 3845/3845/3845 3844/3844/3844
f 3929/3929/3929 3844/3844/3844 3892/3892/3892
f 3917/3917/3917 3915/3915/3915 3928/3928/3928
f 3917/3917/3917 3928/3928/3928 3927/3927/3927
f 3927/3927/3927 3926/3926/3926 3917/3917/3917
f 3926/3926/3926 3925/3925/3925 3923/3923/3923
f 3917/3917/3917 3926/3926/3926 3923/3923/3923
f 3922/3922/3922 3923/3923/3923 3925/3925/3925
f 3921/3921/3921 3922/3922/3922 3925/3925/3925
f 1252/1252/1252 3921/3921/3921 3925/3925/3925
f 1250/1250/1250 1266/1266/1266 1252/1252/1252
f 3921/3921/3921 1252/1252/1252 1266/1266/1266
f 1262/1262/1262 1264/1264/1264 2338/2338/2338
f 1268/1268/1268 2338/2338/2338 1269/1269/1269
f 3924/3924/3924 2338/2338/2338 1264/1264/1264
f 3924/3924/3924 1269/1269/1269 2338/2338/2338
f 1256/1256/1256 3912/3912/3912 1270/1270/1270
f 1266/1266/1266 1269/1269/1269 3921/3921/3921
f 1269/1269/1269 3924/3924/3924 3921/3921/3921
f 1264/1264/1264 1263/1263/1263 3924/3924/3924
f 1263/1263/1263 3920/3920/3920 3924/3924/3924
f 3924/3924/3924 3920/3920/3920 3921/3921/3921
f 3917/3917/3917 3923/3923/3923 3922/3922/3922
f 3917/3917/3917 3922/3922/3922 3921/3921/3921
f 3921/3921/3921 3920/3920/3920 3917/3917/3917
f 1263/1263/1263 1265/1265/1265 3920/3920/3920
f 1270/1270/1270 3920/3920/3920 1265/1265/1265
f 3832/3832/3832 3818/3818/3818 3864/3864/3864
f 3854/3854/3854 3818/3818/3818 3812/3812/3812
f 3864/3864/3864 3818/3818/3818 3854/3854/3854
f 3847/3847/3847 3822/3822/3822 3829/3829/3829
f 3847/3847/3847 3815/3815/3815 3822/3822/3822
f 3920/3920/3920 3914/3914/3914 3917/3917/3917
f 3914/3914/3914 3920/3920/3920 1270/1270/1270
f 3839/3839/3839 3841/3841/3841 3919/3919/3919
f 3841/3841/3841 3842/3842/3842 3919/3919/3919
f 3919/3919/3919 3842/3842/3842 3918/3918/3918
f 3919/3919/3919 3918/3918/3918 3910/3910/3910
f 3881/3881/3881 3919/3919/3919 3910/3910/3910
f 3839/3839/3839 3919/3919/3919 3881/3881/3881
f 3881/3881/3881 3830/3830/3830 3839/3839/3839
f 3854/3854/3854 3812/3812/3812 3849/3849/3849
f 3849/3849/3849 3812/3812/3812 3814/3814/3814
f 3849/3849/3849 3814/3814/3814 3815/3815/3815
f 3815/3815/3815 3847/3847/3847 3849/3849/3849
f 3909/3909/3909 3918/3918/3918 3842/3842/3842
f 3918/3918/3918 3909/3909/3909 3908/3908/3908
f 3918/3918/3918 3908/3908/3908 3899/3899/3899
f 3899/3899/3899 3896/3896/3896 3918/3918/3918
f 3895/3895/3895 3918/3918/3918 3896/3896/3896
f 3910/3910/3910 3918/3918/3918 3895/3895/3895
f 3914/3914/3914 3915/3915/3915 3917/3917/3917
f 3829/3829/3829 3830/3830/3830 3881/3881/3881
f 3842/3842/3842 3913/3913/3913 3909/3909/3909
f 3905/3905/3905 3916/3916/3916 3904/3904/3904
f 3903/3903/3903 3904/3904/3904 3916/3916/3916
f 3916/3916/3916 3915/3915/3915 3903/3903/3903
f 3914/3914/3914 3903/3903/3903 3915/3915/3915
f 3903/3903/3903 3914/3914/3914 1270/1270/1270
f 3901/3901/3901 1270/1270/1270 3912/3912/3912
f 3903/3903/3903 1270/1270/1270 3901/3901/3901
f 3909/3909/3909 3913/3913/3913 3905/3905/3905
f 3906/3906/3906 3912/3912/3912 3911/3911/3911
f 3912/3912/3912 3906/3906/3906 3901/3901/3901
f 3897/3897/3897 3911/3911/3911 3898/3898/3898
f 3897/3897/3897 3906/3906/3906 3911/3911/3911
f 3881/3881/3881 3910/3910/3910 3895/3895/3895
f 3907/3907/3907 3909/3909/3909 3905/3905/3905
f 3900/3900/3900 3899/3899/3899 3908/3908/3908
f 3908/3908/3908 3909/3909/3909 3907/3907/3907
f 3900/3900/3900 3908/3908/3908 3907/3907/3907
f 3902/3902/3902 3907/3907/3907 3905/3905/3905
f 3907/3907/3907 3902/3902/3902 3900/3900/3900
f 3897/3897/3897 3901/3901/3901 3906/3906/3906
f 3905/3905/3905 3904/3904/3904 3902/3902/3902
f 3903/3903/3903 3902/3902/3902 3904/3904/3904
f 3902/3902/3902 3903/3903/3903 3901/3901/3901
f 3901/3901/3901 3900/3900/3900 3902/3902/3902
f 3900/3900/3900 3901/3901/3901 3897/3897/3897
f 3881/3881/3881 3847/3847/3847 3829/3829/3829
f 3865/3865/3865 3832/3832/3832 3864/3864/3864
f 3865/3865/3865 3837/3837/3837 3832/3832/3832
f 3876/3876/3876 3900/3900/3900 3897/3897/3897
f 3899/3899/3899 3900/3900/3900 3876/3876/3876
f 3896/3896/3896 3899/3899/3899 3869/3869/3869
f 3869/3869/3869 3899/3899/3899 3876/3876/3876
f 3882/3882/3882 3898/3898/3898 3880/3880/3880
f 3882/3882/3882 3897/3897/3897 3898/3898/3898
f 3875/3875/3875 3897/3897/3897 3882/3882/3882
f 3876/3876/3876 3897/3897/3897 3875/3875/3875
f 3895/3895/3895 3896/3896/3896 3869/3869/3869
f 3869/3869/3869 3881/3881/3881 3895/3895/3895
f 3893/3893/3893 3874/3874/3874 3894/3894/3894
f 3856/3856/3856 3874/3874/3874 3893/3893/3893
f 3835/3835/3835 3837/3837/3837 3873/3873/3873
f 3835/3835/3835 3873/3873/3873 3843/3843/3843
f 3843/3843/3843 3873/3873/3873 3887/3887/3887
f 3887/3887/3887 3844/3844/3844 3843/3843/3843
f 3892/3892/3892 3844/3844/3844 3888/3888/3888
f 3889/3889/3889 3884/3884/3884 3891/3891/3891
f 3889/3889/3889 3890/3890/3890 3888/3888/3888
f 3889/3889/3889 3888/3888/3888 3884/3884/3884
f 3844/3844/3844 3887/3887/3887 3886/3886/3886
f 3844/3844/3844 3886/3886/3886 3888/3888/3888
f 3888/3888/3888 3886/3886/3886 3884/3884/3884
f 3887/3887/3887 3885/3885/3885 3886/3886/3886
f 3887/3887/3887 3873/3873/3873 3885/3885/3885
f 3886/3886/3886 3885/3885/3885 3884/3884/3884
f 3872/3872/3872 3885/3885/3885 3873/3873/3873
f 3885/3885/3885 3872/3872/3872 3871/3871/3871
f 3885/3885/3885 3871/3871/3871 3884/3884/3884
f 3883/3883/3883 3884/3884/3884 3871/3871/3871
f 3883/3883/3883 3871/3871/3871 3866/3866/3866
f 3867/3867/3867 3882/3882/3882 3880/3880/3880
f 3882/3882/3882 3867/3867/3867 3875/3875/3875
f 3869/3869/3869 3847/3847/3847 3881/3881/3881
f 3879/3879/3879 3867/3867/3867 3880/3880/3880
f 3879/3879/3879 3852/3852/3852 3867/3867/3867
f 3878/3878/3878 3852/3852/3852 3879/3879/3879
f 3853/3853/3853 3852/3852/3852 3878/3878/3878
f 3877/3877/3877 3853/3853/3853 3878/3878/3878
f 3874/3874/3874 3853/3853/3853 3877/3877/3877
f 3869/3869/3869 3876/3876/3876 3868/3868/3868
f 3868/3868/3868 3876/3876/3876 3875/3875/3875
f 3867/3867/3867 3868/3868/3868 3875/3875/3875
f 3874/3874/3874 3856/3856/3856 3853/3853/3853
f 3873/3873/3873 3863/3863/3863 3872/3872/3872
f 3837/3837/3837 3865/3865/3865 3873/3873/3873
f 3865/3865/3865 3863/3863/3863 3873/3873/3873
f 3863/3863/3863 3860/3860/3860 3872/3872/3872
f 3872/3872/3872 3870/3870/3870 3871/3871/3871
f 3872/3872/3872 3860/3860/3860 3870/3870/3870
f 3866/3866/3866 3871/3871/3871 3859/3859/3859
f 3870/3870/3870 3859/3859/3859 3871/3871/3871
f 3870/3870/3870 3860/3860/3860 3859/3859/3859
f 3847/3847/3847 3869/3869/3869 3848/3848/3848
f 3868/3868/3868 3848/3848/3848 3869/3869/3869
f 3848/3848/3848 3868/3868/3868 3867/3867/3867
f 3867/3867/3867 3846/3846/3846 3848/3848/3848
f 3852/3852/3852 3846/3846/3846 3867/3867/3867
f 3859/3859/3859 3856/3856/3856 3866/3866/3866
f 3859/3859/3859 3858/3858/3858 3856/3856/3856
f 3865/3865/3865 3864/3864/3864 3863/3863/3863
f 3862/3862/3862 3864/3864/3864 3854/3854/3854
f 3864/3864/3864 3862/3862/3862 3861/3861/3861
f 3861/3861/3861 3863/3863/3863 3864/3864/3864
f 3850/3850/3850 3862/3862/3862 3854/3854/3854
f 3863/3863/3863 3861/3861/3861 3860/3860/3860
f 3861/3861/3861 3862/3862/3862 3850/3850/3850
f 3860/3860/3860 3861/3861/3861 3850/3850/3850
f 3860/3860/3860 3857/3857/3857 3859/3859/3859
f 3857/3857/3857 3860/3860/3860 3850/3850/3850
f 3859/3859/3859 3857/3857/3857 3858/3858/3858
f 3858/3858/3858 3855/3855/3855 3856/3856/3856
f 3857/3857/3857 3855/3855/3855 3858/3858/3858
f 3855/3855/3855 3857/3857/3857 3850/3850/3850
f 3856/3856/3856 3855/3855/3855 3853/3853/3853
f 3855/3855/3855 3850/3850/3850 3851/3851/3851
f 3853/3853/3853 3855/3855/3855 3851/3851/3851
f 3850/3850/3850 3854/3854/3854 3849/3849/3849
f 3851/3851/3851 3852/3852/3852 3853/3853/3853
f 3851/3851/3851 3846/3846/3846 3852/3852/3852
f 3851/3851/3851 3850/3850/3850 3846/3846/3846
f 3850/3850/3850 3849/3849/3849 3846/3846/3846
f 3849/3849/3849 3847/3847/3847 3846/3846/3846
f 3846/3846/3846 3847/3847/3847 3848/3848/3848
f 3844/3844/3844 3845/3845/3845 3838/3838/3838
f 3844/3844/3844 3838/3838/3838 3843/3843/3843
f 3838/3838/3838 3835/3835/3835 3843/3843/3843
f 3842/3842/3842 3841/3841/3841 3840/3840/3840
f 3839/3839/3839 3840/3840/3840 3841/3841/3841
f 3827/3827/3827 3840/3840/3840 3839/3839/3839
f 3830/3830/3830 3828/3828/3828 3839/3839/3839
f 3839/3839/3839 3828/3828/3828 3827/3827/3827
f 3836/3836/3836 3835/3835/3835 3838/3838/3838
f 3834/3834/3834 3837/3837/3837 3835/3835/3835
f 3834/3834/3834 3832/3832/3832 3837/3837/3837
f 3835/3835/3835 3836/3836/3836 3833/3833/3833
f 3833/3833/3833 3834/3834/3834 3835/3835/3835
f 3833/3833/3833 3832/3832/3832 3834/3834/3834
f 3833/3833/3833 3831/3831/3831 3832/3832/3832
f 3832/3832/3832 3831/3831/3831 3818/3818/3818
f 3831/3831/3831 3820/3820/3820 3818/3818/3818
f 3830/3830/3830 3824/3824/3824 3828/3828/3828
f 3830/3830/3830 3829/3829/3829 3824/3824/3824
f 3822/3822/3822 3824/3824/3824 3829/3829/3829
f 3828/3828/3828 3825/3825/3825 3827/3827/3827
f 3824/3824/3824 3825/3825/3825 3828/3828/3828
f 3827/3827/3827 3825/3825/3825 3826/3826/3826
f 3823/3823/3823 3826/3826/3826 3825/3825/3825
f 3825/3825/3825 3824/3824/3824 3823/3823/3823
f 3823/3823/3823 3824/3824/3824 3822/3822/3822
f 3821/3821/3821 3823/3823/3823 3822/3822/3822
f 3815/3815/3815 3821/3821/3821 3822/3822/3822
f 3815/3815/3815 3816/3816/3816 3821/3821/3821
f 3820/3820/3820 3819/3819/3819 3818/3818/3818
f 3818/3818/3818 3819/3819/3819 3817/3817/3817
f 3818/3818/3818 3817/3817/3817 3812/3812/3812
f 3817/3817/3817 3813/3813/3813 3812/3812/3812
f 3813/3813/3813 3816/3816/3816 3815/3815/3815
f 3813/3813/3813 3815/3815/3815 3814/3814/3814
f 3812/3812/3812 3813/3813/3813 3814/3814/3814
f 3368/3368/3368 3337/3337/3337 3333/3333/3333
f 3370/3370/3370 3333/3333/3333 3339/3339/3339
f 3370/3370/3370 3368/3368/3368 3333/3333/3333
f 3415/3415/3415 3417/3417/3417 3807/3807/3807
f 3811/3811/3811 3803/3803/3803 3802/3802/3802
f 3811/3811/3811 3802/3802/3802 3810/3810/3810
f 3802/3802/3802 3809/3809/3809 3810/3810/3810
f 3802/3802/3802 3800/3800/3800 3809/3809/3809
f 3794/3794/3794 3795/3795/3795 3808/3808/3808
f 3795/3795/3795 3807/3807/3807 3808/3808/3808
f 3415/3415/3415 3807/3807/3807 3795/3795/3795
f 3795/3795/3795 3798/3798/3798 3415/3415/3415
f 3790/3790/3790 3794/3794/3794 3806/3806/3806
f 3806/3806/3806 3800/3800/3800 3791/3791/3791
f 3791/3791/3791 3790/3790/3790 3806/3806/3806
f 3804/3804/3804 3805/3805/3805 3801/3801/3801
f 3804/3804/3804 3801/3801/3801 3803/3803/3803
f 3803/3803/3803 3801/3801/3801 3802/3802/3802
f 3802/3802/3802 3801/3801/3801 3800/3800/3800
f 3801/3801/3801 3799/3799/3799 3800/3800/3800
f 3799/3799/3799 3791/3791/3791 3800/3800/3800
f 3799/3799/3799 3793/3793/3793 3791/3791/3791
f 3795/3795/3795 3796/3796/3796 3798/3798/3798
f 3792/3792/3792 3797/3797/3797 3796/3796/3796
f 3792/3792/3792 3796/3796/3796 3795/3795/3795
f 3794/3794/3794 3792/3792/3792 3795/3795/3795
f 3794/3794/3794 3790/3790/3790 3792/3792/3792
f 3793/3793/3793 3792/3792/3792 3791/3791/3791
f 3790/3790/3790 3791/3791/3791 3792/3792/3792
f 3789/3789/3789 3416/3416/3416 3415/3415/3415
f 3423/3423/3423 3424/3424/3424 3782/3782/3782
f 3423/3423/3423 3782/3782/3782 3788/3788/3788
f 3788/3788/3788 3782/3782/3782 3781/3781/3781
f 3783/3783/3783 3786/3786/3786 3787/3787/3787
f 3785/3785/3785 3786/3786/3786 3783/3783/3783
f 3783/3783/3783 3784/3784/3784 3785/3785/3785
f 3780/3780/3780 3784/3784/3784 3783/3783/3783
f 3780/3780/3780 3783/3783/3783 3781/3781/3781
f 3424/3424/3424 3426/3426/3426 3779/3779/3779
f 3779/3779/3779 3782/3782/3782 3424/3424/3424
f 3779/3779/3779 3781/3781/3781 3782/3782/3782
f 3779/3779/3779 3780/3780/3780 3781/3781/3781
f 3777/3777/3777 3776/3776/3776 3778/3778/3778
f 3776/3776/3776 3777/3777/3777 3774/3774/3774
f 3771/3771/3771 3774/3774/3774 3777/3777/3777
f 3776/3776/3776 3774/3774/3774 3763/3763/3763
f 3769/3769/3769 3773/3773/3773 3775/3775/3775
f 3763/3763/3763 3772/3772/3772 3776/3776/3776
f 3765/3765/3765 3769/3769/3769 3775/3775/3775
f 3768/3768/3768 3774/3774/3774 3771/3771/3771
f 3768/3768/3768 3763/3763/3763 3774/3774/3774
f 3769/3769/3769 3767/3767/3767 3773/3773/3773
f 3767/3767/3767 3771/3771/3771 3773/3773/3773
f 3766/3766/3766 3770/3770/3770 3772/3772/3772
f 3766/3766/3766 3772/3772/3772 3763/3763/3763
f 3759/3759/3759 3769/3769/3769 3765/3765/3765
f 3758/3758/3758 3768/3768/3768 3771/3771/3771
f 3764/3764/3764 3763/3763/3763 3768/3768/3768
f 3756/3756/3756 3767/3767/3767 3769/3769/3769
f 3758/3758/3758 3771/3771/3771 3767/3767/3767
f 3755/3755/3755 3770/3770/3770 3766/3766/3766
f 3762/3762/3762 3766/3766/3766 3763/3763/3763
f 3761/3761/3761 3756/3756/3756 3769/3769/3769
f 3760/3760/3760 3759/3759/3759 3765/3765/3765
f 3761/3761/3761 3769/3769/3769 3759/3759/3759
f 3764/3764/3764 3768/3768/3768 3758/3758/3758
f 3753/3753/3753 3763/3763/3763 3764/3764/3764
f 3757/3757/3757 3762/3762/3762 3763/3763/3763
f 3756/3756/3756 3758/3758/3758 3767/3767/3767
f 3762/3762/3762 3755/3755/3755 3766/3766/3766
f 3751/3751/3751 3756/3756/3756 3761/3761/3761
f 3741/3741/3741 3760/3760/3760 3765/3765/3765
f 3754/3754/3754 3759/3759/3759 3760/3760/3760
f 3749/3749/3749 3761/3761/3761 3759/3759/3759
f 3753/3753/3753 3764/3764/3764 3758/3758/3758
f 3757/3757/3757 3763/3763/3763 3753/3753/3753
f 3762/3762/3762 3757/3757/3757 3750/3750/3750
f 3756/3756/3756 3747/3747/3747 3758/3758/3758
f 3751/3751/3751 3752/3752/3752 3756/3756/3756
f 3750/3750/3750 3755/3755/3755 3762/3762/3762
f 3749/3749/3749 3751/3751/3751 3761/3761/3761
f 3741/3741/3741 3754/3754/3754 3760/3760/3760
f 3759/3759/3759 3754/3754/3754 3749/3749/3749
f 3747/3747/3747 3753/3753/3753 3758/3758/3758
f 3748/3748/3748 3757/3757/3757 3753/3753/3753
f 3757/3757/3757 3748/3748/3748 3750/3750/3750
f 3756/3756/3756 3752/3752/3752 3747/3747/3747
f 3752/3752/3752 3751/3751/3751 3743/3743/3743
f 3755/3755/3755 3750/3750/3750 3746/3746/3746
f 3751/3751/3751 3749/3749/3749 3745/3745/3745
f 3754/3754/3754 3741/3741/3741 3749/3749/3749
f 3753/3753/3753 3747/3747/3747 3744/3744/3744
f 3744/3744/3744 3748/3748/3748 3753/3753/3753
f 3736/3736/3736 3750/3750/3750 3748/3748/3748
f 3752/3752/3752 3743/3743/3743 3747/3747/3747
f 3745/3745/3745 3743/3743/3743 3751/3751/3751
f 3742/3742/3742 3746/3746/3746 3750/3750/3750
f 3736/3736/3736 3742/3742/3742 3750/3750/3750
f 3740/3740/3740 3745/3745/3745 3749/3749/3749
f 3740/3740/3740 3749/3749/3749 3741/3741/3741
f 3737/3737/3737 3744/3744/3744 3747/3747/3747
f 3748/3748/3748 3744/3744/3744 3736/3736/3736
f 3747/3747/3747 3743/3743/3743 3737/3737/3737
f 3745/3745/3745 3735/3735/3735 3743/3743/3743
f 3742/3742/3742 3739/3739/3739 3746/3746/3746
f 3742/3742/3742 3736/3736/3736 3734/3734/3734
f 3740/3740/3740 3735/3735/3735 3745/3745/3745
f 3738/3738/3738 3740/3740/3740 3741/3741/3741
f 3737/3737/3737 3736/3736/3736 3744/3744/3744
f 3735/3735/3735 3737/3737/3737 3743/3743/3743
f 3734/3734/3734 3739/3739/3739 3742/3742/3742
f 3733/3733/3733 3734/3734/3734 3736/3736/3736
f 3731/3731/3731 3738/3738/3738 3741/3741/3741
f 3732/3732/3732 3735/3735/3735 3740/3740/3740
f 3732/3732/3732 3740/3740/3740 3738/3738/3738
f 3730/3730/3730 3736/3736/3736 3737/3737/3737
f 3721/3721/3721 3737/3737/3737 3735/3735/3735
f 3739/3739/3739 3734/3734/3734 3728/3728/3728
f 3736/3736/3736 3726/3726/3726 3733/3733/3733
f 3733/3733/3733 3719/3719/3719 3734/3734/3734
f 3727/3727/3727 3738/3738/3738 3731/3731/3731
f 3723/3723/3723 3729/3729/3729 3735/3735/3735
f 3723/3723/3723 3735/3735/3735 3732/3732/3732
f 3727/3727/3727 3732/3732/3732 3738/3738/3738
f 3721/3721/3721 3730/3730/3730 3737/3737/3737
f 3736/3736/3736 3730/3730/3730 3726/3726/3726
f 3729/3729/3729 3721/3721/3721 3735/3735/3735
f 3719/3719/3719 3728/3728/3728 3734/3734/3734
f 3719/3719/3719 3733/3733/3733 3726/3726/3726
f 3731/3731/3731 3724/3724/3724 3727/3727/3727
f 3718/3718/3718 3729/3729/3729 3723/3723/3723
f 3723/3723/3723 3732/3732/3732 3727/3727/3727
f 3731/3731/3731 3722/3722/3722 3724/3724/3724
f 3726/3726/3726 3730/3730/3730 3721/3721/3721
f 3718/3718/3718 3721/3721/3721 3729/3729/3729
f 3719/3719/3719 3725/3725/3725 3728/3728/3728
f 3720/3720/3720 3719/3719/3719 3726/3726/3726
f 3727/3727/3727 3724/3724/3724 3709/3709/3709
f 3712/3712/3712 3718/3718/3718 3723/3723/3723
f 3709/3709/3709 3723/3723/3723 3727/3727/3727
f 3724/3724/3724 3722/3722/3722 3717/3717/3717
f 3708/3708/3708 3726/3726/3726 3721/3721/3721
f 3716/3716/3716 3721/3721/3721 3718/3718/3718
f 3726/3726/3726 3708/3708/3708 3720/3720/3720
f 3714/3714/3714 3725/3725/3725 3719/3719/3719
f 3719/3719/3719 3720/3720/3720 3707/3707/3707
f 3713/3713/3713 3718/3718/3718 3712/3712/3712
f 3718/3718/3718 3711/3711/3711 3716/3716/3716
f 3724/3724/3724 3717/3717/3717 3710/3710/3710
f 3710/3710/3710 3709/3709/3709 3724/3724/3724
f 3709/3709/3709 3712/3712/3712 3723/3723/3723
f 3702/3702/3702 3717/3717/3717 3722/3722/3722
f 3721/3721/3721 3716/3716/3716 3708/3708/3708
f 3715/3715/3715 3720/3720/3720 3708/3708/3708
f 3720/3720/3720 3715/3715/3715 3707/3707/3707
f 3719/3719/3719 3706/3706/3706 3714/3714/3714
f 3719/3719/3719 3707/3707/3707 3706/3706/3706
f 3718/3718/3718 3713/3713/3713 3705/3705/3705
f 3701/3701/3701 3713/3713/3713 3712/3712/3712
f 3705/3705/3705 3711/3711/3711 3718/3718/3718
f 3711/3711/3711 3700/3700/3700 3716/3716/3716
f 3700/3700/3700 3698/3698/3698 3716/3716/3716
f 3717/3717/3717 3704/3704/3704 3710/3710/3710
f 3709/3709/3709 3710/3710/3710 3697/3697/3697
f 3703/3703/3703 3712/3712/3712 3709/3709/3709
f 3717/3717/3717 3702/3702/3702 3704/3704/3704
f 3716/3716/3716 3698/3698/3698 3708/3708/3708
f 3695/3695/3695 3715/3715/3715 3708/3708/3708
f 3695/3695/3695 3707/3707/3707 3715/3715/3715
f 3706/3706/3706 3693/3693/3693 3714/3714/3714
f 3707/3707/3707 3694/3694/3694 3706/3706/3706
f 3701/3701/3701 3705/3705/3705 3713/3713/3713
f 3712/3712/3712 3703/3703/3703 3701/3701/3701
f 3711/3711/3711 3705/3705/3705 3700/3700/3700
f 3700/3700/3700 3699/3699/3699 3698/3698/3698
f 3704/3704/3704 3697/3697/3697 3710/3710/3710
f 3697/3697/3697 3703/3703/3703 3709/3709/3709
f 3702/3702/3702 3691/3691/3691 3704/3704/3704
f 3708/3708/3708 3698/3698/3698 3695/3695/3695
f 3695/3695/3695 3694/3694/3694 3707/3707/3707
f 3706/3706/3706 3694/3694/3694 3693/3693/3693
f 3692/3692/3692 3705/3705/3705 3701/3701/3701
f 3688/3688/3688 3701/3701/3701 3703/3703/3703
f 3692/3692/3692 3700/3700/3700 3705/3705/3705
f 3700/3700/3700 3687/3687/3687 3699/3699/3699
f 3698/3698/3698 3699/3699/3699 3686/3686/3686
f 3704/3704/3704 3691/3691/3691 3697/3697/3697
f 3703/3703/3703 3697/3697/3697 3688/3688/3688
f 3696/3696/3696 3691/3691/3691 3702/3702/3702
f 3698/3698/3698 3690/3690/3690 3695/3695/3695
f 3681/3681/3681 3694/3694/3694 3695/3695/3695
f 3680/3680/3680 3693/3693/3693 3694/3694/3694
f 3701/3701/3701 3688/3688/3688 3692/3692/3692
f 3692/3692/3692 3687/3687/3687 3700/3700/3700
f 3687/3687/3687 3686/3686/3686 3699/3699/3699
f 3698/3698/3698 3686/3686/3686 3690/3690/3690
f 3691/3691/3691 3685/3685/3685 3697/3697/3697
f 3685/3685/3685 3688/3688/3688 3697/3697/3697
f 3683/3683/3683 3691/3691/3691 3696/3696/3696
f 3684/3684/3684 3683/3683/3683 3696/3696/3696
f 3690/3690/3690 3681/3681/3681 3695/3695/3695
f 3694/3694/3694 3681/3681/3681 3680/3680/3680
f 3680/3680/3680 3689/3689/3689 3693/3693/3693
f 3688/3688/3688 3679/3679/3679 3692/3692/3692
f 3679/3679/3679 3687/3687/3687 3692/3692/3692
f 3673/3673/3673 3686/3686/3686 3687/3687/3687
f 3677/3677/3677 3690/3690/3690 3686/3686/3686
f 3691/3691/3691 3672/3672/3672 3685/3685/3685
f 3662/3662/3662 3688/3688/3688 3685/3685/3685
f 3691/3691/3691 3683/3683/3683 3672/3672/3672
f 3670/3670/3670 3683/3683/3683 3684/3684/3684
f 3684/3684/3684 3682/3682/3682 3671/3671/3671
f 3677/3677/3677 3678/3678/3678 3690/3690/3690
f 3690/3690/3690 3678/3678/3678 3676/3676/3676
f 3676/3676/3676 3681/3681/3681 3690/3690/3690
f 3680/3680/3680 3681/3681/3681 3665/3665/3665
f 3675/3675/3675 3689/3689/3689 3680/3680/3680
f 3688/3688/3688 3662/3662/3662 3679/3679/3679
f 3674/3674/3674 3687/3687/3687 3679/3679/3679
f 3674/3674/3674 3673/3673/3673 3687/3687/3687
f 3673/3673/3673 3677/3677/3677 3686/3686/3686
f 3672/3672/3672 3662/3662/3662 3685/3685/3685
f 3671/3671/3671 3670/3670/3670 3684/3684/3684
f 3670/3670/3670 3672/3672/3672 3683/3683/3683
f 3669/3669/3669 3671/3671/3671 3682/3682/3682
f 3660/3660/3660 3678/3678/3678 3677/3677/3677
f 3667/3667/3667 3676/3676/3676 3678/3678/3678
f 3676/3676/3676 3666/3666/3666 3681/3681/3681
f 3666/3666/3666 3665/3665/3665 3681/3681/3681
f 3680/3680/3680 3665/3665/3665 3675/3675/3675
f 3662/3662/3662 3674/3674/3674 3679/3679/3679
f 3674/3674/3674 3664/3664/3664 3673/3673/3673
f 3656/3656/3656 3677/3677/3677 3673/3673/3673
f 3663/3663/3663 3662/3662/3662 3672/3672/3672
f 3670/3670/3670 3671/3671/3671 3661/3661/3661
f 3672/3672/3672 3670/3670/3670 3648/3648/3648
f 3669/3669/3669 3652/3652/3652 3671/3671/3671
f 3678/3678/3678 3660/3660/3660 3667/3667/3667
f 3677/3677/3677 3668/3668/3668 3660/3660/3660
f 3656/3656/3656 3668/3668/3668 3677/3677/3677
f 3676/3676/3676 3667/3667/3667 3659/3659/3659
f 3676/3676/3676 3659/3659/3659 3666/3666/3666
f 3650/3650/3650 3665/3665/3665 3666/3666/3666
f 3658/3658/3658 3675/3675/3675 3665/3665/3665
f 3662/3662/3662 3657/3657/3657 3674/3674/3674
f 3657/3657/3657 3664/3664/3664 3674/3674/3674
f 3673/3673/3673 3664/3664/3664 3656/3656/3656
f 3648/3648/3648 3663/3663/3663 3672/3672/3672
f 3655/3655/3655 3662/3662/3662 3663/3663/3663
f 3652/3652/3652 3654/3654/3654 3671/3671/3671
f 3654/3654/3654 3661/3661/3661 3671/3671/3671
f 3661/3661/3661 3648/3648/3648 3670/3670/3670
f 3653/3653/3653 3652/3652/3652 3669/3669/3669
f 3643/3643/3643 3667/3667/3667 3660/3660/3660
f 3651/3651/3651 3660/3660/3660 3668/3668/3668
f 3656/3656/3656 3651/3651/3651 3668/3668/3668
f 3667/3667/3667 3643/3643/3643 3659/3659/3659
f 3659/3659/3659 3650/3650/3650 3666/3666/3666
f 3650/3650/3650 3658/3658/3658 3665/3665/3665
f 3662/3662/3662 3641/3641/3641 3657/3657/3657
f 3664/3664/3664 3657/3657/3657 3649/3649/3649
f 3649/3649/3649 3656/3656/3656 3664/3664/3664
f 3663/3663/3663 3648/3648/3648 3655/3655/3655
f 3662/3662/3662 3655/3655/3655 3641/3641/3641
f 3647/3647/3647 3654/3654/3654 3652/3652/3652
f 3654/3654/3654 3646/3646/3646 3661/3661/3661
f 3661/3661/3661 3646/3646/3646 3648/3648/3648
f 3652/3652/3652 3635/3635/3635 3647/3647/3647
f 3644/3644/3644 3652/3652/3652 3653/3653/3653
f 3660/3660/3660 3651/3651/3651 3643/3643/3643
f 3632/3632/3632 3651/3651/3651 3656/3656/3656
f 3658/3658/3658 3642/3642/3642 3406/3406/3406
f 3643/3643/3643 3633/3633/3633 3659/3659/3659
f 3633/3633/3633 3650/3650/3650 3659/3659/3659
f 3642/3642/3642 3658/3658/3658 3650/3650/3650
f 3641/3641/3641 3649/3649/3649 3657/3657/3657
f 3656/3656/3656 3649/3649/3649 3632/3632/3632
f 3655/3655/3655 3648/3648/3648 3639/3639/3639
f 3655/3655/3655 3639/3639/3639 3641/3641/3641
f 3654/3654/3654 3647/3647/3647 3630/3630/3630
f 3654/3654/3654 3630/3630/3630 3646/3646/3646
f 3646/3646/3646 3637/3637/3637 3648/3648/3648
f 3648/3648/3648 3637/3637/3637 3640/3640/3640
f 3645/3645/3645 3636/3636/3636 3653/3653/3653
f 3636/3636/3636 3644/3644/3644 3653/3653/3653
f 3635/3635/3635 3638/3638/3638 3647/3647/3647
f 3652/3652/3652 3644/3644/3644 3635/3635/3635
f 3632/3632/3632 3643/3643/3643 3651/3651/3651
f 3642/3642/3642 3402/3402/3402 3406/3406/3406
f 3634/3634/3634 3633/3633/3633 3643/3643/3643
f 3650/3650/3650 3633/3633/3633 3642/3642/3642
f 3632/3632/3632 3649/3649/3649 3641/3641/3641
f 3640/3640/3640 3631/3631/3631 3648/3648/3648
f 3631/3631/3631 3639/3639/3639 3648/3648/3648
f 3639/3639/3639 3625/3625/3625 3641/3641/3641
f 3638/3638/3638 3630/3630/3630 3647/3647/3647
f 3630/3630/3630 3637/3637/3637 3646/3646/3646
f 3629/3629/3629 3640/3640/3640 3637/3637/3637
f 3645/3645/3645 3628/3628/3628 3636/3636/3636
f 3622/3622/3622 3644/3644/3644 3636/3636/3636
f 3635/3635/3635 3620/3620/3620 3638/3638/3638
f 3644/3644/3644 3622/3622/3622 3635/3635/3635
f 3627/3627/3627 3634/3634/3634 3643/3643/3643
f 3627/3627/3627 3643/3643/3643 3632/3632/3632
f 3642/3642/3642 3626/3626/3626 3402/3402/3402
f 3634/3634/3634 3618/3618/3618 3633/3633/3633
f 3642/3642/3642 3633/3633/3633 3626/3626/3626
f 3625/3625/3625 3632/3632/3632 3641/3641/3641
f 3640/3640/3640 3629/3629/3629 3609/3609/3609
f 3609/3609/3609 3631/3631/3631 3640/3640/3640
f 3639/3639/3639 3631/3631/3631 3624/3624/3624
f 3639/3639/3639 3624/3624/3624 3625/3625/3625
f 3638/3638/3638 3620/3620/3620 3630/3630/3630
f 3630/3630/3630 3623/3623/3623 3637/3637/3637
f 3623/3623/3623 3629/3629/3629 3637/3637/3637
f 3636/3636/3636 3628/3628/3628 3622/3622/3622
f 3622/3622/3622 3620/3620/3620 3635/3635/3635
f 3619/3619/3619 3634/3634/3634 3627/3627/3627
f 3617/3617/3617 3627/3627/3627 3632/3632/3632
f 3619/3619/3619 3618/3618/3618 3634/3634/3634
f 3626/3626/3626 3611/3611/3611 3402/3402/3402
f 3618/3618/3618 3626/3626/3626 3633/3633/3633
f 3632/3632/3632 3625/3625/3625 3617/3617/3617
f 3615/3615/3615 3609/3609/3609 3629/3629/3629
f 3609/3609/3609 3624/3624/3624 3631/3631/3631
f 3624/3624/3624 3610/3610/3610 3625/3625/3625
f 3630/3630/3630 3620/3620/3620 3608/3608/3608
f 3630/3630/3630 3608/3608/3608 3623/3623/3623
f 3615/3615/3615 3629/3629/3629 3623/3623/3623
f 3614/3614/3614 3622/3622/3622 3628/3628/3628
f 3628/3628/3628 3621/3621/3621 3614/3614/3614
f 3600/3600/3600 3620/3620/3620 3622/3622/3622
f 3627/3627/3627 3612/3612/3612 3619/3619/3619
f 3612/3612/3612 3627/3627/3627 3617/3617/3617
f 3611/3611/3611 3392/3392/3392 3402/3402/3402
f 3605/3605/3605 3618/3618/3618 3619/3619/3619
f 3611/3611/3611 3626/3626/3626 3618/3618/3618
f 3610/3610/3610 3617/3617/3617 3625/3625/3625
f 3616/3616/3616 3609/3609/3609 3615/3615/3615
f 3624/3624/3624 3609/3609/3609 3610/3610/3610
f 3613/3613/3613 3608/3608/3608 3620/3620/3620
f 3603/3603/3603 3616/3616/3616 3615/3615/3615
f 3623/3623/3623 3608/3608/3608 3615/3615/3615
f 3622/3622/3622 3614/3614/3614 3600/3600/3600
f 3607/3607/3607 3614/3614/3614 3621/3621/3621
f 3600/3600/3600 3613/3613/3613 3620/3620/3620
f 3612/3612/3612 3606/3606/3606 3619/3619/3619
f 3604/3604/3604 3612/3612/3612 3617/3617/3617
f 3606/3606/3606 3605/3605/3605 3619/3619/3619
f 3374/3374/3374 3392/3392/3392 3611/3611/3611
f 3605/3605/3605 3611/3611/3611 3618/3618/3618
f 3604/3604/3604 3617/3617/3617 3610/3610/3610
f 3609/3609/3609 3616/3616/3616 3603/3603/3603
f 3609/3609/3609 3589/3589/3589 3610/3610/3610
f 3602/3602/3602 3608/3608/3608 3613/3613/3613
f 3615/3615/3615 3601/3601/3601 3603/3603/3603
f 3601/3601/3601 3615/3615/3615 3608/3608/3608
f 3607/3607/3607 3600/3600/3600 3614/3614/3614
f 3599/3599/3599 3613/3613/3613 3600/3600/3600
f 3599/3599/3599 3602/3602/3602 3613/3613/3613
f 3591/3591/3591 3606/3606/3606 3612/3612/3612
f 3591/3591/3591 3612/3612/3612 3604/3604/3604
f 3590/3590/3590 3605/3605/3605 3606/3606/3606
f 3374/3374/3374 3611/3611/3611 3605/3605/3605
f 3589/3589/3589 3604/3604/3604 3610/3610/3610
f 3603/3603/3603 3589/3589/3589 3609/3609/3609
f 3608/3608/3608 3602/3602/3602 3595/3595/3595
f 3601/3601/3601 3586/3586/3586 3603/3603/3603
f 3595/3595/3595 3601/3601/3601 3608/3608/3608
f 3607/3607/3607 3594/3594/3594 3600/3600/3600
f 3600/3600/3600 3585/3585/3585 3599/3599/3599
f 3587/3587/3587 3602/3602/3602 3599/3599/3599
f 3593/3593/3593 3594/3594/3594 3607/3607/3607
f 3593/3593/3593 3607/3607/3607 3598/3598/3598
f 3591/3591/3591 3597/3597/3597 3606/3606/3606
f 3596/3596/3596 3591/3591/3591 3604/3604/3604
f 3606/3606/3606 3597/3597/3597 3590/3590/3590
f 3590/3590/3590 3374/3374/3374 3605/3605/3605
f 3596/3596/3596 3604/3604/3604 3589/3589/3589
f 3586/3586/3586 3588/3588/3588 3603/3603/3603
f 3603/3603/3603 3588/3588/3588 3589/3589/3589
f 3587/3587/3587 3595/3595/3595 3602/3602/3602
f 3601/3601/3601 3595/3595/3595 3586/3586/3586
f 3594/3594/3594 3585/3585/3585 3600/3600/3600
f 3585/3585/3585 3584/3584/3584 3599/3599/3599
f 3599/3599/3599 3584/3584/3584 3587/3587/3587
f 3594/3594/3594 3593/3593/3593 3577/3577/3577
f 3598/3598/3598 3583/3583/3583 3593/3593/3593
f 3598/3598/3598 3592/3592/3592 3583/3583/3583
f 3598/3598/3598 3582/3582/3582 3592/3592/3592
f 3574/3574/3574 3597/3597/3597 3591/3591/3591
f 3581/3581/3581 3591/3591/3591 3596/3596/3596
f 3574/3574/3574 3590/3590/3590 3597/3597/3597
f 3354/3354/3354 3374/3374/3374 3590/3590/3590
f 3596/3596/3596 3580/3580/3580 3581/3581/3581
f 3580/3580/3580 3596/3596/3596 3589/3589/3589
f 3579/3579/3579 3588/3588/3588 3586/3586/3586
f 3588/3588/3588 3572/3572/3572 3589/3589/3589
f 3595/3595/3595 3587/3587/3587 3578/3578/3578
f 3595/3595/3595 3578/3578/3578 3586/3586/3586
f 3586/3586/3586 3566/3566/3566 3579/3579/3579
f 3594/3594/3594 3577/3577/3577 3585/3585/3585
f 3564/3564/3564 3584/3584/3584 3585/3585/3585
f 3571/3571/3571 3587/3587/3587 3584/3584/3584
f 3593/3593/3593 3576/3576/3576 3577/3577/3577
f 3593/3593/3593 3583/3583/3583 3576/3576/3576
f 3592/3592/3592 3575/3575/3575 3583/3583/3583
f 3575/3575/3575 3592/3592/3592 3582/3582/3582
f 3591/3591/3591 3581/3581/3581 3574/3574/3574
f 3574/3574/3574 3354/3354/3354 3590/3590/3590
f 3580/3580/3580 3573/3573/3573 3581/3581/3581
f 3572/3572/3572 3580/3580/3580 3589/3589/3589
f 3579/3579/3579 3572/3572/3572 3588/3588/3588
f 3571/3571/3571 3578/3578/3578 3587/3587/3587
f 3578/3578/3578 3566/3566/3566 3586/3586/3586
f 3566/3566/3566 3567/3567/3567 3579/3579/3579
f 3585/3585/3585 3577/3577/3577 3564/3564/3564
f 3584/3584/3584 3564/3564/3564 3571/3571/3571
f 3576/3576/3576 3562/3562/3562 3577/3577/3577
f 3583/3583/3583 3569/3569/3569 3576/3576/3576
f 3575/3575/3575 3569/3569/3569 3583/3583/3583
f 3568/3568/3568 3575/3575/3575 3582/3582/3582
f 3561/3561/3561 3574/3574/3574 3581/3581/3581
f 3355/3355/3355 3354/3354/3354 3574/3574/3574
f 3581/3581/3581 3573/3573/3573 3561/3561/3561
f 3580/3580/3580 3560/3560/3560 3573/3573/3573
f 3580/3580/3580 3572/3572/3572 3560/3560/3560
f 3579/3579/3579 3567/3567/3567 3572/3572/3572
f 3578/3578/3578 3571/3571/3571 3566/3566/3566
f 3566/3566/3566 3565/3565/3565 3567/3567/3567
f 3570/3570/3570 3564/3564/3564 3577/3577/3577
f 3564/3564/3564 3555/3555/3555 3571/3571/3571
f 3562/3562/3562 3570/3570/3570 3577/3577/3577
f 3576/3576/3576 3569/3569/3569 3562/3562/3562
f 3575/3575/3575 3557/3557/3557 3569/3569/3569
f 3575/3575/3575 3568/3568/3568 3557/3557/3557
f 3355/3355/3355 3574/3574/3574 3561/3561/3561
f 3573/3573/3573 3560/3560/3560 3561/3561/3561
f 3567/3567/3567 3560/3560/3560 3572/3572/3572
f 3571/3571/3571 3555/3555/3555 3566/3566/3566
f 3567/3567/3567 3565/3565/3565 3556/3556/3556
f 3554/3554/3554 3565/3565/3565 3566/3566/3566
f 3570/3570/3570 3553/3553/3553 3564/3564/3564
f 3563/3563/3563 3555/3555/3555 3564/3564/3564
f 3564/3564/3564 3546/3546/3546 3563/3563/3563
f 3562/3562/3562 3558/3558/3558 3570/3570/3570
f 3558/3558/3558 3553/3553/3553 3570/3570/3570
f 3557/3557/3557 3562/3562/3562 3569/3569/3569
f 3559/3559/3559 3557/3557/3557 3568/3568/3568
f 3561/3561/3561 3375/3375/3375 3355/3355/3355
f 3560/3560/3560 3550/3550/3550 3561/3561/3561
f 3556/3556/3556 3560/3560/3560 3567/3567/3567
f 3555/3555/3555 3554/3554/3554 3566/3566/3566
f 3565/3565/3565 3554/3554/3554 3556/3556/3556
f 3564/3564/3564 3553/3553/3553 3546/3546/3546
f 3563/3563/3563 3546/3546/3546 3555/3555/3555
f 3540/3540/3540 3558/3558/3558 3562/3562/3562
f 3558/3558/3558 3552/3552/3552 3553/3553/3553
f 3540/3540/3540 3562/3562/3562 3557/3557/3557
f 3559/3559/3559 3551/3551/3551 3557/3557/3557
f 3550/3550/3550 3375/3375/3375 3561/3561/3561
f 3560/3560/3560 3556/3556/3556 3550/3550/3550
f 3549/3549/3549 3554/3554/3554 3555/3555/3555
f 3554/3554/3554 3539/3539/3539 3556/3556/3556
f 3547/3547/3547 3546/3546/3546 3553/3553/3553
f 3548/3548/3548 3555/3555/3555 3546/3546/3546
f 3559/3559/3559 3545/3545/3545 3551/3551/3551
f 3558/3558/3558 3540/3540/3540 3552/3552/3552
f 3553/3553/3553 3552/3552/3552 3543/3543/3543
f 3551/3551/3551 3540/3540/3540 3557/3557/3557
f 3366/3366/3366 3375/3375/3375 3550/3550/3550
f 3556/3556/3556 3539/3539/3539 3550/3550/3550
f 3555/3555/3555 3548/3548/3548 3544/3544/3544
f 3544/3544/3544 3549/3549/3549 3555/3555/3555
f 3554/3554/3554 3549/3549/3549 3539/3539/3539
f 3543/3543/3543 3547/3547/3547 3553/3553/3553
f 3546/3546/3546 3547/3547/3547 3534/3534/3534
f 3546/3546/3546 3542/3542/3542 3548/3548/3548
f 3545/3545/3545 3541/3541/3541 3551/3551/3551
f 3540/3540/3540 3543/3543/3543 3552/3552/3552
f 3541/3541/3541 3540/3540/3540 3551/3551/3551
f 3550/3550/3550 3539/3539/3539 3366/3366/3366
f 3548/3548/3548 3535/3535/3535 3544/3544/3544
f 3544/3544/3544 3539/3539/3539 3549/3549/3549
f 3548/3548/3548 3542/3542/3542 3535/3535/3535
f 3547/3547/3547 3543/3543/3543 3534/3534/3534
f 3534/3534/3534 3542/3542/3542 3546/3546/3546
f 3537/3537/3537 3541/3541/3541 3545/3545/3545
f 3533/3533/3533 3543/3543/3543 3540/3540/3540
f 3541/3541/3541 3536/3536/3536 3540/3540/3540
f 3357/3357/3357 3366/3366/3366 3539/3539/3539
f 3544/3544/3544 3535/3535/3535 3539/3539/3539
f 3542/3542/3542 3527/3527/3527 3538/3538/3538
f 3538/3538/3538 3535/3535/3535 3542/3542/3542
f 3533/3533/3533 3534/3534/3534 3543/3543/3543
f 3542/3542/3542 3534/3534/3534 3527/3527/3527
f 3537/3537/3537 3528/3528/3528 3541/3541/3541
f 3536/3536/3536 3541/3541/3541 3528/3528/3528
f 3536/3536/3536 3533/3533/3533 3540/3540/3540
f 3531/3531/3531 3357/3357/3357 3539/3539/3539
f 3535/3535/3535 3531/3531/3531 3539/3539/3539
f 3527/3527/3527 3535/3535/3535 3538/3538/3538
f 3533/3533/3533 3530/3530/3530 3534/3534/3534
f 3526/3526/3526 3527/3527/3527 3534/3534/3534
f 3537/3537/3537 3529/3529/3529 3528/3528/3528
f 3536/3536/3536 3528/3528/3528 3533/3533/3533
f 3521/3521/3521 3357/3357/3357 3531/3531/3531
f 3535/3535/3535 3527/3527/3527 3531/3531/3531
f 3357/3357/3357 3521/3521/3521 3358/3358/3358
f 3520/3520/3520 3530/3530/3530 3533/3533/3533
f 3534/3534/3534 3530/3530/3530 3526/3526/3526
f 3526/3526/3526 3525/3525/3525 3527/3527/3527
f 3532/3532/3532 3524/3524/3524 3529/3529/3529
f 3529/3529/3529 3519/3519/3519 3528/3528/3528
f 3528/3528/3528 3520/3520/3520 3533/3533/3533
f 3524/3524/3524 3532/3532/3532 3523/3523/3523
f 3527/3527/3527 3521/3521/3521 3531/3531/3531
f 3521/3521/3521 3348/3348/3348 3358/3358/3358
f 3520/3520/3520 3526/3526/3526 3530/3530/3530
f 3527/3527/3527 3525/3525/3525 3513/3513/3513
f 3525/3525/3525 3526/3526/3526 3512/3512/3512
f 3524/3524/3524 3519/3519/3519 3529/3529/3529
f 3519/3519/3519 3520/3520/3520 3528/3528/3528
f 3523/3523/3523 3511/3511/3511 3524/3524/3524
f 3522/3522/3522 3517/3517/3517 3523/3523/3523
f 3518/3518/3518 3523/3523/3523 3517/3517/3517
f 3514/3514/3514 3521/3521/3521 3527/3527/3527
f 3508/3508/3508 3348/3348/3348 3521/3521/3521
f 3527/3527/3527 3513/3513/3513 3514/3514/3514
f 3512/3512/3512 3526/3526/3526 3520/3520/3520
f 3512/3512/3512 3513/3513/3513 3525/3525/3525
f 3519/3519/3519 3524/3524/3524 3511/3511/3511
f 3520/3520/3520 3519/3519/3519 3502/3502/3502
f 3511/3511/3511 3523/3523/3523 3518/3518/3518
f 3517/3517/3517 3522/3522/3522 3509/3509/3509
f 3518/3518/3518 3517/3517/3517 3501/3501/3501
f 3510/3510/3510 3505/3505/3505 3516/3516/3516
f 3516/3516/3516 3509/3509/3509 3522/3522/3522
f 3348/3348/3348 3508/3508/3508 3515/3515/3515
f 3514/3514/3514 3508/3508/3508 3521/3521/3521
f 3504/3504/3504 3514/3514/3514 3513/3513/3513
f 3502/3502/3502 3512/3512/3512 3520/3520/3520
f 3512/3512/3512 3503/3503/3503 3513/3513/3513
f 3519/3519/3519 3511/3511/3511 3502/3502/3502
f 3518/3518/3518 3501/3501/3501 3511/3511/3511
f 3509/3509/3509 3501/3501/3501 3517/3517/3517
f 3505/3505/3505 3510/3510/3510 3506/3506/3506
f 3509/3509/3509 3516/3516/3516 3505/3505/3505
f 3496/3496/3496 3515/3515/3515 3508/3508/3508
f 3504/3504/3504 3508/3508/3508 3514/3514/3514
f 3503/3503/3503 3504/3504/3504 3513/3513/3513
f 3512/3512/3512 3502/3502/3502 3503/3503/3503
f 3501/3501/3501 3502/3502/3502 3511/3511/3511
f 3509/3509/3509 3497/3497/3497 3501/3501/3501
f 3507/3507/3507 3500/3500/3500 3510/3510/3510
f 3500/3500/3500 3506/3506/3506 3510/3510/3510
f 3506/3506/3506 3491/3491/3491 3505/3505/3505
f 3505/3505/3505 3499/3499/3499 3509/3509/3509
f 3499/3499/3499 3498/3498/3498 3509/3509/3509
f 3498/3498/3498 3497/3497/3497 3509/3509/3509
f 3508/3508/3508 3504/3504/3504 3496/3496/3496
f 3489/3489/3489 3504/3504/3504 3503/3503/3503
f 3502/3502/3502 3494/3494/3494 3503/3503/3503
f 3501/3501/3501 3483/3483/3483 3502/3502/3502
f 3497/3497/3497 3493/3493/3493 3501/3501/3501
f 3488/3488/3488 3500/3500/3500 3507/3507/3507
f 3500/3500/3500 3492/3492/3492 3506/3506/3506
f 3491/3491/3491 3506/3506/3506 3492/3492/3492
f 3505/3505/3505 3491/3491/3491 3499/3499/3499
f 3498/3498/3498 3499/3499/3499 3487/3487/3487
f 3497/3497/3497 3498/3498/3498 3486/3486/3486
f 3504/3504/3504 3495/3495/3495 3490/3490/3490
f 3490/3490/3490 3496/3496/3496 3504/3504/3504
f 3504/3504/3504 3489/3489/3489 3495/3495/3495
f 3494/3494/3494 3489/3489/3489 3503/3503/3503
f 3502/3502/3502 3483/3483/3483 3494/3494/3494
f 3493/3493/3493 3497/3497/3497 3485/3485/3485
f 3493/3493/3493 3483/3483/3483 3501/3501/3501
f 3500/3500/3500 3488/3488/3488 3492/3492/3492
f 3491/3491/3491 3492/3492/3492 3477/3477/3477
f 3491/3491/3491 3487/3487/3487 3499/3499/3499
f 3498/3498/3498 3487/3487/3487 3486/3486/3486
f 3486/3486/3486 3485/3485/3485 3497/3497/3497
f 3479/3479/3479 3490/3490/3490 3495/3495/3495
f 3490/3490/3490 3480/3480/3480 3496/3496/3496
f 3495/3495/3495 3489/3489/3489 3479/3479/3479
f 3483/3483/3483 3489/3489/3489 3494/3494/3494
f 3485/3485/3485 3483/3483/3483 3493/3493/3493
f 3488/3488/3488 3477/3477/3477 3492/3492/3492
f 3487/3487/3487 3491/3491/3491 3477/3477/3477
f 3487/3487/3487 3481/3481/3481 3486/3486/3486
f 3485/3485/3485 3486/3486/3486 3475/3475/3475
f 3479/3479/3479 3484/3484/3484 3490/3490/3490
f 3484/3484/3484 3480/3480/3480 3490/3490/3490
f 3478/3478/3478 3485/3485/3485 3474/3474/3474
f 3483/3483/3483 3479/3479/3479 3489/3489/3489
f 3485/3485/3485 3478/3478/3478 3483/3483/3483
f 3488/3488/3488 3482/3482/3482 3477/3477/3477
f 3476/3476/3476 3481/3481/3481 3487/3487/3487
f 3477/3477/3477 3476/3476/3476 3487/3487/3487
f 3481/3481/3481 3475/3475/3475 3486/3486/3486
f 3475/3475/3475 3474/3474/3474 3485/3485/3485
f 3473/3473/3473 3484/3484/3484 3479/3479/3479
f 3473/3473/3473 3480/3480/3480 3484/3484/3484
f 3474/3474/3474 3472/3472/3472 3478/3478/3478
f 3471/3471/3471 3479/3479/3479 3483/3483/3483
f 3478/3478/3478 3471/3471/3471 3483/3483/3483
f 3482/3482/3482 3470/3470/3470 3477/3477/3477
f 3470/3470/3470 3482/3482/3482 3469/3469/3469
f 3481/3481/3481 3476/3476/3476 3463/3463/3463
f 3476/3476/3476 3477/3477/3477 3466/3466/3466
f 3475/3475/3475 3481/3481/3481 3463/3463/3463
f 3474/3474/3474 3475/3475/3475 3468/3468/3468
f 3467/3467/3467 3473/3473/3473 3479/3479/3479
f 3461/3461/3461 3480/3480/3480 3473/3473/3473
f 3472/3472/3472 3474/3474/3474 3462/3462/3462
f 3472/3472/3472 3459/3459/3459 3478/3478/3478
f 3479/3479/3479 3471/3471/3471 3467/3467/3467
f 3459/3459/3459 3471/3471/3471 3478/3478/3478
f 3477/3477/3477 3470/3470/3470 3466/3466/3466
f 3470/3470/3470 3469/3469/3469 3458/3458/3458
f 3476/3476/3476 3466/3466/3466 3463/3463/3463
f 3475/3475/3475 3463/3463/3463 3468/3468/3468
f 3468/3468/3468 3462/3462/3462 3474/3474/3474
f 3467/3467/3467 3461/3461/3461 3473/3473/3473
f 3462/3462/3462 3460/3460/3460 3472/3472/3472
f 3459/3459/3459 3472/3472/3472 3460/3460/3460
f 3459/3459/3459 3467/3467/3467 3471/3471/3471
f 3470/3470/3470 3458/3458/3458 3466/3466/3466
f 3469/3469/3469 3465/3465/3465 3458/3458/3458
f 3465/3465/3465 3464/3464/3464 3453/3453/3453
f 3466/3466/3466 3448/3448/3448 3463/3463/3463
f 3463/3463/3463 3457/3457/3457 3468/3468/3468
f 3462/3462/3462 3468/3468/3468 3457/3457/3457
f 3451/3451/3451 3461/3461/3461 3467/3467/3467
f 3460/3460/3460 3462/3462/3462 3452/3452/3452
f 3459/3459/3459 3460/3460/3460 3450/3450/3450
f 3467/3467/3467 3459/3459/3459 3451/3451/3451
f 3464/3464/3464 3455/3455/3455 3454/3454/3454
f 3458/3458/3458 3448/3448/3448 3466/3466/3466
f 3458/3458/3458 3465/3465/3465 3453/3453/3453
f 3453/3453/3453 3464/3464/3464 3454/3454/3454
f 3448/3448/3448 3457/3457/3457 3463/3463/3463
f 3457/3457/3457 3452/3452/3452 3462/3462/3462
f 3451/3451/3451 3456/3456/3456 3461/3461/3461
f 3452/3452/3452 3450/3450/3450 3460/3460/3460
f 3450/3450/3450 3451/3451/3451 3459/3459/3459
f 3455/3455/3455 3449/3449/3449 3454/3454/3454
f 3448/3448/3448 3458/3458/3458 3453/3453/3453
f 3453/3453/3453 3454/3454/3454 3442/3442/3442
f 3452/3452/3452 3457/3457/3457 3448/3448/3448
f 3447/3447/3447 3456/3456/3456 3451/3451/3451
f 3450/3450/3450 3452/3452/3452 3439/3439/3439
f 3451/3451/3451 3450/3450/3450 3446/3446/3446
f 3449/3449/3449 3455/3455/3455 3445/3445/3445
f 3454/3454/3454 3449/3449/3449 3443/3443/3443
f 3454/3454/3454 3443/3443/3443 3442/3442/3442
f 3448/3448/3448 3453/3453/3453 3442/3442/3442
f 3448/3448/3448 3439/3439/3439 3452/3452/3452
f 3441/3441/3441 3447/3447/3447 3451/3451/3451
f 3446/3446/3446 3441/3441/3441 3451/3451/3451
f 3439/3439/3439 3446/3446/3446 3450/3450/3450
f 3437/3437/3437 3449/3449/3449 3445/3445/3445
f 3445/3445/3445 3444/3444/3444 3440/3440/3440
f 3443/3443/3443 3449/3449/3449 3437/3437/3437
f 3442/3442/3442 3443/3443/3443 3435/3435/3435
f 3442/3442/3442 3439/3439/3439 3448/3448/3448
f 3447/3447/3447 3441/3441/3441 3434/3434/3434
f 3441/3441/3441 3446/3446/3446 3438/3438/3438
f 3446/3446/3446 3439/3439/3439 3438/3438/3438
f 3445/3445/3445 3440/3440/3440 3437/3437/3437
f 3444/3444/3444 3436/3436/3436 3440/3440/3440
f 3443/3443/3443 3437/3437/3437 3435/3435/3435
f 3439/3439/3439 3442/3442/3442 3435/3435/3435
f 3438/3438/3438 3434/3434/3434 3441/3441/3441
f 3439/3439/3439 3432/3432/3432 3438/3438/3438
f 3440/3440/3440 3433/3433/3433 3437/3437/3437
f 3440/3440/3440 3436/3436/3436 3433/3433/3433
f 3435/3435/3435 3437/3437/3437 3430/3430/3430
f 3439/3439/3439 3435/3435/3435 3432/3432/3432
f 3434/3434/3434 3438/3438/3438 3432/3432/3432
f 3437/3437/3437 3433/3433/3433 3430/3430/3430
f 3433/3433/3433 3436/3436/3436 3431/3431/3431
f 3432/3432/3432 3435/3435/3435 3430/3430/3430
f 3432/3432/3432 3431/3431/3431 3434/3434/3434
f 3431/3431/3431 3430/3430/3430 3433/3433/3433
f 3430/3430/3430 3431/3431/3431 3432/3432/3432
f 3427/3427/3427 3428/3428/3428 3429/3429/3429
f 3427/3427/3427 3417/3417/3417 3428/3428/3428
f 3425/3425/3425 3426/3426/3426 3424/3424/3424
f 3424/3424/3424 3421/3421/3421 3425/3425/3425
f 3423/3423/3423 3421/3421/3421 3424/3424/3424
f 3423/3423/3423 3422/3422/3422 3421/3421/3421
f 3420/3420/3420 3421/3421/3421 3422/3422/3422
f 3419/3419/3419 459/459/459 476/476/476
f 529/529/529 3419/3419/3419 476/476/476
f 459/459/459 3419/3419/3419 3418/3418/3418
f 3418/3418/3418 3419/3419/3419 529/529/529
f 529/529/529 558/558/558 3418/3418/3418
f 3415/3415/3415 3416/3416/3416 3417/3417/3417
f 3412/3412/3412 3413/3413/3413 3414/3414/3414
f 3413/3413/3413 3412/3412/3412 3411/3411/3411
f 3411/3411/3411 3412/3412/3412 3410/3410/3410
f 3410/3410/3410 3408/3408/3408 3411/3411/3411
f 3408/3408/3408 3409/3409/3409 3411/3411/3411
f 3410/3410/3410 3407/3407/3407 3408/3408/3408
f 3409/3409/3409 3408/3408/3408 3405/3405/3405
f 3404/3404/3404 3408/3408/3408 3407/3407/3407
f 3405/3405/3405 3408/3408/3408 3404/3404/3404
f 3407/3407/3407 3403/3403/3403 3404/3404/3404
f 3401/3401/3401 3406/3406/3406 3402/3402/3402
f 3401/3401/3401 3400/3400/3400 3406/3406/3406
f 3405/3405/3405 3404/3404/3404 3397/3397/3397
f 3398/3398/3398 3404/3404/3404 3403/3403/3403
f 3395/3395/3395 3401/3401/3401 3402/3402/3402
f 3401/3401/3401 3394/3394/3394 3400/3400/3400
f 3399/3399/3399 3405/3405/3405 3397/3397/3397
f 3404/3404/3404 3398/3398/3398 3397/3397/3397
f 3403/3403/3403 3396/3396/3396 3398/3398/3398
f 3392/3392/3392 3395/3395/3395 3402/3402/3402
f 3401/3401/3401 3395/3395/3395 3394/3394/3394
f 3400/3400/3400 3394/3394/3394 3393/3393/3393
f 3397/3397/3397 3391/3391/3391 3399/3399/3399
f 3386/3386/3386 3397/3397/3397 3398/3398/3398
f 3386/3386/3386 3398/3398/3398 3396/3396/3396
f 3392/3392/3392 3380/3380/3380 3395/3395/3395
f 3379/3379/3379 3394/3394/3394 3395/3395/3395
f 3394/3394/3394 3389/3389/3389 3393/3393/3393
f 3397/3397/3397 3386/3386/3386 3391/3391/3391
f 3396/3396/3396 3385/3385/3385 3386/3386/3386
f 3371/3371/3371 3390/3390/3390 3377/3377/3377
f 3384/3384/3384 3388/3388/3388 3382/3382/3382
f 3392/3392/3392 3381/3381/3381 3380/3380/3380
f 3379/3379/3379 3395/3395/3395 3380/3380/3380
f 3389/3389/3389 3394/3394/3394 3379/3379/3379
f 3389/3389/3389 3376/3376/3376 3393/3393/3393
f 3382/3382/3382 3388/3388/3388 3378/3378/3378
f 3384/3384/3384 3377/3377/3377 3388/3388/3388
f 3390/3390/3390 3387/3387/3387 3377/3377/3377
f 3387/3387/3387 3393/3393/3393 3376/3376/3376
f 3381/3381/3381 3392/3392/3392 3374/3374/3374
f 3373/3373/3373 3391/3391/3391 3386/3386/3386
f 3386/3386/3386 3385/3385/3385 3364/3364/3364
f 3371/3371/3371 3377/3377/3377 3384/3384/3384
f 3383/3383/3383 3390/3390/3390 3371/3371/3371
f 3370/3370/3370 3382/3382/3382 3378/3378/3378
f 3363/3363/3363 3384/3384/3384 3382/3382/3382
f 3381/3381/3381 3362/3362/3362 3380/3380/3380
f 3380/3380/3380 3361/3361/3361 3379/3379/3379
f 3369/3369/3369 3389/3389/3389 3379/3379/3379
f 3389/3389/3389 3369/3369/3369 3376/3376/3376
f 3378/3378/3378 3368/3368/3368 3370/3370/3370
f 3378/3378/3378 3388/3388/3388 3360/3360/3360
f 3360/3360/3360 3388/3388/3388 3377/3377/3377
f 3367/3367/3367 3377/3377/3377 3387/3387/3387
f 3376/3376/3376 3367/3367/3367 3387/3387/3387
f 3365/3365/3365 3381/3381/3381 3374/3374/3374
f 3386/3386/3386 3364/3364/3364 3373/3373/3373
f 3385/3385/3385 3372/3372/3372 3364/3364/3364
f 3372/3372/3372 3383/3383/3383 3352/3352/3352
f 3384/3384/3384 3363/3363/3363 3371/3371/3371
f 3352/3352/3352 3383/3383/3383 3371/3371/3371
f 3370/3370/3370 3363/3363/3363 3382/3382/3382
f 3381/3381/3381 3365/3365/3365 3362/3362/3362
f 3362/3362/3362 3361/3361/3361 3380/3380/3380
f 3361/3361/3361 3369/3369/3369 3379/3379/3379
f 3359/3359/3359 3376/3376/3376 3369/3369/3369
f 3378/3378/3378 3360/3360/3360 3368/3368/3368
f 3377/3377/3377 3367/3367/3367 3360/3360/3360
f 3367/3367/3367 3376/3376/3376 3359/3359/3359
f 3366/3366/3366 3356/3356/3356 3375/3375/3375
f 3375/3375/3375 3356/3356/3356 3355/3355/3355
f 3374/3374/3374 3354/3354/3354 3365/3365/3365
f 3353/3353/3353 3373/3373/3373 3364/3364/3364
f 3364/3364/3364 3372/3372/3372 3352/3352/3352
f 3352/3352/3352 3371/3371/3371 3363/3363/3363
f 3363/3363/3363 3370/3370/3370 3339/3339/3339
f 3365/3365/3365 3351/3351/3351 3362/3362/3362
f 3362/3362/3362 3338/3338/3338 3361/3361/3361
f 3350/3350/3350 3369/3369/3369 3361/3361/3361
f 3369/3369/3369 3350/3350/3350 3359/3359/3359
f 3368/3368/3368 3360/3360/3360 3337/3337/3337
f 3360/3360/3360 3367/3367/3367 3349/3349/3349
f 3359/3359/3359 3349/3349/3349 3367/3367/3367
f 3358/3358/3358 3343/3343/3343 3357/3357/3357
f 3357/3357/3357 3347/3347/3347 3366/3366/3366
f 3347/3347/3347 3356/3356/3356 3366/3366/3366
f 3356/3356/3356 3342/3342/3342 3355/3355/3355
f 3346/3346/3346 3351/3351/3351 3365/3365/3365
f 3346/3346/3346 3365/3365/3365 3354/3354/3354
f 3355/3355/3355 3334/3334/3334 3354/3354/3354
f 3345/3345/3345 3353/3353/3353 3364/3364/3364
f 3364/3364/3364 3352/3352/3352 3345/3345/3345
f 3352/3352/3352 3363/3363/3363 3339/3339/3339
f 3351/3351/3351 3338/3338/3338 3362/3362/3362
f 3338/3338/3338 3350/3350/3350 3361/3361/3361
f 3344/3344/3344 3359/3359/3359 3350/3350/3350
f 3360/3360/3360 3349/3349/3349 3337/3337/3337
f 3349/3349/3349 3359/3359/3359 3344/3344/3344
f 3348/3348/3348 3343/3343/3343 3358/3358/3358
f 3343/3343/3343 3347/3347/3347 3357/3357/3357
f 3347/3347/3347 3342/3342/3342 3356/3356/3356
f 3355/3355/3355 3342/3342/3342 3334/3334/3334
f 3346/3346/3346 3340/3340/3340 3351/3351/3351
f 3334/3334/3334 3346/3346/3346 3354/3354/3354
f 3345/3345/3345 3326/3326/3326 3353/3353/3353
f 3339/3339/3339 3345/3345/3345 3352/3352/3352
f 3351/3351/3351 3340/3340/3340 3338/3338/3338
f 3338/3338/3338 3344/3344/3344 3350/3350/3350
f 3337/3337/3337 3349/3349/3349 3344/3344/3344
f 3348/3348/3348 3336/3336/3336 3343/3343/3343
f 3343/3343/3343 3335/3335/3335 3347/3347/3347
f 3342/3342/3342 3347/3347/3347 3335/3335/3335
f 3324/3324/3324 3341/3341/3341 3342/3342/3342
f 3341/3341/3341 3334/3334/3334 3342/3342/3342
f 3346/3346/3346 3329/3329/3329 3340/3340/3340
f 3346/3346/3346 3334/3334/3334 3329/3329/3329
f 3339/3339/3339 3326/3326/3326 3345/3345/3345
f 3340/3340/3340 3328/3328/3328 3338/3338/3338
f 3332/3332/3332 3344/3344/3344 3338/3338/3338
f 3337/3337/3337 3344/3344/3344 3332/3332/3332
f 3336/3336/3336 3331/3331/3331 3343/3343/3343
f 3331/3331/3331 3335/3335/3335 3343/3343/3343
f 3342/3342/3342 3335/3335/3335 3324/3324/3324
f 3334/3334/3334 3341/3341/3341 3324/3324/3324
f 3329/3329/3329 3328/3328/3328 3340/3340/3340
f 3330/3330/3330 3329/3329/3329 3334/3334/3334
f 3327/3327/3327 3333/3333/3333 3337/3337/3337
f 3326/3326/3326 3339/3339/3339 3333/3333/3333
f 3328/3328/3328 3332/3332/3332 3338/3338/3338
f 3332/3332/3332 3327/3327/3327 3337/3337/3337
f 3331/3331/3331 3336/3336/3336 3325/3325/3325
f 3331/3331/3331 3324/3324/3324 3335/3335/3335
f 3324/3324/3324 3330/3330/3330 3334/3334/3334
f 3329/3329/3329 3323/3323/3323 3328/3328/3328
f 3330/3330/3330 3319/3319/3319 3329/3329/3329
f 3333/3333/3333 3327/3327/3327 3322/3322/3322
f 3333/3333/3333 3322/3322/3322 3326/3326/3326
f 3321/3321/3321 3332/3332/3332 3328/3328/3328
f 3327/3327/3327 3332/3332/3332 3321/3321/3321
f 3325/3325/3325 3320/3320/3320 3331/3331/3331
f 3331/3331/3331 3320/3320/3320 3324/3324/3324
f 3330/3330/3330 3324/3324/3324 3319/3319/3319
f 3329/3329/3329 3318/3318/3318 3323/3323/3323
f 3323/3323/3323 3315/3315/3315 3328/3328/3328
f 3329/3329/3329 3319/3319/3319 3318/3318/3318
f 3322/3322/3322 3327/3327/3327 3314/3314/3314
f 3322/3322/3322 3317/3317/3317 3326/3326/3326
f 3315/3315/3315 3321/3321/3321 3328/3328/3328
f 3314/3314/3314 3327/3327/3327 3321/3321/3321
f 3317/3317/3317 3313/3313/3313 3326/3326/3326
f 3325/3325/3325 3312/3312/3312 3320/3320/3320
f 3320/3320/3320 3316/3316/3316 3324/3324/3324
f 3324/3324/3324 3316/3316/3316 3319/3319/3319
f 3318/3318/3318 3315/3315/3315 3323/3323/3323
f 3309/3309/3309 3318/3318/3318 3319/3319/3319
f 3314/3314/3314 3317/3317/3317 3322/3322/3322
f 3315/3315/3315 3314/3314/3314 3321/3321/3321
f 3313/3313/3313 3317/3317/3317 3311/3311/3311
f 3316/3316/3316 3320/3320/3320 3312/3312/3312
f 3316/3316/3316 3309/3309/3309 3319/3319/3319
f 3318/3318/3318 3309/3309/3309 3315/3315/3315
f 3314/3314/3314 3311/3311/3311 3317/3317/3317
f 3306/3306/3306 3314/3314/3314 3315/3315/3315
f 3311/3311/3311 3310/3310/3310 3313/3313/3313
f 3312/3312/3312 3309/3309/3309 3316/3316/3316
f 3309/3309/3309 3306/3306/3306 3315/3315/3315
f 3306/3306/3306 3311/3311/3311 3314/3314/3314
f 3308/3308/3308 3310/3310/3310 3311/3311/3311
f 3310/3310/3310 3277/3277/3277 3313/3313/3313
f 3309/3309/3309 3312/3312/3312 3305/3305/3305
f 3309/3309/3309 3307/3307/3307 3306/3306/3306
f 3306/3306/3306 3308/3308/3308 3311/3311/3311
f 3310/3310/3310 3308/3308/3308 3277/3277/3277
f 3309/3309/3309 3305/3305/3305 3307/3307/3307
f 3307/3307/3307 3303/3303/3303 3306/3306/3306
f 3306/3306/3306 3304/3304/3304 3308/3308/3308
f 3277/3277/3277 3308/3308/3308 3304/3304/3304
f 3305/3305/3305 3303/3303/3303 3307/3307/3307
f 3303/3303/3303 3304/3304/3304 3306/3306/3306
f 3304/3304/3304 3301/3301/3301 3277/3277/3277
f 3300/3300/3300 3303/3303/3303 3305/3305/3305
f 3303/3303/3303 3301/3301/3301 3304/3304/3304
f 3278/3278/3278 3277/3277/3277 3301/3301/3301
f 3300/3300/3300 3299/3299/3299 3303/3303/3303
f 3303/3303/3303 3299/3299/3299 3301/3301/3301
f 3301/3301/3301 3298/3298/3298 3278/3278/3278
f 3297/3297/3297 3299/3299/3299 3300/3300/3300
f 3299/3299/3299 3294/3294/3294 3301/3301/3301
f 3298/3298/3298 3296/3296/3296 3302/3302/3302
f 3294/3294/3294 3298/3298/3298 3301/3301/3301
f 3295/3295/3295 3297/3297/3297 3300/3300/3300
f 3294/3294/3294 3299/3299/3299 3297/3297/3297
f 3298/3298/3298 3294/3294/3294 3296/3296/3296
f 3295/3295/3295 3289/3289/3289 3297/3297/3297
f 3289/3289/3289 3294/3294/3294 3297/3297/3297
f 3294/3294/3294 3293/3293/3293 3296/3296/3296
f 3292/3292/3292 3296/3296/3296 3293/3293/3293
f 3295/3295/3295 3290/3290/3290 3289/3289/3289
f 3293/3293/3293 3294/3294/3294 3289/3289/3289
f 3293/3293/3293 3285/3285/3285 3292/3292/3292
f 3283/3283/3283 3289/3289/3289 3290/3290/3290
f 3289/3289/3289 3285/3285/3285 3293/3293/3293
f 3288/3288/3288 3292/3292/3292 3285/3285/3285
f 3291/3291/3291 3288/3288/3288 3281/3281/3281
f 3286/3286/3286 3283/3283/3283 3290/3290/3290
f 3289/3289/3289 3283/3283/3283 3285/3285/3285
f 3285/3285/3285 3281/3281/3281 3288/3288/3288
f 3280/3280/3280 3284/3284/3284 3287/3287/3287
f 3286/3286/3286 3284/3284/3284 3282/3282/3282
f 3282/3282/3282 3283/3283/3283 3286/3286/3286
f 3285/3285/3285 3283/3283/3283 3281/3281/3281
f 3282/3282/3282 3284/3284/3284 3280/3280/3280
f 3283/3283/3283 3282/3282/3282 3281/3281/3281
f 3280/3280/3280 3281/3281/3281 3282/3282/3282
f 3277/3277/3277 3278/3278/3278 3279/3279/3279
f 3271/3271/3271 3274/3274/3274 3276/3276/3276
f 3276/3276/3276 3275/3275/3275 3271/3271/3271
f 3275/3275/3275 3273/3273/3273 3268/3268/3268
f 3274/3274/3274 3271/3271/3271 3264/3264/3264
f 3268/3268/3268 3271/3271/3271 3275/3275/3275
f 3264/3264/3264 3270/3270/3270 3274/3274/3274
f 3267/3267/3267 3272/3272/3272 3270/3270/3270
f 3266/3266/3266 3268/3268/3268 3273/3273/3273
f 3269/3269/3269 3266/3266/3266 3273/3273/3273
f 3265/3265/3265 3272/3272/3272 3267/3267/3267
f 3271/3271/3271 3268/3268/3268 3264/3264/3264
f 3264/3264/3264 3267/3267/3267 3270/3270/3270
f 3268/3268/3268 3266/3266/3266 3262/3262/3262
f 3261/3261/3261 3266/3266/3266 3269/3269/3269
f 3267/3267/3267 3260/3260/3260 3265/3265/3265
f 3262/3262/3262 3264/3264/3264 3268/3268/3268
f 3260/3260/3260 3267/3267/3267 3264/3264/3264
f 3261/3261/3261 3262/3262/3262 3266/3266/3266
f 3260/3260/3260 3263/3263/3263 3265/3265/3265
f 3254/3254/3254 3265/3265/3265 3263/3263/3263
f 3264/3264/3264 3262/3262/3262 3260/3260/3260
f 3258/3258/3258 3262/3262/3262 3261/3261/3261
f 3260/3260/3260 3254/3254/3254 3263/3263/3263
f 3262/3262/3262 3258/3258/3258 3260/3260/3260
f 3259/3259/3259 3258/3258/3258 3261/3261/3261
f 3261/3261/3261 3257/3257/3257 3259/3259/3259
f 3260/3260/3260 3258/3258/3258 3254/3254/3254
f 3259/3259/3259 3251/3251/3251 3258/3258/3258
f 3251/3251/3251 3259/3259/3259 3257/3257/3257
f 3256/3256/3256 3255/3255/3255 3253/3253/3253
f 3252/3252/3252 3254/3254/3254 3258/3258/3258
f 3251/3251/3251 3252/3252/3252 3258/3258/3258
f 3256/3256/3256 3251/3251/3251 3257/3257/3257
f 3253/3253/3253 3255/3255/3255 3250/3250/3250
f 3253/3253/3253 3250/3250/3250 3244/3244/3244
f 3256/3256/3256 3253/3253/3253 3248/3248/3248
f 3246/3246/3246 3254/3254/3254 3252/3252/3252
f 3243/3243/3243 3252/3252/3252 3251/3251/3251
f 3251/3251/3251 3256/3256/3256 3248/3248/3248
f 3242/3242/3242 3250/3250/3250 3255/3255/3255
f 3246/3246/3246 3249/3249/3249 3254/3254/3254
f 3241/3241/3241 3244/3244/3244 3250/3250/3250
f 3253/3253/3253 3244/3244/3244 3248/3248/3248
f 3243/3243/3243 3246/3246/3246 3252/3252/3252
f 3251/3251/3251 3248/3248/3248 3243/3243/3243
f 3241/3241/3241 3250/3250/3250 3242/3242/3242
f 3249/3249/3249 3239/3239/3239 3240/3240/3240
f 3239/3239/3239 3249/3249/3249 3246/3246/3246
f 3241/3241/3241 3238/3238/3238 3244/3244/3244
f 3238/3238/3238 3245/3245/3245 3244/3244/3244
f 3245/3245/3245 3213/3213/3213 3244/3244/3244
f 3244/3244/3244 3237/3237/3237 3248/3248/3248
f 3243/3243/3243 3222/3222/3222 3246/3246/3246
f 3243/3243/3243 3248/3248/3248 3237/3237/3237
f 3226/3226/3226 3224/3224/3224 3242/3242/3242
f 3224/3224/3224 3241/3241/3241 3242/3242/3242
f 3233/3233/3233 3240/3240/3240 3239/3239/3239
f 3222/3222/3222 3239/3239/3239 3246/3246/3246
f 3215/3215/3215 3238/3238/3238 3241/3241/3241
f 3238/3238/3238 3213/3213/3213 3245/3245/3245
f 3244/3244/3244 3213/3213/3213 3237/3237/3237
f 3237/3237/3237 3222/3222/3222 3243/3243/3243
f 3226/3226/3226 3242/3242/3242 3234/3234/3234
f 3225/3225/3225 3224/3224/3224 3226/3226/3226
f 3224/3224/3224 3215/3215/3215 3241/3241/3241
f 3240/3240/3240 3233/3233/3233 3214/3214/3214
f 3239/3239/3239 3222/3222/3222 3233/3233/3233
f 3213/3213/3213 3238/3238/3238 3215/3215/3215
f 3213/3213/3213 3232/3232/3232 3237/3237/3237
f 3232/3232/3232 3222/3222/3222 3237/3237/3237
f 3235/3235/3235 3201/3201/3201 3231/3231/3231
f 3231/3231/3231 3220/3220/3220 3236/3236/3236
f 3221/3221/3221 3201/3201/3201 3235/3235/3235
f 3230/3230/3230 3209/3209/3209 3229/3229/3229
f 3217/3217/3217 3234/3234/3234 3228/3228/3228
f 3229/3229/3229 3218/3218/3218 3227/3227/3227
f 3228/3228/3228 3227/3227/3227 3208/3208/3208
f 3217/3217/3217 3226/3226/3226 3234/3234/3234
f 3206/3206/3206 3225/3225/3225 3226/3226/3226
f 3224/3224/3224 3225/3225/3225 3205/3205/3205
f 3216/3216/3216 3215/3215/3215 3224/3224/3224
f 3222/3222/3222 3214/3214/3214 3233/3233/3233
f 3215/3215/3215 3223/3223/3223 3213/3213/3213
f 3222/3222/3222 3232/3232/3232 3213/3213/3213
f 3212/3212/3212 3219/3219/3219 3230/3230/3230
f 3231/3231/3231 3201/3201/3201 3220/3220/3220
f 3221/3221/3221 3210/3210/3210 3201/3201/3201
f 3219/3219/3219 3209/3209/3209 3230/3230/3230
f 3209/3209/3209 3218/3218/3218 3229/3229/3229
f 3217/3217/3217 3228/3228/3228 3208/3208/3208
f 3218/3218/3218 3208/3208/3208 3227/3227/3227
f 3226/3226/3226 3217/3217/3217 3207/3207/3207
f 3207/3207/3207 3206/3206/3206 3226/3226/3226
f 3206/3206/3206 3205/3205/3205 3225/3225/3225
f 3205/3205/3205 3216/3216/3216 3224/3224/3224
f 3183/3183/3183 3203/3203/3203 3216/3216/3216
f 3215/3215/3215 3216/3216/3216 3203/3203/3203
f 3215/3215/3215 3194/3194/3194 3223/3223/3223
f 3202/3202/3202 3214/3214/3214 3222/3222/3222
f 3213/3213/3213 3223/3223/3223 3194/3194/3194
f 3213/3213/3213 3202/3202/3202 3222/3222/3222
f 3221/3221/3221 3192/3192/3192 3210/3210/3210
f 3199/3199/3199 3219/3219/3219 3212/3212/3212
f 3220/3220/3220 3191/3191/3191 3212/3212/3212
f 3201/3201/3201 3211/3211/3211 3220/3220/3220
f 3211/3211/3211 3191/3191/3191 3220/3220/3220
f 3210/3210/3210 3200/3200/3200 3201/3201/3201
f 3199/3199/3199 3209/3209/3209 3219/3219/3219
f 3209/3209/3209 3188/3188/3188 3218/3218/3218
f 3217/3217/3217 3208/3208/3208 3187/3187/3187
f 3218/3218/3218 3188/3188/3188 3208/3208/3208
f 3217/3217/3217 3187/3187/3187 3207/3207/3207
f 3206/3206/3206 3207/3207/3207 3198/3198/3198
f 3198/3198/3198 3197/3197/3197 3206/3206/3206
f 3184/3184/3184 3205/3205/3205 3206/3206/3206
f 3183/3183/3183 3216/3216/3216 3205/3205/3205
f 3183/3183/3183 3196/3196/3196 3203/3203/3203
f 3196/3196/3196 3204/3204/3204 3203/3203/3203
f 3204/3204/3204 3181/3181/3181 3203/3203/3203
f 3203/3203/3203 3195/3195/3195 3215/3215/3215
f 3195/3195/3195 3194/3194/3194 3215/3215/3215
f 3214/3214/3214 3202/3202/3202 3180/3180/3180
f 3194/3194/3194 3202/3202/3202 3213/3213/3213
f 3192/3192/3192 3190/3190/3190 3210/3210/3210
f 3191/3191/3191 3199/3199/3199 3212/3212/3212
f 3201/3201/3201 3191/3191/3191 3211/3211/3211
f 3210/3210/3210 3190/3190/3190 3200/3200/3200
f 3200/3200/3200 3177/3177/3177 3201/3201/3201
f 3199/3199/3199 3189/3189/3189 3209/3209/3209
f 3188/3188/3188 3209/3209/3209 3189/3189/3189
f 3208/3208/3208 3188/3188/3188 3187/3187/3187
f 3187/3187/3187 3198/3198/3198 3207/3207/3207
f 3197/3197/3197 3198/3198/3198 3168/3168/3168
f 3206/3206/3206 3197/3197/3197 3186/3186/3186
f 3186/3186/3186 3184/3184/3184 3206/3206/3206
f 3184/3184/3184 3183/3183/3183 3205/3205/3205
f 3185/3185/3185 3196/3196/3196 3183/3183/3183
f 3196/3196/3196 3181/3181/3181 3204/3204/3204
f 3181/3181/3181 3195/3195/3195 3203/3203/3203
f 3194/3194/3194 3195/3195/3195 3154/3154/3154
f 3202/3202/3202 3194/3194/3194 3180/3180/3180
f 3193/3193/3193 3179/3179/3179 3192/3192/3192
f 3192/3192/3192 3178/3178/3178 3190/3190/3190
f 3191/3191/3191 3172/3172/3172 3199/3199/3199
f 3201/3201/3201 3177/3177/3177 3191/3191/3191
f 3190/3190/3190 3177/3177/3177 3200/3200/3200
f 3189/3189/3189 3199/3199/3199 3172/3172/3172
f 3188/3188/3188 3189/3189/3189 3170/3170/3170
f 3187/3187/3187 3188/3188/3188 3169/3169/3169
f 3187/3187/3187 3168/3168/3168 3198/3198/3198
f 3168/3168/3168 3186/3186/3186 3197/3197/3197
f 3196/3196/3196 3185/3185/3185 3166/3166/3166
f 3184/3184/3184 3186/3186/3186 3167/3167/3167
f 3183/3183/3183 3184/3184/3184 3165/3165/3165
f 3175/3175/3175 3185/3185/3185 3183/3183/3183
f 3196/3196/3196 3166/3166/3166 3182/3182/3182
f 3196/3196/3196 3182/3182/3182 3174/3174/3174
f 3196/3196/3196 3174/3174/3174 3181/3181/3181
f 3195/3195/3195 3181/3181/3181 3154/3154/3154
f 3154/3154/3154 3180/3180/3180 3194/3194/3194
f 3179/3179/3179 3159/3159/3159 3192/3192/3192
f 3178/3178/3178 3150/3150/3150 3190/3190/3190
f 3159/3159/3159 3178/3178/3178 3192/3192/3192
f 3177/3177/3177 3172/3172/3172 3191/3191/3191
f 3177/3177/3177 3190/3190/3190 3150/3150/3150
f 3172/3172/3172 3171/3171/3171 3189/3189/3189
f 3170/3170/3170 3189/3189/3189 3171/3171/3171
f 3187/3187/3187 3169/3169/3169 3176/3176/3176
f 3188/3188/3188 3170/3170/3170 3169/3169/3169
f 3176/3176/3176 3168/3168/3168 3187/3187/3187
f 3186/3186/3186 3168/3168/3168 3167/3167/3167
f 3175/3175/3175 3166/3166/3166 3185/3185/3185
f 3167/3167/3167 3165/3165/3165 3184/3184/3184
f 3183/3183/3183 3165/3165/3165 3175/3175/3175
f 3182/3182/3182 3166/3166/3166 3164/3164/3164
f 3182/3182/3182 3164/3164/3164 3174/3174/3174
f 3174/3174/3174 3154/3154/3154 3181/3181/3181
f 3180/3180/3180 3173/3173/3173 3162/3162/3162
f 3180/3180/3180 3154/3154/3154 3173/3173/3173
f 3161/3161/3161 3160/3160/3160 3179/3179/3179
f 3159/3159/3159 3179/3179/3179 3160/3160/3160
f 3178/3178/3178 3159/3159/3159 3150/3150/3150
f 3150/3150/3150 3172/3172/3172 3177/3177/3177
f 3172/3172/3172 3158/3158/3158 3171/3171/3171
f 3171/3171/3171 3149/3149/3149 3170/3170/3170
f 3169/3169/3169 3148/3148/3148 3176/3176/3176
f 3170/3170/3170 3157/3157/3157 3169/3169/3169
f 3176/3176/3176 3148/3148/3148 3168/3168/3168
f 3167/3167/3167 3168/3168/3168 3147/3147/3147
f 3146/3146/3146 3166/3166/3166 3175/3175/3175
f 3167/3167/3167 3156/3156/3156 3165/3165/3165
f 3165/3165/3165 3146/3146/3146 3175/3175/3175
f 3155/3155/3155 3164/3164/3164 3166/3166/3166
f 3174/3174/3174 3164/3164/3164 3144/3144/3144
f 3163/3163/3163 3174/3174/3174 3144/3144/3144
f 3174/3174/3174 3163/3163/3163 3154/3154/3154
f 3173/3173/3173 3154/3154/3154 3162/3162/3162
f 3161/3161/3161 3152/3152/3152 3160/3160/3160
f 3160/3160/3160 3135/3135/3135 3159/3159/3159
f 3159/3159/3159 3151/3151/3151 3150/3150/3150
f 3150/3150/3150 3158/3158/3158 3172/3172/3172
f 3158/3158/3158 3149/3149/3149 3171/3171/3171
f 3149/3149/3149 3157/3157/3157 3170/3170/3170
f 3157/3157/3157 3148/3148/3148 3169/3169/3169
f 3148/3148/3148 3147/3147/3147 3168/3168/3168
f 3147/3147/3147 3156/3156/3156 3167/3167/3167
f 3146/3146/3146 3155/3155/3155 3166/3166/3166
f 3156/3156/3156 3146/3146/3146 3165/3165/3165
f 3164/3164/3164 3155/3155/3155 3145/3145/3145
f 3164/3164/3164 3145/3145/3145 3144/3144/3144
f 3163/3163/3163 3144/3144/3144 3143/3143/3143
f 3163/3163/3163 3143/3143/3143 3154/3154/3154
f 3154/3154/3154 3131/3131/3131 3162/3162/3162
f 3136/3136/3136 3152/3152/3152 3161/3161/3161
f 3152/3152/3152 3135/3135/3135 3160/3160/3160
f 3135/3135/3135 3151/3151/3151 3159/3159/3159
f 3151/3151/3151 3134/3134/3134 3150/3150/3150
f 3150/3150/3150 3141/3141/3141 3158/3158/3158
f 3141/3141/3141 3140/3140/3140 3158/3158/3158
f 3158/3158/3158 3140/3140/3140 3149/3149/3149
f 3149/3149/3149 3133/3133/3133 3157/3157/3157
f 3148/3148/3148 3157/3157/3157 3133/3133/3133
f 3139/3139/3139 3147/3147/3147 3148/3148/3148
f 3138/3138/3138 3156/3156/3156 3147/3147/3147
f 3155/3155/3155 3146/3146/3146 3132/3132/3132
f 3146/3146/3146 3156/3156/3156 3138/3138/3138
f 3132/3132/3132 3145/3145/3145 3155/3155/3155
f 3130/3130/3130 3144/3144/3144 3145/3145/3145
f 3143/3143/3143 3144/3144/3144 3129/3129/3129
f 3143/3143/3143 3131/3131/3131 3154/3154/3154
f 3136/3136/3136 3142/3142/3142 3152/3152/3152
f 3152/3152/3152 3142/3142/3142 3135/3135/3135
f 3135/3135/3135 3134/3134/3134 3151/3151/3151
f 3134/3134/3134 3141/3141/3141 3150/3150/3150
f 3141/3141/3141 3118/3118/3118 3140/3140/3140
f 3140/3140/3140 3133/3133/3133 3149/3149/3149
f 3133/3133/3133 3139/3139/3139 3148/3148/3148
f 3147/3147/3147 3139/3139/3139 3123/3123/3123
f 3147/3147/3147 3123/3123/3123 3138/3138/3138
f 3138/3138/3138 3132/3132/3132 3146/3146/3146
f 3132/3132/3132 3130/3130/3130 3145/3145/3145
f 3130/3130/3130 3137/3137/3137 3144/3144/3144
f 3137/3137/3137 3129/3129/3129 3144/3144/3144
f 3131/3131/3131 3143/3143/3143 3129/3129/3129
f 3136/3136/3136 3113/3113/3113 3142/3142/3142
f 3135/3135/3135 3142/3142/3142 3113/3113/3113
f 3124/3124/3124 3135/3135/3135 3125/3125/3125
f 3135/3135/3135 3124/3124/3124 3134/3134/3134
f 3134/3134/3134 3118/3118/3118 3141/3141/3141
f 3133/3133/3133 3140/3140/3140 3118/3118/3118
f 3133/3133/3133 3123/3123/3123 3139/3139/3139
f 3123/3123/3123 3122/3122/3122 3138/3138/3138
f 3122/3122/3122 3132/3132/3132 3138/3138/3138
f 3121/3121/3121 3130/3130/3130 3132/3132/3132
f 3130/3130/3130 3119/3119/3119 3137/3137/3137
f 3137/3137/3137 3119/3119/3119 3129/3129/3129
f 3131/3131/3131 3129/3129/3129 3115/3115/3115
f 3127/3127/3127 3128/3128/3128 3106/3106/3106
f 3127/3127/3127 3112/3112/3112 3126/3126/3126
f 3126/3126/3126 3113/3113/3113 3136/3136/3136
f 3113/3113/3113 3125/3125/3125 3135/3135/3135
f 3125/3125/3125 3110/3110/3110 3124/3124/3124
f 3118/3118/3118 3134/3134/3134 3124/3124/3124
f 3118/3118/3118 3123/3123/3123 3133/3133/3133
f 3132/3132/3132 3117/3117/3117 3121/3121/3121
f 3123/3123/3123 3102/3102/3102 3122/3122/3122
f 3117/3117/3117 3132/3132/3132 3122/3122/3122
f 3121/3121/3121 3101/3101/3101 3130/3130/3130
f 3115/3115/3115 3120/3120/3120 3131/3131/3131
f 3101/3101/3101 3119/3119/3119 3130/3130/3130
f 3119/3119/3119 3115/3115/3115 3129/3129/3129
f 3112/3112/3112 3127/3127/3127 3106/3106/3106
f 3113/3113/3113 3126/3126/3126 3112/3112/3112
f 3113/3113/3113 3114/3114/3114 3125/3125/3125
f 3110/3110/3110 3125/3125/3125 3114/3114/3114
f 3118/3118/3118 3124/3124/3124 3110/3110/3110
f 3118/3118/3118 3102/3102/3102 3123/3123/3123
f 3109/3109/3109 3116/3116/3116 3121/3121/3121
f 3117/3117/3117 3109/3109/3109 3121/3121/3121
f 3102/3102/3102 3117/3117/3117 3122/3122/3122
f 3116/3116/3116 3101/3101/3101 3121/3121/3121
f 3120/3120/3120 3115/3115/3115 3107/3107/3107
f 3101/3101/3101 3115/3115/3115 3119/3119/3119
f 3106/3106/3106 3111/3111/3111 3112/3112/3112
f 3112/3112/3112 3105/3105/3105 3113/3113/3113
f 3113/3113/3113 3099/3099/3099 3114/3114/3114
f 3111/3111/3111 3104/3104/3104 3112/3112/3112
f 3110/3110/3110 3114/3114/3114 3103/3103/3103
f 3110/3110/3110 3102/3102/3102 3118/3118/3118
f 3116/3116/3116 3109/3109/3109 3091/3091/3091
f 3102/3102/3102 3109/3109/3109 3117/3117/3117
f 3116/3116/3116 3091/3091/3091 3108/3108/3108
f 3108/3108/3108 3101/3101/3101 3116/3116/3116
f 3101/3101/3101 3107/3107/3107 3115/3115/3115
f 3106/3106/3106 3098/3098/3098 3111/3111/3111
f 3099/3099/3099 3103/3103/3103 3114/3114/3114
f 3112/3112/3112 3093/3093/3093 3105/3105/3105
f 3105/3105/3105 3099/3099/3099 3113/3113/3113
f 3104/3104/3104 3093/3093/3093 3112/3112/3112
f 3111/3111/3111 3098/3098/3098 3104/3104/3104
f 3103/3103/3103 3097/3097/3097 3110/3110/3110
f 3097/3097/3097 3102/3102/3102 3110/3110/3110
f 3102/3102/3102 3091/3091/3091 3109/3109/3109
f 3091/3091/3091 3096/3096/3096 3108/3108/3108
f 3108/3108/3108 3096/3096/3096 3101/3101/3101
f 3090/3090/3090 3107/3107/3107 3101/3101/3101
f 3095/3095/3095 3094/3094/3094 3106/3106/3106
f 3106/3106/3106 3094/3094/3094 3098/3098/3098
f 3089/3089/3089 3100/3100/3100 3098/3098/3098
f 3103/3103/3103 3099/3099/3099 3088/3088/3088
f 3105/3105/3105 3093/3093/3093 3099/3099/3099
f 3100/3100/3100 3085/3085/3085 3098/3098/3098
f 3104/3104/3104 3098/3098/3098 3093/3093/3093
f 3097/3097/3097 3103/3103/3103 3088/3088/3088
f 3102/3102/3102 3097/3097/3097 3092/3092/3092
f 3092/3092/3092 3091/3091/3091 3102/3102/3102
f 3086/3086/3086 3096/3096/3096 3091/3091/3091
f 3096/3096/3096 3090/3090/3090 3101/3101/3101
f 3094/3094/3094 3089/3089/3089 3098/3098/3098
f 3089/3089/3089 3085/3085/3085 3100/3100/3100
f 3093/3093/3093 3088/3088/3088 3099/3099/3099
f 3093/3093/3093 3098/3098/3098 3085/3085/3085
f 3088/3088/3088 3092/3092/3092 3097/3097/3097
f 3083/3083/3083 3091/3091/3091 3092/3092/3092
f 3087/3087/3087 3086/3086/3086 3091/3091/3091
f 3093/3093/3093 3084/3084/3084 3088/3088/3088
f 3085/3085/3085 3084/3084/3084 3093/3093/3093
f 3088/3088/3088 3083/3083/3083 3092/3092/3092
f 3083/3083/3083 3087/3087/3087 3091/3091/3091
f 3084/3084/3084 3082/3082/3082 3088/3088/3088
f 3085/3085/3085 3081/3081/3081 3084/3084/3084
f 3088/3088/3088 3082/3082/3082 3083/3083/3083
f 3082/3082/3082 3084/3084/3084 3081/3081/3081
f 3076/3076/3076 3080/3080/3080 3079/3079/3079
f 3080/3080/3080 3074/3074/3074 3079/3079/3079
f 3079/3079/3079 3075/3075/3075 3078/3078/3078
f 3077/3077/3077 3059/3059/3059 3076/3076/3076
f 3076/3076/3076 3074/3074/3074 3080/3080/3080
f 3079/3079/3079 3074/3074/3074 3075/3075/3075
f 3075/3075/3075 3066/3066/3066 3078/3078/3078
f 3076/3076/3076 3059/3059/3059 3074/3074/3074
f 3074/3074/3074 3071/3071/3071 3075/3075/3075
f 3075/3075/3075 3071/3071/3071 3066/3066/3066
f 3068/3068/3068 3067/3067/3067 3072/3072/3072
f 3071/3071/3071 3074/3074/3074 3059/3059/3059
f 3071/3071/3071 3058/3058/3058 3070/3070/3070
f 3071/3071/3071 3070/3070/3070 3066/3066/3066
f 3066/3066/3066 3069/3069/3069 3073/3073/3073
f 3069/3069/3069 3065/3065/3065 3073/3073/3073
f 3064/3064/3064 3073/3073/3073 3065/3065/3065
f 3057/3057/3057 3068/3068/3068 3072/3072/3072
f 3068/3068/3068 3054/3054/3054 3067/3067/3067
f 3067/3067/3067 3062/3062/3062 3072/3072/3072
f 3061/3061/3061 3072/3072/3072 3062/3062/3062
f 3072/3072/3072 3061/3061/3061 3060/3060/3060
f 3071/3071/3071 3059/3059/3059 3058/3058/3058
f 3066/3066/3066 3070/3070/3070 3058/3058/3058
f 3066/3066/3066 3055/3055/3055 3069/3069/3069
f 3069/3069/3069 3055/3055/3055 3065/3065/3065
f 3065/3065/3065 3052/3052/3052 3064/3064/3064
f 3057/3057/3057 3063/3063/3063 3068/3068/3068
f 3063/3063/3063 3054/3054/3054 3068/3068/3068
f 3067/3067/3067 3054/3054/3054 3062/3062/3062
f 3059/3059/3059 3056/3056/3056 3058/3058/3058
f 3055/3055/3055 3066/3066/3066 3058/3058/3058
f 3055/3055/3055 3052/3052/3052 3065/3065/3065
f 3052/3052/3052 3057/3057/3057 3064/3064/3064
f 3051/3051/3051 3063/3063/3063 3057/3057/3057
f 3054/3054/3054 3063/3063/3063 3051/3051/3051
f 3055/3055/3055 3053/3053/3053 3052/3052/3052
f 3051/3051/3051 3057/3057/3057 3052/3052/3052
f 3051/3051/3051 3050/3050/3050 3054/3054/3054
f 3052/3052/3052 3048/3048/3048 3051/3051/3051
f 3054/3054/3054 3050/3050/3050 3047/3047/3047
f 3047/3047/3047 3049/3049/3049 3054/3054/3054
f 2146/2146/2146 2111/2111/2111 2074/2074/2074
f 2074/2074/2074 3046/3046/3046 2146/2146/2146
f 2041/2041/2041 3046/3046/3046 2074/2074/2074
f 3044/3044/3044 3040/3040/3040 3045/3045/3045
f 3044/3044/3044 3043/3043/3043 3040/3040/3040
f 3041/3041/3041 3039/3039/3039 3043/3043/3043
f 3043/3043/3043 3039/3039/3039 3040/3040/3040
f 3040/3040/3040 3037/3037/3037 3042/3042/3042
f 3038/3038/3038 3039/3039/3039 3041/3041/3041
f 3039/3039/3039 3037/3037/3037 3040/3040/3040
f 3038/3038/3038 3037/3037/3037 3039/3039/3039
f 3038/3038/3038 3033/3033/3033 3037/3037/3037
f 3036/3036/3036 3033/3033/3033 3038/3038/3038
f 3037/3037/3037 3033/3033/3033 3035/3035/3035
f 3034/3034/3034 3033/3033/3033 3036/3036/3036
f 3032/3032/3032 3034/3034/3034 3036/3036/3036
f 3031/3031/3031 3035/3035/3035 3033/3033/3033
f 3033/3033/3033 3034/3034/3034 3030/3030/3030
f 3034/3034/3034 3032/3032/3032 3030/3030/3030
f 3029/3029/3029 3031/3031/3031 3033/3033/3033
f 3033/3033/3033 3030/3030/3030 3029/3029/3029
f 3030/3030/3030 3032/3032/3032 3026/3026/3026
f 3029/3029/3029 3028/3028/3028 3031/3031/3031
f 3028/3028/3028 3027/3027/3027 3031/3031/3031
f 3029/3029/3029 3030/3030/3030 3026/3026/3026
f 3024/3024/3024 3028/3028/3028 3029/3029/3029
f 3025/3025/3025 3027/3027/3027 3028/3028/3028
f 3029/3029/3029 3026/3026/3026 3024/3024/3024
f 3024/3024/3024 3025/3025/3025 3028/3028/3028
f 3025/3025/3025 3023/3023/3023 3027/3027/3027
f 3024/3024/3024 3026/3026/3026 3021/3021/3021
f 3022/3022/3022 3025/3025/3025 3024/3024/3024
f 3022/3022/3022 3023/3023/3023 3025/3025/3025
f 3021/3021/3021 3022/3022/3022 3024/3024/3024
f 3022/3022/3022 3020/3020/3020 3023/3023/3023
f 3022/3022/3022 3021/3021/3021 3017/3017/3017
f 3017/3017/3017 3020/3020/3020 3022/3022/3022
f 3019/3019/3019 3017/3017/3017 3021/3021/3021
f 3020/3020/3020 3017/3017/3017 3018/3018/3018
f 3017/3017/3017 3019/3019/3019 3013/3013/3013
f 3017/3017/3017 3015/3015/3015 3018/3018/3018
f 3015/3015/3015 3016/3016/3016 3018/3018/3018
f 3013/3013/3013 3015/3015/3015 3017/3017/3017
f 3015/3015/3015 3014/3014/3014 3016/3016/3016
f 3015/3015/3015 3013/3013/3013 3014/3014/3014
f 3013/3013/3013 3011/3011/3011 3014/3014/3014
f 3012/3012/3012 3011/3011/3011 3013/3013/3013
f 3012/3012/3012 3009/3009/3009 3011/3011/3011
f 3009/3009/3009 3010/3010/3010 3011/3011/3011
f 2006/2006/2006 3008/3008/3008 2022/2022/2022
f 3007/3007/3007 3008/3008/3008 2006/2006/2006
f 1936/1936/1936 3007/3007/3007 2006/2006/2006
f 1892/1892/1892 3007/3007/3007 1936/1936/1936
f 1892/1892/1892 1845/1845/1845 3007/3007/3007
f 1845/1845/1845 1793/1793/1793 3007/3007/3007
f 1793/1793/1793 3006/3006/3006 3007/3007/3007
f 1793/1793/1793 1705/1705/1705 3006/3006/3006
f 1705/1705/1705 3005/3005/3005 3006/3006/3006
f 1705/1705/1705 1651/1651/1651 3005/3005/3005
f 3004/3004/3004 2996/2996/2996 3002/3002/3002
f 2998/2998/2998 3003/3003/3003 3002/3002/3002
f 2993/2993/2993 2999/2999/2999 3004/3004/3004
f 3001/3001/3001 2993/2993/2993 3004/3004/3004
f 2999/2999/2999 2996/2996/2996 3004/3004/3004
f 3003/3003/3003 2998/2998/2998 2974/2974/2974
f 2996/2996/2996 2998/2998/2998 3002/3002/3002
f 2997/2997/2997 3000/3000/3000 2995/2995/2995
f 2993/2993/2993 2990/2990/2990 2999/2999/2999
f 2994/2994/2994 2992/2992/2992 2997/2997/2997
f 2997/2997/2997 2987/2987/2987 3001/3001/3001
f 2987/2987/2987 2993/2993/2993 3001/3001/3001
f 2991/2991/2991 2995/2995/2995 3000/3000/3000
f 2996/2996/2996 2999/2999/2999 2990/2990/2990
f 2998/2998/2998 2996/2996/2996 2974/2974/2974
f 2995/2995/2995 2989/2989/2989 2997/2997/2997
f 2994/2994/2994 2997/2997/2997 2989/2989/2989
f 2988/2988/2988 2990/2990/2990 2993/2993/2993
f 2994/2994/2994 2980/2980/2980 2992/2992/2992
f 2992/2992/2992 2987/2987/2987 2997/2997/2997
f 2993/2993/2993 2987/2987/2987 2985/2985/2985
f 2995/2995/2995 2991/2991/2991 2986/2986/2986
f 2990/2990/2990 2974/2974/2974 2996/2996/2996
f 2986/2986/2986 2989/2989/2989 2995/2995/2995
f 2989/2989/2989 2980/2980/2980 2994/2994/2994
f 2985/2985/2985 2988/2988/2988 2993/2993/2993
f 2988/2988/2988 2977/2977/2977 2990/2990/2990
f 2987/2987/2987 2992/2992/2992 2980/2980/2980
f 2984/2984/2984 2985/2985/2985 2987/2987/2987
f 2983/2983/2983 2986/2986/2986 2991/2991/2991
f 2974/2974/2974 2990/2990/2990 2977/2977/2977
f 2986/2986/2986 2980/2980/2980 2989/2989/2989
f 2988/2988/2988 2985/2985/2985 2977/2977/2977
f 2980/2980/2980 2984/2984/2984 2987/2987/2987
f 2985/2985/2985 2984/2984/2984 2976/2976/2976
f 2986/2986/2986 2983/2983/2983 2973/2973/2973
f 2977/2977/2977 2981/2981/2981 2974/2974/2974
f 2977/2977/2977 2970/2970/2970 2981/2981/2981
f 2973/2973/2973 2967/2967/2967 2986/2986/2986
f 2980/2980/2980 2986/2986/2986 2967/2967/2967
f 2976/2976/2976 2977/2977/2977 2985/2985/2985
f 2984/2984/2984 2980/2980/2980 2976/2976/2976
f 2979/2979/2979 2961/2961/2961 2982/2982/2982
f 2961/2961/2961 2978/2978/2978 2982/2982/2982
f 2982/2982/2982 2978/2978/2978 2971/2971/2971
f 2974/2974/2974 2981/2981/2981 2970/2970/2970
f 2969/2969/2969 2970/2970/2970 2977/2977/2977
f 2968/2968/2968 2967/2967/2967 2973/2973/2973
f 2967/2967/2967 2975/2975/2975 2980/2980/2980
f 2966/2966/2966 2969/2969/2969 2977/2977/2977
f 2977/2977/2977 2976/2976/2976 2958/2958/2958
f 2980/2980/2980 2965/2965/2965 2976/2976/2976
f 2975/2975/2975 2965/2965/2965 2980/2980/2980
f 2962/2962/2962 2961/2961/2961 2979/2979/2979
f 2961/2961/2961 2960/2960/2960 2978/2978/2978
f 2971/2971/2971 2978/2978/2978 2960/2960/2960
f 2970/2970/2970 2956/2956/2956 2974/2974/2974
f 2969/2969/2969 2940/2940/2940 2970/2970/2970
f 2969/2969/2969 2966/2966/2966 2959/2959/2959
f 2955/2955/2955 2968/2968/2968 2973/2973/2973
f 2967/2967/2967 2968/2968/2968 2951/2951/2951
f 2967/2967/2967 2957/2957/2957 2975/2975/2975
f 2958/2958/2958 2966/2966/2966 2977/2977/2977
f 2965/2965/2965 2958/2958/2958 2976/2976/2976
f 2975/2975/2975 2957/2957/2957 2965/2965/2965
f 2956/2956/2956 2964/2964/2964 2974/2974/2974
f 2972/2972/2972 2963/2963/2963 2945/2945/2945
f 2962/2962/2962 2972/2972/2972 2945/2945/2945
f 2953/2953/2953 2961/2961/2961 2962/2962/2962
f 2944/2944/2944 2960/2960/2960 2961/2961/2961
f 2971/2971/2971 2960/2960/2960 2927/2927/2927
f 2940/2940/2940 2956/2956/2956 2970/2970/2970
f 2950/2950/2950 2959/2959/2959 2966/2966/2966
f 2959/2959/2959 2940/2940/2940 2969/2969/2969
f 2955/2955/2955 2951/2951/2951 2968/2968/2968
f 2957/2957/2957 2967/2967/2967 2951/2951/2951
f 2966/2966/2966 2958/2958/2958 2950/2950/2950
f 2958/2958/2958 2965/2965/2965 2938/2938/2938
f 2957/2957/2957 2938/2938/2938 2965/2965/2965
f 2956/2956/2956 2935/2935/2935 2964/2964/2964
f 2963/2963/2963 2946/2946/2946 2954/2954/2954
f 2963/2963/2963 2954/2954/2954 2945/2945/2945
f 2945/2945/2945 2953/2953/2953 2962/2962/2962
f 2953/2953/2953 2944/2944/2944 2961/2961/2961
f 2944/2944/2944 2927/2927/2927 2960/2960/2960
f 2942/2942/2942 2893/2893/2893 2943/2943/2943
f 2940/2940/2940 2948/2948/2948 2956/2956/2956
f 2950/2950/2950 2940/2940/2940 2959/2959/2959
f 2957/2957/2957 2939/2939/2939 2949/2949/2949
f 2934/2934/2934 2951/2951/2951 2955/2955/2955
f 2951/2951/2951 2939/2939/2939 2957/2957/2957
f 2938/2938/2938 2950/2950/2950 2958/2958/2958
f 2938/2938/2938 2957/2957/2957 2949/2949/2949
f 2948/2948/2948 2935/2935/2935 2956/2956/2956
f 2947/2947/2947 2943/2943/2943 2893/2893/2893
f 2954/2954/2954 2946/2946/2946 2930/2930/2930
f 2954/2954/2954 2930/2930/2930 2929/2929/2929
f 2945/2945/2945 2954/2954/2954 2929/2929/2929
f 2945/2945/2945 2910/2910/2910 2953/2953/2953
f 2910/2910/2910 2944/2944/2944 2953/2953/2953
f 2927/2927/2927 2944/2944/2944 2928/2928/2928
f 2943/2943/2943 2947/2947/2947 2926/2926/2926
f 2908/2908/2908 2942/2942/2942 2943/2943/2943
f 2942/2942/2942 2907/2907/2907 2893/2893/2893
f 2923/2923/2923 2952/2952/2952 2941/2941/2941
f 2923/2923/2923 2924/2924/2924 2952/2952/2952
f 2948/2948/2948 2940/2940/2940 2917/2917/2917
f 2950/2950/2950 2903/2903/2903 2940/2940/2940
f 2949/2949/2949 2939/2939/2939 2901/2901/2901
f 2951/2951/2951 2934/2934/2934 2902/2902/2902
f 2902/2902/2902 2939/2939/2939 2951/2951/2951
f 2921/2921/2921 2903/2903/2903 2950/2950/2950
f 2938/2938/2938 2921/2921/2921 2950/2950/2950
f 2938/2938/2938 2949/2949/2949 2901/2901/2901
f 2919/2919/2919 2936/2936/2936 2935/2935/2935
f 2917/2917/2917 2916/2916/2916 2948/2948/2948
f 2948/2948/2948 2916/2916/2916 2935/2935/2935
f 2914/2914/2914 2933/2933/2933 2937/2937/2937
f 2913/2913/2913 2932/2932/2932 2933/2933/2933
f 2931/2931/2931 2892/2892/2892 2947/2947/2947
f 2947/2947/2947 2893/2893/2893 2931/2931/2931
f 2946/2946/2946 2904/2904/2904 2930/2930/2930
f 2930/2930/2930 2889/2889/2889 2929/2929/2929
f 2929/2929/2929 2910/2910/2910 2945/2945/2945
f 2944/2944/2944 2910/2910/2910 2928/2928/2928
f 2927/2927/2927 2928/2928/2928 2909/2909/2909
f 2907/2907/2907 2911/2911/2911 2893/2893/2893
f 2927/2927/2927 2886/2886/2886 2926/2926/2926
f 2926/2926/2926 2908/2908/2908 2943/2943/2943
f 2925/2925/2925 2942/2942/2942 2908/2908/2908
f 2925/2925/2925 2907/2907/2907 2942/2942/2942
f 2941/2941/2941 2912/2912/2912 2906/2906/2906
f 2941/2941/2941 2906/2906/2906 2923/2923/2923
f 2905/2905/2905 2924/2924/2924 2923/2923/2923
f 2903/2903/2903 2917/2917/2917 2940/2940/2940
f 2901/2901/2901 2939/2939/2939 2922/2922/2922
f 2902/2902/2902 2934/2934/2934 2915/2915/2915
f 2902/2902/2902 2922/2922/2922 2939/2939/2939
f 2903/2903/2903 2921/2921/2921 2881/2881/2881
f 2901/2901/2901 2921/2921/2921 2938/2938/2938
f 2914/2914/2914 2937/2937/2937 2900/2900/2900
f 2860/2860/2860 2919/2919/2919 2935/2935/2935
f 2919/2919/2919 2899/2899/2899 2936/2936/2936
f 2899/2899/2899 2918/2918/2918 2936/2936/2936
f 2879/2879/2879 2920/2920/2920 2918/2918/2918
f 2917/2917/2917 2878/2878/2878 2916/2916/2916
f 2935/2935/2935 2916/2916/2916 2860/2860/2860
f 2896/2896/2896 2895/2895/2895 2934/2934/2934
f 2934/2934/2934 2895/2895/2895 2915/2915/2915
f 2933/2933/2933 2914/2914/2914 2894/2894/2894
f 2894/2894/2894 2913/2913/2913 2933/2933/2933
f 2932/2932/2932 2913/2913/2913 2858/2858/2858
f 2858/2858/2858 2912/2912/2912 2932/2932/2932
f 2893/2893/2893 2892/2892/2892 2931/2931/2931
f 2873/2873/2873 2893/2893/2893 2911/2911/2911
f 2930/2930/2930 2904/2904/2904 2889/2889/2889
f 2889/2889/2889 2888/2888/2888 2929/2929/2929
f 2888/2888/2888 2910/2910/2910 2929/2929/2929
f 2887/2887/2887 2909/2909/2909 2928/2928/2928
f 2910/2910/2910 2887/2887/2887 2928/2928/2928
f 2927/2927/2927 2909/2909/2909 2886/2886/2886
f 2871/2871/2871 2911/2911/2911 2907/2907/2907
f 2908/2908/2908 2926/2926/2926 2886/2886/2886
f 2908/2908/2908 2870/2870/2870 2925/2925/2925
f 2870/2870/2870 2907/2907/2907 2925/2925/2925
f 2905/2905/2905 2868/2868/2868 2924/2924/2924
f 2912/2912/2912 2884/2884/2884 2906/2906/2906
f 2866/2866/2866 2923/2923/2923 2906/2906/2906
f 2923/2923/2923 2866/2866/2866 2905/2905/2905
f 2917/2917/2917 2903/2903/2903 2883/2883/2883
f 2917/2917/2917 2883/2883/2883 2898/2898/2898
f 2901/2901/2901 2922/2922/2922 2882/2882/2882
f 2902/2902/2902 2915/2915/2915 2828/2828/2828
f 2882/2882/2882 2922/2922/2922 2902/2902/2902
f 2881/2881/2881 2863/2863/2863 2903/2903/2903
f 2901/2901/2901 2881/2881/2881 2921/2921/2921
f 2862/2862/2862 2914/2914/2914 2900/2900/2900
f 2880/2880/2880 2900/2900/2900 2920/2920/2920
f 2879/2879/2879 2880/2880/2880 2920/2920/2920
f 2860/2860/2860 2899/2899/2899 2919/2919/2919
f 2899/2899/2899 2879/2879/2879 2918/2918/2918
f 2898/2898/2898 2878/2878/2878 2917/2917/2917
f 2878/2878/2878 2897/2897/2897 2916/2916/2916
f 2897/2897/2897 2860/2860/2860 2916/2916/2916
f 2876/2876/2876 2895/2895/2895 2896/2896/2896
f 2915/2915/2915 2895/2895/2895 2828/2828/2828
f 2862/2862/2862 2894/2894/2894 2914/2914/2914
f 2894/2894/2894 2858/2858/2858 2913/2913/2913
f 2912/2912/2912 2858/2858/2858 2884/2884/2884
f 2857/2857/2857 2892/2892/2892 2893/2893/2893
f 2893/2893/2893 2873/2873/2873 2875/2875/2875
f 2871/2871/2871 2873/2873/2873 2911/2911/2911
f 2890/2890/2890 2856/2856/2856 2891/2891/2891
f 2854/2854/2854 2890/2890/2890 2874/2874/2874
f 2889/2889/2889 2904/2904/2904 2865/2865/2865
f 2853/2853/2853 2888/2888/2888 2889/2889/2889
f 2888/2888/2888 2852/2852/2852 2910/2910/2910
f 2887/2887/2887 2872/2872/2872 2909/2909/2909
f 2910/2910/2910 2852/2852/2852 2887/2887/2887
f 2909/2909/2909 2872/2872/2872 2886/2886/2886
f 2907/2907/2907 2885/2885/2885 2871/2871/2871
f 2886/2886/2886 2870/2870/2870 2908/2908/2908
f 2870/2870/2870 2885/2885/2885 2907/2907/2907
f 2867/2867/2867 2868/2868/2868 2905/2905/2905
f 2906/2906/2906 2884/2884/2884 2866/2866/2866
f 2866/2866/2866 2867/2867/2867 2905/2905/2905
f 2904/2904/2904 2864/2864/2864 2865/2865/2865
f 2903/2903/2903 2863/2863/2863 2883/2883/2883
f 2883/2883/2883 2827/2827/2827 2898/2898/2898
f 2901/2901/2901 2882/2882/2882 2824/2824/2824
f 2882/2882/2882 2902/2902/2902 2828/2828/2828
f 2826/2826/2826 2863/2863/2863 2881/2881/2881
f 2901/2901/2901 2824/2824/2824 2881/2881/2881
f 2900/2900/2900 2880/2880/2880 2862/2862/2862
f 2861/2861/2861 2880/2880/2880 2879/2879/2879
f 2860/2860/2860 2879/2879/2879 2899/2899/2899
f 2878/2878/2878 2898/2898/2898 2827/2827/2827
f 2897/2897/2897 2878/2878/2878 2842/2842/2842
f 2860/2860/2860 2897/2897/2897 2842/2842/2842
f 2876/2876/2876 2896/2896/2896 2841/2841/2841
f 2895/2895/2895 2876/2876/2876 2828/2828/2828
f 2858/2858/2858 2894/2894/2894 2862/2862/2862
f 2858/2858/2858 2869/2869/2869 2884/2884/2884
f 2875/2875/2875 2857/2857/2857 2893/2893/2893
f 2857/2857/2857 2874/2874/2874 2892/2892/2892
f 2873/2873/2873 2818/2818/2818 2875/2875/2875
f 2839/2839/2839 2873/2873/2873 2871/2871/2871
f 2891/2891/2891 2856/2856/2856 2855/2855/2855
f 2854/2854/2854 2856/2856/2856 2890/2890/2890
f 2835/2835/2835 2854/2854/2854 2874/2874/2874
f 2865/2865/2865 2853/2853/2853 2889/2889/2889
f 2853/2853/2853 2852/2852/2852 2888/2888/2888
f 2887/2887/2887 2852/2852/2852 2872/2872/2872
f 2872/2872/2872 2833/2833/2833 2886/2886/2886
f 2851/2851/2851 2871/2871/2871 2885/2885/2885
f 2833/2833/2833 2870/2870/2870 2886/2886/2886
f 2870/2870/2870 2851/2851/2851 2885/2885/2885
f 2884/2884/2884 2869/2869/2869 2812/2812/2812
f 2867/2867/2867 2831/2831/2831 2868/2868/2868
f 2812/2812/2812 2866/2866/2866 2884/2884/2884
f 2850/2850/2850 2867/2867/2867 2866/2866/2866
f 2864/2864/2864 2829/2829/2829 2865/2865/2865
f 2863/2863/2863 2827/2827/2827 2883/2883/2883
f 2826/2826/2826 2847/2847/2847 2863/2863/2863
f 2882/2882/2882 2828/2828/2828 2824/2824/2824
f 2881/2881/2881 2824/2824/2824 2826/2826/2826
f 2844/2844/2844 2862/2862/2862 2880/2880/2880
f 2861/2861/2861 2844/2844/2844 2880/2880/2880
f 2843/2843/2843 2861/2861/2861 2879/2879/2879
f 2879/2879/2879 2860/2860/2860 2843/2843/2843
f 2827/2827/2827 2842/2842/2842 2878/2878/2878
f 2860/2860/2860 2859/2859/2859 2822/2822/2822
f 2842/2842/2842 2859/2859/2859 2860/2860/2860
f 2828/2828/2828 2876/2876/2876 2841/2841/2841
f 2840/2840/2840 2858/2858/2858 2862/2862/2862
f 2802/2802/2802 2869/2869/2869 2858/2858/2858
f 2823/2823/2823 2840/2840/2840 2862/2862/2862
f 2857/2857/2857 2875/2875/2875 2818/2818/2818
f 2857/2857/2857 2835/2835/2835 2874/2874/2874
f 2839/2839/2839 2818/2818/2818 2873/2873/2873
f 2838/2838/2838 2839/2839/2839 2871/2871/2871
f 2837/2837/2837 2855/2855/2855 2856/2856/2856
f 2816/2816/2816 2856/2856/2856 2854/2854/2854
f 2836/2836/2836 2854/2854/2854 2835/2835/2835
f 2853/2853/2853 2865/2865/2865 2830/2830/2830
f 2853/2853/2853 2814/2814/2814 2852/2852/2852
f 2852/2852/2852 2833/2833/2833 2872/2872/2872
f 2834/2834/2834 2871/2871/2871 2851/2851/2851
f 2871/2871/2871 2834/2834/2834 2838/2838/2838
f 2851/2851/2851 2870/2870/2870 2833/2833/2833
f 2802/2802/2802 2812/2812/2812 2869/2869/2869
f 2831/2831/2831 2849/2849/2849 2868/2868/2868
f 2867/2867/2867 2850/2850/2850 2831/2831/2831
f 2866/2866/2866 2812/2812/2812 2850/2850/2850
f 2829/2829/2829 2830/2830/2830 2865/2865/2865
f 2848/2848/2848 2829/2829/2829 2864/2864/2864
f 2863/2863/2863 2847/2847/2847 2827/2827/2827
f 2847/2847/2847 2826/2826/2826 2825/2825/2825
f 2828/2828/2828 2846/2846/2846 2824/2824/2824
f 2824/2824/2824 2845/2845/2845 2826/2826/2826
f 2862/2862/2862 2844/2844/2844 2823/2823/2823
f 2805/2805/2805 2844/2844/2844 2861/2861/2861
f 2843/2843/2843 2805/2805/2805 2861/2861/2861
f 2822/2822/2822 2843/2843/2843 2860/2860/2860
f 2827/2827/2827 2786/2786/2786 2842/2842/2842
f 2842/2842/2842 2822/2822/2822 2859/2859/2859
f 2841/2841/2841 2820/2820/2820 2828/2828/2828
f 2858/2858/2858 2840/2840/2840 2802/2802/2802
f 2840/2840/2840 2823/2823/2823 2819/2819/2819
f 2818/2818/2818 2835/2835/2835 2857/2857/2857
f 2817/2817/2817 2818/2818/2818 2839/2839/2839
f 2801/2801/2801 2839/2839/2839 2838/2838/2838
f 2816/2816/2816 2837/2837/2837 2856/2856/2856
f 2739/2739/2739 2855/2855/2855 2837/2837/2837
f 2836/2836/2836 2816/2816/2816 2854/2854/2854
f 2815/2815/2815 2836/2836/2836 2835/2835/2835
f 2830/2830/2830 2814/2814/2814 2853/2853/2853
f 2852/2852/2852 2814/2814/2814 2833/2833/2833
f 2813/2813/2813 2834/2834/2834 2851/2851/2851
f 2797/2797/2797 2838/2838/2838 2834/2834/2834
f 2813/2813/2813 2851/2851/2851 2833/2833/2833
f 2832/2832/2832 2812/2812/2812 2802/2802/2802
f 2811/2811/2811 2849/2849/2849 2831/2831/2831
f 2850/2850/2850 2794/2794/2794 2831/2831/2831
f 2812/2812/2812 2794/2794/2794 2850/2850/2850
f 2849/2849/2849 2811/2811/2811 2810/2810/2810
f 2793/2793/2793 2830/2830/2830 2829/2829/2829
f 2848/2848/2848 2809/2809/2809 2829/2829/2829
f 2820/2820/2820 2808/2808/2808 2828/2828/2828
f 2828/2828/2828 2788/2788/2788 2846/2846/2846
f 2825/2825/2825 2807/2807/2807 2847/2847/2847
f 2847/2847/2847 2807/2807/2807 2827/2827/2827
f 2790/2790/2790 2786/2786/2786 2827/2827/2827
f 2826/2826/2826 2845/2845/2845 2789/2789/2789
f 2806/2806/2806 2825/2825/2825 2826/2826/2826
f 2824/2824/2824 2846/2846/2846 2788/2788/2788
f 2824/2824/2824 2789/2789/2789 2845/2845/2845
f 2805/2805/2805 2823/2823/2823 2844/2844/2844
f 2787/2787/2787 2819/2819/2819 2823/2823/2823
f 2804/2804/2804 2805/2805/2805 2843/2843/2843
f 2822/2822/2822 2804/2804/2804 2843/2843/2843
f 2786/2786/2786 2822/2822/2822 2842/2842/2842
f 2790/2790/2790 2821/2821/2821 2786/2786/2786
f 2841/2841/2841 2799/2799/2799 2820/2820/2820
f 2787/2787/2787 2803/2803/2803 2819/2819/2819
f 2819/2819/2819 2802/2802/2802 2840/2840/2840
f 2818/2818/2818 2781/2781/2781 2835/2835/2835
f 2801/2801/2801 2817/2817/2817 2839/2839/2839
f 2817/2817/2817 2784/2784/2784 2818/2818/2818
f 2797/2797/2797 2801/2801/2801 2838/2838/2838
f 2815/2815/2815 2800/2800/2800 2836/2836/2836
f 2837/2837/2837 2816/2816/2816 2739/2739/2739
f 2800/2800/2800 2816/2816/2816 2836/2836/2836
f 2781/2781/2781 2815/2815/2815 2835/2835/2835
f 2830/2830/2830 2798/2798/2798 2814/2814/2814
f 2814/2814/2814 2779/2779/2779 2833/2833/2833
f 2797/2797/2797 2834/2834/2834 2813/2813/2813
f 2833/2833/2833 2779/2779/2779 2813/2813/2813
f 2812/2812/2812 2832/2832/2832 2796/2796/2796
f 2802/2802/2802 2796/2796/2796 2832/2832/2832
f 2831/2831/2831 2794/2794/2794 2811/2811/2811
f 2795/2795/2795 2794/2794/2794 2812/2812/2812
f 2777/2777/2777 2810/2810/2810 2811/2811/2811
f 2793/2793/2793 2798/2798/2798 2830/2830/2830
f 2829/2829/2829 2809/2809/2809 2793/2793/2793
f 2820/2820/2820 2771/2771/2771 2808/2808/2808
f 2808/2808/2808 2788/2788/2788 2828/2828/2828
f 2807/2807/2807 2825/2825/2825 2768/2768/2768
f 2807/2807/2807 2790/2790/2790 2827/2827/2827
f 2790/2790/2790 2791/2791/2791 2821/2821/2821
f 2789/2789/2789 2806/2806/2806 2826/2826/2826
f 2825/2825/2825 2806/2806/2806 2768/2768/2768
f 2824/2824/2824 2788/2788/2788 2789/2789/2789
f 2787/2787/2787 2823/2823/2823 2805/2805/2805
f 2805/2805/2805 2804/2804/2804 2725/2725/2725
f 2786/2786/2786 2804/2804/2804 2822/2822/2822
f 2786/2786/2786 2821/2821/2821 2791/2791/2791
f 2799/2799/2799 2771/2771/2771 2820/2820/2820
f 2803/2803/2803 2764/2764/2764 2819/2819/2819
f 2787/2787/2787 2785/2785/2785 2803/2803/2803
f 2764/2764/2764 2802/2802/2802 2819/2819/2819
f 2784/2784/2784 2781/2781/2781 2818/2818/2818
f 2784/2784/2784 2817/2817/2817 2801/2801/2801
f 2797/2797/2797 2783/2783/2783 2801/2801/2801
f 2782/2782/2782 2800/2800/2800 2815/2815/2815
f 2800/2800/2800 2739/2739/2739 2816/2816/2816
f 2781/2781/2781 2782/2782/2782 2815/2815/2815
f 2798/2798/2798 2779/2779/2779 2814/2814/2814
f 2778/2778/2778 2797/2797/2797 2813/2813/2813
f 2813/2813/2813 2779/2779/2779 2778/2778/2778
f 2756/2756/2756 2783/2783/2783 2797/2797/2797
f 2812/2812/2812 2796/2796/2796 2755/2755/2755
f 2763/2763/2763 2796/2796/2796 2802/2802/2802
f 2755/2755/2755 2795/2795/2795 2812/2812/2812
f 2794/2794/2794 2777/2777/2777 2811/2811/2811
f 2795/2795/2795 2754/2754/2754 2794/2794/2794
f 2776/2776/2776 2810/2810/2810 2777/2777/2777
f 2775/2775/2775 2798/2798/2798 2793/2793/2793
f 2809/2809/2809 2773/2773/2773 2793/2793/2793
f 2809/2809/2809 2792/2792/2792 2773/2773/2773
f 2788/2788/2788 2808/2808/2808 2771/2771/2771
f 2768/2768/2768 2790/2790/2790 2807/2807/2807
f 2770/2770/2770 2791/2791/2791 2790/2790/2790
f 2789/2789/2789 2768/2768/2768 2806/2806/2806
f 2788/2788/2788 2748/2748/2748 2789/2789/2789
f 2767/2767/2767 2785/2785/2785 2787/2787/2787
f 2805/2805/2805 2725/2725/2725 2787/2787/2787
f 2786/2786/2786 2725/2725/2725 2804/2804/2804
f 2791/2791/2791 2766/2766/2766 2786/2786/2786
f 2727/2727/2727 2766/2766/2766 2791/2791/2791
f 2780/2780/2780 2765/2765/2765 2799/2799/2799
f 2799/2799/2799 2765/2765/2765 2771/2771/2771
f 2803/2803/2803 2785/2785/2785 2764/2764/2764
f 2763/2763/2763 2802/2802/2802 2764/2764/2764
f 2762/2762/2762 2781/2781/2781 2784/2784/2784
f 2761/2761/2761 2784/2784/2784 2801/2801/2801
f 2783/2783/2783 2761/2761/2761 2801/2801/2801
f 2772/2772/2772 2741/2741/2741 2783/2783/2783
f 2782/2782/2782 2759/2759/2759 2800/2800/2800
f 2800/2800/2800 2759/2759/2759 2739/2739/2739
f 2762/2762/2762 2758/2758/2758 2781/2781/2781
f 2720/2720/2720 2782/2782/2782 2781/2781/2781
f 2798/2798/2798 2757/2757/2757 2779/2779/2779
f 2775/2775/2775 2757/2757/2757 2798/2798/2798
f 2778/2778/2778 2756/2756/2756 2797/2797/2797
f 2779/2779/2779 2714/2714/2714 2778/2778/2778
f 2772/2772/2772 2783/2783/2783 2756/2756/2756
f 2763/2763/2763 2755/2755/2755 2796/2796/2796
f 2795/2795/2795 2755/2755/2755 2754/2754/2754
f 2794/2794/2794 2754/2754/2754 2777/2777/2777
f 2777/2777/2777 2711/2711/2711 2776/2776/2776
f 2752/2752/2752 2775/2775/2775 2793/2793/2793
f 2792/2792/2792 2774/2774/2774 2730/2730/2730
f 2793/2793/2793 2773/2773/2773 2752/2752/2752
f 2773/2773/2773 2792/2792/2792 2730/2730/2730
f 2772/2772/2772 2751/2751/2751 2740/2740/2740
f 2771/2771/2771 2750/2750/2750 2788/2788/2788
f 2750/2750/2750 2769/2769/2769 2788/2788/2788
f 2768/2768/2768 2749/2749/2749 2790/2790/2790
f 2791/2791/2791 2770/2770/2770 2727/2727/2727
f 2790/2790/2790 2749/2749/2749 2770/2770/2770
f 2748/2748/2748 2768/2768/2768 2789/2789/2789
f 2788/2788/2788 2769/2769/2769 2748/2748/2748
f 2767/2767/2767 2747/2747/2747 2785/2785/2785
f 2787/2787/2787 2725/2725/2725 2767/2767/2767
f 2786/2786/2786 2766/2766/2766 2725/2725/2725
f 2766/2766/2766 2727/2727/2727 2746/2746/2746
f 2785/2785/2785 2747/2747/2747 2684/2684/2684
f 2780/2780/2780 2745/2745/2745 2744/2744/2744
f 2780/2780/2780 2744/2744/2744 2765/2765/2765
f 2765/2765/2765 2724/2724/2724 2771/2771/2771
f 2785/2785/2785 2684/2684/2684 2764/2764/2764
f 2743/2743/2743 2763/2763/2763 2764/2764/2764
f 2742/2742/2742 2762/2762/2762 2784/2784/2784
f 2721/2721/2721 2758/2758/2758 2762/2762/2762
f 2761/2761/2761 2742/2742/2742 2784/2784/2784
f 2783/2783/2783 2741/2741/2741 2761/2761/2761
f 2772/2772/2772 2740/2740/2740 2741/2741/2741
f 2720/2720/2720 2759/2759/2759 2782/2782/2782
f 2759/2759/2759 2760/2760/2760 2739/2739/2739
f 2759/2759/2759 2719/2719/2719 2760/2760/2760
f 2721/2721/2721 2737/2737/2737 2758/2758/2758
f 2758/2758/2758 2720/2720/2720 2781/2781/2781
f 2736/2736/2736 2745/2745/2745 2780/2780/2780
f 2757/2757/2757 2714/2714/2714 2779/2779/2779
f 2775/2775/2775 2731/2731/2731 2757/2757/2757
f 2778/2778/2778 2714/2714/2714 2756/2756/2756
f 2756/2756/2756 2734/2734/2734 2772/2772/2772
f 2735/2735/2735 2772/2772/2772 2734/2734/2734
f 2735/2735/2735 2713/2713/2713 2772/2772/2772
f 2733/2733/2733 2755/2755/2755 2763/2763/2763
f 2755/2755/2755 2712/2712/2712 2754/2754/2754
f 2777/2777/2777 2754/2754/2754 2711/2711/2711
f 2753/2753/2753 2776/2776/2776 2711/2711/2711
f 2753/2753/2753 2732/2732/2732 2774/2774/2774
f 2775/2775/2775 2752/2752/2752 2731/2731/2731
f 2774/2774/2774 2732/2732/2732 2730/2730/2730
f 2773/2773/2773 2730/2730/2730 2752/2752/2752
f 2713/2713/2713 2751/2751/2751 2772/2772/2772
f 2751/2751/2751 2729/2729/2729 2740/2740/2740
f 2771/2771/2771 2724/2724/2724 2750/2750/2750
f 2769/2769/2769 2750/2750/2750 2689/2689/2689
f 2768/2768/2768 2728/2728/2728 2749/2749/2749
f 2770/2770/2770 2749/2749/2749 2727/2727/2727
f 2748/2748/2748 2726/2726/2726 2768/2768/2768
f 2769/2769/2769 2689/2689/2689 2748/2748/2748
f 2726/2726/2726 2728/2728/2728 2768/2768/2768
f 2767/2767/2767 2725/2725/2725 2747/2747/2747
f 2727/2727/2727 2687/2687/2687 2746/2746/2746
f 2766/2766/2766 2746/2746/2746 2725/2725/2725
f 2707/2707/2707 2684/2684/2684 2747/2747/2747
f 2745/2745/2745 2705/2705/2705 2744/2744/2744
f 2724/2724/2724 2765/2765/2765 2744/2744/2744
f 2763/2763/2763 2743/2743/2743 2723/2723/2723
f 2684/2684/2684 2743/2743/2743 2764/2764/2764
f 2723/2723/2723 2722/2722/2722 2763/2763/2763
f 2722/2722/2722 2733/2733/2733 2763/2763/2763
f 2721/2721/2721 2762/2762/2762 2742/2742/2742
f 2761/2761/2761 2701/2701/2701 2742/2742/2742
f 2761/2761/2761 2741/2741/2741 2701/2701/2701
f 2702/2702/2702 2741/2741/2741 2740/2740/2740
f 2720/2720/2720 2738/2738/2738 2759/2759/2759
f 2760/2760/2760 2719/2719/2719 2739/2739/2739
f 2738/2738/2738 2719/2719/2719 2759/2759/2759
f 2737/2737/2737 2697/2697/2697 2758/2758/2758
f 2721/2721/2721 2698/2698/2698 2737/2737/2737
f 2758/2758/2758 2697/2697/2697 2720/2720/2720
f 2736/2736/2736 2716/2716/2716 2745/2745/2745
f 2731/2731/2731 2714/2714/2714 2757/2757/2757
f 2714/2714/2714 2734/2734/2734 2756/2756/2756
f 2694/2694/2694 2735/2735/2735 2734/2734/2734
f 2735/2735/2735 2715/2715/2715 2713/2713/2713
f 2755/2755/2755 2733/2733/2733 2712/2712/2712
f 2711/2711/2711 2754/2754/2754 2712/2712/2712
f 2732/2732/2732 2753/2753/2753 2711/2711/2711
f 2710/2710/2710 2731/2731/2731 2752/2752/2752
f 2730/2730/2730 2732/2732/2732 2692/2692/2692
f 2752/2752/2752 2730/2730/2730 2710/2710/2710
f 2740/2740/2740 2729/2729/2729 2700/2700/2700
f 2691/2691/2691 2751/2751/2751 2713/2713/2713
f 2691/2691/2691 2729/2729/2729 2751/2751/2751
f 2724/2724/2724 2689/2689/2689 2750/2750/2750
f 2749/2749/2749 2728/2728/2728 2709/2709/2709
f 2709/2709/2709 2727/2727/2727 2749/2749/2749
f 2689/2689/2689 2726/2726/2726 2748/2748/2748
f 2726/2726/2726 2667/2667/2667 2728/2728/2728
f 2688/2688/2688 2687/2687/2687 2727/2727/2727
f 2707/2707/2707 2747/2747/2747 2725/2725/2725
f 2746/2746/2746 2687/2687/2687 2725/2725/2725
f 2707/2707/2707 2706/2706/2706 2684/2684/2684
f 2716/2716/2716 2705/2705/2705 2745/2745/2745
f 2724/2724/2724 2744/2744/2744 2705/2705/2705
f 2684/2684/2684 2723/2723/2723 2743/2743/2743
f 2722/2722/2722 2723/2723/2723 2704/2704/2704
f 2733/2733/2733 2722/2722/2722 2683/2683/2683
f 2742/2742/2742 2703/2703/2703 2721/2721/2721
f 2701/2701/2701 2703/2703/2703 2742/2742/2742
f 2702/2702/2702 2701/2701/2701 2741/2741/2741
f 2698/2698/2698 2721/2721/2721 2681/2681/2681
f 2740/2740/2740 2700/2700/2700 2702/2702/2702
f 2720/2720/2720 2678/2678/2678 2738/2738/2738
f 2719/2719/2719 2699/2699/2699 2739/2739/2739
f 2738/2738/2738 2678/2678/2678 2719/2719/2719
f 2698/2698/2698 2697/2697/2697 2737/2737/2737
f 2697/2697/2697 2696/2696/2696 2720/2720/2720
f 2736/2736/2736 2718/2718/2718 2676/2676/2676
f 2676/2676/2676 2717/2717/2717 2736/2736/2736
f 2717/2717/2717 2695/2695/2695 2736/2736/2736
f 2736/2736/2736 2695/2695/2695 2716/2716/2716
f 2694/2694/2694 2715/2715/2715 2735/2735/2735
f 2731/2731/2731 2670/2670/2670 2714/2714/2714
f 2694/2694/2694 2734/2734/2734 2714/2714/2714
f 2674/2674/2674 2713/2713/2713 2715/2715/2715
f 2683/2683/2683 2712/2712/2712 2733/2733/2733
f 2712/2712/2712 2693/2693/2693 2711/2711/2711
f 2732/2732/2732 2711/2711/2711 2692/2692/2692
f 2731/2731/2731 2710/2710/2710 2670/2670/2670
f 2692/2692/2692 2710/2710/2710 2730/2730/2730
f 2690/2690/2690 2700/2700/2700 2729/2729/2729
f 2673/2673/2673 2691/2691/2691 2713/2713/2713
f 2691/2691/2691 2690/2690/2690 2729/2729/2729
f 2689/2689/2689 2724/2724/2724 2685/2685/2685
f 2667/2667/2667 2709/2709/2709 2728/2728/2728
f 2727/2727/2727 2709/2709/2709 2688/2688/2688
f 2689/2689/2689 2667/2667/2667 2726/2726/2726
f 2708/2708/2708 2687/2687/2687 2688/2688/2688
f 2687/2687/2687 2707/2707/2707 2725/2725/2725
f 2707/2707/2707 2665/2665/2665 2706/2706/2706
f 2684/2684/2684 2706/2706/2706 2686/2686/2686
f 2716/2716/2716 2637/2637/2637 2705/2705/2705
f 2705/2705/2705 2685/2685/2685 2724/2724/2724
f 2684/2684/2684 2704/2704/2704 2723/2723/2723
f 2704/2704/2704 2683/2683/2683 2722/2722/2722
f 2686/2686/2686 2682/2682/2682 2684/2684/2684
f 2703/2703/2703 2681/2681/2681 2721/2721/2721
f 2658/2658/2658 2703/2703/2703 2701/2701/2701
f 2680/2680/2680 2701/2701/2701 2702/2702/2702
f 2681/2681/2681 2679/2679/2679 2698/2698/2698
f 2700/2700/2700 2659/2659/2659 2702/2702/2702
f 2720/2720/2720 2696/2696/2696 2678/2678/2678
f 2678/2678/2678 2699/2699/2699 2719/2719/2719
f 2677/2677/2677 2697/2697/2697 2698/2698/2698
f 2656/2656/2656 2696/2696/2696 2697/2697/2697
f 2676/2676/2676 2675/2675/2675 2717/2717/2717
f 2695/2695/2695 2717/2717/2717 2675/2675/2675
f 2695/2695/2695 2637/2637/2637 2716/2716/2716
f 2674/2674/2674 2715/2715/2715 2694/2694/2694
f 2670/2670/2670 2694/2694/2694 2714/2714/2714
f 2674/2674/2674 2673/2673/2673 2713/2713/2713
f 2683/2683/2683 2672/2672/2672 2712/2712/2712
f 2712/2712/2712 2672/2672/2672 2693/2693/2693
f 2711/2711/2711 2693/2693/2693 2671/2671/2671
f 2711/2711/2711 2671/2671/2671 2692/2692/2692
f 2710/2710/2710 2692/2692/2692 2670/2670/2670
f 2660/2660/2660 2700/2700/2700 2690/2690/2690
f 2669/2669/2669 2691/2691/2691 2673/2673/2673
f 2691/2691/2691 2650/2650/2650 2690/2690/2690
f 2685/2685/2685 2649/2649/2649 2689/2689/2689
f 2688/2688/2688 2630/2630/2630 2708/2708/2708
f 2667/2667/2667 2688/2688/2688 2709/2709/2709
f 2667/2667/2667 2689/2689/2689 2668/2668/2668
f 2687/2687/2687 2708/2708/2708 2630/2630/2630
f 2707/2707/2707 2687/2687/2687 2666/2666/2666
f 2707/2707/2707 2666/2666/2666 2665/2665/2665
f 2706/2706/2706 2665/2665/2665 2686/2686/2686
f 2637/2637/2637 2663/2663/2663 2705/2705/2705
f 2705/2705/2705 2663/2663/2663 2685/2685/2685
f 2649/2649/2649 2685/2685/2685 2648/2648/2648
f 2661/2661/2661 2704/2704/2704 2684/2684/2684
f 2683/2683/2683 2704/2704/2704 2661/2661/2661
f 2682/2682/2682 2686/2686/2686 2646/2646/2646
f 2682/2682/2682 2647/2647/2647 2684/2684/2684
f 2703/2703/2703 2658/2658/2658 2681/2681/2681
f 2659/2659/2659 2680/2680/2680 2702/2702/2702
f 2701/2701/2701 2680/2680/2680 2658/2658/2658
f 2698/2698/2698 2679/2679/2679 2642/2642/2642
f 2681/2681/2681 2644/2644/2644 2679/2679/2679
f 2657/2657/2657 2659/2659/2659 2700/2700/2700
f 2660/2660/2660 2657/2657/2657 2700/2700/2700
f 2696/2696/2696 2655/2655/2655 2678/2678/2678
f 2678/2678/2678 2640/2640/2640 2699/2699/2699
f 2698/2698/2698 2642/2642/2642 2677/2677/2677
f 2697/2697/2697 2677/2677/2677 2656/2656/2656
f 2656/2656/2656 2655/2655/2655 2696/2696/2696
f 2638/2638/2638 2675/2675/2675 2676/2676/2676
f 2675/2675/2675 2637/2637/2637 2695/2695/2695
f 2654/2654/2654 2674/2674/2674 2694/2694/2694
f 2654/2654/2654 2694/2694/2694 2670/2670/2670
f 2674/2674/2674 2636/2636/2636 2673/2673/2673
f 2673/2673/2673 2653/2653/2653 2669/2669/2669
f 2672/2672/2672 2683/2683/2683 2634/2634/2634
f 2693/2693/2693 2672/2672/2672 2633/2633/2633
f 2633/2633/2633 2671/2671/2671 2693/2693/2693
f 2692/2692/2692 2671/2671/2671 2652/2652/2652
f 2692/2692/2692 2652/2652/2652 2670/2670/2670
f 2651/2651/2651 2660/2660/2660 2690/2690/2690
f 2669/2669/2669 2650/2650/2650 2691/2691/2691
f 2653/2653/2653 2632/2632/2632 2669/2669/2669
f 2690/2690/2690 2650/2650/2650 2651/2651/2651
f 2649/2649/2649 2668/2668/2668 2689/2689/2689
f 2688/2688/2688 2667/2667/2667 2630/2630/2630
f 2668/2668/2668 2631/2631/2631 2667/2667/2667
f 2630/2630/2630 2666/2666/2666 2687/2687/2687
f 2666/2666/2666 2629/2629/2629 2665/2665/2665
f 2686/2686/2686 2665/2665/2665 2646/2646/2646
f 2637/2637/2637 2664/2664/2664 2663/2663/2663
f 2664/2664/2664 2627/2627/2627 2663/2663/2663
f 2663/2663/2663 2648/2648/2648 2685/2685/2685
f 2648/2648/2648 2662/2662/2662 2649/2649/2649
f 2647/2647/2647 2661/2661/2661 2684/2684/2684
f 2661/2661/2661 2634/2634/2634 2683/2683/2683
f 2646/2646/2646 2645/2645/2645 2682/2682/2682
f 2645/2645/2645 2647/2647/2647 2682/2682/2682
f 2681/2681/2681 2658/2658/2658 2644/2644/2644
f 2680/2680/2680 2659/2659/2659 2643/2643/2643
f 2680/2680/2680 2643/2643/2643 2658/2658/2658
f 2679/2679/2679 2644/2644/2644 2642/2642/2642
f 2659/2659/2659 2657/2657/2657 2621/2621/2621
f 2657/2657/2657 2660/2660/2660 2641/2641/2641
f 2655/2655/2655 2640/2640/2640 2678/2678/2678
f 2642/2642/2642 2639/2639/2639 2677/2677/2677
f 2639/2639/2639 2656/2656/2656 2677/2677/2677
f 2619/2619/2619 2655/2655/2655 2656/2656/2656
f 2638/2638/2638 2637/2637/2637 2675/2675/2675
f 2654/2654/2654 2636/2636/2636 2674/2674/2674
f 2670/2670/2670 2616/2616/2616 2654/2654/2654
f 2653/2653/2653 2673/2673/2673 2636/2636/2636
f 2634/2634/2634 2633/2633/2633 2672/2672/2672
f 2633/2633/2633 2652/2652/2652 2671/2671/2671
f 2670/2670/2670 2652/2652/2652 2616/2616/2616
f 2614/2614/2614 2660/2660/2660 2651/2651/2651
f 2653/2653/2653 2635/2635/2635 2632/2632/2632
f 2632/2632/2632 2650/2650/2650 2669/2669/2669
f 2613/2613/2613 2651/2651/2651 2650/2650/2650
f 2662/2662/2662 2596/2596/2596 2649/2649/2649
f 2631/2631/2631 2668/2668/2668 2649/2649/2649
f 2667/2667/2667 2631/2631/2631 2630/2630/2630
f 2630/2630/2630 2629/2629/2629 2666/2666/2666
f 2629/2629/2629 2628/2628/2628 2665/2665/2665
f 2665/2665/2665 2628/2628/2628 2646/2646/2646
f 2637/2637/2637 2627/2627/2627 2664/2664/2664
f 2627/2627/2627 2626/2626/2626 2663/2663/2663
f 2663/2663/2663 2626/2626/2626 2648/2648/2648
f 2648/2648/2648 2596/2596/2596 2662/2662/2662
f 2661/2661/2661 2647/2647/2647 2625/2625/2625
f 2625/2625/2625 2634/2634/2634 2661/2661/2661
f 2646/2646/2646 2624/2624/2624 2645/2645/2645
f 2645/2645/2645 2591/2591/2591 2647/2647/2647
f 2614/2614/2614 2641/2641/2641 2660/2660/2660
f 2658/2658/2658 2607/2607/2607 2644/2644/2644
f 2621/2621/2621 2643/2643/2643 2659/2659/2659
f 2658/2658/2658 2643/2643/2643 2607/2607/2607
f 2644/2644/2644 2622/2622/2622 2642/2642/2642
f 2657/2657/2657 2641/2641/2641 2621/2621/2621
f 2620/2620/2620 2640/2640/2640 2655/2655/2655
f 2639/2639/2639 2642/2642/2642 2604/2604/2604
f 2656/2656/2656 2639/2639/2639 2619/2619/2619
f 2619/2619/2619 2620/2620/2620 2655/2655/2655
f 2637/2637/2637 2638/2638/2638 2617/2617/2617
f 2636/2636/2636 2654/2654/2654 2616/2616/2616
f 2600/2600/2600 2653/2653/2653 2636/2636/2636
f 2635/2635/2635 2653/2653/2653 2600/2600/2600
f 2633/2633/2633 2634/2634/2634 2599/2599/2599
f 2633/2633/2633 2615/2615/2615 2652/2652/2652
f 2652/2652/2652 2615/2615/2615 2616/2616/2616
f 2651/2651/2651 2613/2613/2613 2614/2614/2614
f 2597/2597/2597 2632/2632/2632 2635/2635/2635
f 2632/2632/2632 2613/2613/2613 2650/2650/2650
f 2649/2649/2649 2596/2596/2596 2631/2631/2631
f 2630/2630/2630 2631/2631/2631 2595/2595/2595
f 2612/2612/2612 2611/2611/2611 2630/2630/2630
f 2611/2611/2611 2629/2629/2629 2630/2630/2630
f 2594/2594/2594 2628/2628/2628 2629/2629/2629
f 2646/2646/2646 2628/2628/2628 2610/2610/2610
f 2610/2610/2610 2608/2608/2608 2646/2646/2646
f 2637/2637/2637 2601/2601/2601 2627/2627/2627
f 2627/2627/2627 2592/2592/2592 2626/2626/2626
f 2626/2626/2626 2596/2596/2596 2648/2648/2648
f 2591/2591/2591 2625/2625/2625 2647/2647/2647
f 2634/2634/2634 2625/2625/2625 2609/2609/2609
f 2645/2645/2645 2624/2624/2624 2590/2590/2590
f 2608/2608/2608 2624/2624/2624 2646/2646/2646
f 2590/2590/2590 2623/2623/2623 2645/2645/2645
f 2623/2623/2623 2591/2591/2591 2645/2645/2645
f 2606/2606/2606 2641/2641/2641 2614/2614/2614
f 2607/2607/2607 2622/2622/2622 2644/2644/2644
f 2621/2621/2621 2607/2607/2607 2643/2643/2643
f 2642/2642/2642 2622/2622/2622 2604/2604/2604
f 2621/2621/2621 2641/2641/2641 2606/2606/2606
f 2620/2620/2620 2605/2605/2605 2640/2640/2640
f 2604/2604/2604 2619/2619/2619 2639/2639/2639
f 2585/2585/2585 2620/2620/2620 2619/2619/2619
f 2617/2617/2617 2602/2602/2602 2637/2637/2637
f 2602/2602/2602 2601/2601/2601 2637/2637/2637
f 2616/2616/2616 2600/2600/2600 2636/2636/2636
f 2597/2597/2597 2635/2635/2635 2600/2600/2600
f 2609/2609/2609 2599/2599/2599 2634/2634/2634
f 2599/2599/2599 2615/2615/2615 2633/2633/2633
f 2615/2615/2615 2564/2564/2564 2616/2616/2616
f 2580/2580/2580 2614/2614/2614 2613/2613/2613
f 2597/2597/2597 2613/2613/2613 2632/2632/2632
f 2596/2596/2596 2595/2595/2595 2631/2631/2631
f 2595/2595/2595 2612/2612/2612 2630/2630/2630
f 2611/2611/2611 2612/2612/2612 2560/2560/2560
f 2629/2629/2629 2611/2611/2611 2594/2594/2594
f 2594/2594/2594 2610/2610/2610 2628/2628/2628
f 2608/2608/2608 2610/2610/2610 2593/2593/2593
f 2601/2601/2601 2592/2592/2592 2627/2627/2627
f 2596/2596/2596 2626/2626/2626 2592/2592/2592
f 2591/2591/2591 2609/2609/2609 2625/2625/2625
f 2608/2608/2608 2590/2590/2590 2624/2624/2624
f 2590/2590/2590 2591/2591/2591 2623/2623/2623
f 2614/2614/2614 2598/2598/2598 2588/2588/2588
f 2614/2614/2614 2589/2589/2589 2606/2606/2606
f 2588/2588/2588 2589/2589/2589 2614/2614/2614
f 2607/2607/2607 2587/2587/2587 2622/2622/2622
f 2571/2571/2571 2607/2607/2607 2621/2621/2621
f 2587/2587/2587 2604/2604/2604 2622/2622/2622
f 2621/2621/2621 2606/2606/2606 2571/2571/2571
f 2569/2569/2569 2603/2603/2603 2605/2605/2605
f 2620/2620/2620 2585/2585/2585 2605/2605/2605
f 2619/2619/2619 2604/2604/2604 2585/2585/2585
f 2584/2584/2584 2618/2618/2618 2603/2603/2603
f 2551/2551/2551 2603/2603/2603 2569/2569/2569
f 2617/2617/2617 2567/2567/2567 2602/2602/2602
f 2602/2602/2602 2566/2566/2566 2601/2601/2601
f 2564/2564/2564 2600/2600/2600 2616/2616/2616
f 2600/2600/2600 2582/2582/2582 2597/2597/2597
f 2599/2599/2599 2609/2609/2609 2581/2581/2581
f 2599/2599/2599 2564/2564/2564 2615/2615/2615
f 2613/2613/2613 2579/2579/2579 2580/2580/2580
f 2598/2598/2598 2614/2614/2614 2580/2580/2580
f 2579/2579/2579 2613/2613/2613 2597/2597/2597
f 2577/2577/2577 2596/2596/2596 2578/2578/2578
f 2596/2596/2596 2577/2577/2577 2595/2595/2595
f 2595/2595/2595 2560/2560/2560 2612/2612/2612
f 2560/2560/2560 2594/2594/2594 2611/2611/2611
f 2576/2576/2576 2610/2610/2610 2594/2594/2594
f 2576/2576/2576 2593/2593/2593 2610/2610/2610
f 2593/2593/2593 2541/2541/2541 2608/2608/2608
f 2601/2601/2601 2565/2565/2565 2592/2592/2592
f 2592/2592/2592 2561/2561/2561 2596/2596/2596
f 2575/2575/2575 2581/2581/2581 2609/2609/2609
f 2591/2591/2591 2575/2575/2575 2609/2609/2609
f 2590/2590/2590 2608/2608/2608 2541/2541/2541
f 2574/2574/2574 2591/2591/2591 2590/2590/2590
f 2588/2588/2588 2598/2598/2598 2546/2546/2546
f 2589/2589/2589 2573/2573/2573 2606/2606/2606
f 2589/2589/2589 2588/2588/2588 2554/2554/2554
f 2573/2573/2573 2572/2572/2572 2606/2606/2606
f 2571/2571/2571 2587/2587/2587 2607/2607/2607
f 2552/2552/2552 2604/2604/2604 2587/2587/2587
f 2572/2572/2572 2571/2571/2571 2606/2606/2606
f 2569/2569/2569 2586/2586/2586 2551/2551/2551
f 2569/2569/2569 2605/2605/2605 2585/2585/2585
f 2604/2604/2604 2552/2552/2552 2585/2585/2585
f 2551/2551/2551 2584/2584/2584 2603/2603/2603
f 2570/2570/2570 2551/2551/2551 2586/2586/2586
f 2567/2567/2567 2583/2583/2583 2602/2602/2602
f 2583/2583/2583 2548/2548/2548 2602/2602/2602
f 2548/2548/2548 2566/2566/2566 2602/2602/2602
f 2566/2566/2566 2565/2565/2565 2601/2601/2601
f 2582/2582/2582 2600/2600/2600 2564/2564/2564
f 2543/2543/2543 2597/2597/2597 2582/2582/2582
f 2581/2581/2581 2564/2564/2564 2599/2599/2599
f 2563/2563/2563 2580/2580/2580 2579/2579/2579
f 2544/2544/2544 2598/2598/2598 2580/2580/2580
f 2546/2546/2546 2598/2598/2598 2544/2544/2544
f 2579/2579/2579 2562/2562/2562 2563/2563/2563
f 2579/2579/2579 2597/2597/2597 2543/2543/2543
f 2561/2561/2561 2578/2578/2578 2596/2596/2596
f 2578/2578/2578 2542/2542/2542 2577/2577/2577
f 2577/2577/2577 2560/2560/2560 2595/2595/2595
f 2560/2560/2560 2576/2576/2576 2594/2594/2594
f 2541/2541/2541 2593/2593/2593 2576/2576/2576
f 2565/2565/2565 2558/2558/2558 2592/2592/2592
f 2558/2558/2558 2561/2561/2561 2592/2592/2592
f 2574/2574/2574 2557/2557/2557 2591/2591/2591
f 2581/2581/2581 2575/2575/2575 2528/2528/2528
f 2556/2556/2556 2575/2575/2575 2591/2591/2591
f 2557/2557/2557 2556/2556/2556 2591/2591/2591
f 2541/2541/2541 2574/2574/2574 2590/2590/2590
f 2546/2546/2546 2555/2555/2555 2588/2588/2588
f 2554/2554/2554 2573/2573/2573 2589/2589/2589
f 2555/2555/2555 2554/2554/2554 2588/2588/2588
f 2553/2553/2553 2572/2572/2572 2573/2573/2573
f 2552/2552/2552 2587/2587/2587 2571/2571/2571
f 2571/2571/2571 2572/2572/2572 2536/2536/2536
f 2535/2535/2535 2570/2570/2570 2586/2586/2586
f 2586/2586/2586 2569/2569/2569 2535/2535/2535
f 2585/2585/2585 2552/2552/2552 2569/2569/2569
f 2568/2568/2568 2584/2584/2584 2551/2551/2551
f 2538/2538/2538 2551/2551/2551 2570/2570/2570
f 2567/2567/2567 2548/2548/2548 2583/2583/2583
f 2566/2566/2566 2548/2548/2548 2547/2547/2547
f 2565/2565/2565 2566/2566/2566 2530/2530/2530
f 2543/2543/2543 2582/2582/2582 2564/2564/2564
f 2564/2564/2564 2581/2581/2581 2528/2528/2528
f 2580/2580/2580 2563/2563/2563 2544/2544/2544
f 2545/2545/2545 2546/2546/2546 2544/2544/2544
f 2526/2526/2526 2563/2563/2563 2562/2562/2562
f 2543/2543/2543 2562/2562/2562 2579/2579/2579
f 2561/2561/2561 2542/2542/2542 2578/2578/2578
f 2542/2542/2542 2560/2560/2560 2577/2577/2577
f 2560/2560/2560 2514/2514/2514 2576/2576/2576
f 2514/2514/2514 2559/2559/2559 2576/2576/2576
f 2559/2559/2559 2541/2541/2541 2576/2576/2576
f 2565/2565/2565 2540/2540/2540 2558/2558/2558
f 2558/2558/2558 2525/2525/2525 2561/2561/2561
f 2557/2557/2557 2574/2574/2574 2524/2524/2524
f 2556/2556/2556 2528/2528/2528 2575/2575/2575
f 2557/2557/2557 2523/2523/2523 2556/2556/2556
f 2541/2541/2541 2524/2524/2524 2574/2574/2574
f 2539/2539/2539 2555/2555/2555 2546/2546/2546
f 2537/2537/2537 2553/2553/2553 2573/2573/2573
f 2554/2554/2554 2537/2537/2537 2573/2573/2573
f 2554/2554/2554 2555/2555/2555 2510/2510/2510
f 2553/2553/2553 2536/2536/2536 2572/2572/2572
f 2536/2536/2536 2552/2552/2552 2571/2571/2571
f 2570/2570/2570 2535/2535/2535 2538/2538/2538
f 2535/2535/2535 2569/2569/2569 2552/2552/2552
f 2518/2518/2518 2568/2568/2568 2551/2551/2551
f 2520/2520/2520 2551/2551/2551 2538/2538/2538
f 2550/2550/2550 2568/2568/2568 2518/2518/2518
f 2549/2549/2549 2517/2517/2517 2567/2567/2567
f 2533/2533/2533 2532/2532/2532 2549/2549/2549
f 2548/2548/2548 2567/2567/2567 2517/2517/2517
f 2531/2531/2531 2547/2547/2547 2548/2548/2548
f 2547/2547/2547 2530/2530/2530 2566/2566/2566
f 2530/2530/2530 2529/2529/2529 2565/2565/2565
f 2529/2529/2529 2540/2540/2540 2565/2565/2565
f 2528/2528/2528 2543/2543/2543 2564/2564/2564
f 2527/2527/2527 2546/2546/2546 2545/2545/2545
f 2544/2544/2544 2563/2563/2563 2526/2526/2526
f 2545/2545/2545 2544/2544/2544 2499/2499/2499
f 2526/2526/2526 2562/2562/2562 2543/2543/2543
f 2525/2525/2525 2542/2542/2542 2561/2561/2561
f 2542/2542/2542 2514/2514/2514 2560/2560/2560
f 2541/2541/2541 2559/2559/2559 2514/2514/2514
f 2540/2540/2540 2525/2525/2525 2558/2558/2558
f 2524/2524/2524 2523/2523/2523 2557/2557/2557
f 2523/2523/2523 2528/2528/2528 2556/2556/2556
f 2511/2511/2511 2524/2524/2524 2541/2541/2541
f 2555/2555/2555 2539/2539/2539 2510/2510/2510
f 2546/2546/2546 2515/2515/2515 2539/2539/2539
f 2553/2553/2553 2537/2537/2537 2508/2508/2508
f 2510/2510/2510 2537/2537/2537 2554/2554/2554
f 2508/2508/2508 2536/2536/2536 2553/2553/2553
f 2552/2552/2552 2536/2536/2536 2521/2521/2521
f 2538/2538/2538 2535/2535/2535 2493/2493/2493
f 2552/2552/2552 2521/2521/2521 2535/2535/2535
f 2538/2538/2538 2522/2522/2522 2520/2520/2520
f 2550/2550/2550 2534/2534/2534 2519/2519/2519
f 2551/2551/2551 2520/2520/2520 2518/2518/2518
f 2534/2534/2534 2550/2550/2550 2518/2518/2518
f 2533/2533/2533 2479/2479/2479 2532/2532/2532
f 2532/2532/2532 2517/2517/2517 2549/2549/2549
f 2517/2517/2517 2531/2531/2531 2548/2548/2548
f 2531/2531/2531 2504/2504/2504 2547/2547/2547
f 2530/2530/2530 2547/2547/2547 2504/2504/2504
f 2529/2529/2529 2530/2530/2530 2503/2503/2503
f 2529/2529/2529 2497/2497/2497 2540/2540/2540
f 2546/2546/2546 2527/2527/2527 2515/2515/2515
f 2501/2501/2501 2543/2543/2543 2528/2528/2528
f 2499/2499/2499 2527/2527/2527 2545/2545/2545
f 2526/2526/2526 2499/2499/2499 2544/2544/2544
f 2543/2543/2543 2501/2501/2501 2526/2526/2526
f 2525/2525/2525 2514/2514/2514 2542/2542/2542
f 2514/2514/2514 2511/2511/2511 2541/2541/2541
f 2525/2525/2525 2540/2540/2540 2497/2497/2497
f 2523/2523/2523 2524/2524/2524 2496/2496/2496
f 2528/2528/2528 2523/2523/2523 2512/2512/2512
f 2511/2511/2511 2513/2513/2513 2524/2524/2524
f 2515/2515/2515 2510/2510/2510 2539/2539/2539
f 2522/2522/2522 2538/2538/2538 2493/2493/2493
f 2510/2510/2510 2508/2508/2508 2537/2537/2537
f 2508/2508/2508 2521/2521/2521 2536/2536/2536
f 2493/2493/2493 2535/2535/2535 2521/2521/2521
f 2522/2522/2522 2507/2507/2507 2520/2520/2520
f 2534/2534/2534 2506/2506/2506 2519/2519/2519
f 2481/2481/2481 2518/2518/2518 2520/2520/2520
f 2506/2506/2506 2534/2534/2534 2518/2518/2518
f 2517/2517/2517 2532/2532/2532 2479/2479/2479
f 2531/2531/2531 2517/2517/2517 2505/2505/2505
f 2505/2505/2505 2516/2516/2516 2531/2531/2531
f 2516/2516/2516 2504/2504/2504 2531/2531/2531
f 2504/2504/2504 2503/2503/2503 2530/2530/2530
f 2503/2503/2503 2497/2497/2497 2529/2529/2529
f 2515/2515/2515 2489/2489/2489 2509/2509/2509
f 2500/2500/2500 2515/2515/2515 2527/2527/2527
f 2512/2512/2512 2501/2501/2501 2528/2528/2528
f 2500/2500/2500 2527/2527/2527 2499/2499/2499
f 2501/2501/2501 2499/2499/2499 2526/2526/2526
f 2525/2525/2525 2498/2498/2498 2514/2514/2514
f 2487/2487/2487 2511/2511/2511 2514/2514/2514
f 2497/2497/2497 2498/2498/2498 2525/2525/2525
f 2513/2513/2513 2496/2496/2496 2524/2524/2524
f 2496/2496/2496 2512/2512/2512 2523/2523/2523
f 2511/2511/2511 2472/2472/2472 2513/2513/2513
f 2494/2494/2494 2510/2510/2510 2515/2515/2515
f 2515/2515/2515 2509/2509/2509 2494/2494/2494
f 2507/2507/2507 2522/2522/2522 2493/2493/2493
f 2470/2470/2470 2508/2508/2508 2510/2510/2510
f 2521/2521/2521 2508/2508/2508 2493/2493/2493
f 2507/2507/2507 2481/2481/2481 2520/2520/2520
f 2480/2480/2480 2519/2519/2519 2506/2506/2506
f 2518/2518/2518 2481/2481/2481 2506/2506/2506
f 2479/2479/2479 2505/2505/2505 2517/2517/2517
f 2505/2505/2505 2478/2478/2478 2516/2516/2516
f 2504/2504/2504 2516/2516/2516 2478/2478/2478
f 2503/2503/2503 2504/2504/2504 2464/2464/2464
f 2503/2503/2503 2490/2490/2490 2497/2497/2497
f 2497/2497/2497 2490/2490/2490 2502/2502/2502
f 2489/2489/2489 2484/2484/2484 2509/2509/2509
f 2489/2489/2489 2515/2515/2515 2500/2500/2500
f 2485/2485/2485 2501/2501/2501 2512/2512/2512
f 2499/2499/2499 2488/2488/2488 2500/2500/2500
f 2475/2475/2475 2499/2499/2499 2501/2501/2501
f 2498/2498/2498 2487/2487/2487 2514/2514/2514
f 2487/2487/2487 2495/2495/2495 2511/2511/2511
f 2502/2502/2502 2486/2486/2486 2497/2497/2497
f 2497/2497/2497 2461/2461/2461 2498/2498/2498
f 2513/2513/2513 2472/2472/2472 2496/2496/2496
f 2512/2512/2512 2496/2496/2496 2485/2485/2485
f 2495/2495/2495 2472/2472/2472 2511/2511/2511
f 2510/2510/2510 2494/2494/2494 2470/2470/2470
f 2509/2509/2509 2484/2484/2484 2494/2494/2494
f 2492/2492/2492 2507/2507/2507 2483/2483/2483
f 2493/2493/2493 2483/2483/2483 2507/2507/2507
f 2508/2508/2508 2470/2470/2470 2493/2493/2493
f 2492/2492/2492 2481/2481/2481 2507/2507/2507
f 2482/2482/2482 2468/2468/2468 2492/2492/2492
f 2480/2480/2480 2506/2506/2506 2481/2481/2481
f 2479/2479/2479 2478/2478/2478 2505/2505/2505
f 2504/2504/2504 2478/2478/2478 2464/2464/2464
f 2490/2490/2490 2503/2503/2503 2464/2464/2464
f 2477/2477/2477 2502/2502/2502 2490/2490/2490
f 2477/2477/2477 2486/2486/2486 2502/2502/2502
f 2476/2476/2476 2484/2484/2484 2489/2489/2489
f 2463/2463/2463 2489/2489/2489 2500/2500/2500
f 2501/2501/2501 2485/2485/2485 2475/2475/2475
f 2488/2488/2488 2463/2463/2463 2500/2500/2500
f 2499/2499/2499 2475/2475/2475 2488/2488/2488
f 2473/2473/2473 2474/2474/2474 2495/2495/2495
f 2487/2487/2487 2498/2498/2498 2461/2461/2461
f 2473/2473/2473 2495/2495/2495 2487/2487/2487
f 2486/2486/2486 2461/2461/2461 2497/2497/2497
f 2472/2472/2472 2485/2485/2485 2496/2496/2496
f 2495/2495/2495 2474/2474/2474 2472/2472/2472
f 2471/2471/2471 2484/2484/2484 2476/2476/2476
f 2484/2484/2484 2470/2470/2470 2494/2494/2494
f 2458/2458/2458 2492/2492/2492 2483/2483/2483
f 2483/2483/2483 2493/2493/2493 2470/2470/2470
f 2482/2482/2482 2492/2492/2492 2458/2458/2458
f 2468/2468/2468 2481/2481/2481 2492/2492/2492
f 2469/2469/2469 2468/2468/2468 2482/2482/2482
f 2481/2481/2481 2456/2456/2456 2480/2480/2480
f 2467/2467/2467 2466/2466/2466 2479/2479/2479
f 2478/2478/2478 2479/2479/2479 2466/2466/2466
f 2465/2465/2465 2464/2464/2464 2478/2478/2478
f 2464/2464/2464 2477/2477/2477 2490/2490/2490
f 2477/2477/2477 2444/2444/2444 2486/2486/2486
f 2476/2476/2476 2489/2489/2489 2463/2463/2463
f 2460/2460/2460 2475/2475/2475 2485/2485/2485
f 2475/2475/2475 2463/2463/2463 2488/2488/2488
f 2473/2473/2473 2462/2462/2462 2474/2474/2474
f 2461/2461/2461 2473/2473/2473 2487/2487/2487
f 2461/2461/2461 2486/2486/2486 2444/2444/2444
f 2485/2485/2485 2472/2472/2472 2460/2460/2460
f 2472/2472/2472 2474/2474/2474 2450/2450/2450
f 2452/2452/2452 2471/2471/2471 2476/2476/2476
f 2471/2471/2471 2459/2459/2459 2484/2484/2484
f 2484/2484/2484 2459/2459/2459 2470/2470/2470
f 2458/2458/2458 2483/2483/2483 2470/2470/2470
f 2458/2458/2458 2469/2469/2469 2482/2482/2482
f 2468/2468/2468 2456/2456/2456 2481/2481/2481
f 2469/2469/2469 2437/2437/2437 2468/2468/2468
f 2480/2480/2480 2456/2456/2456 2457/2457/2457
f 2467/2467/2467 2446/2446/2446 2466/2466/2466
f 2466/2466/2466 2455/2455/2455 2478/2478/2478
f 2455/2455/2455 2465/2465/2465 2478/2478/2478
f 2465/2465/2465 2445/2445/2445 2464/2464/2464
f 2453/2453/2453 2477/2477/2477 2464/2464/2464
f 2453/2453/2453 2444/2444/2444 2477/2477/2477
f 2463/2463/2463 2452/2452/2452 2476/2476/2476
f 2475/2475/2475 2460/2460/2460 2451/2451/2451
f 2451/2451/2451 2463/2463/2463 2475/2475/2475
f 2440/2440/2440 2462/2462/2462 2473/2473/2473
f 2462/2462/2462 2450/2450/2450 2474/2474/2474
f 2461/2461/2461 2440/2440/2440 2473/2473/2473
f 2444/2444/2444 2441/2441/2441 2461/2461/2461
f 2450/2450/2450 2460/2460/2460 2472/2472/2472
f 2471/2471/2471 2452/2452/2452 2438/2438/2438
f 2438/2438/2438 2459/2459/2459 2471/2471/2471
f 2459/2459/2459 2449/2449/2449 2470/2470/2470
f 2449/2449/2449 2458/2458/2458 2470/2470/2470
f 2437/2437/2437 2469/2469/2469 2458/2458/2458
f 2437/2437/2437 2456/2456/2456 2468/2468/2468
f 2456/2456/2456 2447/2447/2447 2457/2457/2457
f 2446/2446/2446 2455/2455/2455 2466/2466/2466
f 2455/2455/2455 2445/2445/2445 2465/2465/2465
f 2445/2445/2445 2453/2453/2453 2464/2464/2464
f 2454/2454/2454 2444/2444/2444 2453/2453/2453
f 2434/2434/2434 2454/2454/2454 2453/2453/2453
f 2452/2452/2452 2463/2463/2463 2432/2432/2432
f 2439/2439/2439 2451/2451/2451 2460/2460/2460
f 2432/2432/2432 2463/2463/2463 2451/2451/2451
f 2443/2443/2443 2441/2441/2441 2444/2444/2444
f 2440/2440/2440 2450/2450/2450 2462/2462/2462
f 2441/2441/2441 2440/2440/2440 2461/2461/2461
f 2460/2460/2460 2450/2450/2450 2439/2439/2439
f 2442/2442/2442 2438/2438/2438 2452/2452/2452
f 2438/2438/2438 2449/2449/2449 2459/2459/2459
f 2449/2449/2449 2420/2420/2420 2458/2458/2458
f 2448/2448/2448 2458/2458/2458 2420/2420/2420
f 2448/2448/2448 2437/2437/2437 2458/2458/2458
f 2436/2436/2436 2456/2456/2456 2437/2437/2437
f 2447/2447/2447 2427/2427/2427 2457/2457/2457
f 2456/2456/2456 2436/2436/2436 2447/2447/2447
f 2446/2446/2446 2435/2435/2435 2455/2455/2455
f 2445/2445/2445 2455/2455/2455 2435/2435/2435
f 2453/2453/2453 2445/2445/2445 2425/2425/2425
f 2444/2444/2444 2454/2454/2454 2434/2434/2434
f 2425/2425/2425 2434/2434/2434 2453/2453/2453
f 2423/2423/2423 2443/2443/2443 2444/2444/2444
f 2442/2442/2442 2452/2452/2452 2432/2432/2432
f 2451/2451/2451 2439/2439/2439 2432/2432/2432
f 2433/2433/2433 2431/2431/2431 2443/2443/2443
f 2443/2443/2443 2431/2431/2431 2441/2441/2441
f 2450/2450/2450 2440/2440/2440 2430/2430/2430
f 2441/2441/2441 2421/2421/2421 2440/2440/2440
f 2430/2430/2430 2439/2439/2439 2450/2450/2450
f 2429/2429/2429 2438/2438/2438 2442/2442/2442
f 2438/2438/2438 2420/2420/2420 2449/2449/2449
f 2420/2420/2420 2428/2428/2428 2448/2448/2448
f 2428/2428/2428 2437/2437/2437 2448/2448/2448
f 2408/2408/2408 2436/2436/2436 2437/2437/2437
f 2447/2447/2447 2436/2436/2436 2427/2427/2427
f 2426/2426/2426 2435/2435/2435 2446/2446/2446
f 2435/2435/2435 2425/2425/2425 2445/2445/2445
f 2434/2434/2434 2423/2423/2423 2444/2444/2444
f 2425/2425/2425 2413/2413/2413 2434/2434/2434
f 2423/2423/2423 2433/2433/2433 2443/2443/2443
f 2422/2422/2422 2429/2429/2429 2442/2442/2442
f 2442/2442/2442 2432/2432/2432 2422/2422/2422
f 2403/2403/2403 2432/2432/2432 2439/2439/2439
f 2433/2433/2433 2411/2411/2411 2431/2431/2431
f 2431/2431/2431 2421/2421/2421 2441/2441/2441
f 2421/2421/2421 2430/2430/2430 2440/2440/2440
f 2439/2439/2439 2430/2430/2430 2403/2403/2403
f 2438/2438/2438 2429/2429/2429 2420/2420/2420
f 2420/2420/2420 2419/2419/2419 2417/2417/2417
f 2417/2417/2417 2428/2428/2428 2420/2420/2420
f 2428/2428/2428 2408/2408/2408 2437/2437/2437
f 2418/2418/2418 2427/2427/2427 2416/2416/2416
f 2408/2408/2408 2427/2427/2427 2436/2436/2436
f 2415/2415/2415 2414/2414/2414 2426/2426/2426
f 2426/2426/2426 2406/2406/2406 2435/2435/2435
f 2435/2435/2435 2406/2406/2406 2425/2425/2425
f 2405/2405/2405 2424/2424/2424 2425/2425/2425
f 2413/2413/2413 2423/2423/2423 2434/2434/2434
f 2424/2424/2424 2413/2413/2413 2425/2425/2425
f 2433/2433/2433 2423/2423/2423 2412/2412/2412
f 2412/2412/2412 2411/2411/2411 2433/2433/2433
f 2410/2410/2410 2429/2429/2429 2422/2422/2422
f 2432/2432/2432 2403/2403/2403 2422/2422/2422
f 2421/2421/2421 2431/2431/2431 2411/2411/2411
f 2430/2430/2430 2421/2421/2421 2403/2403/2403
f 2410/2410/2410 2420/2420/2420 2429/2429/2429
f 2401/2401/2401 2419/2419/2419 2420/2420/2420
f 2419/2419/2419 2400/2400/2400 2417/2417/2417
f 2428/2428/2428 2417/2417/2417 2408/2408/2408
f 2398/2398/2398 2418/2418/2418 2416/2416/2416
f 2416/2416/2416 2427/2427/2427 2408/2408/2408
f 2415/2415/2415 2397/2397/2397 2414/2414/2414
f 2406/2406/2406 2426/2426/2426 2414/2414/2414
f 2406/2406/2406 2405/2405/2405 2425/2425/2425
f 2405/2405/2405 2404/2404/2404 2424/2424/2424
f 2423/2423/2423 2413/2413/2413 2396/2396/2396
f 2413/2413/2413 2424/2424/2424 2404/2404/2404
f 2396/2396/2396 2412/2412/2412 2423/2423/2423
f 2411/2411/2411 2412/2412/2412 2395/2395/2395
f 2422/2422/2422 2403/2403/2403 2410/2410/2410
f 2411/2411/2411 2403/2403/2403 2421/2421/2421
f 2401/2401/2401 2420/2420/2420 2410/2410/2410
f 2401/2401/2401 2400/2400/2400 2419/2419/2419
f 2417/2417/2417 2409/2409/2409 2383/2383/2383
f 2417/2417/2417 2400/2400/2400 2409/2409/2409
f 2399/2399/2399 2418/2418/2418 2398/2398/2398
f 2383/2383/2383 2408/2408/2408 2417/2417/2417
f 2398/2398/2398 2416/2416/2416 2408/2408/2408
f 2407/2407/2407 2397/2397/2397 2415/2415/2415
f 2406/2406/2406 2414/2414/2414 2397/2397/2397
f 2388/2388/2388 2405/2405/2405 2406/2406/2406
f 2404/2404/2404 2405/2405/2405 2387/2387/2387
f 2404/2404/2404 2396/2396/2396 2413/2413/2413
f 2396/2396/2396 2395/2395/2395 2412/2412/2412
f 2395/2395/2395 2394/2394/2394 2411/2411/2411
f 2403/2403/2403 2385/2385/2385 2410/2410/2410
f 2403/2403/2403 2411/2411/2411 2394/2394/2394
f 2402/2402/2402 2410/2410/2410 2385/2385/2385
f 2410/2410/2410 2402/2402/2402 2384/2384/2384
f 2384/2384/2384 2401/2401/2401 2410/2410/2410
f 2401/2401/2401 2392/2392/2392 2400/2400/2400
f 2391/2391/2391 2400/2400/2400 2392/2392/2392
f 2409/2409/2409 2400/2400/2400 2383/2383/2383
f 2398/2398/2398 2390/2390/2390 2399/2399/2399
f 2408/2408/2408 2383/2383/2383 2398/2398/2398
f 2397/2397/2397 2407/2407/2407 2382/2382/2382
f 2397/2397/2397 2388/2388/2388 2406/2406/2406
f 2405/2405/2405 2388/2388/2388 2387/2387/2387
f 2387/2387/2387 2379/2379/2379 2404/2404/2404
f 2404/2404/2404 2379/2379/2379 2396/2396/2396
f 2396/2396/2396 2386/2386/2386 2395/2395/2395
f 2394/2394/2394 2395/2395/2395 2370/2370/2370
f 2394/2394/2394 2385/2385/2385 2403/2403/2403
f 2385/2385/2385 2393/2393/2393 2402/2402/2402
f 2402/2402/2402 2393/2393/2393 2384/2384/2384
f 2384/2384/2384 2392/2392/2392 2401/2401/2401
f 2375/2375/2375 2391/2391/2391 2392/2392/2392
f 2400/2400/2400 2391/2391/2391 2383/2383/2383
f 2364/2364/2364 2399/2399/2399 2390/2390/2390
f 2390/2390/2390 2398/2398/2398 2383/2383/2383
f 2382/2382/2382 2388/2388/2388 2397/2397/2397
f 2387/2387/2387 2388/2388/2388 2381/2381/2381
f 2372/2372/2372 2380/2380/2380 2387/2387/2387
f 2380/2380/2380 2379/2379/2379 2387/2387/2387
f 2379/2379/2379 2386/2386/2386 2396/2396/2396
f 2386/2386/2386 2370/2370/2370 2395/2395/2395
f 2370/2370/2370 2385/2385/2385 2394/2394/2394
f 2393/2393/2393 2385/2385/2385 2378/2378/2378
f 2393/2393/2393 2378/2378/2378 2384/2384/2384
f 2377/2377/2377 2392/2392/2392 2384/2384/2384
f 2392/2392/2392 2377/2377/2377 2376/2376/2376
f 2376/2376/2376 2375/2375/2375 2392/2392/2392
f 2391/2391/2391 2375/2375/2375 2383/2383/2383
f 2364/2364/2364 2390/2390/2390 2383/2383/2383
f 2389/2389/2389 2374/2374/2374 2373/2373/2373
f 2382/2382/2382 2367/2367/2367 2388/2388/2388
f 2367/2367/2367 2381/2381/2381 2388/2388/2388
f 2381/2381/2381 2372/2372/2372 2387/2387/2387
f 2380/2380/2380 2372/2372/2372 2371/2371/2371
f 2379/2379/2379 2380/2380/2380 2360/2360/2360
f 2379/2379/2379 2370/2370/2370 2386/2386/2386
f 2385/2385/2385 2370/2370/2370 2378/2378/2378
f 2369/2369/2369 2384/2384/2384 2378/2378/2378
f 2384/2384/2384 2369/2369/2369 2377/2377/2377
f 2365/2365/2365 2376/2376/2376 2377/2377/2377
f 2375/2375/2375 2376/2376/2376 2363/2363/2363
f 2383/2383/2383 2375/2375/2375 2364/2364/2364
f 2374/2374/2374 2361/2361/2361 2373/2373/2373
f 2373/2373/2373 2367/2367/2367 2382/2382/2382
f 2367/2367/2367 2372/2372/2372 2381/2381/2381
f 2355/2355/2355 2371/2371/2371 2372/2372/2372
f 2371/2371/2371 2360/2360/2360 2380/2380/2380
f 2370/2370/2370 2379/2379/2379 2360/2360/2360
f 2378/2378/2378 2370/2370/2370 2359/2359/2359
f 2359/2359/2359 2369/2369/2369 2378/2378/2378
f 2377/2377/2377 2369/2369/2369 2365/2365/2365
f 2365/2365/2365 2363/2363/2363 2376/2376/2376
f 2363/2363/2363 2364/2364/2364 2375/2375/2375
f 2361/2361/2361 2374/2374/2374 2368/2368/2368
f 2367/2367/2367 2373/2373/2373 2361/2361/2361
f 2372/2372/2372 2367/2367/2367 2355/2355/2355
f 2366/2366/2366 2350/2350/2350 2368/2368/2368
f 2356/2356/2356 2366/2366/2366 2368/2368/2368
f 2360/2360/2360 2371/2371/2371 2355/2355/2355
f 2360/2360/2360 2359/2359/2359 2370/2370/2370
f 2359/2359/2359 2358/2358/2358 2369/2369/2369
f 2358/2358/2358 2365/2365/2365 2369/2369/2369
f 2363/2363/2363 2365/2365/2365 2348/2348/2348
f 2357/2357/2357 2364/2364/2364 2363/2363/2363
f 2361/2361/2361 2368/2368/2368 2350/2350/2350
f 2361/2361/2361 2355/2355/2355 2367/2367/2367
f 2366/2366/2366 2356/2356/2356 2350/2350/2350
f 2355/2355/2355 2354/2354/2354 2360/2360/2360
f 2359/2359/2359 2360/2360/2360 2344/2344/2344
f 2353/2353/2353 2358/2358/2358 2359/2359/2359
f 2365/2365/2365 2358/2358/2358 2348/2348/2348
f 2357/2357/2357 2352/2352/2352 2364/2364/2364
f 2348/2348/2348 2357/2357/2357 2363/2363/2363
f 2362/2362/2362 2347/2347/2347 2356/2356/2356
f 2355/2355/2355 2361/2361/2361 2350/2350/2350
f 2350/2350/2350 2356/2356/2356 2351/2351/2351
f 2354/2354/2354 2355/2355/2355 2349/2349/2349
f 2354/2354/2354 2344/2344/2344 2360/2360/2360
f 2344/2344/2344 2353/2353/2353 2359/2359/2359
f 2353/2353/2353 2348/2348/2348 2358/2358/2358
f 2357/2357/2357 2348/2348/2348 2352/2352/2352
f 2347/2347/2347 2351/2351/2351 2356/2356/2356
f 2350/2350/2350 2346/2346/2346 2355/2355/2355
f 2351/2351/2351 2342/2342/2342 2350/2350/2350
f 2346/2346/2346 2349/2349/2349 2355/2355/2355
f 2349/2349/2349 2344/2344/2344 2354/2354/2354
f 2344/2344/2344 2348/2348/2348 2353/2353/2353
f 2345/2345/2345 2352/2352/2352 2348/2348/2348
f 2342/2342/2342 2351/2351/2351 2347/2347/2347
f 2350/2350/2350 2342/2342/2342 2346/2346/2346
f 2346/2346/2346 2344/2344/2344 2349/2349/2349
f 2344/2344/2344 2345/2345/2345 2348/2348/2348
f 2347/2347/2347 2343/2343/2343 2342/2342/2342
f 2342/2342/2342 2344/2344/2344 2346/2346/2346
f 2339/2339/2339 2345/2345/2345 2344/2344/2344
f 2343/2343/2343 2340/2340/2340 2342/2342/2342
f 2342/2342/2342 2339/2339/2339 2344/2344/2344
f 2343/2343/2343 2341/2341/2341 2340/2340/2340
f 2340/2340/2340 2339/2339/2339 2342/2342/2342
f 2339/2339/2339 2340/2340/2340 2341/2341/2341
f 2338/2338/2338 1268/1268/1268 1262/1262/1262
f 1268/1268/1268 2337/2337/2337 1262/1262/1262
f 1268/1268/1268 1267/1267/1267 2337/2337/2337
f 2336/2336/2336 2327/2327/2327 2335/2335/2335
f 2332/2332/2332 2335/2335/2335 2334/2334/2334
f 2328/2328/2328 2327/2327/2327 2336/2336/2336
f 2334/2334/2334 2335/2335/2335 2327/2327/2327
f 2332/2332/2332 2334/2334/2334 2323/2323/2323
f 2333/2333/2333 2332/2332/2332 2326/2326/2326
f 2328/2328/2328 2315/2315/2315 2327/2327/2327
f 2327/2327/2327 2323/2323/2323 2334/2334/2334
f 2333/2333/2333 2326/2326/2326 2324/2324/2324
f 2323/2323/2323 2326/2326/2326 2332/2332/2332
f 2322/2322/2322 2331/2331/2331 2320/2320/2320
f 2320/2320/2320 2331/2331/2331 2319/2319/2319
f 2319/2319/2319 2330/2330/2330 2318/2318/2318
f 2318/2318/2318 2330/2330/2330 2325/2325/2325
f 2317/2317/2317 2329/2329/2329 2321/2321/2321
f 2329/2329/2329 2317/2317/2317 2325/2325/2325
f 2316/2316/2316 2315/2315/2315 2328/2328/2328
f 2315/2315/2315 2323/2323/2323 2327/2327/2327
f 2314/2314/2314 2220/2220/2220 2324/2324/2324
f 2324/2324/2324 2326/2326/2326 2313/2313/2313
f 2326/2326/2326 2323/2323/2323 2313/2313/2313
f 2321/2321/2321 2312/2312/2312 2309/2309/2309
f 2320/2320/2320 2311/2311/2311 2322/2322/2322
f 2319/2319/2319 2297/2297/2297 2320/2320/2320
f 2319/2319/2319 2318/2318/2318 2310/2310/2310
f 2325/2325/2325 2296/2296/2296 2318/2318/2318
f 2321/2321/2321 2309/2309/2309 2317/2317/2317
f 2317/2317/2317 2296/2296/2296 2325/2325/2325
f 2302/2302/2302 2315/2315/2315 2316/2316/2316
f 2315/2315/2315 2301/2301/2301 2323/2323/2323
f 2307/2307/2307 2314/2314/2314 2324/2324/2324
f 2324/2324/2324 2313/2313/2313 2307/2307/2307
f 2313/2313/2313 2323/2323/2323 2301/2301/2301
f 2292/2292/2292 2322/2322/2322 2311/2311/2311
f 2312/2312/2312 2321/2321/2321 2306/2306/2306
f 2312/2312/2312 2298/2298/2298 2309/2309/2309
f 2311/2311/2311 2320/2320/2320 2297/2297/2297
f 2310/2310/2310 2297/2297/2297 2319/2319/2319
f 2318/2318/2318 2296/2296/2296 2310/2310/2310
f 2317/2317/2317 2309/2309/2309 2296/2296/2296
f 2302/2302/2302 2316/2316/2316 2308/2308/2308
f 2302/2302/2302 2301/2301/2301 2315/2315/2315
f 2314/2314/2314 2307/2307/2307 2273/2273/2273
f 2313/2313/2313 2301/2301/2301 2307/2307/2307
f 2311/2311/2311 2300/2300/2300 2292/2292/2292
f 2299/2299/2299 2312/2312/2312 2306/2306/2306
f 2305/2305/2305 2309/2309/2309 2298/2298/2298
f 2312/2312/2312 2299/2299/2299 2298/2298/2298
f 2300/2300/2300 2311/2311/2311 2297/2297/2297
f 2310/2310/2310 2296/2296/2296 2297/2297/2297
f 2309/2309/2309 2305/2305/2305 2296/2296/2296
f 2308/2308/2308 2304/2304/2304 2284/2284/2284
f 2284/2284/2284 2302/2302/2302 2308/2308/2308
f 2302/2302/2302 2293/2293/2293 2301/2301/2301
f 2273/2273/2273 2307/2307/2307 2301/2301/2301
f 2282/2282/2282 2292/2292/2292 2300/2300/2300
f 2306/2306/2306 2291/2291/2291 2299/2299/2299
f 2290/2290/2290 2305/2305/2305 2298/2298/2298
f 2281/2281/2281 2298/2298/2298 2299/2299/2299
f 2289/2289/2289 2300/2300/2300 2297/2297/2297
f 2296/2296/2296 2280/2280/2280 2297/2297/2297
f 2290/2290/2290 2296/2296/2296 2305/2305/2305
f 2289/2289/2289 2288/2288/2288 2300/2300/2300
f 2286/2286/2286 2295/2295/2295 2303/2303/2303
f 2304/2304/2304 2295/2295/2295 2278/2278/2278
f 2304/2304/2304 2278/2278/2278 2284/2284/2284
f 2303/2303/2303 2294/2294/2294 2287/2287/2287
f 2286/2286/2286 2303/2303/2303 2287/2287/2287
f 2284/2284/2284 2293/2293/2293 2302/2302/2302
f 2293/2293/2293 2273/2273/2273 2301/2301/2301
f 2300/2300/2300 2288/2288/2288 2282/2282/2282
f 2292/2292/2292 2282/2282/2282 2283/2283/2283
f 2291/2291/2291 2281/2281/2281 2299/2299/2299
f 2281/2281/2281 2290/2290/2290 2298/2298/2298
f 2289/2289/2289 2297/2297/2297 2280/2280/2280
f 2280/2280/2280 2296/2296/2296 2290/2290/2290
f 2288/2288/2288 2289/2289/2289 2279/2279/2279
f 2295/2295/2295 2286/2286/2286 2278/2278/2278
f 2284/2284/2284 2278/2278/2278 2277/2277/2277
f 2287/2287/2287 2294/2294/2294 2276/2276/2276
f 2253/2253/2253 2286/2286/2286 2287/2287/2287
f 2285/2285/2285 2274/2274/2274 2294/2294/2294
f 2294/2294/2294 2275/2275/2275 2276/2276/2276
f 2294/2294/2294 2274/2274/2274 2275/2275/2275
f 2284/2284/2284 2273/2273/2273 2293/2293/2293
f 2277/2277/2277 2262/2262/2262 2284/2284/2284
f 2283/2283/2283 2272/2272/2272 2292/2292/2292
f 2268/2268/2268 2271/2271/2271 2288/2288/2288
f 2288/2288/2288 2271/2271/2271 2282/2282/2282
f 2282/2282/2282 2247/2247/2247 2283/2283/2283
f 2291/2291/2291 2259/2259/2259 2281/2281/2281
f 2258/2258/2258 2290/2290/2290 2281/2281/2281
f 2280/2280/2280 2269/2269/2269 2289/2289/2289
f 2258/2258/2258 2280/2280/2280 2290/2290/2290
f 2288/2288/2288 2279/2279/2279 2270/2270/2270
f 2269/2269/2269 2279/2279/2279 2289/2289/2289
f 2270/2270/2270 2268/2268/2268 2288/2288/2288
f 2278/2278/2278 2286/2286/2286 2267/2267/2267
f 2255/2255/2255 2277/2277/2277 2278/2278/2278
f 2253/2253/2253 2287/2287/2287 2276/2276/2276
f 2286/2286/2286 2253/2253/2253 2267/2267/2267
f 2266/2266/2266 2276/2276/2276 2264/2264/2264
f 2274/2274/2274 2285/2285/2285 2265/2265/2265
f 2276/2276/2276 2275/2275/2275 2264/2264/2264
f 2250/2250/2250 2275/2275/2275 2274/2274/2274
f 2262/2262/2262 2277/2277/2277 2263/2263/2263
f 2284/2284/2284 2262/2262/2262 2273/2273/2273
f 2247/2247/2247 2272/2272/2272 2283/2283/2283
f 2246/2246/2246 2271/2271/2271 2268/2268/2268
f 2282/2282/2282 2271/2271/2271 2247/2247/2247
f 2259/2259/2259 2260/2260/2260 2281/2281/2281
f 2281/2281/2281 2260/2260/2260 2258/2258/2258
f 2269/2269/2269 2280/2280/2280 2258/2258/2258
f 2270/2270/2270 2279/2279/2279 2257/2257/2257
f 2269/2269/2269 2257/2257/2257 2279/2279/2279
f 2268/2268/2268 2270/2270/2270 2241/2241/2241
f 2256/2256/2256 2246/2246/2246 2268/2268/2268
f 2278/2278/2278 2267/2267/2267 2255/2255/2255
f 2263/2263/2263 2277/2277/2277 2255/2255/2255
f 2253/2253/2253 2276/2276/2276 2266/2266/2266
f 2267/2267/2267 2253/2253/2253 2254/2254/2254
f 2252/2252/2252 2266/2266/2266 2264/2264/2264
f 2274/2274/2274 2265/2265/2265 2251/2251/2251
f 2250/2250/2250 2264/2264/2264 2275/2275/2275
f 2274/2274/2274 2251/2251/2251 2250/2250/2250
f 2249/2249/2249 2262/2262/2262 2263/2263/2263
f 2262/2262/2262 2235/2235/2235 2273/2273/2273
f 2272/2272/2272 2247/2247/2247 2261/2261/2261
f 2271/2271/2271 2246/2246/2246 2247/2247/2247
f 2245/2245/2245 2246/2246/2246 2256/2256/2256
f 2259/2259/2259 2244/2244/2244 2260/2260/2260
f 2229/2229/2229 2258/2258/2258 2260/2260/2260
f 2258/2258/2258 2242/2242/2242 2269/2269/2269
f 2241/2241/2241 2270/2270/2270 2243/2243/2243
f 2257/2257/2257 2243/2243/2243 2270/2270/2270
f 2242/2242/2242 2257/2257/2257 2269/2269/2269
f 2241/2241/2241 2256/2256/2256 2268/2268/2268
f 2226/2226/2226 2255/2255/2255 2267/2267/2267
f 2240/2240/2240 2263/2263/2263 2255/2255/2255
f 2236/2236/2236 2263/2263/2263 2240/2240/2240
f 2267/2267/2267 2254/2254/2254 2226/2226/2226
f 2239/2239/2239 2253/2253/2253 2266/2266/2266
f 2225/2225/2225 2254/2254/2254 2253/2253/2253
f 2237/2237/2237 2252/2252/2252 2264/2264/2264
f 2266/2266/2266 2252/2252/2252 2239/2239/2239
f 2238/2238/2238 2251/2251/2251 2265/2265/2265
f 2264/2264/2264 2250/2250/2250 2237/2237/2237
f 2210/2210/2210 2250/2250/2250 2251/2251/2251
f 2263/2263/2263 2236/2236/2236 2249/2249/2249
f 2249/2249/2249 2235/2235/2235 2262/2262/2262
f 2248/2248/2248 2261/2261/2261 2205/2205/2205
f 2206/2206/2206 2234/2234/2234 2248/2248/2248
f 2205/2205/2205 2261/2261/2261 2247/2247/2247
f 2246/2246/2246 2232/2232/2232 2247/2247/2247
f 2231/2231/2231 2246/2246/2246 2245/2245/2245
f 2256/2256/2256 2230/2230/2230 2245/2245/2245
f 2244/2244/2244 2229/2229/2229 2260/2260/2260
f 2259/2259/2259 2217/2217/2217 2244/2244/2244
f 2242/2242/2242 2258/2258/2258 2229/2229/2229
f 2243/2243/2243 2228/2228/2228 2241/2241/2241
f 2257/2257/2257 2214/2214/2214 2243/2243/2243
f 2257/2257/2257 2242/2242/2242 2214/2214/2214
f 2256/2256/2256 2241/2241/2241 2227/2227/2227
f 2227/2227/2227 2230/2230/2230 2256/2256/2256
f 2255/2255/2255 2226/2226/2226 2240/2240/2240
f 2213/2213/2213 2236/2236/2236 2240/2240/2240
f 2254/2254/2254 2225/2225/2225 2226/2226/2226
f 2253/2253/2253 2239/2239/2239 2225/2225/2225
f 2252/2252/2252 2237/2237/2237 2224/2224/2224
f 2224/2224/2224 2239/2239/2239 2252/2252/2252
f 2251/2251/2251 2238/2238/2238 2210/2210/2210
f 2210/2210/2210 2237/2237/2237 2250/2250/2250
f 2236/2236/2236 2208/2208/2208 2249/2249/2249
f 2208/2208/2208 2235/2235/2235 2249/2249/2249
f 2219/2219/2219 2234/2234/2234 2206/2206/2206
f 2205/2205/2205 2233/2233/2233 2248/2248/2248
f 2206/2206/2206 2248/2248/2248 2233/2233/2233
f 2232/2232/2232 2205/2205/2205 2247/2247/2247
f 2204/2204/2204 2232/2232/2232 2246/2246/2246
f 2231/2231/2231 2245/2245/2245 2218/2218/2218
f 2246/2246/2246 2231/2231/2231 2204/2204/2204
f 2230/2230/2230 2218/2218/2218 2245/2245/2245
f 2217/2217/2217 2229/2229/2229 2244/2244/2244
f 2229/2229/2229 2216/2216/2216 2242/2242/2242
f 2241/2241/2241 2228/2228/2228 2200/2200/2200
f 2215/2215/2215 2228/2228/2228 2243/2243/2243
f 2214/2214/2214 2215/2215/2215 2243/2243/2243
f 2214/2214/2214 2242/2242/2242 2216/2216/2216
f 2227/2227/2227 2241/2241/2241 2200/2200/2200
f 2227/2227/2227 2189/2189/2189 2230/2230/2230
f 2213/2213/2213 2240/2240/2240 2226/2226/2226
f 2212/2212/2212 2236/2236/2236 2213/2213/2213
f 2226/2226/2226 2225/2225/2225 2199/2199/2199
f 2197/2197/2197 2225/2225/2225 2239/2239/2239
f 2211/2211/2211 2224/2224/2224 2237/2237/2237
f 2239/2239/2239 2224/2224/2224 2197/2197/2197
f 2238/2238/2238 2223/2223/2223 2210/2210/2210
f 2237/2237/2237 2210/2210/2210 2211/2211/2211
f 2196/2196/2196 2223/2223/2223 2222/2222/2222
f 2222/2222/2222 2223/2223/2223 2209/2209/2209
f 2212/2212/2212 2208/2208/2208 2236/2236/2236
f 2221/2221/2221 2235/2235/2235 2208/2208/2208
f 2221/2221/2221 2194/2194/2194 2220/2220/2220
f 2219/2219/2219 2176/2176/2176 2234/2234/2234
f 2206/2206/2206 2207/2207/2207 2219/2219/2219
f 2205/2205/2205 2206/2206/2206 2233/2233/2233
f 2232/2232/2232 2204/2204/2204 2205/2205/2205
f 2231/2231/2231 2218/2218/2218 2204/2204/2204
f 2230/2230/2230 2189/2189/2189 2218/2218/2218
f 2187/2187/2187 2229/2229/2229 2217/2217/2217
f 2217/2217/2217 2203/2203/2203 2202/2202/2202
f 2187/2187/2187 2216/2216/2216 2229/2229/2229
f 2228/2228/2228 2215/2215/2215 2200/2200/2200
f 2201/2201/2201 2215/2215/2215 2214/2214/2214
f 2216/2216/2216 2185/2185/2185 2214/2214/2214
f 2227/2227/2227 2200/2200/2200 2189/2189/2189
f 2226/2226/2226 2198/2198/2198 2213/2213/2213
f 2226/2226/2226 2199/2199/2199 2198/2198/2198
f 2212/2212/2212 2213/2213/2213 2183/2183/2183
f 2199/2199/2199 2225/2225/2225 2197/2197/2197
f 2224/2224/2224 2211/2211/2211 2197/2197/2197
f 2210/2210/2210 2223/2223/2223 2196/2196/2196
f 2166/2166/2166 2211/2211/2211 2210/2210/2210
f 2196/2196/2196 2222/2222/2222 2209/2209/2209
f 2212/2212/2212 2180/2180/2180 2208/2208/2208
f 2208/2208/2208 2195/2195/2195 2221/2221/2221
f 2195/2195/2195 2194/2194/2194 2221/2221/2221
f 2194/2194/2194 2177/2177/2177 2220/2220/2220
f 2207/2207/2207 2176/2176/2176 2219/2219/2219
f 2206/2206/2206 2192/2192/2192 2207/2207/2207
f 2175/2175/2175 2206/2206/2206 2205/2205/2205
f 2193/2193/2193 2205/2205/2205 2204/2204/2204
f 2190/2190/2190 2204/2204/2204 2218/2218/2218
f 2218/2218/2218 2191/2191/2191 2190/2190/2190
f 2191/2191/2191 2218/2218/2218 2189/2189/2189
f 2217/2217/2217 2202/2202/2202 2187/2187/2187
f 2158/2158/2158 2202/2202/2202 2203/2203/2203
f 2185/2185/2185 2216/2216/2216 2187/2187/2187
f 2215/2215/2215 2186/2186/2186 2200/2200/2200
f 2186/2186/2186 2215/2215/2215 2201/2201/2201
f 2185/2185/2185 2201/2201/2201 2214/2214/2214
f 2189/2189/2189 2200/2200/2200 2184/2184/2184
f 2213/2213/2213 2198/2198/2198 2183/2183/2183
f 2198/2198/2198 2199/2199/2199 2169/2169/2169
f 2183/2183/2183 2180/2180/2180 2212/2212/2212
f 2199/2199/2199 2197/2197/2197 2167/2167/2167
f 2211/2211/2211 2166/2166/2166 2197/2197/2197
f 2210/2210/2210 2196/2196/2196 2166/2166/2166
f 2182/2182/2182 2196/2196/2196 2209/2209/2209
f 2180/2180/2180 2179/2179/2179 2208/2208/2208
f 2208/2208/2208 2179/2179/2179 2195/2195/2195
f 2165/2165/2165 2194/2194/2194 2195/2195/2195
f 2177/2177/2177 2194/2194/2194 2178/2178/2178
f 2192/2192/2192 2176/2176/2176 2207/2207/2207
f 2192/2192/2192 2206/2206/2206 2175/2175/2175
f 2205/2205/2205 2193/2193/2193 2175/2175/2175
f 2162/2162/2162 2193/2193/2193 2204/2204/2204
f 2204/2204/2204 2190/2190/2190 2162/2162/2162
f 2191/2191/2191 2160/2160/2160 2190/2190/2190
f 2189/2189/2189 2174/2174/2174 2191/2191/2191
f 2184/2184/2184 2159/2159/2159 2189/2189/2189
f 2158/2158/2158 2203/2203/2203 2188/2188/2188
f 2158/2158/2158 2187/2187/2187 2202/2202/2202
f 2156/2156/2156 2185/2185/2185 2187/2187/2187
f 2186/2186/2186 2170/2170/2170 2200/2200/2200
f 2201/2201/2201 2171/2171/2171 2186/2186/2186
f 2171/2171/2171 2201/2201/2201 2185/2185/2185
f 2200/2200/2200 2170/2170/2170 2184/2184/2184
f 2169/2169/2169 2199/2199/2199 2167/2167/2167
f 2183/2183/2183 2198/2198/2198 2169/2169/2169
f 2168/2168/2168 2180/2180/2180 2183/2183/2183
f 2197/2197/2197 2181/2181/2181 2167/2167/2167
f 2197/2197/2197 2166/2166/2166 2181/2181/2181
f 2196/2196/2196 2182/2182/2182 2166/2166/2166
f 2180/2180/2180 2148/2148/2148 2179/2179/2179
f 2165/2165/2165 2195/2195/2195 2179/2179/2179
f 2165/2165/2165 2178/2178/2178 2194/2194/2194
f 2178/2178/2178 2147/2147/2147 2177/2177/2177
f 2192/2192/2192 2145/2145/2145 2176/2176/2176
f 2143/2143/2143 2192/2192/2192 2175/2175/2175
f 2193/2193/2193 2162/2162/2162 2175/2175/2175
f 2190/2190/2190 2161/2161/2161 2162/2162/2162
f 2143/2143/2143 2145/2145/2145 2192/2192/2192
f 2160/2160/2160 2191/2191/2191 2174/2174/2174
f 2160/2160/2160 2161/2161/2161 2190/2190/2190
f 2189/2189/2189 2159/2159/2159 2174/2174/2174
f 2184/2184/2184 2154/2154/2154 2159/2159/2159
f 2188/2188/2188 2173/2173/2173 2158/2158/2158
f 2156/2156/2156 2187/2187/2187 2158/2158/2158
f 2172/2172/2172 2185/2185/2185 2156/2156/2156
f 2185/2185/2185 2172/2172/2172 2136/2136/2136
f 2155/2155/2155 2170/2170/2170 2186/2186/2186
f 2171/2171/2171 2155/2155/2155 2186/2186/2186
f 2185/2185/2185 2136/2136/2136 2171/2171/2171
f 2170/2170/2170 2154/2154/2154 2184/2184/2184
f 2153/2153/2153 2180/2180/2180 2168/2168/2168
f 2152/2152/2152 2169/2169/2169 2167/2167/2167
f 2134/2134/2134 2183/2183/2183 2169/2169/2169
f 2168/2168/2168 2183/2183/2183 2134/2134/2134
f 2167/2167/2167 2181/2181/2181 2151/2151/2151
f 2181/2181/2181 2150/2150/2150 2151/2151/2151
f 2166/2166/2166 2149/2149/2149 2181/2181/2181
f 2166/2166/2166 2182/2182/2182 2114/2114/2114
f 2181/2181/2181 2149/2149/2149 2150/2150/2150
f 2153/2153/2153 2148/2148/2148 2180/2180/2180
f 2148/2148/2148 2165/2165/2165 2179/2179/2179
f 2147/2147/2147 2178/2178/2178 2165/2165/2165
f 2147/2147/2147 2164/2164/2164 2177/2177/2177
f 2130/2130/2130 2177/2177/2177 2164/2164/2164
f 2176/2176/2176 2145/2145/2145 2163/2163/2163
f 2142/2142/2142 2143/2143/2143 2175/2175/2175
f 2142/2142/2142 2175/2175/2175 2162/2162/2162
f 2161/2161/2161 2127/2127/2127 2162/2162/2162
f 2141/2141/2141 2145/2145/2145 2143/2143/2143
f 2160/2160/2160 2174/2174/2174 2121/2121/2121
f 2161/2161/2161 2160/2160/2160 2122/2122/2122
f 2159/2159/2159 2121/2121/2121 2174/2174/2174
f 2159/2159/2159 2154/2154/2154 2124/2124/2124
f 2100/2100/2100 2158/2158/2158 2173/2173/2173
f 2173/2173/2173 2157/2157/2157 2100/2100/2100
f 2119/2119/2119 2156/2156/2156 2158/2158/2158
f 2136/2136/2136 2172/2172/2172 2156/2156/2156
f 2099/2099/2099 2170/2170/2170 2155/2155/2155
f 2155/2155/2155 2171/2171/2171 2136/2136/2136
f 2154/2154/2154 2170/2170/2170 2099/2099/2099
f 2153/2153/2153 2168/2168/2168 2135/2135/2135
f 2152/2152/2152 2167/2167/2167 2115/2115/2115
f 2152/2152/2152 2134/2134/2134 2169/2169/2169
f 2168/2168/2168 2134/2134/2134 2135/2135/2135
f 2115/2115/2115 2167/2167/2167 2151/2151/2151
f 2151/2151/2151 2150/2150/2150 2133/2133/2133
f 2166/2166/2166 2114/2114/2114 2149/2149/2149
f 2094/2094/2094 2150/2150/2150 2149/2149/2149
f 2153/2153/2153 2116/2116/2116 2131/2131/2131
f 2131/2131/2131 2148/2148/2148 2153/2153/2153
f 2092/2092/2092 2165/2165/2165 2148/2148/2148
f 2147/2147/2147 2165/2165/2165 2092/2092/2092
f 2147/2147/2147 2130/2130/2130 2164/2164/2164
f 2129/2129/2129 2144/2144/2144 2163/2163/2163
f 2129/2129/2129 2163/2163/2163 2145/2145/2145
f 2145/2145/2145 2141/2141/2141 2110/2110/2110
f 2142/2142/2142 2128/2128/2128 2143/2143/2143
f 2127/2127/2127 2142/2142/2142 2162/2162/2162
f 2161/2161/2161 2140/2140/2140 2127/2127/2127
f 2125/2125/2125 2110/2110/2110 2141/2141/2141
f 2105/2105/2105 2141/2141/2141 2143/2143/2143
f 2124/2124/2124 2139/2139/2139 2159/2159/2159
f 2122/2122/2122 2140/2140/2140 2161/2161/2161
f 2140/2140/2140 2102/2102/2102 2107/2107/2107
f 2122/2122/2122 2160/2160/2160 2121/2121/2121
f 2139/2139/2139 2121/2121/2121 2159/2159/2159
f 2154/2154/2154 2120/2120/2120 2124/2124/2124
f 2158/2158/2158 2138/2138/2138 2119/2119/2119
f 2158/2158/2158 2100/2100/2100 2138/2138/2138
f 2157/2157/2157 2137/2137/2137 2100/2100/2100
f 2156/2156/2156 2119/2119/2119 2136/2136/2136
f 2136/2136/2136 2099/2099/2099 2155/2155/2155
f 2120/2120/2120 2154/2154/2154 2099/2099/2099
f 2135/2135/2135 2116/2116/2116 2153/2153/2153
f 2152/2152/2152 2115/2115/2115 2134/2134/2134
f 2134/2134/2134 2096/2096/2096 2135/2135/2135
f 2151/2151/2151 2133/2133/2133 2115/2115/2115
f 2150/2150/2150 2094/2094/2094 2133/2133/2133
f 2132/2132/2132 2149/2149/2149 2114/2114/2114
f 2149/2149/2149 2132/2132/2132 2094/2094/2094
f 2113/2113/2113 2131/2131/2131 2116/2116/2116
f 2092/2092/2092 2148/2148/2148 2131/2131/2131
f 2113/2113/2113 2112/2112/2112 2131/2131/2131
f 2092/2092/2092 2130/2130/2130 2147/2147/2147
f 2146/2146/2146 2130/2130/2130 2111/2111/2111
f 2091/2091/2091 2144/2144/2144 2129/2129/2129
f 2145/2145/2145 2110/2110/2110 2129/2129/2129
f 2126/2126/2126 2110/2110/2110 2125/2125/2125
f 2144/2144/2144 2091/2091/2091 2109/2109/2109
f 2102/2102/2102 2104/2104/2104 2108/2108/2108
f 2142/2142/2142 2087/2087/2087 2128/2128/2128
f 2128/2128/2128 2105/2105/2105 2143/2143/2143
f 2087/2087/2087 2142/2142/2142 2127/2127/2127
f 2140/2140/2140 2107/2107/2107 2127/2127/2127
f 2107/2107/2107 2102/2102/2102 2108/2108/2108
f 2086/2086/2086 2126/2126/2126 2125/2125/2125
f 2125/2125/2125 2141/2141/2141 2105/2105/2105
f 2124/2124/2124 2084/2084/2084 2139/2139/2139
f 2102/2102/2102 2103/2103/2103 2104/2104/2104
f 2122/2122/2122 2102/2102/2102 2140/2140/2140
f 2122/2122/2122 2121/2121/2121 2085/2085/2085
f 2139/2139/2139 2084/2084/2084 2121/2121/2121
f 2120/2120/2120 2101/2101/2101 2124/2124/2124
f 2100/2100/2100 2119/2119/2119 2138/2138/2138
f 2117/2117/2117 2100/2100/2100 2137/2137/2137
f 2119/2119/2119 2099/2099/2099 2136/2136/2136
f 2099/2099/2099 2118/2118/2118 2120/2120/2120
f 2064/2064/2064 2120/2120/2120 2118/2118/2118
f 2116/2116/2116 2135/2135/2135 2097/2097/2097
f 2135/2135/2135 2096/2096/2096 2097/2097/2097
f 2096/2096/2096 2134/2134/2134 2115/2115/2115
f 2115/2115/2115 2133/2133/2133 2095/2095/2095
f 2133/2133/2133 2094/2094/2094 2095/2095/2095
f 2132/2132/2132 2114/2114/2114 2093/2093/2093
f 2094/2094/2094 2132/2132/2132 2093/2093/2093
f 2116/2116/2116 2079/2079/2079 2113/2113/2113
f 2076/2076/2076 2112/2112/2112 2113/2113/2113
f 2131/2131/2131 2112/2112/2112 2092/2092/2092
f 2092/2092/2092 2111/2111/2111 2130/2130/2130
f 2106/2106/2106 2073/2073/2073 2126/2126/2126
f 2091/2091/2091 2129/2129/2129 2110/2110/2110
f 2073/2073/2073 2110/2110/2110 2126/2126/2126
f 2050/2050/2050 2109/2109/2109 2091/2091/2091
f 2104/2104/2104 2123/2123/2123 2088/2088/2088
f 2108/2108/2108 2104/2104/2104 2070/2070/2070
f 2087/2087/2087 2105/2105/2105 2128/2128/2128
f 2127/2127/2127 2107/2107/2107 2087/2087/2087
f 2107/2107/2107 2108/2108/2108 2069/2069/2069
f 2106/2106/2106 2126/2126/2126 2086/2086/2086
f 2105/2105/2105 2086/2086/2086 2125/2125/2125
f 2124/2124/2124 2101/2101/2101 2084/2084/2084
f 2104/2104/2104 2081/2081/2081 2123/2123/2123
f 2104/2104/2104 2103/2103/2103 2066/2066/2066
f 2102/2102/2102 2065/2065/2065 2103/2103/2103
f 2122/2122/2122 2085/2085/2085 2102/2102/2102
f 2121/2121/2121 2084/2084/2084 2085/2085/2085
f 2064/2064/2064 2101/2101/2101 2120/2120/2120
f 2083/2083/2083 2119/2119/2119 2100/2100/2100
f 2080/2080/2080 2100/2100/2100 2117/2117/2117
f 2083/2083/2083 2099/2099/2099 2119/2119/2119
f 2062/2062/2062 2118/2118/2118 2099/2099/2099
f 2118/2118/2118 2062/2062/2062 2064/2064/2064
f 2098/2098/2098 2080/2080/2080 2117/2117/2117
f 2079/2079/2079 2116/2116/2116 2097/2097/2097
f 2057/2057/2057 2097/2097/2097 2096/2096/2096
f 2056/2056/2056 2096/2096/2096 2115/2115/2115
f 2115/2115/2115 2095/2095/2095 2056/2056/2056
f 2095/2095/2095 2094/2094/2094 2078/2078/2078
f 2093/2093/2093 2114/2114/2114 2077/2077/2077
f 2094/2094/2094 2093/2093/2093 2055/2055/2055
f 2076/2076/2076 2113/2113/2113 2079/2079/2079
f 2076/2076/2076 2075/2075/2075 2112/2112/2112
f 2075/2075/2075 2092/2092/2092 2112/2112/2112
f 2074/2074/2074 2111/2111/2111 2092/2092/2092
f 2068/2068/2068 2073/2073/2073 2106/2106/2106
f 2110/2110/2110 2073/2073/2073 2091/2091/2091
f 2091/2091/2091 2051/2051/2051 2090/2090/2090
f 2091/2091/2091 2090/2090/2090 2050/2050/2050
f 2109/2109/2109 2050/2050/2050 2089/2089/2089
f 2104/2104/2104 2088/2088/2088 2070/2070/2070
f 2069/2069/2069 2108/2108/2108 2070/2070/2070
f 2048/2048/2048 2105/2105/2105 2087/2087/2087
f 2107/2107/2107 2069/2069/2069 2087/2087/2087
f 2086/2086/2086 2068/2068/2068 2106/2106/2106
f 2105/2105/2105 2048/2048/2048 2086/2086/2086
f 2084/2084/2084 2101/2101/2101 2067/2067/2067
f 2104/2104/2104 2066/2066/2066 2081/2081/2081
f 2065/2065/2065 2066/2066/2066 2103/2103/2103
f 2102/2102/2102 2085/2085/2085 2065/2065/2065
f 2084/2084/2084 2046/2046/2046 2085/2085/2085
f 2067/2067/2067 2101/2101/2101 2064/2064/2064
f 2063/2063/2063 2083/2083/2083 2100/2100/2100
f 2063/2063/2063 2100/2100/2100 2080/2080/2080
f 2062/2062/2062 2099/2099/2099 2083/2083/2083
f 2062/2062/2062 2082/2082/2082 2064/2064/2064
f 2059/2059/2059 2080/2080/2080 2098/2098/2098
f 2059/2059/2059 2098/2098/2098 2058/2058/2058
f 2079/2079/2079 2097/2097/2097 2057/2057/2057
f 2096/2096/2096 2056/2056/2056 2057/2057/2057
f 2095/2095/2095 2078/2078/2078 2056/2056/2056
f 2078/2078/2078 2094/2094/2094 2055/2055/2055
f 2093/2093/2093 2077/2077/2077 2055/2055/2055
f 2076/2076/2076 2079/2079/2079 2043/2043/2043
f 2076/2076/2076 2054/2054/2054 2075/2075/2075
f 2053/2053/2053 2092/2092/2092 2075/2075/2075
f 2053/2053/2053 2074/2074/2074 2092/2092/2092
f 2052/2052/2052 2073/2073/2073 2068/2068/2068
f 2051/2051/2051 2091/2091/2091 2073/2073/2073
f 2073/2073/2073 2052/2052/2052 2039/2039/2039
f 2051/2051/2051 2050/2050/2050 2090/2090/2090
f 2050/2050/2050 2072/2072/2072 2089/2089/2089
f 2088/2088/2088 2071/2071/2071 2038/2038/2038
f 2038/2038/2038 2070/2070/2070 2088/2088/2088
f 2070/2070/2070 2049/2049/2049 2069/2069/2069
f 2087/2087/2087 2069/2069/2069 2048/2048/2048
f 2048/2048/2048 2068/2068/2068 2086/2086/2086
f 2067/2067/2067 2047/2047/2047 2084/2084/2084
f 2081/2081/2081 2066/2066/2066 2045/2045/2045
f 2035/2035/2035 2066/2066/2066 2065/2065/2065
f 2085/2085/2085 2046/2046/2046 2065/2065/2065
f 2084/2084/2084 2047/2047/2047 2046/2046/2046
f 2036/2036/2036 2067/2067/2067 2064/2064/2064
f 2033/2033/2033 2064/2064/2064 2082/2082/2082
f 2031/2031/2031 2083/2083/2083 2063/2063/2063
f 2032/2032/2032 2063/2063/2063 2080/2080/2080
f 2031/2031/2031 2062/2062/2062 2083/2083/2083
f 2033/2033/2033 2082/2082/2082 2062/2062/2062
f 2028/2028/2028 2061/2061/2061 2060/2060/2060
f 2081/2081/2081 2045/2045/2045 2060/2060/2060
f 2032/2032/2032 2080/2080/2080 2059/2059/2059
f 2027/2027/2027 2059/2059/2059 2058/2058/2058
f 2043/2043/2043 2079/2079/2079 2057/2057/2057
f 2026/2026/2026 2057/2057/2057 2056/2056/2056
f 2025/2025/2025 2056/2056/2056 2078/2078/2078
f 2078/2078/2078 2055/2055/2055 2025/2025/2025
f 2044/2044/2044 2055/2055/2055 2077/2077/2077
f 2076/2076/2076 2043/2043/2043 2054/2054/2054
f 2054/2054/2054 2042/2042/2042 2075/2075/2075
f 2042/2042/2042 2053/2053/2053 2075/2075/2075
f 2041/2041/2041 2074/2074/2074 2053/2053/2053
f 2021/2021/2021 2052/2052/2052 2068/2068/2068
f 2039/2039/2039 2051/2051/2051 2073/2073/2073
f 2052/2052/2052 2040/2040/2040 2039/2039/2039
f 2051/2051/2051 2020/2020/2020 2050/2050/2050
f 2037/2037/2037 2072/2072/2072 2050/2050/2050
f 2038/2038/2038 2071/2071/2071 2030/2030/2030
f 2069/2069/2069 2049/2049/2049 2017/2017/2017
f 2049/2049/2049 2070/2070/2070 2038/2038/2038
f 2017/2017/2017 2048/2048/2048 2069/2069/2069
f 2021/2021/2021 2068/2068/2068 2048/2048/2048
f 2047/2047/2047 2067/2067/2067 2036/2036/2036
f 2066/2066/2066 2035/2035/2035 2045/2045/2045
f 2046/2046/2046 2035/2035/2035 2065/2065/2065
f 2047/2047/2047 2001/2001/2001 2046/2046/2046
f 2064/2064/2064 2034/2034/2034 2036/2036/2036
f 2033/2033/2033 2034/2034/2034 2064/2064/2064
f 2032/2032/2032 2031/2031/2031 2063/2063/2063
f 2033/2033/2033 2062/2062/2062 2031/2031/2031
f 2029/2029/2029 2061/2061/2061 2028/2028/2028
f 2060/2060/2060 2045/2045/2045 2028/2028/2028
f 2059/2059/2059 2027/2027/2027 2032/2032/2032
f 2057/2057/2057 2026/2026/2026 2043/2043/2043
f 2056/2056/2056 2025/2025/2025 2026/2026/2026
f 2055/2055/2055 2044/2044/2044 2025/2025/2025
f 2024/2024/2024 2054/2054/2054 2043/2043/2043
f 2054/2054/2054 2024/2024/2024 2042/2042/2042
f 2007/2007/2007 2053/2053/2053 2042/2042/2042
f 2007/2007/2007 2041/2041/2041 2053/2053/2053
f 2023/2023/2023 2022/2022/2022 2041/2041/2041
f 2040/2040/2040 2052/2052/2052 2021/2021/2021
f 2020/2020/2020 2051/2051/2051 2039/2039/2039
f 1990/1990/1990 2039/2039/2039 2040/2040/2040
f 2037/2037/2037 2050/2050/2050 2020/2020/2020
f 2018/2018/2018 2038/2038/2038 2030/2030/2030
f 2038/2038/2038 2017/2017/2017 2049/2049/2049
f 2048/2048/2048 2017/2017/2017 2021/2021/2021
f 2036/2036/2036 2001/2001/2001 2047/2047/2047
f 2035/2035/2035 2012/2012/2012 2045/2045/2045
f 2001/2001/2001 2035/2035/2035 2046/2046/2046
f 2016/2016/2016 2036/2036/2036 2034/2034/2034
f 2033/2033/2033 2000/2000/2000 2034/2034/2034
f 1999/1999/1999 2031/2031/2031 2032/2032/2032
f 2014/2014/2014 2033/2033/2033 2031/2031/2031
f 2030/2030/2030 1242/1242/1242 2019/2019/2019
f 2028/2028/2028 1998/1998/1998 2029/2029/2029
f 2028/2028/2028 2045/2045/2045 2012/2012/2012
f 2032/2032/2032 2027/2027/2027 2011/2011/2011
f 2011/2011/2011 2015/2015/2015 2032/2032/2032
f 2009/2009/2009 2043/2043/2043 2026/2026/2026
f 1994/1994/1994 2026/2026/2026 2025/2025/2025
f 2025/2025/2025 2044/2044/2044 2010/2010/2010
f 2024/2024/2024 2043/2043/2043 2009/2009/2009
f 2024/2024/2024 2008/2008/2008 2042/2042/2042
f 2008/2008/2008 2007/2007/2007 2042/2042/2042
f 2023/2023/2023 2041/2041/2041 2007/2007/2007
f 1991/1991/1991 2022/2022/2022 2023/2023/2023
f 1990/1990/1990 2040/2040/2040 2021/2021/2021
f 1990/1990/1990 2020/2020/2020 2039/2039/2039
f 2004/2004/2004 2037/2037/2037 2020/2020/2020
f 1246/1246/1246 2019/2019/2019 1242/1242/1242
f 1989/1989/1989 2030/2030/2030 2019/2019/2019
f 2018/2018/2018 1988/1988/1988 2038/2038/2038
f 2018/2018/2018 2030/2030/2030 1989/1989/1989
f 1988/1988/1988 2017/2017/2017 2038/2038/2038
f 2005/2005/2005 2021/2021/2021 2017/2017/2017
f 2003/2003/2003 2037/2037/2037 2004/2004/2004
f 2037/2037/2037 2003/2003/2003 2002/2002/2002
f 2001/2001/2001 2036/2036/2036 2016/2016/2016
f 2012/2012/2012 2035/2035/2035 2001/2001/2001
f 2000/2000/2000 2016/2016/2016 2034/2034/2034
f 2000/2000/2000 2033/2033/2033 2014/2014/2014
f 2032/2032/2032 2015/2015/2015 1999/1999/1999
f 1999/1999/1999 2014/2014/2014 2031/2031/2031
f 2013/2013/2013 1242/1242/1242 2030/2030/2030
f 1998/1998/1998 2013/2013/2013 2029/2029/2029
f 1997/1997/1997 1998/1998/1998 2028/2028/2028
f 2012/2012/2012 1997/1997/1997 2028/2028/2028
f 2027/2027/2027 1996/1996/1996 2011/2011/2011
f 1964/1964/1964 2015/2015/2015 2011/2011/2011
f 2009/2009/2009 2026/2026/2026 1994/1994/1994
f 2025/2025/2025 2010/2010/2010 1994/1994/1994
f 1993/1993/1993 2024/2024/2024 2009/2009/2009
f 2024/2024/2024 1993/1993/1993 2008/2008/2008
f 2007/2007/2007 2008/2008/2008 1977/1977/1977
f 1992/1992/1992 2023/2023/2023 2007/2007/2007
f 1992/1992/1992 1991/1991/1991 2023/2023/2023
f 1991/1991/1991 2006/2006/2006 2022/2022/2022
f 2021/2021/2021 2005/2005/2005 1990/1990/1990
f 2004/2004/2004 2020/2020/2020 1990/1990/1990
f 2019/2019/2019 1246/1246/1246 1989/1989/1989
f 2018/2018/2018 1989/1989/1989 1988/1988/1988
f 2017/2017/2017 1988/1988/1988 2005/2005/2005
f 1950/1950/1950 2003/2003/2003 2004/2004/2004
f 1986/1986/1986 2002/2002/2002 2003/2003/2003
f 2004/2004/2004 1974/1974/1974 1987/1987/1987
f 1969/1969/1969 2001/2001/2001 2016/2016/2016
f 1982/1982/1982 2012/2012/2012 2001/2001/2001
f 1969/1969/1969 2016/2016/2016 2000/2000/2000
f 1947/1947/1947 2000/2000/2000 2014/2014/2014
f 1964/1964/1964 1999/1999/1999 2015/2015/2015
f 1947/1947/1947 2014/2014/2014 1999/1999/1999
f 1983/1983/1983 1242/1242/1242 2013/2013/2013
f 2013/2013/2013 1998/1998/1998 1983/1983/1983
f 1997/1997/1997 1965/1965/1965 1998/1998/1998
f 1997/1997/1997 2012/2012/2012 1982/1982/1982
f 1996/1996/1996 1981/1981/1981 2011/2011/2011
f 1964/1964/1964 2011/2011/2011 1981/1981/1981
f 1995/1995/1995 1980/1980/1980 1938/1938/1938
f 1960/1960/1960 2009/2009/2009 1994/1994/1994
f 1994/1994/1994 2010/2010/2010 1979/1979/1979
f 1978/1978/1978 1993/1993/1993 2009/2009/2009
f 2009/2009/2009 1960/1960/1960 1978/1978/1978
f 2008/2008/2008 1993/1993/1993 1977/1977/1977
f 1977/1977/1977 1992/1992/1992 2007/2007/2007
f 1957/1957/1957 1991/1991/1991 1992/1992/1992
f 1991/1991/1991 1976/1976/1976 2006/2006/2006
f 1953/1953/1953 1990/1990/1990 2005/2005/2005
f 1974/1974/1974 2004/2004/2004 1990/1990/1990
f 1989/1989/1989 1246/1246/1246 1973/1973/1973
f 1989/1989/1989 1951/1951/1951 1988/1988/1988
f 1953/1953/1953 2005/2005/2005 1988/1988/1988
f 2004/2004/2004 1987/1987/1987 1950/1950/1950
f 2003/2003/2003 1950/1950/1950 1986/1986/1986
f 1971/1971/1971 2002/2002/2002 1986/1986/1986
f 1971/1971/1971 1985/1985/1985 2002/2002/2002
f 1974/1974/1974 1970/1970/1970 1987/1987/1987
f 1982/1982/1982 2001/2001/2001 1969/1969/1969
f 1968/1968/1968 1969/1969/1969 2000/2000/2000
f 1968/1968/1968 2000/2000/2000 1984/1984/1984
f 1984/1984/1984 2000/2000/2000 1947/1947/1947
f 1999/1999/1999 1964/1964/1964 1947/1947/1947
f 1966/1966/1966 1243/1243/1243 1242/1242/1242
f 1242/1242/1242 1983/1983/1983 1966/1966/1966
f 1983/1983/1983 1998/1998/1998 1965/1965/1965
f 1965/1965/1965 1997/1997/1997 1982/1982/1982
f 1962/1962/1962 1981/1981/1981 1996/1996/1996
f 1964/1964/1964 1981/1981/1981 1942/1942/1942
f 1995/1995/1995 1939/1939/1939 1980/1980/1980
f 1980/1980/1980 1961/1961/1961 1938/1938/1938
f 1960/1960/1960 1994/1994/1994 1979/1979/1979
f 1993/1993/1993 1978/1978/1978 1915/1915/1915
f 1978/1978/1978 1960/1960/1960 1959/1959/1959
f 1915/1915/1915 1977/1977/1977 1993/1993/1993
f 1977/1977/1977 1958/1958/1958 1992/1992/1992
f 1992/1992/1992 1958/1958/1958 1957/1957/1957
f 1991/1991/1991 1957/1957/1957 1976/1976/1976
f 1972/1972/1972 1956/1956/1956 1975/1975/1975
f 1952/1952/1952 1990/1990/1990 1953/1953/1953
f 1990/1990/1990 1952/1952/1952 1974/1974/1974
f 1932/1932/1932 1973/1973/1973 1246/1246/1246
f 1951/1951/1951 1989/1989/1989 1973/1973/1973
f 1951/1951/1951 1953/1953/1953 1988/1988/1988
f 1932/1932/1932 1246/1246/1246 1929/1929/1929
f 1245/1245/1245 1243/1243/1243 1946/1946/1946
f 1972/1972/1972 1985/1985/1985 1949/1949/1949
f 1956/1956/1956 1972/1972/1972 1928/1928/1928
f 1970/1970/1970 1950/1950/1950 1987/1987/1987
f 1971/1971/1971 1986/1986/1986 1950/1950/1950
f 1949/1949/1949 1985/1985/1985 1971/1971/1971
f 1974/1974/1974 1925/1925/1925 1970/1970/1970
f 1969/1969/1969 1922/1922/1922 1982/1982/1982
f 1968/1968/1968 1923/1923/1923 1969/1969/1969
f 1947/1947/1947 1968/1968/1968 1984/1984/1984
f 1964/1964/1964 1967/1967/1967 1947/1947/1947
f 1923/1923/1923 1948/1948/1948 1969/1969/1969
f 1243/1243/1243 1966/1966/1966 1946/1946/1946
f 1966/1966/1966 1983/1983/1983 1945/1945/1945
f 1945/1945/1945 1983/1983/1983 1944/1944/1944
f 1965/1965/1965 1944/1944/1944 1983/1983/1983
f 1982/1982/1982 1922/1922/1922 1965/1965/1965
f 1903/1903/1903 1967/1967/1967 1964/1964/1964
f 1962/1962/1962 1963/1963/1963 1921/1921/1921
f 1962/1962/1962 1942/1942/1942 1981/1981/1981
f 1942/1942/1942 1943/1943/1943 1964/1964/1964
f 1961/1961/1961 1980/1980/1980 1939/1939/1939
f 1961/1961/1961 1941/1941/1941 1938/1938/1938
f 1917/1917/1917 1960/1960/1960 1979/1979/1979
f 1915/1915/1915 1978/1978/1978 1959/1959/1959
f 1916/1916/1916 1959/1959/1959 1960/1960/1960
f 1915/1915/1915 1958/1958/1958 1977/1977/1977
f 1958/1958/1958 1914/1914/1914 1957/1957/1957
f 1936/1936/1936 1976/1976/1976 1957/1957/1957
f 1912/1912/1912 1975/1975/1975 1956/1956/1956
f 1912/1912/1912 1955/1955/1955 1975/1975/1975
f 1954/1954/1954 1955/1955/1955 1934/1934/1934
f 1935/1935/1935 1954/1954/1954 1911/1911/1911
f 1910/1910/1910 1952/1952/1952 1953/1953/1953
f 1925/1925/1925 1974/1974/1974 1952/1952/1952
f 1973/1973/1973 1932/1932/1932 1951/1951/1951
f 1931/1931/1931 1953/1953/1953 1951/1951/1951
f 1933/1933/1933 1953/1953/1953 1931/1931/1931
f 1932/1932/1932 1929/1929/1929 1930/1930/1930
f 1929/1929/1929 1246/1246/1246 1245/1245/1245
f 1908/1908/1908 1245/1245/1245 1946/1946/1946
f 1928/1928/1928 1972/1972/1972 1949/1949/1949
f 1928/1928/1928 1927/1927/1927 1956/1956/1956
f 1926/1926/1926 1950/1950/1950 1970/1970/1970
f 1906/1906/1906 1971/1971/1971 1950/1950/1950
f 1949/1949/1949 1971/1971/1971 1906/1906/1906
f 1925/1925/1925 1926/1926/1926 1970/1970/1970
f 1969/1969/1969 1948/1948/1948 1922/1922/1922
f 1947/1947/1947 1923/1923/1923 1968/1968/1968
f 1903/1903/1903 1947/1947/1947 1967/1967/1967
f 1923/1923/1923 1904/1904/1904 1948/1948/1948
f 1946/1946/1946 1966/1966/1966 1902/1902/1902
f 1902/1902/1902 1966/1966/1966 1945/1945/1945
f 1944/1944/1944 1901/1901/1901 1945/1945/1945
f 1922/1922/1922 1944/1944/1944 1965/1965/1965
f 1964/1964/1964 1943/1943/1943 1903/1903/1903
f 1963/1963/1963 1924/1924/1924 1921/1921/1921
f 1921/1921/1921 1942/1942/1942 1962/1962/1962
f 1899/1899/1899 1943/1943/1943 1942/1942/1942
f 1961/1961/1961 1879/1879/1879 1941/1941/1941
f 1939/1939/1939 1879/1879/1879 1961/1961/1961
f 1938/1938/1938 1941/1941/1941 1878/1878/1878
f 1937/1937/1937 1919/1919/1919 1918/1918/1918
f 1960/1960/1960 1917/1917/1917 1916/1916/1916
f 1959/1959/1959 1916/1916/1916 1915/1915/1915
f 1958/1958/1958 1915/1915/1915 1914/1914/1914
f 1914/1914/1914 1936/1936/1936 1957/1957/1957
f 1912/1912/1912 1956/1956/1956 1927/1927/1927
f 1912/1912/1912 1934/1934/1934 1955/1955/1955
f 1911/1911/1911 1913/1913/1913 1935/1935/1935
f 1911/1911/1911 1954/1954/1954 1934/1934/1934
f 1953/1953/1953 1933/1933/1933 1910/1910/1910
f 1952/1952/1952 1910/1910/1910 1925/1925/1925
f 1951/1951/1951 1932/1932/1932 1909/1909/1909
f 1909/1909/1909 1931/1931/1931 1951/1951/1951
f 1867/1867/1867 1933/1933/1933 1931/1931/1931
f 1930/1930/1930 1888/1888/1888 1932/1932/1932
f 1930/1930/1930 1929/1929/1929 1887/1887/1887
f 1245/1245/1245 1908/1908/1908 1929/1929/1929
f 1946/1946/1946 1884/1884/1884 1908/1908/1908
f 1949/1949/1949 1907/1907/1907 1928/1928/1928
f 1927/1927/1927 1928/1928/1928 1886/1886/1886
f 1906/1906/1906 1950/1950/1950 1926/1926/1926
f 1907/1907/1907 1949/1949/1949 1906/1906/1906
f 1885/1885/1885 1926/1926/1926 1925/1925/1925
f 1948/1948/1948 1904/1904/1904 1922/1922/1922
f 1903/1903/1903 1923/1923/1923 1947/1947/1947
f 1923/1923/1923 1882/1882/1882 1904/1904/1904
f 1884/1884/1884 1946/1946/1946 1902/1902/1902
f 1901/1901/1901 1902/1902/1902 1945/1945/1945
f 1944/1944/1944 1922/1922/1922 1901/1901/1901
f 1899/1899/1899 1903/1903/1903 1943/1943/1943
f 1860/1860/1860 1921/1921/1921 1924/1924/1924
f 1900/1900/1900 1942/1942/1942 1921/1921/1921
f 1900/1900/1900 1899/1899/1899 1942/1942/1942
f 1878/1878/1878 1941/1941/1941 1879/1879/1879
f 1940/1940/1940 1875/1875/1875 1920/1920/1920
f 1920/1920/1920 1879/1879/1879 1939/1939/1939
f 1938/1938/1938 1878/1878/1878 1919/1919/1919
f 1919/1919/1919 1872/1872/1872 1918/1918/1918
f 1918/1918/1918 1873/1873/1873 1937/1937/1937
f 1916/1916/1916 1917/1917/1917 1870/1870/1870
f 1915/1915/1915 1916/1916/1916 1893/1893/1893
f 1915/1915/1915 1846/1846/1846 1914/1914/1914
f 1892/1892/1892 1936/1936/1936 1914/1914/1914
f 1869/1869/1869 1935/1935/1935 1913/1913/1913
f 1891/1891/1891 1912/1912/1912 1927/1927/1927
f 1868/1868/1868 1934/1934/1934 1912/1912/1912
f 1913/1913/1913 1911/1911/1911 1890/1890/1890
f 1911/1911/1911 1934/1934/1934 1868/1868/1868
f 1933/1933/1933 1867/1867/1867 1910/1910/1910
f 1889/1889/1889 1925/1925/1925 1910/1910/1910
f 1888/1888/1888 1909/1909/1909 1932/1932/1932
f 1931/1931/1931 1909/1909/1909 1867/1867/1867
f 1887/1887/1887 1888/1888/1888 1930/1930/1930
f 1929/1929/1929 1908/1908/1908 1887/1887/1887
f 1908/1908/1908 1884/1884/1884 1866/1866/1866
f 1886/1886/1886 1928/1928/1928 1907/1907/1907
f 1886/1886/1886 1891/1891/1891 1927/1927/1927
f 1906/1906/1906 1926/1926/1926 1885/1885/1885
f 1839/1839/1839 1907/1907/1907 1906/1906/1906
f 1889/1889/1889 1885/1885/1885 1925/1925/1925
f 1924/1924/1924 1905/1905/1905 1860/1860/1860
f 1863/1863/1863 1922/1922/1922 1904/1904/1904
f 1883/1883/1883 1904/1904/1904 1882/1882/1882
f 1903/1903/1903 1882/1882/1882 1923/1923/1923
f 1902/1902/1902 1881/1881/1881 1884/1884/1884
f 1862/1862/1862 1902/1902/1902 1901/1901/1901
f 1922/1922/1922 1863/1863/1863 1901/1901/1901
f 1861/1861/1861 1903/1903/1903 1899/1899/1899
f 1860/1860/1860 1900/1900/1900 1921/1921/1921
f 1900/1900/1900 1859/1859/1859 1899/1899/1899
f 1879/1879/1879 1898/1898/1898 1878/1878/1878
f 1920/1920/1920 1875/1875/1875 1879/1879/1879
f 1878/1878/1878 1872/1872/1872 1919/1919/1919
f 1873/1873/1873 1918/1918/1918 1872/1872/1872
f 1917/1917/1917 1894/1894/1894 1870/1870/1870
f 1893/1893/1893 1916/1916/1916 1870/1870/1870
f 1893/1893/1893 1846/1846/1846 1915/1915/1915
f 1892/1892/1892 1914/1914/1914 1846/1846/1846
f 1890/1890/1890 1869/1869/1869 1913/1913/1913
f 1868/1868/1868 1912/1912/1912 1891/1891/1891
f 1890/1890/1890 1911/1911/1911 1868/1868/1868
f 1867/1867/1867 1889/1889/1889 1910/1910/1910
f 1888/1888/1888 1867/1867/1867 1909/1909/1909
f 1842/1842/1842 1888/1888/1888 1887/1887/1887
f 1908/1908/1908 1866/1866/1866 1887/1887/1887
f 1884/1884/1884 1865/1865/1865 1866/1866/1866
f 1886/1886/1886 1907/1907/1907 1839/1839/1839
f 1886/1886/1886 1841/1841/1841 1891/1891/1891
f 1839/1839/1839 1906/1906/1906 1885/1885/1885
f 1889/1889/1889 1838/1838/1838 1885/1885/1885
f 1864/1864/1864 1860/1860/1860 1905/1905/1905
f 1904/1904/1904 1883/1883/1883 1863/1863/1863
f 1833/1833/1833 1883/1883/1883 1882/1882/1882
f 1861/1861/1861 1882/1882/1882 1903/1903/1903
f 1881/1881/1881 1834/1834/1834 1884/1884/1884
f 1881/1881/1881 1902/1902/1902 1862/1862/1862
f 1862/1862/1862 1901/1901/1901 1863/1863/1863
f 1880/1880/1880 1861/1861/1861 1899/1899/1899
f 1900/1900/1900 1860/1860/1860 1859/1859/1859
f 1899/1899/1899 1859/1859/1859 1880/1880/1880
f 1858/1858/1858 1898/1898/1898 1879/1879/1879
f 1898/1898/1898 1858/1858/1858 1878/1878/1878
f 1857/1857/1857 1897/1897/1897 1877/1877/1877
f 1897/1897/1897 1857/1857/1857 1876/1876/1876
f 1856/1856/1856 1896/1896/1896 1876/1876/1876
f 1896/1896/1896 1856/1856/1856 1875/1875/1875
f 1875/1875/1875 1855/1855/1855 1879/1879/1879
f 1874/1874/1874 1873/1873/1873 1826/1826/1826
f 1878/1878/1878 1804/1804/1804 1872/1872/1872
f 1872/1872/1872 1854/1854/1854 1873/1873/1873
f 1852/1852/1852 1895/1895/1895 1851/1851/1851
f 1853/1853/1853 1851/1851/1851 1895/1895/1895
f 1870/1870/1870 1894/1894/1894 1848/1848/1848
f 1848/1848/1848 1894/1894/1894 1822/1822/1822
f 1893/1893/1893 1870/1870/1870 1847/1847/1847
f 1893/1893/1893 1847/1847/1847 1846/1846/1846
f 1846/1846/1846 1845/1845/1845 1892/1892/1892
f 1890/1890/1890 1844/1844/1844 1869/1869/1869
f 1844/1844/1844 1890/1890/1890 1843/1843/1843
f 1818/1818/1818 1891/1891/1891 1841/1841/1841
f 1818/1818/1818 1868/1868/1868 1891/1891/1891
f 1843/1843/1843 1890/1890/1890 1868/1868/1868
f 1867/1867/1867 1838/1838/1838 1889/1889/1889
f 1842/1842/1842 1867/1867/1867 1888/1888/1888
f 1887/1887/1887 1866/1866/1866 1842/1842/1842
f 1837/1837/1837 1865/1865/1865 1884/1884/1884
f 1866/1866/1866 1865/1865/1865 1816/1816/1816
f 1841/1841/1841 1886/1886/1886 1839/1839/1839
f 1885/1885/1885 1838/1838/1838 1839/1839/1839
f 1836/1836/1836 1860/1860/1860 1864/1864/1864
f 1834/1834/1834 1837/1837/1837 1884/1884/1884
f 1883/1883/1883 1833/1833/1833 1863/1863/1863
f 1882/1882/1882 1861/1861/1861 1833/1833/1833
f 1832/1832/1832 1834/1834/1834 1881/1881/1881
f 1862/1862/1862 1832/1832/1832 1881/1881/1881
f 1781/1781/1781 1862/1862/1862 1863/1863/1863
f 1831/1831/1831 1861/1861/1861 1880/1880/1880
f 1807/1807/1807 1859/1859/1859 1860/1860/1860
f 1830/1830/1830 1880/1880/1880 1859/1859/1859
f 1880/1880/1880 1830/1830/1830 1831/1831/1831
f 1855/1855/1855 1829/1829/1829 1879/1879/1879
f 1879/1879/1879 1829/1829/1829 1858/1858/1858
f 1858/1858/1858 1804/1804/1804 1878/1878/1878
f 1877/1877/1877 1778/1778/1778 1857/1857/1857
f 1857/1857/1857 1828/1828/1828 1876/1876/1876
f 1876/1876/1876 1828/1828/1828 1856/1856/1856
f 1875/1875/1875 1856/1856/1856 1827/1827/1827
f 1855/1855/1855 1875/1875/1875 1827/1827/1827
f 1853/1853/1853 1874/1874/1874 1826/1826/1826
f 1854/1854/1854 1826/1826/1826 1873/1873/1873
f 1854/1854/1854 1872/1872/1872 1804/1804/1804
f 1871/1871/1871 1852/1852/1852 1799/1799/1799
f 1851/1851/1851 1825/1825/1825 1852/1852/1852
f 1853/1853/1853 1824/1824/1824 1851/1851/1851
f 1850/1850/1850 1871/1871/1871 1799/1799/1799
f 1835/1835/1835 1849/1849/1849 1796/1796/1796
f 1794/1794/1794 1870/1870/1870 1848/1848/1848
f 1821/1821/1821 1848/1848/1848 1822/1822/1822
f 1794/1794/1794 1847/1847/1847 1870/1870/1870
f 1820/1820/1820 1846/1846/1846 1847/1847/1847
f 1846/1846/1846 1792/1792/1792 1845/1845/1845
f 1844/1844/1844 1819/1819/1819 1869/1869/1869
f 1843/1843/1843 1817/1817/1817 1844/1844/1844
f 1841/1841/1841 1840/1840/1840 1818/1818/1818
f 1843/1843/1843 1868/1868/1868 1818/1818/1818
f 1817/1817/1817 1843/1843/1843 1790/1790/1790
f 1867/1867/1867 1788/1788/1788 1838/1838/1838
f 1788/1788/1788 1867/1867/1867 1842/1842/1842
f 1866/1866/1866 1816/1816/1816 1842/1842/1842
f 1815/1815/1815 1865/1865/1865 1837/1837/1837
f 1865/1865/1865 1815/1815/1815 1816/1816/1816
f 1841/1841/1841 1814/1814/1814 1840/1840/1840
f 1841/1841/1841 1839/1839/1839 1787/1787/1787
f 1838/1838/1838 1786/1786/1786 1839/1839/1839
f 1864/1864/1864 1783/1783/1783 1836/1836/1836
f 1836/1836/1836 1808/1808/1808 1860/1860/1860
f 1849/1849/1849 1835/1835/1835 1811/1811/1811
f 1834/1834/1834 1806/1806/1806 1837/1837/1837
f 1781/1781/1781 1863/1863/1863 1833/1833/1833
f 1810/1810/1810 1833/1833/1833 1861/1861/1861
f 1832/1832/1832 1782/1782/1782 1834/1834/1834
f 1832/1832/1832 1862/1862/1862 1781/1781/1781
f 1861/1861/1861 1809/1809/1809 1810/1810/1810
f 1831/1831/1831 1809/1809/1809 1861/1861/1861
f 1860/1860/1860 1808/1808/1808 1807/1807/1807
f 1807/1807/1807 1830/1830/1830 1859/1859/1859
f 1750/1750/1750 1831/1831/1831 1830/1830/1830
f 1855/1855/1855 1805/1805/1805 1829/1829/1829
f 1804/1804/1804 1858/1858/1858 1829/1829/1829
f 1857/1857/1857 1778/1778/1778 1828/1828/1828
f 1828/1828/1828 1803/1803/1803 1856/1856/1856
f 1856/1856/1856 1803/1803/1803 1827/1827/1827
f 1855/1855/1855 1827/1827/1827 1802/1802/1802
f 1855/1855/1855 1802/1802/1802 1805/1805/1805
f 1826/1826/1826 1800/1800/1800 1853/1853/1853
f 1826/1826/1826 1854/1854/1854 1801/1801/1801
f 1804/1804/1804 1801/1801/1801 1854/1854/1854
f 1800/1800/1800 1824/1824/1824 1853/1853/1853
f 1851/1851/1851 1775/1775/1775 1825/1825/1825
f 1825/1825/1825 1799/1799/1799 1852/1852/1852
f 1824/1824/1824 1775/1775/1775 1851/1851/1851
f 1798/1798/1798 1850/1850/1850 1799/1799/1799
f 1849/1849/1849 1823/1823/1823 1797/1797/1797
f 1797/1797/1797 1796/1796/1796 1849/1849/1849
f 1796/1796/1796 1812/1812/1812 1835/1835/1835
f 1795/1795/1795 1821/1821/1821 1822/1822/1822
f 1848/1848/1848 1821/1821/1821 1794/1794/1794
f 1820/1820/1820 1847/1847/1847 1794/1794/1794
f 1820/1820/1820 1792/1792/1792 1846/1846/1846
f 1792/1792/1792 1793/1793/1793 1845/1845/1845
f 1819/1819/1819 1844/1844/1844 1791/1791/1791
f 1791/1791/1791 1844/1844/1844 1817/1817/1817
f 1818/1818/1818 1840/1840/1840 1756/1756/1756
f 1818/1818/1818 1790/1790/1790 1843/1843/1843
f 1790/1790/1790 1789/1789/1789 1817/1817/1817
f 1813/1813/1813 1838/1838/1838 1788/1788/1788
f 1842/1842/1842 1816/1816/1816 1788/1788/1788
f 1815/1815/1815 1837/1837/1837 1785/1785/1785
f 1816/1816/1816 1815/1815/1815 1757/1757/1757
f 1814/1814/1814 1841/1841/1841 1787/1787/1787
f 1756/1756/1756 1840/1840/1840 1814/1814/1814
f 1787/1787/1787 1839/1839/1839 1786/1786/1786
f 1786/1786/1786 1838/1838/1838 1813/1813/1813
f 1806/1806/1806 1785/1785/1785 1837/1837/1837
f 1812/1812/1812 1753/1753/1753 1835/1835/1835
f 1783/1783/1783 1808/1808/1808 1836/1836/1836
f 1811/1811/1811 1835/1835/1835 1753/1753/1753
f 1782/1782/1782 1806/1806/1806 1834/1834/1834
f 1833/1833/1833 1810/1810/1810 1781/1781/1781
f 1782/1782/1782 1832/1832/1832 1781/1781/1781
f 1751/1751/1751 1810/1810/1810 1809/1809/1809
f 1831/1831/1831 1750/1750/1750 1809/1809/1809
f 1749/1749/1749 1807/1807/1807 1808/1808/1808
f 1750/1750/1750 1830/1830/1830 1807/1807/1807
f 1805/1805/1805 1779/1779/1779 1829/1829/1829
f 1829/1829/1829 1779/1779/1779 1804/1804/1804
f 1828/1828/1828 1778/1778/1778 1803/1803/1803
f 1777/1777/1777 1827/1827/1827 1803/1803/1803
f 1827/1827/1827 1777/1777/1777 1802/1802/1802
f 1802/1802/1802 1721/1721/1721 1805/1805/1805
f 1800/1800/1800 1826/1826/1826 1776/1776/1776
f 1801/1801/1801 1776/1776/1776 1826/1826/1826
f 1804/1804/1804 1720/1720/1720 1801/1801/1801
f 1800/1800/1800 1774/1774/1774 1824/1824/1824
f 1799/1799/1799 1825/1825/1825 1775/1775/1775
f 1824/1824/1824 1774/1774/1774 1775/1775/1775
f 1799/1799/1799 1773/1773/1773 1798/1798/1798
f 1823/1823/1823 1767/1767/1767 1797/1797/1797
f 1796/1796/1796 1797/1797/1797 1766/1766/1766
f 1766/1766/1766 1765/1765/1765 1796/1796/1796
f 1796/1796/1796 1734/1734/1734 1812/1812/1812
f 1734/1734/1734 1784/1784/1784 1812/1812/1812
f 1795/1795/1795 1822/1822/1822 1763/1763/1763
f 1821/1821/1821 1795/1795/1795 1708/1708/1708
f 1794/1794/1794 1821/1821/1821 1708/1708/1708
f 1760/1760/1760 1820/1820/1820 1794/1794/1794
f 1820/1820/1820 1760/1760/1760 1792/1792/1792
f 1759/1759/1759 1793/1793/1793 1792/1792/1792
f 1761/1761/1761 1819/1819/1819 1758/1758/1758
f 1758/1758/1758 1819/1819/1819 1791/1791/1791
f 1730/1730/1730 1791/1791/1791 1817/1817/1817
f 1790/1790/1790 1818/1818/1818 1756/1756/1756
f 1789/1789/1789 1790/1790/1790 1729/1729/1729
f 1789/1789/1789 1730/1730/1730 1817/1817/1817
f 1727/1727/1727 1813/1813/1813 1788/1788/1788
f 1757/1757/1757 1788/1788/1788 1816/1816/1816
f 1785/1785/1785 1757/1757/1757 1815/1815/1815
f 1787/1787/1787 1756/1756/1756 1814/1814/1814
f 1787/1787/1787 1786/1786/1786 1755/1755/1755
f 1727/1727/1727 1786/1786/1786 1813/1813/1813
f 1785/1785/1785 1806/1806/1806 1754/1754/1754
f 1806/1806/1806 1748/1748/1748 1754/1754/1754
f 1753/1753/1753 1812/1812/1812 1784/1784/1784
f 1725/1725/1725 1808/1808/1808 1783/1783/1783
f 1783/1783/1783 1811/1811/1811 1753/1753/1753
f 1752/1752/1752 1806/1806/1806 1782/1782/1782
f 1810/1810/1810 1751/1751/1751 1781/1781/1781
f 1781/1781/1781 1724/1724/1724 1782/1782/1782
f 1809/1809/1809 1780/1780/1780 1751/1751/1751
f 1750/1750/1750 1780/1780/1780 1809/1809/1809
f 1725/1725/1725 1749/1749/1749 1808/1808/1808
f 1749/1749/1749 1750/1750/1750 1807/1807/1807
f 1748/1748/1748 1806/1806/1806 1752/1752/1752
f 1779/1779/1779 1805/1805/1805 1721/1721/1721
f 1779/1779/1779 1720/1720/1720 1804/1804/1804
f 1778/1778/1778 1719/1719/1719 1803/1803/1803
f 1803/1803/1803 1719/1719/1719 1777/1777/1777
f 1721/1721/1721 1802/1802/1802 1777/1777/1777
f 1776/1776/1776 1718/1718/1718 1800/1800/1800
f 1720/1720/1720 1776/1776/1776 1801/1801/1801
f 1718/1718/1718 1774/1774/1774 1800/1800/1800
f 1773/1773/1773 1799/1799/1799 1745/1745/1745
f 1775/1775/1775 1744/1744/1744 1799/1799/1799
f 1744/1744/1744 1745/1745/1745 1799/1799/1799
f 1774/1774/1774 1715/1715/1715 1775/1775/1775
f 1773/1773/1773 1743/1743/1743 1798/1798/1798
f 1743/1743/1743 1772/1772/1772 1798/1798/1798
f 1772/1772/1772 1742/1742/1742 1798/1798/1798
f 1771/1771/1771 1798/1798/1798 1742/1742/1742
f 1771/1771/1771 1741/1741/1741 1770/1770/1770
f 1769/1769/1769 1738/1738/1738 1768/1768/1768
f 1738/1738/1738 1737/1737/1737 1768/1768/1768
f 1710/1710/1710 1797/1797/1797 1767/1767/1767
f 1710/1710/1710 1766/1766/1766 1797/1797/1797
f 1765/1765/1765 1766/1766/1766 1709/1709/1709
f 1765/1765/1765 1735/1735/1735 1796/1796/1796
f 1735/1735/1735 1764/1764/1764 1796/1796/1796
f 1764/1764/1764 1734/1734/1734 1796/1796/1796
f 1734/1734/1734 1673/1673/1673 1784/1784/1784
f 1708/1708/1708 1795/1795/1795 1763/1763/1763
f 1656/1656/1656 1763/1763/1763 1762/1762/1762
f 1761/1761/1761 1732/1732/1732 1762/1762/1762
f 1731/1731/1731 1794/1794/1794 1708/1708/1708
f 1731/1731/1731 1760/1760/1760 1794/1794/1794
f 1706/1706/1706 1792/1792/1792 1760/1760/1760
f 1759/1759/1759 1705/1705/1705 1793/1793/1793
f 1792/1792/1792 1706/1706/1706 1759/1759/1759
f 1758/1758/1758 1704/1704/1704 1761/1761/1761
f 1758/1758/1758 1791/1791/1791 1730/1730/1730
f 1729/1729/1729 1790/1790/1790 1756/1756/1756
f 1730/1730/1730 1789/1789/1789 1729/1729/1729
f 1788/1788/1788 1757/1757/1757 1727/1727/1727
f 1785/1785/1785 1702/1702/1702 1757/1757/1757
f 1787/1787/1787 1728/1728/1728 1756/1756/1756
f 1728/1728/1728 1787/1787/1787 1755/1755/1755
f 1755/1755/1755 1786/1786/1786 1727/1727/1727
f 1754/1754/1754 1702/1702/1702 1785/1785/1785
f 1754/1754/1754 1748/1748/1748 1700/1700/1700
f 1784/1784/1784 1673/1673/1673 1753/1753/1753
f 1753/1753/1753 1725/1725/1725 1783/1783/1783
f 1752/1752/1752 1782/1782/1782 1724/1724/1724
f 1751/1751/1751 1724/1724/1724 1781/1781/1781
f 1723/1723/1723 1751/1751/1751 1780/1780/1780
f 1723/1723/1723 1780/1780/1780 1750/1750/1750
f 1722/1722/1722 1749/1749/1749 1725/1725/1725
f 1671/1671/1671 1750/1750/1750 1749/1749/1749
f 1752/1752/1752 1697/1697/1697 1748/1748/1748
f 1721/1721/1721 1747/1747/1747 1779/1779/1779
f 1720/1720/1720 1779/1779/1779 1747/1747/1747
f 1778/1778/1778 1746/1746/1746 1719/1719/1719
f 1719/1719/1719 1721/1721/1721 1777/1777/1777
f 1718/1718/1718 1776/1776/1776 1717/1717/1717
f 1720/1720/1720 1717/1717/1717 1776/1776/1776
f 1718/1718/1718 1716/1716/1716 1774/1774/1774
f 1745/1745/1745 1714/1714/1714 1773/1773/1773
f 1744/1744/1744 1775/1775/1775 1715/1715/1715
f 1744/1744/1744 1689/1689/1689 1745/1745/1745
f 1715/1715/1715 1774/1774/1774 1716/1716/1716
f 1743/1743/1743 1773/1773/1773 1714/1714/1714
f 1743/1743/1743 1688/1688/1688 1772/1772/1772
f 1772/1772/1772 1688/1688/1688 1742/1742/1742
f 1742/1742/1742 1686/1686/1686 1771/1771/1771
f 1686/1686/1686 1741/1741/1741 1771/1771/1771
f 1741/1741/1741 1685/1685/1685 1770/1770/1770
f 1770/1770/1770 1685/1685/1685 1740/1740/1740
f 1739/1739/1739 1740/1740/1740 1661/1661/1661
f 1739/1739/1739 1684/1684/1684 1769/1769/1769
f 1684/1684/1684 1738/1738/1738 1769/1769/1769
f 1683/1683/1683 1737/1737/1737 1738/1738/1738
f 1737/1737/1737 1711/1711/1711 1768/1768/1768
f 1711/1711/1711 1710/1710/1710 1767/1767/1767
f 1766/1766/1766 1710/1710/1710 1736/1736/1736
f 1736/1736/1736 1709/1709/1709 1766/1766/1766
f 1709/1709/1709 1735/1735/1735 1765/1765/1765
f 1735/1735/1735 1681/1681/1681 1764/1764/1764
f 1734/1734/1734 1764/1764/1764 1681/1681/1681
f 1699/1699/1699 1673/1673/1673 1734/1734/1734
f 1656/1656/1656 1733/1733/1733 1763/1763/1763
f 1708/1708/1708 1763/1763/1763 1733/1733/1733
f 1656/1656/1656 1762/1762/1762 1732/1732/1732
f 1732/1732/1732 1761/1761/1761 1704/1704/1704
f 1707/1707/1707 1731/1731/1731 1708/1708/1708
f 1706/1706/1706 1760/1760/1760 1731/1731/1731
f 1759/1759/1759 1706/1706/1706 1705/1705/1705
f 1704/1704/1704 1758/1758/1758 1703/1703/1703
f 1730/1730/1730 1703/1703/1703 1758/1758/1758
f 1701/1701/1701 1729/1729/1729 1756/1756/1756
f 1729/1729/1729 1678/1678/1678 1730/1730/1730
f 1702/1702/1702 1727/1727/1727 1757/1757/1757
f 1701/1701/1701 1756/1756/1756 1728/1728/1728
f 1755/1755/1755 1676/1676/1676 1728/1728/1728
f 1676/1676/1676 1755/1755/1755 1727/1727/1727
f 1754/1754/1754 1700/1700/1700 1702/1702/1702
f 1700/1700/1700 1748/1748/1748 1694/1694/1694
f 1726/1726/1726 1699/1699/1699 1698/1698/1698
f 1699/1699/1699 1726/1726/1726 1673/1673/1673
f 1725/1725/1725 1753/1753/1753 1673/1673/1673
f 1697/1697/1697 1752/1752/1752 1724/1724/1724
f 1696/1696/1696 1724/1724/1724 1751/1751/1751
f 1751/1751/1751 1723/1723/1723 1696/1696/1696
f 1671/1671/1671 1723/1723/1723 1750/1750/1750
f 1695/1695/1695 1722/1722/1722 1725/1725/1725
f 1722/1722/1722 1671/1671/1671 1749/1749/1749
f 1697/1697/1697 1694/1694/1694 1748/1748/1748
f 1721/1721/1721 1670/1670/1670 1747/1747/1747
f 1747/1747/1747 1670/1670/1670 1720/1720/1720
f 1721/1721/1721 1669/1669/1669 1693/1693/1693
f 1746/1746/1746 1692/1692/1692 1719/1719/1719
f 1719/1719/1719 1669/1669/1669 1721/1721/1721
f 1717/1717/1717 1691/1691/1691 1718/1718/1718
f 1720/1720/1720 1690/1690/1690 1717/1717/1717
f 1718/1718/1718 1668/1668/1668 1716/1716/1716
f 1745/1745/1745 1689/1689/1689 1714/1714/1714
f 1715/1715/1715 1689/1689/1689 1744/1744/1744
f 1716/1716/1716 1666/1666/1666 1715/1715/1715
f 1714/1714/1714 1688/1688/1688 1743/1743/1743
f 1688/1688/1688 1687/1687/1687 1742/1742/1742
f 1687/1687/1687 1713/1713/1713 1742/1742/1742
f 1742/1742/1742 1713/1713/1713 1686/1686/1686
f 1686/1686/1686 1685/1685/1685 1741/1741/1741
f 1685/1685/1685 1661/1661/1661 1740/1740/1740
f 1661/1661/1661 1712/1712/1712 1739/1739/1739
f 1712/1712/1712 1684/1684/1684 1739/1739/1739
f 1684/1684/1684 1683/1683/1683 1738/1738/1738
f 1683/1683/1683 1682/1682/1682 1737/1737/1737
f 1711/1711/1711 1737/1737/1737 1682/1682/1682
f 1710/1710/1710 1711/1711/1711 1659/1659/1659
f 1658/1658/1658 1736/1736/1736 1710/1710/1710
f 1736/1736/1736 1658/1658/1658 1709/1709/1709
f 1709/1709/1709 1681/1681/1681 1735/1735/1735
f 1681/1681/1681 1699/1699/1699 1734/1734/1734
f 1708/1708/1708 1733/1733/1733 1656/1656/1656
f 1656/1656/1656 1732/1732/1732 1704/1704/1704
f 1731/1731/1731 1707/1707/1707 1653/1653/1653
f 1680/1680/1680 1707/1707/1707 1708/1708/1708
f 1706/1706/1706 1731/1731/1731 1653/1653/1653
f 1706/1706/1706 1652/1652/1652 1705/1705/1705
f 1704/1704/1704 1703/1703/1703 1650/1650/1650
f 1703/1703/1703 1730/1730/1730 1679/1679/1679
f 1679/1679/1679 1730/1730/1730 1678/1678/1678
f 1678/1678/1678 1729/1729/1729 1701/1701/1701
f 1677/1677/1677 1727/1727/1727 1702/1702/1702
f 1701/1701/1701 1728/1728/1728 1676/1676/1676
f 1677/1677/1677 1676/1676/1676 1727/1727/1727
f 1648/1648/1648 1702/1702/1702 1700/1700/1700
f 1694/1694/1694 1675/1675/1675 1700/1700/1700
f 1/1/1 2/2/2 3/3/3
f 4/4/4 3/3/3 2/2/2
f 1/1/1 3/3/3 5/5/5
f 6/6/6 3/3/3 4/4/4
f 4/4/4 2/2/2 7/7/7
f 6/6/6 5/5/5 3/3/3
f 5/5/5 8/8/8 1/1/1
f 6/6/6 4/4/4 9/9/9
f 4/4/4 7/7/7 10/10/10
f 11/11/11 5/5/5 6/6/6
f 5/5/5 12/12/12 8/8/8
f 9/9/9 4/4/4 13/13/13
f 14/14/14 6/6/6 9/9/9
f 13/13/13 4/4/4 10/10/10
f 5/5/5 11/11/11 12/12/12
f 6/6/6 15/15/15 11/11/11
f 8/8/8 12/12/12 16/16/16
f 17/17/17 9/9/9 13/13/13
f 14/14/14 15/15/15 6/6/6
f 14/14/14 9/9/9 18/18/18
f 19/19/19 13/13/13 10/10/10
f 11/11/11 20/20/20 12/12/12
f 11/11/11 15/15/15 21/21/21
f 12/12/12 20/20/20 16/16/16
f 18/18/18 9/9/9 17/17/17
f 17/17/17 13/13/13 19/19/19
f 22/22/22 15/15/15 14/14/14
f 18/18/18 22/22/22 14/14/14
f 19/19/19 10/10/10 23/23/23
f 11/11/11 21/21/21 20/20/20
f 15/15/15 24/24/24 21/21/21
f 25/25/25 16/16/16 20/20/20
f 18/18/18 17/17/17 26/26/26
f 17/17/17 19/19/19 26/26/26
f 22/22/22 24/24/24 15/15/15
f 18/18/18 27/27/27 22/22/22
f 19/19/19 23/23/23 28/28/28
f 21/21/21 29/29/29 20/20/20
f 24/24/24 30/30/30 21/21/21
f 20/20/20 31/31/31 25/25/25
f 32/32/32 18/18/18 26/26/26
f 26/26/26 19/19/19 28/28/28
f 33/33/33 24/24/24 22/22/22
f 27/27/27 18/18/18 32/32/32
f 27/27/27 33/33/33 22/22/22
f 20/20/20 29/29/29 34/34/34
f 30/30/30 29/29/29 21/21/21
f 35/35/35 30/30/30 24/24/24
f 31/31/31 36/36/36 25/25/25
f 20/20/20 34/34/34 31/31/31
f 32/32/32 26/26/26 37/37/37
f 38/38/38 26/26/26 28/28/28
f 33/33/33 35/35/35 24/24/24
f 39/39/39 27/27/27 32/32/32
f 39/39/39 33/33/33 27/27/27
f 40/40/40 34/34/34 29/29/29
f 30/30/30 40/40/40 29/29/29
f 35/35/35 41/41/41 30/30/30
f 42/42/42 36/36/36 31/31/31
f 31/31/31 34/34/34 42/42/42
f 37/37/37 26/26/26 38/38/38
f 43/43/43 32/32/32 37/37/37
f 33/33/33 44/44/44 35/35/35
f 39/39/39 32/32/32 43/43/43
f 39/39/39 45/45/45 33/33/33
f 40/40/40 42/42/42 34/34/34
f 41/41/41 40/40/40 30/30/30
f 35/35/35 46/46/46 41/41/41
f 47/47/47 37/37/37 38/38/38
f 48/48/48 43/43/43 37/37/37
f 46/46/46 35/35/35 44/44/44
f 33/33/33 45/45/45 44/44/44
f 39/39/39 49/49/49 45/45/45
f 40/40/40 50/50/50 42/42/42
f 41/41/41 51/51/51 40/40/40
f 46/46/46 52/52/52 41/41/41
f 48/48/48 37/37/37 47/47/47
f 53/53/53 43/43/43 48/48/48
f 54/54/54 46/46/46 44/44/44
f 45/45/45 49/49/49 44/44/44
f 55/55/55 42/42/42 50/50/50
f 40/40/40 56/56/56 50/50/50
f 52/52/52 51/51/51 41/41/41
f 40/40/40 51/51/51 56/56/56
f 46/46/46 54/54/54 52/52/52
f 48/48/48 47/47/47 53/53/53
f 44/44/44 57/57/57 54/54/54
f 49/49/49 57/57/57 44/44/44
f 55/55/55 50/50/50 58/58/58
f 56/56/56 59/59/59 50/50/50
f 52/52/52 60/60/60 51/51/51
f 61/61/61 56/56/56 51/51/51
f 62/62/62 52/52/52 54/54/54
f 63/63/63 54/54/54 57/57/57
f 64/64/64 57/57/57 49/49/49
f 55/55/55 58/58/58 65/65/65
f 58/58/58 50/50/50 59/59/59
f 56/56/56 66/66/66 59/59/59
f 52/52/52 62/62/62 60/60/60
f 60/60/60 61/61/61 51/51/51
f 56/56/56 61/61/61 67/67/67
f 62/62/62 54/54/54 63/63/63
f 64/64/64 63/63/63 57/57/57
f 49/49/49 68/68/68 64/64/64
f 58/58/58 69/69/69 65/65/65
f 70/70/70 58/58/58 59/59/59
f 59/59/59 66/66/66 70/70/70
f 56/56/56 67/67/67 66/66/66
f 71/71/71 60/60/60 62/62/62
f 72/72/72 61/61/61 60/60/60
f 73/73/73 67/67/67 61/61/61
f 74/74/74 62/62/62 63/63/63
f 75/75/75 63/63/63 64/64/64
f 76/76/76 68/68/68 49/49/49
f 77/77/77 64/64/64 68/68/68
f 69/69/69 58/58/58 78/78/78
f 69/69/69 79/79/79 65/65/65
f 70/70/70 78/78/78 58/58/58
f 80/80/80 70/70/70 66/66/66
f 67/67/67 73/73/73 66/66/66
f 62/62/62 74/74/74 71/71/71
f 71/71/71 72/72/72 60/60/60
f 72/72/72 73/73/73 61/61/61
f 74/74/74 63/63/63 75/75/75
f 75/75/75 64/64/64 77/77/77
f 76/76/76 77/77/77 68/68/68
f 69/69/69 78/78/78 81/81/81
f 79/79/79 69/69/69 81/81/81
f 82/82/82 78/78/78 70/70/70
f 66/66/66 83/83/83 80/80/80
f 80/80/80 82/82/82 70/70/70
f 73/73/73 83/83/83 66/66/66
f 84/84/84 71/71/71 74/74/74
f 85/85/85 72/72/72 71/71/71
f 86/86/86 73/73/73 72/72/72
f 87/87/87 74/74/74 75/75/75
f 77/77/77 88/88/88 75/75/75
f 76/76/76 88/88/88 77/77/77
f 78/78/78 89/89/89 81/81/81
f 79/79/79 81/81/81 89/89/89
f 78/78/78 82/82/82 90/90/90
f 80/80/80 83/83/83 91/91/91
f 92/92/92 82/82/82 80/80/80
f 73/73/73 93/93/93 83/83/83
f 71/71/71 84/84/84 94/94/94
f 84/84/84 74/74/74 87/87/87
f 85/85/85 86/86/86 72/72/72
f 71/71/71 94/94/94 85/85/85
f 73/73/73 86/86/86 93/93/93
f 87/87/87 75/75/75 88/88/88
f 89/89/89 78/78/78 90/90/90
f 79/79/79 89/89/89 95/95/95
f 82/82/82 96/96/96 90/90/90
f 91/91/91 92/92/92 80/80/80
f 93/93/93 91/91/91 83/83/83
f 92/92/92 96/96/96 82/82/82
f 84/84/84 97/97/97 94/94/94
f 98/98/98 86/86/86 85/85/85
f 94/94/94 99/99/99 85/85/85
f 100/100/100 93/93/93 86/86/86
f 90/90/90 101/101/101 89/89/89
f 89/89/89 102/102/102 95/95/95
f 79/79/79 95/95/95 103/103/103
f 96/96/96 101/101/101 90/90/90
f 91/91/91 104/104/104 92/92/92
f 105/105/105 91/91/91 93/93/93
f 92/92/92 106/106/106 96/96/96
f 97/97/97 99/99/99 94/94/94
f 100/100/100 86/86/86 98/98/98
f 85/85/85 107/107/107 98/98/98
f 85/85/85 99/99/99 107/107/107
f 93/93/93 100/100/100 105/105/105
f 101/101/101 102/102/102 89/89/89
f 108/108/108 95/95/95 102/102/102
f 103/103/103 95/95/95 108/108/108
f 106/106/106 101/101/101 96/96/96
f 104/104/104 109/109/109 92/92/92
f 91/91/91 105/105/105 104/104/104
f 110/110/110 106/106/106 92/92/92
f 107/107/107 100/100/100 98/98/98
f 100/100/100 111/111/111 105/105/105
f 101/101/101 112/112/112 102/102/102
f 108/108/108 102/102/102 113/113/113
f 108/108/108 114/114/114 103/103/103
f 106/106/106 115/115/115 101/101/101
f 104/104/104 116/116/116 109/109/109
f 92/92/92 109/109/109 110/110/110
f 105/105/105 117/117/117 104/104/104
f 106/106/106 110/110/110 118/118/118
f 107/107/107 111/111/111 100/100/100
f 111/111/111 119/119/119 105/105/105
f 113/113/113 102/102/102 112/112/112
f 112/112/112 101/101/101 115/115/115
f 113/113/113 120/120/120 108/108/108
f 108/108/108 120/120/120 114/114/114
f 121/121/121 103/103/103 114/114/114
f 122/122/122 115/115/115 106/106/106
f 109/109/109 116/116/116 123/123/123
f 117/117/117 116/116/116 104/104/104
f 109/109/109 124/124/124 110/110/110
f 105/105/105 119/119/119 117/117/117
f 124/124/124 118/118/118 110/110/110
f 118/118/118 122/122/122 106/106/106
f 125/125/125 111/111/111 107/107/107
f 125/125/125 119/119/119 111/111/111
f 112/112/112 120/120/120 113/113/113
f 115/115/115 126/126/126 112/112/112
f 120/120/120 127/127/127 114/114/114
f 103/103/103 121/121/121 128/128/128
f 129/129/129 121/121/121 114/114/114
f 122/122/122 130/130/130 115/115/115
f 124/124/124 109/109/109 123/123/123
f 116/116/116 131/131/131 123/123/123
f 116/116/116 117/117/117 132/132/132
f 133/133/133 117/117/117 119/119/119
f 123/123/123 118/118/118 124/124/124
f 131/131/131 122/122/122 118/118/118
f 134/134/134 125/125/125 107/107/107
f 135/135/135 119/119/119 125/125/125
f 112/112/112 136/136/136 120/120/120
f 126/126/126 115/115/115 130/130/130
f 126/126/126 136/136/136 112/112/112
f 127/127/127 120/120/120 137/137/137
f 138/138/138 114/114/114 127/127/127
f 121/121/121 129/129/129 128/128/128
f 114/114/114 138/138/138 129/129/129
f 122/122/122 139/139/139 130/130/130
f 131/131/131 118/118/118 123/123/123
f 140/140/140 131/131/131 116/116/116
f 132/132/132 140/140/140 116/116/116
f 141/141/141 132/132/132 117/117/117
f 117/117/117 133/133/133 141/141/141
f 119/119/119 135/135/135 133/133/133
f 122/122/122 131/131/131 142/142/142
f 125/125/125 134/134/134 135/135/135
f 136/136/136 143/143/143 120/120/120
f 126/126/126 130/130/130 144/144/144
f 136/136/136 126/126/126 145/145/145
f 137/137/137 146/146/146 127/127/127
f 137/137/137 120/120/120 143/143/143
f 147/147/147 138/138/138 127/127/127
f 138/138/138 147/147/147 129/129/129
f 130/130/130 139/139/139 148/148/148
f 149/149/149 139/139/139 122/122/122
f 150/150/150 131/131/131 140/140/140
f 140/140/140 132/132/132 150/150/150
f 141/141/141 151/151/151 132/132/132
f 133/133/133 152/152/152 141/141/141
f 135/135/135 153/153/153 133/133/133
f 142/142/142 149/149/149 122/122/122
f 150/150/150 142/142/142 131/131/131
f 154/154/154 135/135/135 134/134/134
f 136/136/136 155/155/155 143/143/143
f 130/130/130 156/156/156 144/144/144
f 126/126/126 144/144/144 157/157/157
f 145/145/145 158/158/158 136/136/136
f 157/157/157 145/145/145 126/126/126
f 159/159/159 127/127/127 146/146/146
f 146/146/146 137/137/137 143/143/143
f 127/127/127 159/159/159 147/147/147
f 148/148/148 156/156/156 130/130/130
f 139/139/139 160/160/160 148/148/148
f 149/149/149 161/161/161 139/139/139
f 132/132/132 162/162/162 150/150/150
f 151/151/151 162/162/162 132/132/132
f 141/141/141 152/152/152 151/151/151
f 133/133/133 153/153/153 152/152/152
f 154/154/154 153/153/153 135/135/135
f 142/142/142 161/161/161 149/149/149
f 162/162/162 142/142/142 150/150/150
f 163/163/163 154/154/154 134/134/134
f 164/164/164 143/143/143 155/155/155
f 136/136/136 165/165/165 155/155/155
f 156/156/156 157/157/157 144/144/144
f 158/158/158 145/145/145 166/166/166
f 158/158/158 166/166/166 136/136/136
f 157/157/157 167/167/167 145/145/145
f 146/146/146 168/168/168 159/159/159
f 143/143/143 164/164/164 146/146/146
f 169/169/169 147/147/147 159/159/159
f 156/156/156 148/148/148 160/160/160
f 139/139/139 161/161/161 160/160/160
f 162/162/162 151/151/151 170/170/170
f 152/152/152 171/171/171 151/151/151
f 154/154/154 152/152/152 153/153/153
f 142/142/142 172/172/172 161/161/161
f 170/170/170 142/142/142 162/162/162
f 173/173/173 154/154/154 163/163/163
f 155/155/155 174/174/174 164/164/164
f 165/165/165 174/174/174 155/155/155
f 166/166/166 165/165/165 136/136/136
f 156/156/156 167/167/167 157/157/157
f 166/166/166 145/145/145 167/167/167
f 175/175/175 159/159/159 168/168/168
f 176/176/176 168/168/168 146/146/146
f 164/164/164 177/177/177 146/146/146
f 159/159/159 175/175/175 169/169/169
f 156/156/156 160/160/160 178/178/178
f 161/161/161 179/179/179 160/160/160
f 151/151/151 180/180/180 170/170/170
f 171/171/171 180/180/180 151/151/151
f 152/152/152 181/181/181 171/171/171
f 181/181/181 152/152/152 154/154/154
f 182/182/182 172/172/172 142/142/142
f 172/172/172 179/179/179 161/161/161
f 142/142/142 170/170/170 182/182/182
f 173/173/173 181/181/181 154/154/154
f 183/183/183 173/173/173 163/163/163
f 174/174/174 184/184/184 164/164/164
f 165/165/165 185/185/185 174/174/174
f 166/166/166 185/185/185 165/165/165
f 167/167/167 156/156/156 186/186/186
f 187/187/187 166/166/166 167/167/167
f 168/168/168 188/188/188 175/175/175
f 176/176/176 188/188/188 168/168/168
f 177/177/177 176/176/176 146/146/146
f 164/164/164 189/189/189 177/177/177
f 190/190/190 169/169/169 175/175/175
f 156/156/156 178/178/178 186/186/186
f 191/191/191 178/178/178 160/160/160
f 179/179/179 191/191/191 160/160/160
f 180/180/180 182/182/182 170/170/170
f 180/180/180 171/171/171 182/182/182
f 192/192/192 171/171/171 181/181/181
f 182/182/182 193/193/193 172/172/172
f 193/193/193 179/179/179 172/172/172
f 194/194/194 181/181/181 173/173/173
f 183/183/183 194/194/194 173/173/173
f 174/174/174 195/195/195 184/184/184
f 184/184/184 189/189/189 164/164/164
f 174/174/174 185/185/185 196/196/196
f 166/166/166 187/187/187 185/185/185
f 186/186/186 197/197/197 167/167/167
f 167/167/167 198/198/198 187/187/187
f 175/175/175 188/188/188 199/199/199
f 176/176/176 200/200/200 188/188/188
f 177/177/177 189/189/189 176/176/176
f 175/175/175 199/199/199 190/190/190
f 178/178/178 201/201/201 186/186/186
f 178/178/178 191/191/191 202/202/202
f 191/191/191 179/179/179 202/202/202
f 171/171/171 203/203/203 182/182/182
f 192/192/192 204/204/204 171/171/171
f 181/181/181 205/205/205 192/192/192
f 206/206/206 193/193/193 182/182/182
f 179/179/179 193/193/193 207/207/207
f 205/205/205 181/181/181 194/194/194
f 205/205/205 194/194/194 183/183/183
f 195/195/195 189/189/189 184/184/184
f 196/196/196 195/195/195 174/174/174
f 187/187/187 196/196/196 185/185/185
f 197/197/197 198/198/198 167/167/167
f 186/186/186 208/208/208 197/197/197
f 196/196/196 187/187/187 198/198/198
f 188/188/188 209/209/209 199/199/199
f 209/209/209 188/188/188 200/200/200
f 189/189/189 200/200/200 176/176/176
f 199/199/199 210/210/210 190/190/190
f 202/202/202 201/201/201 178/178/178
f 201/201/201 211/211/211 186/186/186
f 202/202/202 179/179/179 207/207/207
f 171/171/171 204/204/204 203/203/203
f 203/203/203 204/204/204 182/182/182
f 212/212/212 204/204/204 192/192/192
f 213/213/213 192/192/192 205/205/205
f 193/193/193 206/206/206 214/214/214
f 215/215/215 206/206/206 182/182/182
f 214/214/214 207/207/207 193/193/193
f 216/216/216 205/205/205 183/183/183
f 217/217/217 189/189/189 195/195/195
f 196/196/196 218/218/218 195/195/195
f 197/197/197 219/219/219 198/198/198
f 197/197/197 208/208/208 219/219/219
f 211/211/211 208/208/208 186/186/186
f 198/198/198 220/220/220 196/196/196
f 221/221/221 199/199/199 209/209/209
f 200/200/200 222/222/222 209/209/209
f 189/189/189 223/223/223 200/200/200
f 199/199/199 221/221/221 210/210/210
f 190/190/190 210/210/210 224/224/224
f 225/225/225 201/201/201 202/202/202
f 225/225/225 211/211/211 201/201/201
f 207/207/207 225/225/225 202/202/202
f 226/226/226 182/182/182 204/204/204
f 212/212/212 226/226/226 204/204/204
f 192/192/192 227/227/227 212/212/212
f 227/227/227 192/192/192 213/213/213
f 205/205/205 228/228/228 213/213/213
f 229/229/229 214/214/214 206/206/206
f 215/215/215 182/182/182 226/226/226
f 226/226/226 206/206/206 215/215/215
f 214/214/214 230/230/230 207/207/207
f 216/216/216 228/228/228 205/205/205
f 217/217/217 195/195/195 218/218/218
f 217/217/217 231/231/231 189/189/189
f 196/196/196 232/232/232 218/218/218
f 219/219/219 233/233/233 198/198/198
f 208/208/208 234/234/234 219/219/219
f 211/211/211 234/234/234 208/208/208
f 198/198/198 233/233/233 220/220/220
f 220/220/220 232/232/232 196/196/196
f 209/209/209 235/235/235 221/221/221
f 200/200/200 236/236/236 222/222/222
f 222/222/222 237/237/237 209/209/209
f 223/223/223 189/189/189 231/231/231
f 223/223/223 238/238/238 200/200/200
f 221/221/221 239/239/239 210/210/210
f 210/210/210 240/240/240 224/224/224
f 211/211/211 225/225/225 241/241/241
f 207/207/207 241/241/241 225/225/225
f 226/226/226 212/212/212 242/242/242
f 227/227/227 243/243/243 212/212/212
f 213/213/213 244/244/244 227/227/227
f 244/244/244 213/213/213 228/228/228
f 245/245/245 214/214/214 229/229/229
f 246/246/246 229/229/229 206/206/206
f 246/246/246 206/206/206 226/226/226
f 214/214/214 247/247/247 230/230/230
f 230/230/230 241/241/241 207/207/207
f 244/244/244 228/228/228 216/216/216
f 231/231/231 217/217/217 218/218/218
f 232/232/232 248/248/248 218/218/218
f 219/219/219 249/249/249 233/233/233
f 219/219/219 234/234/234 250/250/250
f 234/234/234 211/211/211 251/251/251
f 220/220/220 233/233/233 249/249/249
f 220/220/220 252/252/252 232/232/232
f 235/235/235 209/209/209 237/237/237
f 239/239/239 221/221/221 235/235/235
f 236/236/236 253/253/253 222/222/222
f 254/254/254 236/236/236 200/200/200
f 222/222/222 253/253/253 237/237/237
f 231/231/231 238/238/238 223/223/223
f 238/238/238 254/254/254 200/200/200
f 210/210/210 239/239/239 240/240/240
f 240/240/240 255/255/255 224/224/224
f 241/241/241 251/251/251 211/211/211
f 226/226/226 242/242/242 246/246/246
f 212/212/212 256/256/256 242/242/242
f 243/243/243 256/256/256 212/212/212
f 257/257/257 243/243/243 227/227/227
f 244/244/244 258/258/258 227/227/227
f 259/259/259 245/245/245 229/229/229
f 214/214/214 245/245/245 260/260/260
f 242/242/242 229/229/229 246/246/246
f 241/241/241 230/230/230 247/247/247
f 214/214/214 261/261/261 247/247/247
f 218/218/218 238/238/238 231/231/231
f 232/232/232 262/262/262 248/248/248
f 238/238/238 218/218/218 248/248/248
f 249/249/249 219/219/219 250/250/250
f 251/251/251 250/250/250 234/234/234
f 249/249/249 252/252/252 220/220/220
f 252/252/252 263/263/263 232/232/232
f 237/237/237 253/253/253 235/235/235
f 235/235/235 264/264/264 239/239/239
f 253/253/253 236/236/236 265/265/265
f 236/236/236 254/254/254 266/266/266
f 254/254/254 238/238/238 266/266/266
f 240/240/240 239/239/239 255/255/255
f 1699/1699/1699 1674/1674/1674 1698/1698/1698
f 256/256/256 243/243/243 242/242/242
f 243/243/243 257/257/257 267/267/267
f 258/258/258 257/257/257 227/227/227
f 268/268/268 258/258/258 244/244/244
f 269/269/269 245/245/245 259/259/259
f 259/259/259 229/229/229 242/242/242
f 260/260/260 261/261/261 214/214/214
f 270/270/270 260/260/260 245/245/245
f 241/241/241 247/247/247 271/271/271
f 261/261/261 271/271/271 247/247/247
f 263/263/263 262/262/262 232/232/232
f 248/248/248 262/262/262 266/266/266
f 248/248/248 272/272/272 238/238/238
f 250/250/250 252/252/252 249/249/249
f 251/251/251 273/273/273 250/250/250
f 252/252/252 274/274/274 263/263/263
f 253/253/253 275/275/275 235/235/235
f 264/264/264 235/235/235 276/276/276
f 277/277/277 239/239/239 264/264/264
f 266/266/266 265/265/265 236/236/236
f 265/265/265 278/278/278 253/253/253
f 272/272/272 266/266/266 238/238/238
f 239/239/239 277/277/277 255/255/255
f 1673/1673/1673 1726/1726/1726 1698/1698/1698
f 1673/1673/1673 1695/1695/1695 1725/1725/1725
f 242/242/242 243/243/243 267/267/267
f 257/257/257 281/281/281 267/267/267
f 282/282/282 257/257/257 258/258/258
f 258/258/258 268/268/268 283/283/283
f 245/245/245 269/269/269 284/284/284
f 269/269/269 259/259/259 242/242/242
f 1672/1672/1672 1697/1697/1697 1724/1724/1724
f 1724/1724/1724 1696/1696/1696 1672/1672/1672
f 284/284/284 270/270/270 245/245/245
f 271/271/271 280/280/280 241/241/241
f 1696/1696/1696 1723/1723/1723 1671/1671/1671
f 263/263/263 285/285/285 262/262/262
f 272/272/272 248/248/248 266/266/266
f 262/262/262 286/286/286 266/266/266
f 250/250/250 287/287/287 252/252/252
f 273/273/273 288/288/288 250/250/250
f 279/279/279 273/273/273 251/251/251
f 263/263/263 274/274/274 285/285/285
f 289/289/289 274/274/274 252/252/252
f 253/253/253 290/290/290 275/275/275
f 235/235/235 275/275/275 276/276/276
f 264/264/264 276/276/276 291/291/291
f 264/264/264 292/292/292 277/277/277
f 265/265/265 266/266/266 293/293/293
f 278/278/278 265/265/265 294/294/294
f 290/290/290 253/253/253 278/278/278
f 277/277/277 295/295/295 255/255/255
f 1695/1695/1695 1671/1671/1671 1722/1722/1722
f 1697/1697/1697 1647/1647/1647 1694/1694/1694
f 267/267/267 269/269/269 242/242/242
f 267/267/267 281/281/281 296/296/296
f 282/282/282 281/281/281 257/257/257
f 283/283/283 282/282/282 258/258/258
f 297/297/297 283/283/283 268/268/268
f 269/269/269 267/267/267 284/284/284
f 1670/1670/1670 1721/1721/1721 1693/1693/1693
f 1670/1670/1670 1690/1690/1690 1720/1720/1720
f 1644/1644/1644 1693/1693/1693 1669/1669/1669
f 1669/1669/1669 1719/1719/1719 1692/1692/1692
f 1691/1691/1691 1668/1668/1668 1718/1718/1718
f 262/262/262 285/285/285 286/286/286
f 293/293/293 266/266/266 286/286/286
f 287/287/287 289/289/289 252/252/252
f 288/288/288 287/287/287 250/250/250
f 1717/1717/1717 1641/1641/1641 1691/1691/1691
f 1690/1690/1690 1641/1641/1641 1717/1717/1717
f 274/274/274 298/298/298 285/285/285
f 1668/1668/1668 1639/1639/1639 1716/1716/1716
f 275/275/275 290/290/290 299/299/299
f 275/275/275 299/299/299 276/276/276
f 291/291/291 276/276/276 300/300/300
f 292/292/292 264/264/264 291/291/291
f 292/292/292 301/301/301 277/277/277
f 265/265/265 293/293/293 302/302/302
f 302/302/302 294/294/294 265/265/265
f 278/278/278 294/294/294 303/303/303
f 278/278/278 304/304/304 290/290/290
f 277/277/277 301/301/301 295/295/295
f 255/255/255 295/295/295 305/305/305
f 1666/1666/1666 1716/1716/1716 1639/1639/1639
f 1689/1689/1689 1615/1615/1615 1714/1714/1714
f 306/306/306 296/296/296 281/281/281
f 283/283/283 281/281/281 282/282/282
f 307/307/307 283/283/283 297/297/297
f 1715/1715/1715 1666/1666/1666 1689/1689/1689
f 1688/1688/1688 1714/1714/1714 1615/1615/1615
f 1687/1687/1687 1688/1688/1688 1614/1614/1614
f 1713/1713/1713 1687/1687/1687 1664/1664/1664
f 1713/1713/1713 1664/1664/1664 1686/1686/1686
f 286/286/286 285/285/285 298/298/298
f 293/293/293 286/286/286 302/302/302
f 1686/1686/1686 1617/1617/1617 1685/1685/1685
f 1685/1685/1685 1663/1663/1663 1662/1662/1662
f 1661/1661/1661 1685/1685/1685 1662/1662/1662
f 1661/1661/1661 1684/1684/1684 1712/1712/1712
f 1683/1683/1683 1684/1684/1684 1660/1660/1660
f 1637/1637/1637 1682/1682/1682 1683/1683/1683
f 290/290/290 308/308/308 299/299/299
f 276/276/276 299/299/299 300/300/300
f 300/300/300 292/292/292 291/291/291
f 301/301/301 292/292/292 309/309/309
f 302/302/302 303/303/303 294/294/294
f 303/303/303 310/310/310 278/278/278
f 304/304/304 278/278/278 308/308/308
f 304/304/304 308/308/308 290/290/290
f 295/295/295 301/301/301 311/311/311
f 255/255/255 305/305/305 312/312/312
f 313/313/313 305/305/305 295/295/295
f 1682/1682/1682 1659/1659/1659 1711/1711/1711
f 1659/1659/1659 1658/1658/1658 1710/1710/1710
f 1658/1658/1658 1657/1657/1657 1709/1709/1709
f 314/314/314 306/306/306 281/281/281
f 315/315/315 296/296/296 306/306/306
f 314/314/314 281/281/281 283/283/283
f 307/307/307 316/316/316 283/283/283
f 1681/1681/1681 1709/1709/1709 1657/1657/1657
f 1681/1681/1681 1633/1633/1633 1699/1699/1699
f 1656/1656/1656 1680/1680/1680 1708/1708/1708
f 1656/1656/1656 1704/1704/1704 1655/1655/1655
f 1653/1653/1653 1707/1707/1707 1680/1680/1680
f 298/298/298 317/317/317 286/286/286
f 1706/1706/1706 1653/1653/1653 1654/1654/1654
f 1706/1706/1706 1654/1654/1654 1652/1652/1652
f 1652/1652/1652 1651/1651/1651 1705/1705/1705
f 1650/1650/1650 1655/1655/1655 1704/1704/1704
f 1650/1650/1650 1703/1703/1703 1679/1679/1679
f 1679/1679/1679 1678/1678/1678 1626/1626/1626
f 1701/1701/1701 1649/1649/1649 1678/1678/1678
f 1648/1648/1648 1677/1677/1677 1702/1702/1702
f 308/308/308 318/318/318 299/299/299
f 292/292/292 300/300/300 299/299/299
f 301/301/301 309/309/309 319/319/319
f 292/292/292 320/320/320 309/309/309
f 302/302/302 321/321/321 303/303/303
f 310/310/310 303/303/303 322/322/322
f 310/310/310 323/323/323 278/278/278
f 278/278/278 324/324/324 308/308/308
f 301/301/301 325/325/325 311/311/311
f 311/311/311 313/313/313 295/295/295
f 305/305/305 313/313/313 312/312/312
f 1649/1649/1649 1701/1701/1701 1676/1676/1676
f 1625/1625/1625 1676/1676/1676 1677/1677/1677
f 1700/1700/1700 1675/1675/1675 1648/1648/1648
f 1645/1645/1645 1675/1675/1675 1694/1694/1694
f 316/316/316 306/306/306 314/314/314
f 327/327/327 315/315/315 306/306/306
f 316/316/316 314/314/314 283/283/283
f 328/328/328 316/316/316 307/307/307
f 1698/1698/1698 1674/1674/1674 1623/1623/1623
f 1633/1633/1633 1674/1674/1674 1699/1699/1699
f 1673/1673/1673 1698/1698/1698 1623/1623/1623
f 1673/1673/1673 1622/1622/1622 1695/1695/1695
f 1647/1647/1647 1697/1697/1697 1672/1672/1672
f 1598/1598/1598 1672/1672/1672 1696/1696/1696
f 1598/1598/1598 1696/1696/1696 1671/1671/1671
f 1622/1622/1622 1671/1671/1671 1695/1695/1695
f 1645/1645/1645 1694/1694/1694 1647/1647/1647
f 1693/1693/1693 1644/1644/1644 1670/1670/1670
f 1670/1670/1670 1643/1643/1643 1690/1690/1690
f 1669/1669/1669 1642/1642/1642 1644/1644/1644
f 1692/1692/1692 1620/1620/1620 1669/1669/1669
f 1691/1691/1691 1641/1641/1641 1668/1668/1668
f 1690/1690/1690 1643/1643/1643 1641/1641/1641
f 1639/1639/1639 1668/1668/1668 1619/1619/1619
f 318/318/318 308/308/308 329/329/329
f 299/299/299 318/318/318 330/330/330
f 292/292/292 299/299/299 330/330/330
f 301/301/301 319/319/319 325/325/325
f 331/331/331 319/319/319 309/309/309
f 292/292/292 330/330/330 320/320/320
f 320/320/320 330/330/330 309/309/309
f 321/321/321 322/322/322 303/303/303
f 323/323/323 310/310/310 322/322/322
f 278/278/278 323/323/323 324/324/324
f 308/308/308 324/324/324 329/329/329
f 311/311/311 325/325/325 332/332/332
f 332/332/332 313/313/313 311/311/311
f 1639/1639/1639 1667/1667/1667 1666/1666/1666
f 1667/1667/1667 1638/1638/1638 1666/1666/1666
f 1615/1615/1615 1689/1689/1689 1666/1666/1666
f 1638/1638/1638 1667/1667/1667 1618/1618/1618
f 1615/1615/1615 1665/1665/1665 1688/1688/1688
f 1665/1665/1665 1614/1614/1614 1688/1688/1688
f 328/328/328 306/306/306 316/316/316
f 306/306/306 328/328/328 327/327/327
f 333/333/333 328/328/328 307/307/307
f 1614/1614/1614 1664/1664/1664 1687/1687/1687
f 1664/1664/1664 1617/1617/1617 1686/1686/1686
f 1617/1617/1617 1663/1663/1663 1685/1685/1685
f 1611/1611/1611 1663/1663/1663 1612/1612/1612
f 1663/1663/1663 1611/1611/1611 1662/1662/1662
f 1662/1662/1662 1610/1610/1610 1661/1661/1661
f 1661/1661/1661 1609/1609/1609 1684/1684/1684
f 1609/1609/1609 1660/1660/1660 1684/1684/1684
f 1660/1660/1660 1637/1637/1637 1683/1683/1683
f 1637/1637/1637 1636/1636/1636 1682/1682/1682
f 1636/1636/1636 1659/1659/1659 1682/1682/1682
f 1658/1658/1658 1659/1659/1659 1607/1607/1607
f 1634/1634/1634 1657/1657/1657 1658/1658/1658
f 1657/1657/1657 1632/1632/1632 1681/1681/1681
f 1632/1632/1632 1633/1633/1633 1681/1681/1681
f 1680/1680/1680 1656/1656/1656 1630/1630/1630
f 329/329/329 334/334/334 318/318/318
f 330/330/330 318/318/318 335/335/335
f 319/319/319 331/331/331 325/325/325
f 309/309/309 336/336/336 331/331/331
f 330/330/330 335/335/335 309/309/309
f 1631/1631/1631 1656/1656/1656 1655/1655/1655
f 322/322/322 337/337/337 323/323/323
f 324/324/324 323/323/323 329/329/329
f 313/313/313 332/332/332 325/325/325
f 1653/1653/1653 1680/1680/1680 1630/1630/1630
f 1653/1653/1653 1603/1603/1603 1654/1654/1654
f 1654/1654/1654 1629/1629/1629 1652/1652/1652
f 1652/1652/1652 1602/1602/1602 1651/1651/1651
f 327/327/327 339/339/339 326/326/326
f 328/328/328 339/339/339 327/327/327
f 328/328/328 333/333/333 339/339/339
f 1583/1583/1583 1655/1655/1655 1650/1650/1650
f 1627/1627/1627 1650/1650/1650 1679/1679/1679
f 1626/1626/1626 1627/1627/1627 1679/1679/1679
f 1626/1626/1626 1678/1678/1678 1649/1649/1649
f 1625/1625/1625 1677/1677/1677 1648/1648/1648
f 1649/1649/1649 1676/1676/1676 1625/1625/1625
f 1675/1675/1675 1624/1624/1624 1648/1648/1648
f 1624/1624/1624 1675/1675/1675 1645/1645/1645
f 1674/1674/1674 1633/1633/1633 1623/1623/1623
f 1673/1673/1673 1623/1623/1623 1622/1622/1622
f 1598/1598/1598 1647/1647/1647 1672/1672/1672
f 1646/1646/1646 1598/1598/1598 1671/1671/1671
f 1671/1671/1671 1622/1622/1622 1646/1646/1646
f 1647/1647/1647 1599/1599/1599 1645/1645/1645
f 1644/1644/1644 1621/1621/1621 1670/1670/1670
f 334/334/334 340/340/340 318/318/318
f 341/341/341 334/334/334 329/329/329
f 318/318/318 342/342/342 335/335/335
f 325/325/325 331/331/331 343/343/343
f 309/309/309 342/342/342 336/336/336
f 331/331/331 336/336/336 342/342/342
f 335/335/335 342/342/342 309/309/309
f 1643/1643/1643 1670/1670/1670 1621/1621/1621
f 1642/1642/1642 1596/1596/1596 1644/1644/1644
f 337/337/337 344/344/344 323/323/323
f 323/323/323 341/341/341 329/329/329
f 345/345/345 313/313/313 325/325/325
f 1669/1669/1669 1620/1620/1620 1642/1642/1642
f 1641/1641/1641 1619/1619/1619 1668/1668/1668
f 338/338/338 326/326/326 339/339/339
f 1643/1643/1643 1577/1577/1577 1641/1641/1641
f 346/346/346 339/339/339 333/333/333
f 1619/1619/1619 1640/1640/1640 1639/1639/1639
f 1640/1640/1640 1559/1559/1559 1639/1639/1639
f 1639/1639/1639 1618/1618/1618 1667/1667/1667
f 1615/1615/1615 1666/1666/1666 1638/1638/1638
f 1594/1594/1594 1638/1638/1638 1618/1618/1618
f 1615/1615/1615 1614/1614/1614 1665/1665/1665
f 1614/1614/1614 1613/1613/1613 1664/1664/1664
f 1617/1617/1617 1664/1664/1664 1613/1613/1613
f 1617/1617/1617 1612/1612/1612 1663/1663/1663
f 1611/1611/1611 1612/1612/1612 1590/1590/1590
f 1611/1611/1611 1610/1610/1610 1662/1662/1662
f 1610/1610/1610 1609/1609/1609 1661/1661/1661
f 1609/1609/1609 1637/1637/1637 1660/1660/1660
f 1636/1636/1636 1637/1637/1637 1588/1588/1588
f 1659/1659/1659 1636/1636/1636 1608/1608/1608
f 1608/1608/1608 1635/1635/1635 1659/1659/1659
f 340/340/340 334/334/334 347/347/347
f 348/348/348 318/318/318 340/340/340
f 341/341/341 349/349/349 334/334/334
f 318/318/318 348/348/348 342/342/342
f 331/331/331 350/350/350 343/343/343
f 325/325/325 343/343/343 351/351/351
f 342/342/342 352/352/352 331/331/331
f 1635/1635/1635 1607/1607/1607 1659/1659/1659
f 1607/1607/1607 1634/1634/1634 1658/1658/1658
f 1634/1634/1634 1606/1606/1606 1657/1657/1657
f 341/341/341 323/323/323 344/344/344
f 325/325/325 351/351/351 345/345/345
f 1606/1606/1606 1632/1632/1632 1657/1657/1657
f 1632/1632/1632 1605/1605/1605 1633/1633/1633
f 1604/1604/1604 1630/1630/1630 1656/1656/1656
f 346/346/346 338/338/338 339/339/339
f 1631/1631/1631 1604/1604/1604 1656/1656/1656
f 1583/1583/1583 1631/1631/1631 1655/1655/1655
f 1654/1654/1654 1603/1603/1603 1629/1629/1629
f 1653/1653/1653 1630/1630/1630 1603/1603/1603
f 1652/1652/1652 1629/1629/1629 1602/1602/1602
f 1602/1602/1602 1628/1628/1628 1651/1651/1651
f 1583/1583/1583 1650/1650/1650 1627/1627/1627
f 1627/1627/1627 1626/1626/1626 1581/1581/1581
f 1626/1626/1626 1649/1649/1649 1601/1601/1601
f 1648/1648/1648 1580/1580/1580 1625/1625/1625
f 1601/1601/1601 1649/1649/1649 1625/1625/1625
f 1624/1624/1624 1580/1580/1580 1648/1648/1648
f 1597/1597/1597 1624/1624/1624 1645/1645/1645
f 1633/1633/1633 1568/1568/1568 1623/1623/1623
f 1623/1623/1623 1600/1600/1600 1622/1622/1622
f 1599/1599/1599 1647/1647/1647 1598/1598/1598
f 1622/1622/1622 1598/1598/1598 1646/1646/1646
f 1597/1597/1597 1645/1645/1645 1599/1599/1599
f 1644/1644/1644 1596/1596/1596 1621/1621/1621
f 1621/1621/1621 1577/1577/1577 1643/1643/1643
f 1642/1642/1642 1620/1620/1620 1596/1596/1596
f 1619/1619/1619 1641/1641/1641 1577/1577/1577
f 334/334/334 353/353/353 347/347/347
f 340/340/340 347/347/347 348/348/348
f 354/354/354 349/349/349 341/341/341
f 349/349/349 353/353/353 334/334/334
f 348/348/348 355/355/355 342/342/342
f 331/331/331 356/356/356 350/350/350
f 357/357/357 343/343/343 350/350/350
f 343/343/343 357/357/357 351/351/351
f 342/342/342 358/358/358 352/352/352
f 356/356/356 331/331/331 352/352/352
f 1619/1619/1619 1559/1559/1559 1640/1640/1640
f 1559/1559/1559 1618/1618/1618 1639/1639/1639
f 1616/1616/1616 1618/1618/1618 1595/1595/1595
f 344/344/344 354/354/354 341/341/341
f 359/359/359 345/345/345 351/351/351
f 1618/1618/1618 1616/1616/1616 1594/1594/1594
f 1638/1638/1638 1594/1594/1594 1615/1615/1615
f 1615/1615/1615 1574/1574/1574 1614/1614/1614
f 1614/1614/1614 1593/1593/1593 1613/1613/1613
f 1613/1613/1613 1592/1592/1592 1617/1617/1617
f 1612/1612/1612 1617/1617/1617 1557/1557/1557
f 1591/1591/1591 1590/1590/1590 1612/1612/1612
f 1590/1590/1590 1589/1589/1589 1611/1611/1611
f 1611/1611/1611 1572/1572/1572 1610/1610/1610
f 1610/1610/1610 1571/1571/1571 1609/1609/1609
f 1609/1609/1609 1588/1588/1588 1637/1637/1637
f 1588/1588/1588 1608/1608/1608 1636/1636/1636
f 1608/1608/1608 1569/1569/1569 1635/1635/1635
f 1607/1607/1607 1635/1635/1635 1569/1569/1569
f 1607/1607/1607 1587/1587/1587 1634/1634/1634
f 1587/1587/1587 1606/1606/1606 1634/1634/1634
f 1586/1586/1586 1632/1632/1632 1606/1606/1606
f 1586/1586/1586 1585/1585/1585 1632/1632/1632
f 1605/1605/1605 1568/1568/1568 1633/1633/1633
f 1585/1585/1585 1605/1605/1605 1632/1632/1632
f 1630/1630/1630 1604/1604/1604 1567/1567/1567
f 1584/1584/1584 1604/1604/1604 1631/1631/1631
f 1583/1583/1583 1584/1584/1584 1631/1631/1631
f 1582/1582/1582 1629/1629/1629 1603/1603/1603
f 1567/1567/1567 1603/1603/1603 1630/1630/1630
f 1582/1582/1582 1602/1602/1602 1629/1629/1629
f 1602/1602/1602 1547/1547/1547 1628/1628/1628
f 1581/1581/1581 1583/1583/1583 1627/1627/1627
f 1581/1581/1581 1626/1626/1626 1601/1601/1601
f 1580/1580/1580 1601/1601/1601 1625/1625/1625
f 1579/1579/1579 1580/1580/1580 1624/1624/1624
f 353/353/353 360/360/360 347/347/347
f 355/355/355 348/348/348 347/347/347
f 1624/1624/1624 1597/1597/1597 1579/1579/1579
f 1600/1600/1600 1623/1623/1623 1568/1568/1568
f 342/342/342 355/355/355 358/358/358
f 361/361/361 350/350/350 356/356/356
f 350/350/350 361/361/361 357/357/357
f 351/351/351 357/357/357 359/359/359
f 352/352/352 358/358/358 356/356/356
f 1622/1622/1622 1600/1600/1600 1544/1544/1544
f 1578/1578/1578 1599/1599/1599 1598/1598/1598
f 1544/1544/1544 1598/1598/1598 1622/1622/1622
f 1564/1564/1564 1597/1597/1597 1599/1599/1599
f 1577/1577/1577 1621/1621/1621 1596/1596/1596
f 1620/1620/1620 1563/1563/1563 1596/1596/1596
f 1619/1619/1619 1577/1577/1577 1576/1576/1576
f 1576/1576/1576 1575/1575/1575 1619/1619/1619
f 1575/1575/1575 1559/1559/1559 1619/1619/1619
f 1559/1559/1559 1595/1595/1595 1618/1618/1618
f 1592/1592/1592 1557/1557/1557 1617/1617/1617
f 1556/1556/1556 1616/1616/1616 1595/1595/1595
f 1616/1616/1616 1556/1556/1556 1594/1594/1594
f 1594/1594/1594 1574/1574/1574 1615/1615/1615
f 1574/1574/1574 1593/1593/1593 1614/1614/1614
f 1593/1593/1593 1573/1573/1573 1613/1613/1613
f 1573/1573/1573 1592/1592/1592 1613/1613/1613
f 1557/1557/1557 1591/1591/1591 1612/1612/1612
f 1590/1590/1590 1591/1591/1591 1554/1554/1554
f 1589/1589/1589 1572/1572/1572 1611/1611/1611
f 1590/1590/1590 1553/1553/1553 1589/1589/1589
f 1572/1572/1572 1571/1571/1571 1610/1610/1610
f 1571/1571/1571 1588/1588/1588 1609/1609/1609
f 1588/1588/1588 1570/1570/1570 1608/1608/1608
f 1570/1570/1570 1569/1569/1569 1608/1608/1608
f 1569/1569/1569 1587/1587/1587 1607/1607/1607
f 1587/1587/1587 1551/1551/1551 1606/1606/1606
f 1551/1551/1551 1586/1586/1586 1606/1606/1606
f 1586/1586/1586 1550/1550/1550 1585/1585/1585
f 1605/1605/1605 1585/1585/1585 1568/1568/1568
f 1567/1567/1567 1604/1604/1604 1584/1584/1584
f 360/360/360 363/363/363 347/347/347
f 347/347/347 364/364/364 355/355/355
f 1584/1584/1584 1583/1583/1583 1548/1548/1548
f 358/358/358 355/355/355 365/365/365
f 356/356/356 366/366/366 361/361/361
f 367/367/367 357/357/357 361/361/361
f 358/358/358 365/365/365 356/356/356
f 1567/1567/1567 1582/1582/1582 1603/1603/1603
f 1582/1582/1582 1547/1547/1547 1602/1602/1602
f 1581/1581/1581 1566/1566/1566 1583/1583/1583
f 1601/1601/1601 1546/1546/1546 1581/1581/1581
f 1546/1546/1546 1601/1601/1601 1580/1580/1580
f 1545/1545/1545 1580/1580/1580 1579/1579/1579
f 1597/1597/1597 1565/1565/1565 1579/1579/1579
f 1568/1568/1568 1544/1544/1544 1600/1600/1600
f 1599/1599/1599 1578/1578/1578 1564/1564/1564
f 1598/1598/1598 1544/1544/1544 1578/1578/1578
f 1564/1564/1564 1565/1565/1565 1597/1597/1597
f 1596/1596/1596 1563/1563/1563 1577/1577/1577
f 1577/1577/1577 1543/1543/1543 1576/1576/1576
f 1576/1576/1576 1562/1562/1562 1575/1575/1575
f 1575/1575/1575 1561/1561/1561 1559/1559/1559
f 1559/1559/1559 1560/1560/1560 1595/1595/1595
f 1560/1560/1560 1558/1558/1558 1595/1595/1595
f 1555/1555/1555 1557/1557/1557 1592/1592/1592
f 1595/1595/1595 1558/1558/1558 1556/1556/1556
f 1574/1574/1574 1594/1594/1594 1556/1556/1556
f 1574/1574/1574 1538/1538/1538 1593/1593/1593
f 1573/1573/1573 1593/1593/1593 1538/1538/1538
f 1592/1592/1592 1573/1573/1573 1555/1555/1555
f 1557/1557/1557 1554/1554/1554 1591/1591/1591
f 1554/1554/1554 1553/1553/1553 1590/1590/1590
f 1589/1589/1589 1553/1553/1553 1572/1572/1572
f 1571/1571/1571 1572/1572/1572 1525/1525/1525
f 1571/1571/1571 1536/1536/1536 1588/1588/1588
f 1536/1536/1536 1570/1570/1570 1588/1588/1588
f 1569/1569/1569 1570/1570/1570 1552/1552/1552
f 1587/1587/1587 1569/1569/1569 1535/1535/1535
f 1535/1535/1535 1551/1551/1551 1587/1587/1587
f 347/347/347 363/363/363 364/364/364
f 364/364/364 368/368/368 355/355/355
f 365/365/365 355/355/355 369/369/369
f 356/356/356 369/369/369 366/366/366
f 366/366/366 370/370/370 361/361/361
f 361/361/361 371/371/371 367/367/367
f 365/365/365 372/372/372 356/356/356
f 1551/1551/1551 1550/1550/1550 1586/1586/1586
f 1550/1550/1550 1568/1568/1568 1585/1585/1585
f 1584/1584/1584 1548/1548/1548 1567/1567/1567
f 1566/1566/1566 1548/1548/1548 1583/1583/1583
f 1567/1567/1567 1547/1547/1547 1582/1582/1582
f 1546/1546/1546 1566/1566/1566 1581/1581/1581
f 1545/1545/1545 1546/1546/1546 1580/1580/1580
f 1565/1565/1565 1545/1545/1545 1579/1579/1579
f 1568/1568/1568 1549/1549/1549 1544/1544/1544
f 1578/1578/1578 1544/1544/1544 1564/1564/1564
f 1518/1518/1518 1565/1565/1565 1564/1564/1564
f 1563/1563/1563 1543/1543/1543 1577/1577/1577
f 1543/1543/1543 1562/1562/1562 1576/1576/1576
f 1562/1562/1562 1542/1542/1542 1575/1575/1575
f 1542/1542/1542 1561/1561/1561 1575/1575/1575
f 1561/1561/1561 1503/1503/1503 1559/1559/1559
f 1559/1559/1559 1541/1541/1541 1560/1560/1560
f 1558/1558/1558 1560/1560/1560 1528/1528/1528
f 1557/1557/1557 1555/1555/1555 1540/1540/1540
f 1558/1558/1558 1539/1539/1539 1556/1556/1556
f 1556/1556/1556 1538/1538/1538 1574/1574/1574
f 1538/1538/1538 1555/1555/1555 1573/1573/1573
f 1557/1557/1557 1514/1514/1514 1554/1554/1554
f 1554/1554/1554 1526/1526/1526 1553/1553/1553
f 1553/1553/1553 1525/1525/1525 1572/1572/1572
f 1525/1525/1525 1536/1536/1536 1571/1571/1571
f 1536/1536/1536 1552/1552/1552 1570/1570/1570
f 1552/1552/1552 1535/1535/1535 1569/1569/1569
f 1551/1551/1551 1535/1535/1535 1533/1533/1533
f 1522/1522/1522 1550/1550/1550 1551/1551/1551
f 363/363/363 373/373/373 364/364/364
f 368/368/368 374/374/374 355/355/355
f 364/364/364 373/373/373 368/368/368
f 355/355/355 375/375/375 369/369/369
f 365/365/365 369/369/369 372/372/372
f 369/369/369 370/370/370 366/366/366
f 372/372/372 369/369/369 356/356/356
f 371/371/371 361/361/361 370/370/370
f 371/371/371 376/376/376 367/367/367
f 1568/1568/1568 1550/1550/1550 1532/1532/1532
f 1532/1532/1532 1549/1549/1549 1568/1568/1568
f 1567/1567/1567 1548/1548/1548 1531/1531/1531
f 1566/1566/1566 1520/1520/1520 1548/1548/1548
f 1547/1547/1547 1567/1567/1567 1531/1531/1531
f 1546/1546/1546 1520/1520/1520 1566/1566/1566
f 1519/1519/1519 1546/1546/1546 1545/1545/1545
f 1518/1518/1518 1545/1545/1545 1565/1565/1565
f 1544/1544/1544 1549/1549/1549 1530/1530/1530
f 1544/1544/1544 1518/1518/1518 1564/1564/1564
f 1563/1563/1563 1517/1517/1517 1543/1543/1543
f 1543/1543/1543 1515/1515/1515 1562/1562/1562
f 1562/1562/1562 1515/1515/1515 1542/1542/1542
f 1503/1503/1503 1561/1561/1561 1542/1542/1542
f 1541/1541/1541 1528/1528/1528 1560/1560/1560
f 1503/1503/1503 1541/1541/1541 1559/1559/1559
f 1539/1539/1539 1558/1558/1558 1528/1528/1528
f 1513/1513/1513 1540/1540/1540 1555/1555/1555
f 1540/1540/1540 1514/1514/1514 1557/1557/1557
f 1539/1539/1539 1527/1527/1527 1556/1556/1556
f 1556/1556/1556 1527/1527/1527 1538/1538/1538
f 1538/1538/1538 1513/1513/1513 1555/1555/1555
f 1514/1514/1514 1526/1526/1526 1554/1554/1554
f 1526/1526/1526 1525/1525/1525 1553/1553/1553
f 1525/1525/1525 1537/1537/1537 1536/1536/1536
f 1537/1537/1537 1510/1510/1510 1536/1536/1536
f 1536/1536/1536 1523/1523/1523 1552/1552/1552
f 1535/1535/1535 1552/1552/1552 1523/1523/1523
f 1534/1534/1534 1509/1509/1509 1535/1535/1535
f 374/374/374 375/375/375 355/355/355
f 374/374/374 368/368/368 373/373/373
f 377/377/377 369/369/369 375/375/375
f 369/369/369 377/377/377 370/370/370
f 371/371/371 370/370/370 377/377/377
f 378/378/378 376/376/376 371/371/371
f 376/376/376 378/378/378 367/367/367
f 1497/1497/1497 1534/1534/1534 1535/1535/1535
f 1535/1535/1535 1509/1509/1509 1533/1533/1533
f 1533/1533/1533 1522/1522/1522 1551/1551/1551
f 1522/1522/1522 1532/1532/1532 1550/1550/1550
f 1549/1549/1549 1532/1532/1532 1521/1521/1521
f 1521/1521/1521 1530/1530/1530 1549/1549/1549
f 1531/1531/1531 1548/1548/1548 1520/1520/1520
f 1531/1531/1531 1507/1507/1507 1547/1547/1547
f 1546/1546/1546 1519/1519/1519 1520/1520/1520
f 1545/1545/1545 1518/1518/1518 1519/1519/1519
f 1544/1544/1544 1530/1530/1530 1518/1518/1518
f 1517/1517/1517 1529/1529/1529 1543/1543/1543
f 1529/1529/1529 1515/1515/1515 1543/1543/1543
f 1503/1503/1503 1542/1542/1542 1515/1515/1515
f 1541/1541/1541 1503/1503/1503 1528/1528/1528
f 1528/1528/1528 1501/1501/1501 1539/1539/1539
f 1513/1513/1513 1514/1514/1514 1540/1540/1540
f 1527/1527/1527 1539/1539/1539 1501/1501/1501
f 1527/1527/1527 1513/1513/1513 1538/1538/1538
f 1514/1514/1514 1512/1512/1512 1526/1526/1526
f 1525/1525/1525 1526/1526/1526 1511/1511/1511
f 1537/1537/1537 1525/1525/1525 1484/1484/1484
f 1524/1524/1524 1510/1510/1510 1537/1537/1537
f 1484/1484/1484 1524/1524/1524 1537/1537/1537
f 1523/1523/1523 1536/1536/1536 1510/1510/1510
f 1535/1535/1535 1523/1523/1523 1497/1497/1497
f 1534/1534/1534 1497/1497/1497 1509/1509/1509
f 1509/1509/1509 1522/1522/1522 1533/1533/1533
f 1532/1532/1532 1522/1522/1522 1495/1495/1495
f 1495/1495/1495 1521/1521/1521 1532/1532/1532
f 1530/1530/1530 1521/1521/1521 1508/1508/1508
f 374/374/374 380/380/380 375/375/375
f 373/373/373 379/379/379 374/374/374
f 375/375/375 380/380/380 377/377/377
f 378/378/378 371/371/371 377/377/377
f 1520/1520/1520 1507/1507/1507 1531/1531/1531
f 1520/1520/1520 1519/1519/1519 1494/1494/1494
f 1493/1493/1493 1519/1519/1519 1518/1518/1518
f 1506/1506/1506 1518/1518/1518 1530/1530/1530
f 1508/1508/1508 1506/1506/1506 1530/1530/1530
f 1517/1517/1517 1505/1505/1505 1529/1529/1529
f 1515/1515/1515 1529/1529/1529 1505/1505/1505
f 1516/1516/1516 1491/1491/1491 1517/1517/1517
f 1515/1515/1515 1504/1504/1504 1503/1503/1503
f 1503/1503/1503 1502/1502/1502 1528/1528/1528
f 1502/1502/1502 1501/1501/1501 1528/1528/1528
f 1513/1513/1513 1500/1500/1500 1514/1514/1514
f 1512/1512/1512 1514/1514/1514 1487/1487/1487
f 1501/1501/1501 1499/1499/1499 1527/1527/1527
f 1513/1513/1513 1527/1527/1527 1499/1499/1499
f 1526/1526/1526 1512/1512/1512 1485/1485/1485
f 1485/1485/1485 1511/1511/1511 1526/1526/1526
f 1511/1511/1511 1484/1484/1484 1525/1525/1525
f 1524/1524/1524 1484/1484/1484 1510/1510/1510
f 1510/1510/1510 1497/1497/1497 1523/1523/1523
f 1497/1497/1497 1481/1481/1481 1509/1509/1509
f 1522/1522/1522 1509/1509/1509 1496/1496/1496
f 1496/1496/1496 1495/1495/1495 1522/1522/1522
f 1495/1495/1495 1508/1508/1508 1521/1521/1521
f 1520/1520/1520 1494/1494/1494 1507/1507/1507
f 1519/1519/1519 1493/1493/1493 1494/1494/1494
f 1518/1518/1518 1506/1506/1506 1493/1493/1493
f 1506/1506/1506 1508/1508/1508 1470/1470/1470
f 1491/1491/1491 1505/1505/1505 1517/1517/1517
f 1505/1505/1505 1465/1465/1465 1515/1515/1515
f 1491/1491/1491 1516/1516/1516 1492/1492/1492
f 1504/1504/1504 1515/1515/1515 1465/1465/1465
f 1504/1504/1504 1489/1489/1489 1503/1503/1503
f 1503/1503/1503 1478/1478/1478 1502/1502/1502
f 380/380/380 374/374/374 381/381/381
f 379/379/379 381/381/381 374/374/374
f 377/377/377 380/380/380 382/382/382
f 377/377/377 383/383/383 378/378/378
f 1502/1502/1502 1488/1488/1488 1501/1501/1501
f 1477/1477/1477 1500/1500/1500 1513/1513/1513
f 1500/1500/1500 1487/1487/1487 1514/1514/1514
f 1487/1487/1487 1498/1498/1498 1512/1512/1512
f 1501/1501/1501 1486/1486/1486 1499/1499/1499
f 1499/1499/1499 1477/1477/1477 1513/1513/1513
f 1475/1475/1475 1486/1486/1486 1501/1501/1501
f 1498/1498/1498 1485/1485/1485 1512/1512/1512
f 1485/1485/1485 1484/1484/1484 1511/1511/1511
f 1484/1484/1484 1483/1483/1483 1510/1510/1510
f 1497/1497/1497 1510/1510/1510 1483/1483/1483
f 1482/1482/1482 1481/1481/1481 1497/1497/1497
f 1481/1481/1481 1496/1496/1496 1509/1509/1509
f 1496/1496/1496 1471/1471/1471 1495/1495/1495
f 1495/1495/1495 1470/1470/1470 1508/1508/1508
f 1494/1494/1494 1480/1480/1480 1507/1507/1507
f 1493/1493/1493 1468/1468/1468 1494/1494/1494
f 1470/1470/1470 1493/1493/1493 1506/1506/1506
f 1491/1491/1491 1465/1465/1465 1505/1505/1505
f 1492/1492/1492 1479/1479/1479 1491/1491/1491
f 1465/1465/1465 1490/1490/1490 1504/1504/1504
f 1490/1490/1490 1464/1464/1464 1504/1504/1504
f 1504/1504/1504 1464/1464/1464 1489/1489/1489
f 1489/1489/1489 1478/1478/1478 1503/1503/1503
f 1478/1478/1478 1488/1488/1488 1502/1502/1502
f 1488/1488/1488 1475/1475/1475 1501/1501/1501
f 1477/1477/1477 1487/1487/1487 1500/1500/1500
f 1487/1487/1487 1474/1474/1474 1498/1498/1498
f 1486/1486/1486 1476/1476/1476 1499/1499/1499
f 1477/1477/1477 1499/1499/1499 1476/1476/1476
f 1475/1475/1475 1462/1462/1462 1486/1486/1486
f 1498/1498/1498 1474/1474/1474 1485/1485/1485
f 1485/1485/1485 1460/1460/1460 1484/1484/1484
f 1483/1483/1483 1484/1484/1484 1457/1457/1457
f 1483/1483/1483 1473/1473/1473 1497/1497/1497
f 1473/1473/1473 1482/1482/1482 1497/1497/1497
f 1482/1482/1482 1472/1472/1472 1481/1481/1481
f 381/381/381 384/384/384 380/380/380
f 383/383/383 377/377/377 382/382/382
f 380/380/380 385/385/385 382/382/382
f 1481/1481/1481 1471/1471/1471 1496/1496/1496
f 1471/1471/1471 1470/1470/1470 1495/1495/1495
f 1468/1468/1468 1480/1480/1480 1494/1494/1494
f 1467/1467/1467 1468/1468/1468 1493/1493/1493
f 1467/1467/1467 1493/1493/1493 1470/1470/1470
f 1479/1479/1479 1492/1492/1492 1466/1466/1466
f 1479/1479/1479 1465/1465/1465 1491/1491/1491
f 1465/1465/1465 1464/1464/1464 1490/1490/1490
f 1464/1464/1464 1478/1478/1478 1489/1489/1489
f 1478/1478/1478 1451/1451/1451 1488/1488/1488
f 1451/1451/1451 1475/1475/1475 1488/1488/1488
f 1477/1477/1477 1463/1463/1463 1487/1487/1487
f 1463/1463/1463 1474/1474/1474 1487/1487/1487
f 1486/1486/1486 1462/1462/1462 1476/1476/1476
f 1476/1476/1476 1450/1450/1450 1477/1477/1477
f 1462/1462/1462 1475/1475/1475 1449/1449/1449
f 1474/1474/1474 1460/1460/1460 1485/1485/1485
f 1460/1460/1460 1459/1459/1459 1484/1484/1484
f 1459/1459/1459 1457/1457/1457 1484/1484/1484
f 1457/1457/1457 1473/1473/1473 1483/1483/1483
f 1482/1482/1482 1473/1473/1473 1447/1447/1447
f 1447/1447/1447 1472/1472/1472 1482/1482/1482
f 1481/1481/1481 1472/1472/1472 1456/1456/1456
f 1456/1456/1456 1471/1471/1471 1481/1481/1481
f 1470/1470/1470 1471/1471/1471 1455/1455/1455
f 1454/1454/1454 1469/1469/1469 1480/1480/1480
f 1454/1454/1454 1480/1480/1480 1468/1468/1468
f 1468/1468/1468 1467/1467/1467 1446/1446/1446
f 1437/1437/1437 1467/1467/1467 1470/1470/1470
f 1466/1466/1466 1453/1453/1453 1479/1479/1479
f 1479/1479/1479 1453/1453/1453 1465/1465/1465
f 1465/1465/1465 1452/1452/1452 1464/1464/1464
f 1464/1464/1464 1451/1451/1451 1478/1478/1478
f 1451/1451/1451 1461/1461/1461 1475/1475/1475
f 1450/1450/1450 1463/1463/1463 1477/1477/1477
f 1463/1463/1463 1443/1443/1443 1474/1474/1474
f 1450/1450/1450 1476/1476/1476 1462/1462/1462
f 1461/1461/1461 1449/1449/1449 1475/1475/1475
f 1449/1449/1449 1442/1442/1442 1462/1462/1462
f 1474/1474/1474 1443/1443/1443 1460/1460/1460
f 1459/1459/1459 1460/1460/1460 1440/1440/1440
f 1457/1457/1457 1459/1459/1459 1448/1448/1448
f 1448/1448/1448 1458/1458/1458 1457/1457/1457
f 1458/1458/1458 1429/1429/1429 1457/1457/1457
f 1457/1457/1457 1447/1447/1447 1473/1473/1473
f 1447/1447/1447 1456/1456/1456 1472/1472/1472
f 1471/1471/1471 1456/1456/1456 1438/1438/1438
f 1438/1438/1438 1455/1455/1455 1471/1471/1471
f 1455/1455/1455 1437/1437/1437 1470/1470/1470
f 1426/1426/1426 1469/1469/1469 1454/1454/1454
f 1446/1446/1446 1454/1454/1454 1468/1468/1468
f 1437/1437/1437 1446/1446/1446 1467/1467/1467
f 1466/1466/1466 1445/1445/1445 1444/1444/1444
f 1466/1466/1466 1444/1444/1444 1453/1453/1453
f 1453/1453/1453 1434/1434/1434 1465/1465/1465
f 1465/1465/1465 1434/1434/1434 1452/1452/1452
f 1452/1452/1452 1433/1433/1433 1464/1464/1464
f 1433/1433/1433 1451/1451/1451 1464/1464/1464
f 1461/1461/1461 1451/1451/1451 1441/1441/1441
f 1450/1450/1450 1443/1443/1443 1463/1463/1463
f 1462/1462/1462 1432/1432/1432 1450/1450/1450
f 1432/1432/1432 1462/1462/1462 1442/1442/1442
f 1449/1449/1449 1461/1461/1461 1441/1441/1441
f 1449/1449/1449 1430/1430/1430 1442/1442/1442
f 1443/1443/1443 1440/1440/1440 1460/1460/1460
f 1440/1440/1440 1448/1448/1448 1459/1459/1459
f 1448/1448/1448 1429/1429/1429 1458/1458/1458
f 1429/1429/1429 1447/1447/1447 1457/1457/1457
f 1447/1447/1447 1439/1439/1439 1456/1456/1456
f 1439/1439/1439 1438/1438/1438 1456/1456/1456
f 1438/1438/1438 1437/1437/1437 1455/1455/1455
f 1454/1454/1454 1446/1446/1446 1426/1426/1426
f 1436/1436/1436 1446/1446/1446 1437/1437/1437
f 1445/1445/1445 1435/1435/1435 1444/1444/1444
f 1434/1434/1434 1453/1453/1453 1444/1444/1444
f 1433/1433/1433 1452/1452/1452 1434/1434/1434
f 1433/1433/1433 1441/1441/1441 1451/1451/1451
f 1450/1450/1450 1432/1432/1432 1443/1443/1443
f 1442/1442/1442 1431/1431/1431 1432/1432/1432
f 1449/1449/1449 1441/1441/1441 1430/1430/1430
f 1430/1430/1430 1422/1422/1422 1442/1442/1442
f 1423/1423/1423 1440/1440/1440 1443/1443/1443
f 1440/1440/1440 1429/1429/1429 1448/1448/1448
f 1429/1429/1429 1428/1428/1428 1447/1447/1447
f 1428/1428/1428 1439/1439/1439 1447/1447/1447
f 1439/1439/1439 1413/1413/1413 1438/1438/1438
f 1427/1427/1427 1437/1437/1437 1438/1438/1438
f 1446/1446/1446 1436/1436/1436 1426/1426/1426
f 1418/1418/1418 1436/1436/1436 1437/1437/1437
f 1444/1444/1444 1435/1435/1435 1401/1401/1401
f 1445/1445/1445 1425/1425/1425 1435/1435/1435
f 1444/1444/1444 1401/1401/1401 1434/1434/1434
f 1434/1434/1434 1424/1424/1424 1433/1433/1433
f 1433/1433/1433 1416/1416/1416 1441/1441/1441
f 1432/1432/1432 1423/1423/1423 1443/1443/1443
f 1431/1431/1431 1442/1442/1442 1422/1422/1422
f 1431/1431/1431 1414/1414/1414 1432/1432/1432
f 1416/1416/1416 1430/1430/1430 1441/1441/1441
f 1422/1422/1422 1430/1430/1430 1421/1421/1421
f 1423/1423/1423 1420/1420/1420 1440/1440/1440
f 1429/1429/1429 1440/1440/1440 1420/1420/1420
f 1429/1429/1429 1412/1412/1412 1428/1428/1428
f 1428/1428/1428 1413/1413/1413 1439/1439/1439
f 1413/1413/1413 1427/1427/1427 1438/1438/1438
f 1427/1427/1427 1418/1418/1418 1437/1437/1437
f 1418/1418/1418 1426/1426/1426 1436/1436/1436
f 1435/1435/1435 1425/1425/1425 1401/1401/1401
f 1424/1424/1424 1434/1434/1434 1401/1401/1401
f 1424/1424/1424 1416/1416/1416 1433/1433/1433
f 1432/1432/1432 1414/1414/1414 1423/1423/1423
f 1422/1422/1422 1415/1415/1415 1431/1431/1431
f 1414/1414/1414 1431/1431/1431 1415/1415/1415
f 1416/1416/1416 1407/1407/1407 1430/1430/1430
f 1421/1421/1421 1430/1430/1430 1407/1407/1407
f 1421/1421/1421 1408/1408/1408 1422/1422/1422
f 1423/1423/1423 1410/1410/1410 1420/1420/1420
f 1429/1429/1429 1420/1420/1420 1405/1405/1405
f 1405/1405/1405 1419/1419/1419 1429/1429/1429
f 1419/1419/1419 1412/1412/1412 1429/1429/1429
f 1412/1412/1412 1413/1413/1413 1428/1428/1428
f 1413/1413/1413 1411/1411/1411 1427/1427/1427
f 1411/1411/1411 1418/1418/1418 1427/1427/1427
f 1418/1418/1418 1406/1406/1406 1426/1426/1426
f 1401/1401/1401 1425/1425/1425 1417/1417/1417
f 1424/1424/1424 1401/1401/1401 1416/1416/1416
f 1414/1414/1414 1410/1410/1410 1423/1423/1423
f 1408/1408/1408 1415/1415/1415 1422/1422/1422
f 1414/1414/1414 1415/1415/1415 1399/1399/1399
f 1416/1416/1416 1409/1409/1409 1407/1407/1407
f 1407/1407/1407 1408/1408/1408 1421/1421/1421
f 1410/1410/1410 1405/1405/1405 1420/1420/1420
f 1412/1412/1412 1419/1419/1419 1405/1405/1405
f 1412/1412/1412 1404/1404/1404 1413/1413/1413
f 1413/1413/1413 1397/1397/1397 1411/1411/1411
f 1418/1418/1418 1411/1411/1411 1403/1403/1403
f 1403/1403/1403 1406/1406/1406 1418/1418/1418
f 1417/1417/1417 1402/1402/1402 1401/1401/1401
f 1401/1401/1401 1409/1409/1409 1416/1416/1416
f 1414/1414/1414 1400/1400/1400 1410/1410/1410
f 1399/1399/1399 1415/1415/1415 1408/1408/1408
f 1399/1399/1399 1400/1400/1400 1414/1414/1414
f 1409/1409/1409 1398/1398/1398 1407/1407/1407
f 1407/1407/1407 1392/1392/1392 1408/1408/1408
f 1390/1390/1390 1405/1405/1405 1410/1410/1410
f 1412/1412/1412 1405/1405/1405 1383/1383/1383
f 1404/1404/1404 1397/1397/1397 1413/1413/1413
f 1412/1412/1412 1383/1383/1383 1404/1404/1404
f 1397/1397/1397 1403/1403/1403 1411/1411/1411
f 1396/1396/1396 1406/1406/1406 1403/1403/1403
f 1402/1402/1402 1388/1388/1388 1401/1401/1401
f 1401/1401/1401 1393/1393/1393 1409/1409/1409
f 1400/1400/1400 1390/1390/1390 1410/1410/1410
f 1408/1408/1408 1394/1394/1394 1399/1399/1399
f 1399/1399/1399 1387/1387/1387 1400/1400/1400
f 1409/1409/1409 1393/1393/1393 1398/1398/1398
f 1392/1392/1392 1394/1394/1394 1408/1408/1408
f 1398/1398/1398 1392/1392/1392 1407/1407/1407
f 1406/1406/1406 1396/1396/1396 1391/1391/1391
f 1390/1390/1390 1383/1383/1383 1405/1405/1405
f 1383/1383/1383 1397/1397/1397 1404/1404/1404
f 1403/1403/1403 1397/1397/1397 1389/1389/1389
f 1389/1389/1389 1396/1396/1396 1403/1403/1403
f 1402/1402/1402 1395/1395/1395 1388/1388/1388
f 1401/1401/1401 1388/1388/1388 1393/1393/1393
f 1387/1387/1387 1390/1390/1390 1400/1400/1400
f 1394/1394/1394 1387/1387/1387 1399/1399/1399
f 1393/1393/1393 1385/1385/1385 1398/1398/1398
f 1392/1392/1392 1371/1371/1371 1394/1394/1394
f 1398/1398/1398 1385/1385/1385 1392/1392/1392
f 1396/1396/1396 1378/1378/1378 1391/1391/1391
f 1390/1390/1390 1377/1377/1377 1383/1383/1383
f 1383/1383/1383 1389/1389/1389 1397/1397/1397
f 1389/1389/1389 1382/1382/1382 1396/1396/1396
f 1382/1382/1382 1378/1378/1378 1396/1396/1396
f 1391/1391/1391 1384/1384/1384 1381/1381/1381
f 1395/1395/1395 1380/1380/1380 1388/1388/1388
f 1388/1388/1388 1373/1373/1373 1393/1393/1393
f 1387/1387/1387 1379/1379/1379 1390/1390/1390
f 1371/1371/1371 1387/1387/1387 1394/1394/1394
f 1373/1373/1373 1386/1386/1386 1393/1393/1393
f 1386/1386/1386 1370/1370/1370 1393/1393/1393
f 1393/1393/1393 1370/1370/1370 1385/1385/1385
f 1392/1392/1392 1385/1385/1385 1371/1371/1371
f 1378/1378/1378 1384/1384/1384 1391/1391/1391
f 1379/1379/1379 1377/1377/1377 1390/1390/1390
f 1377/1377/1377 1376/1376/1376 1383/1383/1383
f 1368/1368/1368 1389/1389/1389 1383/1383/1383
f 1368/1368/1368 1382/1382/1382 1389/1389/1389
f 1375/1375/1375 1378/1378/1378 1382/1382/1382
f 1384/1384/1384 1367/1367/1367 1381/1381/1381
f 1380/1380/1380 1373/1373/1373 1388/1388/1388
f 1379/1379/1379 1387/1387/1387 1371/1371/1371
f 1370/1370/1370 1386/1386/1386 1373/1373/1373
f 1371/1371/1371 1385/1385/1385 1370/1370/1370
f 1378/1378/1378 1367/1367/1367 1384/1384/1384
f 1364/1364/1364 1369/1369/1369 1379/1379/1379
f 1379/1379/1379 1369/1369/1369 1377/1377/1377
f 1375/1375/1375 1362/1362/1362 1378/1378/1378
f 1377/1377/1377 1353/1353/1353 1376/1376/1376
f 1376/1376/1376 1368/1368/1368 1383/1383/1383
f 1382/1382/1382 1368/1368/1368 1375/1375/1375
f 1367/1367/1367 1374/1374/1374 1381/1381/1381
f 1380/1380/1380 1357/1357/1357 1373/1373/1373
f 1357/1357/1357 1380/1380/1380 1372/1372/1372
f 1379/1379/1379 1371/1371/1371 1364/1364/1364
f 1373/1373/1373 1365/1365/1365 1370/1370/1370
f 1370/1370/1370 1355/1355/1355 1371/1371/1371
f 1362/1362/1362 1367/1367/1367 1378/1378/1378
f 1361/1361/1361 1364/1364/1364 1363/1363/1363
f 1361/1361/1361 1369/1369/1369 1364/1364/1364
f 1369/1369/1369 1353/1353/1353 1377/1377/1377
f 1360/1360/1360 1362/1362/1362 1375/1375/1375
f 1376/1376/1376 1353/1353/1353 1368/1368/1368
f 1368/1368/1368 1360/1360/1360 1375/1375/1375
f 1359/1359/1359 1374/1374/1374 1367/1367/1367
f 1359/1359/1359 1358/1358/1358 1374/1374/1374
f 1373/1373/1373 1357/1357/1357 1365/1365/1365
f 1372/1372/1372 1356/1356/1356 1357/1357/1357
f 1356/1356/1356 1372/1372/1372 1366/1366/1366
f 1371/1371/1371 1355/1355/1355 1364/1364/1364
f 1355/1355/1355 1370/1370/1370 1365/1365/1365
f 1364/1364/1364 1354/1354/1354 1363/1363/1363
f 1362/1362/1362 1346/1346/1346 1367/1367/1367
f 1363/1363/1363 1339/1339/1339 1361/1361/1361
f 1361/1361/1361 1353/1353/1353 1369/1369/1369
f 1348/1348/1348 1362/1362/1362 1360/1360/1360
f 1353/1353/1353 1360/1360/1360 1368/1368/1368
f 1367/1367/1367 1346/1346/1346 1359/1359/1359
f 1345/1345/1345 1358/1358/1358 1359/1359/1359
f 1365/1365/1365 1357/1357/1357 1350/1350/1350
f 1356/1356/1356 1343/1343/1343 1357/1357/1357
f 1366/1366/1366 1351/1351/1351 1356/1356/1356
f 1355/1355/1355 1342/1342/1342 1364/1364/1364
f 1365/1365/1365 1350/1350/1350 1355/1355/1355
f 1364/1364/1364 1342/1342/1342 1354/1354/1354
f 1363/1363/1363 1354/1354/1354 1349/1349/1349
f 1363/1363/1363 1349/1349/1349 1339/1339/1339
f 1348/1348/1348 1346/1346/1346 1362/1362/1362
f 1361/1361/1361 1339/1339/1339 1353/1353/1353
f 1360/1360/1360 1353/1353/1353 1348/1348/1348
f 1346/1346/1346 1352/1352/1352 1359/1359/1359
f 1359/1359/1359 1352/1352/1352 1345/1345/1345
f 1358/1358/1358 1345/1345/1345 1344/1344/1344
f 1357/1357/1357 1343/1343/1343 1350/1350/1350
f 1351/1351/1351 1343/1343/1343 1356/1356/1356
f 1355/1355/1355 1350/1350/1350 1342/1342/1342
f 1342/1342/1342 1349/1349/1349 1354/1354/1354
f 1339/1339/1339 1349/1349/1349 1335/1335/1335
f 1348/1348/1348 1340/1340/1340 1346/1346/1346
f 1339/1339/1339 1348/1348/1348 1353/1353/1353
f 1352/1352/1352 1346/1346/1346 1338/1338/1338
f 1338/1338/1338 1345/1345/1345 1352/1352/1352
f 1333/1333/1333 1344/1344/1344 1345/1345/1345
f 1350/1350/1350 1343/1343/1343 1336/1336/1336
f 1351/1351/1351 1321/1321/1321 1343/1343/1343
f 1342/1342/1342 1350/1350/1350 1336/1336/1336
f 1342/1342/1342 1335/1335/1335 1349/1349/1349
f 1339/1339/1339 1335/1335/1335 1341/1341/1341
f 1340/1340/1340 1327/1327/1327 1346/1346/1346
f 1334/1334/1334 1340/1340/1340 1348/1348/1348
f 1339/1339/1339 1334/1334/1334 1348/1348/1348
f 1341/1341/1341 1331/1331/1331 1339/1339/1339
f 1337/1337/1337 1330/1330/1330 1347/1347/1347
f 1327/1327/1327 1338/1338/1338 1346/1346/1346
f 1338/1338/1338 1333/1333/1333 1345/1345/1345
f 1333/1333/1333 1337/1337/1337 1344/1344/1344
f 1343/1343/1343 1321/1321/1321 1336/1336/1336
f 1336/1336/1336 1332/1332/1332 1342/1342/1342
f 1332/1332/1332 1335/1335/1335 1342/1342/1342
f 1335/1335/1335 1331/1331/1331 1341/1341/1341
f 1340/1340/1340 1334/1334/1334 1327/1327/1327
f 1331/1331/1331 1334/1334/1334 1339/1339/1339
f 1337/1337/1337 1329/1329/1329 1330/1330/1330
f 1338/1338/1338 1327/1327/1327 1333/1333/1333
f 1329/1329/1329 1337/1337/1337 1333/1333/1333
f 1321/1321/1321 1332/1332/1332 1336/1336/1336
f 1332/1332/1332 1328/1328/1328 1335/1335/1335
f 1328/1328/1328 1331/1331/1331 1335/1335/1335
f 1331/1331/1331 1327/1327/1327 1334/1334/1334
f 1326/1326/1326 1330/1330/1330 1329/1329/1329
f 1333/1333/1333 1327/1327/1327 1325/1325/1325
f 1325/1325/1325 1329/1329/1329 1333/1333/1333
f 1317/1317/1317 1326/1326/1326 1329/1329/1329
f 1328/1328/1328 1332/1332/1332 1321/1321/1321
f 1328/1328/1328 1320/1320/1320 1331/1331/1331
f 1327/1327/1327 1331/1331/1331 1320/1320/1320
f 1326/1326/1326 1324/1324/1324 1330/1330/1330
f 1327/1327/1327 1323/1323/1323 1325/1325/1325
f 1329/1329/1329 1325/1325/1325 1317/1317/1317
f 1326/1326/1326 1317/1317/1317 1319/1319/1319
f 1328/1328/1328 1321/1321/1321 1320/1320/1320
f 1320/1320/1320 1323/1323/1323 1327/1327/1327
f 1319/1319/1319 1324/1324/1324 1326/1326/1326
f 1323/1323/1323 1318/1318/1318 1325/1325/1325
f 1325/1325/1325 1318/1318/1318 1317/1317/1317
f 1316/1316/1316 1319/1319/1319 1317/1317/1317
f 1320/1320/1320 1321/1321/1321 1311/1311/1311
f 1306/1306/1306 1323/1323/1323 1320/1320/1320
f 1319/1319/1319 1310/1310/1310 1324/1324/1324
f 1318/1318/1318 1323/1323/1323 1306/1306/1306
f 1309/1309/1309 1317/1317/1317 1318/1318/1318
f 1303/1303/1303 1316/1316/1316 1317/1317/1317
f 1319/1319/1319 1316/1316/1316 1305/1305/1305
f 1322/1322/1322 1315/1315/1315 1308/1308/1308
f 1314/1314/1314 1322/1322/1322 1308/1308/1308
f 1314/1314/1314 1301/1301/1301 1313/1313/1313
f 1313/1313/1313 1300/1300/1300 1312/1312/1312
f 1312/1312/1312 1307/1307/1307 1321/1321/1321
f 1307/1307/1307 1311/1311/1311 1321/1321/1321
f 1320/1320/1320 1311/1311/1311 1306/1306/1306
f 1305/1305/1305 1310/1310/1310 1319/1319/1319
f 1304/1304/1304 1309/1309/1309 1318/1318/1318
f 1318/1318/1318 1306/1306/1306 1304/1304/1304
f 1317/1317/1317 1309/1309/1309 1303/1303/1303
f 1303/1303/1303 1305/1305/1305 1316/1316/1316
f 1315/1315/1315 1302/1302/1302 1308/1308/1308
f 1301/1301/1301 1314/1314/1314 1308/1308/1308
f 1300/1300/1300 1313/1313/1313 1301/1301/1301
f 1312/1312/1312 1300/1300/1300 1307/1307/1307
f 1307/1307/1307 1299/1299/1299 1311/1311/1311
f 1311/1311/1311 1299/1299/1299 1306/1306/1306
f 1310/1310/1310 1297/1297/1297 1298/1298/1298
f 1310/1310/1310 1305/1305/1305 1297/1297/1297
f 1309/1309/1309 1304/1304/1304 1291/1291/1291
f 1306/1306/1306 1293/1293/1293 1304/1304/1304
f 1291/1291/1291 1303/1303/1303 1309/1309/1309
f 1292/1292/1292 1305/1305/1305 1303/1303/1303
f 1308/1308/1308 1302/1302/1302 1296/1296/1296
f 1308/1308/1308 1296/1296/1296 1301/1301/1301
f 1301/1301/1301 1295/1295/1295 1300/1300/1300
f 1300/1300/1300 1294/1294/1294 1307/1307/1307
f 1299/1299/1299 1307/1307/1307 1294/1294/1294
f 1299/1299/1299 1293/1293/1293 1306/1306/1306
f 1297/1297/1297 1286/1286/1286 1298/1298/1298
f 1292/1292/1292 1297/1297/1297 1305/1305/1305
f 1293/1293/1293 1291/1291/1291 1304/1304/1304
f 1291/1291/1291 1292/1292/1292 1303/1303/1303
f 1296/1296/1296 1302/1302/1302 1290/1290/1290
f 1296/1296/1296 1284/1284/1284 1301/1301/1301
f 1295/1295/1295 1301/1301/1301 1284/1284/1284
f 1295/1295/1295 1289/1289/1289 1300/1300/1300
f 1300/1300/1300 1289/1289/1289 1294/1294/1294
f 1294/1294/1294 1282/1282/1282 1299/1299/1299
f 1293/1293/1293 1299/1299/1299 1282/1282/1282
f 1298/1298/1298 1286/1286/1286 1287/1287/1287
f 1286/1286/1286 1297/1297/1297 1292/1292/1292
f 1285/1285/1285 1291/1291/1291 1293/1293/1293
f 1280/1280/1280 1292/1292/1292 1291/1291/1291
f 1284/1284/1284 1296/1296/1296 1290/1290/1290
f 1289/1289/1289 1295/1295/1295 1284/1284/1284
f 1289/1289/1289 1283/1283/1283 1294/1294/1294
f 1282/1282/1282 1294/1294/1294 1283/1283/1283
f 1282/1282/1282 1285/1285/1285 1293/1293/1293
f 1277/1277/1277 1287/1287/1287 1286/1286/1286
f 1280/1280/1280 1286/1286/1286 1292/1292/1292
f 1285/1285/1285 1280/1280/1280 1291/1291/1291
f 1279/1279/1279 1284/1284/1284 1290/1290/1290
f 1289/1289/1289 1284/1284/1284 1276/1276/1276
f 1289/1289/1289 1276/1276/1276 1283/1283/1283
f 1283/1283/1283 1278/1278/1278 1282/1282/1282
f 1282/1282/1282 1275/1275/1275 1285/1285/1285
f 1281/1281/1281 1273/1273/1273 1288/1288/1288
f 1287/1287/1287 1277/1277/1277 1281/1281/1281
f 1286/1286/1286 1280/1280/1280 1277/1277/1277
f 1275/1275/1275 1280/1280/1280 1285/1285/1285
f 1276/1276/1276 1284/1284/1284 1279/1279/1279
f 1276/1276/1276 1278/1278/1278 1283/1283/1283
f 1278/1278/1278 1275/1275/1275 1282/1282/1282
f 1277/1277/1277 1273/1273/1273 1281/1281/1281
f 1280/1280/1280 1275/1275/1275 1277/1277/1277
f 1276/1276/1276 1279/1279/1279 1274/1274/1274
f 1271/1271/1271 1278/1278/1278 1276/1276/1276
f 1275/1275/1275 1278/1278/1278 1271/1271/1271
f 1277/1277/1277 1275/1275/1275 1273/1273/1273
f 1271/1271/1271 1276/1276/1276 1274/1274/1274
f 1273/1273/1273 1275/1275/1275 1271/1271/1271
f 1274/1274/1274 1272/1272/1272 1271/1271/1271
f 1271/1271/1271 1272/1272/1272 1273/1273/1273
f 1270/1270/1270 1265/1265/1265 1256/1256/1256
f 1269/1269/1269 1266/1266/1266 1268/1268/1268
f 1266/1266/1266 1267/1267/1267 1268/1268/1268
f 1266/1266/1266 1250/1250/1250 1267/1267/1267
f 1263/1263/1263 1264/1264/1264 1258/1258/1258
f 1265/1265/1265 1263/1263/1263 1261/1261/1261
f 1264/1264/1264 1262/1262/1262 1258/1258/1258
f 1258/1258/1258 1261/1261/1261 1263/1263/1263
f 1258/1258/1258 1262/1262/1262 1260/1260/1260
f 1257/1257/1257 1260/1260/1260 1259/1259/1259
f 1261/1261/1261 1258/1258/1258 1256/1256/1256
f 1258/1258/1258 1260/1260/1260 1257/1257/1257
f 1257/1257/1257 1259/1259/1259 1255/1255/1255
f 1256/1256/1256 1258/1258/1258 1257/1257/1257
f 1255/1255/1255 1256/1256/1256 1257/1257/1257
f 1251/1251/1251 1253/1253/1253 1254/1254/1254
f 1252/1252/1252 1253/1253/1253 1248/1248/1248
f 1248/1248/1248 1253/1253/1253 1251/1251/1251
f 1250/1250/1250 1252/1252/1252 1248/1248/1248
f 1248/1248/1248 1251/1251/1251 1249/1249/1249
f 1250/1250/1250 1248/1248/1248 1247/1247/1247
f 1247/1247/1247 1248/1248/1248 1249/1249/1249
f 1246/1246/1246 1244/1244/1244 1245/1245/1245
f 1242/1242/1242 1244/1244/1244 1246/1246/1246
f 1245/1245/1245 1244/1244/1244 1243/1243/1243
f 1242/1242/1242 1243/1243/1243 1244/1244/1244
f 1241/1241/1241 1238/1238/1238 1240/1240/1240
f 1239/1239/1239 1240/1240/1240 1238/1238/1238
f 1237/1237/1237 1239/1239/1239 1238/1238/1238
f 1238/1238/1238 1235/1235/1235 1237/1237/1237
f 1235/1235/1235 1238/1238/1238 1236/1236/1236
f 1237/1237/1237 1235/1235/1235 1234/1234/1234
f 1236/1236/1236 1233/1233/1233 1235/1235/1235
f 1235/1235/1235 1233/1233/1233 1234/1234/1234
f 1232/1232/1232 1234/1234/1234 1233/1233/1233
f 1230/1230/1230 1233/1233/1233 1231/1231/1231
f 1233/1233/1233 1228/1228/1228 1232/1232/1232
f 1230/1230/1230 1231/1231/1231 1229/1229/1229
f 1228/1228/1228 1233/1233/1233 1230/1230/1230
f 1231/1231/1231 1224/1224/1224 1229/1229/1229
f 1226/1226/1226 1230/1230/1230 1229/1229/1229
f 1230/1230/1230 1226/1226/1226 1228/1228/1228
f 1229/1229/1229 1224/1224/1224 1227/1227/1227
f 1227/1227/1227 1223/1223/1223 1229/1229/1229
f 1229/1229/1229 1223/1223/1223 1222/1222/1222
f 1229/1229/1229 1222/1222/1222 1226/1226/1226
f 1220/1220/1220 1228/1228/1228 1226/1226/1226
f 1225/1225/1225 1221/1221/1221 1224/1224/1224
f 1224/1224/1224 1219/1219/1219 1227/1227/1227
f 1223/1223/1223 1227/1227/1227 1219/1219/1219
f 1223/1223/1223 1217/1217/1217 1222/1222/1222
f 1220/1220/1220 1226/1226/1226 1222/1222/1222
f 1216/1216/1216 1221/1221/1221 1225/1225/1225
f 1221/1221/1221 1219/1219/1219 1224/1224/1224
f 1223/1223/1223 1219/1219/1219 1218/1218/1218
f 1217/1217/1217 1223/1223/1223 1218/1218/1218
f 1222/1222/1222 1217/1217/1217 1220/1220/1220
f 1216/1216/1216 1219/1219/1219 1221/1221/1221
f 1218/1218/1218 1219/1219/1219 1215/1215/1215
f 1217/1217/1217 1218/1218/1218 1212/1212/1212
f 1219/1219/1219 1213/1213/1213 1215/1215/1215
f 1219/1219/1219 1216/1216/1216 1213/1213/1213
f 1215/1215/1215 1212/1212/1212 1218/1218/1218
f 1213/1213/1213 1210/1210/1210 1215/1215/1215
f 1216/1216/1216 1214/1214/1214 1211/1211/1211
f 1211/1211/1211 1213/1213/1213 1216/1216/1216
f 1215/1215/1215 1210/1210/1210 1212/1212/1212
f 1209/1209/1209 1210/1210/1210 1213/1213/1213
f 1214/1214/1214 1207/1207/1207 1211/1211/1211
f 1211/1211/1211 1206/1206/1206 1213/1213/1213
f 1206/1206/1206 1209/1209/1209 1213/1213/1213
f 1209/1209/1209 1190/1190/1190 1210/1210/1210
f 1207/1207/1207 1202/1202/1202 1211/1211/1211
f 1202/1202/1202 1206/1206/1206 1211/1211/1211
f 1209/1209/1209 1206/1206/1206 1195/1195/1195
f 1195/1195/1195 1205/1205/1205 1209/1209/1209
f 1205/1205/1205 1190/1190/1190 1209/1209/1209
f 1204/1204/1204 1188/1188/1188 1208/1208/1208
f 1208/1208/1208 1188/1188/1188 1203/1203/1203
f 1203/1203/1203 1187/1187/1187 1207/1207/1207
f 1202/1202/1202 1207/1207/1207 1187/1187/1187
f 1202/1202/1202 1195/1195/1195 1206/1206/1206
f 1201/1201/1201 1185/1185/1185 1200/1200/1200
f 1198/1198/1198 1193/1193/1193 1204/1204/1204
f 1193/1193/1193 1196/1196/1196 1204/1204/1204
f 1197/1197/1197 1191/1191/1191 1198/1198/1198
f 1195/1195/1195 1189/1189/1189 1205/1205/1205
f 1190/1190/1190 1205/1205/1205 1189/1189/1189
f 1188/1188/1188 1204/1204/1204 1196/1196/1196
f 1187/1187/1187 1203/1203/1203 1188/1188/1188
f 1187/1187/1187 1195/1195/1195 1202/1202/1202
f 1201/1201/1201 1186/1186/1186 1185/1185/1185
f 1184/1184/1184 1200/1200/1200 1185/1185/1185
f 1199/1199/1199 1183/1183/1183 1192/1192/1192
f 1194/1194/1194 1182/1182/1182 1199/1199/1199
f 1199/1199/1199 1182/1182/1182 1183/1183/1183
f 1198/1198/1198 1181/1181/1181 1193/1193/1193
f 1193/1193/1193 1169/1169/1169 1196/1196/1196
f 1191/1191/1191 1181/1181/1181 1198/1198/1198
f 1180/1180/1180 1191/1191/1191 1197/1197/1197
f 1173/1173/1173 1189/1189/1189 1195/1195/1195
f 1189/1189/1189 1174/1174/1174 1190/1190/1190
f 1196/1196/1196 1169/1169/1169 1188/1188/1188
f 1188/1188/1188 1171/1171/1171 1187/1187/1187
f 1187/1187/1187 1173/1173/1173 1195/1195/1195
f 1184/1184/1184 1177/1177/1177 1194/1194/1194
f 1186/1186/1186 1179/1179/1179 1185/1185/1185
f 1185/1185/1185 1178/1178/1178 1184/1184/1184
f 1183/1183/1183 1165/1165/1165 1192/1192/1192
f 1194/1194/1194 1177/1177/1177 1182/1182/1182
f 1176/1176/1176 1183/1183/1183 1182/1182/1182
f 1169/1169/1169 1193/1193/1193 1181/1181/1181
f 1191/1191/1191 1162/1162/1162 1181/1181/1181
f 1180/1180/1180 1192/1192/1192 1165/1165/1165
f 1180/1180/1180 1162/1162/1162 1191/1191/1191
f 1173/1173/1173 1172/1172/1172 1189/1189/1189
f 1174/1174/1174 1189/1189/1189 1172/1172/1172
f 1171/1171/1171 1188/1188/1188 1169/1169/1169
f 1171/1171/1171 1170/1170/1170 1187/1187/1187
f 1170/1170/1170 1173/1173/1173 1187/1187/1187
f 1186/1186/1186 1168/1168/1168 1179/1179/1179
f 1184/1184/1184 1157/1157/1157 1177/1177/1177
f 1185/1185/1185 1179/1179/1179 1167/1167/1167
f 1185/1185/1185 1167/1167/1167 1178/1178/1178
f 1157/1157/1157 1184/1184/1184 1178/1178/1178
f 1165/1165/1165 1183/1183/1183 1176/1176/1176
f 1164/1164/1164 1182/1182/1182 1177/1177/1177
f 1155/1155/1155 1177/1177/1177 1166/1166/1166
f 1182/1182/1182 1164/1164/1164 1176/1176/1176
f 1166/1166/1166 1175/1175/1175 1155/1155/1155
f 1181/1181/1181 1162/1162/1162 1169/1169/1169
f 1162/1162/1162 1180/1180/1180 1165/1165/1165
f 1152/1152/1152 1172/1172/1172 1173/1173/1173
f 1172/1172/1172 1153/1153/1153 1174/1174/1174
f 1169/1169/1169 1161/1161/1161 1171/1171/1171
f 1171/1171/1171 1151/1151/1151 1170/1170/1170
f 1170/1170/1170 1160/1160/1160 1173/1173/1173
f 1169/1169/1169 1159/1159/1159 1161/1161/1161
f 1150/1150/1150 1179/1179/1179 1168/1168/1168
f 1157/1157/1157 1166/1166/1166 1177/1177/1177
f 1179/1179/1179 1150/1150/1150 1167/1167/1167
f 1157/1157/1157 1178/1178/1178 1167/1167/1167
f 1166/1166/1166 1156/1156/1156 1175/1175/1175
f 1163/1163/1163 1175/1175/1175 1156/1156/1156
f 1176/1176/1176 1140/1140/1140 1165/1165/1165
f 1177/1177/1177 1155/1155/1155 1164/1164/1164
f 1176/1176/1176 1164/1164/1164 1140/1140/1140
f 1175/1175/1175 1163/1163/1163 1155/1155/1155
f 1162/1162/1162 1149/1149/1149 1169/1169/1169
f 1165/1165/1165 1154/1154/1154 1162/1162/1162
f 1160/1160/1160 1152/1152/1152 1173/1173/1173
f 1152/1152/1152 1153/1153/1153 1172/1172/1172
f 1161/1161/1161 1151/1151/1151 1171/1171/1171
f 1151/1151/1151 1160/1160/1160 1170/1170/1170
f 1149/1149/1149 1159/1159/1159 1169/1169/1169
f 1159/1159/1159 1145/1145/1145 1161/1161/1161
f 1168/1168/1168 1144/1144/1144 1158/1158/1158
f 1168/1168/1168 1158/1158/1158 1150/1150/1150
f 1157/1157/1157 1143/1143/1143 1166/1166/1166
f 1157/1157/1157 1167/1167/1167 1150/1150/1150
f 1166/1166/1166 1143/1143/1143 1156/1156/1156
f 1141/1141/1141 1163/1163/1163 1156/1156/1156
f 1165/1165/1165 1140/1140/1140 1154/1154/1154
f 1140/1140/1140 1164/1164/1164 1155/1155/1155
f 1163/1163/1163 1141/1141/1141 1155/1155/1155
f 1149/1149/1149 1162/1162/1162 1154/1154/1154
f 1152/1152/1152 1160/1160/1160 1130/1130/1130
f 1152/1152/1152 1139/1139/1139 1153/1153/1153
f 1161/1161/1161 1145/1145/1145 1151/1151/1151
f 1151/1151/1151 1130/1130/1130 1160/1160/1160
f 1149/1149/1149 1145/1145/1145 1159/1159/1159
f 1150/1150/1150 1158/1158/1158 1144/1144/1144
f 1157/1157/1157 1150/1150/1150 1143/1143/1143
f 1143/1143/1143 1142/1142/1142 1156/1156/1156
f 1142/1142/1142 1134/1134/1134 1156/1156/1156
f 1156/1156/1156 1134/1134/1134 1141/1141/1141
f 1140/1140/1140 1148/1148/1148 1154/1154/1154
f 1155/1155/1155 1141/1141/1141 1140/1140/1140
f 1154/1154/1154 1131/1131/1131 1149/1149/1149
f 1148/1148/1148 1131/1131/1131 1154/1154/1154
f 1139/1139/1139 1147/1147/1147 1153/1153/1153
f 1130/1130/1130 1146/1146/1146 1152/1152/1152
f 1146/1146/1146 1139/1139/1139 1152/1152/1152
f 1145/1145/1145 1130/1130/1130 1151/1151/1151
f 1149/1149/1149 1138/1138/1138 1145/1145/1145
f 1137/1137/1137 1150/1150/1150 1144/1144/1144
f 1150/1150/1150 1137/1137/1137 1136/1136/1136
f 1150/1150/1150 1136/1136/1136 1143/1143/1143
f 1143/1143/1143 1125/1125/1125 1142/1142/1142
f 1134/1134/1134 1142/1142/1142 1135/1135/1135
f 1134/1134/1134 1133/1133/1133 1141/1141/1141
f 1140/1140/1140 1132/1132/1132 1148/1148/1148
f 1128/1128/1128 1140/1140/1140 1141/1141/1141
f 1131/1131/1131 1138/1138/1138 1149/1149/1149
f 1131/1131/1131 1148/1148/1148 1132/1132/1132
f 1130/1130/1130 1139/1139/1139 1146/1146/1146
f 1130/1130/1130 1145/1145/1145 1138/1138/1138
f 1144/1144/1144 1064/1064/1064 1137/1137/1137
f 1136/1136/1136 1137/1137/1137 1129/1129/1129
f 1136/1136/1136 1125/1125/1125 1143/1143/1143
f 1125/1125/1125 1135/1135/1135 1142/1142/1142
f 1135/1135/1135 1124/1124/1124 1134/1134/1134
f 1141/1141/1141 1133/1133/1133 1128/1128/1128
f 1134/1134/1134 1120/1120/1120 1133/1133/1133
f 1140/1140/1140 1128/1128/1128 1132/1132/1132
f 1138/1138/1138 1131/1131/1131 1127/1127/1127
f 1132/1132/1132 1119/1119/1119 1131/1131/1131
f 1126/1126/1126 1138/1138/1138 1127/1127/1127
f 1130/1130/1130 1123/1123/1123 1139/1139/1139
f 1138/1138/1138 1126/1126/1126 1130/1130/1130
f 1064/1064/1064 1129/1129/1129 1137/1137/1137
f 1129/1129/1129 1125/1125/1125 1136/1136/1136
f 1124/1124/1124 1135/1135/1135 1125/1125/1125
f 1120/1120/1120 1134/1134/1134 1124/1124/1124
f 1133/1133/1133 1120/1120/1120 1128/1128/1128
f 1132/1132/1132 1128/1128/1128 1119/1119/1119
f 1131/1131/1131 1119/1119/1119 1127/1127/1127
f 1126/1126/1126 1127/1127/1127 1118/1118/1118
f 1126/1126/1126 1123/1123/1123 1130/1130/1130
f 1122/1122/1122 1129/1129/1129 1064/1064/1064
f 1129/1129/1129 1122/1122/1122 1125/1125/1125
f 1125/1125/1125 1111/1111/1111 1124/1124/1124
f 1124/1124/1124 1121/1121/1121 1120/1120/1120
f 1119/1119/1119 1128/1128/1128 1120/1120/1120
f 1118/1118/1118 1127/1127/1127 1119/1119/1119
f 1123/1123/1123 1126/1126/1126 1118/1118/1118
f 1064/1064/1064 1106/1106/1106 1122/1122/1122
f 1111/1111/1111 1125/1125/1125 1122/1122/1122
f 1121/1121/1121 1124/1124/1124 1111/1111/1111
f 1121/1121/1121 1115/1115/1115 1120/1120/1120
f 1120/1120/1120 1109/1109/1109 1119/1119/1119
f 1119/1119/1119 1108/1108/1108 1118/1118/1118
f 1118/1118/1118 1113/1113/1113 1123/1123/1123
f 1064/1064/1064 1061/1061/1061 1106/1106/1106
f 1116/1116/1116 1122/1122/1122 1106/1106/1106
f 1122/1122/1122 1116/1116/1116 1111/1111/1111
f 1111/1111/1111 1115/1115/1115 1121/1121/1121
f 1115/1115/1115 1110/1110/1110 1120/1120/1120
f 1119/1119/1119 1114/1114/1114 1108/1108/1108
f 1109/1109/1109 1120/1120/1120 1110/1110/1110
f 1114/1114/1114 1119/1119/1119 1109/1109/1109
f 1113/1113/1113 1118/1118/1118 1108/1108/1108
f 1104/1104/1104 1117/1117/1117 1113/1113/1113
f 1117/1117/1117 1104/1104/1104 1112/1112/1112
f 1061/1061/1061 1107/1107/1107 1106/1106/1106
f 1111/1111/1111 1116/1116/1116 1106/1106/1106
f 1093/1093/1093 1115/1115/1115 1111/1111/1111
f 1115/1115/1115 1093/1093/1093 1110/1110/1110
f 1108/1108/1108 1114/1114/1114 1105/1105/1105
f 1110/1110/1110 1101/1101/1101 1109/1109/1109
f 1109/1109/1109 1105/1105/1105 1114/1114/1114
f 1108/1108/1108 1104/1104/1104 1113/1113/1113
f 1104/1104/1104 1099/1099/1099 1112/1112/1112
f 1056/1056/1056 1097/1097/1097 1061/1061/1061
f 1107/1107/1107 1061/1061/1061 1097/1097/1097
f 1107/1107/1107 1103/1103/1103 1106/1106/1106
f 1106/1106/1106 1093/1093/1093 1111/1111/1111
f 1101/1101/1101 1110/1110/1110 1093/1093/1093
f 1105/1105/1105 1096/1096/1096 1108/1108/1108
f 1105/1105/1105 1109/1109/1109 1101/1101/1101
f 1108/1108/1108 1096/1096/1096 1104/1104/1104
f 1100/1100/1100 1099/1099/1099 1104/1104/1104
f 1056/1056/1056 1098/1098/1098 1097/1097/1097
f 1103/1103/1103 1107/1107/1107 1097/1097/1097
f 1093/1093/1093 1106/1106/1106 1103/1103/1103
f 1093/1093/1093 1102/1102/1102 1101/1101/1101
f 1102/1102/1102 1090/1090/1090 1101/1101/1101
f 1105/1105/1105 1101/1101/1101 1096/1096/1096
f 1096/1096/1096 1100/1100/1100 1104/1104/1104
f 1099/1099/1099 1100/1100/1100 1089/1089/1089
f 1056/1056/1056 1051/1051/1051 1098/1098/1098
f 1098/1098/1098 1095/1095/1095 1097/1097/1097
f 1094/1094/1094 1103/1103/1103 1097/1097/1097
f 1103/1103/1103 1094/1094/1094 1093/1093/1093
f 1093/1093/1093 1092/1092/1092 1102/1102/1102
f 1102/1102/1102 1092/1092/1092 1090/1090/1090
f 1096/1096/1096 1101/1101/1101 1090/1090/1090
f 1096/1096/1096 1089/1089/1089 1100/1100/1100
f 1095/1095/1095 1098/1098/1098 1051/1051/1051
f 1097/1097/1097 1095/1095/1095 1088/1088/1088
f 1097/1097/1097 1088/1088/1088 1094/1094/1094
f 1094/1094/1094 1091/1091/1091 1093/1093/1093
f 1093/1093/1093 1087/1087/1087 1092/1092/1092
f 1092/1092/1092 1086/1086/1086 1090/1090/1090
f 1089/1089/1089 1096/1096/1096 1090/1090/1090
f 1095/1095/1095 1051/1051/1051 1088/1088/1088
f 1091/1091/1091 1094/1094/1094 1088/1088/1088
f 1091/1091/1091 1087/1087/1087 1093/1093/1093
f 1086/1086/1086 1092/1092/1092 1087/1087/1087
f 1090/1090/1090 1086/1086/1086 1085/1085/1085
f 1090/1090/1090 1080/1080/1080 1089/1089/1089
f 1051/1051/1051 1055/1055/1055 1088/1088/1088
f 1088/1088/1088 1083/1083/1083 1091/1091/1091
f 1091/1091/1091 1083/1083/1083 1087/1087/1087
f 1087/1087/1087 1082/1082/1082 1086/1086/1086
f 1086/1086/1086 1081/1081/1081 1085/1085/1085
f 1085/1085/1085 1080/1080/1080 1090/1090/1090
f 1080/1080/1080 1084/1084/1084 1089/1089/1089
f 1083/1083/1083 1088/1088/1088 1055/1055/1055
f 1083/1083/1083 1082/1082/1082 1087/1087/1087
f 1081/1081/1081 1086/1086/1086 1082/1082/1082
f 1080/1080/1080 1085/1085/1085 1081/1081/1081
f 1055/1055/1055 1060/1060/1060 1083/1083/1083
f 1083/1083/1083 1079/1079/1079 1082/1082/1082
f 1082/1082/1082 1078/1078/1078 1081/1081/1081
f 1081/1081/1081 1076/1076/1076 1080/1080/1080
f 1060/1060/1060 1079/1079/1079 1083/1083/1083
f 1079/1079/1079 1075/1075/1075 1082/1082/1082
f 1082/1082/1082 1075/1075/1075 1078/1078/1078
f 1078/1078/1078 1076/1076/1076 1081/1081/1081
f 1076/1076/1076 1077/1077/1077 1080/1080/1080
f 1060/1060/1060 1075/1075/1075 1079/1079/1079
f 1075/1075/1075 1073/1073/1073 1078/1078/1078
f 1078/1078/1078 1073/1073/1073 1076/1076/1076
f 1060/1060/1060 1074/1074/1074 1075/1075/1075
f 1059/1059/1059 1074/1074/1074 1060/1060/1060
f 1075/1075/1075 1072/1072/1072 1073/1073/1073
f 1074/1074/1074 1072/1072/1072 1075/1075/1075
f 1059/1059/1059 1070/1070/1070 1074/1074/1074
f 1072/1072/1072 1071/1071/1071 1073/1073/1073
f 1072/1072/1072 1074/1074/1074 1070/1070/1070
f 1049/1049/1049 1070/1070/1070 1059/1059/1059
f 1039/1039/1039 1065/1065/1065 1049/1049/1049
f 1072/1072/1072 1067/1067/1067 1071/1071/1071
f 1070/1070/1070 1067/1067/1067 1072/1072/1072
f 1038/1038/1038 1069/1069/1069 1039/1039/1039
f 1070/1070/1070 1049/1049/1049 1065/1065/1065
f 1039/1039/1039 1069/1069/1069 1065/1065/1065
f 1070/1070/1070 1068/1068/1068 1067/1067/1067
f 1038/1038/1038 1023/1023/1023 1069/1069/1069
f 1068/1068/1068 1070/1070/1070 1065/1065/1065
f 1069/1069/1069 1066/1066/1066 1065/1065/1065
f 1069/1069/1069 1023/1023/1023 1066/1066/1066
f 1064/1064/1064 1062/1062/1062 1063/1063/1063
f 1064/1064/1064 1063/1063/1063 1061/1061/1061
f 1062/1062/1062 1058/1058/1058 1063/1063/1063
f 1061/1061/1061 1063/1063/1063 1058/1058/1058
f 1057/1057/1057 1059/1059/1059 1060/1060/1060
f 1052/1052/1052 1058/1058/1058 1062/1062/1062
f 1058/1058/1058 1056/1056/1056 1061/1061/1061
f 1054/1054/1054 1057/1057/1057 1060/1060/1060
f 1060/1060/1060 1055/1055/1055 1054/1054/1054
f 1059/1059/1059 1057/1057/1057 1049/1049/1049
f 1056/1056/1056 1058/1058/1058 1052/1052/1052
f 1054/1054/1054 1045/1045/1045 1057/1057/1057
f 1046/1046/1046 1054/1054/1054 1055/1055/1055
f 1057/1057/1057 1045/1045/1045 1048/1048/1048
f 1050/1050/1050 1053/1053/1053 1057/1057/1057
f 1057/1057/1057 1053/1053/1053 1049/1049/1049
f 1057/1057/1057 1048/1048/1048 1050/1050/1050
f 1052/1052/1052 1047/1047/1047 1056/1056/1056
f 1047/1047/1047 1051/1051/1051 1056/1056/1056
f 1055/1055/1055 1051/1051/1051 1046/1046/1046
f 1046/1046/1046 1045/1045/1045 1054/1054/1054
f 1045/1045/1045 1044/1044/1044 1048/1048/1048
f 1050/1050/1050 1043/1043/1043 1053/1053/1053
f 1049/1049/1049 1053/1053/1053 1043/1043/1043
f 1042/1042/1042 1048/1048/1048 1044/1044/1044
f 1050/1050/1050 1048/1048/1048 1036/1036/1036
f 1041/1041/1041 1047/1047/1047 1052/1052/1052
f 1051/1051/1051 1047/1047/1047 1035/1035/1035
f 1035/1035/1035 1046/1046/1046 1051/1051/1051
f 1034/1034/1034 1045/1045/1045 1046/1046/1046
f 1045/1045/1045 1040/1040/1040 1044/1044/1044
f 1044/1044/1044 1032/1032/1032 1042/1042/1042
f 1036/1036/1036 1043/1043/1043 1050/1050/1050
f 1043/1043/1043 1039/1039/1039 1049/1049/1049
f 1042/1042/1042 1037/1037/1037 1048/1048/1048
f 1048/1048/1048 1037/1037/1037 1036/1036/1036
f 1047/1047/1047 1041/1041/1041 1035/1035/1035
f 1046/1046/1046 1035/1035/1035 1034/1034/1034
f 1045/1045/1045 1034/1034/1034 1040/1040/1040
f 1040/1040/1040 1032/1032/1032 1044/1044/1044
f 1032/1032/1032 1033/1033/1033 1042/1042/1042
f 1036/1036/1036 1031/1031/1031 1043/1043/1043
f 1031/1031/1031 1039/1039/1039 1043/1043/1043
f 1016/1016/1016 1038/1038/1038 1039/1039/1039
f 1033/1033/1033 1029/1029/1029 1042/1042/1042
f 1029/1029/1029 1037/1037/1037 1042/1042/1042
f 1036/1036/1036 1037/1037/1037 1022/1022/1022
f 1041/1041/1041 1027/1027/1027 1035/1035/1035
f 1028/1028/1028 1027/1027/1027 1041/1041/1041
f 1026/1026/1026 1034/1034/1034 1035/1035/1035
f 1034/1034/1034 1017/1017/1017 1040/1040/1040
f 1040/1040/1040 1017/1017/1017 1032/1032/1032
f 1018/1018/1018 1033/1033/1033 1032/1032/1032
f 1025/1025/1025 1031/1031/1031 1036/1036/1036
f 1039/1039/1039 1031/1031/1031 1016/1016/1016
f 1016/1016/1016 1024/1024/1024 1038/1038/1038
f 1024/1024/1024 1030/1030/1030 1038/1038/1038
f 1030/1030/1030 1023/1023/1023 1038/1038/1038
f 1029/1029/1029 1033/1033/1033 1020/1020/1020
f 1029/1029/1029 1022/1022/1022 1037/1037/1037
f 1022/1022/1022 1025/1025/1025 1036/1036/1036
f 1021/1021/1021 1020/1020/1020 1033/1033/1033
f 1035/1035/1035 1027/1027/1027 1009/1009/1009
f 1010/1010/1010 1027/1027/1027 1028/1028/1028
f 1035/1035/1035 1009/1009/1009 1026/1026/1026
f 1026/1026/1026 1017/1017/1017 1034/1034/1034
f 1033/1033/1033 1018/1018/1018 1021/1021/1021
f 1017/1017/1017 1018/1018/1018 1032/1032/1032
f 1025/1025/1025 1016/1016/1016 1031/1031/1031
f 1015/1015/1015 1024/1024/1024 1016/1016/1016
f 1030/1030/1030 1024/1024/1024 1005/1005/1005
f 1023/1023/1023 1030/1030/1030 1005/1005/1005
f 1029/1029/1029 1020/1020/1020 1013/1013/1013
f 1013/1013/1013 1022/1022/1022 1029/1029/1029
f 1004/1004/1004 1025/1025/1025 1022/1022/1022
f 1012/1012/1012 1011/1011/1011 1021/1021/1021
f 1011/1011/1011 1020/1020/1020 1021/1021/1021
f 1019/1019/1019 1010/1010/1010 1028/1028/1028
f 1010/1010/1010 1009/1009/1009 1027/1027/1027
f 1026/1026/1026 1009/1009/1009 1008/1008/1008
f 1008/1008/1008 1017/1017/1017 1026/1026/1026
f 992/992/992 1021/1021/1021 1018/1018/1018
f 1017/1017/1017 1007/1007/1007 1018/1018/1018
f 1004/1004/1004 1016/1016/1016 1025/1025/1025
f 988/988/988 1015/1015/1015 1016/1016/1016
f 1015/1015/1015 1006/1006/1006 1024/1024/1024
f 1006/1006/1006 1005/1005/1005 1024/1024/1024
f 1005/1005/1005 1014/1014/1014 1023/1023/1023
f 1013/1013/1013 1020/1020/1020 987/987/987
f 1022/1022/1022 1013/1013/1013 1004/1004/1004
f 1012/1012/1012 1021/1021/1021 992/992/992
f 1003/1003/1003 1011/1011/1011 1012/1012/1012
f 1020/1020/1020 1011/1011/1011 987/987/987
f 995/995/995 1010/1010/1010 1019/1019/1019
f 1009/1009/1009 1010/1010/1010 994/994/994
f 1002/1002/1002 1008/1008/1008 1009/1009/1009
f 1008/1008/1008 993/993/993 1017/1017/1017
f 1018/1018/1018 1007/1007/1007 992/992/992
f 993/993/993 1007/1007/1007 1017/1017/1017
f 1016/1016/1016 1004/1004/1004 988/988/988
f 988/988/988 1006/1006/1006 1015/1015/1015
f 1005/1005/1005 1006/1006/1006 974/974/974
f 1005/1005/1005 998/998/998 1014/1014/1014
f 987/987/987 1004/1004/1004 1013/1013/1013
f 992/992/992 996/996/996 1012/1012/1012
f 996/996/996 1003/1003/1003 1012/1012/1012
f 1003/1003/1003 987/987/987 1011/1011/1011
f 995/995/995 994/994/994 1010/1010/1010
f 994/994/994 1002/1002/1002 1009/1009/1009
f 1008/1008/1008 1002/1002/1002 993/993/993
f 1007/1007/1007 993/993/993 992/992/992
f 990/990/990 966/966/966 1001/1001/1001
f 997/997/997 988/988/988 1004/1004/1004
f 974/974/974 1006/1006/1006 988/988/988
f 974/974/974 998/998/998 1005/1005/1005
f 976/976/976 999/999/999 998/998/998
f 987/987/987 997/997/997 1004/1004/1004
f 992/992/992 986/986/986 996/996/996
f 996/996/996 985/985/985 1003/1003/1003
f 985/985/985 987/987/987 1003/1003/1003
f 984/984/984 994/994/994 995/995/995
f 1002/1002/1002 994/994/994 970/970/970
f 970/970/970 993/993/993 1002/1002/1002
f 983/983/983 992/992/992 993/993/993
f 986/986/986 992/992/992 969/969/969
f 990/990/990 991/991/991 966/966/966
f 963/963/963 1000/1000/1000 989/989/989
f 990/990/990 1001/1001/1001 978/978/978
f 991/991/991 990/990/990 931/931/931
f 989/989/989 999/999/999 976/976/976
f 959/959/959 988/988/988 997/997/997
f 975/975/975 974/974/974 988/988/988
f 974/974/974 976/976/976 998/998/998
f 973/973/973 959/959/959 997/997/997
f 973/973/973 997/997/997 987/987/987
f 996/996/996 986/986/986 972/972/972
f 972/972/972 985/985/985 996/996/996
f 987/987/987 985/985/985 938/938/938
f 955/955/955 984/984/984 995/995/995
f 984/984/984 971/971/971 994/994/994
f 971/971/971 970/970/970 994/994/994
f 993/993/993 970/970/970 983/983/983
f 992/992/992 983/983/983 969/969/969
f 957/957/957 986/986/986 969/969/969
f 979/979/979 966/966/966 991/991/991
f 981/981/981 947/947/947 980/980/980
f 980/980/980 920/920/920 982/982/982
f 979/979/979 991/991/991 931/931/931
f 960/960/960 963/963/963 989/989/989
f 931/931/931 990/990/990 978/978/978
f 960/960/960 989/989/989 976/976/976
f 959/959/959 975/975/975 988/988/988
f 974/974/974 975/975/975 940/940/940
f 942/942/942 976/976/976 974/974/974
f 958/958/958 959/959/959 973/973/973
f 938/938/938 973/973/973 987/987/987
f 957/957/957 956/956/956 986/986/986
f 986/986/986 956/956/956 972/972/972
f 972/972/972 938/938/938 985/985/985
f 955/955/955 971/971/971 984/984/984
f 970/970/970 971/971/971 937/937/937
f 970/970/970 954/954/954 983/983/983
f 983/983/983 954/954/954 969/969/969
f 969/969/969 953/953/953 957/957/957
f 961/961/961 968/968/968 921/921/921
f 920/920/920 967/967/967 982/982/982
f 950/950/950 966/966/966 979/979/979
f 949/949/949 965/965/965 966/966/966
f 948/948/948 947/947/947 981/981/981
f 947/947/947 964/964/964 980/980/980
f 980/980/980 964/964/964 920/920/920
f 950/950/950 979/979/979 931/931/931
f 946/946/946 963/963/963 960/960/960
f 931/931/931 978/978/978 963/963/963
f 899/899/899 962/962/962 977/977/977
f 899/899/899 977/977/977 961/961/961
f 942/942/942 960/960/960 976/976/976
f 960/960/960 941/941/941 946/946/946
f 959/959/959 958/958/958 928/928/928
f 940/940/940 975/975/975 959/959/959
f 974/974/974 940/940/940 942/942/942
f 938/938/938 958/958/958 973/973/973
f 939/939/939 956/956/956 957/957/957
f 956/956/956 938/938/938 972/972/972
f 955/955/955 937/937/937 971/971/971
f 937/937/937 954/954/954 970/970/970
f 954/954/954 936/936/936 969/969/969
f 936/936/936 953/953/953 969/969/969
f 953/953/953 926/926/926 957/957/957
f 921/921/921 968/968/968 952/952/952
f 943/943/943 961/961/961 921/921/921
f 920/920/920 923/923/923 967/967/967
f 950/950/950 918/918/918 966/966/966
f 918/918/918 949/949/949 966/966/966
f 965/965/965 949/949/949 933/933/933
f 917/917/917 947/947/947 948/948/948
f 947/947/947 932/932/932 964/964/964
f 932/932/932 920/920/920 964/964/964
f 919/919/919 950/950/950 931/931/931
f 946/946/946 931/931/931 963/963/963
f 944/944/944 962/962/962 899/899/899
f 945/945/945 944/944/944 913/913/913
f 899/899/899 961/961/961 943/943/943
f 929/929/929 960/960/960 942/942/942
f 929/929/929 941/941/941 960/960/960
f 915/915/915 946/946/946 941/941/941
f 927/927/927 928/928/928 958/958/958
f 928/928/928 940/940/940 959/959/959
f 897/897/897 942/942/942 940/940/940
f 927/927/927 958/958/958 938/938/938
f 939/939/939 925/925/925 956/956/956
f 926/926/926 939/939/939 957/957/957
f 925/925/925 938/938/938 956/956/956
f 907/907/907 937/937/937 955/955/955
f 906/906/906 954/954/954 937/937/937
f 906/906/906 936/936/936 954/954/954
f 924/924/924 953/953/953 936/936/936
f 926/926/926 953/953/953 924/924/924
f 921/921/921 952/952/952 922/922/922
f 894/894/894 935/935/935 951/951/951
f 921/921/921 912/912/912 943/943/943
f 934/934/934 923/923/923 920/920/920
f 919/919/919 918/918/918 950/950/950
f 949/949/949 918/918/918 933/933/933
f 917/917/917 948/948/948 933/933/933
f 932/932/932 947/947/947 917/917/917
f 891/891/891 920/920/920 932/932/932
f 916/916/916 919/919/919 931/931/931
f 915/915/915 931/931/931 946/946/946
f 914/914/914 945/945/945 913/913/913
f 930/930/930 944/944/944 899/899/899
f 930/930/930 913/913/913 944/944/944
f 943/943/943 912/912/912 899/899/899
f 897/897/897 929/929/929 942/942/942
f 911/911/911 941/941/941 929/929/929
f 911/911/911 915/915/915 941/941/941
f 910/910/910 928/928/928 927/927/927
f 897/897/897 940/940/940 928/928/928
f 908/908/908 927/927/927 938/938/938
f 909/909/909 925/925/925 939/939/939
f 926/926/926 909/909/909 939/939/939
f 926/926/926 905/905/905 895/895/895
f 938/938/938 925/925/925 908/908/908
f 907/907/907 906/906/906 937/937/937
f 936/936/936 906/906/906 924/924/924
f 926/926/926 924/924/924 905/905/905
f 923/923/923 934/934/934 893/893/893
f 922/922/922 904/904/904 921/921/921
f 935/935/935 894/894/894 922/922/922
f 903/903/903 912/912/912 921/921/921
f 893/893/893 934/934/934 920/920/920
f 901/901/901 918/918/918 919/919/919
f 892/892/892 933/933/933 918/918/918
f 892/892/892 917/917/917 933/933/933
f 891/891/891 932/932/932 917/917/917
f 902/902/902 920/920/920 891/891/891
f 931/931/931 890/890/890 916/916/916
f 900/900/900 919/919/919 916/916/916
f 890/890/890 931/931/931 915/915/915
f 913/913/913 886/886/886 914/914/914
f 913/913/913 930/930/930 899/899/899
f 898/898/898 899/899/899 912/912/912
f 911/911/911 929/929/929 897/897/897
f 386/386/386 387/387/387 388/388/388
f 388/388/388 387/387/387 389/389/389
f 388/388/388 390/390/390 386/386/386
f 391/391/391 388/388/388 389/389/389
f 391/391/391 390/390/390 388/388/388
f 392/392/392 386/386/386 390/390/390
f 389/389/389 393/393/393 391/391/391
f 391/391/391 394/394/394 390/390/390
f 395/395/395 392/392/392 390/390/390
f 392/392/392 396/396/396 386/386/386
f 397/397/397 393/393/393 389/389/389
f 398/398/398 391/391/391 393/393/393
f 394/394/394 391/391/391 399/399/399
f 390/390/390 394/394/394 395/395/395
f 400/400/400 392/392/392 395/395/395
f 396/396/396 392/392/392 400/400/400
f 389/389/389 401/401/401 397/397/397
f 393/393/393 397/397/397 402/402/402
f 398/398/398 393/393/393 402/402/402
f 399/399/399 391/391/391 398/398/398
f 403/403/403 394/394/394 399/399/399
f 394/394/394 404/404/404 395/395/395
f 400/400/400 395/395/395 405/405/405
f 400/400/400 406/406/406 396/396/396
f 401/401/401 407/407/407 397/397/397
f 402/402/402 397/397/397 408/408/408
f 399/399/399 398/398/398 409/409/409
f 410/410/410 403/403/403 399/399/399
f 405/405/405 395/395/395 404/404/404
f 411/411/411 400/400/400 405/405/405
f 406/406/406 400/400/400 411/411/411
f 412/412/412 407/407/407 401/401/401
f 413/413/413 397/397/397 407/407/407
f 402/402/402 408/408/408 414/414/414
f 397/397/397 413/413/413 408/408/408
f 415/415/415 399/399/399 409/409/409
f 416/416/416 403/403/403 410/410/410
f 415/415/415 410/410/410 399/399/399
f 417/417/417 405/405/405 404/404/404
f 418/418/418 411/411/411 405/405/405
f 406/406/406 411/411/411 419/419/419
f 420/420/420 407/407/407 412/412/412
f 407/407/407 420/420/420 413/413/413
f 414/414/414 408/408/408 421/421/421
f 413/413/413 422/422/422 408/408/408
f 423/423/423 415/415/415 409/409/409
f 416/416/416 424/424/424 403/403/403
f 425/425/425 416/416/416 410/410/410
f 425/425/425 410/410/410 415/415/415
f 418/418/418 405/405/405 417/417/417
f 426/426/426 417/417/417 404/404/404
f 411/411/411 418/418/418 427/427/427
f 419/419/419 411/411/411 427/427/427
f 428/428/428 406/406/406 419/419/419
f 420/420/420 412/412/412 429/429/429
f 422/422/422 413/413/413 420/420/420
f 408/408/408 422/422/422 421/421/421
f 430/430/430 414/414/414 421/421/421
f 423/423/423 409/409/409 431/431/431
f 424/424/424 416/416/416 432/432/432
f 425/425/425 432/432/432 416/416/416
f 433/433/433 425/425/425 415/415/415
f 434/434/434 418/418/418 417/417/417
f 435/435/435 426/426/426 404/404/404
f 417/417/417 426/426/426 434/434/434
f 427/427/427 418/418/418 436/436/436
f 419/419/419 427/427/427 437/437/437
f 428/428/428 419/419/419 437/437/437
f 438/438/438 420/420/420 429/429/429
f 420/420/420 438/438/438 422/422/422
f 422/422/422 439/439/439 421/421/421
f 421/421/421 440/440/440 430/430/430
f 441/441/441 424/424/424 432/432/432
f 442/442/442 432/432/432 425/425/425
f 443/443/443 425/425/425 433/433/433
f 418/418/418 434/434/434 444/444/444
f 445/445/445 426/426/426 435/435/435
f 434/434/434 426/426/426 445/445/445
f 444/444/444 436/436/436 418/418/418
f 427/427/427 436/436/436 446/446/446
f 437/437/437 427/427/427 447/447/447
f 429/429/429 448/448/448 438/438/438
f 422/422/422 438/438/438 449/449/449
f 439/439/439 422/422/422 449/449/449
f 421/421/421 439/439/439 440/440/440
f 430/430/430 440/440/440 450/450/450
f 451/451/451 424/424/424 441/441/441
f 452/452/452 441/441/441 432/432/432
f 443/443/443 442/442/442 425/425/425
f 432/432/432 442/442/442 452/452/452
f 444/444/444 434/434/434 445/445/445
f 424/424/424 445/445/445 435/435/435
f 436/436/436 444/444/444 453/453/453
f 446/446/446 436/436/436 454/454/454
f 447/447/447 427/427/427 446/446/446
f 437/437/437 447/447/447 455/455/455
f 438/438/438 448/448/448 449/449/449
f 449/449/449 456/456/456 439/439/439
f 439/439/439 457/457/457 440/440/440
f 450/450/450 440/440/440 458/458/458
f 430/430/430 450/450/450 459/459/459
f 424/424/424 451/451/451 445/445/445
f 441/441/441 460/460/460 451/451/451
f 441/441/441 452/452/452 460/460/460
f 442/442/442 443/443/443 461/461/461
f 462/462/462 452/452/452 442/442/442
f 451/451/451 444/444/444 445/445/445
f 453/453/453 444/444/444 463/463/463
f 453/453/453 454/454/454 436/436/436
f 446/446/446 454/454/454 464/464/464
f 455/455/455 447/447/447 446/446/446
f 448/448/448 465/465/465 449/449/449
f 456/456/456 449/449/449 465/465/465
f 439/439/439 456/456/456 457/457/457
f 440/440/440 457/457/457 458/458/458
f 466/466/466 450/450/450 458/458/458
f 450/450/450 466/466/466 459/459/459
f 444/444/444 451/451/451 460/460/460
f 460/460/460 452/452/452 467/467/467
f 468/468/468 442/442/442 461/461/461
f 452/452/452 462/462/462 467/467/467
f 442/442/442 468/468/468 462/462/462
f 469/469/469 453/453/453 463/463/463
f 460/460/460 463/463/463 444/444/444
f 454/454/454 453/453/453 469/469/469
f 469/469/469 464/464/464 454/454/454
f 464/464/464 470/470/470 446/446/446
f 455/455/455 446/446/446 470/470/470
f 465/465/465 448/448/448 471/471/471
f 465/465/465 472/472/472 456/456/456
f 457/457/457 456/456/456 473/473/473
f 457/457/457 474/474/474 458/458/458
f 466/466/466 458/458/458 475/475/475
f 459/459/459 466/466/466 476/476/476
f 477/477/477 460/460/460 467/467/467
f 478/478/478 468/468/468 461/461/461
f 467/467/467 462/462/462 479/479/479
f 462/462/462 468/468/468 479/479/479
f 477/477/477 469/469/469 463/463/463
f 463/463/463 460/460/460 477/477/477
f 464/464/464 469/469/469 480/480/480
f 470/470/470 464/464/464 481/481/481
f 470/470/470 482/482/482 455/455/455
f 471/471/471 483/483/483 465/465/465
f 465/465/465 484/484/484 472/472/472
f 472/472/472 485/485/485 456/456/456
f 456/456/456 486/486/486 473/473/473
f 474/474/474 457/457/457 473/473/473
f 458/458/458 474/474/474 475/475/475
f 487/487/487 466/466/466 475/475/475
f 466/466/466 487/487/487 476/476/476
f 488/488/488 477/477/477 467/467/467
f 489/489/489 478/478/478 461/461/461
f 468/468/468 478/478/478 479/479/479
f 479/479/479 490/490/490 467/467/467
f 469/469/469 477/477/477 491/491/491
f 491/491/491 480/480/480 469/469/469
f 480/480/480 481/481/481 464/464/464
f 470/470/470 481/481/481 492/492/492
f 482/482/482 470/470/470 493/493/493
f 483/483/483 484/484/484 465/465/465
f 472/472/472 484/484/484 494/494/494
f 485/485/485 472/472/472 494/494/494
f 485/485/485 486/486/486 456/456/456
f 486/486/486 495/495/495 473/473/473
f 473/473/473 496/496/496 474/474/474
f 497/497/497 475/475/475 474/474/474
f 475/475/475 497/497/497 487/487/487
f 487/487/487 498/498/498 476/476/476
f 491/491/491 477/477/477 488/488/488
f 488/488/488 467/467/467 490/490/490
f 499/499/499 478/478/478 489/489/489
f 479/479/479 478/478/478 500/500/500
f 490/490/490 479/479/479 501/501/501
f 480/480/480 491/491/491 502/502/502
f 481/481/481 480/480/480 492/492/492
f 492/492/492 493/493/493 470/470/470
f 482/482/482 493/493/493 503/503/503
f 484/484/484 483/483/483 504/504/504
f 494/494/494 484/484/484 504/504/504
f 486/486/486 485/485/485 494/494/494
f 494/494/494 495/495/495 486/486/486
f 495/495/495 505/505/505 473/473/473
f 473/473/473 505/505/505 496/496/496
f 496/496/496 506/506/506 474/474/474
f 474/474/474 507/507/507 497/497/497
f 487/487/487 497/497/497 498/498/498
f 476/476/476 498/498/498 508/508/508
f 491/491/491 488/488/488 509/509/509
f 509/509/509 488/488/488 490/490/490
f 510/510/510 499/499/499 489/489/489
f 511/511/511 478/478/478 499/499/499
f 500/500/500 478/478/478 511/511/511
f 500/500/500 501/501/501 479/479/479
f 509/509/509 490/490/490 501/501/501
f 509/509/509 502/502/502 491/491/491
f 480/480/480 502/502/502 512/512/512
f 492/492/492 480/480/480 513/513/513
f 493/493/493 492/492/492 503/503/503
f 494/494/494 504/504/504 514/514/514
f 494/494/494 514/514/514 495/495/495
f 505/505/505 495/495/495 515/515/515
f 505/505/505 516/516/516 496/496/496
f 496/496/496 516/516/516 506/506/506
f 474/474/474 506/506/506 507/507/507
f 497/497/497 507/507/507 517/517/517
f 517/517/517 498/498/498 497/497/497
f 518/518/518 476/476/476 508/508/508
f 498/498/498 517/517/517 508/508/508
f 510/510/510 489/489/489 519/519/519
f 520/520/520 499/499/499 510/510/510
f 511/511/511 499/499/499 521/521/521
f 522/522/522 500/500/500 511/511/511
f 501/501/501 500/500/500 522/522/522
f 509/509/509 501/501/501 523/523/523
f 502/502/502 509/509/509 512/512/512
f 512/512/512 513/513/513 480/480/480
f 492/492/492 513/513/513 524/524/524
f 503/503/503 492/492/492 525/525/525
f 495/495/495 514/514/514 515/515/515
f 526/526/526 505/505/505 515/515/515
f 516/516/516 505/505/505 526/526/526
f 516/516/516 527/527/527 506/506/506
f 507/507/507 506/506/506 528/528/528
f 507/507/507 528/528/528 517/517/517
f 529/529/529 476/476/476 518/518/518
f 530/530/530 518/518/518 508/508/508
f 508/508/508 517/517/517 530/530/530
f 531/531/531 510/510/510 519/519/519
f 520/520/520 510/510/510 531/531/531
f 521/521/521 499/499/499 520/520/520
f 522/522/522 511/511/511 521/521/521
f 522/522/522 523/523/523 501/501/501
f 523/523/523 532/532/532 509/509/509
f 532/532/532 512/512/512 509/509/509
f 513/513/513 512/512/512 524/524/524
f 525/525/525 492/492/492 524/524/524
f 526/526/526 533/533/533 516/516/516
f 516/516/516 534/534/534 527/527/527
f 506/506/506 527/527/527 535/535/535
f 536/536/536 528/528/528 506/506/506
f 517/517/517 528/528/528 537/537/537
f 538/538/538 529/529/529 518/518/518
f 518/518/518 530/530/530 538/538/538
f 539/539/539 530/530/530 517/517/517
f 531/531/531 519/519/519 540/540/540
f 520/520/520 531/531/531 541/541/541
f 542/542/542 521/521/521 520/520/520
f 521/521/521 523/523/523 522/522/522
f 532/532/532 523/523/523 543/543/543
f 512/512/512 532/532/532 524/524/524
f 525/525/525 524/524/524 544/544/544
f 533/533/533 545/545/545 516/516/516
f 516/516/516 545/545/545 534/534/534
f 527/527/527 534/534/534 535/535/535
f 536/536/536 506/506/506 535/535/535
f 546/546/546 528/528/528 536/536/536
f 537/537/537 528/528/528 547/547/547
f 517/517/517 537/537/537 547/547/547
f 548/548/548 529/529/529 538/538/538
f 538/538/538 530/530/530 549/549/549
f 530/530/530 539/539/539 549/549/549
f 517/517/517 547/547/547 539/539/539
f 531/531/531 540/540/540 550/550/550
f 550/550/550 541/541/541 531/531/531
f 542/542/542 520/520/520 541/541/541
f 542/542/542 523/523/523 521/521/521
f 543/543/543 523/523/523 542/542/542
f 551/551/551 532/532/532 543/543/543
f 524/524/524 532/532/532 551/551/551
f 544/544/544 524/524/524 551/551/551
f 533/533/533 552/552/552 545/545/545
f 545/545/545 552/552/552 534/534/534
f 534/534/534 553/553/553 535/535/535
f 535/535/535 554/554/554 536/536/536
f 528/528/528 546/546/546 555/555/555
f 546/546/546 536/536/536 556/556/556
f 547/547/547 528/528/528 557/557/557
f 548/548/548 538/538/538 549/549/549
f 558/558/558 529/529/529 548/548/548
f 549/549/549 539/539/539 559/559/559
f 560/560/560 539/539/539 547/547/547
f 541/541/541 550/550/550 561/561/561
f 542/542/542 541/541/541 562/562/562
f 563/563/563 543/543/543 542/542/542
f 564/564/564 551/551/551 543/543/543
f 544/544/544 551/551/551 564/564/564
f 552/552/552 565/565/565 534/534/534
f 534/534/534 566/566/566 553/553/553
f 554/554/554 535/535/535 553/553/553
f 536/536/536 554/554/554 567/567/567
f 555/555/555 557/557/557 528/528/528
f 568/568/568 555/555/555 546/546/546
f 536/536/536 569/569/569 556/556/556
f 546/546/546 556/556/556 568/568/568
f 547/547/547 557/557/557 560/560/560
f 570/570/570 548/548/548 549/549/549
f 548/548/548 571/571/571 558/558/558
f 539/539/539 560/560/560 559/559/559
f 549/549/549 559/559/559 572/572/572
f 562/562/562 541/541/541 561/561/561
f 563/563/563 542/542/542 562/562/562
f 543/543/543 563/563/563 573/573/573
f 564/564/564 543/543/543 573/573/573
f 534/534/534 565/565/565 566/566/566
f 553/553/553 566/566/566 574/574/574
f 553/553/553 574/574/574 554/554/554
f 567/567/567 554/554/554 569/569/569
f 536/536/536 567/567/567 569/569/569
f 557/557/557 555/555/555 575/575/575
f 555/555/555 568/568/568 575/575/575
f 556/556/556 569/569/569 576/576/576
f 556/556/556 576/576/576 568/568/568
f 575/575/575 560/560/560 557/557/557
f 549/549/549 572/572/572 570/570/570
f 571/571/571 577/577/577 558/558/558
f 578/578/578 559/559/559 560/560/560
f 578/578/578 572/572/572 559/559/559
f 562/562/562 561/561/561 579/579/579
f 563/563/563 562/562/562 573/573/573
f 564/564/564 573/573/573 580/580/580
f 565/565/565 581/581/581 566/566/566
f 566/566/566 582/582/582 574/574/574
f 574/574/574 583/583/583 554/554/554
f 584/584/584 569/569/569 554/554/554
f 575/575/575 568/568/568 585/585/585
f 576/576/576 569/569/569 586/586/586
f 587/587/587 568/568/568 576/576/576
f 560/560/560 575/575/575 578/578/578
f 571/571/571 588/588/588 577/577/577
f 572/572/572 578/578/578 589/589/589
f 573/573/573 562/562/562 579/579/579
f 580/580/580 573/573/573 590/590/590
f 582/582/582 566/566/566 581/581/581
f 582/582/582 591/591/591 574/574/574
f 592/592/592 554/554/554 583/583/583
f 574/574/574 591/591/591 583/583/583
f 554/554/554 592/592/592 584/584/584
f 569/569/569 584/584/584 593/593/593
f 575/575/575 585/585/585 594/594/594
f 595/595/595 585/585/585 568/568/568
f 569/569/569 593/593/593 586/586/586
f 576/576/576 586/586/586 587/587/587
f 568/568/568 587/587/587 595/595/595
f 578/578/578 575/575/575 596/596/596
f 588/588/588 414/414/414 577/577/577
f 597/597/597 589/589/589 578/578/578
f 573/573/573 579/579/579 598/598/598
f 598/598/598 590/590/590 573/573/573
f 599/599/599 582/582/582 581/581/581
f 582/582/582 599/599/599 591/591/591
f 583/583/583 600/600/600 592/592/592
f 583/583/583 591/591/591 600/600/600
f 601/601/601 584/584/584 592/592/592
f 602/602/602 593/593/593 584/584/584
f 585/585/585 603/603/603 594/594/594
f 596/596/596 575/575/575 594/594/594
f 585/585/585 595/595/595 603/603/603
f 586/586/586 593/593/593 587/587/587
f 587/587/587 604/604/604 595/595/595
f 597/597/597 578/578/578 596/596/596
f 598/598/598 579/579/579 605/605/605
f 590/590/590 598/598/598 605/605/605
f 581/581/581 606/606/606 599/599/599
f 591/591/591 599/599/599 606/606/606
f 607/607/607 592/592/592 600/600/600
f 591/591/591 608/608/608 600/600/600
f 602/602/602 601/601/601 592/592/592
f 584/584/584 601/601/601 602/602/602
f 593/593/593 602/602/602 609/609/609
f 610/610/610 594/594/594 603/603/603
f 597/597/597 596/596/596 594/594/594
f 603/603/603 595/595/595 611/611/611
f 587/587/587 593/593/593 604/604/604
f 604/604/604 612/612/612 595/595/595
f 581/581/581 613/613/613 606/606/606
f 608/608/608 591/591/591 606/606/606
f 592/592/592 607/607/607 602/602/602
f 600/600/600 614/614/614 607/607/607
f 608/608/608 615/615/615 600/600/600
f 609/609/609 602/602/602 616/616/616
f 593/593/593 609/609/609 604/604/604
f 603/603/603 611/611/611 610/610/610
f 617/617/617 594/594/594 610/610/610
f 617/617/617 597/597/597 594/594/594
f 618/618/618 611/611/611 595/595/595
f 595/595/595 612/612/612 619/619/619
f 604/604/604 609/609/609 612/612/612
f 613/613/613 620/620/620 606/606/606
f 606/606/606 621/621/621 608/608/608
f 602/602/602 607/607/607 622/622/622
f 614/614/614 623/623/623 607/607/607
f 614/614/614 600/600/600 615/615/615
f 608/608/608 621/621/621 615/615/615
f 624/624/624 616/616/616 602/602/602
f 609/609/609 616/616/616 625/625/625
f 626/626/626 610/610/610 611/611/611
f 595/595/595 627/627/627 618/618/618
f 611/611/611 618/618/618 626/626/626
f 595/595/595 619/619/619 627/627/627
f 612/612/612 628/628/628 619/619/619
f 612/612/612 609/609/609 628/628/628
f 613/613/613 629/629/629 620/620/620
f 620/620/620 630/630/630 606/606/606
f 606/606/606 630/630/630 621/621/621
f 631/631/631 622/622/622 607/607/607
f 602/602/602 622/622/622 624/624/624
f 623/623/623 632/632/632 607/607/607
f 623/623/623 614/614/614 615/615/615
f 621/621/621 632/632/632 615/615/615
f 616/616/616 624/624/624 625/625/625
f 625/625/625 628/628/628 609/609/609
f 633/633/633 618/618/618 627/627/627
f 618/618/618 634/634/634 626/626/626
f 619/619/619 635/635/635 627/627/627
f 628/628/628 625/625/625 619/619/619
f 620/620/620 629/629/629 630/630/630
f 621/621/621 630/630/630 636/636/636
f 607/607/607 637/637/637 631/631/631
f 631/631/631 624/624/624 622/622/622
f 638/638/638 607/607/607 632/632/632
f 632/632/632 623/623/623 615/615/615
f 621/621/621 636/636/636 632/632/632
f 624/624/624 631/631/631 625/625/625
f 627/627/627 635/635/635 633/633/633
f 618/618/618 633/633/633 634/634/634
f 626/626/626 634/634/634 639/639/639
f 619/619/619 625/625/625 635/635/635
f 640/640/640 630/630/630 629/629/629
f 630/630/630 640/640/640 636/636/636
f 607/607/607 638/638/638 637/637/637
f 637/637/637 638/638/638 631/631/631
f 632/632/632 641/641/641 638/638/638
f 636/636/636 642/642/642 632/632/632
f 625/625/625 631/631/631 643/643/643
f 635/635/635 644/644/644 633/633/633
f 634/634/634 633/633/633 645/645/645
f 645/645/645 639/639/639 634/634/634
f 635/635/635 625/625/625 646/646/646
f 642/642/642 636/636/636 640/640/640
f 631/631/631 638/638/638 647/647/647
f 632/632/632 648/648/648 641/641/641
f 638/638/638 641/641/641 649/649/649
f 642/642/642 650/650/650 632/632/632
f 625/625/625 643/643/643 646/646/646
f 631/631/631 651/651/651 643/643/643
f 635/635/635 646/646/646 644/644/644
f 633/633/633 644/644/644 652/652/652
f 633/633/633 652/652/652 645/645/645
f 642/642/642 640/640/640 650/650/650
f 638/638/638 651/651/651 647/647/647
f 631/631/631 647/647/647 651/651/651
f 648/648/648 632/632/632 650/650/650
f 641/641/641 648/648/648 653/653/653
f 638/638/638 649/649/649 651/651/651
f 641/641/641 654/654/654 649/649/649
f 655/655/655 646/646/646 643/643/643
f 643/643/643 651/651/651 656/656/656
f 657/657/657 644/644/644 646/646/646
f 652/652/652 644/644/644 658/658/658
f 652/652/652 659/659/659 645/645/645
f 640/640/640 660/660/660 650/650/650
f 650/650/650 661/661/661 648/648/648
f 648/648/648 662/662/662 653/653/653
f 641/641/641 653/653/653 654/654/654
f 663/663/663 651/651/651 649/649/649
f 664/664/664 649/649/649 654/654/654
f 646/646/646 655/655/655 657/657/657
f 643/643/643 656/656/656 655/655/655
f 651/651/651 663/663/663 656/656/656
f 644/644/644 657/657/657 658/658/658
f 652/652/652 658/658/658 659/659/659
f 645/645/645 659/659/659 665/665/665
f 640/640/640 666/666/666 660/660/660
f 661/661/661 650/650/650 660/660/660
f 661/661/661 667/667/667 648/648/648
f 648/648/648 667/667/667 662/662/662
f 653/653/653 662/662/662 654/654/654
f 664/664/664 663/663/663 649/649/649
f 668/668/668 664/664/664 654/654/654
f 657/657/657 655/655/655 669/669/669
f 656/656/656 670/670/670 655/655/655
f 656/656/656 663/663/663 670/670/670
f 669/669/669 658/658/658 657/657/657
f 659/659/659 658/658/658 671/671/671
f 659/659/659 671/671/671 665/665/665
f 640/640/640 672/672/672 666/666/666
f 666/666/666 673/673/673 660/660/660
f 667/667/667 661/661/661 660/660/660
f 667/667/667 674/674/674 662/662/662
f 654/654/654 662/662/662 675/675/675
f 663/663/663 664/664/664 676/676/676
f 664/664/664 668/668/668 677/677/677
f 654/654/654 678/678/678 668/668/668
f 655/655/655 679/679/679 669/669/669
f 670/670/670 676/676/676 655/655/655
f 670/670/670 663/663/663 676/676/676
f 658/658/658 669/669/669 680/680/680
f 680/680/680 671/671/671 658/658/658
f 671/671/671 680/680/680 665/665/665
f 666/666/666 672/672/672 673/673/673
f 660/660/660 673/673/673 667/667/667
f 667/667/667 681/681/681 674/674/674
f 675/675/675 662/662/662 674/674/674
f 654/654/654 675/675/675 678/678/678
f 676/676/676 664/664/664 682/682/682
f 683/683/683 677/677/677 668/668/668
f 664/664/664 677/677/677 682/682/682
f 678/678/678 675/675/675 668/668/668
f 655/655/655 682/682/682 679/679/679
f 669/669/669 679/679/679 684/684/684
f 676/676/676 682/682/682 655/655/655
f 680/680/680 669/669/669 685/685/685
f 686/686/686 665/665/665 680/680/680
f 672/672/672 687/687/687 673/673/673
f 673/673/673 681/681/681 667/667/667
f 681/681/681 688/688/688 674/674/674
f 674/674/674 689/689/689 675/675/675
f 677/677/677 683/683/683 690/690/690
f 668/668/668 691/691/691 683/683/683
f 682/682/682 677/677/677 692/692/692
f 675/675/675 691/691/691 668/668/668
f 679/679/679 682/682/682 693/693/693
f 679/679/679 693/693/693 684/684/684
f 669/669/669 684/684/684 685/685/685
f 685/685/685 686/686/686 680/680/680
f 673/673/673 687/687/687 694/694/694
f 681/681/681 673/673/673 694/694/694
f 681/681/681 695/695/695 688/688/688
f 674/674/674 688/688/688 689/689/689
f 696/696/696 675/675/675 689/689/689
f 697/697/697 690/690/690 683/683/683
f 677/677/677 690/690/690 692/692/692
f 691/691/691 698/698/698 683/683/683
f 682/682/682 692/692/692 699/699/699
f 675/675/675 696/696/696 691/691/691
f 682/682/682 699/699/699 693/693/693
f 700/700/700 684/684/684 693/693/693
f 684/684/684 701/701/701 685/685/685
f 702/702/702 686/686/686 685/685/685
f 687/687/687 703/703/703 694/694/694
f 695/695/695 681/681/681 694/694/694
f 688/688/688 695/695/695 704/704/704
f 705/705/705 689/689/689 688/688/688
f 689/689/689 705/705/705 696/696/696
f 690/690/690 697/697/697 706/706/706
f 683/683/683 707/707/707 697/697/697
f 692/692/692 690/690/690 708/708/708
f 683/683/683 698/698/698 709/709/709
f 691/691/691 710/710/710 698/698/698
f 708/708/708 699/699/699 692/692/692
f 696/696/696 710/710/710 691/691/691
f 699/699/699 708/708/708 693/693/693
f 684/684/684 700/700/700 701/701/701
f 693/693/693 708/708/708 700/700/700
f 685/685/685 701/701/701 702/702/702
f 686/686/686 702/702/702 711/711/711
f 694/694/694 703/703/703 695/695/695
f 704/704/704 695/695/695 712/712/712
f 688/688/688 704/704/704 713/713/713
f 688/688/688 713/713/713 705/705/705
f 705/705/705 714/714/714 696/696/696
f 715/715/715 706/706/706 697/697/697
f 690/690/690 706/706/706 708/708/708
f 709/709/709 707/707/707 683/683/683
f 707/707/707 709/709/709 697/697/697
f 698/698/698 716/716/716 709/709/709
f 710/710/710 717/717/717 698/698/698
f 710/710/710 696/696/696 717/717/717
f 701/701/701 700/700/700 718/718/718
f 700/700/700 708/708/708 719/719/719
f 701/701/701 720/720/720 702/702/702
f 702/702/702 720/720/720 711/711/711
f 703/703/703 721/721/721 695/695/695
f 695/695/695 722/722/722 712/712/712
f 712/712/712 722/722/722 704/704/704
f 713/713/713 704/704/704 723/723/723
f 705/705/705 713/713/713 714/714/714
f 717/717/717 696/696/696 714/714/714
f 706/706/706 715/715/715 724/724/724
f 715/715/715 697/697/697 709/709/709
f 708/708/708 706/706/706 724/724/724
f 725/725/725 709/709/709 716/716/716
f 716/716/716 698/698/698 717/717/717
f 726/726/726 718/718/718 700/700/700
f 701/701/701 718/718/718 720/720/720
f 700/700/700 719/719/719 727/727/727
f 708/708/708 724/724/724 719/719/719
f 728/728/728 711/711/711 720/720/720
f 703/703/703 729/729/729 721/721/721
f 695/695/695 721/721/721 722/722/722
f 704/704/704 722/722/722 723/723/723
f 713/713/713 723/723/723 730/730/730
f 714/714/714 713/713/713 731/731/731
f 714/714/714 731/731/731 717/717/717
f 724/724/724 715/715/715 732/732/732
f 709/709/709 725/725/725 715/715/715
f 733/733/733 725/725/725 716/716/716
f 717/717/717 734/734/734 716/716/716
f 700/700/700 727/727/727 726/726/726
f 718/718/718 726/726/726 735/735/735
f 735/735/735 720/720/720 718/718/718
f 727/727/727 719/719/719 726/726/726
f 719/719/719 724/724/724 736/736/736
f 711/711/711 728/728/728 737/737/737
f 720/720/720 738/738/738 728/728/728
f 729/729/729 703/703/703 739/739/739
f 721/721/721 729/729/729 722/722/722
f 723/723/723 722/722/722 740/740/740
f 723/723/723 741/741/741 730/730/730
f 730/730/730 731/731/731 713/713/713
f 731/731/731 730/730/730 717/717/717
f 742/742/742 732/732/732 715/715/715
f 724/724/724 732/732/732 736/736/736
f 743/743/743 715/715/715 725/725/725
f 716/716/716 744/744/744 733/733/733
f 725/725/725 733/733/733 743/743/743
f 717/717/717 741/741/741 734/734/734
f 734/734/734 745/745/745 716/716/716
f 746/746/746 735/735/735 726/726/726
f 720/720/720 735/735/735 738/738/738
f 726/726/726 719/719/719 747/747/747
f 719/719/719 736/736/736 748/748/748
f 737/737/737 728/728/728 749/749/749
f 728/728/728 738/738/738 750/750/750
f 739/739/739 751/751/751 729/729/729
f 740/740/740 722/722/722 729/729/729
f 752/752/752 723/723/723 740/740/740
f 723/723/723 753/753/753 741/741/741
f 730/730/730 741/741/741 717/717/717
f 715/715/715 754/754/754 742/742/742
f 732/732/732 742/742/742 755/755/755
f 736/736/736 732/732/732 755/755/755
f 715/715/715 743/743/743 754/754/754
f 733/733/733 744/744/744 756/756/756
f 716/716/716 745/745/745 744/744/744
f 754/754/754 743/743/743 733/733/733
f 734/734/734 741/741/741 757/757/757
f 745/745/745 734/734/734 757/757/757
f 735/735/735 746/746/746 738/738/738
f 726/726/726 758/758/758 746/746/746
f 726/726/726 747/747/747 758/758/758
f 719/719/719 748/748/748 747/747/747
f 736/736/736 755/755/755 748/748/748
f 728/728/728 759/759/759 749/749/749
f 737/737/737 749/749/749 760/760/760
f 728/728/728 750/750/750 759/759/759
f 750/750/750 738/738/738 761/761/761
f 762/762/762 729/729/729 751/751/751
f 729/729/729 762/762/762 740/740/740
f 752/752/752 753/753/753 723/723/723
f 740/740/740 762/762/762 752/752/752
f 753/753/753 763/763/763 741/741/741
f 742/742/742 754/754/754 764/764/764
f 742/742/742 764/764/764 755/755/755
f 744/744/744 765/765/765 756/756/756
f 733/733/733 756/756/756 754/754/754
f 745/745/745 766/766/766 744/744/744
f 741/741/741 767/767/767 757/757/757
f 757/757/757 768/768/768 745/745/745
f 738/738/738 746/746/746 769/769/769
f 758/758/758 770/770/770 746/746/746
f 758/758/758 747/747/747 770/770/770
f 770/770/770 747/747/747 748/748/748
f 748/748/748 755/755/755 770/770/770
f 749/749/749 759/759/759 771/771/771
f 760/760/760 749/749/749 772/772/772
f 750/750/750 761/761/761 759/759/759
f 738/738/738 769/769/769 761/761/761
f 751/751/751 773/773/773 762/762/762
f 763/763/763 753/753/753 752/752/752
f 762/762/762 774/774/774 752/752/752
f 763/763/763 775/775/775 741/741/741
f 776/776/776 764/764/764 754/754/754
f 764/764/764 776/776/776 755/755/755
f 744/744/744 766/766/766 765/765/765
f 777/777/777 756/756/756 765/765/765
f 756/756/756 777/777/777 754/754/754
f 745/745/745 778/778/778 766/766/766
f 741/741/741 775/775/775 767/767/767
f 757/757/757 767/767/767 768/768/768
f 778/778/778 745/745/745 768/768/768
f 746/746/746 770/770/770 769/769/769
f 755/755/755 779/779/779 770/770/770
f 771/771/771 759/759/759 780/780/780
f 749/749/749 771/771/771 781/781/781
f 760/760/760 772/772/772 782/782/782
f 781/781/781 772/772/772 749/749/749
f 761/761/761 783/783/783 759/759/759
f 761/761/761 769/769/769 783/783/783
f 773/773/773 784/784/784 762/762/762
f 751/751/751 785/785/785 773/773/773
f 752/752/752 774/774/774 763/763/763
f 762/762/762 786/786/786 774/774/774
f 763/763/763 787/787/787 775/775/775
f 776/776/776 754/754/754 788/788/788
f 755/755/755 776/776/776 788/788/788
f 766/766/766 789/789/789 765/765/765
f 765/765/765 790/790/790 777/777/777
f 777/777/777 791/791/791 754/754/754
f 766/766/766 778/778/778 789/789/789
f 775/775/775 792/792/792 767/767/767
f 767/767/767 793/793/793 768/768/768
f 768/768/768 793/793/793 778/778/778
f 770/770/770 794/794/794 769/769/769
f 788/788/788 779/779/779 755/755/755
f 794/794/794 770/770/770 779/779/779
f 759/759/759 783/783/783 780/780/780
f 771/771/771 780/780/780 781/781/781
f 772/772/772 781/781/781 782/782/782
f 795/795/795 783/783/783 769/769/769
f 784/784/784 786/786/786 762/762/762
f 773/773/773 796/796/796 784/784/784
f 785/785/785 796/796/796 773/773/773
f 774/774/774 787/787/787 763/763/763
f 786/786/786 797/797/797 774/774/774
f 792/792/792 775/775/775 787/787/787
f 754/754/754 798/798/798 788/788/788
f 765/765/765 789/789/789 790/790/790
f 777/777/777 790/790/790 799/799/799
f 799/799/799 791/791/791 777/777/777
f 754/754/754 791/791/791 800/800/800
f 789/789/789 778/778/778 801/801/801
f 767/767/767 792/792/792 802/802/802
f 802/802/802 793/793/793 767/767/767
f 778/778/778 793/793/793 801/801/801
f 794/794/794 803/803/803 769/769/769
f 779/779/779 788/788/788 794/794/794
f 783/783/783 804/804/804 780/780/780
f 781/781/781 780/780/780 805/805/805
f 782/782/782 781/781/781 806/806/806
f 795/795/795 804/804/804 783/783/783
f 769/769/769 807/807/807 795/795/795
f 786/786/786 784/784/784 796/796/796
f 786/786/786 796/796/796 785/785/785
f 774/774/774 808/808/808 787/787/787
f 808/808/808 797/797/797 786/786/786
f 797/797/797 808/808/808 774/774/774
f 787/787/787 809/809/809 792/792/792
f 754/754/754 810/810/810 798/798/798
f 788/788/788 798/798/798 811/811/811
f 812/812/812 790/790/790 789/789/789
f 790/790/790 812/812/812 799/799/799
f 791/791/791 799/799/799 800/800/800
f 754/754/754 800/800/800 810/810/810
f 789/789/789 801/801/801 813/813/813
f 814/814/814 802/802/802 792/792/792
f 793/793/793 802/802/802 814/814/814
f 793/793/793 815/815/815 801/801/801
f 794/794/794 788/788/788 803/803/803
f 769/769/769 803/803/803 807/807/807
f 780/780/780 804/804/804 816/816/816
f 805/805/805 780/780/780 817/817/817
f 781/781/781 805/805/805 818/818/818
f 818/818/818 806/806/806 781/781/781
f 804/804/804 795/795/795 816/816/816
f 807/807/807 819/819/819 795/795/795
f 785/785/785 820/820/820 786/786/786
f 787/787/787 808/808/808 809/809/809
f 786/786/786 821/821/821 808/808/808
f 822/822/822 792/792/792 809/809/809
f 798/798/798 810/810/810 823/823/823
f 798/798/798 823/823/823 811/811/811
f 788/788/788 811/811/811 824/824/824
f 789/789/789 813/813/813 812/812/812
f 812/812/812 813/813/813 799/799/799
f 800/800/800 799/799/799 825/825/825
f 800/800/800 825/825/825 810/810/810
f 801/801/801 815/815/815 813/813/813
f 792/792/792 822/822/822 814/814/814
f 814/814/814 826/826/826 793/793/793
f 793/793/793 826/826/826 815/815/815
f 803/803/803 788/788/788 807/807/807
f 780/780/780 816/816/816 817/817/817
f 805/805/805 817/817/817 827/827/827
f 805/805/805 827/827/827 818/818/818
f 806/806/806 818/818/818 828/828/828
f 829/829/829 816/816/816 795/795/795
f 807/807/807 788/788/788 819/819/819
f 795/795/795 819/819/819 830/830/830
f 820/820/820 785/785/785 831/831/831
f 832/832/832 786/786/786 820/820/820
f 833/833/833 809/809/809 808/808/808
f 821/821/821 834/834/834 808/808/808
f 832/832/832 821/821/821 786/786/786
f 809/809/809 835/835/835 822/822/822
f 823/823/823 810/810/810 811/811/811
f 788/788/788 824/824/824 819/819/819
f 811/811/811 836/836/836 824/824/824
f 813/813/813 837/837/837 799/799/799
f 799/799/799 838/838/838 825/825/825
f 839/839/839 810/810/810 825/825/825
f 813/813/813 815/815/815 837/837/837
f 814/814/814 822/822/822 840/840/840
f 826/826/826 814/814/814 840/840/840
f 815/815/815 826/826/826 841/841/841
f 817/817/817 816/816/816 842/842/842
f 843/843/843 827/827/827 817/817/817
f 844/844/844 818/818/818 827/827/827
f 828/828/828 818/818/818 845/845/845
f 846/846/846 806/806/806 828/828/828
f 847/847/847 829/829/829 795/795/795
f 816/816/816 829/829/829 842/842/842
f 795/795/795 830/830/830 848/848/848
f 849/849/849 830/830/830 819/819/819
f 820/820/820 831/831/831 832/832/832
f 809/809/809 833/833/833 835/835/835
f 808/808/808 850/850/850 833/833/833
f 850/850/850 808/808/808 834/834/834
f 821/821/821 851/851/851 834/834/834
f 832/832/832 852/852/852 821/821/821
f 835/835/835 853/853/853 822/822/822
f 811/811/811 810/810/810 836/836/836
f 854/854/854 819/819/819 824/824/824
f 855/855/855 824/824/824 836/836/836
f 799/799/799 837/837/837 838/838/838
f 825/825/825 838/838/838 839/839/839
f 810/810/810 839/839/839 856/856/856
f 815/815/815 857/857/857 837/837/837
f 822/822/822 858/858/858 840/840/840
f 826/826/826 840/840/840 859/859/859
f 826/826/826 860/860/860 841/841/841
f 815/815/815 841/841/841 857/857/857
f 817/817/817 842/842/842 843/843/843
f 827/827/827 843/843/843 844/844/844
f 818/818/818 844/844/844 845/845/845
f 828/828/828 845/845/845 861/861/861
f 828/828/828 861/861/861 846/846/846
f 795/795/795 848/848/848 847/847/847
f 829/829/829 847/847/847 862/862/862
f 842/842/842 829/829/829 863/863/863
f 830/830/830 849/849/849 848/848/848
f 819/819/819 864/864/864 849/849/849
f 831/831/831 852/852/852 832/832/832
f 835/835/835 833/833/833 853/853/853
f 850/850/850 865/865/865 833/833/833
f 834/834/834 866/866/866 850/850/850
f 821/821/821 867/867/867 851/851/851
f 834/834/834 851/851/851 866/866/866
f 852/852/852 868/868/868 821/821/821
f 853/853/853 833/833/833 822/822/822
f 810/810/810 856/856/856 836/836/836
f 864/864/864 819/819/819 854/854/854
f 824/824/824 855/855/855 854/854/854
f 836/836/836 869/869/869 855/855/855
f 837/837/837 870/870/870 838/838/838
f 838/838/838 871/871/871 839/839/839
f 872/872/872 856/856/856 839/839/839
f 837/837/837 857/857/857 873/873/873
f 840/840/840 858/858/858 859/859/859
f 833/833/833 858/858/858 822/822/822
f 826/826/826 859/859/859 860/860/860
f 860/860/860 874/874/874 841/841/841
f 841/841/841 875/875/875 857/857/857
f 843/843/843 842/842/842 876/876/876
f 876/876/876 844/844/844 843/843/843
f 877/877/877 845/845/845 844/844/844
f 861/861/861 845/845/845 878/878/878
f 846/846/846 861/861/861 879/879/879
f 847/847/847 848/848/848 880/880/880
f 881/881/881 862/862/862 847/847/847
f 862/862/862 863/863/863 829/829/829
f 876/876/876 842/842/842 863/863/863
f 848/848/848 849/849/849 880/880/880
f 849/849/849 864/864/864 882/882/882
f 831/831/831 883/883/883 852/852/852
f 833/833/833 865/865/865 884/884/884
f 865/865/865 850/850/850 885/885/885
f 866/866/866 851/851/851 850/850/850
f 867/867/867 886/886/886 851/851/851
f 868/868/868 867/867/867 821/821/821
f 852/852/852 887/887/887 868/868/868
f 836/836/836 856/856/856 888/888/888
f 854/854/854 889/889/889 864/864/864
f 854/854/854 855/855/855 890/890/890
f 836/836/836 888/888/888 869/869/869
f 869/869/869 888/888/888 855/855/855
f 838/838/838 870/870/870 891/891/891
f 837/837/837 873/873/873 870/870/870
f 891/891/891 871/871/871 838/838/838
f 839/839/839 871/871/871 892/892/892
f 839/839/839 892/892/892 872/872/872
f 856/856/856 872/872/872 888/888/888
f 857/857/857 893/893/893 873/873/873
f 859/859/859 858/858/858 884/884/884
f 884/884/884 858/858/858 833/833/833
f 874/874/874 860/860/860 859/859/859
f 841/841/841 874/874/874 894/894/894
f 875/875/875 841/841/841 894/894/894
f 893/893/893 857/857/857 875/875/875
f 844/844/844 876/876/876 877/877/877
f 845/845/845 877/877/877 878/878/878
f 879/879/879 861/861/861 878/878/878
f 847/847/847 880/880/880 881/881/881
f 862/862/862 881/881/881 895/895/895
f 863/863/863 862/862/862 896/896/896
f 896/896/896 876/876/876 863/863/863
f 849/849/849 882/882/882 880/880/880
f 897/897/897 882/882/882 864/864/864
f 887/887/887 852/852/852 883/883/883
f 865/865/865 898/898/898 884/884/884
f 851/851/851 885/885/885 850/850/850
f 865/865/865 885/885/885 899/899/899
f 886/886/886 867/867/867 887/887/887
f 851/851/851 886/886/886 885/885/885
f 868/868/868 887/887/887 867/867/867
f 854/854/854 890/890/890 889/889/889
f 889/889/889 890/890/890 864/864/864
f 855/855/855 900/900/900 890/890/890
f 888/888/888 900/900/900 855/855/855
f 870/870/870 873/873/873 891/891/891
f 871/871/871 891/891/891 892/892/892
f 901/901/901 872/872/872 892/892/892
f 888/888/888 872/872/872 900/900/900
f 873/873/873 893/893/893 902/902/902
f 884/884/884 903/903/903 859/859/859
f 859/859/859 903/903/903 874/874/874
f 874/874/874 904/904/904 894/894/894
f 875/875/875 894/894/894 893/893/893
f 877/877/877 876/876/876 905/905/905
f 906/906/906 878/878/878 877/877/877
f 879/879/879 878/878/878 907/907/907
f 908/908/908 881/881/881 880/880/880
f 896/896/896 862/862/862 895/895/895
f 895/895/895 881/881/881 909/909/909
f 876/876/876 896/896/896 905/905/905
f 880/880/880 882/882/882 908/908/908
f 882/882/882 897/897/897 910/910/910
f 864/864/864 911/911/911 897/897/897
f 865/865/865 899/899/899 898/898/898
f 912/912/912 884/884/884 898/898/898
f 885/885/885 913/913/913 899/899/899
f 887/887/887 914/914/914 886/886/886
f 886/886/886 913/913/913 885/885/885
f 890/890/890 915/915/915 864/864/864
f 900/900/900 916/916/916 890/890/890
f 873/873/873 902/902/902 891/891/891
f 891/891/891 917/917/917 892/892/892
f 918/918/918 901/901/901 892/892/892
f 872/872/872 901/901/901 919/919/919
f 900/900/900 872/872/872 919/919/919
f 920/920/920 902/902/902 893/893/893
f 884/884/884 912/912/912 903/903/903
f 874/874/874 903/903/903 921/921/921
f 894/894/894 904/904/904 922/922/922
f 904/904/904 874/874/874 921/921/921
f 893/893/893 894/894/894 923/923/923
f 924/924/924 877/877/877 905/905/905
f 877/877/877 924/924/924 906/906/906
f 878/878/878 906/906/906 907/907/907
f 881/881/881 908/908/908 925/925/925
f 905/905/905 896/896/896 895/895/895
f 895/895/895 909/909/909 926/926/926
f 925/925/925 909/909/909 881/881/881
f 908/908/908 882/882/882 927/927/927
f 928/928/928 910/910/910 897/897/897
f 882/882/882 910/910/910 927/927/927
f 911/911/911 864/864/864 915/915/915

