mtllib lid.mtl
v -0.025770 -0.088770 -0.017201
v -0.024762 -0.086085 -0.019124
v -0.020616 -0.091299 -0.020461
v -0.026756 -0.085977 -0.017088
v -0.022837 -0.085977 -0.020947
v -0.028358 -0.085682 -0.014628
v -0.025511 -0.084961 -0.017088
v -0.019885 -0.088651 -0.022216
v -0.022837 -0.084973 -0.019762
v -0.025492 -0.084317 -0.012394
v -0.028270 -0.088729 -0.014609
v -0.022837 -0.084479 -0.017088
v -0.017783 -0.091325 -0.022680
v -0.020221 -0.085833 -0.022557
v -0.020138 -0.084650 -0.019804
v -0.017044 -0.088651 -0.024750
v -0.017096 -0.085977 -0.024771
v -0.014814 -0.090749 -0.024885
v -0.014654 -0.085909 -0.026012
v -0.014814 -0.088651 -0.025937
v -0.013622 -0.091325 -0.025111
v -0.011438 -0.088587 -0.026611
v -0.020163 -0.083303 0.011152
v -0.022342 -0.083303 0.012329
v -0.020512 -0.080551 0.012149
v -0.020163 -0.085619 0.012329
v -0.017488 -0.080569 0.011949
v -0.016876 -0.086027 0.012468
v -0.017488 -0.083303 0.011073
v -0.012140 -0.081188 0.023026
v -0.015178 -0.081547 0.022978
v -0.012725 -0.081746 0.025559
v -0.019761 -0.083852 0.025195
v -0.009857 -0.081126 0.024318
v -0.014398 -0.083430 0.027810
v -0.006011 -0.080801 0.020834
v -0.012140 -0.082580 0.028374
v -0.017048 -0.085862 0.029492
v -0.006625 -0.081427 0.024501
v -0.009466 -0.081941 0.028374
v -0.011929 -0.083366 0.030148
v -0.014607 -0.086111 0.030933
v -0.020163 -0.085836 0.028752
v -0.006677 -0.081840 0.028462
v 0.005228 -0.081656 0.025838
v -0.018634 -0.086488 0.030934
v -0.022595 -0.086009 0.028067
v -0.009672 -0.082999 0.031970
v -0.009021 -0.086077 0.036172
v -0.014896 -0.086802 0.033703
v -0.023246 -0.086123 0.031049
v -0.000635 -0.082090 0.028721
v -0.006791 -0.082296 0.031049
v -0.022088 -0.086098 0.033597
v 0.000921 -0.082829 0.033808
v 0.003787 -0.082320 0.031008
v -0.006419 -0.086004 0.037569
v -0.006959 -0.083097 0.034137
v -0.004117 -0.082452 0.031049
v -0.012290 -0.086809 0.036218
v -0.019860 -0.085978 0.036297
v 0.006580 -0.082454 0.031049
v -0.009466 -0.086916 0.039072
v 0.004171 -0.083240 0.033993
v 0.006580 -0.083555 0.033331
v 0.011022 -0.083427 0.031117
v -0.003879 -0.083636 0.036020
v -0.012150 -0.086021 0.041851
v -0.014559 -0.085828 0.038547
v 0.001203 -0.083292 0.035091
v -0.000582 -0.088354 -0.004005
v -0.004117 -0.087051 -0.003717
v -0.004124 -0.087370 0.000861
v -0.001443 -0.087091 -0.006391
v -0.006725 -0.086433 0.000700
v 0.003791 -0.088063 -0.006201
v -0.004249 -0.086124 -0.007214
v -0.006786 -0.085976 -0.004666
v 0.001231 -0.085734 -0.008761
v -0.001443 -0.085892 -0.008872
v -0.009466 -0.086866 -0.001042
v 0.003906 -0.085617 -0.008788
v -0.004232 -0.084971 -0.012536
v -0.006524 -0.085149 -0.009399
v -0.009466 -0.086098 -0.003976
v 0.001205 -0.083256 -0.011716
v 0.008019 -0.085467 -0.008675
v -0.001443 -0.084960 -0.011740
v -0.009466 -0.085141 -0.006391
v -0.012140 -0.087869 -0.001042
v 0.003851 -0.082452 -0.011417
v -0.001502 -0.084901 -0.016067
v -0.010175 -0.083158 -0.014529
v -0.011862 -0.084490 -0.009071
v -0.012547 -0.085490 -0.005794
v -0.012140 -0.086759 -0.003717
v 0.001311 -0.080648 -0.014429
v -0.000212 -0.083303 -0.014414
v 0.006554 -0.082830 -0.011345
v -0.004439 -0.084409 -0.021037
v -0.008975 -0.083483 -0.016763
v -0.009466 -0.083598 -0.011740
v -0.014814 -0.086945 -0.003717
v 0.003906 -0.080392 -0.013982
v 0.009244 -0.083306 -0.011747
v -0.001443 -0.084784 -0.019762
v -0.000051 -0.083303 -0.017088
v -0.012140 -0.082774 -0.017088
v -0.012140 -0.083458 -0.012058
v -0.014814 -0.085877 -0.006160
v -0.014597 -0.087843 -0.000841
v 0.005399 -0.079772 -0.017040
v 0.000830 -0.080311 -0.017088
v 0.012274 -0.085264 -0.008953
v 0.008414 -0.080824 -0.014389
v -0.003723 -0.084301 -0.022525
v -0.011657 -0.083482 -0.018842
v -0.014814 -0.081343 -0.014414
v -0.013971 -0.083926 -0.011316
v -0.017488 -0.086605 -0.001042
v -0.017488 -0.086686 -0.003717
v 0.012109 -0.083219 -0.013879
v 0.001688 -0.083383 -0.019679
v 0.001231 -0.084475 -0.022437
v -0.007979 -0.083925 -0.021837
v -0.014814 -0.081810 -0.017088
v -0.017692 -0.084937 -0.008567
v 0.008915 -0.080843 -0.017088
v 0.001231 -0.080628 -0.018305
v 0.014603 -0.084209 -0.011740
v -0.000355 -0.084530 -0.025225
v -0.006052 -0.084505 -0.025093
v -0.014295 -0.084454 -0.022152
v -0.015221 -0.083893 -0.019535
v -0.017741 -0.082925 -0.017339
v -0.017488 -0.082090 -0.014414
v -0.017917 -0.083331 -0.012094
v -0.018738 -0.085980 -0.003704
v 0.005210 -0.080613 -0.018562
v 0.018836 -0.083646 -0.011952
v 0.014629 -0.083799 -0.014567
v 0.011867 -0.083319 -0.017067
v 0.003906 -0.084513 -0.022437
v -0.020163 -0.084221 -0.009065
v -0.020163 -0.084701 -0.006391
v 0.009254 -0.083707 -0.019311
v 0.017904 -0.083870 -0.015853
v 0.003906 -0.083085 -0.019907
v 0.005900 -0.085026 -0.025121
v -0.012140 -0.084790 -0.025111
v -0.017488 -0.084912 -0.022437
v -0.020205 -0.083285 -0.014589
v -0.022837 -0.083726 -0.009065
v -0.021071 -0.083303 -0.003717
v 0.006254 -0.083351 -0.019724
v 0.013311 -0.083970 -0.019210
v 0.003906 -0.085977 -0.026349
v 0.008391 -0.084349 -0.022520
v -0.014814 -0.085084 -0.025111
v -0.022606 -0.083559 -0.011758
v -0.022859 -0.083340 -0.006357
v -0.020163 -0.083303 -0.002191
v 0.011928 -0.084408 -0.022437
v 0.006580 -0.085977 -0.026100
v 0.009254 -0.085635 -0.025407
v -0.025659 -0.082833 -0.006957
v -0.022837 -0.082121 -0.001042
v -0.022837 -0.082175 -0.003717
v 0.007715 -0.088685 -0.025842
v -0.013622 -0.091325 -0.025111
v -0.010160 -0.091330 -0.026276
v -0.011438 -0.088587 -0.026611
v -0.006791 -0.091325 -0.026919
v -0.004117 -0.091771 -0.027584
v -0.005317 -0.089372 -0.027638
v 0.000324 -0.092428 -0.027797
v -0.006011 -0.085994 -0.027574
v -0.001409 -0.091088 -0.027562
v -0.009466 -0.085977 -0.026851
v -0.001443 -0.085829 -0.027907
v -0.014654 -0.085909 -0.026012
v -0.006052 -0.084505 -0.025093
v -0.000355 -0.084530 -0.025225
v 0.002327 -0.091402 -0.026729
v -0.014814 -0.086134 0.009994
v -0.017488 -0.087032 0.009655
v -0.020163 -0.086764 0.012329
v -0.037049 -0.091325 0.020352
v -0.036340 -0.091380 0.023865
v -0.037647 -0.091344 0.015696
v -0.036055 -0.089061 0.022950
v -0.036496 -0.088266 0.020249
v -0.034917 -0.091325 0.028374
v -0.037560 -0.091355 0.010491
v -0.037173 -0.088675 0.014193
v -0.033800 -0.088324 0.028374
v -0.033534 -0.086593 0.023026
v -0.036161 -0.087141 0.013799
v -0.033544 -0.091209 0.031066
v -0.033324 -0.088655 0.030482
v -0.033534 -0.087227 0.025700
v -0.033828 -0.085859 0.018233
v -0.036965 -0.088651 0.009655
v -0.036674 -0.091253 0.004776
v -0.034985 -0.085990 0.013022
v -0.036208 -0.087235 0.009655
v -0.030860 -0.086412 0.028374
v -0.030990 -0.085650 0.023683
v -0.036205 -0.088831 0.004698
v -0.030860 -0.086801 0.031049
v -0.033479 -0.085368 0.013594
v -0.030931 -0.085213 0.019069
v -0.035867 -0.091510 0.001065
v -0.034972 -0.085977 0.009655
v -0.030267 -0.088369 0.035111
v -0.028442 -0.086032 0.030962
v -0.028186 -0.085963 0.025872
v -0.030567 -0.085824 0.015003
v -0.033534 -0.085342 0.009655
v -0.028272 -0.085948 0.021967
v -0.035195 -0.088542 0.000040
v -0.027640 -0.091179 0.040513
v -0.027860 -0.086138 0.033723
v -0.030655 -0.085757 0.011006
v -0.028571 -0.086166 0.019602
v -0.033117 -0.086093 0.004523
v -0.033570 -0.092785 -0.006504
v -0.033707 -0.091325 -0.004090
v -0.032957 -0.086130 -0.000969
v -0.028168 -0.088738 0.039043
v -0.028186 -0.087402 0.036397
v -0.025511 -0.085393 0.031049
v -0.024742 -0.086113 0.025429
v -0.027989 -0.087678 0.015862
v -0.030431 -0.085868 0.006980
v -0.025511 -0.087447 0.020352
v -0.032587 -0.088651 -0.006391
v -0.025622 -0.088567 0.041955
v -0.023047 -0.091545 0.045072
v -0.025252 -0.086107 0.036213
v -0.025511 -0.086107 0.028886
v -0.025511 -0.085480 0.033723
v -0.025511 -0.086394 0.023026
v -0.028160 -0.087512 0.011887
v -0.028186 -0.086527 0.006980
v -0.030860 -0.085734 0.004306
v -0.031023 -0.085830 -0.006391
v -0.025511 -0.087018 0.039072
v -0.024115 -0.085977 0.023026
v -0.025774 -0.088910 0.014819
v -0.027696 -0.085951 0.004418
v -0.025510 -0.088650 0.016494
v -0.030783 -0.085252 -0.000979
v -0.031553 -0.088651 -0.009065
v -0.030860 -0.085370 -0.003717
v -0.023986 -0.088651 0.044420
v -0.022331 -0.086165 0.039134
v -0.022837 -0.085448 0.025700
v -0.025460 -0.087438 0.009435
v -0.022837 -0.087764 0.017677
v -0.022758 -0.086051 0.020529
v -0.028186 -0.085429 0.001632
v -0.030840 -0.085995 -0.008850
v -0.028015 -0.084580 -0.009934
v -0.022358 -0.088651 0.046563
v -0.022837 -0.086794 0.041746
v -0.022837 -0.085764 0.036397
v -0.022837 -0.084999 0.023026
v -0.023180 -0.088416 0.015003
v -0.022837 -0.087143 0.009655
v -0.022817 -0.086026 0.003216
v -0.028186 -0.084362 -0.001042
v -0.030610 -0.088651 -0.011304
v -0.027928 -0.083553 -0.003717
v -0.022837 -0.087506 0.044420
v -0.016881 -0.085416 0.041417
v -0.022837 -0.087396 0.012329
v -0.022837 -0.086895 0.006980
v -0.020206 -0.085280 0.017588
v -0.020241 -0.083147 0.020286
v -0.025511 -0.085022 0.001632
v -0.030263 -0.085977 -0.011740
v -0.027156 -0.083303 -0.006391
v -0.020163 -0.086750 0.044420
v -0.017488 -0.085377 0.039072
v -0.020432 -0.083227 0.023271
v -0.020163 -0.086964 0.009655
v -0.017467 -0.086866 0.004293
v -0.025929 -0.083194 -0.000841
v -0.022837 -0.083621 0.001460
v -0.020163 -0.087493 0.047094
v -0.017867 -0.087264 0.007018
v -0.025511 -0.082083 -0.003717
v -0.020446 -0.083201 0.001912
v -0.014945 -0.086125 0.043909
v -0.019001 -0.083303 0.004306
v -0.014814 -0.086976 0.006980
v -0.020163 -0.082609 -0.001042
v -0.017488 -0.080946 0.001632
v -0.010455 -0.086048 0.044240
v -0.017488 -0.082220 -0.001042
v -0.017318 -0.080711 0.004306
v -0.014431 -0.086768 0.046970
v -0.006869 -0.086680 0.043991
v -0.012465 -0.085977 0.009219
v -0.017488 -0.083303 -0.001637
v -0.015219 -0.080502 0.001320
v -0.017091 -0.083303 0.006608
v -0.007780 -0.086638 0.047407
v -0.014685 -0.083303 0.009752
v -0.012308 -0.081307 -0.000971
v -0.014814 -0.080859 0.006565
v -0.014814 -0.080089 0.004306
v -0.002086 -0.086900 0.041849
v -0.004117 -0.086611 0.044420
v -0.012140 -0.080481 0.001111
v -0.014814 -0.083303 0.007936
v 0.000675 -0.086072 0.038733
v -0.003086 -0.087053 0.049497
v -0.012140 -0.080279 0.004306
v 0.001231 -0.086759 0.041746
v 0.000922 -0.084166 0.036606
v -0.001443 -0.086156 0.044420
v 0.000339 -0.086257 0.046763
v -0.014814 -0.080604 0.012208
v -0.012154 -0.080839 0.009661
v 0.005844 -0.087899 0.041907
v 0.004584 -0.085738 0.036574
v 0.003906 -0.087501 0.039072
v 0.006580 -0.088100 0.039072
v 0.006580 -0.086310 0.036070
v 0.009320 -0.088139 0.041824
v 0.009254 -0.088230 0.039072
v 0.009254 -0.084651 0.033723
v 0.011928 -0.087857 0.039072
v 0.009254 -0.087378 0.036397
v 0.009254 -0.085977 0.034869
v 0.016005 -0.087224 0.039163
v 0.014603 -0.088204 0.036397
v 0.011928 -0.088025 0.036397
v 0.011590 -0.086136 0.033586
v -0.005291 -0.092466 0.060332
v -0.001009 -0.092624 0.060468
v -0.009971 -0.080898 0.017615
v -0.006011 -0.080801 0.020834
v -0.005849 -0.080519 0.016479
v -0.014450 -0.081235 0.018125
v -0.009466 -0.081199 0.015003
v -0.012140 -0.081188 0.023026
v -0.012082 -0.080631 0.013706
v -0.015178 -0.081547 0.022978
v -0.014661 -0.080678 0.014177
v -0.020241 -0.083147 0.020286
v -0.014814 -0.080604 0.012208
v -0.017488 -0.082282 0.017677
v -0.012154 -0.080839 0.009661
v -0.017488 -0.080569 0.011949
v -0.017514 -0.080656 0.013694
v -0.019888 -0.083303 0.017677
v -0.020163 -0.081901 0.015003
v -0.020206 -0.085280 0.017588
v -0.020163 -0.083303 0.016647
v -0.020512 -0.080551 0.012149
v -0.021409 -0.083303 0.015003
v -0.020163 -0.084863 0.015003
v -0.022342 -0.083303 0.012329
v -0.014814 -0.085402 0.006980
v -0.014814 -0.083303 0.007936
v -0.017091 -0.083303 0.006608
v 0.014704 -0.085841 0.031092
v 0.034243 -0.083303 0.012329
v 0.033323 -0.084870 0.012329
v 0.036451 -0.083030 0.012585
v 0.033549 -0.083512 0.009655
v 0.033138 -0.086129 0.014289
v 0.030648 -0.085021 0.009655
v 0.030861 -0.086050 0.012006
v -0.014814 -0.087062 0.004306
v -0.017467 -0.086866 0.004293
v -0.017867 -0.087264 0.007018
v -0.017488 -0.085657 0.004306
v -0.017091 -0.083303 0.006608
v -0.019001 -0.083303 0.004306
v -0.022817 -0.086026 0.003216
v 0.009254 -0.091325 0.054763
v 0.006580 -0.091325 0.054666
v 0.006525 -0.088829 0.052191
v 0.003517 -0.091290 0.055119
v -0.001191 -0.088543 0.053445
v 0.002154 -0.086976 0.049517
v -0.001258 -0.091153 0.055556
v -0.003273 -0.087976 0.052491
v -0.004117 -0.088651 0.053366
v -0.003086 -0.087053 0.049497
v -0.003317 -0.091371 0.054765
v -0.007021 -0.088418 0.052728
v -0.006791 -0.091325 0.053933
v -0.006791 -0.087066 0.049769
v -0.009466 -0.091325 0.054363
v -0.007780 -0.086638 0.047407
v -0.010731 -0.087375 0.049576
v -0.011521 -0.088720 0.052346
v -0.012140 -0.091325 0.054680
v -0.014431 -0.086768 0.046970
v -0.014814 -0.088651 0.051236
v -0.012140 -0.092758 0.055117
v -0.014821 -0.091378 0.052474
v -0.014814 -0.087624 0.049769
v -0.012140 -0.092629 0.057791
v -0.017512 -0.088622 0.049779
v -0.017686 -0.091465 0.049678
v -0.017488 -0.087106 0.047094
v -0.014945 -0.086125 0.043909
v -0.020163 -0.088651 0.048488
v -0.020163 -0.087493 0.047094
v -0.020143 -0.091212 0.048340
v -0.022358 -0.088651 0.046563
v -0.023047 -0.091545 0.045072
v -0.033534 -0.092559 0.047094
v 0.014787 -0.081751 0.025285
v 0.017431 -0.083294 0.026031
v 0.018344 -0.083015 0.023139
v 0.014772 -0.083124 0.028503
v 0.019939 -0.086025 0.023026
v 0.014695 -0.081481 0.020432
v 0.017307 -0.086126 0.029728
v 0.011928 -0.082290 0.028374
v 0.019457 -0.085977 0.025700
v 0.017294 -0.083288 0.020402
v 0.011473 -0.080715 0.018721
v 0.017999 -0.085977 0.028374
v 0.014704 -0.085841 0.031092
v 0.011022 -0.083427 0.031117
v 0.012206 -0.081507 0.025251
v 0.019951 -0.087537 0.025700
v 0.019768 -0.087250 0.020334
v 0.017407 -0.083152 0.014423
v 0.012395 -0.080568 0.015003
v 0.019951 -0.087260 0.031049
v 0.017277 -0.087932 0.033723
v 0.005228 -0.081656 0.025838
v 0.020722 -0.088731 0.025218
v 0.022288 -0.088715 0.020115
v 0.018316 -0.085977 0.017677
v 0.014603 -0.081001 0.015003
v 0.009127 -0.080434 0.014991
v 0.009148 -0.081616 0.024985
v 0.019951 -0.088021 0.028374
v 0.014603 -0.088380 0.033723
v 0.019951 -0.086848 0.017677
v 0.014711 -0.082739 0.012123
v 0.019902 -0.085998 0.014564
v 0.011890 -0.080771 0.012405
v 0.004062 -0.080606 0.018183
v 0.004874 -0.080919 0.020690
v 0.019941 -0.086981 0.033733
v 0.022625 -0.087325 0.031049
v 0.011590 -0.086136 0.033586
v 0.014603 -0.088204 0.036397
v 0.022625 -0.088481 0.028006
v 0.022625 -0.089555 0.023026
v 0.005356 -0.080704 0.012685
v -0.000304 -0.080352 0.015083
v 0.019951 -0.087174 0.036397
v 0.017277 -0.087623 0.036397
v 0.022625 -0.089503 0.025700
v 0.025300 -0.089965 0.023026
v -0.000368 -0.080523 0.018293
v 0.025300 -0.086692 0.033723
v 0.024991 -0.087099 0.036727
v 0.025300 -0.088317 0.027939
v 0.016005 -0.087224 0.039163
v 0.025300 -0.089829 0.025700
v -0.001031 -0.080210 0.012347
v -0.005849 -0.080519 0.016479
v 0.025300 -0.086898 0.031049
v 0.020522 -0.087182 0.039138
v -0.001298 -0.080610 0.020402
v 0.028227 -0.089268 0.023066
v -0.004117 -0.080529 0.011959
v -0.006011 -0.080801 0.020834
v 0.028068 -0.086839 0.033791
v 0.023070 -0.087342 0.040815
v 0.027974 -0.086505 0.031049
v 0.015750 -0.087006 0.041755
v 0.028020 -0.088683 0.025807
v 0.027974 -0.087059 0.028374
v 0.009320 -0.088139 0.041824
v 0.030532 -0.087076 0.032297
v 0.027666 -0.087725 0.039352
v 0.015725 -0.087222 0.044553
v 0.030648 -0.086715 0.028374
v 0.030861 -0.088496 0.038731
v 0.022196 -0.087833 0.044393
v 0.011252 -0.087553 0.044499
v 0.033323 -0.086945 0.028374
v 0.033163 -0.088725 0.035922
v 0.025309 -0.088644 0.044428
v 0.017130 -0.088813 0.049167
v 0.011902 -0.087786 0.046988
v 0.005844 -0.087899 0.041907
v 0.033573 -0.087611 0.031212
v 0.031776 -0.090934 0.041157
v 0.022266 -0.088673 0.046616
v 0.027974 -0.090246 0.044420
v 0.006237 -0.087277 0.047219
v 0.006421 -0.087465 0.044446
v 0.035708 -0.087709 0.030342
v 0.034168 -0.091303 0.039074
v 0.035413 -0.088913 0.033651
v 0.025525 -0.090948 0.047222
v 0.020562 -0.091073 0.049870
v 0.009241 -0.088318 0.049914
v 0.001231 -0.086326 0.044420
v 0.028075 -0.091305 0.045476
v 0.036051 -0.091218 0.036480
v 0.022625 -0.091325 0.049218
v 0.017205 -0.091345 0.051642
v 0.010733 -0.089606 0.052496
v 0.002154 -0.086976 0.049517
v 0.001231 -0.086759 0.041746
v 0.037519 -0.088651 0.031049
v 0.037614 -0.091325 0.033723
v 0.014603 -0.090218 0.052443
v 0.006525 -0.088829 0.052191
v 0.000339 -0.086257 0.046763
v -0.001443 -0.086156 0.044420
v 0.014528 -0.091297 0.053476
v 0.009254 -0.091325 0.054763
v -0.003086 -0.087053 0.049497
v 0.042321 -0.091325 0.017677
v 0.042217 -0.091325 0.020352
v 0.042017 -0.091325 0.023026
v 0.042705 -0.091325 0.015003
v 0.041280 -0.091079 0.026734
v 0.041563 -0.088407 0.017599
v 0.037614 -0.091325 0.033723
v 0.041391 -0.088553 0.023266
v 0.038774 -0.090807 0.031049
v 0.042763 -0.091325 0.012329
v 0.042149 -0.088651 0.015003
v 0.040323 -0.088484 0.026288
v 0.042496 -0.091325 0.009655
v 0.041285 -0.087386 0.013367
v 0.038626 -0.086768 0.017784
v 0.037519 -0.088651 0.031049
v 0.038696 -0.087445 0.025155
v 0.042248 -0.088651 0.012329
v 0.041650 -0.088266 0.009655
v 0.035708 -0.087709 0.030342
v 0.041624 -0.088297 0.006980
v 0.038233 -0.086159 0.015003
v 0.035700 -0.086428 0.022663
v 0.042463 -0.091325 0.006980
v 0.038616 -0.086006 0.007522
v 0.038743 -0.085853 0.012549
v 0.035987 -0.086136 0.016861
v 0.038794 -0.085821 0.009655
v 0.033323 -0.086945 0.028374
v 0.041748 -0.091253 0.004297
v 0.041918 -0.088130 0.004316
v 0.035997 -0.085502 0.015003
v 0.033323 -0.086445 0.017677
v 0.033207 -0.086504 0.025520
v 0.037436 -0.085346 0.004036
v 0.037355 -0.083303 0.009655
v 0.036451 -0.083030 0.012585
v 0.033138 -0.086129 0.014289
v 0.030648 -0.086918 0.025700
v 0.041337 -0.088651 0.001650
v 0.035914 -0.083353 0.007142
v 0.038527 -0.086029 0.001632
v 0.030530 -0.087800 0.019328
v 0.030648 -0.087583 0.023026
v 0.030648 -0.086715 0.028374
v 0.040090 -0.091427 0.000148
v 0.033219 -0.083602 0.004450
v 0.036096 -0.084977 0.000900
v 0.035997 -0.082462 0.009655
v 0.027725 -0.089073 0.019259
v 0.028020 -0.088683 0.025807
v 0.027974 -0.087059 0.028374
v 0.039940 -0.088651 -0.001042
v 0.033549 -0.083512 0.009655
v 0.038244 -0.086447 -0.001612
v 0.029158 -0.088651 0.020352
v 0.028212 -0.086927 0.012940
v 0.028227 -0.089268 0.023066
v 0.038391 -0.091982 -0.003717
v 0.038671 -0.091325 -0.002553
v 0.033213 -0.084083 -0.003219
v 0.030648 -0.085021 0.009655
v 0.036413 -0.085644 -0.006391
v 0.025244 -0.089188 0.018656
v 0.030861 -0.086050 0.012006
v 0.038445 -0.088651 -0.003328
v 0.029347 -0.085350 0.002440
v 0.027974 -0.085354 0.006980
v 0.037003 -0.088651 -0.006391
v 0.025300 -0.089965 0.023026
v 0.025509 -0.086848 0.012737
v 0.027974 -0.085762 0.010211
v 0.036300 -0.091325 -0.006932
v 0.033323 -0.084332 -0.006391
v 0.025623 -0.086318 0.004974
v 0.025432 -0.085369 -0.000750
v 0.035528 -0.085949 -0.009270
v 0.023699 -0.088563 0.017709
v 0.022288 -0.088715 0.020115
v 0.030219 -0.083744 -0.006065
v 0.025334 -0.085984 0.001576
v 0.025513 -0.086015 0.009655
v 0.022625 -0.086924 0.015003
v 0.033173 -0.084759 -0.009506
v 0.028132 -0.083492 -0.010722
v 0.022599 -0.086114 -0.000921
v 0.025304 -0.083391 -0.006633
v 0.022718 -0.086434 0.009691
v 0.019951 -0.086848 0.017677
v 0.021309 -0.086191 0.011971
v 0.030039 -0.085971 -0.015617
v 0.027974 -0.083303 -0.007847
v 0.018774 -0.086757 0.003153
v 0.022081 -0.084720 -0.003939
v 0.018310 -0.086937 0.005632
v 0.019902 -0.085998 0.014564
v 0.025841 -0.084161 -0.016457
v 0.025300 -0.082412 -0.009065
v 0.016646 -0.086123 -0.001667
v 0.017676 -0.084437 -0.006096
v 0.017277 -0.086070 0.010194
v 0.017277 -0.085414 0.012329
v 0.023161 -0.083123 -0.014736
v 0.025118 -0.085977 -0.019630
v 0.025300 -0.082451 -0.011740
v 0.014626 -0.086926 0.001308
v 0.022493 -0.082706 -0.008880
v 0.011864 -0.086583 0.006193
v 0.017407 -0.083152 0.014423
v 0.021470 -0.083611 -0.016800
v 0.022626 -0.084519 -0.019762
v 0.022626 -0.082124 -0.011740
v 0.012207 -0.087214 0.003187
v 0.014608 -0.085534 -0.005005
v 0.018717 -0.083678 -0.009256
v 0.014369 -0.086035 0.009655
v 0.014603 -0.085977 0.012081
v 0.014711 -0.082739 0.012123
v 0.017904 -0.083870 -0.015853
v 0.011937 -0.087189 -0.001948
v 0.018836 -0.083646 -0.011952
v 0.009254 -0.087804 0.004306
v 0.011928 -0.085977 0.008384
v 0.006486 -0.090065 -0.001150
v 0.012013 -0.086003 -0.006555
v 0.012274 -0.085264 -0.008953
v 0.006981 -0.088272 0.005173
v 0.009089 -0.088536 0.001632
v 0.009295 -0.085988 0.009841
v 0.011928 -0.083854 0.009788
v 0.008784 -0.088359 -0.003717
v 0.006601 -0.085965 0.009647
v 0.006580 -0.089935 0.001632
v 0.006524 -0.089322 -0.004031
v 0.008869 -0.086070 -0.007649
v 0.002882 -0.085476 0.009363
v 0.011890 -0.080771 0.012405
v 0.008835 -0.083412 0.010969
v 0.003906 -0.090012 0.001632
v 0.003544 -0.090094 -0.001037
v 0.008019 -0.085467 -0.008675
v 0.004030 -0.088765 0.004658
v 0.003906 -0.083303 0.010231
v 0.003791 -0.088063 -0.006201
v 0.003906 -0.089469 -0.003717
v 0.000259 -0.087891 0.004956
v 0.005356 -0.080704 0.012685
v 0.000325 -0.089138 0.000896
v -0.000582 -0.088354 -0.004005
v -0.002827 -0.087510 0.004201
v -0.004124 -0.087370 0.000861
v -0.006725 -0.086433 0.000700
v -0.009466 -0.081113 0.012329
v -0.007612 -0.080675 0.012548
v -0.006791 -0.083303 0.010726
v -0.009466 -0.081090 0.009655
v -0.004117 -0.080529 0.011959
v -0.008181 -0.083303 0.009655
v -0.006791 -0.086305 0.010144
v -0.009846 -0.080733 0.006980
v -0.009125 -0.083303 0.006980
v -0.009305 -0.085977 0.009445
v -0.012140 -0.080279 0.004306
v -0.009466 -0.085298 0.006980
v -0.006922 -0.086703 0.006993
v -0.009732 -0.080821 0.004306
v -0.009041 -0.083303 0.004306
v -0.009026 -0.085977 0.004588
v -0.009478 -0.083303 0.001657
v -0.009466 -0.086082 0.002019
v 0.046622 -0.092393 -0.035761
v 0.044020 -0.092503 -0.035808
v 0.035997 -0.092671 -0.035808
v 0.038671 -0.092769 -0.038482
v 0.035997 -0.092681 -0.038482
v -0.011789 -0.083297 -0.001402
v -0.010610 -0.080628 0.001632
v -0.009478 -0.083303 0.001657
v -0.009732 -0.080821 0.004306
v -0.017488 -0.084982 -0.001042
v -0.014814 -0.085536 -0.001042
v -0.012140 -0.085838 -0.001042
v -0.018074 -0.085977 -0.001042
v -0.001443 -0.086815 0.006980
v -0.004117 -0.086725 0.006980
v -0.001443 -0.085977 0.009012
v -0.006791 -0.086419 0.004306
v -0.001443 -0.084621 0.009655
v -0.003618 -0.086048 0.009798
v -0.006922 -0.086703 0.006993
v -0.001480 -0.083246 0.009872
v -0.006791 -0.086305 0.010144
v -0.009026 -0.085977 0.004588
v -0.004117 -0.083303 0.010534
v -0.006791 -0.083303 0.010726
v -0.009466 -0.086082 0.002019
v -0.001443 -0.080628 0.010895
v 0.001231 -0.080628 0.011188
v -0.009466 -0.086866 -0.001042
v -0.004117 -0.080529 0.011959
v -0.012140 -0.087332 0.001632
v -0.001031 -0.080210 0.012347
v -0.012140 -0.087869 -0.001042
v -0.014597 -0.087843 -0.000841
v 0.035907 -0.088651 -0.008894
v 0.033609 -0.088651 -0.012063
v 0.035152 -0.091325 -0.009065
v 0.029507 -0.088755 -0.016422
v 0.033303 -0.091479 -0.011456
v 0.030903 -0.091326 -0.014685
v 0.028213 -0.091325 -0.017272
v 0.025095 -0.088651 -0.019653
v 0.024697 -0.091436 -0.019482
v 0.022603 -0.088757 -0.020919
v 0.022626 -0.091325 -0.020576
v 0.025300 -0.092488 -0.019762
v 0.022626 -0.085977 -0.021193
v 0.018917 -0.085973 -0.022325
v 0.019951 -0.091325 -0.021254
v 0.019951 -0.084269 -0.019762
v 0.017288 -0.088689 -0.022911
v 0.017277 -0.084136 -0.019762
v 0.017277 -0.085607 -0.022721
v 0.016023 -0.091677 -0.022845
v 0.014603 -0.085977 -0.024031
v 0.012318 -0.088455 -0.025050
v 0.013311 -0.083970 -0.019210
v 0.014603 -0.084542 -0.022437
v 0.011928 -0.091325 -0.024051
v 0.011928 -0.084408 -0.022437
v 0.011963 -0.085939 -0.025124
v 0.007715 -0.088685 -0.025842
v 0.009254 -0.085635 -0.025407
v 0.007813 -0.091450 -0.024999
v 0.003906 -0.088651 -0.026511
v 0.002327 -0.091402 -0.026729
v 0.003906 -0.085977 -0.026349
v 0.000799 -0.085977 -0.027620
v -0.001409 -0.091088 -0.027562
v -0.000355 -0.084530 -0.025225
v -0.001443 -0.085829 -0.027907
v -0.026191 -0.091277 -0.015154
v -0.030860 -0.092006 -0.009065
v -0.030865 -0.091328 -0.008886
v -0.022837 -0.091325 -0.018069
v -0.018824 -0.086025 0.014788
v -0.020163 -0.084863 0.015003
v -0.021409 -0.083303 0.015003
v -0.012120 -0.086171 0.004306
v -0.014814 -0.086976 0.006980
v -0.012140 -0.086059 0.006980
v -0.012465 -0.085977 0.009219
v -0.009026 -0.085977 0.004588
v -0.009305 -0.085977 0.009445
v -0.006922 -0.086703 0.006993
v -0.012140 -0.087332 0.001632
v -0.014597 -0.087843 -0.000841
v -0.009466 -0.086082 0.002019
v -0.018286 -0.086045 0.001698
v -0.022817 -0.086026 0.003216
v -0.017488 -0.086605 -0.001042
v -0.018074 -0.085977 -0.001042
v -0.012120 -0.086171 0.004306
v -0.014814 -0.084930 0.004306
v -0.014814 -0.084828 0.001632
v -0.012140 -0.085934 0.006980
v -0.012465 -0.085977 0.009219
v -0.009026 -0.085977 0.004588
v -0.009466 -0.085298 0.006980
v -0.009305 -0.085977 0.009445
v -0.017488 -0.085657 0.004306
v -0.018286 -0.086045 0.001698
v -0.022817 -0.086026 0.003216
v -0.017488 -0.084982 -0.001042
v -0.014814 -0.085536 -0.001042
v -0.012140 -0.083977 0.001632
v -0.012140 -0.085838 -0.001042
v -0.009466 -0.086082 0.002019
v -0.009478 -0.083303 0.001657
v -0.011789 -0.083297 -0.001402
v -0.014685 -0.083303 0.009752
v -0.017488 -0.084982 -0.001042
v -0.018286 -0.086045 0.001698
v -0.018074 -0.085977 -0.001042
v -0.052154 -0.092669 -0.022511
v 0.034609 -0.092784 -0.011156
v 0.032057 -0.092784 -0.014521
v 0.030884 -0.092784 -0.016174
v -0.035662 -0.092784 0.028407
v -0.034964 -0.092784 0.029843
v -0.036300 -0.092784 0.026344
v -0.037360 -0.092784 0.023472
v -0.037705 -0.092784 0.021847
v -0.037961 -0.092784 0.019825
v -0.034359 -0.092784 0.031085
v -0.037577 -0.092784 0.004426
v -0.037847 -0.092784 0.006539
v -0.037104 -0.092784 0.002621
v -0.030242 -0.092784 0.037632
v -0.027786 -0.092784 0.041110
v -0.026963 -0.092784 0.042214
v -0.033574 -0.092785 -0.006497
v -0.051065 -0.092785 -0.022038
v -0.052153 -0.092785 -0.020979
v -0.051929 -0.092785 -0.022680
v 0.035778 -0.092785 -0.038482
v 0.038671 -0.092785 -0.038499
v 0.001932 -0.092785 -0.027782
v 0.000983 -0.092785 -0.028112
v 0.000345 -0.092785 0.060471
v -0.000790 -0.092785 0.060243
v 0.009192 -0.092784 0.054852
v 0.011127 -0.092784 0.054967
v 0.007960 -0.092784 0.054807
v 0.006417 -0.092784 0.054853
v 0.005023 -0.092784 0.055061
v 0.031094 -0.092784 0.042958
v 0.029465 -0.092784 0.044767
v 0.032709 -0.092784 0.040358
v 0.032175 -0.092784 0.041355
v 0.027763 -0.092784 0.046287
v 0.026702 -0.092784 0.047072
v 0.021722 -0.092784 0.049767
v 0.025391 -0.092784 0.048230
v 0.024084 -0.092784 0.049030
v 0.018642 -0.092784 0.050708
v 0.019688 -0.092784 0.050080
v 0.017244 -0.092784 0.051458
v 0.015317 -0.092784 0.052910
v 0.011522 -0.092784 0.055003
v 0.042964 -0.092784 0.018950
v 0.043130 -0.092784 0.016478
v 0.042378 -0.092784 0.021674
v 0.042916 -0.092784 0.020181
v 0.043359 -0.092784 0.011376
v 0.043317 -0.092784 0.009615
v 0.043138 -0.092784 0.008115
v 0.043123 -0.092784 0.006883
v 0.042817 -0.092784 0.005678
v 0.042499 -0.092784 0.004397
v 0.040721 -0.092784 0.000103
v 0.039345 -0.092785 -0.002777
v 0.048711 -0.092785 -0.035760
v 0.047475 -0.092785 -0.036396
v 0.035532 -0.092784 -0.010038
v 0.029645 -0.092784 -0.017366
v -0.016358 -0.092784 -0.024202
v -0.018746 -0.092784 -0.022777
v -0.020047 -0.092784 -0.021766
v -0.021053 -0.092784 -0.020862
v 0.024170 -0.092784 -0.021207
v 0.023195 -0.092784 -0.021777
v 0.025444 -0.092785 -0.020053
v 0.021963 -0.092784 -0.022090
v 0.019951 -0.092784 -0.022329
v -0.031582 -0.092784 0.035483
v -0.024246 -0.092784 0.044767
v -0.022941 -0.092784 0.045265
v -0.024246 -0.092784 0.044767
v 0.038581 -0.092785 -0.004467
v 0.028111 -0.092784 -0.018687
v -0.022643 -0.092784 -0.019426
v -0.038471 -0.092784 0.012842
v -0.038311 -0.092784 0.009934
v -0.038509 -0.092784 0.014943
v -0.038307 -0.092784 0.017075
v -0.023601 -0.092784 -0.018385
v -0.025056 -0.092784 -0.017134
v -0.027417 -0.092784 -0.014987
v 0.007241 -0.092784 -0.026513
v 0.004831 -0.092784 -0.027294
v 0.010077 -0.092784 -0.025030
v 0.013539 -0.092784 -0.024995
v -0.008372 -0.092785 0.060315
v -0.005380 -0.092785 0.062663
v -0.001525 -0.092785 0.062086
v 0.015263 -0.092784 -0.024328
v -0.006010 -0.092785 0.059172
v -0.000474 -0.092785 0.061767
v -0.002676 -0.092785 0.059683
v 0.017204 -0.092784 -0.023829
v 0.004831 -0.092784 -0.027294
v -0.004117 -0.092784 -0.028302
v -0.005890 -0.092784 -0.027776
v -0.007465 -0.092784 -0.027512
v -0.009003 -0.092784 -0.027217
v -0.011238 -0.092784 -0.026531
v -0.012814 -0.092784 -0.026002
v -0.014648 -0.092784 -0.025201
v -0.015180 -0.092783 -0.025138
v 0.037692 -0.092784 -0.006225
v 0.002135 -0.092784 0.055010
v 0.000716 -0.092784 0.055134
v -0.001364 -0.092784 0.054756
v -0.002896 -0.092784 0.054734
v -0.006791 -0.092784 0.053451
v -0.005185 -0.092784 0.053843
v -0.008007 -0.092784 0.053646
v -0.009466 -0.092784 0.053626
v -0.010634 -0.092784 0.054774
v -0.012128 -0.092785 0.055117
v -0.010702 -0.092785 0.057760
v -0.011834 -0.092785 0.057664
v -0.013006 -0.092784 0.053886
v -0.014210 -0.092784 0.052896
v -0.011083 -0.092785 0.059016
v -0.015576 -0.092784 0.051569
v -0.013879 -0.092785 0.057791
v -0.017588 -0.092784 0.049727
v -0.019157 -0.092784 0.048511
v -0.020352 -0.092784 0.047830
v -0.021662 -0.092784 0.046713
v -0.033561 -0.092785 0.047934
v -0.031887 -0.092785 0.048791
v -0.032823 -0.092785 0.047083
v 0.035760 -0.092785 -0.036042
v 0.035490 -0.092785 -0.034954
v 0.037857 -0.092785 -0.035771
v 0.043521 -0.092785 -0.036042
v 0.045340 -0.092785 -0.036076
v 0.043917 -0.092785 -0.032646
v 0.048033 -0.092785 -0.033342
v 0.041582 -0.092784 0.002351
v 0.033704 -0.092784 0.039491
v 0.034971 -0.092784 0.039037
v 0.035814 -0.092784 0.037902
v 0.037506 -0.092784 0.036433
v 0.037138 -0.092784 0.034928
v 0.037815 -0.092784 0.033723
v 0.043481 -0.092784 0.012676
v 0.038642 -0.092784 0.031122
v 0.043455 -0.092784 0.013864
v 0.037815 -0.092784 0.033723
v 0.043305 -0.092784 0.015247
v 0.040988 -0.092784 0.027019
v 0.041345 -0.092784 0.025303
v 0.042233 -0.092784 0.023026
vt 0.395525 0.280213
vt 0.395099 0.275213
vt 0.391186 0.267334
vt 0.396973 0.280505
vt 0.393434 0.269464
vt 0.398311 0.280977
vt 0.396908 0.273213
vt 0.390772 0.262856
vt 0.394465 0.265735
vt 0.398964 0.262328
vt 0.397567 0.287133
vt 0.396161 0.260320
vt 0.388900 0.258784
vt 0.391651 0.260075
vt 0.393614 0.253047
vt 0.388337 0.254343
vt 0.389232 0.249928
vt 0.386815 0.248223
vt 0.387683 0.240874
vt 0.386885 0.246287
vt 0.386096 0.244289
vt 0.385366 0.232114
vt 0.415979 0.214705
vt 0.417198 0.214644
vt 0.416675 0.203187
vt 0.416292 0.217418
vt 0.414593 0.201371
vt 0.414917 0.218448
vt 0.414471 0.212876
vt 0.424845 0.187200
vt 0.424787 0.196565
vt 0.426021 0.189246
vt 0.425353 0.217258
vt 0.425062 0.176796
vt 0.426815 0.197641
vt 0.422645 0.161634
vt 0.426976 0.186629
vt 0.427220 0.211352
vt 0.424389 0.163579
vt 0.426691 0.174491
vt 0.427499 0.186048
vt 0.427342 0.200781
vt 0.427490 0.224794
vt 0.426217 0.162692
vt 0.422629 0.114336
vt 0.427997 0.218055
vt 0.426906 0.229045
vt 0.428082 0.175281
vt 0.428777 0.175283
vt 0.428472 0.201531
vt 0.428917 0.228689
vt 0.425049 0.138044
vt 0.427334 0.162738
vt 0.430361 0.222991
vt 0.426945 0.131012
vt 0.425217 0.119577
vt 0.429127 0.164160
vt 0.428554 0.163311
vt 0.426742 0.151982
vt 0.429159 0.189616
vt 0.431608 0.212626
vt 0.424642 0.108511
vt 0.429912 0.176996
vt 0.426351 0.120470
vt 0.425385 0.110629
vt 0.423538 0.093396
vt 0.428575 0.149741
vt 0.433412 0.181986
vt 0.431813 0.193447
vt 0.427507 0.130857
vt 0.394997 0.156403
vt 0.396674 0.167615
vt 0.399043 0.162594
vt 0.394339 0.160194
vt 0.400081 0.171328
vt 0.392494 0.140882
vt 0.395077 0.170676
vt 0.397345 0.177492
vt 0.392567 0.149365
vt 0.393318 0.160783
vt 0.399900 0.185540
vt 0.391731 0.138256
vt 0.392428 0.175095
vt 0.394894 0.180887
vt 0.398555 0.187832
vt 0.391638 0.147782
vt 0.390529 0.121149
vt 0.391978 0.162444
vt 0.397530 0.189089
vt 0.400453 0.198437
vt 0.391189 0.134724
vt 0.389530 0.168149
vt 0.393793 0.199096
vt 0.397033 0.201397
vt 0.398760 0.201783
vt 0.399361 0.199817
vt 0.390818 0.145008
vt 0.390537 0.157179
vt 0.390247 0.124373
vt 0.387716 0.186189
vt 0.392004 0.197755
vt 0.395017 0.193145
vt 0.400178 0.211227
vt 0.390303 0.133032
vt 0.389018 0.114917
vt 0.387382 0.172508
vt 0.388931 0.159937
vt 0.393087 0.210356
vt 0.395766 0.204627
vt 0.399184 0.212510
vt 0.401368 0.208160
vt 0.388208 0.129115
vt 0.389523 0.149652
vt 0.389087 0.103917
vt 0.388475 0.115770
vt 0.386624 0.184931
vt 0.391682 0.212243
vt 0.395983 0.215134
vt 0.396650 0.212309
vt 0.403211 0.215299
vt 0.401139 0.221824
vt 0.386903 0.105479
vt 0.386814 0.156117
vt 0.385007 0.164022
vt 0.388552 0.201525
vt 0.394287 0.219979
vt 0.399108 0.226181
vt 0.386727 0.116916
vt 0.388579 0.150211
vt 0.387067 0.095253
vt 0.383825 0.174629
vt 0.385786 0.199008
vt 0.390313 0.230565
vt 0.392343 0.229572
vt 0.394780 0.235349
vt 0.396649 0.228220
vt 0.397720 0.229117
vt 0.402141 0.224609
vt 0.387126 0.133684
vt 0.385771 0.077191
vt 0.385543 0.097329
vt 0.385093 0.110352
vt 0.384129 0.152769
vt 0.399889 0.236026
vt 0.401211 0.233038
vt 0.384496 0.124676
vt 0.383742 0.085632
vt 0.386043 0.146396
vt 0.381720 0.148894
vt 0.387715 0.226222
vt 0.391078 0.245939
vt 0.397087 0.242643
vt 0.400952 0.246533
vt 0.403434 0.230292
vt 0.385316 0.136896
vt 0.383189 0.108370
vt 0.381355 0.161050
vt 0.382678 0.133623
vt 0.388523 0.238593
vt 0.399421 0.249298
vt 0.402584 0.241829
vt 0.404501 0.227469
vt 0.381581 0.118877
vt 0.380647 0.149374
vt 0.380305 0.136454
vt 0.402257 0.253530
vt 0.405784 0.235647
vt 0.404128 0.237477
vt 0.379717 0.150238
vt 0.336518 0.598294
vt 0.339007 0.603741
vt 0.338875 0.607187
vt 0.341135 0.610654
vt 0.342827 0.614260
vt 0.342579 0.617927
vt 0.345120 0.623318
vt 0.342670 0.626381
vt 0.344308 0.623481
vt 0.340426 0.619548
vt 0.345274 0.637938
vt 0.337147 0.608400
vt 0.341476 0.639163
vt 0.344540 0.653645
vt 0.345704 0.634994
vt 0.412830 0.211625
vt 0.412929 0.224170
vt 0.415416 0.231454
vt 0.423214 0.301758
vt 0.425631 0.296612
vt 0.419940 0.307575
vt 0.424961 0.289093
vt 0.423080 0.290324
vt 0.428632 0.287733
vt 0.416157 0.311143
vt 0.418773 0.298708
vt 0.428521 0.274262
vt 0.424658 0.271761
vt 0.418335 0.290342
vt 0.430324 0.280253
vt 0.429944 0.271967
vt 0.426578 0.271791
vt 0.421233 0.274096
vt 0.415432 0.301216
vt 0.411894 0.311651
vt 0.417597 0.282792
vt 0.415311 0.293906
vt 0.428087 0.257272
vt 0.424752 0.258751
vt 0.411718 0.302518
vt 0.429989 0.256567
vt 0.417804 0.274645
vt 0.421419 0.260508
vt 0.409113 0.312057
vt 0.415130 0.285207
vt 0.432728 0.256382
vt 0.429548 0.245292
vt 0.425883 0.247782
vt 0.418431 0.264037
vt 0.414933 0.277692
vt 0.423108 0.250856
vt 0.408186 0.301186
vt 0.435946 0.251725
vt 0.431408 0.241534
vt 0.415551 0.267071
vt 0.421459 0.254353
vt 0.411146 0.282249
vt 0.403027 0.311130
vt 0.405136 0.306967
vt 0.407109 0.285824
vt 0.435118 0.247075
vt 0.433312 0.244815
vt 0.429146 0.232552
vt 0.425039 0.236045
vt 0.418707 0.259641
vt 0.412607 0.269524
vt 0.421551 0.246636
vt 0.403222 0.296221
vt 0.436707 0.235325
vt 0.438251 0.233350
vt 0.432724 0.230250
vt 0.427601 0.236356
vt 0.431034 0.230938
vt 0.423450 0.241419
vt 0.415888 0.262615
vt 0.412351 0.263174
vt 0.410712 0.272684
vt 0.402924 0.281493
vt 0.434741 0.232062
vt 0.423248 0.235051
vt 0.417678 0.256094
vt 0.410432 0.261397
vt 0.418824 0.253135
vt 0.406832 0.274769
vt 0.401497 0.294074
vt 0.404843 0.277453
vt 0.438118 0.228061
vt 0.434262 0.218013
vt 0.424950 0.226901
vt 0.413797 0.254197
vt 0.419055 0.239662
vt 0.421289 0.232172
vt 0.408456 0.263608
vt 0.401115 0.283126
vt 0.399983 0.268744
vt 0.439299 0.220858
vt 0.436143 0.219985
vt 0.432453 0.220422
vt 0.423068 0.227349
vt 0.417472 0.243956
vt 0.413627 0.243574
vt 0.409023 0.244551
vt 0.406473 0.262189
vt 0.400073 0.293304
vt 0.404461 0.260614
vt 0.437966 0.220395
vt 0.434927 0.195126
vt 0.415522 0.242479
vt 0.411727 0.244688
vt 0.418596 0.224244
vt 0.420767 0.214075
vt 0.408148 0.252382
vt 0.398945 0.282997
vt 0.402419 0.258871
vt 0.437517 0.208652
vt 0.433417 0.198681
vt 0.422902 0.212924
vt 0.413301 0.233413
vt 0.409227 0.227279
vt 0.406333 0.249905
vt 0.407683 0.238236
vt 0.439321 0.209186
vt 0.411190 0.228055
vt 0.404148 0.246879
vt 0.407735 0.227909
vt 0.436267 0.189138
vt 0.409288 0.221374
vt 0.410812 0.216483
vt 0.405567 0.227081
vt 0.407135 0.210244
vt 0.435715 0.173668
vt 0.405281 0.216256
vt 0.409016 0.207000
vt 0.438229 0.187409
vt 0.434912 0.164122
vt 0.412072 0.203680
vt 0.404813 0.218121
vt 0.406658 0.201004
vt 0.410704 0.212992
vt 0.437352 0.164718
vt 0.412639 0.202402
vt 0.405035 0.197185
vt 0.410346 0.197115
vt 0.408721 0.196159
vt 0.432693 0.150862
vt 0.434739 0.154754
vt 0.406294 0.192614
vt 0.411380 0.204103
vt 0.430225 0.141470
vt 0.437903 0.149629
vt 0.408202 0.187656
vt 0.432100 0.140028
vt 0.428828 0.135873
vt 0.434313 0.144788
vt 0.435556 0.138023
vt 0.414326 0.192379
vt 0.412221 0.185720
vt 0.431450 0.129332
vt 0.428224 0.129585
vt 0.429916 0.135782
vt 0.429499 0.129487
vt 0.427590 0.125615
vt 0.430857 0.119622
vt 0.429098 0.121798
vt 0.425421 0.104395
vt 0.428714 0.112605
vt 0.427395 0.120718
vt 0.426284 0.111669
vt 0.428195 0.098511
vt 0.426621 0.107420
vt 0.427001 0.114769
vt 0.426009 0.099918
vt 0.797188 0.255143
vt 0.798836 0.270486
vt 0.368341 0.279994
vt 0.364647 0.282194
vt 0.367089 0.292586
vt 0.370490 0.266515
vt 0.369238 0.287557
vt 0.366814 0.260226
vt 0.371211 0.285191
vt 0.368474 0.251420
vt 0.372546 0.277640
vt 0.372514 0.239898
vt 0.373577 0.282305
vt 0.372317 0.256434
vt 0.373244 0.294543
vt 0.375157 0.276513
vt 0.374332 0.271866
vt 0.373583 0.246906
vt 0.375093 0.257733
vt 0.373706 0.239633
vt 0.374231 0.248812
vt 0.376723 0.268614
vt 0.375705 0.249815
vt 0.374941 0.247652
vt 0.377489 0.254174
vt 0.344204 0.086485
vt 0.344952 0.083588
vt 0.343518 0.080023
vt 0.424407 0.083180
vt 0.295179 0.416891
vt 0.294096 0.413821
vt 0.295924 0.424599
vt 0.295660 0.405977
vt 0.292806 0.419496
vt 0.293996 0.396802
vt 0.292830 0.404984
vt 0.449599 0.222842
vt 0.448916 0.220320
vt 0.448531 0.229415
vt 0.831281 0.457648
vt 0.832415 0.454203
vt 0.830324 0.453301
vt 0.827938 0.469057
vt 0.807532 0.294353
vt 0.806231 0.282596
vt 0.808432 0.270442
vt 0.804449 0.270568
vt 0.803947 0.239852
vt 0.808319 0.240622
vt 0.801836 0.250855
vt 0.803611 0.227122
vt 0.802464 0.227244
vt 0.805655 0.218252
vt 0.801152 0.240415
vt 0.801421 0.212558
vt 0.799871 0.223266
vt 0.803631 0.203044
vt 0.798279 0.212862
vt 0.804559 0.192041
vt 0.801637 0.186394
vt 0.799245 0.192923
vt 0.796748 0.202147
vt 0.801409 0.162923
vt 0.798221 0.175915
vt 0.796029 0.206580
vt 0.796619 0.185420
vt 0.799384 0.169933
vt 0.794549 0.212928
vt 0.797683 0.160852
vt 0.796716 0.166851
vt 0.799691 0.151004
vt 0.803030 0.152114
vt 0.797062 0.146645
vt 0.798220 0.140575
vt 0.796318 0.152760
vt 0.797035 0.132992
vt 0.796578 0.134095
vt 0.789962 0.097100
vt 0.099626 0.913995
vt 0.098432 0.900058
vt 0.096380 0.907659
vt 0.101255 0.899371
vt 0.095141 0.893404
vt 0.097056 0.929501
vt 0.100220 0.878911
vt 0.102803 0.909308
vt 0.096943 0.885994
vt 0.095444 0.917157
vt 0.097948 0.944330
vt 0.099105 0.882156
vt 0.102405 0.881893
vt 0.104668 0.899047
vt 0.101021 0.920806
vt 0.096393 0.880035
vt 0.093675 0.897418
vt 0.092210 0.934826
vt 0.095479 0.953512
vt 0.099390 0.864530
vt 0.102241 0.860306
vt 0.104991 0.933941
vt 0.095627 0.875309
vt 0.092043 0.887080
vt 0.093176 0.913087
vt 0.094244 0.947179
vt 0.097232 0.960944
vt 0.102483 0.927976
vt 0.097834 0.870043
vt 0.103610 0.865107
vt 0.092204 0.906291
vt 0.092508 0.948715
vt 0.090670 0.918565
vt 0.094358 0.961156
vt 0.101569 0.961960
vt 0.102460 0.952070
vt 0.100922 0.857215
vt 0.097918 0.857841
vt 0.105403 0.880563
vt 0.105126 0.857517
vt 0.096122 0.863174
vt 0.093328 0.874572
vt 0.097971 0.974134
vt 0.102188 0.980345
vt 0.102393 0.848142
vt 0.103779 0.853102
vt 0.094768 0.866633
vt 0.091812 0.866833
vt 0.103906 0.971085
vt 0.097997 0.845083
vt 0.099819 0.834783
vt 0.094620 0.857521
vt 0.106077 0.848961
vt 0.093259 0.859109
vt 0.101133 0.989694
vt 0.105689 0.987011
vt 0.096479 0.852827
vt 0.103640 0.838002
vt 0.105497 0.966869
vt 0.090253 0.862196
vt 0.102450 0.995599
vt 0.108056 0.974570
vt 0.096463 0.837391
vt 0.103189 0.825592
vt 0.095015 0.847612
vt 0.107727 0.842189
vt 0.091898 0.856266
vt 0.093479 0.854111
vt 0.110960 0.853695
vt 0.094198 0.835128
vt 0.099749 0.817175
vt 0.109330 0.832585
vt 0.091986 0.848727
vt 0.097498 0.808162
vt 0.105676 0.814436
vt 0.111591 0.842718
vt 0.090420 0.841196
vt 0.094559 0.810624
vt 0.103880 0.803349
vt 0.111055 0.808509
vt 0.112668 0.832419
vt 0.112812 0.862579
vt 0.091787 0.828983
vt 0.098092 0.789138
vt 0.106821 0.803996
vt 0.102192 0.790739
vt 0.115778 0.847447
vt 0.114045 0.854939
vt 0.090048 0.825986
vt 0.095499 0.788449
vt 0.091958 0.811582
vt 0.105086 0.785477
vt 0.109308 0.789419
vt 0.115667 0.827909
vt 0.116808 0.871343
vt 0.102615 0.783279
vt 0.092955 0.792414
vt 0.107780 0.785250
vt 0.112089 0.791477
vt 0.116221 0.811410
vt 0.119213 0.851261
vt 0.115203 0.877871
vt 0.089294 0.815611
vt 0.090491 0.797093
vt 0.114098 0.799503
vt 0.118300 0.825698
vt 0.118619 0.866571
vt 0.118152 0.878171
vt 0.114577 0.792619
vt 0.118029 0.801993
vt 0.121747 0.863556
vt 0.640175 0.499648
vt 0.638157 0.497932
vt 0.636159 0.495842
vt 0.642167 0.502494
vt 0.633457 0.490328
vt 0.640224 0.486776
vt 0.628820 0.473708
vt 0.635930 0.483866
vt 0.630587 0.477646
vt 0.644208 0.504041
vt 0.642152 0.491203
vt 0.633787 0.478004
vt 0.646291 0.504290
vt 0.643478 0.484219
vt 0.640389 0.469507
vt 0.630641 0.465524
vt 0.634817 0.468653
vt 0.644201 0.492903
vt 0.646325 0.490505
vt 0.631378 0.455741
vt 0.648401 0.491814
vt 0.642542 0.467178
vt 0.637054 0.454795
vt 0.648354 0.505484
vt 0.648257 0.471690
vt 0.644360 0.469265
vt 0.641392 0.457545
vt 0.646586 0.470729
vt 0.633141 0.445029
vt 0.650494 0.503694
vt 0.650443 0.493732
vt 0.642785 0.456230
vt 0.641106 0.448099
vt 0.635255 0.444346
vt 0.651067 0.466408
vt 0.646695 0.456254
vt 0.644523 0.450417
vt 0.643671 0.447838
vt 0.635488 0.436189
vt 0.652577 0.494498
vt 0.648790 0.452005
vt 0.652840 0.474235
vt 0.640255 0.441595
vt 0.637494 0.439656
vt 0.633506 0.434317
vt 0.653846 0.499684
vt 0.651129 0.443751
vt 0.653622 0.461352
vt 0.646824 0.448000
vt 0.640685 0.435678
vt 0.635844 0.432588
vt 0.633896 0.425741
vt 0.654795 0.490216
vt 0.647098 0.442321
vt 0.655392 0.476127
vt 0.639695 0.439006
vt 0.645241 0.432823
vt 0.637844 0.436526
vt 0.656957 0.496686
vt 0.656046 0.495013
vt 0.657057 0.448944
vt 0.647419 0.436674
vt 0.659277 0.468381
vt 0.641420 0.427337
vt 0.645640 0.440018
vt 0.656692 0.485375
vt 0.653012 0.436163
vt 0.649702 0.429067
vt 0.659153 0.478208
vt 0.638267 0.428332
vt 0.645675 0.422762
vt 0.647282 0.429085
vt 0.659855 0.481296
vt 0.659512 0.451710
vt 0.651427 0.424668
vt 0.655742 0.423121
vt 0.660407 0.469947
vt 0.642267 0.420062
vt 0.640688 0.414564
vt 0.659479 0.437596
vt 0.653996 0.423908
vt 0.647946 0.421198
vt 0.644316 0.411717
vt 0.661941 0.454084
vt 0.663214 0.430902
vt 0.656077 0.415493
vt 0.660244 0.418212
vt 0.648197 0.412565
vt 0.642661 0.400921
vt 0.646657 0.405753
vt 0.665254 0.458778
vt 0.661009 0.428358
vt 0.653356 0.402408
vt 0.658392 0.410009
vt 0.651580 0.400391
vt 0.644904 0.399064
vt 0.667731 0.427232
vt 0.662130 0.415764
vt 0.657061 0.394698
vt 0.660296 0.394190
vt 0.648345 0.391933
vt 0.646786 0.388787
vt 0.666567 0.412874
vt 0.668716 0.447197
vt 0.664185 0.417062
vt 0.655027 0.389301
vt 0.662143 0.406450
vt 0.651721 0.376778
vt 0.645209 0.380453
vt 0.668200 0.417237
vt 0.669380 0.434681
vt 0.664335 0.406064
vt 0.653853 0.381293
vt 0.659658 0.386894
vt 0.662615 0.396487
vt 0.649007 0.382022
vt 0.647237 0.381667
vt 0.647147 0.370644
vt 0.668720 0.404337
vt 0.657578 0.382300
vt 0.664637 0.397914
vt 0.653283 0.372981
vt 0.650140 0.374040
vt 0.657339 0.373631
vt 0.660941 0.380225
vt 0.662700 0.379472
vt 0.652848 0.366740
vt 0.655196 0.375975
vt 0.649335 0.364724
vt 0.649114 0.366062
vt 0.659040 0.376389
vt 0.649712 0.355846
vt 0.655370 0.372450
vt 0.659388 0.372302
vt 0.661916 0.370232
vt 0.650010 0.340976
vt 0.647190 0.353984
vt 0.648548 0.353746
vt 0.655561 0.363971
vt 0.657455 0.364061
vt 0.662721 0.365666
vt 0.653440 0.358994
vt 0.648836 0.337426
vt 0.661116 0.359799
vt 0.659325 0.364089
vt 0.653677 0.342911
vt 0.646446 0.335070
vt 0.656333 0.349736
vt 0.659819 0.345910
vt 0.654804 0.331432
vt 0.656677 0.329666
vt 0.657867 0.319431
vt 0.370822 0.295279
vt 0.370272 0.297782
vt 0.370489 0.312483
vt 0.372392 0.301662
vt 0.369651 0.307217
vt 0.371507 0.311712
vt 0.370127 0.323227
vt 0.374153 0.306092
vt 0.373331 0.315890
vt 0.371312 0.317806
vt 0.376455 0.305614
vt 0.372945 0.321246
vt 0.371903 0.331747
vt 0.375674 0.313139
vt 0.374874 0.322570
vt 0.374053 0.330163
vt 0.376546 0.327927
vt 0.375642 0.335606
vt 0.959838 0.407808
vt 0.961429 0.407988
vt 0.966267 0.407854
vt 0.964402 0.422255
vt 0.966064 0.422183
vt 0.404004 0.195066
vt 0.406323 0.186824
vt 0.405049 0.180528
vt 0.407326 0.178264
vt 0.404352 0.214103
vt 0.403718 0.203850
vt 0.403182 0.193726
vt 0.404037 0.215437
vt 0.653323 0.330615
vt 0.654298 0.320202
vt 0.652107 0.325715
vt 0.656432 0.313379
vt 0.651336 0.321870
vt 0.652595 0.316393
vt 0.655337 0.309442
vt 0.650761 0.318476
vt 0.653715 0.304407
vt 0.656990 0.303428
vt 0.651481 0.307522
vt 0.652402 0.297063
vt 0.658400 0.305817
vt 0.649341 0.311441
vt 0.648189 0.321280
vt 0.660125 0.312177
vt 0.649847 0.299389
vt 0.660014 0.298849
vt 0.648384 0.309924
vt 0.661474 0.304020
vt 0.662294 0.294189
vt 0.660040 0.478157
vt 0.662446 0.475088
vt 0.661462 0.479774
vt 0.666227 0.466957
vt 0.663372 0.477263
vt 0.665807 0.473629
vt 0.668133 0.467630
vt 0.669550 0.454628
vt 0.670660 0.457470
vt 0.671221 0.446736
vt 0.671987 0.450708
vt 0.670954 0.462434
vt 0.670309 0.442367
vt 0.672375 0.428635
vt 0.673381 0.440710
vt 0.669995 0.424758
vt 0.674328 0.427854
vt 0.671013 0.412992
vt 0.673099 0.421656
vt 0.675867 0.427833
vt 0.674992 0.413411
vt 0.677335 0.410318
vt 0.672242 0.394597
vt 0.673623 0.407507
vt 0.677974 0.412153
vt 0.674639 0.395716
vt 0.676610 0.404080
vt 0.679653 0.392554
vt 0.677730 0.392327
vt 0.680123 0.396748
vt 0.681498 0.377461
vt 0.683170 0.376649
vt 0.680481 0.371753
vt 0.682406 0.360747
vt 0.684967 0.361724
vt 0.681046 0.348426
vt 0.683398 0.351326
vt 0.395994 0.285134
vt 0.400574 0.300006
vt 0.400882 0.298376
vt 0.393334 0.274219
vt 0.416751 0.223892
vt 0.417166 0.220502
vt 0.417337 0.217110
vt 0.449899 0.222805
vt 0.449530 0.225521
vt 0.449936 0.224753
vt 0.450094 0.225799
vt 0.450079 0.223812
vt 0.450086 0.226670
vt 0.450492 0.226473
vt 0.449792 0.220754
vt 0.449559 0.219017
vt 0.450025 0.221315
vt 0.449330 0.218003
vt 0.447739 0.207489
vt 0.449413 0.218574
vt 0.449403 0.218630
vt 0.343404 0.091294
vt 0.343357 0.086265
vt 0.342853 0.086377
vt 0.344045 0.092847
vt 0.344841 0.093888
vt 0.343388 0.094216
vt 0.343620 0.098335
vt 0.344406 0.102658
vt 0.343006 0.083054
vt 0.342743 0.084860
vt 0.341262 0.079310
vt 0.342888 0.081579
vt 0.342509 0.084280
vt 0.342628 0.090037
vt 0.342121 0.086594
vt 0.343004 0.096093
vt 0.342189 0.096549
vt 0.341589 0.088038
vt 0.345728 0.085382
vt 0.620036 0.672109
vt 0.620722 0.670623
vt 0.620167 0.670815
vt 0.828755 0.388264
vt 0.663223 0.484226
vt 0.665840 0.480587
vt 0.667095 0.479092
vt 0.428741 0.294951
vt 0.429644 0.291265
vt 0.427367 0.298888
vt 0.425487 0.305050
vt 0.424371 0.307571
vt 0.422959 0.310060
vt 0.430427 0.288084
vt 0.411788 0.320015
vt 0.413350 0.319493
vt 0.410422 0.319522
vt 0.434328 0.268154
vt 0.436313 0.256750
vt 0.436923 0.253027
vt 0.403033 0.311141
vt 0.828707 0.394219
vt 0.827994 0.390969
vt 0.828928 0.389069
vt 0.966144 0.422172
vt 0.964392 0.422339
vt 0.345860 0.626467
vt 0.345565 0.622975
vt 0.799311 0.275051
vt 0.798943 0.270321
vt 0.806924 0.297295
vt 0.807790 0.305703
vt 0.806325 0.291881
vt 0.805526 0.285427
vt 0.804708 0.279990
vt 0.099293 0.778596
vt 0.101250 0.776882
vt 0.096906 0.782977
vt 0.097774 0.781120
vt 0.103068 0.776361
vt 0.104111 0.776577
vt 0.108383 0.780878
vt 0.105499 0.776216
vt 0.106679 0.777024
vt 0.110560 0.785914
vt 0.109644 0.785229
vt 0.111742 0.787111
vt 0.113600 0.787391
vt 0.116777 0.790387
vt 0.639186 0.506448
vt 0.641038 0.508343
vt 0.637202 0.502793
vt 0.638256 0.505657
vt 0.644909 0.511780
vt 0.646261 0.512468
vt 0.647430 0.512518
vt 0.648380 0.513067
vt 0.649341 0.512433
vt 0.650356 0.511791
vt 0.653822 0.506778
vt 0.656152 0.502717
vt 0.958287 0.407569
vt 0.959025 0.410945
vt 0.662335 0.485761
vt 0.668167 0.476331
vt 0.387069 0.257461
vt 0.388686 0.265659
vt 0.389728 0.269615
vt 0.390689 0.273120
vt 0.672239 0.461136
vt 0.672911 0.458158
vt 0.671155 0.464157
vt 0.673554 0.453551
vt 0.674462 0.445493
vt 0.433049 0.274611
vt 0.438197 0.241599
vt 0.796129 0.138034
vt 0.795767 0.131545
vt 0.657695 0.498313
vt 0.669423 0.472632
vt 0.392219 0.278691
vt 0.417993 0.317229
vt 0.415871 0.318770
vt 0.419521 0.315811
vt 0.421028 0.313438
vt 0.393153 0.281622
vt 0.394296 0.286426
vt 0.396361 0.294100
vt 0.681615 0.399778
vt 0.682972 0.391028
vt 0.679721 0.408947
vt 0.678357 0.423567
vt 0.795666 0.241815
vt 0.795989 0.263845
vt 0.797861 0.274909
vt 0.677334 0.429584
vt 0.797239 0.247504
vt 0.798432 0.277322
vt 0.798405 0.261253
vt 0.676315 0.436844
vt 0.347046 0.635536
vt 0.343074 0.608944
vt 0.341869 0.605950
vt 0.340905 0.602642
vt 0.339933 0.599494
vt 0.338382 0.595750
vt 0.337250 0.593264
vt 0.335834 0.590966
vt 0.386133 0.253762
vt 0.659302 0.491858
vt 0.802944 0.264859
vt 0.802147 0.258999
vt 0.801537 0.250831
vt 0.800901 0.245304
vt 0.799643 0.225354
vt 0.800239 0.233255
vt 0.798920 0.220624
vt 0.798202 0.214384
vt 0.796977 0.212250
vt 0.796026 0.206693
vt 0.795310 0.219761
vt 0.794725 0.214285
vt 0.796280 0.199930
vt 0.796229 0.192363
vt 0.794708 0.223624
vt 0.796286 0.183424
vt 0.793766 0.207662
vt 0.796310 0.170556
vt 0.796208 0.161196
vt 0.795992 0.154579
vt 0.795963 0.146634
vt 0.789504 0.100433
vt 0.789739 0.108220
vt 0.790251 0.100642
vt 0.966335 0.409098
vt 0.966611 0.403751
vt 0.965090 0.407597
vt 0.961581 0.409089
vt 0.960424 0.409280
vt 0.961601 0.390537
vt 0.958932 0.394144
vt 0.652012 0.509119
vt 0.095844 0.783220
vt 0.094864 0.781340
vt 0.093736 0.782893
vt 0.091935 0.783278
vt 0.091314 0.789305
vt 0.090245 0.791529
vt 0.643898 0.511626
vt 0.630676 0.483727
vt 0.642991 0.510939
vt 0.628887 0.479336
vt 0.641955 0.509645
vt 0.633379 0.494741
vt 0.634621 0.496973
vt 0.636199 0.501559
vn -0.660195 -0.313114 -0.659716
vn -0.567335 0.030668 -0.620764
vn -0.610798 -0.179009 -0.699316
vn -0.561171 0.381329 -0.397669
vn -0.504133 0.040206 -0.664066
vn -0.527121 0.461795 -0.384617
vn -0.326744 0.855000 -0.260032
vn -0.595313 -0.233808 -0.756330
vn -0.306889 0.835348 -0.324229
vn -0.226728 0.933786 -0.182579
vn -0.750754 -0.186340 -0.589422
vn -0.228812 0.939999 -0.201856
vn -0.562511 -0.114408 -0.741083
vn -0.332614 0.542815 -0.496345
vn -0.197923 0.900677 -0.345835
vn -0.534298 -0.218290 -0.783165
vn -0.420595 0.378647 -0.595933
vn -0.383835 -0.250409 -0.827176
vn -0.261675 0.251487 -0.844510
vn -0.296044 -0.199381 -0.898362
vn -0.236178 -0.119546 -0.940045
vn -0.208752 -0.222824 -0.930883
vn -0.152126 -0.067947 -0.892260
vn -0.550111 -0.300093 -0.401987
vn -0.237525 0.296338 -0.901514
vn -0.410508 -0.648160 -0.223525
vn -0.101693 0.408093 -0.867856
vn -0.231853 0.073324 -0.456971
vn -0.338264 -0.089479 -0.824163
vn -0.088778 0.985638 0.117087
vn -0.262306 0.922184 0.227551
vn -0.233993 0.904429 0.327632
vn -0.298723 0.846334 0.407805
vn -0.041531 0.976366 0.166256
vn -0.355838 0.776021 0.501784
vn 0.005070 0.987046 0.146595
vn -0.244179 0.905613 0.310258
vn -0.218973 0.818595 0.501412
vn 0.020971 0.989272 0.136634
vn -0.164229 0.942902 0.253726
vn -0.471399 0.713925 0.487618
vn -0.338286 0.791769 0.426466
vn -0.073404 0.921705 0.326359
vn 0.003321 0.983378 0.158354
vn 0.035875 0.986656 0.136712
vn 0.025854 0.976883 0.123527
vn -0.169874 0.939886 0.172115
vn -0.318781 0.802785 0.417124
vn -0.352625 0.798674 0.409196
vn -0.007051 0.977501 0.036670
vn 0.103177 0.976638 0.002090
vn 0.008826 0.987739 0.150077
vn -0.060301 0.968096 0.211370
vn 0.090277 0.986435 -0.048018
vn 0.003340 0.972357 0.212805
vn 0.031513 0.974101 0.190349
vn -0.093650 0.841476 0.332299
vn -0.136217 0.877217 0.358774
vn -0.009747 0.973282 0.215024
vn 0.076040 0.963155 -0.086542
vn 0.059113 0.976765 -0.140426
vn 0.142172 0.950186 0.215199
vn -0.106229 0.887977 -0.067402
vn 0.232114 0.805248 0.495104
vn 0.194346 0.808959 0.520060
vn 0.290022 0.825570 0.390733
vn -0.068962 0.790541 0.541315
vn 0.083716 0.954305 -0.038605
vn 0.148047 0.964435 -0.171909
vn 0.063616 0.894065 0.427278
vn 0.283026 0.906738 0.249955
vn 0.325939 0.926938 0.149388
vn 0.343269 0.936905 0.065664
vn 0.169327 0.872542 0.424919
vn 0.150308 0.949885 0.076078
vn 0.059512 0.789478 0.591142
vn 0.192152 0.945160 0.238032
vn 0.135872 0.952020 0.172921
vn -0.073726 0.791118 0.558023
vn 0.005030 0.938913 0.316612
vn -0.185494 0.954849 0.169851
vn -0.079457 0.688620 0.711375
vn 0.156970 0.969423 0.116851
vn 0.206135 0.946876 0.208043
vn -0.111884 0.913626 0.350140
vn -0.377870 0.671115 0.562353
vn 0.025509 0.730180 0.669353
vn -0.314387 0.834208 0.248392
vn 0.075118 0.959307 0.234863
vn -0.147010 0.922460 0.321397
vn -0.101534 0.692433 0.693404
vn -0.208636 0.883883 0.029781
vn 0.274251 0.935340 0.109048
vn -0.002224 0.942988 0.292384
vn -0.123308 0.905866 0.374736
vn -0.134665 0.881445 0.439732
vn -0.369517 0.744086 0.358976
vn -0.776231 0.547081 0.146769
vn 0.150822 0.762035 0.626017
vn 0.144776 0.983356 0.027279
vn 0.217660 0.967600 -0.021197
vn 0.149510 0.924129 0.271609
vn 0.087254 0.930796 0.282842
vn 0.033467 0.855661 0.449999
vn 0.209070 0.798429 0.535199
vn -0.193396 0.909780 -0.042385
vn -0.719172 0.535408 -0.210753
vn 0.304304 0.931615 -0.164066
vn 0.109314 0.892773 0.370100
vn -0.050022 0.923994 0.359102
vn 0.217935 0.922129 0.271527
vn 0.041664 0.944620 -0.019317
vn -0.584139 0.554555 -0.100710
vn 0.054330 0.894223 0.406417
vn 0.271671 0.834716 0.377961
vn 0.042923 0.992467 -0.002935
vn 0.058986 0.943988 -0.226301
vn 0.069615 0.863967 0.159099
vn -0.030494 0.878644 0.444984
vn 0.337857 0.899851 0.070455
vn 0.176260 0.919244 0.236865
vn 0.335508 0.860283 0.229857
vn -0.320142 0.629328 -0.523079
vn -0.050089 0.963148 -0.085166
vn 0.003726 0.979679 -0.136921
vn -0.008723 0.841767 -0.405508
vn 0.141752 0.916713 0.333412
vn 0.436544 0.745271 -0.308613
vn -0.160904 0.605684 -0.602401
vn -0.007430 0.963841 0.172461
vn 0.042906 0.952459 -0.175104
vn -0.023106 0.951039 -0.216342
vn -0.096538 0.964523 -0.218980
vn -0.121373 0.879067 -0.403249
vn -0.282045 0.875413 -0.336969
vn -0.221672 0.847977 0.245438
vn 0.004974 0.925088 0.298066
vn 0.575263 0.665077 -0.083460
vn 0.108789 0.575454 -0.759742
vn -0.124986 0.976828 0.095485
vn 0.138148 0.979008 0.004598
vn 0.361082 0.829233 -0.239099
vn 0.005917 0.946123 -0.270554
vn 0.241108 0.919829 0.213288
vn 0.445874 0.844841 0.044276
vn 0.191681 0.785931 -0.446036
vn -0.032604 0.993191 0.006263
vn -0.011306 0.672150 -0.672678
vn 0.061578 0.893745 -0.361449
vn -0.058361 0.893156 -0.331452
vn -0.193537 0.918490 -0.296248
vn -0.269398 0.926703 -0.105149
vn 0.057145 0.963113 -0.026461
vn 0.553082 0.768773 -0.220941
vn 0.091090 0.755210 -0.535618
vn 0.087182 0.980702 -0.125237
vn 0.075958 0.462717 -0.785639
vn 0.033636 0.947215 -0.298023
vn -0.230412 0.874213 -0.308295
vn -0.170237 0.973061 -0.044983
vn 0.329809 0.894904 -0.188380
vn 0.407063 0.575238 -0.501192
vn 0.039445 0.961304 -0.249563
vn 0.138397 0.240680 -0.873660
vn 0.117989 0.683011 -0.557348
vn -0.102461 0.922845 -0.230727
vn -0.003549 0.887001 0.139942
vn 0.124788 0.904380 -0.101110
vn 0.173959 -0.020717 -0.980726
vn -0.313614 0.066602 -0.895280
vn -0.240945 0.063647 -0.912856
vn -0.194962 -0.088078 -0.967841
vn -0.191243 -0.033245 -0.940037
vn -0.080782 0.244768 -0.907531
vn -0.105601 -0.066371 -0.985326
vn 0.117335 0.459734 -0.845472
vn -0.099081 0.415842 -0.748280
vn 0.025417 0.040509 -0.978800
vn -0.131509 0.453196 -0.751851
vn -0.043946 0.226471 -0.835569
vn -0.117745 0.439105 -0.762791
vn -0.055905 0.847685 -0.525654
vn -0.033257 0.880522 -0.468701
vn 0.177024 0.520127 -0.831391
vn -0.372343 0.343603 -0.532613
vn -0.142257 0.958981 -0.184812
vn -0.243709 0.936826 -0.054249
vn -0.924193 0.302593 0.154314
vn -0.883990 0.363586 0.242367
vn -0.931975 0.311660 0.062599
vn -0.831814 0.424246 0.253871
vn -0.774284 0.531208 0.136726
vn -0.878949 0.328497 0.326226
vn -0.942769 0.274640 -0.084757
vn -0.927589 0.324129 0.016436
vn -0.736471 0.555963 0.271432
vn -0.547117 0.796839 0.193816
vn -0.759565 0.637228 0.041423
vn -0.839305 0.276139 0.450461
vn -0.753920 0.433717 0.385090
vn -0.550091 0.793355 0.199879
vn -0.353247 0.889257 0.086387
vn -0.939415 0.287769 -0.100472
vn -0.897406 0.366761 -0.162004
vn -0.574000 0.801433 0.062182
vn -0.784714 0.593755 -0.079087
vn -0.337886 0.898027 0.148986
vn -0.165230 0.948159 0.123034
vn -0.810471 0.474468 -0.157873
vn -0.494978 0.805272 0.254592
vn -0.017180 0.969152 0.046467
vn 0.058233 0.954791 -0.026400
vn -0.897663 0.268444 -0.290601
vn -0.598514 0.760412 -0.174872
vn -0.715239 0.447130 0.454961
vn -0.121911 0.976272 0.009121
vn 0.003877 0.993509 0.036711
vn 0.278046 0.904606 -0.055511
vn -0.064448 0.962868 -0.060897
vn 0.201920 0.957426 -0.070965
vn -0.860609 0.304699 -0.290372
vn -0.738727 0.257101 0.602627
vn -0.369370 0.876062 0.238144
vn 0.355286 0.907591 0.028880
vn 0.463007 0.856703 -0.186724
vn -0.401369 0.848528 -0.105927
vn -0.771995 0.333294 -0.421106
vn -0.910720 0.169254 -0.335809
vn -0.605519 0.721114 -0.122945
vn -0.645994 0.499007 0.459336
vn -0.464692 0.810874 0.335274
vn -0.039714 0.947892 -0.078740
vn -0.024956 0.982337 0.002123
vn 0.512488 0.833238 -0.132870
vn 0.113148 0.978067 -0.000616
vn 0.076637 0.876190 -0.300146
vn -0.860314 0.344691 -0.311607
vn -0.580092 0.465679 0.488388
vn -0.719598 0.101642 0.645501
vn -0.195832 0.927936 0.210019
vn -0.000982 0.974479 -0.091064
vn 0.046910 0.958348 0.087023
vn 0.070762 0.921842 -0.252860
vn 0.381422 0.888822 0.142341
vn 0.286814 0.923850 0.163871
vn -0.108141 0.977260 0.070973
vn -0.702503 0.610861 -0.191582
vn -0.371519 0.844341 0.354454
vn -0.416512 0.866920 -0.157537
vn 0.037929 0.926602 0.148853
vn 0.090112 0.970965 0.202445
vn 0.051036 0.920650 -0.239598
vn -0.251515 0.942677 0.095180
vn -0.830779 0.128795 -0.405587
vn -0.472362 0.868403 -0.054770
vn -0.685805 0.312342 0.449895
vn -0.203703 0.942969 0.155294
vn -0.422015 0.882150 0.160537
vn 0.058655 0.963192 0.230887
vn -0.437273 0.800584 -0.327086
vn -0.585692 0.693461 -0.372507
vn -0.050916 0.941333 0.251014
vn -0.740218 0.494407 -0.162863
vn -0.440640 0.874633 -0.161979
vn -0.536111 0.510568 0.452799
vn -0.342223 0.889941 0.220850
vn -0.023743 0.984383 0.010819
vn -0.587742 0.756466 0.004692
vn -0.342794 0.905001 0.018270
vn -0.158841 0.965840 0.144741
vn -0.055110 0.870236 0.348555
vn -0.362984 0.855280 0.282571
vn -0.801857 -0.214395 -0.466328
vn -0.511068 0.838433 0.004394
vn -0.317563 0.870079 0.282441
vn -0.078857 0.965258 0.152824
vn -0.228143 0.942890 0.152547
vn 0.041080 0.982090 0.134803
vn -0.651214 0.458249 -0.399910
vn -0.549181 0.753605 -0.176201
vn -0.262400 0.728356 0.597187
vn -0.693727 0.368168 -0.334617
vn -0.463112 0.854300 -0.134575
vn -0.190864 0.919844 0.288461
vn -0.048348 0.978027 -0.079186
vn -0.390553 0.868775 0.163072
vn -0.026522 0.991522 -0.020805
vn 0.092954 0.975287 0.196622
vn -0.321222 0.830387 0.359293
vn -0.269590 0.709090 0.627335
vn -0.221875 0.919395 0.255348
vn 0.032806 0.991820 0.005482
vn -0.241804 0.893065 0.042012
vn -0.346182 0.782424 0.266230
vn -0.029816 0.967969 0.218586
vn -0.659479 0.620364 0.341136
vn -0.177763 0.956021 -0.199099
vn 0.037491 0.875518 -0.126866
vn -0.510798 0.761096 -0.083388
vn 0.035771 0.982312 0.104843
vn -0.238904 0.778549 -0.413581
vn -0.487231 0.698628 0.258040
vn -0.032604 0.977151 0.210028
vn 0.086553 0.989638 0.053017
vn -0.227677 0.458366 -0.596835
vn 0.037006 0.133595 -0.894196
vn -0.138590 0.926461 -0.288126
vn -0.570633 0.474432 0.657665
vn 0.038130 0.988144 0.096091
vn -0.429196 0.357226 -0.471850
vn 0.035619 0.588693 -0.629254
vn -0.384503 0.693056 0.395430
vn -0.062040 0.967844 0.036765
vn 0.001082 0.977716 0.074467
vn -0.056320 0.986878 0.030553
vn 0.161099 0.858820 -0.241853
vn -0.661905 0.284083 0.506395
vn 0.101178 0.864009 0.359078
vn -0.038938 0.989948 0.094138
vn 0.029807 0.980649 0.065607
vn 0.075168 0.963459 0.074700
vn 0.081679 0.714981 0.659422
vn -0.118499 0.963803 -0.132702
vn -0.144388 0.981041 0.126569
vn -0.260202 0.604689 -0.678079
vn -0.407124 0.737766 0.021774
vn 0.231327 0.956192 0.010532
vn 0.292651 0.734387 0.606249
vn 0.273582 0.843031 0.277012
vn 0.143618 0.902775 0.250552
vn 0.242294 0.753052 0.580239
vn -0.048932 0.992544 -0.041169
vn 0.032819 0.934018 0.223664
vn 0.297173 0.691142 0.642449
vn -0.061421 0.972859 -0.046304
vn 0.160148 0.866901 0.339404
vn 0.276579 0.711973 0.629604
vn -0.147297 0.970384 -0.154877
vn -0.024548 0.924955 0.051513
vn 0.173036 0.866993 0.321451
vn 0.339208 0.711999 0.587685
vn -0.009417 0.981739 0.009946
vn 0.057506 0.970988 -0.060773
vn -0.043674 0.989936 0.027774
vn -0.064296 0.996979 0.037542
vn -0.105124 0.989824 0.000161
vn -0.151337 0.977471 0.052186
vn -0.039812 0.976534 -0.021749
vn -0.075099 0.996362 0.025778
vn 0.062340 0.989238 0.027996
vn -0.242054 0.965361 0.025661
vn -0.098635 0.961229 0.169817
vn -0.393015 0.861649 -0.026715
vn 0.019318 0.998564 -0.008612
vn -0.284998 0.895410 0.222247
vn 0.072970 0.993498 0.024205
vn 0.006037 0.998917 0.045435
vn -0.121213 0.924891 0.310466
vn -0.643058 0.584030 -0.038903
vn -0.381407 0.777061 0.435034
vn -0.981936 0.101817 -0.022418
vn -0.672929 0.308428 0.349155
vn -0.444059 0.742978 0.305624
vn -0.723521 0.384285 0.375857
vn -0.853423 -0.231744 0.219979
vn -0.791723 0.544817 0.276313
vn -0.449446 -0.714349 0.178243
vn -0.649448 -0.429105 0.506536
vn -0.285656 -0.628449 0.423289
vn 0.433547 0.655149 0.618722
vn -0.377341 0.603499 0.274573
vn -0.469333 0.695363 0.433206
vn -0.291382 0.706918 0.380643
vn -0.441417 0.790503 0.209245
vn -0.460067 0.765701 0.448650
vn -0.432072 0.815041 0.385890
vn -0.435815 0.793213 0.423750
vn 0.028697 0.950559 -0.069168
vn 0.082718 0.964627 0.243989
vn -0.015643 0.990432 0.056228
vn -0.374685 -0.240740 0.826014
vn -0.689717 -0.443152 0.572632
vn -0.374685 -0.240740 0.826014
vn -0.190744 -0.122555 0.973960
vn -0.034320 0.435654 0.829974
vn 0.051909 0.446488 0.825861
vn 0.103425 0.765835 0.611288
vn 0.109359 0.481156 0.797547
vn 0.087125 0.761974 0.608679
vn 0.061318 0.912423 0.395120
vn -0.051359 0.281485 0.845235
vn -0.020884 0.922133 0.365087
vn -0.162947 0.501839 0.815840
vn -0.019054 0.948950 0.300240
vn -0.276709 0.099651 0.902706
vn -0.062555 0.741220 0.575090
vn -0.082607 0.208599 0.911762
vn -0.036223 0.938483 0.319164
vn 0.079990 0.304111 0.852082
vn -0.038114 0.970186 0.232545
vn -0.071631 0.924313 0.357720
vn -0.171214 0.682557 0.636825
vn -0.294823 0.463288 0.706144
vn -0.100565 0.938687 0.298496
vn -0.328745 0.511048 0.665517
vn -0.125756 0.317120 0.691469
vn -0.537799 0.310132 0.715866
vn -0.151918 0.887736 0.378352
vn -0.010624 0.656888 0.001227
vn -0.306449 0.554668 0.590951
vn -0.564930 0.025213 0.797891
vn -0.132902 0.897648 0.376326
vn -0.118428 0.971286 0.204626
vn -0.411977 0.320949 0.710778
vn -0.219763 0.840996 0.400131
vn -0.640297 -0.096131 0.744066
vn -0.662037 0.025425 0.670845
vn -0.700697 -0.085133 0.686959
vn 0.068851 0.950473 0.059705
vn 0.255615 0.932856 0.170395
vn 0.626124 0.645207 0.350247
vn 0.568907 0.726023 -0.000264
vn 0.386528 0.734828 0.521127
vn 0.792098 0.507162 -0.001617
vn 0.394215 0.892105 0.027196
vn 0.385932 0.756988 0.469193
vn 0.058481 0.932542 0.326472
vn 0.813391 0.460562 0.290858
vn 0.757458 0.569456 -0.141564
vn 0.048853 0.989761 0.102531
vn 0.687328 0.602632 0.223998
vn 0.311151 0.689232 0.607525
vn 0.156571 0.816503 0.478760
vn 0.017787 0.981276 0.162425
vn 0.827024 0.468834 0.213864
vn 0.661192 0.661070 -0.160151
vn 0.672692 0.664679 0.024845
vn 0.190570 0.945406 -0.051790
vn 0.144671 0.895740 0.020766
vn -0.063175 0.900895 0.196751
vn 0.005355 0.976389 0.187326
vn 0.597939 0.686099 0.067788
vn 0.555492 0.723188 0.116297
vn 0.759696 0.554639 0.082844
vn 0.416421 0.835855 -0.125769
vn 0.014059 0.995588 -0.009925
vn -0.001308 0.990056 0.129826
vn 0.380198 0.818522 -0.155631
vn 0.232229 0.761310 0.343492
vn 0.479713 0.857120 0.183638
vn 0.421202 0.800778 -0.366685
vn 0.620151 0.700924 0.311313
vn 0.161665 0.945478 -0.127345
vn 0.011347 0.994842 0.094167
vn 0.009871 0.989949 0.139621
vn -0.102151 0.978540 -0.007885
vn -0.039514 0.955355 -0.251809
vn 0.513332 0.708981 0.325528
vn 0.051326 0.915932 -0.111909
vn 0.090003 0.922155 -0.326911
vn 0.265153 0.934600 0.078993
vn 0.027757 0.993400 -0.077436
vn 0.000273 0.996519 0.013280
vn -0.110089 0.984772 0.020880
vn -0.134491 0.976688 -0.118633
vn 0.172217 0.898305 -0.279668
vn 0.018362 0.970656 0.057450
vn 0.013534 0.995220 0.080481
vn -0.036356 0.987899 -0.008893
vn -0.014214 0.995342 0.075862
vn -0.166506 0.871935 -0.419481
vn -0.097700 0.981494 -0.129081
vn -0.101447 0.910364 -0.237762
vn 0.014660 0.994577 0.047903
vn -0.024079 0.998492 0.033070
vn -0.107399 0.948130 -0.191500
vn -0.009740 0.995340 -0.016978
vn 0.013642 0.985773 0.137904
vn -0.302016 0.936323 -0.136291
vn -0.054974 0.996892 0.010477
vn -0.022874 0.988360 0.126459
vn 0.126533 0.972822 0.135780
vn 0.079201 0.987403 0.113035
vn -0.068922 0.951691 -0.081655
vn -0.053076 0.989979 0.007012
vn -0.325815 0.832271 -0.420846
vn -0.275221 0.888220 -0.308547
vn -0.111378 0.978891 -0.084246
vn 0.219405 0.955819 0.172710
vn 0.204007 0.952025 0.210075
vn 0.020856 0.972404 0.159523
vn 0.062543 0.982404 0.017786
vn 0.375776 0.841554 0.318867
vn 0.140235 0.952311 0.254101
vn 0.009890 0.986927 -0.072062
vn 0.151284 0.971005 0.162019
vn 0.428702 0.812718 0.338526
vn 0.345751 0.826275 0.408607
vn 0.159019 0.866684 0.415943
vn 0.060405 0.967760 0.220401
vn 0.140334 0.965127 -0.195635
vn 0.238580 0.935622 0.248272
vn 0.604306 0.533309 0.526059
vn 0.294714 0.756412 0.551921
vn 0.494869 0.701053 0.506389
vn 0.133956 0.978318 0.092233
vn 0.120693 0.977714 -0.123470
vn 0.214527 0.920604 0.308320
vn 0.571898 0.545977 0.521425
vn 0.459414 0.759593 0.390963
vn 0.448566 0.587190 0.642142
vn 0.327987 0.461437 0.741813
vn 0.120564 0.938957 0.308434
vn 0.179443 0.973084 -0.091663
vn 0.621091 0.424854 0.635517
vn 0.632583 0.589456 0.417954
vn 0.363799 0.508749 0.739818
vn 0.438570 0.404682 0.716181
vn 0.121896 0.834382 0.515384
vn 0.122030 0.953314 0.248293
vn 0.177366 0.967641 -0.156824
vn 0.492039 0.697132 0.468402
vn 0.700941 0.479387 0.465806
vn 0.273515 0.730282 0.586300
vn 0.131543 0.867428 0.459077
vn 0.098628 0.978054 0.131647
vn 0.062847 0.991124 -0.087985
vn 0.256317 0.395208 0.754262
vn 0.191962 0.544370 0.706622
vn -0.015138 0.964968 0.261929
vn 0.935726 0.327251 0.082502
vn 0.943803 0.299444 0.075324
vn 0.966619 0.153041 0.124621
vn 0.943484 0.289335 0.107782
vn 0.883653 0.154388 0.364057
vn 0.767268 0.505488 0.090279
vn 0.865997 0.211216 0.384841
vn 0.664740 0.616269 0.102595
vn 0.816977 0.276469 0.453975
vn 0.949126 0.278424 -0.051904
vn 0.915368 0.322762 0.080959
vn 0.614770 0.629460 0.330984
vn 0.936840 0.330778 -0.045033
vn 0.568744 0.796265 0.061863
vn 0.363368 0.916803 0.095038
vn 0.625002 0.610617 0.378461
vn 0.316499 0.930490 0.135503
vn 0.899733 0.352913 -0.058582
vn 0.773765 0.549175 -0.088268
vn 0.256941 0.939769 0.197008
vn 0.831528 0.410234 -0.007348
vn 0.336718 0.912967 0.189803
vn 0.131393 0.977251 0.094933
vn 0.926501 0.327221 -0.125011
vn 0.639068 0.738638 -0.083537
vn 0.561049 0.722251 0.225498
vn 0.031813 0.970273 0.122627
vn 0.705044 0.676304 -0.018510
vn 0.094737 0.977475 0.116370
vn 0.922437 0.098468 -0.229924
vn 0.673097 0.594148 -0.043629
vn 0.127913 0.731241 0.474159
vn -0.221002 0.955845 0.036471
vn -0.208038 0.950902 0.004035
vn 0.479870 0.847232 -0.108420
vn 0.710278 0.618716 -0.108908
vn 0.346233 0.647891 0.337051
vn -0.275433 0.903148 0.256604
vn -0.257647 0.897441 -0.163745
vn 0.805604 0.208477 -0.326135
vn 0.303447 0.817541 -0.236772
vn 0.586274 0.764704 -0.164285
vn -0.434929 0.894643 0.031412
vn -0.453731 0.861214 -0.133055
vn -0.021110 0.991238 -0.075359
vn 0.870263 0.044741 -0.400997
vn -0.116133 0.926645 -0.060278
vn 0.410159 0.907011 -0.068589
vn -0.047495 0.865059 -0.046735
vn -0.237461 0.936387 0.212001
vn -0.538140 0.776669 -0.299318
vn -0.340166 0.840512 -0.295921
vn 0.789919 0.248421 -0.392354
vn -0.323210 0.918630 -0.003413
vn 0.706275 0.561517 -0.230620
vn -0.411138 0.900233 0.100360
vn -0.141498 0.928827 0.325723
vn -0.435011 0.877755 -0.015990
vn 0.845672 0.167355 -0.430350
vn 0.870953 -0.045029 -0.448118
vn 0.027856 0.947851 0.031004
vn -0.304872 0.928779 0.130868
vn 0.566616 0.694649 -0.151941
vn 0.040928 0.944808 0.278437
vn -0.183112 0.915391 0.349510
vn 0.853793 0.159199 -0.435114
vn -0.250149 0.951616 0.038386
vn -0.272577 0.953913 0.048046
vn 0.894054 0.089557 -0.398430
vn -0.011909 0.968270 0.142107
vn 0.064047 0.937002 0.282051
vn -0.143650 0.937943 0.278744
vn 0.813748 0.136755 -0.450265
vn 0.294942 0.941482 -0.104895
vn -0.171969 0.975297 -0.000810
vn -0.103607 0.954086 0.251400
vn 0.670100 0.358748 -0.471463
vn 0.302846 0.881913 0.341731
vn 0.296111 0.924674 0.217306
vn 0.046843 0.968069 0.159153
vn -0.191973 0.964191 0.166313
vn -0.187666 0.964871 0.073030
vn 0.274220 0.909799 0.271314
vn 0.368133 0.875743 -0.277629
vn 0.278632 0.934357 -0.162501
vn -0.094321 0.959506 0.202517
vn -0.042340 0.936796 0.333526
vn -0.024074 0.987186 -0.046639
vn 0.357437 0.879543 0.304340
vn 0.156302 0.974027 -0.003920
vn 0.545505 0.443088 -0.568167
vn 0.191598 0.953575 0.108972
vn -0.070593 0.990485 0.103769
vn -0.113080 0.922357 0.361535
vn -0.020723 0.989110 -0.076381
vn 0.352670 0.834559 -0.070710
vn 0.316573 0.869434 -0.330562
vn 0.133750 0.948928 0.137767
vn -0.087532 0.952849 0.262401
vn -0.156196 0.933547 0.299898
vn 0.041118 0.979408 -0.171911
vn 0.284884 0.643452 -0.458048
vn 0.032601 0.929753 -0.229614
vn 0.496819 0.354143 -0.678631
vn 0.263378 0.902599 -0.212347
vn -0.139549 0.972977 0.127740
vn -0.192030 0.936745 0.229198
vn -0.058930 0.948123 -0.254533
vn 0.608299 0.520034 -0.599446
vn 0.030389 0.964207 -0.224389
vn 0.231686 0.829920 -0.422814
vn -0.157719 0.931100 -0.073598
vn -0.218511 0.945032 -0.069439
vn -0.247983 0.939485 0.217018
vn -0.245290 0.959165 0.109322
vn 0.355539 0.630486 -0.377676
vn 0.261189 0.422490 -0.382092
vn 0.472922 0.368214 -0.650654
vn -0.059746 0.990108 -0.084467
vn -0.372561 0.905852 0.132494
vn -0.251612 0.949036 -0.041777
vn -0.276690 0.932729 -0.231091
vn -0.013186 0.705350 -0.535121
vn -0.324803 0.913266 0.059254
vn -0.291311 0.893590 0.299615
vn -0.207777 0.946592 0.186024
vn -0.128814 0.868683 -0.427761
vn -0.368652 0.888901 -0.224247
vn -0.144786 0.644453 -0.581548
vn 0.065051 0.530628 -0.764371
vn -0.372107 0.855972 0.317153
vn 0.016715 0.702363 -0.585137
vn -0.219954 0.899369 -0.263076
vn -0.165766 0.855325 0.425617
vn -0.179149 0.826973 0.507854
vn 0.054185 0.699711 -0.627059
vn 0.025681 0.569245 -0.789566
vn -0.011549 0.501347 -0.840219
vn 0.138171 0.944293 -0.220588
vn 0.171328 0.959105 0.120187
vn -0.090357 0.821441 0.556937
vn 0.051086 0.862582 -0.482864
vn 0.135745 0.452067 -0.865435
vn -0.025945 0.817597 0.553732
vn 0.124954 0.908324 0.363261
vn 0.161118 0.891670 -0.397546
vn 0.105906 0.625264 -0.715922
vn 0.309974 0.933020 -0.071806
vn 0.294466 0.920343 0.190278
vn 0.250874 0.943607 -0.157469
vn 0.363091 0.927218 -0.013034
vn 0.194852 0.966957 -0.070695
vn 0.246264 0.797628 -0.200358
vn -0.128553 0.827990 -0.284788
vn 0.120945 0.525558 -0.744849
vn 0.466932 0.728198 -0.052325
vn -0.095574 0.796190 -0.369643
vn 0.680432 0.192099 -0.421172
vn 0.312625 0.404937 -0.594710
vn 0.493280 0.666342 0.036191
vn 0.929994 0.167782 -0.132206
vn 0.439294 0.212659 -0.410415
vn 0.125063 0.986067 0.059809
vn 0.951921 -0.174453 -0.069241
vn 0.163821 0.977820 -0.130498
vn 0.718465 0.495933 -0.049677
vn 0.973802 0.097788 -0.035831
vn 0.985086 0.005453 -0.000861
vn 0.969665 0.118637 -0.159743
vn 0.986144 -0.014617 -0.165209
vn 0.033930 0.962820 0.014101
vn -0.112324 0.921253 -0.046586
vn 0.000033 0.980058 0.022080
vn 0.038273 0.980486 -0.003486
vn -0.005281 0.953174 -0.045605
vn 0.249844 0.101839 -0.812134
vn 0.525568 0.596101 -0.352659
vn 0.813612 0.340239 -0.440617
vn 0.587217 0.645084 -0.146027
vn 0.266911 -0.051725 -0.771634
vn -0.020958 -0.130997 -0.991125
vn -0.015609 -0.138092 -0.990296
vn 0.790249 0.000000 -0.197228
vn 0.025031 0.916457 -0.380899
vn 0.031590 0.968531 -0.168629
vn -0.069549 0.776968 -0.502553
vn 0.203675 0.970438 -0.004089
vn -0.132464 0.268912 -0.937117
vn -0.135722 0.507211 -0.681956
vn 0.061656 0.987356 0.016334
vn -0.006012 0.327048 -0.932254
vn -0.074120 0.705428 -0.451180
vn 0.164752 0.982743 0.011316
vn -0.185928 0.331113 -0.912366
vn -0.087415 0.292679 -0.943954
vn -0.106624 0.949345 -0.183935
vn -0.123860 0.535328 -0.728520
vn 0.135475 0.581349 -0.703518
vn -0.240923 0.927271 -0.222123
vn -0.168403 0.551915 -0.739135
vn -0.264203 0.927148 -0.205477
vn 0.031947 0.969807 -0.228953
vn -0.187949 0.948023 -0.190568
vn -0.005621 0.980373 -0.197071
vn 0.848265 -0.086828 -0.499594
vn 0.760320 -0.053258 -0.625911
vn 0.780592 -0.017888 -0.534691
vn 0.667448 0.018318 -0.728613
vn 0.726708 0.160043 -0.552528
vn 0.706781 0.082888 -0.622106
vn 0.552040 0.282239 -0.701285
vn 0.556831 -0.025648 -0.820455
vn 0.488284 0.174084 -0.765200
vn 0.370000 -0.098984 -0.915546
vn 0.349035 0.168550 -0.824202
vn 0.000000 0.000000 0.000000
vn 0.296248 0.342807 -0.763485
vn 0.246099 0.341257 -0.770999
vn 0.286648 0.092497 -0.863194
vn 0.045256 0.891479 -0.357463
vn 0.368684 -0.089748 -0.917284
vn 0.096584 0.937276 -0.243179
vn 0.311079 0.507801 -0.667264
vn 0.307435 0.098335 -0.819484
vn 0.308566 0.328773 -0.783365
vn 0.271083 -0.133330 -0.931992
vn 0.031301 0.990722 -0.123882
vn 0.116731 0.887319 -0.358598
vn 0.198010 0.009653 -0.865645
vn 0.117167 0.871395 -0.426467
vn 0.209918 0.471512 -0.698872
vn 0.180409 -0.162224 -0.952962
vn 0.146041 0.273797 -0.842369
vn 0.241817 0.080668 -0.874195
vn 0.204374 -0.091283 -0.961607
vn 0.262708 0.087224 -0.898539
vn 0.248313 0.208397 -0.832164
vn 0.226447 0.163263 -0.834024
vn 0.176645 -0.087528 -0.979300
vn 0.156575 0.876452 -0.454061
vn 0.120897 0.267972 -0.806569
vn -0.667629 -0.031818 -0.565012
vn -0.659048 0.425950 -0.487976
vn -0.723791 -0.254237 -0.586414
vn -0.609639 -0.101169 -0.634498
vn -0.447802 0.363054 -0.146514
vn -0.687999 -0.698277 0.090685
vn -0.730212 -0.645155 0.218581
vn -0.265289 0.925475 -0.177407
vn -0.257947 0.959350 -0.044741
vn -0.033356 0.974224 -0.022864
vn -0.150716 0.972722 -0.057530
vn 0.049808 0.983503 0.098535
vn 0.079326 0.985295 -0.124012
vn 0.120549 0.976101 0.006917
vn -0.200193 0.922080 -0.275268
vn 0.238994 0.941612 -0.122194
vn -0.348582 0.860692 -0.371080
vn 0.275235 0.924326 0.053362
vn 0.095304 0.957364 0.272712
vn 0.466938 0.865525 -0.041096
vn 0.729624 0.679900 0.073382
vn -0.196255 -0.856418 -0.230908
vn -0.209426 -0.837048 0.077061
vn 0.135574 -0.903221 -0.082825
vn 0.022498 -0.971064 0.093612
vn -0.284044 -0.761849 0.085891
vn 0.129599 -0.963955 0.185889
vn 0.146845 -0.954303 0.002011
vn 0.019093 -0.963625 -0.266576
vn 0.188700 -0.908831 0.202032
vn 0.210996 -0.952004 -0.017242
vn 0.041027 -0.990061 0.134518
vn 0.099604 -0.927294 -0.045970
vn -0.000507 -0.892618 0.364668
vn 0.146903 -0.643845 -0.219655
vn 0.408312 -0.496278 0.345444
vn -0.250109 -0.453910 -0.740934
vn 0.148791 -0.566724 -0.562341
vn 0.593822 -0.562543 -0.057245
vn -0.763024 -0.644074 0.054431
vn 0.860422 -0.506696 0.054153
vn 0.860422 -0.506696 0.054153
vn 0.860422 -0.506696 0.054153
vn 0.099302 0.982326 0.013078
vn 0.662454 0.545013 -0.513603
vn 0.689503 0.520949 -0.502253
vn 0.598087 0.565749 -0.561699
vn -0.838577 0.435438 0.320138
vn -0.813887 0.425103 0.396073
vn -0.841933 0.462374 0.275389
vn -0.813207 0.519745 0.254060
vn -0.830563 0.533123 0.155847
vn -0.860183 0.498318 0.108468
vn -0.791253 0.414687 0.446513
vn -0.832852 0.527584 -0.158012
vn -0.847153 0.519209 -0.112801
vn -0.834680 0.466907 -0.281129
vn -0.793262 0.293682 0.532818
vn -0.780918 0.278797 0.558857
vn -0.655709 0.396169 0.634740
vn -0.572773 -0.234097 -0.315120
vn 0.099302 0.982326 0.013078
vn 0.073481 0.994433 0.075528
vn 0.236283 0.918099 -0.318220
vn -0.350658 0.733605 -0.192082
vn 0.063323 0.919563 -0.037689
vn 0.152488 0.656247 -0.718562
vn 0.050964 0.626406 -0.767592
vn 0.114917 0.967384 -0.023793
vn 0.128085 0.861162 -0.491299
vn -0.043999 0.062229 0.997033
vn -0.059315 0.062839 0.996259
vn 0.000332 0.096386 0.994328
vn 0.085393 0.116950 0.987691
vn 0.082173 0.044220 0.989053
vn 0.717829 0.328566 0.609326
vn 0.670491 0.308556 0.670933
vn 0.750809 0.112773 0.615702
vn 0.825126 0.232785 0.512558
vn 0.591135 0.287749 0.752112
vn 0.598820 0.324056 0.730962
vn 0.253637 0.124915 0.954458
vn 0.522346 0.376719 0.761445
vn 0.368642 0.255361 0.880016
vn 0.487065 -0.123851 0.863764
vn 0.285377 -0.031200 0.934828
vn 0.509032 -0.095110 0.852620
vn 0.389659 0.132340 0.802093
vn 0.359884 0.666607 0.652777
vn 0.898928 0.435517 0.044838
vn 0.902593 0.415854 0.102779
vn 0.949236 0.228858 0.151992
vn 0.884533 0.401854 0.190155
vn 0.891216 0.446282 -0.066906
vn 0.868361 0.490672 -0.058993
vn 0.897782 0.434918 -0.037668
vn 0.896539 0.413199 -0.118077
vn 0.882197 0.414880 -0.222700
vn 0.856277 0.399082 -0.317909
vn 0.820612 0.420575 -0.382152
vn 0.783239 0.501833 -0.366732
vn 0.181957 0.969206 -0.033284
vn 0.044188 0.857856 -0.470565
vn 0.716957 0.510915 -0.467544
vn 0.548306 0.577069 -0.604734
vn -0.521359 0.312548 -0.787631
vn -0.530363 0.400065 -0.745091
vn -0.586115 0.395581 -0.705896
vn -0.622124 0.369476 -0.690252
vn 0.427113 0.640614 -0.630771
vn 0.225123 0.667778 -0.704245
vn 0.419152 0.509686 -0.655507
vn 0.130831 0.621200 -0.769568
vn 0.236718 0.650216 -0.701011
vn -0.817172 0.281534 0.496788
vn -0.616428 0.435391 0.656088
vn -0.682007 0.051931 0.706660
vn -0.353916 0.114570 0.928233
vn 0.759229 0.530923 -0.376034
vn 0.427521 0.583590 -0.684970
vn -0.641343 0.439166 -0.625887
vn -0.860385 0.508418 -0.024554
vn -0.859209 0.499694 -0.104078
vn -0.863787 0.499862 0.033479
vn -0.865862 0.490436 0.097284
vn -0.593939 0.454757 -0.662396
vn -0.599303 0.433079 -0.672958
vn -0.676751 0.489537 -0.541958
vn 0.259575 0.672301 -0.690159
vn 0.223731 0.687948 -0.690414
vn 0.184166 0.506260 -0.817642
vn 0.103854 0.610753 -0.767144
vn -0.101801 0.981818 0.018381
vn -0.034641 0.988472 0.134005
vn 0.023681 0.991210 0.129500
vn 0.234132 0.716878 -0.655368
vn -0.027533 0.964616 -0.248357
vn 0.047691 0.992914 0.103286
vn 0.052789 0.948258 -0.306454
vn 0.245872 0.774679 -0.576667
vn 0.135433 0.575441 -0.806551
vn -0.039431 0.573553 -0.809714
vn -0.197367 0.503811 -0.835973
vn -0.160442 0.434061 -0.886417
vn -0.230878 0.391106 -0.888599
vn -0.288950 0.368997 -0.883274
vn -0.340699 0.344540 -0.873362
vn -0.378967 0.320207 -0.868246
vn -0.503639 0.191702 -0.812660
vn 0.750628 0.517024 -0.410730
vn 0.016896 -0.088022 0.993767
vn 0.016447 -0.228243 0.958225
vn -0.098973 -0.431971 0.893394
vn -0.253034 -0.217728 0.918743
vn -0.062716 -0.307581 0.930879
vn -0.304507 -0.201224 0.924545
vn 0.059871 -0.388791 0.912807
vn 0.334164 -0.393337 0.778074
vn 0.454413 -0.135185 0.811316
vn 0.024227 -0.176674 0.676631
vn 0.103168 0.957669 -0.057320
vn 0.026789 0.167861 -0.196946
vn -0.675249 0.005333 0.722497
vn -0.681720 -0.077728 0.726470
vn 0.001220 0.983745 0.124868
vn -0.683024 -0.049364 0.727901
vn -0.082329 0.913774 0.045742
vn -0.648624 -0.020311 0.759746
vn -0.521150 -0.155012 0.832190
vn -0.570782 -0.182062 0.794972
vn -0.697569 -0.054672 0.704067
vn -0.129827 0.958548 0.253634
vn 0.068851 0.950473 0.059705
vn 0.296243 0.941230 -0.162251
vn -0.406055 0.911587 -0.033187
vn -0.015612 0.974925 0.120741
vn 0.059831 0.994757 0.053655
vn -0.379466 0.802953 -0.157457
vn -0.047191 0.711111 -0.693506
vn -0.049378 0.979785 0.115444
vn 0.075294 0.986619 0.115998
vn 0.853340 0.380282 -0.355608
vn 0.587533 0.038477 0.791523
vn 0.548521 0.279060 0.728584
vn 0.679166 0.428792 0.585176
vn 0.633933 0.580473 0.282216
vn 0.817944 0.298952 0.271496
vn 0.865640 0.119234 0.486261
vn 0.898667 0.434053 -0.034622
vn 0.887504 -0.023659 0.448328
vn 0.900208 0.431501 0.039982
vn 0.944887 0.130149 0.300415
vn 0.911991 0.393916 0.113438
vn 0.921675 -0.100748 0.339196
vn 0.942829 0.024419 0.293721
vn 0.944680 0.139880 0.268981
o Object
usemtl Material
f 174/174/174 839/839/839 913/913/913
f 174/174/174 176/176/176 839/839/839
f 529/529/529 860/860/860 859/859/859
f 529/529/529 859/859/859 528/528/528
f 388/388/388 922/922/922 846/846/846
f 737/737/737 603/603/603 875/875/875
f 603/603/603 921/921/921 875/875/875
f 743/743/743 891/891/891 883/883/883
f 746/746/746 743/743/743 883/883/883
f 215/215/215 886/886/886 829/829/829
f 200/200/200 886/886/886 215/215/215
f 533/533/533 966/966/966 967/967/967
f 534/534/534 862/862/862 964/964/964
f 534/534/534 531/531/531 862/862/862
f 533/533/533 967/967/967 863/863/863
f 533/533/533 863/863/863 532/532/532
f 533/533/533 965/965/965 966/966/966
f 533/533/533 535/535/535 965/965/965
f 535/535/535 961/961/961 965/965/965
f 534/534/534 964/964/964 962/962/962
f 537/537/537 963/963/963 961/961/961
f 535/535/535 539/539/539 961/961/961
f 540/540/540 962/962/962 960/960/960
f 516/516/516 957/957/957 958/958/958
f 540/540/540 960/960/960 865/865/865
f 540/540/540 865/865/865 543/543/543
f 516/516/516 956/956/956 957/957/957
f 512/512/512 858/858/858 856/856/856
f 512/512/512 518/518/518 858/858/858
f 517/517/517 855/855/855 854/854/854
f 517/517/517 854/854/854 511/511/511
f 509/509/509 955/955/955 956/956/956
f 509/509/509 954/954/954 955/955/955
f 503/503/503 849/849/849 954/954/954
f 560/560/560 870/870/870 953/953/953
f 576/576/576 953/953/953 871/871/871
f 603/603/603 890/890/890 921/921/921
f 603/603/603 589/589/589 890/890/890
f 701/701/701 952/952/952 873/873/873
f 701/701/701 951/951/951 952/952/952
f 701/701/701 702/702/702 951/951/951
f 702/702/702 950/950/950 949/949/949
f 702/702/702 701/701/701 950/950/950
f 702/702/702 949/949/949 951/951/951
f 701/701/701 874/874/874 950/950/950
f 703/703/703 947/947/947 948/948/948
f 703/703/703 948/948/948 837/837/837
f 703/703/703 837/837/837 704/704/704
f 703/703/703 946/946/946 947/947/947
f 703/703/703 836/836/836 946/946/946
f 703/703/703 705/705/705 836/836/836
f 419/419/419 944/944/944 945/945/945
f 416/416/416 888/888/888 942/942/942
f 416/416/416 418/418/418 888/888/888
f 416/416/416 942/942/942 941/941/941
f 416/416/416 941/941/941 940/940/940
f 416/416/416 940/940/940 411/411/411
f 411/411/411 940/940/940 939/939/939
f 411/411/411 939/939/939 937/937/937
f 409/409/409 933/933/933 938/938/938
f 409/409/409 938/938/938 936/936/936
f 411/411/411 937/937/937 935/935/935
f 411/411/411 935/935/935 407/407/407
f 409/409/409 931/931/931 933/933/933
f 409/409/409 406/406/406 931/931/931
f 409/409/409 936/936/936 932/932/932
f 406/406/406 933/933/933 931/931/931
f 406/406/406 409/409/409 933/933/933
f 407/407/407 935/935/935 934/934/934
f 407/407/407 934/934/934 403/403/403
f 406/406/406 934/934/934 931/931/931
f 399/399/399 931/931/931 930/930/930
f 399/399/399 930/930/930 929/929/929
f 399/399/399 929/929/929 928/928/928
f 399/399/399 928/928/928 926/926/926
f 399/399/399 926/926/926 397/397/397
f 395/395/395 927/927/927 925/925/925
f 395/395/395 925/925/925 391/391/391
f 391/391/391 925/925/925 924/924/924
f 391/391/391 924/924/924 923/923/923
f 388/388/388 923/923/923 922/922/922
f 743/743/743 741/741/741 891/891/891
f 18/18/18 21/21/21 920/920/920
f 13/13/13 920/920/920 877/877/877
f 170/170/170 918/918/918 919/919/919
f 170/170/170 917/917/917 918/918/918
f 170/170/170 171/171/171 917/917/917
f 171/171/171 916/916/916 917/917/917
f 171/171/171 915/915/915 916/916/916
f 171/171/171 173/173/173 915/915/915
f 174/174/174 914/914/914 915/915/915
f 174/174/174 913/913/913 914/914/914
f 754/754/754 749/749/749 885/885/885
f 754/754/754 885/885/885 911/911/911
f 176/176/176 912/912/912 838/838/838
f 343/343/343 841/841/841 910/910/910
f 754/754/754 911/911/911 907/907/907
f 342/342/342 910/910/910 908/908/908
f 343/343/343 909/909/909 840/840/840
f 342/342/342 906/906/906 909/909/909
f 342/342/342 908/908/908 904/904/904
f 759/759/759 907/907/907 903/903/903
f 342/342/342 905/905/905 906/906/906
f 759/759/759 903/903/903 902/902/902
f 764/764/764 759/759/759 902/902/902
f 764/764/764 902/902/902 900/900/900
f 227/227/227 899/899/899 832/832/832
f 227/227/227 772/772/772 899/899/899
f 772/772/772 898/898/898 899/899/899
f 772/772/772 897/897/897 898/898/898
f 772/772/772 775/775/775 897/897/897
f 775/775/775 892/892/892 897/897/897
f 775/775/775 3/3/3 892/892/892
f 227/227/227 832/832/832 828/828/828
f 227/227/227 828/828/828 213/213/213
f 215/215/215 829/829/829 222/222/222
f 200/200/200 199/199/199 886/886/886
f 204/204/204 827/827/827 894/894/894
f 204/204/204 894/894/894 194/194/194
f 190/190/190 896/896/896 824/824/824
f 190/190/190 824/824/824 188/188/188
f 190/190/190 895/895/895 896/896/896
f 193/193/193 821/821/821 819/819/819
f 193/193/193 189/189/189 821/821/821
f 190/190/190 893/893/893 895/895/895
f 190/190/190 194/194/194 893/893/893
f 3/3/3 878/878/878 879/879/879
f 3/3/3 13/13/13 878/878/878
f 3/3/3 880/880/880 892/892/892
f 741/741/741 876/876/876 891/891/891
f 589/589/589 872/872/872 890/890/890
f 532/532/532 864/864/864 861/861/861
f 532/532/532 861/861/861 531/531/531
f 503/503/503 847/847/847 850/850/850
f 222/222/222 831/831/831 887/887/887
f 199/199/199 825/825/825 886/886/886
f 749/749/749 884/884/884 885/885/885
f 749/749/749 882/882/882 884/884/884
f 749/749/749 745/745/745 882/882/882
f 743/743/743 883/883/883 881/881/881
f 743/743/743 746/746/746 883/883/883
f 741/741/741 818/818/818 876/876/876
f 741/741/741 740/740/740 818/818/818
f 739/739/739 875/875/875 816/816/816
f 589/589/589 871/871/871 872/872/872
f 589/589/589 576/576/576 871/871/871
f 560/560/560 869/869/869 870/870/870
f 554/554/554 868/868/868 869/869/869
f 554/554/554 867/867/867 868/868/868
f 554/554/554 543/543/543 867/867/867
f 543/543/543 866/866/866 867/867/867
f 518/518/518 859/859/859 858/858/858
f 512/512/512 857/857/857 853/853/853
f 517/517/517 853/853/853 855/855/855
f 511/511/511 854/854/854 852/852/852
f 515/515/515 851/851/851 848/848/848
f 386/386/386 846/846/846 845/845/845
f 386/386/386 845/845/845 844/844/844
f 386/386/386 844/844/844 842/842/842
f 386/386/386 842/842/842 385/385/385
f 705/705/705 837/837/837 836/836/836
f 815/815/815 833/833/833 835/835/835
f 222/222/222 830/830/830 831/831/831
f 204/204/204 828/828/828 826/826/826
f 193/193/193 820/820/820 825/825/825
f 188/188/188 824/824/824 823/823/823
f 189/189/189 823/823/823 822/822/822
f 740/740/740 817/817/817 818/818/818
f 740/740/740 739/739/739 817/817/817
f 540/540/540 534/534/534 962/962/962
f 539/539/539 537/537/537 961/961/961
f 523/523/523 958/958/958 959/959/959
f 523/523/523 516/516/516 958/958/958
f 509/509/509 956/956/956 516/516/516
f 503/503/503 954/954/954 509/509/509
f 576/576/576 560/560/560 953/953/953
f 419/419/419 943/943/943 944/944/944
f 406/406/406 403/403/403 934/934/934
f 409/409/409 932/932/932 933/933/933
f 399/399/399 406/406/406 931/931/931
f 395/395/395 926/926/926 927/927/927
f 395/395/395 397/397/397 926/926/926
f 388/388/388 391/391/391 923/923/923
f 13/13/13 18/18/18 920/920/920
f 174/174/174 915/915/915 173/173/173
f 176/176/176 184/184/184 912/912/912
f 342/342/342 343/343/343 910/910/910
f 342/342/342 909/909/909 343/343/343
f 759/759/759 754/754/754 907/907/907
f 342/342/342 904/904/904 905/905/905
f 766/766/766 900/900/900 901/901/901
f 766/766/766 764/764/764 900/900/900
f 194/194/194 894/894/894 893/893/893
f 418/418/418 889/889/889 888/888/888
f 222/222/222 887/887/887 239/239/239
f 745/745/745 881/881/881 882/882/882
f 745/745/745 743/743/743 881/881/881
f 3/3/3 879/879/879 880/880/880
f 13/13/13 877/877/877 878/878/878
f 739/739/739 737/737/737 875/875/875
f 701/701/701 873/873/873 874/874/874
f 554/554/554 869/869/869 560/560/560
f 543/543/543 865/865/865 866/866/866
f 532/532/532 863/863/863 864/864/864
f 531/531/531 861/861/861 862/862/862
f 518/518/518 528/528/528 859/859/859
f 512/512/512 856/856/856 857/857/857
f 517/517/517 512/512/512 853/853/853
f 511/511/511 852/852/852 851/851/851
f 511/511/511 851/851/851 515/515/515
f 503/503/503 850/850/850 849/849/849
f 515/515/515 848/848/848 847/847/847
f 515/515/515 847/847/847 503/503/503
f 386/386/386 388/388/388 846/846/846
f 385/385/385 842/842/842 843/843/843
f 343/343/343 840/840/840 841/841/841
f 176/176/176 838/838/838 839/839/839
f 705/705/705 704/704/704 837/837/837
f 815/815/815 834/834/834 833/833/833
f 222/222/222 829/829/829 830/830/830
f 204/204/204 213/213/213 828/828/828
f 204/204/204 826/826/826 827/827/827
f 193/193/193 825/825/825 199/199/199
f 189/189/189 188/188/188 823/823/823
f 189/189/189 822/822/822 821/821/821
f 193/193/193 819/819/819 820/820/820
f 739/739/739 816/816/816 817/817/817
f 536/536/536 531/531/531 534/534/534
f 536/536/536 532/532/532 531/531/531
f 536/536/536 533/533/533 532/532/532
f 533/533/533 538/538/538 535/535/535
f 534/534/534 541/541/541 536/536/536
f 538/538/538 533/533/533 536/536/536
f 529/529/529 528/528/528 519/519/519
f 542/542/542 535/535/535 538/538/538
f 535/535/535 542/542/542 539/539/539
f 527/527/527 526/526/526 514/514/514
f 541/541/541 534/534/534 540/540/540
f 544/544/544 536/536/536 541/541/541
f 545/545/545 538/538/538 536/536/536
f 530/530/530 520/520/520 526/526/526
f 539/539/539 546/546/546 537/537/537
f 525/525/525 529/529/529 519/519/519
f 524/524/524 519/519/519 528/528/528
f 547/547/547 542/542/542 538/538/538
f 546/546/546 539/539/539 542/542/542
f 524/524/524 528/528/528 518/518/518
f 540/540/540 548/548/548 541/541/541
f 549/549/549 540/540/540 543/543/543
f 545/545/545 536/536/536 544/544/544
f 544/544/544 541/541/541 548/548/548
f 547/547/547 538/538/538 545/545/545
f 522/522/522 510/510/510 523/523/523
f 527/527/527 514/514/514 521/521/521
f 526/526/526 506/506/506 514/514/514
f 526/526/526 520/520/520 506/506/506
f 550/550/550 542/542/542 547/547/547
f 550/550/550 546/546/546 542/542/542
f 513/513/513 520/520/520 525/525/525
f 525/525/525 519/519/519 513/513/513
f 499/499/499 519/519/519 524/524/524
f 548/548/548 540/540/540 549/549/549
f 549/549/549 543/543/543 551/551/551
f 544/544/544 552/552/552 545/545/545
f 544/544/544 548/548/548 549/549/549
f 553/553/553 547/547/547 545/545/545
f 499/499/499 524/524/524 518/518/518
f 510/510/510 516/516/516 523/523/523
f 547/547/547 553/553/553 550/550/550
f 508/508/508 510/510/510 522/522/522
f 501/501/501 521/521/521 514/514/514
f 551/551/551 543/543/543 554/554/554
f 551/551/551 555/555/555 549/549/549
f 556/556/556 552/552/552 544/544/544
f 552/552/552 557/557/557 545/545/545
f 558/558/558 544/544/544 549/549/549
f 545/545/545 557/557/557 553/553/553
f 514/514/514 506/506/506 507/507/507
f 520/520/520 513/513/513 506/506/506
f 499/499/499 513/513/513 519/519/519
f 559/559/559 550/550/550 553/553/553
f 504/504/504 512/512/512 517/517/517
f 512/512/512 499/499/499 518/518/518
f 505/505/505 511/511/511 515/515/515
f 511/511/511 504/504/504 517/517/517
f 510/510/510 497/497/497 516/516/516
f 551/551/551 554/554/554 560/560/560
f 555/555/555 551/551/551 561/561/561
f 555/555/555 558/558/558 549/549/549
f 562/562/562 552/552/552 556/556/556
f 556/556/556 544/544/544 558/558/558
f 562/562/562 557/557/557 552/552/552
f 563/563/563 553/553/553 557/557/557
f 497/497/497 509/509/509 516/516/516
f 503/503/503 505/505/505 515/515/515
f 508/508/508 502/502/502 510/510/510
f 553/553/553 564/564/564 559/559/559
f 514/514/514 507/507/507 501/501/501
f 495/495/495 507/507/507 506/506/506
f 500/500/500 506/506/506 513/513/513
f 500/500/500 513/513/513 499/499/499
f 499/499/499 512/512/512 504/504/504
f 560/560/560 561/561/561 551/551/551
f 561/561/561 565/565/565 555/555/555
f 566/566/566 558/558/558 555/555/555
f 567/567/567 562/562/562 556/556/556
f 567/567/567 556/556/556 558/558/558
f 568/568/568 557/557/557 562/562/562
f 568/568/568 563/563/563 557/557/557
f 564/564/564 553/553/553 563/563/563
f 505/505/505 498/498/498 511/511/511
f 504/504/504 511/511/511 498/498/498
f 502/502/502 497/497/497 510/510/510
f 497/497/497 503/503/503 509/509/509
f 569/569/569 559/559/559 564/564/564
f 503/503/503 493/493/493 505/505/505
f 508/508/508 496/496/496 502/502/502
f 507/507/507 495/495/495 501/501/501
f 506/506/506 500/500/500 495/495/495
f 561/561/561 560/560/560 570/570/570
f 571/571/571 555/555/555 565/565/565
f 572/572/572 565/565/565 561/561/561
f 571/571/571 566/566/566 555/555/555
f 558/558/558 566/566/566 567/567/567
f 568/568/568 562/562/562 567/567/567
f 573/573/573 563/563/563 568/568/568
f 573/573/573 564/564/564 563/563/563
f 500/500/500 499/499/499 491/491/491
f 499/499/499 504/504/504 494/494/494
f 569/569/569 564/564/564 574/574/574
f 575/575/575 559/559/559 569/569/569
f 498/498/498 505/505/505 493/493/493
f 498/498/498 494/494/494 504/504/504
f 502/502/502 489/489/489 497/497/497
f 493/493/493 503/503/503 497/497/497
f 570/570/570 572/572/572 561/561/561
f 570/570/570 560/560/560 576/576/576
f 565/565/565 577/577/577 571/571/571
f 572/572/572 578/578/578 565/565/565
f 579/579/579 566/566/566 571/571/571
f 579/579/579 567/567/567 566/566/566
f 580/580/580 573/573/573 568/568/568
f 574/574/574 564/564/564 573/573/573
f 489/489/489 502/502/502 496/496/496
f 581/581/581 569/569/569 574/574/574
f 569/569/569 582/582/582 575/575/575
f 501/501/501 495/495/495 488/488/488
f 495/495/495 500/500/500 491/491/491
f 494/494/494 491/491/491 499/499/499
f 490/490/490 498/498/498 493/493/493
f 494/494/494 498/498/498 490/490/490
f 572/572/572 570/570/570 583/583/583
f 576/576/576 583/583/583 570/570/570
f 577/577/577 565/565/565 578/578/578
f 577/577/577 584/584/584 571/571/571
f 578/578/578 572/572/572 585/585/585
f 571/571/571 584/584/584 579/579/579
f 584/584/584 567/567/567 579/579/579
f 573/573/573 580/580/580 586/586/586
f 568/568/568 587/587/587 580/580/580
f 588/588/588 574/574/574 573/573/573
f 569/569/569 581/581/581 582/582/582
f 574/574/574 588/588/588 581/581/581
f 489/489/489 493/493/493 497/497/497
f 496/496/496 492/492/492 489/489/489
f 495/495/495 491/491/491 488/488/488
f 491/491/491 494/494/494 483/483/483
f 493/493/493 482/482/482 490/490/490
f 583/583/583 585/585/585 572/572/572
f 576/576/576 590/590/590 583/583/583
f 577/577/577 578/578/578 591/591/591
f 592/592/592 584/584/584 577/577/577
f 578/578/578 585/585/585 593/593/593
f 573/573/573 586/586/586 588/588/588
f 586/586/586 580/580/580 588/588/588
f 587/587/587 594/594/594 580/580/580
f 587/587/587 568/568/568 595/595/595
f 490/490/490 483/483/483 494/494/494
f 482/482/482 493/493/493 489/489/489
f 484/484/484 489/489/489 492/492/492
f 488/488/488 491/491/491 485/485/485
f 492/492/492 487/487/487 484/484/484
f 589/589/589 590/590/590 576/576/576
f 483/483/483 485/485/485 491/491/491
f 585/585/585 583/583/583 596/596/596
f 583/583/583 590/590/590 596/596/596
f 591/591/591 578/578/578 593/593/593
f 597/597/597 577/577/577 591/591/591
f 598/598/598 592/592/592 577/577/577
f 599/599/599 593/593/593 585/585/585
f 600/600/600 588/588/588 580/580/580
f 587/587/587 601/601/601 594/594/594
f 580/580/580 594/594/594 600/600/600
f 595/595/595 602/602/602 587/587/587
f 483/483/483 490/490/490 482/482/482
f 489/489/489 484/484/484 482/482/482
f 487/487/487 486/486/486 471/471/471
f 488/488/488 485/485/485 472/472/472
f 471/471/471 484/484/484 487/487/487
f 596/596/596 590/590/590 589/589/589
f 485/485/485 483/483/483 477/477/477
f 482/482/482 470/470/470 483/483/483
f 585/585/585 596/596/596 599/599/599
f 593/593/593 604/604/604 591/591/591
f 605/605/605 577/577/577 597/597/597
f 591/591/591 606/606/606 597/597/597
f 577/577/577 605/605/605 598/598/598
f 602/602/602 592/592/592 598/598/598
f 607/607/607 593/593/593 599/599/599
f 601/601/601 587/587/587 602/602/602
f 601/601/601 608/608/608 594/594/594
f 609/609/609 600/600/600 594/594/594
f 602/602/602 595/595/595 592/592/592
f 476/476/476 482/482/482 484/484/484
f 473/473/473 486/486/486 479/479/479
f 471/471/471 486/486/486 473/473/473
f 481/481/481 478/478/478 468/468/468
f 599/599/599 589/589/589 603/603/603
f 596/596/596 589/589/589 599/599/599
f 478/478/478 481/481/481 441/441/441
f 477/477/477 472/472/472 485/485/485
f 604/604/604 593/593/593 607/607/607
f 610/610/610 591/591/591 604/604/604
f 611/611/611 605/605/605 597/597/597
f 606/606/606 591/591/591 610/610/610
f 606/606/606 611/611/611 597/597/597
f 598/598/598 605/605/605 612/612/612
f 612/612/612 602/602/602 598/598/598
f 612/612/612 601/601/601 602/602/602
f 608/608/608 609/609/609 594/594/594
f 601/601/601 613/613/613 608/608/608
f 476/476/476 484/484/484 471/471/471
f 477/477/477 483/483/483 470/470/470
f 614/614/614 604/604/604 607/607/607
f 610/610/610 604/604/604 615/615/615
f 616/616/616 605/605/605 611/611/611
f 606/606/606 610/610/610 617/617/617
f 616/616/616 611/611/611 606/606/606
f 618/618/618 612/612/612 605/605/605
f 618/618/618 601/601/601 612/612/612
f 608/608/608 619/619/619 609/609/609
f 601/601/601 620/620/620 613/613/613
f 619/619/619 608/608/608 613/613/613
f 615/615/615 604/604/604 614/614/614
f 621/621/621 614/614/614 607/607/607
f 615/615/615 622/622/622 610/610/610
f 623/623/623 605/605/605 616/616/616
f 617/617/617 610/610/610 622/622/622
f 624/624/624 606/606/606 617/617/617
f 624/624/624 616/616/616 606/606/606
f 625/625/625 618/618/618 605/605/605
f 620/620/620 601/601/601 618/618/618
f 620/620/620 626/626/626 613/613/613
f 613/613/613 626/626/626 619/619/619
f 615/615/615 614/614/614 627/627/627
f 627/627/627 614/614/614 621/621/621
f 628/628/628 622/622/622 615/615/615
f 605/605/605 623/623/623 625/625/625
f 623/623/623 616/616/616 629/629/629
f 617/617/617 622/622/622 628/628/628
f 617/617/617 630/630/630 624/624/624
f 629/629/629 616/616/616 624/624/624
f 631/631/631 618/618/618 625/625/625
f 631/631/631 620/620/620 618/618/618
f 620/620/620 632/632/632 626/626/626
f 627/627/627 633/633/633 615/615/615
f 627/627/627 621/621/621 634/634/634
f 615/615/615 635/635/635 628/628/628
f 636/636/636 625/625/625 623/623/623
f 195/195/195 192/192/192 198/198/198
f 636/636/636 623/623/623 629/629/629
f 195/195/195 194/194/194 190/190/190
f 192/192/192 191/191/191 197/197/197
f 193/193/193 196/196/196 191/191/191
f 190/190/190 192/192/192 195/195/195
f 637/637/637 617/617/617 628/628/628
f 192/192/192 188/188/188 191/191/191
f 191/191/191 189/189/189 193/193/193
f 630/630/630 617/617/617 637/637/637
f 188/188/188 192/192/192 190/190/190
f 629/629/629 624/624/624 630/630/630
f 188/188/188 189/189/189 191/191/191
f 638/638/638 631/631/631 625/625/625
f 187/187/187 28/28/28 186/186/186
f 186/186/186 28/28/28 185/185/185
f 29/29/29 185/185/185 28/28/28
f 196/196/196 193/193/193 200/200/200
f 191/191/191 196/196/196 201/201/201
f 191/191/191 201/201/201 197/197/197
f 202/202/202 192/192/192 197/197/197
f 194/194/194 195/195/195 203/203/203
f 632/632/632 620/620/620 631/631/631
f 205/205/205 198/198/198 192/192/192
f 195/195/195 198/198/198 206/206/206
f 193/193/193 199/199/199 200/200/200
f 812/812/812 813/813/813 814/814/814
f 806/806/806 809/809/809 808/808/808
f 797/797/797 811/811/811 368/368/368
f 367/367/367 797/797/797 368/368/368
f 810/810/810 806/806/806 807/807/807
f 809/809/809 806/806/806 810/810/810
f 801/801/801 794/794/794 369/369/369
f 794/794/794 367/367/367 369/369/369
f 806/806/806 808/808/808 793/793/793
f 805/805/805 807/807/807 806/806/806
f 795/795/795 806/806/806 793/793/793
f 806/806/806 795/795/795 805/805/805
f 804/804/804 805/805/805 795/795/795
f 795/795/795 802/802/802 804/804/804
f 802/802/802 801/801/801 803/803/803
f 795/795/795 801/801/801 802/802/802
f 794/794/794 801/801/801 795/795/795
f 800/800/800 797/797/797 799/799/799
f 798/798/798 799/799/799 796/796/796
f 799/799/799 797/797/797 796/796/796
f 793/793/793 798/798/798 796/796/796
f 367/367/367 796/796/796 797/797/797
f 796/796/796 367/367/367 793/793/793
f 793/793/793 367/367/367 794/794/794
f 793/793/793 794/794/794 795/795/795
f 791/791/791 792/792/792 789/789/789
f 789/789/789 787/787/787 791/791/791
f 789/789/789 790/790/790 379/379/379
f 379/379/379 378/378/378 789/789/789
f 789/789/789 378/378/378 787/787/787
f 786/786/786 779/779/779 788/788/788
f 786/786/786 787/787/787 378/378/378
f 378/378/378 779/779/779 786/786/786
f 781/781/781 785/785/785 783/783/783
f 781/781/781 784/784/784 785/785/785
f 782/782/782 784/784/784 781/781/781
f 779/779/779 781/781/781 783/783/783
f 380/380/380 780/780/780 378/378/378
f 781/781/781 780/780/780 782/782/782
f 780/780/780 781/781/781 779/779/779
f 779/779/779 378/378/378 780/780/780
f 207/207/207 196/196/196 200/200/200
f 201/201/201 196/196/196 207/207/207
f 208/208/208 197/197/197 201/201/201
f 192/192/192 202/202/202 205/205/205
f 197/197/197 208/208/208 202/202/202
f 206/206/206 203/203/203 195/195/195
f 194/194/194 203/203/203 209/209/209
f 209/209/209 204/204/204 194/194/194
f 198/198/198 205/205/205 206/206/206
f 632/632/632 639/639/639 626/626/626
f 207/207/207 200/200/200 210/210/210
f 201/201/201 207/207/207 208/208/208
f 205/205/205 202/202/202 211/211/211
f 202/202/202 208/208/208 212/212/212
f 203/203/203 206/206/206 209/209/209
f 213/213/213 204/204/204 209/209/209
f 206/206/206 205/205/205 214/214/214
f 627/627/627 640/640/640 633/633/633
f 200/200/200 215/215/215 210/210/210
f 207/207/207 210/210/210 216/216/216
f 217/217/217 208/208/208 207/207/207
f 218/218/218 211/211/211 202/202/202
f 205/205/205 211/211/211 219/219/219
f 212/212/212 208/208/208 220/220/220
f 202/202/202 212/212/212 218/218/218
f 206/206/206 214/214/214 209/209/209
f 221/221/221 213/213/213 209/209/209
f 219/219/219 214/214/214 205/205/205
f 635/635/635 615/615/615 633/633/633
f 210/210/210 215/215/215 223/223/223
f 210/210/210 223/223/223 216/216/216
f 207/207/207 216/216/216 217/217/217
f 208/208/208 217/217/217 220/220/220
f 211/211/211 218/218/218 224/224/224
f 224/224/224 219/219/219 211/211/211
f 225/225/225 212/212/212 220/220/220
f 212/212/212 225/225/225 218/218/218
f 209/209/209 214/214/214 226/226/226
f 634/634/634 641/641/641 627/627/627
f 221/221/221 228/228/228 213/213/213
f 229/229/229 221/221/221 209/209/209
f 214/214/214 219/219/219 226/226/226
f 215/215/215 222/222/222 230/230/230
f 642/642/642 628/628/628 635/635/635
f 223/223/223 215/215/215 231/231/231
f 232/232/232 216/216/216 223/223/223
f 233/233/233 217/217/217 216/216/216
f 217/217/217 233/233/233 220/220/220
f 218/218/218 234/234/234 224/224/224
f 219/219/219 224/224/224 235/235/235
f 236/236/236 225/225/225 220/220/220
f 225/225/225 234/234/234 218/218/218
f 209/209/209 226/226/226 229/229/229
f 228/228/228 227/227/227 213/213/213
f 228/228/228 221/221/221 237/237/237
f 237/237/237 221/221/221 229/229/229
f 235/235/235 226/226/226 219/219/219
f 230/230/230 222/222/222 238/238/238
f 215/215/215 230/230/230 231/231/231
f 643/643/643 625/625/625 636/636/636
f 636/636/636 629/629/629 644/644/644
f 223/223/223 231/231/231 240/240/240
f 232/232/232 241/241/241 216/216/216
f 232/232/232 223/223/223 242/242/242
f 233/233/233 216/216/216 241/241/241
f 220/220/220 233/233/233 243/243/243
f 224/224/224 234/234/234 244/244/244
f 245/245/245 235/235/235 224/224/224
f 225/225/225 236/236/236 234/234/234
f 236/236/236 220/220/220 243/243/243
f 226/226/226 246/246/246 229/229/229
f 237/237/237 227/227/227 228/228/228
f 247/247/247 237/237/237 229/229/229
f 246/246/246 226/226/226 235/235/235
f 222/222/222 239/239/239 238/238/238
f 230/230/230 238/238/238 248/248/248
f 231/231/231 230/230/230 248/248/248
f 637/637/637 628/628/628 642/642/642
f 645/645/645 630/630/630 637/637/637
f 644/644/644 629/629/629 630/630/630
f 240/240/240 231/231/231 248/248/248
f 223/223/223 240/240/240 242/242/242
f 232/232/232 51/51/51 241/241/241
f 51/51/51 232/232/232 242/242/242
f 233/233/233 241/241/241 47/47/47
f 243/243/243 233/233/233 249/249/249
f 244/244/244 234/234/234 250/250/250
f 224/224/224 244/244/244 245/245/245
f 235/235/235 245/245/245 251/251/251
f 234/234/234 236/236/236 252/252/252
f 236/236/236 243/243/243 249/249/249
f 229/229/229 246/246/246 253/253/253
f 254/254/254 227/227/227 237/237/237
f 254/254/254 237/237/237 247/247/247
f 229/229/229 255/255/255 247/247/247
f 246/246/246 235/235/235 251/251/251
f 238/238/238 239/239/239 256/256/256
f 257/257/257 248/248/248 238/238/238
f 625/625/625 643/643/643 638/638/638
f 646/646/646 631/631/631 638/638/638
f 632/632/632 631/631/631 647/647/647
f 240/240/240 248/248/248 257/257/257
f 54/54/54 242/242/242 240/240/240
f 47/47/47 241/241/241 51/51/51
f 51/51/51 242/242/242 54/54/54
f 233/233/233 47/47/47 258/258/258
f 233/233/233 258/258/258 249/249/249
f 250/250/250 234/234/234 252/252/252
f 244/244/244 250/250/250 259/259/259
f 259/259/259 245/245/245 244/244/244
f 251/251/251 245/245/245 259/259/259
f 260/260/260 252/252/252 236/236/236
f 236/236/236 249/249/249 261/261/261
f 229/229/229 253/253/253 255/255/255
f 262/262/262 253/253/253 246/246/246
f 254/254/254 247/247/247 263/263/263
f 264/264/264 247/247/247 255/255/255
f 246/246/246 251/251/251 262/262/262
f 239/239/239 265/265/265 256/256/256
f 266/266/266 238/238/238 256/256/256
f 238/238/238 266/266/266 257/257/257
f 648/648/648 639/639/639 632/632/632
f 240/240/240 257/257/257 267/267/267
f 54/54/54 240/240/240 267/267/267
f 33/33/33 258/258/258 47/47/47
f 249/249/249 258/258/258 268/268/268
f 250/250/250 252/252/252 269/269/269
f 270/270/270 259/259/259 250/250/250
f 271/271/271 251/251/251 259/259/259
f 236/236/236 261/261/261 260/260/260
f 269/269/269 252/252/252 260/260/260
f 261/261/261 249/249/249 268/268/268
f 253/253/253 272/272/272 255/255/255
f 253/253/253 262/262/262 272/272/272
f 273/273/273 254/254/254 263/263/263
f 263/263/263 247/247/247 264/264/264
f 255/255/255 274/274/274 264/264/264
f 262/262/262 251/251/251 271/271/271
f 256/256/256 265/265/265 275/275/275
f 266/266/266 256/256/256 275/275/275
f 266/266/266 276/276/276 257/257/257
f 267/267/267 257/257/257 61/61/61
f 267/267/267 61/61/61 54/54/54
f 268/268/268 258/258/258 33/33/33
f 277/277/277 250/250/250 269/269/269
f 259/259/259 270/270/270 278/278/278
f 250/250/250 277/277/277 270/270/270
f 259/259/259 278/278/278 271/271/271
f 260/260/260 261/261/261 279/279/279
f 280/280/280 261/261/261 268/268/268
f 255/255/255 272/272/272 274/274/274
f 272/272/272 262/262/262 281/281/281
f 282/282/282 273/273/273 263/263/263
f 264/264/264 282/282/282 263/263/263
f 264/264/264 274/274/274 283/283/283
f 281/281/281 262/262/262 271/271/271
f 284/284/284 275/275/275 265/265/265
f 276/276/276 266/266/266 275/275/275
f 285/285/285 257/257/257 276/276/276
f 61/61/61 257/257/257 285/285/285
f 268/268/268 33/33/33 286/286/286
f 187/187/187 277/277/277 269/269/269
f 270/270/270 287/287/287 278/278/278
f 287/287/287 270/270/270 277/277/277
f 288/288/288 271/271/271 278/278/278
f 279/279/279 261/261/261 280/280/280
f 280/280/280 268/268/268 286/286/286
f 272/272/272 289/289/289 274/274/274
f 289/289/289 272/272/272 281/281/281
f 273/273/273 282/282/282 11/11/11
f 282/282/282 264/264/264 6/6/6
f 264/264/264 283/283/283 166/166/166
f 166/166/166 283/283/283 274/274/274
f 281/281/281 271/271/271 290/290/290
f 284/284/284 265/265/265 291/291/291
f 275/275/275 284/284/284 276/276/276
f 285/285/285 276/276/276 69/69/69
f 285/285/285 69/69/69 61/61/61
f 286/286/286 33/33/33 31/31/31
f 277/277/277 187/187/187 287/287/287
f 278/278/278 287/287/287 292/292/292
f 278/278/278 292/292/292 288/288/288
f 286/286/286 31/31/31 280/280/280
f 274/274/274 289/289/289 293/293/293
f 281/281/281 290/290/290 289/289/289
f 11/11/11 282/282/282 6/6/6
f 264/264/264 10/10/10 6/6/6
f 264/264/264 166/166/166 10/10/10
f 274/274/274 293/293/293 166/166/166
f 294/294/294 290/290/290 271/271/271
f 295/295/295 284/284/284 291/291/291
f 284/284/284 295/295/295 276/276/276
f 276/276/276 68/68/68 69/69/69
f 186/186/186 287/287/287 187/187/187
f 287/287/287 186/186/186 292/292/292
f 168/168/168 293/293/293 289/289/289
f 289/289/289 290/290/290 167/167/167
f 166/166/166 293/293/293 168/168/168
f 167/167/167 290/290/290 294/294/294
f 296/296/296 294/294/294 271/271/271
f 276/276/276 295/295/295 68/68/68
f 297/297/297 292/292/292 186/186/186
f 289/289/289 167/167/167 168/168/168
f 298/298/298 167/167/167 294/294/294
f 299/299/299 294/294/294 296/296/296
f 68/68/68 295/295/295 300/300/300
f 186/186/186 185/185/185 297/297/297
f 301/301/301 298/298/298 294/294/294
f 167/167/167 298/298/298 162/162/162
f 294/294/294 299/299/299 301/301/301
f 299/299/299 296/296/296 302/302/302
f 295/295/295 303/303/303 300/300/300
f 300/300/300 304/304/304 68/68/68
f 297/297/297 185/185/185 305/305/305
f 301/301/301 306/306/306 298/298/298
f 298/298/298 306/306/306 162/162/162
f 301/301/301 299/299/299 307/307/307
f 296/296/296 308/308/308 302/302/302
f 299/299/299 302/302/302 307/307/307
f 303/303/303 309/309/309 300/300/300
f 68/68/68 304/304/304 57/57/57
f 300/300/300 309/309/309 304/304/304
f 185/185/185 310/310/310 305/305/305
f 306/306/306 301/301/301 311/311/311
f 311/311/311 301/301/301 307/307/307
f 302/302/302 308/308/308 312/312/312
f 302/302/302 313/313/313 307/307/307
f 304/304/304 314/314/314 57/57/57
f 315/315/315 304/304/304 309/309/309
f 29/29/29 310/310/310 185/185/185
f 307/307/307 316/316/316 311/311/311
f 308/308/308 317/317/317 312/312/312
f 302/302/302 312/312/312 313/313/313
f 316/316/316 307/307/307 313/313/313
f 57/57/57 314/314/314 318/318/318
f 304/304/304 315/315/315 314/314/314
f 309/309/309 319/319/319 315/315/315
f 310/310/310 29/29/29 27/27/27
f 312/312/312 317/317/317 310/310/310
f 23/23/23 29/29/29 28/28/28
f 320/320/320 313/313/313 312/312/312
f 313/313/313 320/320/320 316/316/316
f 314/314/314 321/321/321 318/318/318
f 57/57/57 318/318/318 322/322/322
f 315/315/315 323/323/323 314/314/314
f 319/319/319 324/324/324 315/315/315
f 27/27/27 325/325/325 310/310/310
f 312/312/312 310/310/310 326/326/326
f 320/320/320 312/312/312 326/326/326
f 321/321/321 327/327/327 318/318/318
f 321/321/321 314/314/314 323/323/323
f 328/328/328 322/322/322 318/318/318
f 322/322/322 67/67/67 57/57/57
f 315/315/315 324/324/324 323/323/323
f 326/326/326 310/310/310 325/325/325
f 318/318/318 327/327/327 329/329/329
f 318/318/318 329/329/329 328/328/328
f 322/322/322 328/328/328 64/64/64
f 67/67/67 322/322/322 70/70/70
f 330/330/330 329/329/329 327/327/327
f 328/328/328 329/329/329 330/330/330
f 64/64/64 328/328/328 331/331/331
f 64/64/64 70/70/70 322/322/322
f 327/327/327 332/332/332 330/330/330
f 331/331/331 328/328/328 330/330/330
f 65/65/65 64/64/64 331/331/331
f 330/330/330 332/332/332 333/333/333
f 330/330/330 333/333/333 331/331/331
f 334/334/334 65/65/65 331/331/331
f 335/335/335 333/333/333 332/332/332
f 331/331/331 333/333/333 336/336/336
f 331/331/331 337/337/337 334/334/334
f 338/338/338 335/335/335 332/332/332
f 333/333/333 335/335/335 336/336/336
f 331/331/331 336/336/336 337/337/337
f 335/335/335 338/338/338 339/339/339
f 336/336/336 335/335/335 340/340/340
f 337/337/337 336/336/336 340/340/340
f 26/26/26 28/28/28 776/776/776
f 777/777/777 776/776/776 279/279/279
f 26/26/26 778/778/778 24/24/24
f 777/777/777 778/778/778 26/26/26
f 26/26/26 776/776/776 777/777/777
f 776/776/776 260/260/260 279/279/279
f 187/187/187 776/776/776 28/28/28
f 776/776/776 269/269/269 260/260/260
f 269/269/269 776/776/776 187/187/187
f 339/339/339 340/340/340 335/335/335
f 341/341/341 337/337/337 340/340/340
f 340/340/340 339/339/339 341/341/341
f 641/641/641 640/640/640 627/627/627
f 640/640/640 649/649/649 633/633/633
f 633/633/633 642/642/642 635/635/635
f 643/643/643 636/636/636 650/650/650
f 650/650/650 636/636/636 644/644/644
f 642/642/642 651/651/651 637/637/637
f 651/651/651 645/645/645 637/637/637
f 644/644/644 630/630/630 645/645/645
f 652/652/652 638/638/638 643/643/643
f 647/647/647 631/631/631 646/646/646
f 638/638/638 653/653/653 646/646/646
f 648/648/648 632/632/632 647/647/647
f 633/633/633 649/649/649 651/651/651
f 633/633/633 651/651/651 642/642/642
f 654/654/654 643/643/643 650/650/650
f 650/650/650 644/644/644 655/655/655
f 656/656/656 645/645/645 651/651/651
f 645/645/645 656/656/656 644/644/644
f 652/652/652 657/657/657 638/638/638
f 652/652/652 643/643/643 658/658/658
f 646/646/646 648/648/648 647/647/647
f 638/638/638 659/659/659 653/653/653
f 660/660/660 646/646/646 653/653/653
f 658/658/658 643/643/643 654/654/654
f 650/650/650 661/661/661 654/654/654
f 656/656/656 655/655/655 644/644/644
f 661/661/661 650/650/650 655/655/655
f 657/657/657 652/652/652 658/658/658
f 638/638/638 657/657/657 662/662/662
f 646/646/646 660/660/660 648/648/648
f 638/638/638 662/662/662 659/659/659
f 653/653/653 659/659/659 660/660/660
f 663/663/663 658/658/658 654/654/654
f 661/661/661 664/664/664 654/654/654
f 665/665/665 655/655/655 656/656/656
f 655/655/655 665/665/665 661/661/661
f 663/663/663 657/657/657 658/658/658
f 666/666/666 662/662/662 657/657/657
f 667/667/667 648/648/648 660/660/660
f 662/662/662 668/668/668 659/659/659
f 660/660/660 659/659/659 668/668/668
f 669/669/669 663/663/663 654/654/654
f 665/665/665 664/664/664 661/661/661
f 670/670/670 654/654/654 664/664/664
f 656/656/656 671/671/671 665/665/665
f 3/3/3 775/775/775 1/1/1
f 1/1/1 772/772/772 11/11/11
f 775/775/775 772/772/772 1/1/1
f 672/672/672 657/657/657 663/663/663
f 11/11/11 772/772/772 273/273/273
f 273/273/273 774/774/774 254/254/254
f 662/662/662 666/666/666 673/673/673
f 772/772/772 774/774/774 273/273/273
f 254/254/254 774/774/774 227/227/227
f 657/657/657 672/672/672 666/666/666
f 773/773/773 774/774/774 772/772/772
f 773/773/773 227/227/227 774/774/774
f 667/667/667 660/660/660 668/668/668
f 772/772/772 227/227/227 773/773/773
f 673/673/673 668/668/668 662/662/662
f 663/663/663 669/669/669 672/672/672
f 654/654/654 670/670/670 669/669/669
f 674/674/674 664/664/664 665/665/665
f 664/664/664 675/675/675 670/670/670
f 674/674/674 665/665/665 671/671/671
f 676/676/676 666/666/666 672/672/672
f 667/667/667 668/668/668 677/677/677
f 768/768/768 771/771/771 770/770/770
f 768/768/768 769/769/769 771/771/771
f 770/770/770 767/767/767 768/768/768
f 768/768/768 766/766/766 769/769/769
f 767/767/767 766/766/766 768/768/768
f 765/765/765 766/766/766 767/767/767
f 677/677/677 668/668/668 673/673/673
f 762/762/762 765/765/765 767/767/767
f 764/764/764 766/766/766 765/765/765
f 669/669/669 676/676/676 672/672/672
f 678/678/678 669/669/669 670/670/670
f 675/675/675 664/664/664 674/674/674
f 675/675/675 679/679/679 670/670/670
f 765/765/765 762/762/762 764/764/764
f 669/669/669 678/678/678 676/676/676
f 678/678/678 670/670/670 679/679/679
f 763/763/763 760/760/760 761/761/761
f 679/679/679 675/675/675 674/674/674
f 678/678/678 680/680/680 676/676/676
f 681/681/681 678/678/678 679/679/679
f 756/756/756 762/762/762 763/763/763
f 759/759/759 764/764/764 762/762/762
f 681/681/681 680/680/680 678/678/678
f 763/763/763 761/761/761 756/756/756
f 761/761/761 760/760/760 755/755/755
f 760/760/760 757/757/757 758/758/758
f 682/682/682 680/680/680 681/681/681
f 435/435/435 428/428/428 431/431/431
f 482/482/482 469/469/469 470/470/470
f 469/469/469 482/482/482 476/476/476
f 762/762/762 756/756/756 759/759/759
f 481/481/481 468/468/468 475/475/475
f 756/756/756 761/761/761 755/755/755
f 760/760/760 758/758/758 755/755/755
f 757/757/757 752/752/752 758/758/758
f 475/475/475 463/463/463 480/480/480
f 683/683/683 348/348/348 684/684/684
f 683/683/683 350/350/350 348/348/348
f 684/684/684 348/348/348 346/346/346
f 683/683/683 684/684/684 685/685/685
f 686/686/686 350/350/350 683/683/683
f 756/756/756 754/754/754 759/759/759
f 751/751/751 756/756/756 755/755/755
f 758/758/758 753/753/753 755/755/755
f 758/758/758 752/752/752 753/753/753
f 757/757/757 649/649/649 752/752/752
f 687/687/687 684/684/684 346/346/346
f 684/684/684 687/687/687 685/685/685
f 688/688/688 683/683/683 685/685/685
f 686/686/686 356/356/356 350/350/350
f 688/688/688 686/686/686 683/683/683
f 685/685/685 689/689/689 688/688/688
f 177/177/177 182/182/182 183/183/183
f 690/690/690 356/356/356 686/686/686
f 182/182/182 179/179/179 181/181/181
f 756/756/756 751/751/751 754/754/754
f 178/178/178 184/184/184 176/176/176
f 180/180/180 177/177/177 183/183/183
f 649/649/649 640/640/640 750/750/750
f 755/755/755 753/753/753 751/751/751
f 748/748/748 753/753/753 752/752/752
f 750/750/750 752/752/752 649/649/649
f 182/182/182 177/177/177 179/179/179
f 181/181/181 179/179/179 172/172/172
f 178/178/178 175/175/175 180/180/180
f 174/174/174 178/178/178 176/176/176
f 180/180/180 175/175/175 177/177/177
f 177/177/177 172/172/172 179/179/179
f 175/175/175 178/178/178 174/174/174
f 686/686/686 688/688/688 691/691/691
f 688/688/688 689/689/689 692/692/692
f 175/175/175 172/172/172 177/177/177
f 751/751/751 749/749/749 754/754/754
f 750/750/750 640/640/640 641/641/641
f 748/748/748 751/751/751 753/753/753
f 748/748/748 752/752/752 750/750/750
f 174/174/174 173/173/173 175/175/175
f 356/356/356 690/690/690 693/693/693
f 172/172/172 175/175/175 173/173/173
f 691/691/691 690/690/690 686/686/686
f 173/173/173 171/171/171 172/172/172
f 694/694/694 691/691/691 688/688/688
f 751/751/751 744/744/744 749/749/749
f 641/641/641 747/747/747 750/750/750
f 748/748/748 744/744/744 751/751/751
f 750/750/750 747/747/747 748/748/748
f 172/172/172 171/171/171 170/170/170
f 695/695/695 692/692/692 689/689/689
f 694/694/694 688/688/688 692/692/692
f 693/693/693 690/690/690 696/696/696
f 690/690/690 691/691/691 697/697/697
f 697/697/697 691/691/691 694/694/694
f 745/745/745 749/749/749 744/744/744
f 641/641/641 634/634/634 747/747/747
f 748/748/748 747/747/747 744/744/744
f 697/697/697 696/696/696 690/690/690
f 697/697/697 694/694/694 698/698/698
f 696/696/696 697/697/697 699/699/699
f 698/698/698 700/700/700 697/697/697
f 344/344/344 345/345/345 346/346/346
f 347/347/347 345/345/345 344/344/344
f 348/348/348 344/344/344 346/346/346
f 345/345/345 347/347/347 349/349/349
f 347/347/347 344/344/344 350/350/350
f 350/350/350 344/344/344 348/348/348
f 351/351/351 349/349/349 347/347/347
f 742/742/742 745/745/745 744/744/744
f 634/634/634 744/744/744 747/747/747
f 350/350/350 352/352/352 347/347/347
f 697/697/697 700/700/700 699/699/699
f 353/353/353 351/351/351 347/347/347
f 352/352/352 350/350/350 354/354/354
f 355/355/355 347/347/347 352/352/352
f 1/1/1 2/2/2 3/3/3
f 2/2/2 1/1/1 4/4/4
f 5/5/5 3/3/3 2/2/2
f 1/1/1 6/6/6 4/4/4
f 2/2/2 4/4/4 7/7/7
f 8/8/8 3/3/3 5/5/5
f 5/5/5 2/2/2 9/9/9
f 4/4/4 6/6/6 10/10/10
f 11/11/11 6/6/6 1/1/1
f 2/2/2 7/7/7 12/12/12
f 7/7/7 4/4/4 10/10/10
f 3/3/3 8/8/8 13/13/13
f 14/14/14 8/8/8 5/5/5
f 9/9/9 2/2/2 12/12/12
f 5/5/5 9/9/9 15/15/15
f 12/12/12 7/7/7 10/10/10
f 353/353/353 347/347/347 355/355/355
f 16/16/16 13/13/13 8/8/8
f 14/14/14 17/17/17 8/8/8
f 14/14/14 5/5/5 15/15/15
f 15/15/15 9/9/9 12/12/12
f 350/350/350 356/356/356 354/354/354
f 357/357/357 352/352/352 354/354/354
f 17/17/17 16/16/16 8/8/8
f 16/16/16 18/18/18 13/13/13
f 352/352/352 358/358/358 355/355/355
f 480/480/480 463/463/463 474/474/474
f 19/19/19 16/16/16 17/17/17
f 20/20/20 18/18/18 16/16/16
f 479/479/479 467/467/467 473/473/473
f 20/20/20 16/16/16 19/19/19
f 20/20/20 22/22/22 18/18/18
f 22/22/22 21/21/21 18/18/18
f 22/22/22 20/20/20 19/19/19
f 355/355/355 359/359/359 353/353/353
f 743/743/743 745/745/745 742/742/742
f 742/742/742 744/744/744 634/634/634
f 358/358/358 352/352/352 357/357/357
f 466/466/466 471/471/471 473/473/473
f 358/358/358 360/360/360 355/355/355
f 23/23/23 24/24/24 25/25/25
f 23/23/23 26/26/26 24/24/24
f 27/27/27 23/23/23 25/25/25
f 28/28/28 26/26/26 23/23/23
f 29/29/29 23/23/23 27/27/27
f 361/361/361 353/353/353 359/359/359
f 362/362/362 359/359/359 355/355/355
f 738/738/738 743/743/743 742/742/742
f 621/621/621 742/742/742 634/634/634
f 363/363/363 358/358/358 357/357/357
f 741/741/741 743/743/743 738/738/738
f 358/358/358 363/363/363 360/360/360
f 360/360/360 362/362/362 355/355/355
f 361/361/361 359/359/359 362/362/362
f 478/478/478 441/441/441 468/468/468
f 738/738/738 742/742/742 621/621/621
f 738/738/738 740/740/740 741/741/741
f 30/30/30 31/31/31 32/32/32
f 31/31/31 33/33/33 32/32/32
f 34/34/34 30/30/30 32/32/32
f 33/33/33 35/35/35 32/32/32
f 30/30/30 34/34/34 36/36/36
f 34/34/34 32/32/32 37/37/37
f 32/32/32 35/35/35 37/37/37
f 33/33/33 38/38/38 35/35/35
f 34/34/34 39/39/39 36/36/36
f 37/37/37 40/40/40 34/34/34
f 35/35/35 41/41/41 37/37/37
f 38/38/38 42/42/42 35/35/35
f 43/43/43 38/38/38 33/33/33
f 34/34/34 44/44/44 39/39/39
f 36/36/36 39/39/39 45/45/45
f 40/40/40 37/37/37 41/41/41
f 40/40/40 44/44/44 34/34/34
f 35/35/35 42/42/42 41/41/41
f 46/46/46 42/42/42 38/38/38
f 43/43/43 46/46/46 38/38/38
f 33/33/33 47/47/47 43/43/43
f 45/45/45 39/39/39 44/44/44
f 40/40/40 41/41/41 48/48/48
f 44/44/44 40/40/40 48/48/48
f 42/42/42 49/49/49 41/41/41
f 46/46/46 50/50/50 42/42/42
f 51/51/51 46/46/46 43/43/43
f 47/47/47 51/51/51 43/43/43
f 44/44/44 52/52/52 45/45/45
f 41/41/41 49/49/49 48/48/48
f 48/48/48 53/53/53 44/44/44
f 42/42/42 50/50/50 49/49/49
f 54/54/54 50/50/50 46/46/46
f 46/46/46 51/51/51 54/54/54
f 44/44/44 55/55/55 52/52/52
f 52/52/52 56/56/56 45/45/45
f 48/48/48 49/49/49 57/57/57
f 53/53/53 48/48/48 58/58/58
f 53/53/53 59/59/59 44/44/44
f 50/50/50 60/60/60 49/49/49
f 54/54/54 61/61/61 50/50/50
f 55/55/55 56/56/56 52/52/52
f 59/59/59 55/55/55 44/44/44
f 56/56/56 62/62/62 45/45/45
f 58/58/58 48/48/48 57/57/57
f 49/49/49 63/63/63 57/57/57
f 59/59/59 53/53/53 58/58/58
f 61/61/61 60/60/60 50/50/50
f 60/60/60 63/63/63 49/49/49
f 55/55/55 64/64/64 56/56/56
f 58/58/58 55/55/55 59/59/59
f 62/62/62 56/56/56 65/65/65
f 62/62/62 66/66/66 45/45/45
f 67/67/67 58/58/58 57/57/57
f 57/57/57 63/63/63 68/68/68
f 61/61/61 69/69/69 60/60/60
f 68/68/68 63/63/63 60/60/60
f 56/56/56 64/64/64 65/65/65
f 64/64/64 55/55/55 70/70/70
f 55/55/55 58/58/58 67/67/67
f 66/66/66 62/62/62 65/65/65
f 60/60/60 69/69/69 68/68/68
f 67/67/67 70/70/70 55/55/55
f 740/740/740 736/736/736 739/739/739
f 364/364/364 360/360/360 363/363/363
f 704/704/704 705/705/705 703/703/703
f 738/738/738 621/621/621 607/607/607
f 740/740/740 738/738/738 736/736/736
f 736/736/736 737/737/737 739/739/739
f 735/735/735 603/603/603 737/737/737
f 599/599/599 603/603/603 735/735/735
f 607/607/607 736/736/736 738/738/738
f 736/736/736 735/735/735 737/737/737
f 599/599/599 735/735/735 607/607/607
f 607/607/607 735/735/735 736/736/736
f 734/734/734 731/731/731 733/733/733
f 729/729/729 733/733/733 731/731/731
f 732/732/732 677/677/677 728/728/728
f 732/732/732 728/728/728 727/727/727
f 732/732/732 727/727/727 730/730/730
f 731/731/731 726/726/726 729/729/729
f 730/730/730 724/724/724 725/725/725
f 728/728/728 677/677/677 673/673/673
f 728/728/728 721/721/721 727/727/727
f 727/727/727 724/724/724 730/730/730
f 726/726/726 682/682/682 729/729/729
f 725/725/725 724/724/724 719/719/719
f 728/728/728 673/673/673 721/721/721
f 721/721/721 724/724/724 727/727/727
f 682/682/682 726/726/726 723/723/723
f 719/719/719 722/722/722 725/725/725
f 718/718/718 719/719/719 724/724/724
f 721/721/721 673/673/673 666/666/666
f 718/718/718 724/724/724 721/721/721
f 682/682/682 723/723/723 717/717/717
f 717/717/717 723/723/723 720/720/720
f 715/715/715 720/720/720 722/722/722
f 722/722/722 719/719/719 715/715/715
f 716/716/716 719/719/719 718/718/718
f 666/666/666 718/718/718 721/721/721
f 717/717/717 680/680/680 682/682/682
f 720/720/720 715/715/715 717/717/717
f 715/715/715 719/719/719 716/716/716
f 718/718/718 666/666/666 716/716/716
f 717/717/717 715/715/715 680/680/680
f 714/714/714 715/715/715 716/716/716
f 716/716/716 666/666/666 714/714/714
f 715/715/715 714/714/714 680/680/680
f 714/714/714 666/666/666 676/676/676
f 714/714/714 676/676/676 680/680/680
f 364/364/364 362/362/362 360/360/360
f 365/365/365 361/361/361 362/362/362
f 366/366/366 364/364/364 363/363/363
f 365/365/365 362/362/362 364/364/364
f 367/367/367 368/368/368 369/369/369
f 472/472/472 477/477/477 465/465/465
f 457/457/457 476/476/476 471/471/471
f 370/370/370 66/66/66 341/341/341
f 66/66/66 334/334/334 341/341/341
f 65/65/65 334/334/334 66/66/66
f 334/334/334 337/337/337 341/341/341
f 371/371/371 372/372/372 373/373/373
f 372/372/372 371/371/371 374/374/374
f 372/372/372 375/375/375 373/373/373
f 371/371/371 373/373/373 374/374/374
f 374/374/374 376/376/376 372/372/372
f 377/377/377 375/375/375 372/372/372
f 376/376/376 377/377/377 372/372/372
f 378/378/378 379/379/379 380/380/380
f 381/381/381 382/382/382 383/383/383
f 381/381/381 383/383/383 384/384/384
f 386/386/386 385/385/385 387/387/387
f 387/387/387 388/388/388 386/386/386
f 387/387/387 389/389/389 388/388/388
f 465/465/465 477/477/477 464/464/464
f 389/389/389 387/387/387 390/390/390
f 391/391/391 388/388/388 389/389/389
f 470/470/470 464/464/464 477/477/477
f 392/392/392 389/389/389 390/390/390
f 389/389/389 393/393/393 391/391/391
f 456/456/456 470/470/470 469/469/469
f 393/393/393 389/389/389 392/392/392
f 390/390/390 394/394/394 392/392/392
f 393/393/393 395/395/395 391/391/391
f 457/457/457 469/469/469 476/476/476
f 396/396/396 393/393/393 392/392/392
f 396/396/396 392/392/392 394/394/394
f 397/397/397 395/395/395 393/393/393
f 475/475/475 468/468/468 463/463/463
f 393/393/393 396/396/396 397/397/397
f 394/394/394 398/398/398 396/396/396
f 462/462/462 474/474/474 463/463/463
f 461/461/461 473/473/473 467/467/467
f 399/399/399 397/397/397 396/396/396
f 398/398/398 394/394/394 400/400/400
f 398/398/398 401/401/401 396/396/396
f 466/466/466 473/473/473 461/461/461
f 402/402/402 399/399/399 396/396/396
f 401/401/401 398/398/398 400/400/400
f 401/401/401 402/402/402 396/396/396
f 460/460/460 471/471/471 466/466/466
f 402/402/402 403/403/403 399/399/399
f 400/400/400 404/404/404 401/401/401
f 405/405/405 402/402/402 401/401/401
f 454/454/454 468/468/468 441/441/441
f 399/399/399 403/403/403 406/406/406
f 407/407/407 403/403/403 402/402/402
f 408/408/408 401/401/401 404/404/404
f 402/402/402 405/405/405 407/407/407
f 401/401/401 408/408/408 405/405/405
f 459/459/459 472/472/472 465/465/465
f 471/471/471 460/460/460 457/457/457
f 465/465/465 464/464/464 440/440/440
f 464/464/464 470/470/470 456/456/456
f 410/410/410 408/408/408 404/404/404
f 411/411/411 407/407/407 405/405/405
f 410/410/410 405/405/405 408/408/408
f 456/456/456 469/469/469 457/457/457
f 468/468/468 454/454/454 463/463/463
f 446/446/446 462/462/462 463/463/463
f 461/461/461 467/467/467 443/443/443
f 442/442/442 466/466/466 461/461/461
f 71/71/71 72/72/72 73/73/73
f 72/72/72 71/71/71 74/74/74
f 75/75/75 73/73/73 72/72/72
f 76/76/76 74/74/74 71/71/71
f 74/74/74 77/77/77 72/72/72
f 72/72/72 78/78/78 75/75/75
f 74/74/74 76/76/76 79/79/79
f 77/77/77 74/74/74 80/80/80
f 77/77/77 78/78/78 72/72/72
f 81/81/81 75/75/75 78/78/78
f 82/82/82 79/79/79 76/76/76
f 79/79/79 80/80/80 74/74/74
f 77/77/77 80/80/80 83/83/83
f 84/84/84 78/78/78 77/77/77
f 78/78/78 85/85/85 81/81/81
f 79/79/79 82/82/82 86/86/86
f 87/87/87 82/82/82 76/76/76
f 88/88/88 80/80/80 79/79/79
f 83/83/83 80/80/80 88/88/88
f 84/84/84 77/77/77 83/83/83
f 89/89/89 78/78/78 84/84/84
f 85/85/85 78/78/78 89/89/89
f 90/90/90 81/81/81 85/85/85
f 86/86/86 82/82/82 91/91/91
f 88/88/88 79/79/79 86/86/86
f 82/82/82 87/87/87 91/91/91
f 83/83/83 88/88/88 92/92/92
f 84/84/84 83/83/83 93/93/93
f 84/84/84 94/94/94 89/89/89
f 95/95/95 85/85/85 89/89/89
f 85/85/85 96/96/96 90/90/90
f 97/97/97 86/86/86 91/91/91
f 88/88/88 86/86/86 98/98/98
f 91/91/91 87/87/87 99/99/99
f 92/92/92 100/100/100 83/83/83
f 98/98/98 92/92/92 88/88/88
f 93/93/93 83/83/83 101/101/101
f 102/102/102 84/84/84 93/93/93
f 94/94/94 84/84/84 102/102/102
f 95/95/95 89/89/89 94/94/94
f 85/85/85 95/95/95 96/96/96
f 103/103/103 90/90/90 96/96/96
f 97/97/97 91/91/91 104/104/104
f 98/98/98 86/86/86 97/97/97
f 105/105/105 99/99/99 87/87/87
f 91/91/91 99/99/99 104/104/104
f 100/100/100 92/92/92 106/106/106
f 101/101/101 83/83/83 100/100/100
f 92/92/92 98/98/98 107/107/107
f 101/101/101 108/108/108 93/93/93
f 93/93/93 109/109/109 102/102/102
f 102/102/102 109/109/109 94/94/94
f 110/110/110 95/95/95 94/94/94
f 110/110/110 96/96/96 95/95/95
f 111/111/111 90/90/90 103/103/103
f 103/103/103 96/96/96 110/110/110
f 112/112/112 97/97/97 104/104/104
f 113/113/113 98/98/98 97/97/97
f 87/87/87 114/114/114 105/105/105
f 115/115/115 99/99/99 105/105/105
f 104/104/104 99/99/99 115/115/115
f 106/106/106 92/92/92 107/107/107
f 100/100/100 106/106/106 116/116/116
f 100/100/100 117/117/117 101/101/101
f 113/113/113 107/107/107 98/98/98
f 108/108/108 101/101/101 117/117/117
f 118/118/118 93/93/93 108/108/108
f 118/118/118 109/109/109 93/93/93
f 119/119/119 94/94/94 109/109/109
f 94/94/94 119/119/119 110/110/110
f 120/120/120 111/111/111 103/103/103
f 121/121/121 103/103/103 110/110/110
f 104/104/104 115/115/115 112/112/112
f 112/112/112 113/113/113 97/97/97
f 105/105/105 114/114/114 122/122/122
f 105/105/105 122/122/122 115/115/115
f 106/106/106 107/107/107 123/123/123
f 124/124/124 116/116/116 106/106/106
f 116/116/116 125/125/125 100/100/100
f 117/117/117 100/100/100 125/125/125
f 123/123/123 107/107/107 113/113/113
f 108/108/108 117/117/117 126/126/126
f 108/108/108 126/126/126 118/118/118
f 119/119/119 109/109/109 118/118/118
f 127/127/127 110/110/110 119/119/119
f 103/103/103 121/121/121 120/120/120
f 110/110/110 127/127/127 121/121/121
f 112/112/112 115/115/115 128/128/128
f 129/129/129 113/113/113 112/112/112
f 122/122/122 114/114/114 130/130/130
f 128/128/128 115/115/115 122/122/122
f 106/106/106 123/123/123 124/124/124
f 116/116/116 124/124/124 131/131/131
f 125/125/125 116/116/116 132/132/132
f 133/133/133 117/117/117 125/125/125
f 113/113/113 129/129/129 123/123/123
f 126/126/126 117/117/117 134/134/134
f 135/135/135 118/118/118 126/126/126
f 136/136/136 119/119/119 118/118/118
f 127/127/127 119/119/119 137/137/137
f 138/138/138 120/120/120 121/121/121
f 138/138/138 121/121/121 127/127/127
f 112/112/112 128/128/128 139/139/139
f 112/112/112 139/139/139 129/129/129
f 140/140/140 130/130/130 114/114/114
f 141/141/141 122/122/122 130/130/130
f 142/142/142 128/128/128 122/122/122
f 143/143/143 124/124/124 123/123/123
f 131/131/131 132/132/132 116/116/116
f 124/124/124 143/143/143 131/131/131
f 133/133/133 125/125/125 132/132/132
f 134/134/134 117/117/117 133/133/133
f 123/123/123 129/129/129 139/139/139
f 126/126/126 134/134/134 135/135/135
f 136/136/136 118/118/118 135/135/135
f 137/137/137 119/119/119 136/136/136
f 144/144/144 127/127/127 137/137/137
f 145/145/145 138/138/138 127/127/127
f 139/139/139 128/128/128 146/146/146
f 130/130/130 140/140/140 147/147/147
f 141/141/141 142/142/142 122/122/122
f 147/147/147 141/141/141 130/130/130
f 128/128/128 142/142/142 146/146/146
f 143/143/143 123/123/123 148/148/148
f 131/131/131 143/143/143 149/149/149
f 132/132/132 150/150/150 133/133/133
f 133/133/133 151/151/151 134/134/134
f 148/148/148 123/123/123 139/139/139
f 134/134/134 15/15/15 135/135/135
f 135/135/135 152/152/152 136/136/136
f 152/152/152 137/137/137 136/136/136
f 127/127/127 144/144/144 145/145/145
f 153/153/153 144/144/144 137/137/137
f 145/145/145 154/154/154 138/138/138
f 139/139/139 146/146/146 155/155/155
f 142/142/142 141/141/141 156/156/156
f 141/141/141 147/147/147 156/156/156
f 156/156/156 146/146/146 142/142/142
f 143/143/143 148/148/148 155/155/155
f 149/149/149 157/157/157 131/131/131
f 143/143/143 158/158/158 149/149/149
f 19/19/19 150/150/150 132/132/132
f 150/150/150 159/159/159 133/133/133
f 17/17/17 151/151/151 133/133/133
f 14/14/14 134/134/134 151/151/151
f 155/155/155 148/148/148 139/139/139
f 15/15/15 134/134/134 14/14/14
f 15/15/15 152/152/152 135/135/135
f 152/152/152 160/160/160 137/137/137
f 161/161/161 145/145/145 144/144/144
f 144/144/144 153/153/153 161/161/161
f 137/137/137 160/160/160 153/153/153
f 154/154/154 162/162/162 138/138/138
f 145/145/145 161/161/161 154/154/154
f 155/155/155 146/146/146 158/158/158
f 146/146/146 156/156/156 163/163/163
f 158/158/158 143/143/143 155/155/155
f 149/149/149 164/164/164 157/157/157
f 149/149/149 158/158/158 165/165/165
f 19/19/19 159/159/159 150/150/150
f 159/159/159 17/17/17 133/133/133
f 151/151/151 17/17/17 14/14/14
f 15/15/15 12/12/12 152/152/152
f 12/12/12 160/160/160 152/152/152
f 153/153/153 166/166/166 161/161/161
f 10/10/10 153/153/153 160/160/160
f 154/154/154 167/167/167 162/162/162
f 168/168/168 154/154/154 161/161/161
f 163/163/163 158/158/158 146/146/146
f 149/149/149 165/165/165 164/164/164
f 157/157/157 164/164/164 169/169/169
f 158/158/158 163/163/163 165/165/165
f 19/19/19 17/17/17 159/159/159
f 10/10/10 160/160/160 12/12/12
f 166/166/166 153/153/153 10/10/10
f 166/166/166 168/168/168 161/161/161
f 154/154/154 168/168/168 167/167/167
f 165/165/165 169/169/169 164/164/164
f 404/404/404 412/412/412 410/410/410
f 411/411/411 405/405/405 410/410/410
f 442/442/442 460/460/460 466/466/466
f 441/441/441 455/455/455 454/454/454
f 459/459/459 465/465/465 440/440/440
f 412/412/412 404/404/404 413/413/413
f 412/412/412 414/414/414 410/410/410
f 410/410/410 414/414/414 411/411/411
f 458/458/458 459/459/459 449/449/449
f 448/448/448 457/457/457 460/460/460
f 415/415/415 412/412/412 413/413/413
f 412/412/412 415/415/415 414/414/414
f 414/414/414 416/416/416 411/411/411
f 440/440/440 464/464/464 456/456/456
f 457/457/457 439/439/439 456/456/456
f 417/417/417 414/414/414 415/415/415
f 416/416/416 414/414/414 417/417/417
f 430/430/430 454/454/454 455/455/455
f 463/463/463 454/454/454 446/446/446
f 713/713/713 120/120/120 138/138/138
f 138/138/138 710/710/710 713/713/713
f 138/138/138 162/162/162 710/710/710
f 712/712/712 711/711/711 706/706/706
f 162/162/162 306/306/306 710/710/710
f 711/711/711 710/710/710 706/706/706
f 706/706/706 710/710/710 306/306/306
f 311/311/311 706/706/706 306/306/306
f 320/320/320 709/709/709 707/707/707
f 707/707/707 316/316/316 320/320/320
f 706/706/706 311/311/311 316/316/316
f 707/707/707 709/709/709 708/708/708
f 706/706/706 316/316/316 707/707/707
f 706/706/706 707/707/707 708/708/708
f 418/418/418 416/416/416 417/417/417
f 446/446/446 453/453/453 462/462/462
f 451/451/451 453/453/453 438/438/438
f 444/444/444 450/450/450 452/452/452
f 442/442/442 461/461/461 443/443/443
f 442/442/442 448/448/448 460/460/460
f 441/441/441 447/447/447 455/455/455
f 440/440/440 449/449/449 459/459/459
f 458/458/458 449/449/449 432/432/432
f 431/431/431 448/448/448 435/435/435
f 439/439/439 457/457/457 448/448/448
f 440/440/440 456/456/456 439/439/439
f 430/430/430 455/455/455 447/447/447
f 451/451/451 438/438/438 445/445/445
f 454/454/454 430/430/430 446/446/446
f 453/453/453 446/446/446 438/438/438
f 437/437/437 444/444/444 452/452/452
f 451/451/451 445/445/445 437/437/437
f 444/444/444 436/436/436 450/450/450
f 450/450/450 436/436/436 443/443/443
f 424/424/424 442/442/442 443/443/443
f 442/442/442 435/435/435 448/448/448
f 434/434/434 447/447/447 441/441/441
f 432/432/432 449/449/449 440/440/440
f 448/448/448 431/431/431 439/439/439
f 439/439/439 426/426/426 440/440/440
f 447/447/447 434/434/434 430/430/430
f 445/445/445 438/438/438 425/425/425
f 438/438/438 446/446/446 430/430/430
f 429/429/429 444/444/444 437/437/437
f 437/437/437 445/445/445 425/425/425
f 429/429/429 436/436/436 444/444/444
f 443/443/443 436/436/436 424/424/424
f 420/420/420 421/421/421 422/422/422
f 420/420/420 423/423/423 421/421/421
f 424/424/424 422/422/422 421/421/421
f 420/420/420 422/422/422 425/425/425
f 421/421/421 423/423/423 426/426/426
f 427/427/427 423/423/423 420/420/420
f 421/421/421 428/428/428 424/424/424
f 422/422/422 424/424/424 429/429/429
f 425/425/425 422/422/422 429/429/429
f 430/430/430 420/420/420 425/425/425
f 421/421/421 426/426/426 431/431/431
f 423/423/423 432/432/432 426/426/426
f 423/423/423 427/427/427 433/433/433
f 420/420/420 434/434/434 427/427/427
f 428/428/428 435/435/435 424/424/424
f 428/428/428 421/421/421 431/431/431
f 429/429/429 424/424/424 436/436/436
f 425/425/425 429/429/429 437/437/437
f 438/438/438 430/430/430 425/425/425
f 434/434/434 420/420/420 430/430/430
f 431/431/431 426/426/426 439/439/439
f 426/426/426 432/432/432 440/440/440
f 433/433/433 432/432/432 423/423/423
f 427/427/427 441/441/441 433/433/433
f 441/441/441 427/427/427 434/434/434
f 435/435/435 442/442/442 424/424/424

