mtllib my_vinyl.mtl
v 0.074250 -0.118557 -0.048445
v 0.077425 -0.119220 -0.052956
v 0.072931 -0.118579 -0.053233
v 0.080493 -0.119863 -0.049623
v 0.073505 -0.119050 -0.063414
v 0.066899 -0.115929 -0.047962
v 0.078243 -0.119479 -0.045060
v 0.072944 -0.118916 -0.060722
v 0.073465 -0.117708 -0.042599
v 0.070093 -0.117771 -0.053086
v 0.066581 -0.117549 -0.065226
v 0.068945 -0.117959 -0.059885
v 0.067652 -0.116040 -0.044788
v 0.066691 -0.116551 -0.054268
v 0.073276 -0.116975 -0.036001
v 0.063726 -0.115244 -0.041642
v 0.069418 -0.115966 -0.041484
v 0.063117 -0.115904 -0.055734
v 0.070680 -0.115736 -0.038443
v 0.077163 -0.118859 -0.038546
v 0.063413 -0.116830 -0.060571
v 0.063615 -0.115091 -0.047864
v 0.066345 -0.115584 -0.039693
v 0.066640 -0.117067 -0.057445
v 0.070798 -0.115695 -0.035267
v 0.076524 -0.118426 -0.035358
v 0.062907 -0.117011 -0.064418
v 0.060307 -0.114906 -0.050820
v 0.063809 -0.115379 -0.036851
v 0.066993 -0.115216 -0.035206
v 0.070254 -0.115919 -0.031840
v 0.080450 -0.119126 -0.032579
v 0.076348 -0.118310 -0.030604
v 0.059665 -0.115633 -0.060454
v 0.065612 -0.117836 -0.068842
v 0.060307 -0.114962 -0.041997
v 0.060212 -0.115620 -0.057306
v 0.056661 -0.116279 -0.066101
v 0.068689 -0.118799 -0.071902
v 0.056888 -0.115373 -0.045797
v 0.058204 -0.114760 -0.038574
v 0.063867 -0.115090 -0.031979
v 0.057536 -0.114804 -0.052040
v 0.067074 -0.115303 -0.029675
v 0.070375 -0.116023 -0.027321
v 0.079603 -0.119124 -0.028805
v 0.053882 -0.115447 -0.060420
v 0.064082 -0.118370 -0.074818
v 0.066388 -0.118470 -0.073329
v 0.054205 -0.115272 -0.055794
v 0.060915 -0.115152 -0.033853
v 0.076675 -0.118067 -0.025827
v 0.050664 -0.115915 -0.064427
v 0.058831 -0.117491 -0.072273
v 0.066683 -0.119061 -0.079034
v 0.054033 -0.115586 -0.050889
v 0.053986 -0.114420 -0.040179
v 0.054285 -0.113797 -0.035005
v 0.059763 -0.114199 -0.028000
v 0.063917 -0.114930 -0.028802
v 0.067324 -0.115433 -0.019581
v 0.076852 -0.118161 -0.020261
v 0.081324 -0.119135 -0.025257
v 0.051071 -0.115090 -0.054525
v 0.054051 -0.116307 -0.066659
v 0.054084 -0.115686 -0.047712
v 0.054134 -0.115398 -0.044535
v 0.057508 -0.114213 -0.031206
v 0.064233 -0.114989 -0.020083
v 0.050936 -0.115681 -0.048528
v 0.070287 -0.115962 -0.022017
v 0.050927 -0.113995 -0.041265
v 0.054336 -0.113722 -0.031828
v 0.054437 -0.113653 -0.025474
v 0.071128 -0.115852 -0.019049
v 0.067296 -0.114970 -0.016145
v 0.081605 -0.119106 -0.019517
v 0.050957 -0.115070 -0.044485
v 0.051159 -0.113813 -0.031777
v 0.054386 -0.114169 -0.028651
v 0.054128 -0.113140 -0.022184
v 0.060332 -0.114571 -0.021435
v 0.061630 -0.114702 -0.016001
v 0.076826 -0.117016 -0.016296
v 0.051223 -0.112775 -0.025358
v 0.065896 -0.114188 -0.012937
v 0.084560 -0.119716 -0.017243
v 0.080003 -0.118095 -0.016347
v 0.073406 -0.115971 -0.016009
v 0.051209 -0.113616 -0.028601
v 0.054588 -0.114419 -0.015943
v 0.048133 -0.112192 -0.022196
v 0.057821 -0.114865 -0.015381
v 0.082894 -0.119733 -0.015124
v 0.080530 -0.118884 -0.013177
v 0.076877 -0.116959 -0.013119
v 0.048313 -0.112623 -0.029808
v 0.051353 -0.112948 -0.019543
v 0.048083 -0.112009 -0.025373
v 0.074020 -0.115830 -0.013074
v 0.060576 -0.112731 -0.007999
v 0.086407 -0.119909 -0.013271
v 0.054638 -0.113793 -0.012766
v 0.050733 -0.113251 -0.015985
v 0.045606 -0.112657 -0.019746
v 0.048596 -0.112716 -0.019026
v 0.070077 -0.114024 -0.008772
v 0.057866 -0.113375 -0.009640
v 0.064097 -0.112691 -0.008218
v 0.082940 -0.119262 -0.010038
v 0.080036 -0.117727 -0.010105
v 0.076528 -0.116713 -0.009940
v 0.044906 -0.112152 -0.025323
v 0.051258 -0.112402 -0.013178
v 0.058855 -0.112923 -0.006596
v 0.064320 -0.111907 -0.003387
v 0.086458 -0.120096 -0.010094
v 0.044856 -0.111854 -0.028500
v 0.054689 -0.113235 -0.009590
v 0.045057 -0.111863 -0.015792
v 0.046207 -0.110743 -0.012599
v 0.041729 -0.111868 -0.025272
v 0.067540 -0.112740 -0.006735
v 0.070624 -0.113582 -0.006665
v 0.054739 -0.114489 -0.006413
v 0.060894 -0.112836 -0.001292
v 0.070425 -0.112528 -0.003740
v 0.086321 -0.119576 -0.006826
v 0.083237 -0.119254 -0.001925
v 0.076478 -0.116192 -0.006758
v 0.044586 -0.112756 -0.031673
v 0.051654 -0.112743 -0.009488
v 0.041094 -0.111467 -0.019656
v 0.073801 -0.114811 -0.006715
v 0.057966 -0.114124 -0.003286
v 0.067415 -0.111839 0.002048
v 0.064463 -0.111643 0.002801
v 0.079662 -0.117694 -0.003660
v 0.041661 -0.112773 -0.029353
v 0.051228 -0.113036 -0.006357
v 0.041880 -0.111040 -0.015742
v 0.048355 -0.111418 -0.006716
v 0.038658 -0.110325 -0.024590
v 0.054790 -0.114467 -0.003236
v 0.058017 -0.114304 -0.000109
v 0.071322 -0.112387 -0.000262
v 0.061135 -0.112645 0.003019
v 0.086623 -0.119878 0.000101
v 0.079108 -0.117598 0.000363
v 0.073851 -0.113580 -0.003538
v 0.051781 -0.112675 -0.003352
v 0.041931 -0.109811 -0.012565
v 0.045158 -0.110137 -0.009438
v 0.038653 -0.110701 -0.018868
v 0.058067 -0.115155 0.003068
v 0.071115 -0.112666 0.002861
v 0.067648 -0.111025 0.006093
v 0.061295 -0.111769 0.006194
v 0.083159 -0.119278 0.002389
v 0.038703 -0.110807 -0.015691
v 0.045208 -0.110607 -0.006261
v 0.035426 -0.110058 -0.021995
v 0.073901 -0.113334 -0.000361
v 0.071561 -0.110714 0.007717
v 0.064471 -0.111054 0.006144
v 0.059925 -0.112761 0.006216
v 0.086710 -0.119337 0.005791
v 0.076788 -0.116266 0.002771
v 0.038225 -0.109830 -0.012506
v 0.041981 -0.109760 -0.009388
v 0.045265 -0.112264 -0.002679
v 0.042031 -0.111450 -0.006211
v 0.035529 -0.109689 -0.015489
v 0.035476 -0.110203 -0.018818
v 0.032239 -0.110053 -0.025107
v 0.073952 -0.113537 0.002816
v 0.074135 -0.112687 0.005668
v 0.067699 -0.110437 0.009270
v 0.064522 -0.111855 0.009321
v 0.061352 -0.112412 0.009792
v 0.089475 -0.119781 0.005392
v 0.083646 -0.119677 0.007466
v 0.080662 -0.118989 0.006652
v 0.038804 -0.110417 -0.009338
v 0.042630 -0.112761 -0.003642
v 0.032265 -0.110150 -0.017302
v 0.074053 -0.111087 0.009169
v 0.067994 -0.110214 0.012470
v 0.058140 -0.112761 0.007660
v 0.086760 -0.119934 0.008968
v 0.076962 -0.116052 0.006067
v 0.035577 -0.108804 -0.012464
v 0.035730 -0.109572 -0.009265
v 0.028957 -0.110905 -0.025236
v 0.077293 -0.112708 0.008862
v 0.074103 -0.110664 0.012346
v 0.064548 -0.112720 0.012528
v 0.059448 -0.109584 0.009401
v 0.080088 -0.119257 0.009062
v 0.086849 -0.120536 0.013517
v 0.089937 -0.120230 0.008917
v 0.077310 -0.115939 0.009428
v 0.028630 -0.111109 -0.017992
v 0.077083 -0.112761 0.012188
v 0.070981 -0.112203 0.015835
v 0.067997 -0.113048 0.015554
v 0.061395 -0.114300 0.012548
v 0.058193 -0.112761 0.010960
v 0.089988 -0.121159 0.012094
v 0.032400 -0.109023 -0.012414
v 0.025960 -0.112180 -0.017476
v 0.029709 -0.109660 -0.012026
v 0.074438 -0.112208 0.015649
v 0.064615 -0.115306 0.015779
v 0.077280 -0.117461 0.012296
v 0.084081 -0.120431 0.016382
v 0.090038 -0.121266 0.015271
v 0.032450 -0.108458 -0.009237
v 0.074277 -0.115939 0.015605
v 0.070898 -0.115821 0.016164
v 0.067776 -0.116035 0.017479
v 0.061121 -0.115877 0.015858
v 0.058627 -0.116286 0.012598
v 0.079716 -0.119067 0.014845
v 0.086911 -0.121015 0.018498
v 0.034630 -0.109584 -0.006094
v 0.062424 -0.117412 0.019621
v 0.077330 -0.118166 0.015473
v 0.079638 -0.119901 0.018628
v 0.089620 -0.122251 0.023715
v 0.090088 -0.121159 0.018448
v 0.028608 -0.109225 -0.009176
v 0.032530 -0.106878 -0.003003
v 0.074212 -0.118738 0.019213
v 0.065841 -0.119116 0.022114
v 0.058191 -0.117076 0.018889
v 0.078248 -0.120703 0.021461
v 0.029324 -0.107433 -0.006009
v 0.034314 -0.109584 -0.002911
v 0.070646 -0.119889 0.021658
v 0.063377 -0.120398 0.025579
v 0.055092 -0.117034 0.015826
v 0.025472 -0.110857 -0.008300
v 0.029374 -0.106408 -0.002821
v 0.032641 -0.109617 0.000417
v 0.069305 -0.120865 0.024958
v 0.055042 -0.117426 0.012649
v 0.051966 -0.117386 0.019053
v 0.055856 -0.118326 0.022298
v 0.026200 -0.106491 -0.002645
v 0.029804 -0.106298 0.000338
v 0.032602 -0.107822 0.000294
v 0.051865 -0.116762 0.012699
v 0.051915 -0.116878 0.015876
v 0.055092 -0.119795 0.025318
v 0.029473 -0.109584 0.003363
v 0.051814 -0.116801 0.009522
v 0.051986 -0.118457 0.022197
v 0.047850 -0.117536 0.018821
v 0.055638 -0.121177 0.029558
v 0.052066 -0.119931 0.025407
v 0.026248 -0.105757 0.000395
v 0.029460 -0.106407 0.002586
v 0.047427 -0.117140 0.016108
v 0.048787 -0.116646 0.012706
v 0.026228 -0.109645 0.002540
v 0.047236 -0.118310 0.022447
v 0.044857 -0.119690 0.025449
v 0.040993 -0.117319 0.015028
v 0.051360 -0.120960 0.028626
v 0.026269 -0.106407 0.001755
v 0.041995 -0.117258 0.009791
v 0.041810 -0.117996 0.022512
v 0.040802 -0.117244 0.019192
v 0.043027 -0.120830 0.028642
v 0.035606 -0.117415 0.019062
v 0.039502 -0.117256 0.011776
v 0.046209 -0.121268 0.031542
v 0.037769 -0.119033 0.025458
v 0.039056 -0.117081 0.006547
v 0.036131 -0.117899 0.022482
v 0.039308 -0.120574 0.029428
v 0.035659 -0.116943 0.012020
v 0.033011 -0.118901 0.026090
v 0.032904 -0.117312 0.019355
v 0.036204 -0.120304 0.029031
v 0.033097 -0.116999 0.013540
v 0.035879 -0.117176 0.006597
v 0.031247 -0.117567 0.022462
v 0.032702 -0.116637 0.006648
v 0.035829 -0.116984 0.003421
v 0.032369 -0.120305 0.028838
v 0.027437 -0.117787 0.025773
v 0.029954 -0.117399 0.017010
v 0.030640 -0.121034 0.031776
v 0.027535 -0.116397 0.006575
v 0.026601 -0.117177 0.022633
v 0.026023 -0.120187 0.029393
v 0.026564 -0.121078 0.032177
v 0.021797 -0.118336 0.025833
v 0.027439 -0.116884 0.010821
v 0.023723 -0.117094 0.022508
v 0.023172 -0.116785 0.006799
v 0.023355 -0.117553 0.013134
v 0.022354 -0.117667 0.016389
v 0.020013 -0.120013 0.029288
v 0.020398 -0.121101 0.032265
v 0.018030 -0.117730 0.022826
v 0.020353 -0.117099 0.009975
v 0.020196 -0.117474 0.019557
v 0.014393 -0.117969 0.025972
v 0.019629 -0.121446 0.035841
v 0.013997 -0.117171 0.013537
v 0.014832 -0.117512 0.021530
v 0.011315 -0.118149 0.026675
v 0.016681 -0.121548 0.032394
v 0.014095 -0.121726 0.035542
v 0.009281 -0.117598 0.017533
v 0.009968 -0.117455 0.022747
v 0.010225 -0.121090 0.032489
v 0.008668 -0.121272 0.034911
v 0.007098 -0.118657 0.026543
v 0.002150 -0.117407 0.022959
v 0.004554 -0.118365 0.026144
v 0.004514 -0.121097 0.032517
v 0.004112 -0.121149 0.037648
v 0.001244 -0.117449 0.019964
v 0.001450 -0.121083 0.032300
v -0.001991 -0.117338 0.023087
v 0.001236 -0.118202 0.026213
v 0.001279 -0.119325 0.028941
v 0.001387 -0.121708 0.035744
v -0.002017 -0.115918 0.019938
v -0.001938 -0.119208 0.028684
v -0.001833 -0.122004 0.033061
v 0.000082 -0.122293 0.035765
v -0.004508 -0.115633 0.021730
v -0.005791 -0.116372 0.026325
v -0.001807 -0.122783 0.035651
v -0.008200 -0.118529 0.029705
v -0.005131 -0.122074 0.033375
v -0.004923 -0.122090 0.038623
v -0.008345 -0.115803 0.023188
v -0.008266 -0.115939 0.028176
v -0.006950 -0.122357 0.035950
v -0.010951 -0.114258 0.019922
v -0.008295 -0.115396 0.026365
v -0.011431 -0.118848 0.029616
v -0.008194 -0.120945 0.032718
v -0.009546 -0.121843 0.040530
v -0.011522 -0.114782 0.023238
v -0.011472 -0.114185 0.026415
v -0.011428 -0.115939 0.029162
v -0.011321 -0.121937 0.035946
v -0.014749 -0.114105 0.020112
v -0.014612 -0.115939 0.028759
v -0.014447 -0.121897 0.039173
v -0.014699 -0.113806 0.023289
v -0.014649 -0.113865 0.026465
v -0.014598 -0.117725 0.029642
v -0.017601 -0.119335 0.032386
v -0.014497 -0.121260 0.035996
v -0.017882 -0.114557 0.017358
v -0.017826 -0.114189 0.026516
v -0.017871 -0.116832 0.029226
v -0.019013 -0.121938 0.039330
v -0.017876 -0.114284 0.023339
v -0.020850 -0.115887 0.021279
v -0.020817 -0.116149 0.026563
v -0.021154 -0.118943 0.029985
v -0.020838 -0.119421 0.032820
v -0.026606 -0.122456 0.039252
v -0.023639 -0.115981 0.020151
v -0.024230 -0.117330 0.023440
v -0.024179 -0.117407 0.026617
v -0.026707 -0.119578 0.032833
v -0.027457 -0.117614 0.020313
v -0.027356 -0.117669 0.026667
v -0.027307 -0.118631 0.029856
v -0.030797 -0.119402 0.033678
v -0.027407 -0.118040 0.023490
v -0.030584 -0.118067 0.023541
v -0.030533 -0.118315 0.026717
v -0.034513 -0.118982 0.032345
v -0.033710 -0.117599 0.026768
v -0.033761 -0.118183 0.023591
v -0.036837 -0.117800 0.029995
v -0.034592 -0.115939 0.026782
v -0.001688 -0.116812 -0.158047
v -0.001637 -0.116786 -0.154859
v 0.001539 -0.117173 -0.154921
v -0.004866 -0.115893 -0.157521
v 0.001673 -0.118461 -0.151483
v -0.005019 -0.116929 -0.151528
v -0.001738 -0.118370 -0.161224
v -0.001537 -0.117592 -0.148516
v -0.007996 -0.116133 -0.155028
v -0.004915 -0.116455 -0.161174
v 0.001691 -0.117713 -0.145176
v -0.008049 -0.115816 -0.158408
v -0.012081 -0.115971 -0.157614
v -0.003704 -0.117887 -0.144671
v 0.004867 -0.117412 -0.145484
v -0.010785 -0.117065 -0.150434
v -0.006982 -0.117663 -0.145459
v -0.008092 -0.117405 -0.161123
v -0.000699 -0.118153 -0.142219
v -0.011248 -0.115939 -0.159742
v -0.014345 -0.116724 -0.154669
v -0.008881 -0.118585 -0.139749
v -0.011269 -0.116587 -0.161073
v 0.004728 -0.117508 -0.142175
v -0.001723 -0.118595 -0.138793
v -0.014446 -0.116992 -0.161022
v -0.017522 -0.117097 -0.154618
v -0.014295 -0.116888 -0.151492
v -0.014223 -0.117085 -0.144954
v -0.017573 -0.116543 -0.157795
v -0.017472 -0.116837 -0.151441
v -0.010563 -0.118815 -0.134562
v -0.014093 -0.118213 -0.138784
v -0.020699 -0.116542 -0.154568
v -0.020432 -0.115790 -0.148675
v -0.018070 -0.116118 -0.148254
v -0.017270 -0.117605 -0.138734
v -0.020275 -0.115894 -0.145018
v -0.013920 -0.118400 -0.132958
v -0.017320 -0.116856 -0.141911
v -0.023876 -0.116672 -0.154517
v -0.019364 -0.115939 -0.141878
v -0.017220 -0.117675 -0.135557
v -0.027002 -0.117029 -0.151290
v -0.023215 -0.116129 -0.148172
v -0.021038 -0.115927 -0.138051
v -0.020531 -0.116911 -0.135539
v -0.023728 -0.115892 -0.145194
v -0.020497 -0.114987 -0.141860
v -0.019882 -0.117504 -0.130525
v -0.024210 -0.113173 -0.141801
v -0.026577 -0.112586 -0.138404
v -0.026684 -0.115939 -0.132214
v -0.023473 -0.117495 -0.129102
v -0.029576 -0.111983 -0.136420
v -0.026650 -0.116957 -0.129052
v -0.025036 -0.117044 -0.122951
v -0.026558 -0.109440 -0.141481
v -0.029846 -0.109556 -0.140561
v -0.029724 -0.115895 -0.129003
v -0.029877 -0.114334 -0.132178
v -0.023708 -0.109584 -0.143958
v -0.033197 -0.109361 -0.140582
v -0.030105 -0.115853 -0.126615
v -0.032990 -0.113061 -0.133946
v -0.027820 -0.116546 -0.122267
v -0.030078 -0.107053 -0.144886
v -0.026905 -0.106530 -0.145154
v -0.033459 -0.107244 -0.144871
v -0.033003 -0.114627 -0.128951
v -0.032902 -0.116321 -0.117806
v -0.023728 -0.106688 -0.145215
v -0.037216 -0.110530 -0.139994
v -0.032912 -0.115245 -0.124248
v -0.028065 -0.105172 -0.147896
v -0.022936 -0.109589 -0.144958
v -0.039556 -0.109423 -0.141389
v -0.035890 -0.113279 -0.132733
v -0.036473 -0.114017 -0.129409
v -0.036961 -0.115208 -0.121601
v -0.033306 -0.105541 -0.148012
v -0.023217 -0.109798 -0.148172
v -0.023775 -0.104675 -0.148163
v -0.039887 -0.106419 -0.144758
v -0.039508 -0.111428 -0.138381
v -0.036435 -0.114362 -0.125812
v -0.036466 -0.105570 -0.147984
v -0.036157 -0.104540 -0.151270
v -0.020284 -0.105922 -0.147967
v -0.023825 -0.103929 -0.151340
v -0.043469 -0.109663 -0.140384
v -0.039399 -0.112263 -0.134833
v -0.039408 -0.113395 -0.132027
v -0.043112 -0.114886 -0.124987
v -0.027002 -0.104270 -0.151290
v -0.020598 -0.108604 -0.148214
v -0.044922 -0.104778 -0.148070
v -0.044162 -0.106380 -0.144598
v -0.045929 -0.111036 -0.138446
v -0.044469 -0.112792 -0.135074
v -0.044543 -0.113631 -0.132087
v -0.020649 -0.103758 -0.151391
v -0.023594 -0.102385 -0.157574
v -0.048719 -0.106328 -0.144932
v -0.047329 -0.103534 -0.151143
v -0.020692 -0.103081 -0.154153
v -0.017455 -0.106407 -0.150381
v -0.017511 -0.102911 -0.153928
v -0.017472 -0.103942 -0.151441
v -0.020749 -0.101759 -0.157745
v -0.052415 -0.103975 -0.150887
v -0.017573 -0.101510 -0.157795
v -0.016382 -0.106407 -0.151459
v -0.020706 -0.101579 -0.160715
v -0.013629 -0.103065 -0.154531
v -0.017732 -0.101367 -0.160900
v -0.014396 -0.101416 -0.157845
v -0.010426 -0.100953 -0.157926
v -0.033371 -0.112327 0.026489
v -0.033660 -0.110464 0.029945
v -0.031398 -0.112761 0.029909
v -0.033655 -0.113134 0.030257
v 0.058253 -0.122154 -0.188191
v 0.057428 -0.122322 -0.185311
v 0.056136 -0.122360 -0.187468
v 0.052263 -0.122979 -0.181502
v 0.051772 -0.122767 -0.185548
v 0.055399 -0.122843 -0.177397
v 0.048975 -0.122781 -0.184852
v 0.052017 -0.122965 -0.177966
v 0.044088 -0.123251 -0.187392
v 0.062411 -0.122156 -0.170589
v 0.046635 -0.122918 -0.181111
v 0.048547 -0.122592 -0.175866
v 0.052067 -0.122652 -0.174789
v 0.058359 -0.122259 -0.171901
v 0.045182 -0.123028 -0.184652
v 0.050180 -0.122572 -0.171523
v 0.055471 -0.122424 -0.168788
v 0.061588 -0.122162 -0.171825
v 0.039209 -0.123803 -0.184118
v 0.063382 -0.122252 -0.166668
v 0.042436 -0.123617 -0.180991
v 0.045312 -0.122859 -0.177847
v 0.032438 -0.123940 -0.186063
v 0.038523 -0.124333 -0.179991
v 0.062747 -0.121944 -0.162140
v 0.045714 -0.122525 -0.174688
v 0.045764 -0.122820 -0.171511
v 0.052168 -0.122391 -0.168435
v 0.057208 -0.121995 -0.165718
v 0.039309 -0.124607 -0.177764
v 0.042537 -0.123055 -0.174637
v 0.046142 -0.122943 -0.168462
v 0.052211 -0.122290 -0.165304
v 0.035833 -0.124625 -0.177939
v 0.058623 -0.121950 -0.162182
v 0.042637 -0.123445 -0.168284
v 0.052269 -0.122017 -0.162081
v 0.056051 -0.122387 -0.158941
v 0.039360 -0.124141 -0.174587
v 0.042587 -0.122996 -0.171460
v 0.042683 -0.122008 -0.165412
v 0.048923 -0.122162 -0.163809
v 0.061850 -0.121967 -0.159055
v 0.036183 -0.124371 -0.174537
v 0.039410 -0.122678 -0.171410
v 0.045859 -0.122154 -0.165520
v 0.039461 -0.122990 -0.168233
v 0.049191 -0.121542 -0.156732
v 0.061901 -0.121862 -0.155878
v 0.033006 -0.123640 -0.174486
v 0.041833 -0.119393 -0.161572
v 0.039484 -0.122293 -0.166753
v 0.045955 -0.120676 -0.160070
v 0.052448 -0.121939 -0.154088
v 0.055479 -0.122188 -0.156098
v 0.035786 -0.122985 -0.170582
v 0.038062 -0.122293 -0.168211
v 0.039430 -0.119260 -0.164686
v 0.045668 -0.119605 -0.153216
v 0.049243 -0.121303 -0.152500
v 0.065242 -0.122241 -0.152754
v 0.061579 -0.121773 -0.152054
v 0.036265 -0.122293 -0.169380
v 0.043826 -0.119003 -0.156183
v 0.039329 -0.116886 -0.156495
v 0.036760 -0.118561 -0.168190
v 0.048754 -0.120525 -0.149270
v 0.055612 -0.122111 -0.151214
v 0.065237 -0.122276 -0.149213
v 0.064865 -0.122707 -0.145072
v 0.034681 -0.116166 -0.161388
v 0.033691 -0.115745 -0.164994
v 0.042855 -0.116752 -0.149718
v 0.052471 -0.121701 -0.149373
v 0.059127 -0.122053 -0.148410
v 0.036435 -0.116458 -0.158652
v 0.033114 -0.115935 -0.168144
v 0.049320 -0.119168 -0.146127
v 0.052521 -0.121962 -0.146196
v 0.062245 -0.122336 -0.146347
v 0.065330 -0.123080 -0.140044
v 0.055941 -0.122131 -0.145749
v 0.039553 -0.115966 -0.152004
v 0.029924 -0.115145 -0.163867
v 0.036260 -0.115893 -0.155161
v 0.045259 -0.116037 -0.146035
v 0.062096 -0.122313 -0.142348
v 0.041578 -0.115928 -0.148737
v 0.027569 -0.113761 -0.158573
v 0.035198 -0.115720 -0.156048
v 0.026842 -0.115690 -0.168423
v 0.051882 -0.119116 -0.143009
v 0.052571 -0.120750 -0.143020
v 0.068658 -0.123606 -0.130564
v 0.035557 -0.115517 -0.149672
v 0.039920 -0.115273 -0.146149
v 0.026854 -0.114434 -0.161678
v 0.026251 -0.115708 -0.164846
v 0.043031 -0.114729 -0.142902
v 0.052422 -0.115955 -0.142047
v 0.055828 -0.122358 -0.140066
v 0.065481 -0.123143 -0.130514
v 0.061484 -0.122526 -0.134672
v 0.020577 -0.113765 -0.158600
v 0.030338 -0.114741 -0.153833
v 0.029584 -0.115349 -0.147235
v 0.052743 -0.119116 -0.140373
v 0.068227 -0.122921 -0.127165
v 0.065430 -0.123535 -0.133690
v 0.034119 -0.115623 -0.146149
v 0.034490 -0.115952 -0.142887
v 0.023642 -0.115939 -0.163837
v 0.020662 -0.114426 -0.161528
v 0.024016 -0.114567 -0.152528
v 0.027109 -0.114756 -0.150855
v 0.052664 -0.115777 -0.139586
v 0.053416 -0.119108 -0.136149
v 0.059614 -0.122410 -0.130267
v 0.059197 -0.122293 -0.134822
v 0.037681 -0.115859 -0.137583
v 0.017323 -0.113965 -0.161527
v 0.020651 -0.115077 -0.152046
v 0.049445 -0.113040 -0.139792
v 0.052235 -0.116187 -0.136289
v 0.054666 -0.119116 -0.130342
v 0.067097 -0.122891 -0.122364
v 0.062022 -0.122374 -0.127281
v 0.055950 -0.120410 -0.130362
v 0.030026 -0.117120 -0.139104
v 0.020404 -0.115992 -0.164619
v 0.017273 -0.114725 -0.164703
v 0.017175 -0.114484 -0.158652
v 0.021266 -0.115579 -0.148997
v 0.017424 -0.115363 -0.155173
v 0.049488 -0.114645 -0.134683
v 0.052584 -0.116229 -0.133161
v 0.065582 -0.122513 -0.124160
v 0.059358 -0.121254 -0.125436
v 0.062448 -0.122304 -0.123705
v 0.034151 -0.117470 -0.133123
v 0.023290 -0.119186 -0.164712
v 0.013828 -0.114414 -0.161440
v 0.017525 -0.114499 -0.148819
v 0.017474 -0.115217 -0.151996
v 0.023993 -0.116051 -0.144531
v 0.027015 -0.117252 -0.139126
v 0.055574 -0.119458 -0.127179
v 0.052824 -0.117254 -0.127135
v 0.067920 -0.122827 -0.118785
v 0.030652 -0.117857 -0.132355
v 0.023442 -0.119142 -0.168113
v 0.014119 -0.116133 -0.164527
v 0.011020 -0.114500 -0.158249
v 0.014247 -0.115089 -0.155122
v 0.017575 -0.113895 -0.145642
v 0.014176 -0.113148 -0.151821
v 0.020882 -0.115307 -0.145230
v 0.049440 -0.115944 -0.129174
v 0.051441 -0.115939 -0.130291
v 0.064071 -0.122834 -0.118615
v 0.057964 -0.121266 -0.120133
v 0.007579 -0.115937 -0.161376
v 0.015618 -0.112761 -0.148789
v 0.022856 -0.116359 -0.140195
v 0.026971 -0.117771 -0.129999
v 0.055602 -0.119410 -0.124001
v 0.052874 -0.117706 -0.123958
v 0.069440 -0.123051 -0.114697
v 0.060246 -0.122072 -0.116968
v 0.011070 -0.114459 -0.155072
v 0.014391 -0.112764 -0.145599
v 0.020802 -0.115430 -0.142515
v 0.014348 -0.110934 -0.148768
v 0.024998 -0.117990 -0.126495
v 0.065733 -0.122917 -0.114629
v 0.062589 -0.122396 -0.113287
v 0.053422 -0.118966 -0.120492
v 0.057095 -0.120366 -0.111312
v 0.014449 -0.113608 -0.142415
v 0.017626 -0.113797 -0.142465
v 0.014177 -0.109584 -0.151943
v 0.017676 -0.114496 -0.139288
v 0.023693 -0.117085 -0.131496
v 0.049756 -0.116997 -0.123650
v 0.069092 -0.122663 -0.111081
v 0.052634 -0.119349 -0.113653
v 0.010375 -0.112651 -0.145396
v 0.012900 -0.109584 -0.155101
v 0.013108 -0.109584 -0.148749
v 0.017625 -0.115577 -0.135708
v 0.020998 -0.115911 -0.135783
v 0.020989 -0.118423 -0.124880
v 0.046531 -0.116790 -0.125400
v 0.065844 -0.122527 -0.110849
v 0.069166 -0.120919 -0.103294
v 0.072475 -0.121340 -0.101739
v 0.062688 -0.121362 -0.107125
v 0.049798 -0.118837 -0.117554
v 0.056266 -0.119288 -0.106717
v 0.011272 -0.114327 -0.142364
v 0.014499 -0.114438 -0.139238
v 0.013228 -0.106407 -0.155106
v 0.009360 -0.109579 -0.148694
v 0.014368 -0.115905 -0.135810
v 0.021184 -0.116927 -0.131103
v 0.046539 -0.118318 -0.118274
v 0.065597 -0.121280 -0.105846
v 0.059530 -0.120361 -0.104998
v 0.047777 -0.118482 -0.112477
v 0.008213 -0.116025 -0.143037
v 0.011060 -0.115863 -0.138955
v 0.011030 -0.109584 -0.157605
v 0.011118 -0.106496 -0.152021
v 0.017827 -0.117522 -0.129757
v 0.043343 -0.118339 -0.118304
v 0.068715 -0.120278 -0.095737
v 0.062758 -0.120462 -0.101871
v 0.072248 -0.120984 -0.092302
v 0.057569 -0.119996 -0.101946
v 0.011237 -0.106325 -0.158367
v 0.011070 -0.104939 -0.155072
v 0.007938 -0.106644 -0.152171
v 0.062647 -0.119619 -0.095662
v 0.062808 -0.119980 -0.098694
v 0.075256 -0.121185 -0.084716
v 0.011020 -0.105698 -0.158249
v 0.007893 -0.105034 -0.155021
v 0.069263 -0.120154 -0.092441
v 0.066236 -0.119107 -0.089199
v 0.072618 -0.120737 -0.085348
v 0.010742 -0.106407 -0.161644
v 0.069313 -0.119850 -0.089264
v 0.073367 -0.120133 -0.079638
v 0.007843 -0.104181 -0.158198
v 0.069382 -0.119619 -0.082795
v 0.008061 -0.103149 -0.161263
v 0.005343 -0.103021 -0.157915
v 0.066498 -0.119205 -0.084677
v 0.068689 -0.118799 -0.071902
v 0.074494 -0.120142 -0.073567
v 0.066683 -0.119061 -0.079034
v 0.072312 -0.119404 -0.069465
v 0.075840 -0.119475 -0.067437
v 0.066581 -0.117549 -0.065226
v 0.078482 -0.119613 -0.065505
v 0.073505 -0.119050 -0.063414
v 0.077425 -0.119220 -0.052956
v 0.079297 -0.119665 -0.060823
v 0.080493 -0.119863 -0.049623
v 0.078243 -0.119479 -0.045060
v 0.082777 -0.120299 -0.041812
v 0.080091 -0.119904 -0.039189
v 0.082827 -0.120537 -0.038635
v 0.077163 -0.118859 -0.038546
v 0.082878 -0.120249 -0.035459
v 0.080450 -0.119126 -0.032579
v 0.083749 -0.119057 -0.029195
v 0.081324 -0.119135 -0.025257
v 0.079603 -0.119124 -0.028805
v 0.047780 -0.114659 -0.044435
v 0.047831 -0.114596 -0.041258
v 0.044901 -0.116224 -0.041416
v 0.047442 -0.115811 -0.037803
v 0.051109 -0.113724 -0.034954
v 0.044704 -0.119034 -0.038030
v 0.048245 -0.116342 -0.034909
v 0.041527 -0.118999 -0.037980
v 0.044755 -0.118380 -0.034854
v 0.041345 -0.115385 -0.034799
v 0.044527 -0.115970 -0.032096
v 0.047978 -0.115488 -0.031989
v 0.041628 -0.117560 -0.031626
v 0.060007 -0.118600 -0.079596
v 0.059096 -0.119163 -0.085881
v 0.051147 -0.118473 -0.079122
v 0.063060 -0.118918 -0.082810
v 0.054882 -0.119113 -0.085354
v 0.058831 -0.117491 -0.072273
v 0.063010 -0.118901 -0.085987
v 0.063110 -0.118978 -0.079633
v 0.058096 -0.119088 -0.095302
v 0.050944 -0.118926 -0.085502
v 0.064082 -0.118370 -0.074818
v 0.060626 -0.119059 -0.091578
v 0.066498 -0.119205 -0.084677
v 0.066683 -0.119061 -0.079034
v 0.047184 -0.118479 -0.082718
v 0.062201 -0.119145 -0.091504
v 0.066236 -0.119107 -0.089199
v 0.051953 -0.118626 -0.094188
v 0.046862 -0.118737 -0.091058
v 0.062647 -0.119619 -0.095662
v 0.050672 -0.118798 -0.098545
v 0.041086 -0.116974 -0.081249
v 0.062808 -0.119980 -0.098694
v 0.043951 -0.118943 -0.097913
v 0.058067 -0.119679 -0.098638
v 0.043892 -0.118590 -0.091205
v 0.045011 -0.119187 -0.102779
v 0.057569 -0.119996 -0.101946
v 0.038163 -0.117529 -0.088296
v 0.040744 -0.118913 -0.097140
v 0.050299 -0.118672 -0.106786
v 0.053154 -0.119128 -0.102058
v 0.034418 -0.115449 -0.080239
v 0.046689 -0.118438 -0.109623
v 0.040823 -0.119381 -0.102677
v 0.056266 -0.119288 -0.106717
v 0.037417 -0.119179 -0.100111
v 0.030882 -0.116411 -0.085825
v 0.033781 -0.114699 -0.072828
v 0.047777 -0.118482 -0.112477
v 0.040793 -0.119094 -0.109554
v 0.030967 -0.116868 -0.089152
v 0.031328 -0.115034 -0.078485
v 0.052634 -0.119349 -0.113653
v 0.043545 -0.118622 -0.111099
v 0.032416 -0.119569 -0.104732
v 0.030909 -0.118232 -0.096792
v 0.027994 -0.117094 -0.090199
v 0.027239 -0.116206 -0.083006
v 0.026626 -0.115500 -0.074787
v 0.043343 -0.118339 -0.118304
v 0.036490 -0.119317 -0.108959
v 0.030364 -0.119139 -0.101217
v 0.028127 -0.115332 -0.077308
v 0.033702 -0.113672 -0.067090
v 0.035242 -0.119245 -0.116702
v 0.030465 -0.119919 -0.108514
v 0.027867 -0.118678 -0.098476
v 0.023999 -0.117467 -0.089666
v 0.027537 -0.114926 -0.069234
v 0.040370 -0.117803 -0.123451
v 0.019068 -0.118353 -0.080630
v 0.021001 -0.117056 -0.067951
v 0.029280 -0.114080 -0.061079
v 0.046531 -0.116790 -0.125400
v 0.036180 -0.118059 -0.123201
v 0.027748 -0.120009 -0.109153
v 0.024578 -0.119100 -0.102572
v 0.022913 -0.119027 -0.097226
v 0.018284 -0.118888 -0.088327
v 0.018457 -0.118158 -0.076499
v 0.025082 -0.115274 -0.062511
v 0.018857 -0.117730 -0.070594
v 0.037814 -0.112822 -0.059985
v 0.040116 -0.117090 -0.126933
v 0.035113 -0.117918 -0.124770
v 0.027492 -0.119702 -0.116155
v 0.019683 -0.119194 -0.094997
v 0.016153 -0.118942 -0.081455
v 0.018421 -0.119110 -0.091663
v 0.019043 -0.117661 -0.063383
v 0.032300 -0.113633 -0.056848
v 0.028278 -0.114653 -0.057360
v 0.042972 -0.116212 -0.133581
v 0.028191 -0.119124 -0.121426
v 0.021630 -0.119754 -0.107572
v 0.025055 -0.119808 -0.114888
v 0.021762 -0.119131 -0.097567
v 0.014324 -0.119883 -0.092419
v 0.012903 -0.119189 -0.072973
v 0.022492 -0.116549 -0.059893
v 0.015606 -0.118513 -0.060583
v 0.039853 -0.112829 -0.057566
v 0.046189 -0.115786 -0.132118
v 0.040065 -0.116717 -0.130110
v 0.034151 -0.117470 -0.133123
v 0.030585 -0.118186 -0.126782
v 0.018975 -0.119925 -0.110777
v 0.011493 -0.119707 -0.085180
v 0.012231 -0.119398 -0.078140
v 0.031882 -0.113322 -0.053764
v 0.019577 -0.117947 -0.056465
v 0.049440 -0.115944 -0.129174
v 0.046409 -0.114153 -0.138519
v 0.040015 -0.116550 -0.133287
v 0.024998 -0.117990 -0.126495
v 0.018230 -0.119800 -0.104342
v 0.018537 -0.119296 -0.117463
v 0.018281 -0.119624 -0.101165
v 0.012579 -0.120137 -0.102148
v 0.006322 -0.119934 -0.097557
v 0.028040 -0.114334 -0.052792
v 0.024061 -0.116365 -0.053448
v 0.049488 -0.114645 -0.134683
v 0.042852 -0.114899 -0.139929
v 0.037681 -0.115859 -0.137583
v 0.030652 -0.117857 -0.132355
v 0.012911 -0.120268 -0.107649
v 0.021176 -0.119109 -0.119037
v 0.020989 -0.118423 -0.124880
v 0.007138 -0.119666 -0.082201
v 0.016676 -0.119094 -0.052126
v 0.028657 -0.112443 -0.045349
v 0.049445 -0.113040 -0.139792
v 0.043031 -0.114729 -0.142902
v 0.014543 -0.119001 -0.117016
v 0.008421 -0.120113 -0.102841
v 0.002710 -0.119632 -0.086152
v 0.007113 -0.119705 -0.077197
v 0.024080 -0.116287 -0.050560
v 0.025067 -0.115566 -0.047252
v 0.049395 -0.113159 -0.142969
v 0.046218 -0.113727 -0.142919
v 0.006272 -0.119533 -0.112722
v 0.015681 -0.118593 -0.125647
v 0.017928 -0.118670 -0.123404
v 0.001996 -0.119235 -0.101209
v 0.002464 -0.119757 -0.095304
v 0.000010 -0.119718 -0.080331
v 0.024014 -0.115939 -0.044058
v 0.022315 -0.117503 -0.047208
v 0.052422 -0.115955 -0.142047
v 0.045259 -0.116037 -0.146035
v 0.008649 -0.119942 -0.107368
v 0.005419 -0.119112 -0.121261
v 0.011667 -0.118796 -0.122018
v 0.017878 -0.118342 -0.126581
v -0.001292 -0.119245 -0.088273
v -0.002855 -0.119282 -0.082398
v -0.004186 -0.120685 -0.072159
v 0.022399 -0.116896 -0.044058
v 0.025622 -0.113636 -0.040929
v 0.016678 -0.119255 -0.047245
v 0.049446 -0.114198 -0.146274
v 0.048179 -0.115939 -0.146128
v 0.002719 -0.119017 -0.116807
v 0.010716 -0.119087 -0.126404
v 0.017827 -0.117522 -0.129757
v 0.000317 -0.118956 -0.107944
v -0.000463 -0.119100 -0.100552
v -0.001815 -0.119245 -0.092911
v -0.003605 -0.119823 -0.078574
v -0.003554 -0.120352 -0.075397
v 0.049320 -0.119168 -0.146127
v -0.000610 -0.118456 -0.119303
v 0.008544 -0.119010 -0.123127
v 0.012509 -0.118490 -0.129499
v -0.003055 -0.118671 -0.113897
v -0.006082 -0.118778 -0.099150
v -0.003589 -0.118857 -0.089747
v -0.007483 -0.119277 -0.079058
v -0.007635 -0.120474 -0.075453
v -0.000669 -0.118394 -0.121289
v 0.006665 -0.119168 -0.128938
v 0.017625 -0.115577 -0.135708
v -0.001684 -0.118726 -0.106314
v -0.007869 -0.118649 -0.099891
v -0.008505 -0.118418 -0.091670
v -0.008503 -0.118508 -0.081691
v -0.004260 -0.118224 -0.119874
v 0.007818 -0.117724 -0.135168
v 0.013029 -0.117477 -0.132253
v -0.007170 -0.118349 -0.112076
v -0.010527 -0.118231 -0.093741
v -0.008080 -0.118446 -0.084877
v -0.015206 -0.120642 -0.075058
v -0.014869 -0.119010 -0.078920
v 0.002146 -0.119105 -0.129148
v -0.004011 -0.118364 -0.124396
v -0.009677 -0.117916 -0.114238
v 0.002433 -0.118539 -0.134908
v 0.014368 -0.115905 -0.135810
v -0.011447 -0.118311 -0.103481
v -0.013337 -0.117825 -0.091130
v -0.013201 -0.118138 -0.086367
v -0.016363 -0.118204 -0.081549
v -0.009071 -0.117566 -0.122389
v -0.010669 -0.117347 -0.119755
v 0.008145 -0.117163 -0.139137
v -0.013804 -0.117343 -0.116085
v -0.013438 -0.117981 -0.097484
v -0.016398 -0.117654 -0.091710
v -0.019480 -0.118569 -0.081139
v -0.002256 -0.118666 -0.132707
v -0.002070 -0.118760 -0.129491
v -0.009057 -0.118529 -0.128615
v 0.004728 -0.117508 -0.142175
v 0.011060 -0.115863 -0.138955
v -0.013589 -0.117820 -0.107015
v -0.016615 -0.117607 -0.097434
v -0.016804 -0.117610 -0.106088
v -0.016375 -0.117967 -0.085100
v -0.001723 -0.118595 -0.138793
v -0.015124 -0.117892 -0.128430
v -0.013841 -0.117404 -0.122900
v -0.013791 -0.117225 -0.119723
v 0.008213 -0.116025 -0.143037
v -0.017296 -0.117632 -0.109076
v -0.019567 -0.117442 -0.096851
v -0.010563 -0.118815 -0.134562
v -0.013920 -0.118400 -0.132958
v -0.017342 -0.117103 -0.119816
v -0.016879 -0.117169 -0.116059
v -0.022393 -0.117834 -0.092351
v -0.017169 -0.117619 -0.132380
v -0.019088 -0.117438 -0.101967
v -0.025393 -0.117202 -0.099952
v -0.017220 -0.117675 -0.135557
v -0.017119 -0.117755 -0.129203
v -0.018351 -0.117706 -0.126167
v -0.023262 -0.117848 -0.112735
v -0.022965 -0.117309 -0.103834
v -0.019882 -0.117504 -0.130525
v -0.020195 -0.117287 -0.122799
v -0.023122 -0.117404 -0.119678
v -0.025036 -0.117044 -0.122951
v -0.026694 -0.117003 -0.104774
v -0.027861 -0.117268 -0.115427
v -0.094003 -0.109584 0.032009
v -0.093970 -0.112223 0.034080
v -0.097201 -0.112715 0.033777
v -0.092008 -0.109584 0.034048
v -0.097155 -0.109269 0.033651
v -0.093970 -0.108566 0.034080
v 0.058348 -0.115996 0.006027
v 0.058168 -0.115342 0.009421
v -0.110049 -0.115849 0.022138
v -0.110006 -0.116643 0.024801
v -0.106829 -0.116709 0.024750
v -0.113184 -0.115935 0.024806
v -0.113235 -0.112762 0.021675
v -0.113284 -0.114038 0.018497
v -0.110006 -0.115077 0.024801
v 0.044366 -0.115939 -0.028492
v -0.100476 -0.118786 0.024650
v -0.097248 -0.118528 0.027776
v -0.096467 -0.119079 0.024586
v -0.100273 -0.115939 0.027725
v -0.103646 -0.116568 0.025094
v 0.058627 -0.116286 0.012598
v 0.058168 -0.116452 0.009421
v 0.055042 -0.117426 0.012649
v 0.058811 -0.115939 0.009411
v 0.058168 -0.115342 0.009421
v 0.058193 -0.112761 0.010960
v 0.009360 -0.109579 -0.148694
v 0.014348 -0.110934 -0.148768
v 0.013108 -0.109584 -0.148749
v 0.010375 -0.112651 -0.145396
v 0.008026 -0.112761 -0.146639
v 0.007258 -0.112761 -0.148656
v 0.007833 -0.115490 -0.145487
v 0.007269 -0.112761 -0.151834
v 0.008034 -0.115951 -0.151015
v 0.008213 -0.116025 -0.143037
v 0.005241 -0.109584 -0.152344
v 0.007916 -0.112761 -0.153608
v 0.007938 -0.106644 -0.152171
v 0.004767 -0.118068 -0.151794
v 0.007893 -0.115215 -0.155021
v 0.004716 -0.110672 -0.154971
v 0.004682 -0.106388 -0.154955
v 0.006782 -0.115776 -0.155206
v 0.003790 -0.109584 -0.154956
v 0.007893 -0.105034 -0.155021
v 0.004716 -0.116939 -0.154971
v 0.004671 -0.109156 -0.157809
v 0.005343 -0.103021 -0.157915
v 0.006075 -0.115932 -0.158119
v 0.001016 -0.106519 -0.157922
v 0.001489 -0.116733 -0.158098
v 0.007579 -0.115937 -0.161376
v 0.004615 -0.116037 -0.161325
v -0.005047 -0.119872 -0.030126
v -0.003271 -0.120987 -0.042735
v -0.010904 -0.119681 -0.036275
v -0.011544 -0.120682 -0.043822
v -0.006428 -0.119693 -0.028653
v -0.006837 -0.121027 -0.048597
v -0.014948 -0.119960 -0.039696
v -0.009202 -0.119574 -0.030820
v -0.005673 -0.118923 -0.018802
v -0.014012 -0.121069 -0.046801
v -0.018810 -0.118420 -0.032353
v -0.011851 -0.119001 -0.030778
v -0.009366 -0.119617 -0.027300
v -0.015556 -0.121337 -0.051072
v -0.021266 -0.120960 -0.046349
v -0.018884 -0.120107 -0.040199
v -0.015556 -0.118463 -0.030719
v -0.012425 -0.119529 -0.023552
v -0.022433 -0.118846 -0.034173
v -0.019562 -0.118326 -0.027589
v -0.016031 -0.119164 -0.024637
v -0.010801 -0.119170 -0.017612
v -0.024990 -0.121349 -0.050476
v -0.022052 -0.120365 -0.040493
v -0.026047 -0.118661 -0.030631
v -0.015324 -0.119570 -0.020825
v -0.006231 -0.118351 -0.013328
v -0.026101 -0.120586 -0.041734
v -0.025942 -0.119446 -0.035765
v -0.027569 -0.118764 -0.027306
v -0.018534 -0.119143 -0.020124
v 0.000563 -0.117992 -0.013208
v -0.012049 -0.118769 -0.013581
v -0.015312 -0.119049 -0.015365
v -0.028448 -0.120236 -0.039662
v -0.032848 -0.119720 -0.032229
v -0.028506 -0.119106 -0.023421
v -0.021842 -0.118899 -0.020339
v 0.003060 -0.116929 -0.008963
v -0.008900 -0.118329 -0.011758
v -0.021341 -0.119045 -0.014792
v 0.004396 -0.117961 -0.016217
v -0.003905 -0.117513 -0.008536
v -0.010904 -0.117531 -0.006603
v -0.035397 -0.119961 -0.037154
v -0.034289 -0.119934 -0.025235
v -0.025483 -0.119033 -0.017819
v -0.026139 -0.119314 -0.012110
v 0.007202 -0.116383 -0.008124
v -0.004818 -0.116857 -0.005411
v -0.034905 -0.119914 -0.032992
v -0.033516 -0.119687 -0.020025
v -0.023385 -0.119116 -0.011528
v 0.003303 -0.115820 -0.004105
v -0.004788 -0.115724 -0.001651
v -0.013957 -0.117693 -0.006625
v -0.039437 -0.120281 -0.027846
v -0.038083 -0.120060 -0.018719
v -0.019753 -0.118715 -0.011676
v -0.027989 -0.119301 -0.007920
v 0.007232 -0.116018 -0.004789
v -0.015489 -0.116736 -0.001233
v -0.030320 -0.119671 -0.011696
v -0.034417 -0.119868 -0.016039
v -0.018728 -0.118263 -0.008338
v -0.003874 -0.114960 0.001069
v -0.019925 -0.117801 -0.004884
v -0.009086 -0.115087 0.003052
v -0.041420 -0.120316 -0.022122
v -0.039002 -0.119936 -0.014882
v -0.030975 -0.119629 -0.007464
v -0.024347 -0.117528 -0.000037
v -0.004801 -0.114057 0.008618
v -0.020087 -0.116379 0.003456
v -0.015055 -0.115914 0.002785
v -0.044174 -0.120392 -0.023150
v -0.034315 -0.119868 -0.011355
v -0.039524 -0.119732 -0.011681
v -0.044402 -0.120195 -0.014361
v -0.034265 -0.119798 -0.008178
v -0.029315 -0.118135 0.000950
v -0.010880 -0.114055 0.010555
v -0.043523 -0.119411 -0.009643
v -0.034214 -0.119551 -0.005001
v -0.034170 -0.119032 -0.002188
v -0.024600 -0.115959 0.007055
v -0.018234 -0.115911 0.004705
v -0.047123 -0.120859 -0.017507
v -0.038297 -0.119390 -0.005343
v -0.050871 -0.119203 -0.006973
v -0.035845 -0.118372 0.000448
v -0.030828 -0.115972 0.009617
v -0.019146 -0.114755 0.013278
v -0.047174 -0.120645 -0.020684
v -0.051970 -0.121425 -0.016953
v -0.043465 -0.118721 -0.003840
v -0.050200 -0.120157 -0.011103
v -0.034122 -0.116458 0.007364
v -0.017882 -0.114557 0.017358
v -0.051012 -0.120820 -0.020620
v -0.053231 -0.121486 -0.014229
v -0.053376 -0.120920 -0.011052
v -0.051211 -0.119047 -0.004994
v -0.037677 -0.115945 0.008796
v -0.033964 -0.115931 0.010790
v -0.025163 -0.115057 0.014040
v -0.025673 -0.115463 0.017042
v -0.051911 -0.120582 -0.023600
v -0.056604 -0.121344 -0.014179
v -0.046440 -0.116062 0.004491
v -0.056553 -0.121291 -0.011002
v -0.056453 -0.120298 -0.004648
v -0.046505 -0.118132 -0.001782
v -0.030734 -0.115934 0.014037
v -0.023639 -0.115981 0.020151
v -0.060005 -0.120384 -0.019071
v -0.056503 -0.120768 -0.007825
v -0.056402 -0.119994 -0.001471
v -0.050048 -0.118431 -0.001572
v -0.044645 -0.115139 0.009706
v -0.039856 -0.114985 0.014205
v -0.033911 -0.115931 0.014094
v -0.027457 -0.117614 0.020313
v -0.058030 -0.120206 -0.025105
v -0.059761 -0.120804 -0.008845
v -0.049998 -0.117305 0.001605
v -0.059729 -0.119910 -0.001577
v -0.052820 -0.119218 -0.000672
v -0.051421 -0.115016 0.008252
v -0.033905 -0.117007 0.017434
v -0.030749 -0.116841 0.017468
v -0.062904 -0.119887 -0.019893
v -0.063145 -0.119413 -0.013229
v -0.051170 -0.115926 0.004520
v -0.056356 -0.118996 0.001463
v -0.047151 -0.115067 0.011968
v -0.043442 -0.114578 0.014212
v -0.038529 -0.115639 0.016686
v -0.030584 -0.118067 0.023541
v -0.064482 -0.119893 -0.024493
v -0.066858 -0.118083 -0.008244
v -0.053175 -0.118568 0.001655
v -0.063064 -0.118971 -0.004187
v -0.059476 -0.118966 0.000616
v -0.050430 -0.115061 0.011490
v -0.056293 -0.116185 0.005424
v -0.036988 -0.117462 0.020465
v -0.059045 -0.120714 -0.035415
v -0.068351 -0.118989 -0.020065
v -0.064708 -0.119233 -0.015723
v -0.065983 -0.117733 -0.004497
v -0.062706 -0.116647 0.001806
v -0.046120 -0.114110 0.017758
v -0.056031 -0.113406 0.017834
v -0.050032 -0.113522 0.019898
v -0.060819 -0.115100 0.008049
v -0.040253 -0.116253 0.019670
v -0.033761 -0.118183 0.023591
v -0.067091 -0.120037 -0.030504
v -0.069310 -0.118748 -0.014207
v -0.069634 -0.117534 -0.006063
v -0.066032 -0.116534 -0.000275
v -0.060055 -0.115984 0.005007
v -0.040114 -0.117876 0.023692
v -0.036937 -0.117520 0.023641
v -0.074017 -0.119079 -0.025782
v -0.072812 -0.118396 -0.013916
v -0.072438 -0.118085 -0.010750
v -0.046519 -0.113899 0.020616
v -0.051114 -0.112176 0.025003
v -0.061646 -0.112563 0.018335
v -0.066823 -0.115525 0.004745
v -0.042800 -0.115796 0.020780
v -0.071962 -0.118687 -0.018388
v -0.073087 -0.117572 -0.006893
v -0.075397 -0.116478 -0.000289
v -0.055999 -0.112023 0.023944
v -0.065605 -0.113354 0.013998
v -0.060074 -0.111427 0.023926
v -0.070388 -0.114613 0.008662
v -0.075766 -0.118744 -0.020230
v -0.046461 -0.113115 0.024242
v -0.055948 -0.110668 0.027121
v -0.064651 -0.112403 0.017706
v -0.065983 -0.111376 0.024447
v -0.072703 -0.115277 0.005417
v -0.075816 -0.119003 -0.023407
v -0.080654 -0.118325 -0.014713
v -0.075564 -0.117698 -0.007523
v -0.078559 -0.116974 -0.002886
v -0.049595 -0.111698 0.027020
v -0.056011 -0.109835 0.030337
v -0.068858 -0.113227 0.014615
v -0.068390 -0.112500 0.017576
v -0.062266 -0.110310 0.027340
v -0.071459 -0.112742 0.017008
v -0.081834 -0.119203 -0.022500
v -0.079461 -0.118734 -0.019221
v -0.078792 -0.118006 -0.010649
v -0.079909 -0.115756 0.002468
v -0.076410 -0.114790 0.007165
v -0.050435 -0.111372 0.030056
v -0.046154 -0.111794 0.026827
v -0.059044 -0.109459 0.029784
v -0.068656 -0.110322 0.027322
v -0.084198 -0.117772 -0.010025
v -0.082239 -0.117845 -0.009925
v -0.078540 -0.115210 0.005235
v -0.081852 -0.116727 -0.002372
v -0.042948 -0.112790 0.024981
v -0.059018 -0.109329 0.033923
v -0.052295 -0.112595 0.033355
v -0.072276 -0.111387 0.024094
v -0.062538 -0.109004 0.030283
v -0.074855 -0.109821 0.027890
v -0.077991 -0.112924 0.016895
v -0.086998 -0.118589 -0.016395
v -0.082352 -0.113929 0.012632
v -0.085412 -0.116469 -0.000999
v -0.078489 -0.114619 0.008412
v -0.043221 -0.111996 0.030100
v -0.038833 -0.111253 0.026905
v -0.056403 -0.109742 0.033483
v -0.049520 -0.112761 0.031715
v -0.068551 -0.109064 0.030362
v -0.079345 -0.113729 0.013028
v -0.078319 -0.112449 0.019109
v -0.089428 -0.117279 -0.007290
v -0.085948 -0.115101 0.007235
v -0.046457 -0.112727 0.031952
v -0.062195 -0.109297 0.033990
v -0.058996 -0.112761 0.035339
v -0.055823 -0.112761 0.035000
v -0.078237 -0.111700 0.024297
v -0.071639 -0.109059 0.030027
v -0.068050 -0.108767 0.033687
v -0.082191 -0.112341 0.019240
v -0.084793 -0.114173 0.011690
v -0.088043 -0.115549 0.004993
v -0.039996 -0.112761 0.031144
v -0.036836 -0.110966 0.029954
v -0.062167 -0.112761 0.035748
v -0.078177 -0.109959 0.028092
v -0.077976 -0.107953 0.031015
v -0.071732 -0.108152 0.033727
v -0.092038 -0.116532 0.000199
v -0.088599 -0.113638 0.012988
v -0.094084 -0.114120 0.009990
v -0.065361 -0.109584 0.034737
v -0.081135 -0.112761 0.027172
v -0.074909 -0.107323 0.033777
v -0.068532 -0.109584 0.035164
v -0.086080 -0.112507 0.017597
v -0.081414 -0.111973 0.024347
v -0.036817 -0.112761 0.031211
v -0.065348 -0.112761 0.035548
v -0.081232 -0.109584 0.030751
v -0.078086 -0.106787 0.033827
v -0.085040 -0.112008 0.020516
v -0.081263 -0.107173 0.033878
v -0.084591 -0.111930 0.024398
v -0.081306 -0.112761 0.030701
v -0.078036 -0.106642 0.037004
v -0.083380 -0.109584 0.033911
v -0.081255 -0.112760 0.033878
v -0.082440 -0.109584 0.037074
v -0.081212 -0.107205 0.037055
v -0.081212 -0.111635 0.037055
v -0.078003 -0.109584 0.039053
v -0.081193 -0.109584 0.038255
v -0.105870 -0.119693 -0.115084
v -0.105496 -0.119296 -0.111912
v -0.102691 -0.119207 -0.114961
v -0.104854 -0.115939 -0.111922
v -0.105805 -0.112743 -0.110736
v -0.105881 -0.115819 -0.115113
v -0.104854 -0.115939 -0.111922
v -0.108803 -0.112761 -0.115298
v -0.109103 -0.115927 -0.118522
v -0.152045 -0.120931 0.003524
v -0.148532 -0.120130 -0.000009
v -0.154782 -0.120882 0.000202
v -0.148482 -0.120576 0.003167
v -0.156326 -0.119116 -0.009419
v -0.157653 -0.119116 -0.012576
v -0.158265 -0.120777 -0.012566
v -0.158214 -0.121634 -0.009389
v -0.158164 -0.121390 -0.006212
v 0.058348 -0.115996 0.006027
v 0.055127 -0.116159 0.006117
v 0.051814 -0.116801 0.009522
v -0.202881 -0.125981 -0.027815
v -0.205652 -0.126987 -0.012372
v -0.203871 -0.125951 -0.033963
v -0.203326 -0.126164 -0.020298
v -0.202607 -0.126665 -0.004349
v -0.202331 -0.126935 0.002469
v -0.200367 -0.125261 -0.033217
v -0.199380 -0.125502 -0.021686
v -0.206271 -0.126381 -0.034048
v -0.198876 -0.125201 -0.010389
v -0.199262 -0.126590 0.007151
v -0.199111 -0.127078 0.016682
v -0.197980 -0.125133 -0.027681
v -0.199968 -0.125003 -0.037326
v -0.206436 -0.126260 -0.037549
v -0.207314 -0.126624 -0.044175
v -0.212123 -0.127607 -0.050468
v -0.199058 -0.125343 -0.016521
v -0.198743 -0.125691 0.000787
v -0.194720 -0.124165 -0.000756
v -0.197243 -0.126212 0.010133
v -0.196467 -0.125769 0.006181
v -0.199334 -0.127211 0.022740
v -0.194026 -0.124085 -0.032307
v -0.200724 -0.125210 -0.041942
v -0.196409 -0.124408 -0.036388
v -0.195899 -0.124902 -0.023411
v -0.212067 -0.127531 -0.056760
v -0.195468 -0.124648 -0.011232
v -0.195312 -0.124391 -0.007611
v -0.191739 -0.125070 0.011033
v -0.195923 -0.126378 0.016986
v -0.198909 -0.127660 0.029389
v -0.190754 -0.123223 -0.027836
v -0.190929 -0.123604 -0.024392
v -0.205845 -0.125648 -0.051056
v -0.206072 -0.125540 -0.053284
v -0.192375 -0.124446 -0.020430
v -0.191781 -0.124600 -0.015026
v -0.189979 -0.122961 -0.002834
v -0.195833 -0.126481 0.022985
v -0.195121 -0.127054 0.032259
v -0.191160 -0.124020 -0.040009
v -0.196841 -0.124613 -0.040553
v -0.204739 -0.125252 -0.058961
v -0.190561 -0.123401 -0.007275
v -0.189832 -0.123143 0.000646
v -0.191055 -0.125046 0.018921
v -0.190782 -0.124941 0.023055
v -0.198859 -0.127617 0.032566
v -0.188090 -0.123611 -0.040275
v -0.187135 -0.123145 -0.024843
v -0.196988 -0.124669 -0.045793
v -0.199783 -0.124592 -0.051340
v -0.212771 -0.127515 -0.065197
v -0.184783 -0.123930 -0.014394
v -0.190241 -0.124253 0.006090
v -0.186573 -0.122578 -0.000887
v -0.183706 -0.123952 0.018059
v -0.191483 -0.125592 0.028851
v -0.184733 -0.122440 -0.031658
v -0.190847 -0.124410 -0.050121
v -0.183131 -0.122240 -0.027364
v -0.183073 -0.123388 -0.020556
v -0.200139 -0.124775 -0.064195
v -0.206926 -0.125460 -0.066346
v -0.184019 -0.123923 0.010558
v -0.183334 -0.123309 0.024312
v -0.183663 -0.124100 0.013076
v -0.187197 -0.124339 0.028998
v -0.190408 -0.126073 0.033988
v -0.196276 -0.127697 0.039820
v -0.184075 -0.123022 -0.040786
v -0.193939 -0.124653 -0.046544
v -0.187037 -0.123051 -0.046855
v -0.177636 -0.122364 -0.022231
v -0.196993 -0.124446 -0.050084
v -0.203934 -0.124883 -0.067308
v -0.197253 -0.124499 -0.053710
v -0.212988 -0.127204 -0.071545
v -0.177510 -0.122395 -0.018153
v -0.184942 -0.123084 0.006274
v -0.183629 -0.123515 -0.009069
v -0.180820 -0.123654 0.020816
v -0.177821 -0.124260 0.016792
v -0.185823 -0.124410 0.032048
v -0.190770 -0.126819 0.037989
v -0.181206 -0.122202 -0.037526
v -0.178487 -0.121202 -0.030883
v -0.194142 -0.124599 -0.060216
v -0.185286 -0.123331 -0.051805
v -0.177528 -0.121874 -0.024971
v -0.200276 -0.124909 -0.072555
v -0.197144 -0.124714 -0.059614
v -0.207410 -0.125319 -0.072162
v -0.180362 -0.123338 -0.010296
v -0.178528 -0.124162 0.013870
v -0.179572 -0.123187 0.009166
v -0.183957 -0.122592 0.001539
v -0.177333 -0.122724 0.025833
v -0.181639 -0.123466 0.029536
v -0.183963 -0.125971 0.039145
v -0.181243 -0.122433 -0.041834
v -0.177883 -0.121127 -0.028256
v -0.186095 -0.123706 -0.055910
v -0.183882 -0.122452 -0.047147
v -0.174351 -0.121333 -0.025021
v -0.174339 -0.121917 -0.019534
v -0.203789 -0.124622 -0.074665
v -0.197174 -0.125122 -0.066317
v -0.209694 -0.125555 -0.076619
v -0.213941 -0.127141 -0.078940
v -0.176787 -0.122383 -0.009970
v -0.180150 -0.123205 0.010025
v -0.180402 -0.122930 -0.005859
v -0.173857 -0.123450 0.010547
v -0.178646 -0.123838 0.032660
v -0.174401 -0.121184 -0.028198
v -0.187700 -0.124180 -0.066462
v -0.180445 -0.122321 -0.050133
v -0.178812 -0.121955 -0.051659
v -0.174200 -0.121991 -0.015491
v -0.205264 -0.124661 -0.081913
v -0.197337 -0.125398 -0.076377
v -0.206926 -0.124934 -0.075348
v -0.180338 -0.122566 0.002574
v -0.178821 -0.122625 -0.003485
v -0.173948 -0.123541 0.018696
v -0.174029 -0.122265 0.025607
v -0.173380 -0.124033 0.034358
v -0.179552 -0.125581 0.040524
v -0.178082 -0.121881 -0.047058
v -0.174502 -0.120905 -0.034552
v -0.174452 -0.120950 -0.031375
v -0.184240 -0.123827 -0.065270
v -0.194145 -0.125146 -0.066487
v -0.180186 -0.122168 -0.056057
v -0.171614 -0.121295 -0.025609
v -0.170915 -0.122110 -0.016633
v -0.198056 -0.125316 -0.085379
v -0.194219 -0.125272 -0.075549
v -0.211152 -0.125189 -0.084177
v -0.206989 -0.124664 -0.080529
v -0.174054 -0.121893 -0.010172
v -0.175054 -0.123030 0.005831
v -0.173291 -0.122315 0.028291
v -0.168976 -0.122690 0.006925
v -0.173343 -0.124952 0.038517
v -0.177780 -0.121871 -0.040855
v -0.174553 -0.121317 -0.037729
v -0.170618 -0.121080 -0.031298
v -0.180761 -0.122510 -0.060018
v -0.184598 -0.124296 -0.077500
v -0.188918 -0.124461 -0.070713
v -0.174919 -0.120438 -0.059460
v -0.168765 -0.121267 -0.021323
v -0.201884 -0.125091 -0.088023
v -0.192839 -0.125148 -0.077860
v -0.194169 -0.125226 -0.072372
v -0.171088 -0.122656 -0.000084
v -0.167836 -0.122135 0.022420
v -0.165157 -0.122222 0.013194
v -0.167604 -0.123122 0.029861
v -0.172043 -0.125533 0.042224
v -0.174605 -0.122262 -0.041008
v -0.171376 -0.121386 -0.037779
v -0.181337 -0.123381 -0.066305
v -0.181461 -0.123532 -0.072574
v -0.174704 -0.121473 -0.047260
v -0.173046 -0.120118 -0.054434
v -0.165440 -0.120511 -0.025413
v -0.171713 -0.122012 -0.007965
v -0.167384 -0.122716 -0.015717
v -0.207005 -0.125025 -0.090292
v -0.201469 -0.125460 -0.093366
v -0.190574 -0.125163 -0.085316
v -0.165622 -0.122271 0.019011
v -0.162193 -0.121502 0.008062
v -0.167417 -0.124495 0.037452
v -0.174626 -0.122304 -0.044136
v -0.171426 -0.121478 -0.040956
v -0.171325 -0.120984 -0.034603
v -0.175018 -0.121300 -0.068599
v -0.181158 -0.123592 -0.075548
v -0.174754 -0.120977 -0.050437
v -0.174905 -0.120625 -0.062862
v -0.168733 -0.119440 -0.059972
v -0.164871 -0.120961 -0.028350
v -0.164770 -0.121013 -0.021996
v -0.164940 -0.122801 -0.016033
v -0.194471 -0.125321 -0.091434
v -0.194056 -0.125249 -0.086442
v -0.167525 -0.122203 0.000728
v -0.167936 -0.121994 -0.008074
v -0.164470 -0.122093 0.021942
v -0.164098 -0.122154 0.026267
v -0.161147 -0.121500 0.013859
v -0.164316 -0.121794 0.006596
v -0.163614 -0.123407 0.029616
v -0.167544 -0.120878 -0.037464
v -0.165707 -0.121846 -0.031822
v -0.181389 -0.124457 -0.084163
v -0.171527 -0.120279 -0.047310
v -0.171476 -0.121040 -0.044133
v -0.167979 -0.118759 -0.054211
v -0.171628 -0.119769 -0.053664
v -0.161643 -0.121470 -0.025223
v -0.164619 -0.122651 -0.012465
v -0.207478 -0.124944 -0.096438
v -0.194794 -0.125413 -0.097047
v -0.164480 -0.121620 -0.000043
v -0.160781 -0.121491 0.018593
v -0.158669 -0.120953 0.000184
v -0.156802 -0.121027 0.010938
v -0.159172 -0.124671 0.038958
v -0.166289 -0.117784 -0.041857
v -0.176740 -0.122465 -0.074235
v -0.170552 -0.120226 -0.067117
v -0.177733 -0.123860 -0.083989
v -0.170147 -0.119120 -0.050521
v -0.165697 -0.119270 -0.066082
v -0.162198 -0.118331 -0.060169
v -0.161734 -0.122155 -0.030941
v -0.161777 -0.122305 -0.028336
v -0.161593 -0.121138 -0.022046
v -0.161356 -0.122354 -0.016407
v -0.191753 -0.125173 -0.096118
v -0.183300 -0.124682 -0.085915
v -0.160831 -0.122156 0.025966
v -0.160887 -0.121466 0.022431
v -0.161180 -0.123814 0.033772
v -0.159272 -0.125497 0.042974
v -0.168480 -0.118403 -0.044242
v -0.161845 -0.117270 -0.037931
v -0.178367 -0.124024 -0.090780
v -0.169810 -0.119116 -0.047337
v -0.162248 -0.118588 -0.063346
v -0.161375 -0.117859 -0.054567
v -0.158886 -0.122102 -0.028444
v -0.161543 -0.121826 -0.018869
v -0.158416 -0.120720 -0.022097
v -0.164279 -0.121776 -0.009210
v -0.161258 -0.122274 -0.012185
v -0.185540 -0.124489 -0.094298
v -0.158426 -0.120690 -0.002903
v -0.157459 -0.121273 0.022091
v -0.156903 -0.122573 0.027471
v -0.154634 -0.120770 0.015976
v -0.154784 -0.121082 0.003872
v -0.154520 -0.122858 0.033482
v -0.151355 -0.124614 0.041841
v -0.162271 -0.117034 -0.042379
v -0.158908 -0.117448 -0.035004
v -0.165198 -0.117234 -0.044625
v -0.171811 -0.122202 -0.077256
v -0.171960 -0.122805 -0.083696
v -0.167476 -0.120471 -0.070523
v -0.175309 -0.123472 -0.085383
v -0.168511 -0.118388 -0.048764
v -0.160648 -0.118876 -0.065032
v -0.157131 -0.117781 -0.058819
v -0.158466 -0.121489 -0.025273
v -0.161341 -0.121125 -0.006162
v -0.157885 -0.119466 -0.015750
v -0.158366 -0.120419 -0.018920
v -0.181763 -0.124254 -0.091636
v -0.155268 -0.120971 0.010729
v -0.150456 -0.125247 0.045906
v -0.158364 -0.116673 -0.041516
v -0.158344 -0.116328 -0.037885
v -0.158594 -0.119116 -0.033333
v -0.176118 -0.123819 -0.089518
v -0.158567 -0.121225 -0.031627
v -0.155982 -0.119116 -0.028491
v -0.155258 -0.118914 -0.022449
v -0.176920 -0.124325 -0.098145
v -0.184693 -0.124517 -0.098954
v -0.150933 -0.120905 0.022169
v -0.151719 -0.120541 0.016511
v -0.154937 -0.120315 -0.003086
v -0.151551 -0.122790 0.034267
v -0.154433 -0.122651 0.028683
v -0.145676 -0.123375 0.038400
v -0.150645 -0.116162 -0.043694
v -0.153420 -0.116508 -0.048985
v -0.154400 -0.115441 -0.034820
v -0.155732 -0.115613 -0.031672
v -0.165326 -0.122368 -0.078236
v -0.169063 -0.123444 -0.088210
v -0.156117 -0.120060 -0.069728
v -0.175282 -0.123968 -0.092162
v -0.156575 -0.119116 -0.031659
v -0.155166 -0.119116 -0.017518
v -0.154987 -0.120477 -0.006262
v -0.151306 -0.121705 0.025456
v -0.151508 -0.120636 0.012749
v -0.153330 -0.119116 -0.003111
v -0.147339 -0.120621 0.010406
v -0.145697 -0.122502 0.034367
v -0.148189 -0.122257 0.028444
v -0.145562 -0.124567 0.044367
v -0.162329 -0.121460 -0.075496
v -0.152768 -0.119624 -0.066674
v -0.170102 -0.123888 -0.098078
v -0.155490 -0.115198 -0.027900
v -0.156103 -0.115835 -0.022631
v -0.155050 -0.119451 -0.018985
v -0.155138 -0.116001 -0.015769
v -0.158331 -0.115898 -0.012800
v -0.178511 -0.125044 -0.105855
v -0.172545 -0.124194 -0.101068
v -0.145017 -0.120906 0.022009
v -0.146389 -0.121411 0.025176
v -0.151742 -0.119116 -0.002020
v -0.138930 -0.122431 0.033660
v -0.138789 -0.123053 0.037426
v -0.147776 -0.125198 0.047644
v -0.152114 -0.113833 -0.028817
v -0.148857 -0.115036 -0.036790
v -0.165100 -0.123296 -0.090139
v -0.162091 -0.121978 -0.079274
v -0.159223 -0.120700 -0.072927
v -0.149641 -0.120739 -0.069901
v -0.155044 -0.115939 -0.019294
v -0.152038 -0.119116 -0.020652
v -0.158222 -0.115796 -0.008715
v -0.175113 -0.124813 -0.104668
v -0.172434 -0.124389 -0.104494
v -0.145142 -0.120819 0.015643
v -0.154920 -0.115939 -0.002058
v -0.144902 -0.121783 0.028532
v -0.141714 -0.122000 0.031480
v -0.140664 -0.124721 0.045576
v -0.145087 -0.125357 0.049304
v -0.159052 -0.121636 -0.077914
v -0.155916 -0.120985 -0.075286
v -0.143995 -0.121961 -0.073334
v -0.146439 -0.120518 -0.066956
v -0.168946 -0.123260 -0.107078
v -0.155239 -0.114427 -0.022147
v -0.155088 -0.114161 -0.012616
v -0.155037 -0.113218 -0.009439
v -0.172949 -0.123909 -0.110864
v -0.140554 -0.120467 0.016084
v -0.139442 -0.120514 0.020194
v -0.142087 -0.120536 0.011296
v -0.154937 -0.118043 -0.003086
v -0.151041 -0.115939 -0.000157
v -0.135579 -0.121841 0.031848
v -0.133391 -0.123707 0.041557
v -0.152139 -0.113700 -0.022694
v -0.162500 -0.122813 -0.087639
v -0.164844 -0.123640 -0.095110
v -0.159555 -0.122598 -0.085560
v -0.153911 -0.122545 -0.082557
v -0.148033 -0.122342 -0.079429
v -0.166186 -0.123000 -0.102829
v -0.154987 -0.113135 -0.006262
v -0.174811 -0.124202 -0.116305
v -0.141669 -0.120815 0.025481
v -0.155752 -0.115939 -0.003073
v -0.153111 -0.112794 -0.003074
v -0.134346 -0.120823 0.028269
v -0.135220 -0.122745 0.037912
v -0.140918 -0.125012 0.047248
v -0.158836 -0.123381 -0.092094
v -0.157723 -0.123361 -0.094736
v -0.164091 -0.123539 -0.098541
v -0.155709 -0.122663 -0.083868
v -0.138515 -0.122473 -0.074300
v -0.143984 -0.122318 -0.076096
v -0.165858 -0.122619 -0.107639
v -0.152000 -0.115935 -0.018831
v -0.151812 -0.112885 -0.005176
v -0.157573 -0.115939 -0.006221
v -0.172586 -0.123958 -0.114025
v -0.181739 -0.125042 -0.112007
v -0.168671 -0.122466 -0.110778
v -0.138850 -0.120831 0.009370
v -0.135522 -0.120270 0.018850
v -0.130585 -0.119961 0.024982
v -0.154937 -0.113888 -0.003086
v -0.130192 -0.121648 0.033787
v -0.130411 -0.122401 0.037032
v -0.134732 -0.124708 0.046467
v -0.141343 -0.125530 0.053233
v -0.157926 -0.123086 -0.088330
v -0.149670 -0.123408 -0.088327
v -0.137517 -0.123037 -0.078553
v -0.158980 -0.122460 -0.107474
v -0.166537 -0.121721 -0.113296
v -0.168989 -0.122514 -0.115950
v -0.170062 -0.122759 -0.120237
v -0.179154 -0.124371 -0.118768
v -0.136402 -0.120923 0.010174
v -0.135472 -0.120243 0.022027
v -0.128768 -0.119605 0.028532
v -0.128816 -0.123165 0.040988
v -0.131672 -0.124470 0.045997
v -0.135018 -0.125245 0.050619
v -0.140205 -0.125884 0.057808
v -0.153008 -0.123337 -0.092547
v -0.159626 -0.123281 -0.098342
v -0.145598 -0.122817 -0.082837
v -0.159567 -0.122204 -0.110573
v -0.157085 -0.122689 -0.101542
v -0.151760 -0.112381 -0.003136
v -0.132294 -0.120177 0.015901
v -0.124235 -0.122273 0.037470
v -0.132278 -0.125184 0.050670
v -0.153272 -0.122893 -0.098443
v -0.142986 -0.122894 -0.086799
v -0.140312 -0.123045 -0.082760
v -0.153474 -0.121762 -0.111151
v -0.161021 -0.121430 -0.114320
v -0.153267 -0.122362 -0.106552
v -0.148640 -0.112865 -0.002721
v -0.151664 -0.112171 0.000111
v -0.167462 -0.122272 -0.118295
v -0.170277 -0.122712 -0.123428
v -0.132370 -0.119140 0.009300
v -0.125593 -0.122763 0.040968
v -0.125974 -0.125352 0.052691
v -0.145579 -0.122783 -0.098476
v -0.149233 -0.123252 -0.092827
v -0.141876 -0.123001 -0.090024
v -0.137109 -0.123063 -0.085817
v -0.156765 -0.122122 -0.114218
v -0.163105 -0.121546 -0.117353
v -0.153322 -0.122550 -0.101620
v -0.151690 -0.112571 0.004066
v -0.129529 -0.119027 0.012406
v -0.130913 -0.120116 0.018892
v -0.128715 -0.124614 0.047342
v -0.143691 -0.123075 -0.095417
v -0.133959 -0.122843 -0.082861
v -0.150253 -0.120826 -0.112869
v -0.149210 -0.122078 -0.106080
v -0.159928 -0.121572 -0.117404
v -0.145541 -0.113950 -0.000094
v -0.148482 -0.111651 0.003167
v -0.164040 -0.122517 -0.122390
v -0.125570 -0.119135 0.015442
v -0.122446 -0.119315 0.018698
v -0.135644 -0.123173 -0.089580
v -0.140512 -0.122690 -0.095526
v -0.150412 -0.119844 -0.117777
v -0.156751 -0.121544 -0.117454
v -0.145305 -0.111522 0.003117
v -0.148432 -0.111632 0.006344
v -0.163674 -0.122714 -0.126514
v -0.124993 -0.115999 0.015446
v -0.143994 -0.122484 -0.103276
v -0.128284 -0.122631 -0.085881
v -0.146987 -0.119695 -0.120650
v -0.146801 -0.120589 -0.112378
v -0.159979 -0.122222 -0.120581
v -0.156802 -0.121512 -0.120631
v -0.145255 -0.111829 0.006294
v -0.151097 -0.112761 0.006387
v -0.160666 -0.122225 -0.124045
v -0.122842 -0.119116 0.016897
v -0.129069 -0.115939 0.012251
v -0.122849 -0.115939 0.016464
v -0.140997 -0.122288 -0.101306
v -0.135005 -0.123001 -0.091631
v -0.128127 -0.121721 -0.093914
v -0.150231 -0.119521 -0.120950
v -0.148384 -0.112761 0.009361
v -0.150150 -0.115939 0.006372
v -0.159553 -0.122357 -0.126942
v -0.126092 -0.114059 0.012345
v -0.122865 -0.114450 0.015472
v -0.138171 -0.121369 -0.106751
v -0.142701 -0.120788 -0.111790
v -0.137212 -0.122109 -0.097690
v -0.124298 -0.121069 -0.095456
v -0.143593 -0.120736 -0.117796
v -0.144145 -0.120160 -0.124010
v -0.145231 -0.112761 0.007774
v -0.148384 -0.115939 0.009336
v -0.150398 -0.115939 0.003198
v -0.153675 -0.120603 -0.123858
v -0.119431 -0.116668 0.018458
v -0.129318 -0.114199 0.009107
v -0.122916 -0.113542 0.012295
v -0.137438 -0.121601 -0.101872
v -0.137899 -0.120708 -0.111242
v -0.143993 -0.120675 -0.114479
v -0.131002 -0.121368 -0.098795
v -0.135321 -0.121410 -0.101511
v -0.128784 -0.120730 -0.099150
v -0.124529 -0.121503 -0.089366
v -0.140917 -0.120610 -0.120883
v -0.144126 -0.120776 -0.127189
v -0.138725 -0.112815 0.009105
v -0.145226 -0.115939 0.008074
v -0.153726 -0.121214 -0.127035
v -0.132497 -0.114335 0.009269
v -0.123780 -0.113541 0.007986
v -0.119678 -0.113747 0.012312
v -0.134412 -0.120698 -0.111453
v -0.137143 -0.120560 -0.115551
v -0.121506 -0.119261 -0.099159
v -0.121083 -0.120755 -0.088573
v -0.149552 -0.121036 -0.127178
v -0.140968 -0.120798 -0.124060
v -0.142072 -0.115931 0.008690
v -0.150984 -0.121435 -0.133399
v -0.132015 -0.113558 0.006002
v -0.132467 -0.115939 0.011127
v -0.126193 -0.113946 0.005991
v -0.134311 -0.120507 -0.105099
v -0.134463 -0.120735 -0.114630
v -0.134362 -0.120480 -0.108276
v -0.124701 -0.119116 -0.100202
v -0.121559 -0.120339 -0.095493
v -0.136773 -0.121075 -0.120405
v -0.137251 -0.122169 -0.127297
v -0.147422 -0.120963 -0.130313
v -0.136998 -0.115939 0.009341
v -0.135199 -0.112597 0.006134
v -0.135674 -0.114101 0.009320
v -0.125268 -0.116136 0.002835
v -0.131235 -0.120123 -0.111504
v -0.131155 -0.119127 -0.108327
v -0.131088 -0.120972 -0.114993
v -0.127935 -0.119078 -0.102000
v -0.124730 -0.117651 -0.102074
v -0.118328 -0.119181 -0.099111
v -0.118065 -0.120029 -0.092435
v -0.135233 -0.122645 -0.124162
v -0.141068 -0.121411 -0.130414
v -0.144245 -0.121293 -0.130363
v -0.129556 -0.115805 0.001726
v -0.132603 -0.115496 0.002574
v -0.135696 -0.112761 0.007904
v -0.135670 -0.115939 0.009570
v -0.130813 -0.119298 -0.105155
v -0.118929 -0.117498 -0.102090
v -0.118276 -0.119693 -0.095821
v -0.131357 -0.121865 -0.120276
v -0.134589 -0.122293 -0.122588
v -0.137892 -0.121436 -0.130464
v -0.131971 -0.122768 -0.127568
v -0.132497 -0.119076 0.009269
v -0.126294 -0.117383 -0.000362
v -0.127310 -0.118026 -0.108865
v -0.127958 -0.117488 -0.105200
v -0.124781 -0.116844 -0.105251
v -0.121604 -0.117301 -0.105301
v -0.115149 -0.120202 -0.099048
v -0.115381 -0.119661 -0.102177
v -0.115099 -0.119815 -0.095871
v -0.126369 -0.120765 -0.114750
v -0.144296 -0.121499 -0.133540
v -0.141119 -0.121113 -0.133591
v -0.128632 -0.122799 -0.124207
v -0.135674 -0.117810 0.009320
v -0.129482 -0.116131 -0.001017
v -0.123117 -0.116795 -0.000413
v -0.118167 -0.118948 -0.105964
v -0.112392 -0.119167 -0.093233
v -0.127855 -0.121850 -0.120004
v -0.127978 -0.122331 -0.127593
v -0.126342 -0.115891 -0.003365
v -0.117986 -0.117005 -0.000384
v -0.123507 -0.115948 -0.003610
v -0.124878 -0.119238 -0.111396
v -0.124831 -0.117514 -0.108427
v -0.118512 -0.120167 -0.108498
v -0.112023 -0.119911 -0.102275
v -0.115250 -0.120077 -0.105402
v -0.124163 -0.121221 -0.118292
v -0.124258 -0.121733 -0.124977
v -0.129984 -0.115214 -0.005903
v -0.118664 -0.116372 -0.003829
v -0.121819 -0.121257 -0.115292
v -0.115300 -0.120596 -0.108579
v -0.111972 -0.120035 -0.099098
v -0.125033 -0.121686 -0.121135
v -0.126461 -0.115525 -0.007614
v -0.113637 -0.116501 -0.003741
v -0.122551 -0.115323 -0.006808
v -0.121705 -0.120843 -0.111655
v -0.115351 -0.120708 -0.111756
v -0.109041 -0.119078 -0.096054
v -0.112073 -0.120442 -0.105452
v -0.105500 -0.119192 -0.098713
v -0.112124 -0.120349 -0.108629
v -0.119123 -0.120800 -0.118826
v -0.116855 -0.115829 -0.006304
v -0.118578 -0.121046 -0.114882
v -0.112449 -0.120382 -0.117283
v -0.118528 -0.121041 -0.111705
v -0.108983 -0.119022 -0.105897
v -0.108818 -0.119123 -0.102355
v -0.118402 -0.120719 -0.126586
v -0.114308 -0.116057 -0.007022
v -0.114702 -0.120446 -0.120332
v -0.105568 -0.117823 -0.096022
v -0.105643 -0.115939 -0.100730
v -0.108947 -0.119941 -0.108680
v -0.119040 -0.120817 -0.133070
v -0.112029 -0.119411 -0.121919
v -0.104343 -0.115939 -0.099220
v -0.107610 -0.115939 -0.102345
v -0.108997 -0.120187 -0.111856
v -0.115552 -0.120182 -0.124463
v -0.114888 -0.119237 -0.127789
v -0.109148 -0.119991 -0.121387
v -0.105907 -0.115882 -0.105618
v -0.105741 -0.119229 -0.108547
v -0.102492 -0.113655 -0.102427
v -0.105669 -0.114643 -0.102376
v -0.109047 -0.120096 -0.115033
v -0.115576 -0.119159 -0.130818
v -0.105790 -0.119302 -0.118309
v -0.102542 -0.114208 -0.105603
v -0.071406 -0.115938 -0.141052
v -0.068316 -0.112692 -0.141154
v -0.068201 -0.115159 -0.144281
v -0.065024 -0.114570 -0.144331
v -0.068247 -0.116086 -0.147132
v -0.064999 -0.112761 -0.142749
v -0.065071 -0.116065 -0.147288
v -0.061766 -0.112761 -0.144333
v -0.078136 -0.120069 0.030651
v -0.078187 -0.120358 0.027474
v -0.081313 -0.119834 0.030701
v 0.025960 -0.112180 -0.017476
v 0.026046 -0.111738 -0.012313
v 0.029709 -0.109660 -0.012026
v 0.022862 -0.112918 -0.012249
v 0.028608 -0.109225 -0.009176
v 0.019134 -0.113796 -0.019409
v 0.025472 -0.110857 -0.008300
v 0.020753 -0.113295 -0.010543
v 0.022367 -0.112537 -0.009077
v 0.015287 -0.115031 -0.010358
v 0.022970 -0.111498 -0.005909
v 0.020129 -0.112905 -0.005863
v 0.023828 -0.109584 -0.002744
v 0.015726 -0.114497 -0.005624
v 0.020104 -0.112773 -0.002685
v 0.026200 -0.106491 -0.002645
v 0.024906 -0.112723 -0.002756
v 0.024067 -0.106407 0.000429
v 0.024218 -0.109584 0.000427
v 0.020286 -0.115824 0.000857
v 0.026248 -0.105757 0.000395
v 0.026228 -0.109645 0.002540
v 0.023066 -0.116196 0.000142
v 0.026269 -0.106407 0.001755
v 0.025797 -0.116334 -0.002776
v -0.088621 -0.109831 -0.134877
v -0.095732 -0.106458 -0.141021
v -0.096927 -0.109511 -0.133608
v -0.100000 -0.109534 -0.135043
v -0.097008 -0.110490 -0.128360
v -0.093632 -0.111002 -0.128119
v -0.099772 -0.109932 -0.131067
v -0.099668 -0.110053 -0.124715
v -0.103083 -0.109709 -0.127879
v -0.096387 -0.110429 -0.118455
v -0.102946 -0.109326 -0.131019
v -0.105864 -0.109485 -0.123624
v -0.099919 -0.110075 -0.118570
v -0.105813 -0.109377 -0.128769
v -0.101239 -0.109530 -0.134236
v -0.106022 -0.109305 -0.124614
v -0.102794 -0.109802 -0.121488
v -0.098804 -0.110646 -0.113997
v -0.109199 -0.109584 -0.124564
v -0.109055 -0.110412 -0.121381
v -0.102938 -0.111614 -0.112034
v -0.102744 -0.110110 -0.118311
v -0.106233 -0.108275 -0.137228
v -0.102796 -0.112696 -0.108608
v -0.108787 -0.108939 -0.133087
v -0.115409 -0.108759 -0.127092
v -0.112329 -0.110005 -0.121355
v -0.105921 -0.110262 -0.118261
v -0.109400 -0.108634 -0.137272
v -0.115385 -0.109264 -0.123833
v -0.112986 -0.112449 -0.117952
v -0.109098 -0.110732 -0.118210
v -0.105870 -0.110899 -0.115084
v -0.105820 -0.111658 -0.111907
v -0.113175 -0.108689 -0.137143
v -0.114840 -0.108440 -0.131397
v -0.118169 -0.109674 -0.124910
v -0.115473 -0.112761 -0.121338
v -0.107645 -0.112761 -0.111878
v -0.118780 -0.108455 -0.127590
v -0.118399 -0.112761 -0.124744
v -0.112275 -0.115705 -0.118160
v -0.117578 -0.108082 -0.133628
v -0.118830 -0.108098 -0.130767
v -0.121728 -0.109584 -0.127742
v -0.118931 -0.108457 -0.137120
v -0.121519 -0.112761 -0.127955
v -0.122057 -0.108150 -0.133893
v -0.122007 -0.108259 -0.130716
v -0.124896 -0.109587 -0.131274
v -0.124888 -0.112761 -0.130997
v -0.126244 -0.112761 -0.133827
v -0.125448 -0.109368 -0.133839
v -0.122754 -0.112761 0.022457
v -0.121176 -0.109863 0.024763
v -0.119956 -0.112369 0.021665
v -0.125891 -0.110592 0.025053
v -0.116410 -0.111397 0.021725
v -0.120042 -0.109080 0.028301
v -0.116099 -0.109554 0.024837
v -0.116310 -0.108657 0.028079
v -0.125840 -0.110159 0.028230
v -0.110669 -0.109641 0.027490
v -0.120067 -0.109495 0.031465
v -0.129068 -0.111165 0.025103
v -0.122613 -0.110120 0.031356
v -0.113395 -0.109094 0.027391
v -0.116259 -0.108484 0.031256
v -0.129017 -0.111097 0.028280
v -0.125606 -0.112761 0.031298
v -0.109549 -0.108269 0.031327
v -0.113082 -0.108022 0.031205
v -0.122592 -0.112761 0.032694
v -0.115918 -0.109584 0.034124
v -0.130127 -0.112761 0.028298
v -0.119398 -0.112761 0.033705
v -0.129000 -0.112761 0.029390
v -0.122613 -0.115439 0.031356
v -0.109855 -0.107848 0.034332
v -0.113032 -0.108192 0.034382
v -0.115891 -0.112761 0.034230
v -0.129017 -0.115611 0.028280
v -0.119742 -0.115965 0.031437
v -0.106678 -0.107563 0.034281
v -0.112992 -0.109584 0.036880
v -0.113005 -0.112761 0.036049
v -0.126013 -0.115958 0.028406
v -0.110469 -0.109470 0.037592
v -0.109810 -0.112533 0.037189
v -0.106615 -0.109584 0.038234
v -0.106286 -0.111925 0.037449
v 0.045309 -0.117772 0.000092
v 0.048793 -0.115898 -0.000479
v 0.045260 -0.115939 -0.003032
v 0.048512 -0.117368 0.000028
v 0.045265 -0.112264 -0.002679
v 0.042459 -0.115947 -0.003040
v 0.050139 -0.115939 0.003193
v 0.045273 -0.117767 0.003709
v 0.047367 -0.112761 0.000060
v 0.042132 -0.117359 0.000143
v 0.048629 -0.112761 0.003021
v 0.048696 -0.117112 0.006421
v 0.042183 -0.117793 0.003320
v 0.048436 -0.110844 -0.003135
v 0.042630 -0.112761 -0.003642
v 0.051756 -0.116147 0.005833
v 0.042233 -0.116855 0.006497
v 0.045460 -0.117018 0.009623
v 0.048487 -0.109597 0.000065
v 0.038955 -0.117463 0.000193
v 0.051761 -0.112722 0.006168
v 0.051814 -0.116801 0.009522
v 0.039006 -0.117562 0.003370
v 0.048787 -0.116646 0.012706
v 0.055127 -0.116159 0.006117
v 0.039056 -0.117081 0.006547
v 0.041995 -0.117258 0.009791
v 0.035829 -0.116984 0.003421
v -0.087717 -0.109851 0.027630
v -0.087653 -0.109570 0.030859
v -0.085142 -0.112761 0.030762
v -0.090849 -0.109583 0.031117
v -0.087648 -0.112761 0.031989
v -0.085512 -0.112761 0.027590
v -0.090924 -0.110656 0.024653
v -0.087768 -0.110936 0.024448
v -0.084565 -0.112761 0.026040
v -0.081390 -0.115939 0.025882
v -0.086833 -0.119080 0.030222
v -0.085585 -0.119068 0.032423
v -0.084541 -0.119624 0.027574
v -0.081364 -0.120324 0.027524
v -0.058780 -0.109454 -0.151313
v -0.058492 -0.109584 -0.147389
v -0.058731 -0.106330 -0.147572
v 0.042102 -0.115682 -0.006212
v 0.042925 -0.115939 -0.009403
v 0.041981 -0.117401 -0.009388
v 0.057524 -0.112761 0.009432
v 0.058168 -0.115342 0.009421
v 0.058193 -0.109584 0.010988
v 0.054991 -0.111956 0.009472
v 0.055014 -0.109584 0.010910
v 0.058168 -0.108518 0.009421
v 0.052450 -0.109584 0.009216
v 0.057837 -0.109584 0.006359
v 0.054991 -0.108042 0.009472
v 0.054941 -0.107617 0.006295
v 0.051764 -0.107188 0.006345
v 0.048587 -0.107943 0.006396
v 0.048537 -0.108323 0.003219
v 0.048608 -0.109584 0.007711
v 0.047482 -0.109584 0.006413
v 0.051761 -0.112722 0.006168
v 0.045662 -0.109584 0.003264
v 0.048587 -0.112052 0.006396
v 0.025797 -0.116334 -0.002776
v 0.029229 -0.115850 0.000172
v 0.029374 -0.116790 -0.002832
v 0.025917 -0.116998 0.002115
v 0.032850 -0.116499 -0.003490
v 0.023066 -0.116196 0.000142
v 0.029248 -0.115887 0.004123
v 0.032451 -0.115925 0.001270
v 0.023121 -0.117252 0.003622
v 0.027535 -0.116397 0.006575
v 0.036406 -0.116886 -0.002480
v 0.020286 -0.115824 0.000857
v 0.023172 -0.116785 0.006799
v 0.032702 -0.116637 0.006648
v 0.035678 -0.116352 -0.006110
v 0.035829 -0.116984 0.003421
v 0.019944 -0.116897 0.003673
v 0.038905 -0.116840 -0.002984
v 0.038955 -0.117463 0.000193
v 0.016833 -0.115929 0.003796
v 0.019995 -0.116830 0.006849
v 0.038855 -0.117318 -0.006161
v 0.016717 -0.115105 0.000546
v 0.020353 -0.117099 0.009975
v 0.042132 -0.117359 0.000143
v 0.042102 -0.115682 -0.006212
v 0.038804 -0.117390 -0.009338
v 0.013803 -0.115650 0.008036
v 0.013735 -0.114818 -0.001566
v 0.016667 -0.114191 -0.002631
v 0.042459 -0.115947 -0.003040
v 0.035636 -0.116925 -0.012466
v 0.020104 -0.112773 -0.002685
v 0.013997 -0.117171 0.013537
v 0.042630 -0.112761 -0.003642
v 0.009714 -0.115468 -0.001633
v 0.015726 -0.114497 -0.005624
v 0.010043 -0.115284 0.007076
v 0.041285 -0.112761 -0.006199
v 0.008608 -0.115373 0.003931
v 0.007345 -0.117544 0.013388
v 0.042031 -0.111450 -0.006211
v 0.007228 -0.115563 0.000451
v 0.007232 -0.116018 -0.004789
v 0.007481 -0.115645 0.007675
v 0.009281 -0.117598 0.017533
v 0.038816 -0.112761 -0.008594
v 0.003414 -0.114868 0.003957
v 0.004171 -0.115740 0.010899
v 0.004262 -0.117170 0.016632
v 0.038804 -0.110417 -0.009338
v 0.003303 -0.115820 -0.004105
v 0.004110 -0.114684 0.007102
v 0.001436 -0.115725 0.013788
v 0.001244 -0.117449 0.019964
v 0.037210 -0.112761 -0.009312
v -0.004801 -0.114057 0.008618
v 0.000933 -0.114445 0.007152
v 0.000984 -0.114650 0.010329
v 0.001085 -0.116835 0.016683
v 0.038804 -0.115047 -0.009338
v 0.035730 -0.109572 -0.009265
v -0.002193 -0.114304 0.010379
v -0.000756 -0.115939 0.016712
v -0.002017 -0.115918 0.019938
v 0.035620 -0.112761 -0.009748
v -0.002143 -0.114770 0.014157
v -0.005433 -0.114141 0.015045
v -0.004508 -0.115633 0.021730
v -0.010880 -0.114055 0.010555
v -0.008398 -0.114015 0.015594
v -0.012068 -0.114064 0.016649
v -0.010951 -0.114258 0.019922
v -0.017882 -0.114557 0.017358
v -0.014749 -0.114105 0.020112
v 0.023689 -0.106825 -0.167130
v 0.023626 -0.105180 -0.164804
v 0.020446 -0.106278 -0.164987
v 0.026142 -0.106123 -0.168022
v 0.023413 -0.102787 -0.164494
v 0.026514 -0.103230 -0.165023
v 0.017288 -0.103230 -0.163762
v 0.019578 -0.100247 -0.165261
v 0.017265 -0.106039 -0.165191
v 0.014096 -0.100795 -0.164653
v 0.014603 -0.106582 -0.164498
v 0.011789 -0.100373 -0.164973
v 0.014113 -0.103230 -0.163562
v 0.017222 -0.108007 -0.167880
v 0.014690 -0.099490 -0.167829
v 0.010951 -0.103230 -0.162569
v 0.010742 -0.106407 -0.161644
v 0.010868 -0.099742 -0.167779
v 0.007734 -0.100215 -0.165057
v 0.008061 -0.103149 -0.161263
v 0.004794 -0.099433 -0.167739
v 0.004052 -0.100337 -0.164473
v 0.005343 -0.103021 -0.157915
v 0.001332 -0.100114 -0.164519
v 0.001438 -0.101334 -0.161274
v -0.001507 -0.099467 -0.167466
v 0.001489 -0.101132 -0.158098
v -0.001783 -0.099958 -0.164037
v -0.001738 -0.100538 -0.161224
v 0.001517 -0.103230 -0.156323
v -0.003782 -0.100147 -0.164183
v -0.001688 -0.100672 -0.158047
v 0.001016 -0.106519 -0.157922
v -0.001661 -0.103230 -0.156324
v -0.005598 -0.100465 -0.157956
v -0.004839 -0.103230 -0.156373
v -0.001688 -0.105694 -0.158047
v -0.004956 -0.105012 -0.157960
v -0.029734 -0.122784 0.042566
v -0.026606 -0.122456 0.039252
v -0.031255 -0.122292 0.039410
v -0.030797 -0.119402 0.033678
v -0.035109 -0.122987 0.042557
v -0.034702 -0.120533 0.036370
v -0.038558 -0.122318 0.040013
v -0.041339 -0.123323 0.042744
v -0.034513 -0.118982 0.032345
v -0.039913 -0.120412 0.036399
v -0.039986 -0.119093 0.031782
v -0.044211 -0.120686 0.036501
v -0.045679 -0.123163 0.042516
v -0.036837 -0.117800 0.029995
v -0.049803 -0.123032 0.045711
v -0.040005 -0.115939 0.030596
v -0.051964 -0.119960 0.036851
v -0.049547 -0.122429 0.042672
v -0.043140 -0.119099 0.031292
v -0.043174 -0.115939 0.031100
v -0.037173 -0.115939 0.029923
v -0.049666 -0.119653 0.033381
v -0.052622 -0.120856 0.040987
v -0.046327 -0.119256 0.032708
v -0.046457 -0.112727 0.031952
v -0.056877 -0.119680 0.036345
v -0.055855 -0.121597 0.045012
v -0.046348 -0.115939 0.031336
v -0.039996 -0.112761 0.031144
v -0.055848 -0.119349 0.033475
v -0.048702 -0.119107 0.027847
v -0.056837 -0.120131 0.039892
v -0.047403 -0.115939 0.030163
v -0.060655 -0.119528 0.033006
v -0.052783 -0.119516 0.026560
v -0.049544 -0.119788 0.030197
v -0.058873 -0.121098 0.043056
v -0.058829 -0.121831 0.046536
v -0.062737 -0.120000 0.039939
v -0.055898 -0.119120 0.030298
v -0.065037 -0.119691 0.036981
v -0.060364 -0.119450 0.030449
v -0.065378 -0.120122 0.033626
v -0.055948 -0.120568 0.027121
v -0.063939 -0.120547 0.043145
v -0.063167 -0.122211 0.048578
v -0.069020 -0.119900 0.039897
v -0.068505 -0.119554 0.036853
v -0.067467 -0.121251 0.046178
v -0.065429 -0.121152 0.030449
v -0.068555 -0.120278 0.033676
v -0.065177 -0.121326 0.046333
v -0.071682 -0.119880 0.036904
v -0.071581 -0.120616 0.043257
v -0.068606 -0.121116 0.030499
v -0.071732 -0.120174 0.033727
v -0.068680 -0.122337 0.049456
v -0.074921 -0.119959 0.037664
v -0.071531 -0.120795 0.046434
v -0.071783 -0.119894 0.030550
v -0.074970 -0.120001 0.030671
v -0.077456 -0.120535 0.043402
v -0.071480 -0.121527 0.049611
v -0.078086 -0.119560 0.033827
v -0.081112 -0.120431 0.043409
v -0.076239 -0.120562 0.046754
v -0.081212 -0.119151 0.037055
v -0.081162 -0.119591 0.040232
v -0.081069 -0.121083 0.046558
v -0.075244 -0.121247 0.049942
v -0.081546 -0.119143 0.033882
v -0.085807 -0.121610 0.043634
v -0.083412 -0.122361 0.049755
v -0.084652 -0.119125 0.037167
v -0.084339 -0.119765 0.040282
v -0.087407 -0.122191 0.047181
v -0.088885 -0.120392 0.040274
v -0.090742 -0.122609 0.049767
v -0.087365 -0.122810 0.049863
v -0.088431 -0.119033 0.034325
v -0.090642 -0.122050 0.043560
v -0.094610 -0.119686 0.037277
v -0.095032 -0.120935 0.040400
v -0.094072 -0.121512 0.042993
v -0.094591 -0.119102 0.031016
v -0.098556 -0.119126 0.034042
v -0.093748 -0.122192 0.047506
v -0.100946 -0.120011 0.037404
v -0.090894 -0.119485 0.027675
v -0.100195 -0.121321 0.042032
v -0.097550 -0.122243 0.047027
v -0.087726 -0.119169 0.027089
v -0.100403 -0.118989 0.031022
v -0.106498 -0.119881 0.034369
v -0.100343 -0.122448 0.046014
v -0.098315 -0.123673 0.051278
v -0.105991 -0.121225 0.040398
v -0.106628 -0.120307 0.037458
v -0.103740 -0.122249 0.043928
v -0.102480 -0.123878 0.050083
v -0.103831 -0.119102 0.031145
v -0.109805 -0.121237 0.037508
v -0.109086 -0.123580 0.047361
v -0.099833 -0.124170 0.053289
v -0.106536 -0.122479 0.043250
v -0.109855 -0.120383 0.034332
v -0.103199 -0.124400 0.053292
v -0.107776 -0.124083 0.049923
v -0.109825 -0.122262 0.041198
v -0.112718 -0.122499 0.037261
v -0.109704 -0.122560 0.043862
v -0.112819 -0.123801 0.048116
v -0.113032 -0.121338 0.034382
v -0.112881 -0.123075 0.043913
v -0.109058 -0.124162 0.053293
v -0.112160 -0.124417 0.056190
v -0.112931 -0.123049 0.040736
v -0.109905 -0.119681 0.031155
v -0.116199 -0.121900 0.035058
v -0.116116 -0.123386 0.044564
v -0.116825 -0.124889 0.053755
v -0.116158 -0.122932 0.037609
v -0.113082 -0.119769 0.031205
v -0.116108 -0.122936 0.040786
v -0.116259 -0.119374 0.031256
v -0.119333 -0.122293 0.037676
v -0.118700 -0.124908 0.052604
v -0.119985 -0.122421 0.040751
v -0.119436 -0.119409 0.031306
v -0.119386 -0.121123 0.034483
v -0.118292 -0.123635 0.045242
v -0.122327 -0.125336 0.056062
v -0.124235 -0.122273 0.037470
v -0.123608 -0.121529 0.034437
v -0.122425 -0.124316 0.047886
v -0.123162 -0.120328 0.031386
v -0.125593 -0.122763 0.040968
v -0.125974 -0.125352 0.052691
v -0.130192 -0.121648 0.033787
v -0.128768 -0.119605 0.028532
v -0.128416 -0.125405 0.056763
v -0.132278 -0.125184 0.050670
v -0.132319 -0.125340 0.056453
v -0.140205 -0.125884 0.057808
v -0.055848 -0.115111 0.033475
v -0.055823 -0.112761 0.035000
v -0.061613 -0.114993 0.033595
v -0.052295 -0.112595 0.033355
v -0.052754 -0.115938 0.030235
v -0.081193 -0.109584 0.038255
v -0.081212 -0.111635 0.037055
v -0.078045 -0.112538 0.036414
v -0.070874 -0.119936 -0.112461
v -0.067700 -0.119479 -0.112707
v -0.070883 -0.119116 -0.113007
v -0.067936 -0.121511 -0.109115
v -0.070874 -0.118434 -0.112461
v -0.064520 -0.120146 -0.112562
v -0.070824 -0.121304 -0.109284
v -0.067505 -0.115981 -0.112485
v -0.064537 -0.119116 -0.113624
v -0.064097 -0.120939 -0.109355
v -0.071025 -0.121875 -0.105208
v -0.071444 -0.116821 -0.109186
v -0.061344 -0.119144 -0.112646
v -0.064369 -0.121700 -0.103031
v -0.073903 -0.120783 -0.107407
v -0.064537 -0.115939 -0.113638
v -0.071069 -0.112950 -0.112423
v -0.070155 -0.122423 -0.098224
v -0.073900 -0.121789 -0.102880
v -0.067929 -0.113265 -0.115684
v -0.071986 -0.122293 -0.099733
v -0.077087 -0.119229 -0.104041
v -0.076964 -0.122021 -0.096503
v -0.076208 -0.119116 -0.106021
v -0.077026 -0.121657 -0.099653
v -0.077077 -0.117282 -0.102830
v -0.080254 -0.119869 -0.102779
v -0.080203 -0.121142 -0.099603
v -0.083194 -0.120843 -0.098004
v -0.083431 -0.120081 -0.102729
v -0.081007 -0.120824 -0.090341
v -0.083279 -0.120660 -0.093198
v -0.086952 -0.119197 -0.099444
v -0.086371 -0.119116 -0.096027
v -0.086967 -0.119358 -0.093140
v -0.086507 -0.117684 -0.096325
v -0.086870 -0.115939 -0.096397
v -0.089811 -0.116121 -0.093580
v -0.074859 -0.107357 0.036954
v -0.074909 -0.107323 0.033777
v -0.078036 -0.106642 0.037004
v -0.071631 -0.109474 0.036932
v -0.078003 -0.109584 0.039053
v -0.074832 -0.109584 0.038638
v -0.071732 -0.108152 0.033727
v -0.074861 -0.112685 0.036795
v -0.068532 -0.109584 0.035164
v -0.071688 -0.112555 0.036507
v -0.068530 -0.112761 0.035250
v -0.065348 -0.112761 0.035548
v -0.138850 -0.120831 0.009370
v -0.138905 -0.119556 0.005933
v -0.142078 -0.119958 0.006244
v -0.136402 -0.120923 0.010174
v -0.142087 -0.120536 0.011296
v -0.146758 -0.120145 0.006278
v -0.147339 -0.120621 0.010406
v -0.119398 -0.112761 0.033705
v -0.119742 -0.115965 0.031437
v -0.117826 -0.115939 0.031280
v -0.011682 -0.106149 -0.157882
v -0.008011 -0.103230 -0.156014
v -0.011182 -0.103230 -0.155572
v -0.004956 -0.105012 -0.157960
v -0.004839 -0.103230 -0.156373
v -0.005598 -0.100465 -0.157956
v -0.014313 -0.106442 -0.154594
v -0.017522 -0.109225 -0.154618
v -0.017472 -0.107993 -0.151441
v -0.020652 -0.109079 -0.151337
v -0.071496 -0.112921 -0.115629
v -0.074459 -0.112318 -0.116997
v -0.073995 -0.111698 -0.109409
v -0.078056 -0.111944 -0.111194
v -0.070553 -0.112584 -0.109289
v -0.081517 -0.111936 -0.113021
v -0.074043 -0.111517 -0.108101
v -0.070797 -0.112761 -0.107594
v -0.080307 -0.111817 -0.108007
v -0.071895 -0.112761 -0.106090
v -0.073342 -0.112773 -0.102905
v -0.080254 -0.111015 -0.102779
v -0.074031 -0.115939 -0.103064
v -0.073869 -0.112240 -0.102876
v -0.077054 -0.115939 -0.101371
v -0.077049 -0.112761 -0.101085
v -0.078696 -0.112761 -0.099626
v -0.080196 -0.112256 -0.099157
v -0.080294 -0.115938 -0.099899
v -0.083059 -0.115939 -0.096219
v -0.074522 -0.109584 -0.142119
v -0.071362 -0.106407 -0.143212
v -0.074632 -0.106389 -0.144142
v -0.071342 -0.109584 -0.141915
v -0.071378 -0.105503 -0.144230
v -0.068513 -0.106407 -0.144456
v -0.068884 -0.109584 -0.144270
v -0.071429 -0.104765 -0.147407
v -0.068220 -0.109584 -0.145489
v -0.068252 -0.104594 -0.147458
v -0.065070 -0.106086 -0.147192
v -0.065345 -0.109572 -0.147713
v -0.065131 -0.106266 -0.151020
v -0.062502 -0.106407 -0.147690
v -0.062834 -0.109481 -0.150701
v -0.065125 -0.111090 -0.150685
v -0.097097 -0.111114 0.037307
v -0.093935 -0.109584 0.036303
v -0.095491 -0.109584 0.037281
v -0.097092 -0.108996 0.037599
v -0.100274 -0.111398 0.037357
v -0.094021 -0.110566 0.030903
v -0.094013 -0.112915 0.031370
v -0.090827 -0.112761 0.031919
v -0.084568 -0.115939 0.025836
v -0.084565 -0.112761 0.026040
v -0.085512 -0.112761 0.027590
v -0.087723 -0.115839 0.027302
v -0.037173 -0.115939 0.029923
v 0.032486 -0.114816 -0.009044
v 0.034630 -0.109584 -0.006094
v -0.027002 -0.117029 -0.151290
v -0.023876 -0.116672 -0.154517
v -0.027053 -0.116204 -0.154467
v 0.076218 -0.115939 0.012313
v 0.039309 -0.098775 -0.177764
v 0.039492 -0.099682 -0.181187
v 0.036082 -0.098051 -0.180890
v 0.040363 -0.100052 -0.177781
v 0.036132 -0.097928 -0.177713
v 0.039138 -0.100168 -0.175154
v 0.039259 -0.102228 -0.180941
v 0.032955 -0.098420 -0.177663
v 0.039324 -0.103244 -0.177875
v 0.036043 -0.099763 -0.174200
v 0.039267 -0.103230 -0.174735
v 0.030300 -0.100068 -0.174454
v 0.033042 -0.103230 -0.172236
v 0.026887 -0.100035 -0.177252
v 0.036188 -0.103686 -0.174208
v 0.030139 -0.102638 -0.171108
v 0.026489 -0.100084 -0.171443
v 0.033492 -0.106768 -0.174494
v 0.033028 -0.106407 -0.173075
v 0.023008 -0.099272 -0.172641
v 0.029219 -0.106453 -0.171425
v 0.026753 -0.101456 -0.168032
v 0.023557 -0.100059 -0.168028
v 0.027784 -0.103230 -0.168048
v 0.020349 -0.099378 -0.171108
v 0.026724 -0.106407 -0.169836
v 0.020399 -0.099271 -0.167931
v 0.039918 -0.113350 -0.062410
v 0.047812 -0.115316 -0.061701
v 0.040848 -0.114452 -0.067023
v 0.044402 -0.113679 -0.057092
v 0.044100 -0.115642 -0.069959
v 0.047629 -0.114137 -0.053965
v 0.041857 -0.112452 -0.052153
v 0.039712 -0.115624 -0.073162
v 0.048478 -0.116381 -0.068988
v 0.051071 -0.115090 -0.054525
v 0.039155 -0.112201 -0.051383
v 0.049809 -0.117705 -0.074760
v 0.050664 -0.115915 -0.064427
v 0.050936 -0.115681 -0.048528
v 0.043160 -0.112726 -0.049381
v 0.041566 -0.112138 -0.041275
v 0.040653 -0.116368 -0.076157
v 0.054051 -0.116307 -0.066659
v 0.031808 -0.111751 -0.047303
v 0.038272 -0.111594 -0.041228
v 0.053680 -0.117585 -0.073128
v 0.044553 -0.113633 -0.047561
v 0.043126 -0.112779 -0.041181
v 0.032253 -0.111522 -0.045090
v 0.042640 -0.112690 -0.036973
v 0.044603 -0.114226 -0.044384
v 0.047730 -0.114652 -0.047612
v 0.037907 -0.111773 -0.035096
v 0.033606 -0.111388 -0.038272
v 0.050957 -0.115070 -0.044485
v 0.044901 -0.116224 -0.041416
v 0.041500 -0.115939 -0.040756
v 0.027747 -0.112378 -0.039149
v 0.041502 -0.112761 -0.031865
v 0.047780 -0.114659 -0.044435
v 0.035930 -0.111224 -0.034371
v 0.038050 -0.111493 -0.031463
v 0.041345 -0.115385 -0.034799
v 0.032047 -0.110999 -0.034652
v 0.041527 -0.118999 -0.037980
v 0.041661 -0.112773 -0.029353
v 0.028243 -0.111691 -0.033961
v 0.032166 -0.110385 -0.031551
v 0.035325 -0.110151 -0.028349
v 0.041729 -0.111868 -0.025272
v 0.038658 -0.110325 -0.024590
v 0.028971 -0.111176 -0.030953
v 0.032239 -0.110053 -0.025107
v 0.028957 -0.110905 -0.025236
v -0.040091 -0.115939 0.025188
v -0.036937 -0.117520 0.023641
v -0.040114 -0.117876 0.023692
v -0.036912 -0.115939 0.025258
v -0.043650 -0.115939 0.024247
v -0.033761 -0.118183 0.023591
v -0.036908 -0.112761 0.025516
v -0.042948 -0.112790 0.024981
v -0.043291 -0.118354 0.023742
v -0.034592 -0.115939 0.026782
v -0.046461 -0.113115 0.024242
v -0.042800 -0.115796 0.020780
v -0.033710 -0.114225 0.026768
v -0.038833 -0.111253 0.026905
v -0.046519 -0.113899 0.020616
v -0.033371 -0.112327 0.026489
v -0.033655 -0.113134 0.030257
v -0.145902 -0.115853 -0.029959
v -0.142878 -0.119484 -0.032104
v -0.143303 -0.116478 -0.035091
v -0.145802 -0.119054 -0.028644
v -0.139446 -0.119107 -0.035090
v -0.145910 -0.115157 -0.035006
v -0.142632 -0.120963 -0.028702
v -0.148724 -0.119142 -0.024217
v -0.144037 -0.116048 -0.038000
v -0.149036 -0.114498 -0.031779
v -0.145763 -0.120788 -0.025533
v -0.147881 -0.115939 -0.025441
v -0.139276 -0.121162 -0.028329
v -0.148857 -0.115036 -0.036790
v -0.148986 -0.114368 -0.028602
v -0.145384 -0.120976 -0.022371
v -0.149106 -0.115939 -0.022635
v -0.152114 -0.113833 -0.028817
v -0.139355 -0.121977 -0.022399
v -0.149332 -0.119568 -0.022241
v -0.148936 -0.114637 -0.025425
v -0.148935 -0.120997 -0.018774
v -0.139304 -0.121682 -0.019222
v -0.152139 -0.113700 -0.022694
v -0.152038 -0.119116 -0.020652
v -0.142952 -0.121349 -0.019289
v -0.152000 -0.115935 -0.018831
v -0.142446 -0.121124 -0.015978
v -0.155050 -0.119451 -0.018985
v -0.148776 -0.120211 -0.011462
v -0.152425 -0.119463 -0.015836
v -0.155166 -0.119116 -0.017518
v -0.151745 -0.119228 -0.010459
v -0.155138 -0.116001 -0.015769
v -0.151846 -0.115885 -0.012937
v -0.149038 -0.119444 -0.006357
v -0.150693 -0.115939 -0.009508
v -0.155088 -0.114161 -0.012616
v -0.151861 -0.114253 -0.009490
v -0.149602 -0.115939 -0.006348
v -0.148546 -0.119116 -0.003168
v -0.155037 -0.113218 -0.009439
v -0.151812 -0.112885 -0.005176
v 0.032486 -0.114816 -0.009044
v 0.054822 -0.112761 -0.001207
v 0.055745 -0.112761 -0.000073
v 0.051520 -0.110104 0.000325
v 0.054840 -0.111326 -0.000059
v 0.048436 -0.110844 -0.003135
v 0.054861 -0.112910 0.003115
v 0.048487 -0.109597 0.000065
v 0.053673 -0.109136 0.003321
v 0.054941 -0.112034 0.006295
v 0.055127 -0.116159 0.006117
v -0.094021 -0.110566 0.030903
v -0.097198 -0.110370 0.030953
v -0.030019 -0.117238 -0.148099
v -0.026907 -0.115690 -0.145262
v -0.026952 -0.117033 -0.148113
v -0.023728 -0.115892 -0.145194
v -0.023215 -0.116129 -0.148172
v -0.087205 -0.112761 -0.140346
v -0.087108 -0.109297 -0.141292
v -0.084019 -0.112761 -0.139835
v -0.089583 -0.112791 -0.140934
v -0.084155 -0.109652 -0.137672
v -0.090440 -0.112479 -0.143928
v -0.087162 -0.108759 -0.137625
v -0.088863 -0.109584 -0.147131
v -0.090339 -0.108530 -0.137574
v -0.090490 -0.107711 -0.147105
v -0.091041 -0.112543 -0.147096
v -0.090389 -0.107166 -0.140751
v -0.090512 -0.109584 -0.148467
v -0.090440 -0.106778 -0.143928
v -0.094553 -0.106834 -0.146996
v -0.093007 -0.106361 -0.144190
v -0.093696 -0.112761 -0.148876
v -0.148532 -0.118258 -0.000009
v -0.147607 -0.115865 -0.003653
v -0.145541 -0.113950 -0.000094
v -0.148640 -0.112865 -0.002721
v 0.032438 -0.123940 -0.186063
v 0.026783 -0.123892 -0.182630
v 0.035833 -0.124625 -0.177939
v 0.027242 -0.124116 -0.177649
v 0.025971 -0.123938 -0.180925
v 0.033006 -0.123640 -0.174486
v 0.020288 -0.124316 -0.177426
v 0.029829 -0.123958 -0.174436
v 0.016759 -0.124119 -0.180659
v 0.023478 -0.122543 -0.174153
v 0.026652 -0.123895 -0.174385
v 0.029879 -0.122826 -0.171259
v 0.010294 -0.124135 -0.180542
v 0.017071 -0.124216 -0.177411
v 0.020298 -0.123396 -0.174285
v 0.027950 -0.122319 -0.171347
v 0.035786 -0.122985 -0.170582
v 0.011912 -0.124494 -0.177337
v 0.003638 -0.124498 -0.174671
v 0.020321 -0.122293 -0.172853
v 0.033109 -0.122300 -0.168121
v 0.007540 -0.124360 -0.177260
v -0.000672 -0.123618 -0.180269
v 0.013944 -0.123780 -0.174184
v 0.017121 -0.123831 -0.174234
v 0.020922 -0.119116 -0.174294
v 0.017149 -0.122293 -0.172507
v 0.025343 -0.119116 -0.171187
v 0.036265 -0.122293 -0.169380
v 0.029930 -0.123098 -0.168082
v 0.010651 -0.124039 -0.174189
v -0.006307 -0.123724 -0.180170
v -0.006783 -0.124467 -0.173578
v 0.020327 -0.119116 -0.172496
v 0.023475 -0.119286 -0.174341
v 0.017165 -0.118635 -0.171463
v 0.026827 -0.119184 -0.170435
v 0.033080 -0.119116 -0.169803
v -0.016430 -0.123871 -0.178668
v -0.006735 -0.123917 -0.177140
v 0.001259 -0.124083 -0.170878
v 0.023526 -0.118376 -0.171158
v 0.029917 -0.119116 -0.168903
v 0.023442 -0.119142 -0.168113
v 0.029930 -0.121839 -0.168082
v 0.036265 -0.119116 -0.169369
v -0.005378 -0.124341 -0.170714
v -0.014477 -0.123832 -0.176827
v 0.020349 -0.118326 -0.171108
v 0.026842 -0.115690 -0.168423
v 0.025576 -0.119116 -0.168013
v 0.036760 -0.118561 -0.168190
v -0.001834 -0.122629 -0.167226
v -0.013590 -0.124725 -0.170416
v 0.033114 -0.115935 -0.168144
v 0.025241 -0.115939 -0.168008
v -0.024206 -0.123761 -0.175394
v -0.015032 -0.124206 -0.173756
v -0.005624 -0.123296 -0.167487
v -0.011370 -0.123830 -0.167427
v -0.017774 -0.124826 -0.170503
v -0.030532 -0.123542 -0.173478
v -0.023051 -0.123902 -0.173439
v -0.015471 -0.124564 -0.167246
v -0.010625 -0.122468 -0.166049
v -0.035356 -0.123623 -0.172804
v -0.029710 -0.123605 -0.170217
v -0.015022 -0.122293 -0.164456
v -0.005475 -0.119678 -0.163902
v -0.021039 -0.125017 -0.167451
v -0.038166 -0.123519 -0.170048
v -0.024078 -0.124760 -0.167225
v -0.017540 -0.123312 -0.164035
v -0.008176 -0.119517 -0.163545
v -0.011313 -0.119502 -0.163819
v -0.014474 -0.119116 -0.162805
v -0.004915 -0.116455 -0.161174
v -0.020838 -0.124033 -0.164002
v -0.018182 -0.118988 -0.161135
v -0.011269 -0.116587 -0.161073
v -0.008092 -0.117405 -0.161123
v -0.014446 -0.116992 -0.161022
v -0.086385 -0.118976 -0.144502
v -0.086758 -0.117071 -0.137648
v -0.084035 -0.117013 -0.140852
v -0.090446 -0.118771 -0.144339
v -0.083981 -0.116522 -0.137426
v -0.090835 -0.123477 -0.146946
v -0.090389 -0.117814 -0.140751
v -0.087158 -0.115342 -0.137383
v -0.096733 -0.122261 -0.145244
v -0.090339 -0.118165 -0.137574
v -0.095435 -0.119143 -0.143829
v -0.094690 -0.123943 -0.147093
v -0.099979 -0.121833 -0.144315
v 0.013947 -0.100311 -0.174129
v 0.014690 -0.099490 -0.167829
v 0.017242 -0.100029 -0.173965
v 0.010597 -0.100067 -0.173453
v 0.020349 -0.099378 -0.171108
v 0.017071 -0.101120 -0.177411
v 0.011425 -0.103230 -0.177155
v 0.010868 -0.099742 -0.167779
v 0.020779 -0.099999 -0.177338
v 0.013891 -0.102693 -0.177570
v 0.007556 -0.103230 -0.176259
v 0.007641 -0.099506 -0.170906
v 0.023008 -0.099272 -0.172641
v 0.017049 -0.103230 -0.178779
v 0.013856 -0.105462 -0.177357
v 0.010749 -0.106407 -0.175287
v 0.007594 -0.100114 -0.173859
v 0.004794 -0.099433 -0.167739
v 0.025266 -0.100038 -0.177567
v 0.020208 -0.103230 -0.180004
v 0.007516 -0.106428 -0.174109
v 0.004400 -0.103230 -0.174874
v 0.004453 -0.099899 -0.171558
v 0.026887 -0.100035 -0.177252
v 0.023386 -0.103230 -0.179945
v 0.017336 -0.106380 -0.177344
v 0.020243 -0.106720 -0.177799
v 0.010768 -0.107326 -0.174133
v 0.004414 -0.104797 -0.174033
v 0.004414 -0.100604 -0.174033
v -0.001507 -0.099467 -0.167466
v 0.026553 -0.103230 -0.180632
v 0.023420 -0.106716 -0.177837
v 0.001803 -0.103230 -0.173792
v -0.001443 -0.100223 -0.170497
v 0.001287 -0.105936 -0.170805
v -0.004364 -0.100257 -0.167491
v 0.026602 -0.106410 -0.177569
v -0.002143 -0.106139 -0.170718
v -0.001925 -0.103230 -0.172982
v -0.008459 -0.101167 -0.167184
v -0.003782 -0.100147 -0.164183
v 0.029775 -0.106575 -0.177835
v -0.005092 -0.103230 -0.172289
v -0.008243 -0.102013 -0.170654
v -0.008261 -0.103230 -0.171756
v -0.011580 -0.101234 -0.167067
v -0.008380 -0.100487 -0.160942
v -0.008246 -0.106556 -0.170842
v -0.011903 -0.103190 -0.170621
v -0.011192 -0.106302 -0.170361
v -0.015010 -0.101357 -0.167339
v -0.015744 -0.101151 -0.164812
v -0.014592 -0.103230 -0.170246
v -0.014569 -0.106407 -0.168780
v -0.017747 -0.103230 -0.168775
v -0.022100 -0.101923 -0.163797
v -0.017743 -0.106407 -0.168569
v -0.020909 -0.102888 -0.167779
v -0.027212 -0.103228 -0.163693
v -0.023943 -0.103239 -0.167189
v -0.020940 -0.106407 -0.169744
v -0.027121 -0.103234 -0.160821
v -0.024099 -0.106407 -0.168583
v -0.027254 -0.104117 -0.167175
v -0.032232 -0.104182 -0.160765
v -0.026943 -0.103272 -0.157646
v -0.027318 -0.106432 -0.167189
v -0.024078 -0.107704 -0.167225
v -0.030381 -0.103666 -0.163947
v -0.030280 -0.104511 -0.157593
v -0.030412 -0.106407 -0.165918
v -0.032587 -0.105039 -0.157401
v -0.036602 -0.104985 -0.163912
v -0.027053 -0.103747 -0.154467
v -0.033571 -0.106407 -0.164756
v -0.027198 -0.109403 -0.163642
v -0.036634 -0.105845 -0.157493
v -0.030230 -0.104500 -0.154416
v -0.036684 -0.104881 -0.160670
v -0.033558 -0.108389 -0.163897
v -0.030378 -0.109464 -0.163737
v -0.036668 -0.104622 -0.154273
v -0.039385 -0.106407 -0.163402
v -0.036748 -0.106407 -0.164697
v -0.039861 -0.105128 -0.160619
v -0.039811 -0.105189 -0.157442
v -0.036735 -0.108657 -0.163846
v -0.045257 -0.103639 -0.154069
v -0.043046 -0.106040 -0.161052
v -0.042988 -0.105084 -0.157392
v -0.039890 -0.109584 -0.162451
v -0.049464 -0.103327 -0.154170
v -0.045900 -0.106081 -0.160688
v -0.045512 -0.109643 -0.162442
v -0.049342 -0.104318 -0.157291
v -0.053525 -0.104740 -0.157181
v -0.055645 -0.104275 -0.154013
v -0.049819 -0.106339 -0.160507
v -0.049500 -0.109628 -0.160501
v -0.052632 -0.106474 -0.159398
v -0.046215 -0.111054 -0.160518
v -0.059314 -0.106310 -0.157275
v -0.055722 -0.109584 -0.158849
v -0.052538 -0.109584 -0.158490
v -0.058916 -0.109584 -0.159898
v -0.055695 -0.111332 -0.157190
v -0.062087 -0.109584 -0.159457
v -0.052518 -0.110486 -0.157241
v -0.058870 -0.112762 -0.157145
v -0.062792 -0.112869 -0.157259
v 0.003638 -0.124498 -0.174671
v 0.001259 -0.124083 -0.170878
v 0.004464 -0.123931 -0.170856
v 0.004468 -0.122654 -0.165999
v 0.007641 -0.123618 -0.170906
v 0.007180 -0.122088 -0.167918
v 0.001338 -0.123470 -0.167628
v 0.010651 -0.124039 -0.174189
v 0.004838 -0.120077 -0.164113
v -0.001834 -0.122629 -0.167226
v 0.001368 -0.122293 -0.165733
v 0.010666 -0.121734 -0.171082
v 0.001388 -0.120404 -0.164451
v 0.007735 -0.119175 -0.164584
v 0.013944 -0.123780 -0.174184
v 0.010675 -0.119026 -0.168462
v 0.001620 -0.118501 -0.162713
v 0.007579 -0.115937 -0.161376
v -0.001789 -0.119855 -0.164401
v 0.013971 -0.122293 -0.172532
v 0.012287 -0.119116 -0.170980
v -0.001759 -0.119116 -0.162533
v 0.004615 -0.116037 -0.161325
v 0.014119 -0.116133 -0.164527
v -0.005624 -0.123296 -0.167487
v 0.017149 -0.122293 -0.172507
v 0.014045 -0.117736 -0.167830
v -0.001738 -0.118370 -0.161224
v 0.001489 -0.116733 -0.158098
v -0.005475 -0.119678 -0.163902
v 0.013991 -0.118810 -0.171270
v -0.004915 -0.116455 -0.161174
v -0.001688 -0.116812 -0.158047
v 0.017225 -0.116047 -0.167710
v 0.017165 -0.118635 -0.171463
v 0.017273 -0.114725 -0.164703
v 0.020404 -0.115992 -0.164619
v 0.020349 -0.118326 -0.171108
v 0.020399 -0.117935 -0.167931
v 0.023442 -0.119142 -0.168113
v -0.035356 -0.123623 -0.172804
v -0.041010 -0.124115 -0.173750
v -0.041703 -0.123668 -0.170080
v -0.051603 -0.123863 -0.170427
v -0.054799 -0.124654 -0.172735
v -0.038166 -0.123519 -0.170048
v -0.048192 -0.123656 -0.166693
v -0.039962 -0.123917 -0.166973
v -0.055897 -0.124041 -0.169898
v -0.053059 -0.123895 -0.166838
v -0.040401 -0.124548 -0.163745
v -0.058319 -0.123751 -0.167560
v -0.055847 -0.123861 -0.166721
v -0.046964 -0.124044 -0.163683
v -0.036607 -0.124646 -0.164020
v -0.064213 -0.123992 -0.167370
v -0.068605 -0.124607 -0.169696
v -0.056238 -0.124291 -0.162852
v -0.051079 -0.124575 -0.160333
v -0.029710 -0.123605 -0.170217
v -0.036684 -0.123650 -0.160670
v -0.065871 -0.123561 -0.163441
v -0.073293 -0.123969 -0.166387
v -0.045542 -0.124022 -0.160458
v -0.055746 -0.124692 -0.160367
v -0.029508 -0.124203 -0.167290
v -0.033500 -0.122679 -0.160223
v -0.039861 -0.124162 -0.160619
v -0.060925 -0.123575 -0.163648
v -0.080510 -0.124531 -0.166035
v -0.059570 -0.124821 -0.157185
v -0.045216 -0.122858 -0.157926
v -0.051755 -0.123867 -0.157246
v -0.024078 -0.124760 -0.167225
v -0.029717 -0.124148 -0.163948
v -0.036863 -0.122204 -0.157744
v -0.068551 -0.123969 -0.160146
v -0.074536 -0.123541 -0.163197
v -0.039806 -0.122369 -0.157163
v -0.055695 -0.124676 -0.157190
v -0.024027 -0.124397 -0.164048
v -0.033457 -0.120779 -0.157543
v -0.030322 -0.122361 -0.159456
v -0.078035 -0.123855 -0.163191
v -0.055645 -0.123865 -0.154013
v -0.046827 -0.121859 -0.154307
v -0.052328 -0.122345 -0.153890
v -0.020838 -0.124033 -0.164002
v -0.027670 -0.122177 -0.160928
v -0.029861 -0.119331 -0.157511
v -0.036688 -0.121195 -0.154300
v -0.065698 -0.124590 -0.157049
v -0.074700 -0.123926 -0.160026
v -0.080188 -0.123793 -0.160051
v -0.058822 -0.124198 -0.153963
v -0.024081 -0.120953 -0.160867
v -0.033628 -0.118926 -0.154826
v -0.027108 -0.118584 -0.157958
v -0.073864 -0.124652 -0.156925
v -0.061999 -0.124013 -0.153912
v -0.055611 -0.122293 -0.151848
v -0.042889 -0.118752 -0.151173
v -0.049657 -0.119079 -0.150978
v -0.020800 -0.120159 -0.160922
v -0.030230 -0.116141 -0.154416
v -0.036563 -0.119116 -0.153021
v -0.070062 -0.123917 -0.153786
v -0.065176 -0.124443 -0.153862
v -0.052411 -0.119455 -0.150444
v -0.059016 -0.122324 -0.150763
v -0.039723 -0.119116 -0.151931
v -0.018182 -0.118988 -0.161135
v -0.023933 -0.118828 -0.158089
v -0.027053 -0.116204 -0.154467
v -0.074706 -0.124235 -0.153711
v -0.065127 -0.122065 -0.150793
v -0.077934 -0.124444 -0.156837
v -0.056030 -0.119199 -0.150146
v -0.039710 -0.117930 -0.151088
v -0.049190 -0.118338 -0.147760
v -0.020755 -0.118923 -0.158118
v -0.023876 -0.116672 -0.154517
v -0.036533 -0.117659 -0.151139
v -0.071473 -0.122588 -0.150191
v -0.067583 -0.122365 -0.150570
v -0.080538 -0.124736 -0.153767
v -0.061928 -0.119116 -0.149425
v -0.058753 -0.119116 -0.149616
v -0.052367 -0.118426 -0.147710
v -0.017573 -0.116543 -0.157795
v -0.020699 -0.116542 -0.154568
v -0.074656 -0.123601 -0.150534
v -0.065109 -0.119116 -0.149633
v -0.084052 -0.124903 -0.153545
v -0.014446 -0.116992 -0.161022
v -0.080379 -0.123494 -0.150458
v -0.071029 -0.119094 -0.148774
v -0.074626 -0.122293 -0.148674
v -0.145390 -0.120479 -0.004769
v -0.145355 -0.120838 -0.000060
v -0.142155 -0.120957 0.000001
v -0.148546 -0.119116 -0.003168
v -0.145305 -0.120846 0.003117
v -0.149038 -0.119444 -0.006357
v -0.148532 -0.120130 -0.000009
v -0.148482 -0.120576 0.003167
v -0.145507 -0.120440 -0.009591
v -0.148776 -0.120211 -0.011462
v 0.023290 -0.119186 -0.164712
v 0.026524 -0.119366 -0.164901
v 0.036082 -0.098051 -0.180890
v 0.039492 -0.099682 -0.181187
v 0.036055 -0.100052 -0.182591
v 0.039259 -0.102228 -0.180941
v 0.032855 -0.100033 -0.180856
v 0.036010 -0.103221 -0.180842
v 0.032955 -0.098420 -0.177663
v 0.032903 -0.103445 -0.180984
v 0.029754 -0.100052 -0.179143
v 0.030063 -0.103230 -0.180718
v 0.026887 -0.100035 -0.177252
v 0.032425 -0.106346 -0.177544
v 0.026553 -0.103230 -0.180632
v 0.029775 -0.106575 -0.177835
v -0.098526 -0.109650 -0.150079
v -0.093705 -0.109584 -0.149461
v -0.096695 -0.112813 -0.150246
v -0.094553 -0.106834 -0.146996
v -0.093696 -0.112761 -0.148876
v -0.101110 -0.112820 -0.150177
v -0.090512 -0.109584 -0.148467
v -0.103153 -0.107322 -0.146926
v -0.103239 -0.109584 -0.149524
v -0.097240 -0.106380 -0.144121
v -0.103241 -0.112761 -0.149634
v -0.106696 -0.109184 -0.147177
v -0.093007 -0.106361 -0.144190
v -0.106214 -0.107291 -0.143668
v -0.095732 -0.106458 -0.141021
v -0.100959 -0.107150 -0.140611
v -0.106415 -0.112781 -0.146881
v -0.109753 -0.109453 -0.141119
v -0.096644 -0.106521 -0.141154
v -0.106219 -0.107637 -0.140253
v -0.106721 -0.113001 -0.143670
v -0.100000 -0.109534 -0.135043
v -0.109451 -0.111897 -0.140449
v -0.106233 -0.108275 -0.137228
v -0.101239 -0.109530 -0.134236
v -0.112606 -0.112761 -0.139047
v -0.109400 -0.108634 -0.137272
v -0.112602 -0.109584 -0.138804
v -0.115665 -0.112733 -0.136833
v -0.113175 -0.108689 -0.137143
v -0.115772 -0.109584 -0.138275
v -0.118929 -0.112722 -0.137009
v -0.118931 -0.108457 -0.137120
v -0.118947 -0.109584 -0.138112
v -0.122107 -0.112684 -0.136985
v -0.122533 -0.109562 -0.137076
v -0.122057 -0.108150 -0.133893
v -0.125283 -0.112761 -0.136927
v -0.125448 -0.109368 -0.133839
v -0.125274 -0.109584 -0.136348
v -0.100451 -0.112761 0.026215
v -0.097248 -0.115786 0.027776
v -0.097531 -0.112752 0.024497
v -0.097482 -0.110768 0.027829
v -0.103636 -0.112761 0.025730
v -0.103623 -0.110168 0.027889
v -0.106943 -0.112761 0.024768
v -0.106484 -0.115912 0.027923
v -0.106770 -0.109821 0.028484
v -0.110006 -0.115077 0.024801
v -0.106829 -0.116709 0.024750
v -0.110015 -0.112493 0.024240
v -0.109549 -0.108269 0.031327
v -0.110669 -0.109641 0.027490
v -0.113235 -0.112762 0.021675
v -0.116410 -0.111397 0.021725
v -0.122819 -0.115896 0.025364
v -0.122754 -0.112761 0.022457
v -0.119537 -0.115577 0.024952
v -0.125925 -0.115939 0.022876
v -0.119956 -0.112369 0.021665
v -0.081111 -0.119311 -0.146087
v -0.080909 -0.117573 -0.144079
v -0.077732 -0.117286 -0.144130
v -0.086385 -0.118976 -0.144502
v -0.080859 -0.116222 -0.140902
v -0.077682 -0.116809 -0.140953
v -0.084035 -0.117013 -0.140852
v -0.074275 -0.115916 -0.144207
v -0.080808 -0.117148 -0.137725
v -0.074498 -0.115950 -0.140583
v -0.076993 -0.116061 -0.137761
v -0.083981 -0.116522 -0.137426
v -0.080796 -0.115939 -0.136977
v -0.074196 -0.112525 -0.138006
v -0.080808 -0.114742 -0.137725
v -0.077631 -0.115259 -0.137776
v -0.077654 -0.112761 -0.139230
v -0.080854 -0.112761 -0.140603
v -0.077631 -0.111882 -0.137776
v -0.080808 -0.110449 -0.137725
v -0.074404 -0.112179 -0.134649
v -0.084155 -0.109652 -0.137672
v -0.080758 -0.111086 -0.134548
v -0.077581 -0.111946 -0.134599
v -0.084019 -0.112761 -0.139835
v -0.088621 -0.109831 -0.134877
v -0.080648 -0.112402 -0.131360
v -0.085465 -0.124142 -0.159950
v -0.089144 -0.124246 -0.157244
v -0.084052 -0.124903 -0.153545
v -0.090692 -0.124061 -0.159813
v -0.087691 -0.124853 -0.153462
v -0.080188 -0.123793 -0.160051
v -0.086375 -0.124445 -0.163274
v -0.096821 -0.124207 -0.159238
v -0.093818 -0.124071 -0.156585
v -0.085189 -0.124300 -0.150383
v -0.094807 -0.124269 -0.153815
v -0.080379 -0.123494 -0.150458
v -0.090540 -0.124866 -0.150282
v -0.080510 -0.124531 -0.166035
v -0.097716 -0.124978 -0.163143
v -0.097156 -0.124134 -0.157217
v -0.094134 -0.124725 -0.150137
v -0.085641 -0.122307 -0.147028
v -0.084635 -0.125412 -0.166993
v -0.093787 -0.125550 -0.164784
v -0.100222 -0.124282 -0.159661
v -0.100297 -0.123963 -0.151319
v -0.081084 -0.122443 -0.148778
v -0.100792 -0.125288 -0.163365
v -0.104416 -0.123534 -0.156318
v -0.074626 -0.122293 -0.148674
v -0.081111 -0.119311 -0.146087
v -0.103567 -0.124359 -0.159716
v -0.104724 -0.123478 -0.153430
v -0.100858 -0.123323 -0.146895
v -0.077782 -0.120872 -0.147307
v -0.103883 -0.125406 -0.163296
v -0.109730 -0.124926 -0.160250
v -0.109652 -0.123599 -0.153156
v -0.103248 -0.123918 -0.150080
v -0.074895 -0.118967 -0.147422
v -0.077766 -0.119116 -0.146248
v -0.115386 -0.125038 -0.159797
v -0.113240 -0.123762 -0.154004
v -0.106827 -0.124145 -0.149860
v -0.104019 -0.121982 -0.143852
v -0.071029 -0.119094 -0.148774
v -0.077732 -0.117286 -0.144130
v -0.107048 -0.123938 -0.146809
v -0.100201 -0.119024 -0.140726
v -0.071421 -0.116276 -0.146905
v -0.116157 -0.126467 -0.162586
v -0.116814 -0.123957 -0.155732
v -0.114471 -0.123748 -0.150180
v -0.113365 -0.123613 -0.146861
v -0.109664 -0.122270 -0.143638
v -0.103140 -0.119358 -0.140348
v -0.068247 -0.116086 -0.147132
v -0.074275 -0.115916 -0.144207
v -0.119896 -0.126743 -0.162728
v -0.124411 -0.125469 -0.159200
v -0.118618 -0.123575 -0.146708
v -0.107962 -0.119427 -0.140044
v -0.099870 -0.118706 -0.137423
v -0.068201 -0.115159 -0.144281
v -0.123247 -0.124300 -0.155354
v -0.122517 -0.123459 -0.149865
v -0.115521 -0.122446 -0.143138
v -0.112738 -0.120564 -0.140261
v -0.105999 -0.118682 -0.137337
v -0.071406 -0.115938 -0.141052
v -0.129246 -0.125021 -0.156992
v -0.123325 -0.123868 -0.153155
v -0.122499 -0.123541 -0.146614
v -0.109978 -0.119045 -0.137558
v -0.102127 -0.119306 -0.134542
v -0.128837 -0.123689 -0.149702
v -0.119032 -0.123061 -0.143474
v -0.130465 -0.123944 -0.146249
v -0.119906 -0.121982 -0.140504
v -0.112550 -0.119095 -0.134945
v -0.108812 -0.119044 -0.134103
v -0.106176 -0.119227 -0.134360
v -0.131836 -0.125812 -0.160740
v -0.124925 -0.123416 -0.143236
v -0.102946 -0.120878 -0.131019
v -0.132539 -0.125424 -0.157753
v -0.134417 -0.123794 -0.149645
v -0.129117 -0.123849 -0.143314
v -0.117886 -0.120669 -0.136613
v -0.106123 -0.120140 -0.130968
v -0.142739 -0.126378 -0.158770
v -0.136381 -0.123819 -0.146393
v -0.122147 -0.122294 -0.140244
v -0.136329 -0.124110 -0.143102
v -0.129432 -0.122276 -0.137322
v -0.115576 -0.119159 -0.130818
v -0.124428 -0.121912 -0.137043
v -0.108871 -0.118901 -0.130925
v -0.137971 -0.123838 -0.149672
v -0.138166 -0.125478 -0.155853
v -0.131689 -0.123060 -0.140096
v -0.119040 -0.120817 -0.133070
v -0.123694 -0.121346 -0.130654
v -0.141431 -0.125826 -0.155356
v -0.142852 -0.123896 -0.146894
v -0.136473 -0.123407 -0.139907
v -0.134928 -0.122117 -0.137229
v -0.144649 -0.125961 -0.155779
v -0.141371 -0.124000 -0.149475
v -0.144468 -0.124026 -0.143084
v -0.141220 -0.123329 -0.139944
v -0.135925 -0.121171 -0.133699
v -0.128673 -0.122000 -0.134072
v -0.124258 -0.121733 -0.124977
v -0.144509 -0.124586 -0.150760
v -0.150161 -0.123973 -0.145967
v -0.144195 -0.122097 -0.137024
v -0.131362 -0.122103 -0.130081
v -0.127978 -0.122331 -0.127593
v -0.150233 -0.123907 -0.142946
v -0.145251 -0.123682 -0.139830
v -0.134715 -0.121670 -0.130515
v -0.141119 -0.121113 -0.133591
v -0.152147 -0.125933 -0.154648
v -0.153978 -0.123652 -0.142920
v -0.137892 -0.121436 -0.130464
v -0.144296 -0.121499 -0.133540
v -0.131971 -0.122768 -0.127568
v -0.153106 -0.124261 -0.147309
v -0.150735 -0.123537 -0.139866
v -0.149855 -0.121751 -0.135406
v -0.150984 -0.121435 -0.133399
v -0.156999 -0.125366 -0.150158
v -0.159924 -0.123399 -0.140358
v -0.158344 -0.127729 -0.155426
v -0.157347 -0.124173 -0.146060
v -0.153877 -0.122926 -0.136566
v -0.156803 -0.123479 -0.139099
v -0.160533 -0.128204 -0.155527
v -0.163873 -0.125615 -0.149161
v -0.164128 -0.124325 -0.143998
v -0.160231 -0.122743 -0.136465
v -0.165541 -0.128146 -0.155249
v -0.165174 -0.123808 -0.137232
v -0.157003 -0.122407 -0.133339
v -0.170532 -0.127432 -0.152468
v -0.166736 -0.124754 -0.145895
v -0.167625 -0.124279 -0.139483
v -0.160289 -0.122669 -0.132041
v -0.163962 -0.122560 -0.130522
v -0.159553 -0.122357 -0.126942
v -0.173876 -0.125424 -0.146205
v -0.173501 -0.124177 -0.141200
v -0.171401 -0.123306 -0.135558
v -0.166534 -0.122853 -0.133187
v -0.176419 -0.128017 -0.152099
v -0.171194 -0.122850 -0.133584
v -0.183057 -0.125682 -0.145232
v -0.175937 -0.122881 -0.134201
v -0.163674 -0.122714 -0.126514
v -0.171406 -0.122592 -0.128367
v -0.184537 -0.128399 -0.152352
v -0.186136 -0.127408 -0.148749
v -0.182166 -0.124536 -0.141042
v -0.176166 -0.123865 -0.139390
v -0.191674 -0.125569 -0.142456
v -0.185967 -0.123888 -0.137787
v -0.181346 -0.123822 -0.136745
v -0.170277 -0.122712 -0.123428
v -0.176705 -0.123319 -0.123922
v -0.189668 -0.128301 -0.151900
v -0.189592 -0.127786 -0.148704
v -0.181740 -0.123527 -0.128451
v -0.195322 -0.128412 -0.148644
v -0.191851 -0.124252 -0.136778
v -0.188926 -0.123624 -0.129975
v -0.179154 -0.124371 -0.118768
v -0.182451 -0.124140 -0.122263
v -0.196143 -0.128644 -0.150529
v -0.197417 -0.125822 -0.141730
v -0.185576 -0.123803 -0.123938
v -0.194406 -0.124086 -0.132891
v -0.195993 -0.124341 -0.136245
v -0.188664 -0.123855 -0.122215
v -0.185328 -0.124489 -0.116895
v -0.202330 -0.128445 -0.149292
v -0.195040 -0.124278 -0.129336
v -0.202695 -0.125255 -0.139357
v -0.191800 -0.124316 -0.121680
v -0.189835 -0.124706 -0.115796
v -0.181739 -0.125042 -0.112007
v -0.204273 -0.126606 -0.143673
v -0.199926 -0.124309 -0.132749
v -0.198253 -0.124724 -0.129506
v -0.203327 -0.124583 -0.135931
v -0.188371 -0.125561 -0.106769
v -0.211262 -0.128798 -0.147712
v -0.202089 -0.125959 -0.125215
v -0.194731 -0.124720 -0.122527
v -0.207684 -0.125549 -0.138604
v -0.194091 -0.125124 -0.114557
v -0.178511 -0.125044 -0.105855
v -0.191157 -0.125675 -0.107345
v -0.210488 -0.126464 -0.141414
v -0.205497 -0.124885 -0.132203
v -0.197974 -0.125599 -0.120639
v -0.207884 -0.125119 -0.135709
v -0.184778 -0.125356 -0.104407
v -0.191753 -0.125173 -0.096118
v -0.214438 -0.128808 -0.147757
v -0.207834 -0.124967 -0.132532
v -0.200760 -0.126063 -0.118350
v -0.196415 -0.125476 -0.115968
v -0.210563 -0.124796 -0.133352
v -0.198040 -0.125817 -0.106958
v -0.184693 -0.124517 -0.098954
v -0.185540 -0.124489 -0.094298
v -0.195985 -0.125792 -0.103173
v -0.214339 -0.126690 -0.141962
v -0.207267 -0.126054 -0.126016
v -0.207776 -0.125366 -0.128908
v -0.207713 -0.126150 -0.117254
v -0.214289 -0.125855 -0.138785
v -0.194794 -0.125413 -0.097047
v -0.207683 -0.126359 -0.123001
v -0.204295 -0.125847 -0.111448
v -0.203363 -0.125982 -0.108168
v -0.199716 -0.125957 -0.100070
v -0.218922 -0.126289 -0.141705
v -0.210860 -0.126113 -0.122951
v -0.213790 -0.125382 -0.124911
v -0.213713 -0.124371 -0.129373
v -0.209960 -0.125755 -0.113274
v -0.202244 -0.125792 -0.102952
v -0.201469 -0.125460 -0.093366
v -0.218274 -0.126284 -0.113064
v -0.208117 -0.125437 -0.106180
v -0.213986 -0.125938 -0.119724
v -0.217489 -0.126003 -0.120304
v -0.213456 -0.125316 -0.107275
v -0.207478 -0.124944 -0.096438
v -0.119436 -0.119409 0.031306
v -0.120119 -0.119616 0.028327
v -0.123162 -0.120328 0.031386
v -0.116310 -0.119308 0.028079
v -0.125840 -0.119473 0.028230
v -0.121185 -0.119561 0.024133
v -0.116259 -0.119374 0.031256
v -0.113082 -0.119769 0.031205
v -0.125891 -0.119160 0.025053
v -0.071615 -0.109262 -0.153854
v -0.071479 -0.111928 -0.150584
v -0.073166 -0.109584 -0.150557
v -0.071529 -0.111231 -0.153761
v -0.074306 -0.109584 -0.147213
v -0.071000 -0.106518 -0.150448
v -0.068386 -0.109584 -0.155938
v -0.074231 -0.106407 -0.146977
v -0.068353 -0.107211 -0.153812
v -0.068353 -0.112124 -0.153812
v -0.068308 -0.105901 -0.150932
v -0.065176 -0.107086 -0.153862
v -0.066853 -0.109584 -0.157013
v -0.077279 -0.109584 -0.144137
v -0.065226 -0.112125 -0.157039
v -0.065226 -0.107931 -0.157039
v -0.065241 -0.109584 -0.157985
v -0.062049 -0.107145 -0.157089
v -0.062792 -0.112869 -0.157259
v -0.062087 -0.109584 -0.159457
v -0.059314 -0.106310 -0.157275
v -0.221083 -0.127079 -0.144967
v -0.218922 -0.126289 -0.141705
v -0.132920 -0.119116 -0.017382
v -0.132808 -0.118915 -0.021436
v -0.132950 -0.120185 -0.019323
v -0.130083 -0.115893 -0.019558
v -0.136178 -0.121749 -0.022449
v -0.135886 -0.119226 -0.015865
v -0.129824 -0.116671 -0.022550
v -0.133270 -0.115874 -0.016264
v -0.133224 -0.118947 -0.025674
v -0.136127 -0.121766 -0.019273
v -0.129653 -0.115383 -0.016283
v -0.136228 -0.121296 -0.025626
v -0.139304 -0.121682 -0.019222
v -0.136054 -0.115939 -0.014664
v -0.132849 -0.115229 -0.012969
v -0.139355 -0.121977 -0.022399
v -0.139254 -0.120728 -0.016045
v -0.138864 -0.115939 -0.012430
v -0.129645 -0.115663 -0.010446
v -0.139276 -0.121162 -0.028329
v -0.142952 -0.121349 -0.019289
v -0.138705 -0.119527 -0.012876
v -0.136026 -0.114687 -0.012919
v -0.132799 -0.114926 -0.009792
v -0.142446 -0.121124 -0.015978
v -0.139153 -0.118244 -0.009691
v -0.135976 -0.113946 -0.009742
v -0.134567 -0.113713 -0.006718
v -0.142151 -0.120827 -0.012065
v -0.140316 -0.115939 -0.009673
v -0.139153 -0.113703 -0.009691
v -0.139153 -0.120204 -0.009691
v -0.139102 -0.118407 -0.006514
v -0.139102 -0.120054 -0.006514
v -0.142014 -0.115939 -0.006468
v -0.139102 -0.113713 -0.006514
v -0.141726 -0.120661 -0.004185
v -0.139052 -0.120404 -0.003338
v -0.139043 -0.112992 -0.002755
v -0.141653 -0.115939 -0.003296
v -0.138684 -0.119500 0.000078
v -0.142207 -0.112761 -0.001881
v -0.140411 -0.119116 0.003039
v -0.142062 -0.115939 0.000038
v -0.129094 -0.112761 0.023452
v -0.128791 -0.115935 0.025099
v -0.130447 -0.112761 0.025125
v -0.129017 -0.115611 0.028280
v -0.129068 -0.111165 0.025103
v -0.125739 -0.112713 0.021669
v -0.130127 -0.112761 0.028298
v -0.125891 -0.110592 0.025053
v -0.104577 -0.119121 -0.108799
v -0.103539 -0.115939 -0.108765
v -0.105805 -0.112743 -0.110736
v -0.102796 -0.112696 -0.108608
v -0.152045 -0.120931 0.003524
v -0.125283 -0.112761 -0.136927
v -0.125234 -0.113856 -0.133843
v -0.044543 -0.113631 -0.132087
v -0.044469 -0.112792 -0.135074
v -0.048789 -0.112725 -0.134889
v -0.045929 -0.111036 -0.138446
v -0.052116 -0.113787 -0.131809
v -0.054102 -0.112690 -0.134866
v -0.055365 -0.109573 -0.140120
v -0.055292 -0.113786 -0.131775
v -0.043469 -0.109663 -0.140384
v -0.058570 -0.110428 -0.138078
v -0.058513 -0.112492 -0.134510
v -0.055774 -0.114479 -0.127594
v -0.052266 -0.108824 -0.141356
v -0.058789 -0.109576 -0.141218
v -0.058469 -0.114082 -0.131724
v -0.055443 -0.108926 -0.141306
v -0.048719 -0.106328 -0.144932
v -0.061747 -0.110840 -0.138028
v -0.061646 -0.113860 -0.131674
v -0.058905 -0.114326 -0.129352
v -0.055494 -0.107818 -0.144482
v -0.052195 -0.105759 -0.146561
v -0.058671 -0.108926 -0.144432
v -0.061797 -0.110047 -0.141205
v -0.061691 -0.112579 -0.134543
v -0.052415 -0.103975 -0.150887
v -0.060176 -0.109584 -0.144408
v -0.064974 -0.111701 -0.141154
v -0.064924 -0.112123 -0.137977
v -0.065252 -0.113240 -0.131905
v -0.065773 -0.113684 -0.128304
v -0.055541 -0.106250 -0.147453
v -0.058731 -0.106330 -0.147572
v -0.058492 -0.109584 -0.147389
v -0.064873 -0.112303 -0.134801
v -0.064722 -0.113533 -0.125270
v -0.058771 -0.104759 -0.150786
v -0.058686 -0.112761 -0.145419
v -0.067932 -0.113212 -0.137877
v -0.066621 -0.112761 -0.134773
v -0.068000 -0.113569 -0.131573
v -0.067899 -0.113427 -0.125219
v -0.055645 -0.104275 -0.154013
v -0.071177 -0.113741 -0.131523
v -0.070830 -0.113004 -0.124668
v -0.069441 -0.112628 -0.121622
v -0.061931 -0.105766 -0.150662
v -0.058822 -0.105197 -0.153963
v -0.071277 -0.114104 -0.137877
v -0.068050 -0.113567 -0.134750
v -0.071278 -0.113679 -0.128193
v -0.061796 -0.106955 -0.153931
v -0.062502 -0.106407 -0.147690
v -0.059314 -0.106310 -0.157275
v -0.071883 -0.113121 -0.134689
v -0.074180 -0.112694 -0.130909
v -0.075428 -0.112185 -0.121654
v -0.073844 -0.112761 -0.125290
v -0.065176 -0.107086 -0.153862
v -0.065131 -0.106266 -0.151020
v -0.074196 -0.112525 -0.138006
v -0.074498 -0.115950 -0.140583
v -0.077598 -0.112803 -0.128617
v -0.074459 -0.112318 -0.116997
v -0.062049 -0.107145 -0.157089
v -0.074404 -0.112179 -0.134649
v -0.074275 -0.115916 -0.144207
v -0.080648 -0.112402 -0.131360
v -0.077430 -0.112492 -0.125068
v -0.082992 -0.111985 -0.115951
v -0.084397 -0.111891 -0.126255
v -0.080606 -0.112254 -0.125018
v -0.081517 -0.111936 -0.113021
v -0.086541 -0.111170 -0.131805
v -0.086321 -0.111796 -0.118817
v -0.086745 -0.112111 -0.113642
v -0.087011 -0.111211 -0.128094
v -0.088621 -0.109831 -0.134877
v -0.087060 -0.111831 -0.124916
v -0.090188 -0.111278 -0.128043
v -0.090036 -0.111413 -0.118513
v -0.093632 -0.111002 -0.128119
v -0.090117 -0.111663 -0.124892
v -0.119593 -0.119173 0.021447
v -0.125941 -0.119372 0.021876
v -0.117586 -0.115939 0.021743
v -0.116461 -0.113847 0.018548
v -0.116434 -0.112761 0.020253
v -0.119956 -0.112369 0.021665
v -0.113284 -0.114038 0.018497
v -0.116410 -0.111397 0.021725
v -0.113235 -0.112762 0.021675
v -0.195389 -0.127857 0.060800
v -0.191589 -0.127744 0.065781
v -0.191932 -0.127683 0.063024
v -0.192326 -0.127567 0.050595
v -0.183390 -0.127330 0.062582
v -0.185165 -0.127265 0.056222
v -0.192102 -0.127603 0.057881
v -0.197004 -0.127787 0.046845
v -0.192295 -0.127317 0.042022
v -0.178683 -0.127051 0.062095
v -0.182628 -0.127018 0.055050
v -0.196276 -0.127697 0.039820
v -0.189022 -0.127441 0.048261
v -0.185001 -0.126919 0.044969
v -0.179064 -0.126870 0.058006
v -0.190770 -0.126819 0.037989
v -0.173485 -0.127008 0.064983
v -0.182722 -0.126776 0.048199
v -0.179133 -0.126409 0.046695
v -0.172860 -0.126802 0.059439
v -0.167111 -0.126302 0.058723
v -0.179744 -0.126205 0.044637
v -0.173170 -0.126584 0.052326
v -0.183963 -0.125971 0.039145
v -0.179552 -0.125581 0.040524
v -0.172043 -0.125533 0.042224
v -0.163075 -0.126185 0.058499
v -0.167007 -0.125561 0.050000
v -0.163741 -0.125619 0.050730
v -0.164967 -0.125036 0.041735
v -0.159450 -0.126263 0.057875
v -0.157990 -0.125940 0.047523
v -0.170115 -0.125216 0.041643
v -0.160299 -0.125874 0.047442
v -0.167417 -0.124495 0.037452
v -0.152891 -0.126067 0.060627
v -0.155392 -0.125901 0.048782
v -0.159272 -0.125497 0.042974
v -0.154029 -0.126018 0.054099
v -0.150884 -0.125979 0.059557
v -0.150456 -0.125247 0.045906
v -0.149164 -0.125572 0.050897
v -0.147566 -0.125693 0.055034
v -0.145956 -0.125966 0.059157
v -0.147776 -0.125198 0.047644
v -0.145087 -0.125357 0.049304
v -0.140205 -0.125884 0.057808
v -0.216521 -0.127908 -0.077263
v -0.217960 -0.128147 -0.082798
v -0.213941 -0.127141 -0.078940
v -0.211152 -0.125189 -0.084177
v -0.213498 -0.125454 -0.089750
v -0.219519 -0.127426 -0.092818
v -0.210305 -0.125114 -0.088005
v -0.210433 -0.124890 -0.092351
v -0.205264 -0.124661 -0.081913
v -0.220100 -0.127039 -0.098649
v -0.213865 -0.125237 -0.095376
v -0.207005 -0.125025 -0.090292
v -0.216266 -0.125515 -0.101458
v -0.213155 -0.124970 -0.099063
v -0.207478 -0.124944 -0.096438
v -0.219501 -0.126458 -0.105975
v -0.218274 -0.126284 -0.113064
v -0.213456 -0.125316 -0.107275
v -0.208117 -0.125437 -0.106180
v -0.220289 -0.126622 -0.116446
v -0.220559 -0.125955 -0.122982
v -0.217489 -0.126003 -0.120304
v -0.225278 -0.126091 -0.128632
v -0.219836 -0.125386 -0.127538
v -0.216844 -0.124392 -0.131375
v -0.220625 -0.125303 -0.132594
v -0.213713 -0.124371 -0.129373
v -0.224378 -0.125970 -0.136021
v -0.214142 -0.124412 -0.132983
v -0.218604 -0.125805 -0.138195
v -0.210563 -0.124796 -0.133352
v -0.218922 -0.126289 -0.141705
v -0.214289 -0.125855 -0.138785
v 0.028243 -0.111691 -0.033961
v 0.026065 -0.112009 -0.021886
v 0.028957 -0.110905 -0.025236
v 0.023597 -0.112852 -0.023340
v 0.022522 -0.113889 -0.031225
v 0.020003 -0.114152 -0.025288
v 0.018566 -0.115243 -0.032945
v 0.017579 -0.115135 -0.028465
v 0.016900 -0.116400 -0.036527
v 0.013188 -0.116827 -0.024396
v 0.013757 -0.115733 -0.017389
v 0.012948 -0.117722 -0.036952
v 0.027747 -0.112378 -0.039149
v 0.013038 -0.117040 -0.030609
v 0.025622 -0.113636 -0.040929
v 0.012902 -0.119856 -0.043720
v 0.009906 -0.117859 -0.026564
v 0.009899 -0.117201 -0.020175
v 0.010463 -0.116458 -0.013330
v 0.009008 -0.118343 -0.033424
v 0.028657 -0.112443 -0.045349
v 0.020052 -0.116235 -0.040902
v 0.016785 -0.118829 -0.043955
v 0.009500 -0.118977 -0.038924
v 0.022399 -0.116896 -0.044058
v 0.016678 -0.119255 -0.047245
v 0.007073 -0.120345 -0.043572
v 0.006960 -0.118435 -0.026571
v 0.006705 -0.117618 -0.016135
v 0.007232 -0.116018 -0.004789
v 0.006398 -0.119087 -0.034445
v 0.012714 -0.120181 -0.047371
v 0.006504 -0.119958 -0.040193
v 0.007325 -0.120427 -0.046693
v 0.005165 -0.119116 -0.031048
v 0.004396 -0.117961 -0.016217
v 0.007202 -0.116383 -0.008124
v 0.016676 -0.119094 -0.052126
v 0.002767 -0.120761 -0.043630
v 0.002695 -0.119554 -0.031150
v 0.002260 -0.118560 -0.019549
v 0.002741 -0.120652 -0.039536
v 0.012683 -0.119708 -0.053411
v 0.007485 -0.120195 -0.050232
v 0.002338 -0.120663 -0.047552
v 0.000563 -0.117992 -0.013208
v 0.012572 -0.119049 -0.059601
v -0.003271 -0.120987 -0.042735
v -0.006837 -0.121027 -0.048597
v -0.005673 -0.118923 -0.018802
v 0.000005 -0.120301 -0.034253
v 0.015606 -0.118513 -0.060583
v 0.009232 -0.119399 -0.058582
v 0.000134 -0.120486 -0.051890
v -0.005047 -0.119872 -0.030126
v 0.012727 -0.118994 -0.067001
v 0.006904 -0.119262 -0.065900
v 0.005541 -0.119409 -0.058054
v -0.003698 -0.120670 -0.052967
v 0.012903 -0.119189 -0.072973
v 0.002280 -0.119413 -0.057803
v -0.010895 -0.120926 -0.053214
v -0.004485 -0.120121 -0.056524
v 0.008873 -0.119677 -0.073084
v -0.000175 -0.119196 -0.060860
v -0.009916 -0.120346 -0.058313
v -0.015556 -0.121337 -0.051072
v 0.012231 -0.119398 -0.078140
v 0.005231 -0.119835 -0.071747
v -0.006358 -0.119967 -0.059408
v 0.007113 -0.119705 -0.077197
v 0.001848 -0.119835 -0.068781
v -0.006471 -0.120007 -0.063771
v -0.014539 -0.120523 -0.061985
v 0.000630 -0.120156 -0.071324
v -0.019163 -0.121024 -0.058432
v -0.004186 -0.120685 -0.072159
v -0.013865 -0.120931 -0.068939
v -0.022401 -0.121117 -0.062171
v -0.022297 -0.121438 -0.053268
v -0.004352 -0.120497 -0.069323
v -0.018578 -0.121144 -0.067928
v -0.024990 -0.121349 -0.050476
v -0.016094 -0.121074 -0.071934
v -0.021133 -0.121109 -0.070346
v -0.028450 -0.121440 -0.057144
v -0.007635 -0.120474 -0.075453
v -0.028992 -0.121027 -0.064763
v -0.036208 -0.120804 -0.050922
v -0.015206 -0.120642 -0.075058
v -0.024996 -0.119871 -0.078456
v -0.028449 -0.120720 -0.073184
v -0.032735 -0.121483 -0.059360
v -0.031844 -0.121241 -0.055882
v -0.037780 -0.120153 -0.046233
v -0.019439 -0.120503 -0.075145
v -0.047191 -0.119955 -0.047331
v -0.028448 -0.120236 -0.039662
v -0.019480 -0.118569 -0.081139
v -0.030390 -0.120572 -0.076568
v -0.038335 -0.121865 -0.063614
v -0.035343 -0.121595 -0.060739
v -0.045007 -0.121242 -0.055407
v -0.041023 -0.119775 -0.041181
v -0.035397 -0.119961 -0.037154
v -0.028601 -0.119919 -0.081386
v -0.019590 -0.117927 -0.084676
v -0.046165 -0.121141 -0.055028
v -0.044071 -0.119839 -0.041146
v -0.031741 -0.120529 -0.082598
v -0.022545 -0.118048 -0.086120
v -0.036268 -0.120945 -0.076353
v -0.016375 -0.117967 -0.085100
v -0.045579 -0.122305 -0.063512
v -0.047628 -0.120160 -0.049276
v -0.040832 -0.120026 -0.035464
v -0.051387 -0.120063 -0.045369
v -0.026839 -0.119017 -0.085927
v -0.043322 -0.122041 -0.071680
v -0.019640 -0.117780 -0.087853
v -0.044651 -0.122175 -0.062570
v -0.052750 -0.121521 -0.056867
v -0.051943 -0.120086 -0.049017
v -0.039437 -0.120281 -0.027846
v -0.049511 -0.120471 -0.036666
v -0.044566 -0.120539 -0.030817
v -0.032398 -0.120590 -0.090828
v -0.035475 -0.120964 -0.084424
v -0.022393 -0.117834 -0.092351
v -0.038245 -0.121099 -0.076348
v -0.043940 -0.122394 -0.065303
v -0.051006 -0.122080 -0.061933
v -0.051844 -0.120609 -0.052324
v -0.058117 -0.120451 -0.048836
v -0.050920 -0.120560 -0.034999
v -0.026308 -0.118660 -0.090697
v -0.036288 -0.121121 -0.088792
v -0.042854 -0.121667 -0.080476
v -0.056728 -0.122042 -0.063140
v -0.050203 -0.122282 -0.066043
v -0.060403 -0.121028 -0.054432
v -0.044174 -0.120392 -0.023150
v -0.053881 -0.120393 -0.042822
v -0.047325 -0.120642 -0.030215
v -0.052971 -0.120517 -0.037981
v -0.030494 -0.119813 -0.093227
v -0.035947 -0.120907 -0.096724
v -0.025911 -0.117763 -0.096296
v -0.048085 -0.122019 -0.077050
v -0.051911 -0.120582 -0.023600
v -0.063512 -0.120808 -0.049024
v -0.052060 -0.120795 -0.026845
v -0.053794 -0.120590 -0.031777
v -0.038649 -0.121277 -0.098601
v -0.044536 -0.121540 -0.089074
v -0.025393 -0.117202 -0.099952
v -0.048132 -0.121827 -0.081045
v -0.051157 -0.122211 -0.071464
v -0.054114 -0.122106 -0.072060
v -0.059697 -0.121893 -0.063250
v -0.069253 -0.120859 -0.049314
v -0.062834 -0.120945 -0.041345
v -0.059045 -0.120714 -0.035415
v -0.033208 -0.119470 -0.098915
v -0.037973 -0.120598 -0.102683
v -0.045005 -0.121548 -0.084273
v -0.048333 -0.121648 -0.087061
v -0.049835 -0.121750 -0.083193
v -0.060242 -0.121506 -0.068174
v -0.060380 -0.121653 -0.060178
v -0.058030 -0.120206 -0.025105
v -0.067740 -0.120694 -0.055946
v -0.066233 -0.121070 -0.043808
v -0.029481 -0.117237 -0.102795
v -0.042015 -0.121291 -0.102487
v -0.057983 -0.121723 -0.074736
v -0.063630 -0.120878 -0.056281
v -0.063910 -0.121212 -0.068063
v -0.075977 -0.120733 -0.044609
v -0.069765 -0.120954 -0.042569
v -0.064638 -0.120581 -0.035248
v -0.026694 -0.117003 -0.104774
v -0.032600 -0.117732 -0.103536
v -0.042940 -0.121293 -0.106719
v -0.048037 -0.121433 -0.091416
v -0.052522 -0.121362 -0.093517
v -0.054803 -0.121703 -0.080161
v -0.057612 -0.121721 -0.077717
v -0.066880 -0.120472 -0.060205
v -0.069700 -0.119885 -0.064968
v -0.074589 -0.120911 -0.054513
v -0.068720 -0.120532 -0.034568
v -0.067091 -0.120037 -0.030504
v -0.069986 -0.120777 -0.036827
v -0.029546 -0.116800 -0.107927
v -0.035759 -0.117520 -0.108833
v -0.038779 -0.120093 -0.106662
v -0.047573 -0.121242 -0.101908
v -0.048384 -0.121389 -0.096930
v -0.054590 -0.121728 -0.087780
v -0.054536 -0.121686 -0.084121
v -0.060150 -0.121715 -0.083403
v -0.063878 -0.121577 -0.073099
v -0.069121 -0.120082 -0.061052
v -0.072214 -0.120880 -0.039899
v -0.077586 -0.120799 -0.046369
v -0.027861 -0.117268 -0.115427
v -0.032650 -0.116983 -0.106712
v -0.041131 -0.120355 -0.108971
v -0.049631 -0.121044 -0.105775
v -0.060773 -0.121931 -0.093818
v -0.066970 -0.121167 -0.071287
v -0.075731 -0.120995 -0.036151
v -0.079141 -0.120944 -0.053879
v -0.083230 -0.120926 -0.045057
v -0.073132 -0.119575 -0.062681
v -0.077731 -0.120559 -0.032775
v -0.073545 -0.119756 -0.030076
v -0.032701 -0.116575 -0.109889
v -0.045474 -0.120854 -0.109606
v -0.051651 -0.121411 -0.100041
v -0.059220 -0.121988 -0.090238
v -0.064241 -0.121967 -0.080430
v -0.076210 -0.119797 -0.068702
v -0.078609 -0.121249 -0.036732
v -0.080425 -0.120433 -0.060011
v -0.082746 -0.120893 -0.050870
v -0.074017 -0.119079 -0.025782
v -0.032751 -0.116442 -0.113066
v -0.035928 -0.116542 -0.113016
v -0.041413 -0.116942 -0.115626
v -0.052062 -0.120529 -0.109616
v -0.051952 -0.121081 -0.104118
v -0.060623 -0.121617 -0.101758
v -0.064908 -0.122210 -0.090414
v -0.064437 -0.122202 -0.084849
v -0.067641 -0.121511 -0.076960
v -0.081725 -0.120488 -0.060321
v -0.082674 -0.120796 -0.055075
v -0.087395 -0.120767 -0.045628
v -0.082493 -0.121244 -0.039082
v -0.080116 -0.119860 -0.065361
v -0.082798 -0.120091 -0.030577
v -0.032902 -0.116321 -0.117806
v -0.039105 -0.117390 -0.112965
v -0.045152 -0.119139 -0.112912
v -0.051811 -0.119031 -0.112654
v -0.064103 -0.121813 -0.098113
v -0.066410 -0.122306 -0.093899
v -0.067460 -0.122604 -0.083430
v -0.076223 -0.120033 -0.071001
v -0.082209 -0.121124 -0.036016
v -0.087258 -0.120944 -0.056110
v -0.090744 -0.120897 -0.045850
v -0.088228 -0.120636 -0.041348
v -0.082700 -0.119408 -0.024433
v -0.025036 -0.117044 -0.122951
v -0.035986 -0.116009 -0.116670
v -0.039094 -0.116250 -0.116274
v -0.046111 -0.116796 -0.116110
v -0.054176 -0.119159 -0.112767
v -0.060437 -0.121029 -0.106210
v -0.064369 -0.121700 -0.103031
v -0.080334 -0.119540 -0.067420
v -0.070625 -0.122431 -0.083825
v -0.079355 -0.120247 -0.077456
v -0.074326 -0.121416 -0.082348
v -0.085952 -0.120876 -0.061379
v -0.092003 -0.120669 -0.042217
v -0.088735 -0.119948 -0.034119
v -0.085636 -0.120040 -0.031645
v -0.081834 -0.119203 -0.022500
v -0.042215 -0.115740 -0.119972
v -0.046918 -0.115441 -0.119150
v -0.052038 -0.116037 -0.116275
v -0.061307 -0.120489 -0.109385
v -0.070155 -0.122423 -0.098224
v -0.070581 -0.122468 -0.091455
v -0.082918 -0.119116 -0.070946
v -0.086002 -0.120413 -0.064556
v -0.083401 -0.119239 -0.075877
v -0.092104 -0.121067 -0.048570
v -0.097914 -0.120627 -0.041644
v -0.091953 -0.120327 -0.039040
v -0.087845 -0.119341 -0.026197
v -0.086998 -0.118589 -0.016395
v -0.036961 -0.115208 -0.121601
v -0.058209 -0.115604 -0.115367
v -0.058167 -0.119130 -0.112676
v -0.064097 -0.120939 -0.109355
v -0.085619 -0.119140 -0.070917
v -0.086053 -0.119656 -0.067733
v -0.073419 -0.122256 -0.091567
v -0.079951 -0.120905 -0.083718
v -0.083078 -0.119639 -0.080491
v -0.089558 -0.119843 -0.069751
v -0.089621 -0.121178 -0.058190
v -0.097355 -0.121072 -0.044690
v -0.090163 -0.121078 -0.053919
v -0.095957 -0.119888 -0.035181
v -0.093526 -0.119575 -0.031314
v -0.043112 -0.114886 -0.124987
v -0.048245 -0.114797 -0.122458
v -0.053744 -0.114955 -0.118912
v -0.056201 -0.114798 -0.119060
v -0.061344 -0.119144 -0.112646
v -0.064520 -0.120146 -0.112562
v -0.076964 -0.122021 -0.096503
v -0.076597 -0.121469 -0.089577
v -0.080002 -0.120971 -0.086895
v -0.083071 -0.120219 -0.085823
v -0.084909 -0.119055 -0.082438
v -0.089129 -0.121037 -0.061328
v -0.096522 -0.121418 -0.048867
v -0.101433 -0.119582 -0.035712
v -0.107184 -0.121205 -0.045847
v -0.088820 -0.118696 -0.017280
v -0.052079 -0.114626 -0.122477
v -0.061473 -0.113464 -0.119003
v -0.061368 -0.115939 -0.114157
v -0.086029 -0.119112 -0.073432
v -0.081007 -0.120824 -0.090341
v -0.085839 -0.119082 -0.077269
v -0.092400 -0.121322 -0.062212
v -0.101350 -0.121224 -0.047258
v -0.101013 -0.118927 -0.031789
v -0.097040 -0.119452 -0.032342
v -0.099198 -0.118664 -0.025847
v -0.091924 -0.118670 -0.017251
v -0.048095 -0.114437 -0.127654
v -0.058150 -0.114305 -0.122376
v -0.061394 -0.114296 -0.115790
v -0.064537 -0.115939 -0.113638
v -0.085918 -0.118837 -0.086801
v -0.086255 -0.118669 -0.080440
v -0.095305 -0.120475 -0.069744
v -0.095831 -0.121868 -0.058208
v -0.097507 -0.121896 -0.054533
v -0.107854 -0.119522 -0.033429
v -0.107026 -0.121834 -0.052231
v -0.091701 -0.118883 -0.023155
v -0.091550 -0.118259 -0.013624
v -0.061545 -0.113822 -0.125320
v -0.064621 -0.113082 -0.118916
v -0.089852 -0.119025 -0.073817
v -0.083229 -0.120510 -0.090021
v -0.086305 -0.118336 -0.083617
v -0.089381 -0.118778 -0.077213
v -0.095909 -0.121769 -0.060639
v -0.092457 -0.119959 -0.070809
v -0.101685 -0.121690 -0.051596
v -0.107891 -0.120466 -0.039712
v -0.104665 -0.118679 -0.029631
v -0.111031 -0.121120 -0.045844
v -0.096240 -0.118611 -0.022697
v -0.098243 -0.118103 -0.014462
v -0.091960 -0.117309 -0.007661
v -0.064571 -0.113544 -0.115739
v -0.083279 -0.120660 -0.093198
v -0.086774 -0.119189 -0.089687
v -0.089532 -0.116985 -0.086744
v -0.089431 -0.118116 -0.080390
v -0.098963 -0.120802 -0.068912
v -0.097964 -0.120075 -0.076844
v -0.101566 -0.121920 -0.058224
v -0.101736 -0.121924 -0.054773
v -0.110796 -0.119453 -0.035368
v -0.109441 -0.118282 -0.029147
v -0.105302 -0.118046 -0.023296
v -0.114343 -0.121127 -0.048218
v -0.101736 -0.118348 -0.018043
v -0.089428 -0.117279 -0.007290
v -0.070252 -0.112499 -0.118932
v -0.067929 -0.113265 -0.115684
v -0.092851 -0.118970 -0.078218
v -0.089482 -0.117127 -0.083567
v -0.101887 -0.121470 -0.064304
v -0.111065 -0.120901 -0.041914
v -0.111014 -0.120370 -0.038737
v -0.111324 -0.118703 -0.031778
v -0.111068 -0.117485 -0.025862
v -0.106057 -0.118244 -0.017245
v -0.113351 -0.121645 -0.053481
v -0.114152 -0.120680 -0.042242
v -0.099577 -0.117242 -0.007480
v -0.092038 -0.116532 0.000199
v -0.086967 -0.119358 -0.093140
v -0.089583 -0.117523 -0.089921
v -0.092659 -0.117310 -0.083516
v -0.102124 -0.120284 -0.079999
v -0.106258 -0.121838 -0.061650
v -0.117734 -0.119740 -0.039436
v -0.112734 -0.117217 -0.022481
v -0.110278 -0.117631 -0.017219
v -0.119049 -0.120964 -0.048816
v -0.111267 -0.121750 -0.054622
v -0.104491 -0.118139 -0.014158
v -0.101030 -0.117574 -0.010296
v -0.096754 -0.119329 -0.079759
v -0.092658 -0.115915 -0.089591
v -0.092709 -0.116440 -0.086693
v -0.107754 -0.120884 -0.076368
v -0.108881 -0.121256 -0.070341
v -0.119403 -0.119074 -0.035311
v -0.118690 -0.117515 -0.028934
v -0.117116 -0.116989 -0.022752
v -0.107611 -0.117719 -0.013100
v -0.120652 -0.121656 -0.056007
v -0.112072 -0.121978 -0.061667
v -0.105354 -0.116764 -0.006742
v -0.096000 -0.116749 -0.001207
v -0.089811 -0.116121 -0.093580
v -0.095665 -0.116245 -0.087551
v -0.099318 -0.119055 -0.083236
v -0.108237 -0.120155 -0.082650
v -0.123359 -0.118323 -0.034146
v -0.119666 -0.116715 -0.022308
v -0.116504 -0.116618 -0.018157
v -0.113889 -0.117173 -0.019625
v -0.113103 -0.116965 -0.012755
v -0.123823 -0.119705 -0.044889
v -0.124099 -0.120571 -0.050476
v -0.114494 -0.121861 -0.057748
v -0.100879 -0.116887 -0.000766
v -0.098099 -0.115443 0.004300
v -0.092984 -0.114186 -0.096053
v -0.102190 -0.119828 -0.083365
v -0.111626 -0.121215 -0.074043
v -0.111638 -0.120986 -0.079813
v -0.113289 -0.121467 -0.070120
v -0.129758 -0.117304 -0.032430
v -0.125181 -0.116954 -0.024804
v -0.113838 -0.117166 -0.016448
v -0.129221 -0.118819 -0.045876
v -0.123924 -0.121790 -0.057584
v -0.113991 -0.122005 -0.062395
v -0.104499 -0.116783 -0.000675
v -0.100740 -0.115537 0.004682
v -0.094084 -0.114120 0.009990
v -0.089684 -0.114448 -0.096274
v -0.099335 -0.116150 -0.089346
v -0.102438 -0.119059 -0.085554
v -0.111720 -0.120433 -0.083214
v -0.130887 -0.118075 -0.037831
v -0.126152 -0.115750 -0.019559
v -0.121576 -0.115378 -0.016261
v -0.116988 -0.115943 -0.013174
v -0.110495 -0.116545 -0.005988
v -0.130040 -0.118527 -0.041523
v -0.126714 -0.120258 -0.051441
v -0.117306 -0.122076 -0.062981
v -0.100809 -0.114126 0.011569
v -0.097538 -0.115023 0.008654
v -0.096032 -0.114182 -0.095088
v -0.089707 -0.112761 -0.097768
v -0.086870 -0.115939 -0.096397
v -0.099262 -0.114654 -0.095455
v -0.118442 -0.121945 -0.079851
v -0.122982 -0.122356 -0.072378
v -0.104886 -0.119154 -0.086662
v -0.109563 -0.119171 -0.086832
v -0.133152 -0.117516 -0.032031
v -0.129681 -0.117365 -0.029048
v -0.130083 -0.115893 -0.019558
v -0.114315 -0.116148 -0.009212
v -0.129117 -0.119102 -0.047401
v -0.136901 -0.119087 -0.047756
v -0.127402 -0.121531 -0.058320
v -0.124120 -0.122257 -0.066401
v -0.111109 -0.116662 -0.001000
v -0.106404 -0.116083 0.003099
v -0.103904 -0.114142 0.008816
v -0.097566 -0.113129 0.015427
v -0.096668 -0.113396 -0.099755
v -0.086522 -0.112761 -0.097294
v -0.092652 -0.112817 -0.099555
v -0.101850 -0.116128 -0.092904
v -0.102290 -0.116751 -0.089719
v -0.117872 -0.121860 -0.070405
v -0.115324 -0.120235 -0.086340
v -0.133253 -0.118209 -0.038384
v -0.133202 -0.117892 -0.035207
v -0.133332 -0.118392 -0.028410
v -0.129874 -0.117358 -0.025727
v -0.129653 -0.115383 -0.016283
v -0.129824 -0.116671 -0.022550
v -0.122089 -0.115426 -0.011386
v -0.116915 -0.115599 -0.010044
v -0.114308 -0.116057 -0.007022
v -0.133602 -0.119132 -0.049887
v -0.121427 -0.122237 -0.066967
v -0.113637 -0.116501 -0.003741
v -0.107174 -0.115325 0.005649
v -0.103854 -0.113691 0.011992
v -0.090173 -0.113322 0.014258
v -0.089734 -0.111881 -0.099451
v -0.085343 -0.115939 -0.096343
v -0.102408 -0.115927 -0.095931
v -0.124327 -0.122540 -0.076658
v -0.108644 -0.119016 -0.089618
v -0.105467 -0.118226 -0.089669
v -0.111242 -0.119134 -0.089612
v -0.121364 -0.121425 -0.084866
v -0.136452 -0.119197 -0.031695
v -0.133224 -0.118947 -0.025674
v -0.129645 -0.115663 -0.010446
v -0.116855 -0.115829 -0.006304
v -0.136739 -0.119785 -0.057482
v -0.139506 -0.119070 -0.050982
v -0.136889 -0.118177 -0.038802
v -0.128884 -0.121708 -0.061729
v -0.123622 -0.122326 -0.068567
v -0.117986 -0.117005 -0.000384
v -0.110370 -0.116145 0.004283
v -0.100627 -0.113715 0.015119
v -0.107081 -0.114110 0.008866
v -0.103804 -0.114492 0.015169
v -0.088599 -0.113638 0.012988
v -0.091122 -0.112709 0.016913
v -0.092961 -0.111960 -0.102578
v -0.099265 -0.113663 -0.099300
v -0.086557 -0.111532 -0.099502
v -0.088867 -0.111147 -0.102713
v -0.083337 -0.113293 -0.096806
v -0.105518 -0.117051 -0.092845
v -0.130662 -0.122605 -0.074755
v -0.126622 -0.122592 -0.080330
v -0.121083 -0.120755 -0.088573
v -0.124523 -0.122277 -0.082691
v -0.139446 -0.119107 -0.035090
v -0.136228 -0.121296 -0.025626
v -0.126461 -0.115525 -0.007614
v -0.139378 -0.119220 -0.055139
v -0.142935 -0.119738 -0.047764
v -0.139644 -0.119184 -0.043087
v -0.132767 -0.120898 -0.059854
v -0.131782 -0.121792 -0.064672
v -0.129836 -0.122208 -0.068237
v -0.113566 -0.116337 0.002683
v -0.110250 -0.114455 0.008975
v -0.097912 -0.112527 0.018035
v -0.110856 -0.113927 0.012172
v -0.093012 -0.111116 -0.105755
v -0.098803 -0.112824 -0.102665
v -0.083059 -0.115939 -0.096219
v -0.102442 -0.114341 -0.099250
v -0.105568 -0.117823 -0.096022
v -0.108695 -0.118236 -0.092795
v -0.118065 -0.120029 -0.092435
v -0.128284 -0.122631 -0.085881
v -0.139276 -0.121162 -0.028329
v -0.129984 -0.115214 -0.005903
v -0.122551 -0.115323 -0.006808
v -0.138156 -0.120410 -0.061033
v -0.142984 -0.119101 -0.050881
v -0.143182 -0.119602 -0.044416
v -0.139607 -0.118435 -0.038284
v -0.116806 -0.116505 0.002946
v -0.113486 -0.115353 0.005790
v -0.100977 -0.115683 0.018462
v -0.106981 -0.114467 0.015220
v -0.086080 -0.112507 0.017597
v -0.090995 -0.111586 0.021321
v -0.089835 -0.111268 -0.105805
v -0.096181 -0.110966 -0.107588
v -0.083380 -0.111569 -0.099552
v -0.083330 -0.118229 -0.096375
v -0.080196 -0.112256 -0.099157
v -0.104343 -0.115939 -0.099220
v -0.109041 -0.119078 -0.096054
v -0.133742 -0.122468 -0.072361
v -0.112392 -0.119167 -0.093233
v -0.134567 -0.113713 -0.006718
v -0.145269 -0.118795 -0.058032
v -0.145827 -0.118339 -0.053304
v -0.145555 -0.118822 -0.047722
v -0.142834 -0.117858 -0.041410
v -0.144037 -0.116048 -0.038000
v -0.120016 -0.116413 0.003257
v -0.119574 -0.114284 0.009154
v -0.104368 -0.116048 0.018207
v -0.097562 -0.115939 0.021758
v -0.110897 -0.114002 0.015037
v -0.097770 -0.112414 0.021243
v -0.086658 -0.111251 -0.105856
v -0.093117 -0.110767 -0.109338
v -0.099463 -0.111540 -0.107756
v -0.102492 -0.113655 -0.102427
v -0.083391 -0.110992 -0.102653
v -0.133959 -0.122843 -0.082861
v -0.134300 -0.122863 -0.076972
v -0.132691 -0.115602 -0.002994
v -0.138038 -0.121482 -0.067358
v -0.148663 -0.116622 -0.044427
v -0.125268 -0.116136 0.002835
v -0.103703 -0.118197 0.021523
v -0.100608 -0.119183 0.020942
v -0.119678 -0.113747 0.012312
v -0.116511 -0.113694 0.015371
v -0.106930 -0.114934 0.018397
v -0.085040 -0.112008 0.020516
v -0.090924 -0.110656 0.024653
v -0.089885 -0.111662 -0.108982
v -0.096397 -0.110183 -0.114706
v -0.098804 -0.110646 -0.113997
v -0.101106 -0.112761 -0.105626
v -0.138515 -0.122473 -0.074300
v -0.129482 -0.116131 -0.001017
v -0.135875 -0.114500 -0.003388
v -0.144633 -0.119470 -0.061489
v -0.149329 -0.116974 -0.048680
v -0.145648 -0.115695 -0.039188
v -0.123780 -0.113541 0.007986
v -0.106775 -0.115906 0.021761
v -0.101892 -0.119116 0.021494
v -0.096467 -0.119079 0.024586
v -0.097531 -0.112752 0.024497
v -0.110107 -0.114302 0.018447
v -0.094122 -0.111097 0.024549
v -0.086395 -0.111893 -0.109165
v -0.089936 -0.111627 -0.112159
v -0.093163 -0.110629 -0.115285
v -0.102796 -0.112696 -0.108608
v -0.102542 -0.114208 -0.105603
v -0.080254 -0.111015 -0.102779
v -0.137517 -0.123037 -0.078553
v -0.132648 -0.118895 -0.000261
v -0.139102 -0.113713 -0.006514
v -0.134190 -0.115939 -0.000237
v -0.152037 -0.118212 -0.060139
v -0.140060 -0.121156 -0.066876
v -0.152596 -0.116956 -0.051778
v -0.153420 -0.116508 -0.048985
v -0.150645 -0.116162 -0.043694
v -0.145910 -0.115157 -0.035006
v -0.146439 -0.120518 -0.066956
v -0.103646 -0.116568 0.025094
v -0.100476 -0.118786 0.024650
v -0.119688 -0.113869 0.015421
v -0.116461 -0.113847 0.018548
v -0.094071 -0.110386 0.027726
v -0.080307 -0.111817 -0.108007
v -0.096387 -0.110429 -0.118455
v -0.132603 -0.115496 0.002574
v -0.139043 -0.112992 -0.002755
v -0.137088 -0.113059 -0.000321
v -0.152772 -0.118696 -0.062889
v -0.148857 -0.115036 -0.036790
v -0.097482 -0.110768 0.027829
v -0.122865 -0.114450 0.015472
v -0.090849 -0.109583 0.031117
v -0.093213 -0.111096 -0.118462
v -0.157131 -0.117781 -0.058819
v -0.152617 -0.117750 -0.057143
v -0.119431 -0.116668 0.018458
v -0.139222 -0.111714 0.001032
v -0.135834 -0.112781 0.003009
v -0.152737 -0.119116 -0.064736
v -0.160648 -0.118876 -0.065032
v -0.100718 -0.109633 0.031248
v -0.142207 -0.112761 -0.001881
v -0.135199 -0.112597 0.006134
v -0.152768 -0.119624 -0.066674
v -0.103623 -0.110168 0.027889
v -0.142179 -0.111834 -0.000110
v -0.138901 -0.111547 0.006193
v -0.103501 -0.107780 0.034231
v -0.100274 -0.107791 0.037357
v -0.145541 -0.113950 -0.000094
v -0.142128 -0.111348 0.003067
v -0.142078 -0.111621 0.006244
v -0.138725 -0.112815 0.009105
v -0.109549 -0.108269 0.031327
v -0.145305 -0.111522 0.003117
v -0.106678 -0.107563 0.034281
v -0.103451 -0.107251 0.037408
v -0.100229 -0.109584 0.040182
v -0.145255 -0.111829 0.006294
v -0.106628 -0.108144 0.037458
v -0.103404 -0.109584 0.040366
v -0.110469 -0.109470 0.037592
v -0.106615 -0.109584 0.038234
v 0.026251 -0.115708 -0.164846
v -0.055544 -0.117959 -0.147659
v -0.056030 -0.119199 -0.150146
v -0.058753 -0.119116 -0.149616
v -0.058721 -0.117451 -0.147609
v -0.061898 -0.117022 -0.147559
v 0.058067 -0.115155 0.003068
v 0.054861 -0.112910 0.003115
v 0.054991 -0.111956 0.009472
v 0.054941 -0.112034 0.006295
v 0.058140 -0.112761 0.007660
v 0.057524 -0.112761 0.009432
v 0.052450 -0.109584 0.009216
v 0.058168 -0.115342 0.009421
v 0.041500 -0.115939 -0.040756
v 0.042640 -0.112690 -0.036973
v 0.038175 -0.115491 -0.037647
v 0.038337 -0.115939 -0.038749
v 0.038350 -0.117423 -0.037930
v 0.038175 -0.115491 -0.037647
v 0.041527 -0.118999 -0.037980
v 0.038350 -0.117423 -0.037930
v 0.041527 -0.118999 -0.037980
v 0.029364 -0.112614 -0.003465
v 0.032045 -0.112714 -0.006053
v 0.032551 -0.111572 -0.002883
v 0.029425 -0.111830 0.000344
v 0.029324 -0.113074 -0.006009
v 0.032641 -0.109617 0.000417
v 0.029473 -0.109584 0.003363
v 0.034314 -0.109584 -0.002911
v 0.034630 -0.109584 -0.006094
v 0.032486 -0.114816 -0.009044
v 0.029068 -0.116013 -0.006187
v 0.026168 -0.115939 -0.004664
v 0.029374 -0.116790 -0.002832
v 0.032850 -0.116499 -0.003490
v -0.036837 -0.113734 0.029995
v -0.036817 -0.112761 0.031211
v -0.033655 -0.113134 0.030257
v -0.034592 -0.115939 0.026782
v -0.073950 -0.116734 -0.106057
v -0.076209 -0.119116 -0.109199
v -0.074063 -0.119134 -0.112416
v -0.074051 -0.116035 -0.112411
v -0.142179 -0.113073 -0.000110
v -0.142072 -0.115931 0.008690
v -0.142138 -0.116517 0.003051
v -0.138901 -0.117357 0.006193
v -0.145226 -0.115939 0.008074
v -0.148215 -0.116268 0.006540
v -0.148384 -0.115939 0.009336
v -0.150150 -0.115939 0.006372
v -0.148482 -0.116256 0.003167
v -0.150398 -0.115939 0.003198
v -0.136998 -0.115939 0.009341
v -0.148532 -0.118258 -0.000009
v -0.145541 -0.113950 -0.000094
v -0.142062 -0.115939 0.000038
v -0.139002 -0.116769 -0.000161
v -0.139052 -0.118635 -0.003338
v -0.141653 -0.115939 -0.003296
v -0.142014 -0.115939 -0.006468
v -0.139102 -0.118407 -0.006514
v -0.135875 -0.118511 -0.003388
v -0.135926 -0.118365 -0.006565
v -0.135240 -0.119116 -0.006898
v -0.135547 -0.119097 -0.002704
v -0.138684 -0.119500 0.000078
v -0.135674 -0.117810 0.009320
v -0.135692 -0.119281 0.006082
v -0.132497 -0.119076 0.009269
v -0.129370 -0.118025 0.006042
v -0.129320 -0.119117 0.009230
v -0.125887 -0.118982 0.009386
v -0.126300 -0.117861 0.005957
v -0.124077 -0.119116 0.005958
v -0.130495 -0.119130 0.004060
v -0.126286 -0.119141 0.003494
v -0.132467 -0.115939 0.011127
v -0.129069 -0.115939 0.012251
v -0.138067 -0.119116 -0.009709
v -0.139153 -0.118244 -0.009691
v -0.138705 -0.119527 -0.012876
v -0.151742 -0.119116 -0.002020
v -0.154782 -0.120882 0.000202
v -0.148532 -0.120130 -0.000009
v -0.148546 -0.119116 -0.003168
v -0.129320 -0.119117 0.009230
v -0.129370 -0.120675 0.006042
v -0.132547 -0.119768 0.006092
v -0.126193 -0.120591 0.005991
v -0.126143 -0.119676 0.009168
v -0.132370 -0.119140 0.009300
v -0.129529 -0.119027 0.012406
v -0.135692 -0.119281 0.006082
v -0.130495 -0.119130 0.004060
v -0.126286 -0.119141 0.003494
v -0.124077 -0.119116 0.005958
v -0.125887 -0.118982 0.009386
v -0.151690 -0.112571 0.004066
v -0.153111 -0.112794 -0.003074
v -0.151709 -0.113336 0.000041
v -0.150398 -0.115939 0.003198
v -0.151041 -0.115939 -0.000157
v -0.148532 -0.118258 -0.000009
v -0.139052 -0.120404 -0.003338
v -0.135547 -0.119097 -0.002704
v -0.135875 -0.119513 -0.003388
v -0.138684 -0.119500 0.000078
v -0.139102 -0.120054 -0.006514
v -0.135926 -0.120153 -0.006565
v -0.135240 -0.119116 -0.006898
v -0.139153 -0.120204 -0.009691
v -0.139102 -0.120054 -0.006514
v -0.129320 -0.119117 0.009230
v -0.145541 -0.113950 -0.000094
v -0.140411 -0.119116 0.003039
v -0.138905 -0.119556 0.005933
v -0.135926 -0.120153 -0.006565
v 0.048587 -0.112052 0.006396
v 0.048537 -0.109625 0.003219
v 0.047482 -0.109584 0.006413
v 0.045662 -0.109584 0.003264
v 0.028674 -0.122293 -0.168062
v 0.029930 -0.121839 -0.168082
v 0.030191 -0.121847 -0.164743
v 0.027950 -0.122319 -0.171347
v 0.026764 -0.122293 -0.167365
v 0.033109 -0.122300 -0.168121
v 0.026655 -0.119447 -0.164894
v 0.026764 -0.122293 -0.167365
v 0.029980 -0.123457 -0.164905
v 0.028674 -0.122293 -0.168062
v 0.029930 -0.123098 -0.168082
v 0.029879 -0.122826 -0.171259
v 0.027950 -0.122319 -0.171347
v 0.026803 -0.125291 -0.164855
v 0.030191 -0.121847 -0.164743
v 0.026831 -0.122293 -0.163133
v 0.026655 -0.119447 -0.164894
v 0.029930 -0.123098 -0.168082
v 0.026831 -0.122293 -0.163133
v 0.025542 -0.122343 -0.164876
v 0.026803 -0.125291 -0.164855
v -0.155046 -0.119045 -0.007738
v 0.058811 -0.115939 0.009411
v 0.058168 -0.116452 0.009421
v -0.031398 -0.112761 0.029909
v 0.023642 -0.115939 -0.163837
v 0.041779 -0.118231 -0.022096
v 0.041729 -0.118498 -0.025272
v 0.038603 -0.118020 -0.022045
v 0.038552 -0.117364 -0.025222
v 0.041679 -0.118316 -0.028449
v 0.038502 -0.118279 -0.028399
v 0.038451 -0.118204 -0.031576
v 0.035325 -0.118337 -0.028349
v 0.035274 -0.119049 -0.031525
v 0.032153 -0.119018 -0.031506
v 0.041628 -0.117560 -0.031626
v 0.044527 -0.115970 -0.032096
v 0.044857 -0.115939 -0.025322
v 0.044672 -0.115977 -0.022194
v 0.044366 -0.115939 -0.028492
v 0.041771 -0.116012 -0.019289
v 0.038818 -0.115490 -0.017802
v 0.035426 -0.118095 -0.021995
v 0.035476 -0.117269 -0.018818
v 0.033507 -0.115939 -0.018787
v 0.032187 -0.115905 -0.021816
v 0.035526 -0.117986 -0.015641
v 0.038703 -0.117287 -0.015691
v 0.035636 -0.116925 -0.012466
v 0.038754 -0.116993 -0.012514
v 0.042037 -0.115940 -0.014205
v 0.032350 -0.117901 -0.015590
v 0.032400 -0.117320 -0.012414
v 0.038804 -0.117390 -0.009338
v 0.041981 -0.117401 -0.009388
v 0.041931 -0.116479 -0.012565
v 0.042102 -0.115682 -0.006212
v 0.045108 -0.117352 -0.012615
v 0.032486 -0.114816 -0.009044
v 0.035678 -0.116352 -0.006110
v 0.032225 -0.115887 -0.016129
v 0.030909 -0.115939 -0.012390
v 0.045123 -0.115939 -0.011647
v 0.042925 -0.115939 -0.009403
v 0.048150 -0.115939 -0.012663
v 0.045089 -0.115939 -0.013804
v 0.035418 -0.115886 -0.022491
v 0.035426 -0.118095 -0.021995
v 0.038603 -0.118020 -0.022045
v 0.032249 -0.118068 -0.021944
v 0.038443 -0.115939 -0.025220
v 0.032471 -0.115985 -0.025243
v 0.032153 -0.119018 -0.031506
v 0.035274 -0.119049 -0.031525
v 0.035268 -0.115901 -0.031901
v 0.038422 -0.115939 -0.033434
v 0.038451 -0.118204 -0.031576
v 0.032116 -0.115991 -0.033662
v 0.041981 -0.113233 -0.009388
v 0.041285 -0.112761 -0.006199
v 0.041931 -0.115766 -0.012565
v 0.032187 -0.115905 -0.021816
v 0.032198 -0.118386 -0.025121
v 0.032471 -0.115985 -0.025243
v 0.032249 -0.118068 -0.021944
v 0.030909 -0.115939 -0.012390
v 0.032350 -0.117901 -0.015590
v 0.032225 -0.115887 -0.016129
v 0.032400 -0.114086 -0.012414
v 0.032486 -0.114816 -0.009044
v 0.035577 -0.112948 -0.012464
v 0.035526 -0.113321 -0.015641
v 0.035476 -0.113948 -0.018818
v 0.035620 -0.112761 -0.009748
v 0.033507 -0.115939 -0.018787
v 0.035418 -0.115886 -0.022491
v 0.038816 -0.112761 -0.008594
v 0.038804 -0.115047 -0.009338
v 0.038603 -0.115927 -0.022045
v 0.038818 -0.115490 -0.017802
v 0.035418 -0.115886 -0.022491
v 0.041771 -0.116012 -0.019289
v 0.038443 -0.115939 -0.025220
v 0.035476 -0.113948 -0.018818
v 0.035526 -0.113321 -0.015641
v 0.035577 -0.112948 -0.012464
v 0.038754 -0.115424 -0.012514
v 0.042037 -0.115940 -0.014205
v 0.045089 -0.115939 -0.013804
v 0.037210 -0.112761 -0.009312
v 0.035620 -0.112761 -0.009748
v 0.045108 -0.114741 -0.012615
v 0.048150 -0.115939 -0.012663
v 0.045123 -0.115939 -0.011647
v 0.032198 -0.118386 -0.025121
v 0.032249 -0.118068 -0.021944
v 0.032471 -0.115985 -0.025243
v 0.035426 -0.118095 -0.021995
v 0.032116 -0.115991 -0.033662
v 0.032055 -0.115939 -0.031433
v 0.032153 -0.119018 -0.031506
v 0.035325 -0.118337 -0.028349
v 0.035192 -0.115972 -0.028321
v 0.038502 -0.118279 -0.028399
v 0.038502 -0.113548 -0.028399
v 0.038552 -0.113134 -0.025222
v 0.038603 -0.115927 -0.022045
v 0.041779 -0.113530 -0.022096
v 0.041771 -0.116012 -0.019289
v 0.038451 -0.113798 -0.031576
v 0.035268 -0.115901 -0.031901
v 0.041661 -0.112773 -0.029353
v 0.038552 -0.117364 -0.025222
v 0.041729 -0.113342 -0.025272
v 0.044366 -0.115939 -0.028492
v 0.044857 -0.115939 -0.025322
v 0.044672 -0.115977 -0.022194
v 0.041345 -0.115385 -0.034799
v 0.041502 -0.112761 -0.031865
v 0.038422 -0.115939 -0.033434
v -0.033544 -0.110492 -0.160682
v -0.030280 -0.110801 -0.157593
v -0.035631 -0.111276 -0.157341
v -0.036896 -0.110361 -0.160656
v -0.039811 -0.111081 -0.157442
v -0.041540 -0.111046 -0.160600
v -0.042988 -0.111136 -0.157392
v -0.046215 -0.111054 -0.160518
v -0.046612 -0.111160 -0.157598
v -0.036584 -0.110946 -0.154316
v -0.030331 -0.111017 -0.160770
v -0.027103 -0.111092 -0.157644
v -0.027154 -0.111190 -0.160821
v -0.039760 -0.110528 -0.154265
v -0.039710 -0.110493 -0.151088
v -0.043292 -0.110059 -0.154021
v -0.036533 -0.110541 -0.151139
v -0.033388 -0.109962 -0.151334
v -0.030230 -0.110149 -0.154416
v -0.030179 -0.109946 -0.151240
v -0.027002 -0.110219 -0.151290
v -0.027053 -0.110122 -0.154467
v -0.049291 -0.111022 -0.154114
v -0.052518 -0.110486 -0.157241
v -0.024139 -0.109560 -0.154673
v -0.020652 -0.109079 -0.151337
v -0.020699 -0.109118 -0.154568
v -0.023545 -0.109722 -0.157700
v -0.017522 -0.109225 -0.154618
v -0.017350 -0.108972 -0.158987
v -0.020654 -0.109060 -0.161070
v -0.024084 -0.109568 -0.160762
v -0.020850 -0.108775 -0.164099
v -0.017673 -0.108685 -0.164149
v -0.023217 -0.109798 -0.148172
v -0.014496 -0.107935 -0.164199
v -0.014446 -0.108294 -0.161022
v -0.011320 -0.107594 -0.164250
v -0.042933 -0.111033 -0.148350
v -0.024027 -0.108481 -0.164048
v -0.047542 -0.111377 -0.151192
v -0.052418 -0.111466 -0.150887
v -0.052468 -0.111214 -0.154064
v -0.055682 -0.110806 -0.154040
v -0.032001 -0.110622 -0.148202
v -0.026952 -0.110720 -0.148113
v -0.022936 -0.109589 -0.144958
v -0.039660 -0.111269 -0.147911
v -0.014547 -0.107040 -0.167376
v -0.009899 -0.107104 -0.167341
v -0.007629 -0.106600 -0.164116
v -0.004926 -0.106472 -0.167365
v -0.008246 -0.106556 -0.170842
v -0.002143 -0.106139 -0.170718
v -0.001839 -0.106016 -0.167578
v 0.001287 -0.105936 -0.170805
v -0.000595 -0.106300 -0.164720
v 0.001427 -0.106381 -0.167568
v 0.004768 -0.106323 -0.170171
v -0.017724 -0.107296 -0.167326
v -0.011192 -0.106302 -0.170361
v -0.020901 -0.107897 -0.167275
v -0.024078 -0.107704 -0.167225
v -0.027198 -0.109403 -0.163642
v -0.004878 -0.105911 -0.164069
v -0.001689 -0.106395 -0.161225
v -0.004956 -0.105012 -0.157960
v -0.011682 -0.106149 -0.157882
v -0.055695 -0.111332 -0.157190
v -0.014396 -0.107845 -0.157845
v -0.036421 -0.112138 -0.146884
v 0.007692 -0.107779 -0.167729
v 0.001438 -0.107140 -0.161274
v 0.004615 -0.107402 -0.161325
v 0.001016 -0.106519 -0.157922
v 0.004414 -0.104797 -0.174033
v -0.014569 -0.106407 -0.168780
v 0.007742 -0.108632 -0.164552
v 0.010650 -0.108263 -0.164634
v 0.007641 -0.107545 -0.170906
v 0.007792 -0.108198 -0.161375
v 0.012095 -0.108749 -0.170848
v 0.014045 -0.108629 -0.167830
v 0.017172 -0.108919 -0.171057
v 0.013944 -0.107823 -0.174184
v 0.017121 -0.108017 -0.174234
v 0.020349 -0.108830 -0.171108
v 0.020298 -0.108523 -0.174285
v 0.023526 -0.108508 -0.171158
v 0.023475 -0.108673 -0.174335
v 0.029219 -0.106453 -0.171425
v 0.026652 -0.107540 -0.174385
v 0.010768 -0.107326 -0.174133
v 0.017222 -0.108007 -0.167880
v -0.001688 -0.105694 -0.158047
v 0.007516 -0.106428 -0.174109
v 0.029829 -0.107576 -0.174436
v 0.026602 -0.106410 -0.177569
v 0.029775 -0.106575 -0.177835
v 0.032425 -0.106346 -0.177544
v 0.033492 -0.106768 -0.174494
v 0.023420 -0.106716 -0.177837
v 0.033028 -0.106407 -0.173075
v 0.036132 -0.104689 -0.177713
v 0.020243 -0.106720 -0.177799
v -0.020598 -0.108604 -0.148214
v -0.030378 -0.109464 -0.163737
v 0.023689 -0.106825 -0.167130
v -0.027318 -0.106432 -0.167189
v 0.017336 -0.106380 -0.177344
v -0.049500 -0.109628 -0.160501
v -0.052538 -0.109584 -0.158490
v 0.020399 -0.107457 -0.167931
v 0.020446 -0.106278 -0.164987
v 0.017265 -0.106039 -0.165191
v 0.004671 -0.109156 -0.157809
v 0.008205 -0.109614 -0.158233
v 0.004716 -0.110672 -0.154971
v -0.049208 -0.112761 -0.148846
v -0.052450 -0.112802 -0.147742
v -0.045984 -0.112998 -0.147836
v -0.020940 -0.106407 -0.169744
v -0.055544 -0.111671 -0.147659
v -0.033558 -0.108389 -0.163897
v -0.036735 -0.108657 -0.163846
v -0.039890 -0.109584 -0.162451
v -0.017472 -0.107993 -0.151441
v -0.017743 -0.106407 -0.168569
v -0.055722 -0.109584 -0.158849
v -0.039627 -0.112761 -0.145832
v -0.036432 -0.113564 -0.144785
v -0.033230 -0.113673 -0.144865
v -0.030090 -0.112761 -0.145637
v -0.027492 -0.112630 -0.144741
v -0.042760 -0.113352 -0.145208
v -0.045512 -0.109643 -0.162442
v 0.013856 -0.105462 -0.177357
v -0.056028 -0.109728 -0.150829
v 0.026142 -0.106123 -0.168022
v 0.026724 -0.106407 -0.169836
v -0.045954 -0.115648 -0.144068
v -0.049060 -0.115821 -0.143188
v -0.049190 -0.113814 -0.147760
v -0.052317 -0.114488 -0.144533
v -0.055527 -0.112761 -0.146595
v -0.052278 -0.115939 -0.142094
v -0.055494 -0.114892 -0.144482
v -0.058686 -0.112761 -0.145419
v -0.053913 -0.115939 -0.141330
v -0.055439 -0.115837 -0.141064
v -0.058733 -0.115944 -0.141080
v -0.036390 -0.115939 -0.142104
v -0.032930 -0.116584 -0.141590
v 0.032903 -0.103445 -0.180984
v 0.036010 -0.103221 -0.180842
v 0.039324 -0.103244 -0.177875
v 0.039259 -0.102228 -0.180941
v 0.039267 -0.103230 -0.174735
v 0.036188 -0.103686 -0.174208
v -0.039609 -0.114458 -0.144735
v -0.039659 -0.116946 -0.141408
v -0.042756 -0.115939 -0.142819
v -0.055280 -0.118704 -0.138030
v -0.058569 -0.119145 -0.138056
v 0.007893 -0.112208 -0.155021
v 0.007916 -0.112761 -0.153608
v 0.011076 -0.112101 -0.154700
v 0.011030 -0.109584 -0.157605
v 0.030063 -0.103230 -0.180718
v -0.061848 -0.115958 -0.144425
v 0.014603 -0.106582 -0.164498
v -0.029964 -0.116353 -0.144807
v -0.014313 -0.106442 -0.154594
v 0.011237 -0.106325 -0.158367
v 0.010742 -0.106407 -0.161644
v -0.023708 -0.109584 -0.143958
v 0.012900 -0.109584 -0.155101
v 0.003790 -0.109584 -0.154956
v -0.024210 -0.113173 -0.141801
v 0.014176 -0.113148 -0.151821
v -0.049190 -0.118338 -0.147760
v -0.049140 -0.117961 -0.144583
v -0.045884 -0.118189 -0.144612
v -0.052205 -0.119185 -0.145162
v -0.052294 -0.119116 -0.143106
v -0.055944 -0.119223 -0.144537
v -0.053676 -0.119116 -0.141334
v -0.052367 -0.118426 -0.147710
v -0.046013 -0.116660 -0.147811
v -0.042837 -0.116963 -0.147861
v -0.039660 -0.117638 -0.147911
v -0.039264 -0.118859 -0.144740
v -0.036355 -0.119502 -0.145320
v -0.036483 -0.118454 -0.147962
v -0.033306 -0.117548 -0.148012
v -0.033488 -0.119058 -0.144832
v -0.033356 -0.116770 -0.151189
v -0.030230 -0.116141 -0.154416
v -0.036533 -0.117659 -0.151139
v -0.039710 -0.117930 -0.151088
v -0.036396 -0.119116 -0.142491
v -0.055443 -0.120176 -0.141306
v -0.058648 -0.119116 -0.143038
v -0.058620 -0.120263 -0.141255
v -0.058569 -0.119145 -0.138056
v -0.055393 -0.120857 -0.138129
v -0.049657 -0.119079 -0.150978
v -0.052411 -0.119455 -0.150444
v -0.042889 -0.118752 -0.151173
v -0.029964 -0.116353 -0.144807
v -0.055280 -0.118704 -0.138030
v -0.039659 -0.116946 -0.141408
v -0.042756 -0.115939 -0.142819
v -0.046827 -0.121859 -0.154307
v -0.032930 -0.116584 -0.141590
v -0.036563 -0.119116 -0.153021
v -0.033628 -0.118926 -0.154826
v -0.059810 -0.119116 -0.141236
v -0.065071 -0.116065 -0.147288
v -0.061848 -0.115958 -0.144425
v -0.058733 -0.115944 -0.141080
v -0.065024 -0.114570 -0.144331
v -0.061928 -0.119116 -0.149425
v -0.065109 -0.119116 -0.149633
v -0.071029 -0.119094 -0.148774
v -0.068247 -0.116086 -0.147132
v -0.062834 -0.109481 -0.150701
v -0.061911 -0.109629 -0.151697
v -0.062502 -0.106407 -0.147690
v -0.058832 -0.112761 -0.154593
v -0.062000 -0.112387 -0.154007
v -0.065125 -0.111090 -0.150685
v -0.065176 -0.112268 -0.153862
v -0.068302 -0.112009 -0.150635
v -0.068252 -0.110263 -0.147458
v -0.065345 -0.109572 -0.147713
v -0.071429 -0.110368 -0.147407
v -0.068220 -0.109584 -0.145489
v -0.071479 -0.111928 -0.150584
v -0.062792 -0.112869 -0.157259
v -0.074306 -0.109584 -0.147213
v -0.068353 -0.112124 -0.153812
v -0.058870 -0.112762 -0.157145
v -0.065226 -0.112125 -0.157039
v -0.071378 -0.110724 -0.144230
v -0.068884 -0.109584 -0.144270
v -0.071342 -0.109584 -0.141915
v -0.074522 -0.109584 -0.142119
v -0.074555 -0.110492 -0.144180
v -0.077279 -0.109584 -0.144137
v -0.071529 -0.111231 -0.153761
v -0.027492 -0.112630 -0.144741
v -0.030078 -0.114189 -0.144886
v -0.033230 -0.113673 -0.144865
v -0.030090 -0.112761 -0.145637
v -0.024210 -0.113173 -0.141801
v -0.055439 -0.115837 -0.141064
v -0.052294 -0.119116 -0.143106
v -0.049060 -0.115821 -0.143188
v -0.049140 -0.117961 -0.144583
v -0.045954 -0.115648 -0.144068
v -0.052278 -0.115939 -0.142094
v -0.053913 -0.115939 -0.141330
v -0.045884 -0.118189 -0.144612
v -0.053676 -0.119116 -0.141334
v -0.055439 -0.115837 -0.141064
v -0.042756 -0.115939 -0.142819
v -0.039264 -0.118859 -0.144740
v -0.036390 -0.115939 -0.142104
v -0.061766 -0.112761 -0.144333
v -0.058686 -0.112761 -0.145419
v 0.007916 -0.112761 -0.153608
v 0.011076 -0.112101 -0.154700
v 0.011070 -0.114459 -0.155072
v 0.007893 -0.115215 -0.155021
v 0.014247 -0.115089 -0.155122
v 0.014176 -0.113148 -0.151821
v 0.011020 -0.114500 -0.158249
v 0.006782 -0.115776 -0.155206
v 0.007579 -0.115937 -0.161376
v -0.055280 -0.118704 -0.138030
v -0.055443 -0.120176 -0.141306
v -0.055393 -0.120857 -0.138129
v -0.055280 -0.118704 -0.138030
v -0.106678 -0.113914 0.034281
v -0.106729 -0.114903 0.031104
v -0.103552 -0.114529 0.031054
v -0.103493 -0.113006 0.034732
v -0.109855 -0.114689 0.034332
v -0.109905 -0.115598 0.031155
v -0.106484 -0.115912 0.027923
v -0.106286 -0.111925 0.037449
v -0.103451 -0.111784 0.037408
v -0.097201 -0.112715 0.033777
v -0.100274 -0.111398 0.037357
v -0.097097 -0.111114 0.037307
v -0.093970 -0.112223 0.034080
v -0.103586 -0.115939 0.028859
v -0.100229 -0.109584 0.040182
v -0.100383 -0.115613 0.030491
v -0.097198 -0.114642 0.030953
v -0.097248 -0.115786 0.027776
v -0.094071 -0.115089 0.027726
v -0.109810 -0.112533 0.037189
v -0.103404 -0.109584 0.040366
v -0.113082 -0.115373 0.031205
v -0.113032 -0.114355 0.034382
v -0.116259 -0.115299 0.031256
v -0.094013 -0.112915 0.031370
v -0.090903 -0.115868 0.027150
v -0.087726 -0.113972 0.030757
v -0.087723 -0.115839 0.027302
v -0.090827 -0.112761 0.031919
v -0.085142 -0.112761 0.030762
v -0.113005 -0.112761 0.036049
v -0.087648 -0.112761 0.031989
v -0.094059 -0.115939 0.024525
v -0.100273 -0.115939 0.027725
v -0.116309 -0.115904 0.024905
v -0.119371 -0.115947 0.028060
v -0.110304 -0.115466 0.027671
v -0.113184 -0.115935 0.024806
v -0.089262 -0.119116 0.024472
v -0.090945 -0.119067 0.024498
v -0.091242 -0.119288 0.021078
v -0.094145 -0.119156 0.022978
v -0.106615 -0.109584 0.038234
v -0.097092 -0.108996 0.037599
v -0.115891 -0.112761 0.034230
v -0.123070 -0.116133 0.028576
v -0.122613 -0.115439 0.031356
v -0.126013 -0.115958 0.028406
v -0.122819 -0.115896 0.025364
v -0.125891 -0.116127 0.025053
v -0.128791 -0.115935 0.025099
v -0.129017 -0.115611 0.028280
v -0.125925 -0.115939 0.022876
v -0.119537 -0.115577 0.024952
v -0.110006 -0.115077 0.024801
v -0.125606 -0.112761 0.031298
v -0.129000 -0.112761 0.029390
v -0.096467 -0.119079 0.024586
v -0.085512 -0.112761 0.027590
v -0.094145 -0.119156 0.022978
v -0.090945 -0.119645 0.024498
v -0.097248 -0.118528 0.027776
v -0.091242 -0.119288 0.021078
v -0.096467 -0.119079 0.024586
v -0.089262 -0.119116 0.024472
v -0.065479 -0.121212 0.027272
v -0.068656 -0.121074 0.027322
v -0.062302 -0.120267 0.027222
v -0.059125 -0.119849 0.027171
v -0.062403 -0.119170 0.024102
v -0.055999 -0.120883 0.023944
v -0.065504 -0.119116 0.025694
v -0.059194 -0.119116 0.022848
v -0.056048 -0.119116 0.020828
v -0.054417 -0.119116 0.023919
v -0.068682 -0.119116 0.025666
v -0.070436 -0.119116 0.027351
v -0.071809 -0.119116 0.028897
v -0.074795 -0.119478 0.026950
v -0.078223 -0.119116 0.025163
v -0.081403 -0.119116 0.025051
v -0.084570 -0.119116 0.025706
v -0.094059 -0.115939 0.024525
v -0.094122 -0.113310 0.024549
v -0.097562 -0.115939 0.021758
v -0.096467 -0.119079 0.024586
v -0.094071 -0.115089 0.027726
v -0.100383 -0.115613 0.030491
v -0.103586 -0.115939 0.028859
v -0.106751 -0.119144 0.029170
v -0.106484 -0.115912 0.027923
v -0.106829 -0.116709 0.024750
v -0.109311 -0.119198 0.027828
v -0.116310 -0.119308 0.028079
v -0.113009 -0.119205 0.024748
v -0.121185 -0.119561 0.024133
v -0.116390 -0.119116 0.023041
v -0.118079 -0.119116 0.021751
v -0.119593 -0.119173 0.021447
v -0.110006 -0.116643 0.024801
v -0.116309 -0.115904 0.024905
v -0.116309 -0.115904 0.024905
v -0.117586 -0.115939 0.021743
v -0.119956 -0.112369 0.021665
v -0.116360 -0.119021 0.024902
v -0.113184 -0.115935 0.024806
v -0.100273 -0.115939 0.027725
v -0.089262 -0.119116 0.024472
v -0.087726 -0.119169 0.027089
v -0.084570 -0.119116 0.025706
v -0.081403 -0.119116 0.025051
v -0.081390 -0.115939 0.025882
v -0.078223 -0.119116 0.025163
v -0.077556 -0.115845 0.027217
v -0.081135 -0.112761 0.027172
v -0.074795 -0.119478 0.026950
v -0.075010 -0.116860 0.027423
v -0.071809 -0.119116 0.028897
v -0.067917 -0.115963 0.030566
v -0.065827 -0.116768 0.027376
v -0.066823 -0.114635 0.033558
v -0.068656 -0.117192 0.027322
v -0.071774 -0.116289 0.031104
v -0.071732 -0.114792 0.033727
v -0.062117 -0.116396 0.027477
v -0.056644 -0.116011 0.030573
v -0.055948 -0.116215 0.027121
v -0.055999 -0.116438 0.023944
v -0.052772 -0.115970 0.027070
v -0.049578 -0.115939 0.028096
v -0.059176 -0.116411 0.023994
v -0.075333 -0.114366 0.033972
v -0.074773 -0.115805 0.030372
v -0.078136 -0.114404 0.030651
v -0.081255 -0.112760 0.033878
v -0.074861 -0.112685 0.036795
v -0.071688 -0.112555 0.036507
v -0.062403 -0.119170 0.024102
v -0.056048 -0.119116 0.020828
v -0.068530 -0.112761 0.035250
v -0.081306 -0.112761 0.030701
v -0.065348 -0.112761 0.035548
v -0.062167 -0.112761 0.035748
v -0.058996 -0.112761 0.035339
v -0.078003 -0.109584 0.039053
v -0.065504 -0.119116 0.025694
v -0.068682 -0.119116 0.025666
v -0.049544 -0.112850 0.030197
v -0.070436 -0.119116 0.027351
v -0.059194 -0.119116 0.022848
v -0.047403 -0.115939 0.030163
v -0.049520 -0.112761 0.031715
v -0.046457 -0.112727 0.031952
v -0.054417 -0.119116 0.023919
v -0.052783 -0.119516 0.026560
v -0.048702 -0.119107 0.027847
v -0.094021 -0.110566 0.030903
v -0.104161 -0.112761 -0.137355
v -0.103205 -0.112761 -0.133953
v -0.105978 -0.112846 -0.138674
v -0.103068 -0.112761 -0.138750
v -0.106223 -0.112742 -0.140955
v -0.109451 -0.111897 -0.140449
v -0.106721 -0.113001 -0.143670
v -0.103147 -0.114223 -0.143726
v -0.103097 -0.113493 -0.140549
v -0.106415 -0.112781 -0.146881
v -0.103198 -0.114252 -0.146903
v -0.100021 -0.114011 -0.146954
v -0.099970 -0.113617 -0.143777
v -0.094570 -0.113764 -0.147073
v -0.097139 -0.112553 -0.142016
v -0.099842 -0.112773 -0.140580
v -0.092722 -0.112883 -0.143606
v -0.093727 -0.112806 -0.140698
v -0.089583 -0.112791 -0.140934
v -0.096128 -0.112567 -0.137482
v -0.090440 -0.112479 -0.143928
v -0.091041 -0.112543 -0.147096
v -0.099870 -0.111313 -0.137423
v -0.106173 -0.113751 -0.134145
v -0.109404 -0.112858 -0.137520
v -0.106123 -0.113993 -0.130968
v -0.109299 -0.114297 -0.130918
v -0.109350 -0.114137 -0.134095
v -0.109249 -0.113674 -0.127741
v -0.106072 -0.113271 -0.127791
v -0.106022 -0.113272 -0.124614
v -0.102895 -0.113545 -0.127842
v -0.102946 -0.113826 -0.131019
v -0.102845 -0.113701 -0.124665
v -0.099769 -0.114286 -0.131069
v -0.102794 -0.114198 -0.121488
v -0.105971 -0.114281 -0.121438
v -0.102744 -0.114958 -0.118311
v -0.100147 -0.115430 -0.116922
v -0.105881 -0.115819 -0.115113
v -0.099491 -0.115939 -0.113555
v -0.102664 -0.115939 -0.113280
v -0.104854 -0.115939 -0.111922
v -0.096355 -0.115838 -0.114791
v -0.096390 -0.115571 -0.118412
v -0.099618 -0.114988 -0.121538
v -0.112527 -0.113233 -0.134044
v -0.096441 -0.115766 -0.121589
v -0.099668 -0.114629 -0.124715
v -0.105921 -0.115743 -0.118261
v -0.109103 -0.115927 -0.118522
v -0.112606 -0.112761 -0.139047
v -0.096718 -0.115939 -0.124173
v -0.093279 -0.115939 -0.122583
v -0.101110 -0.112820 -0.150177
v -0.096695 -0.112813 -0.150246
v -0.112577 -0.113496 -0.137221
v -0.115665 -0.112733 -0.136833
v -0.115704 -0.113102 -0.133994
v -0.118929 -0.112722 -0.137009
v -0.118881 -0.113712 -0.133944
v -0.122107 -0.112684 -0.136985
v -0.118830 -0.114408 -0.130767
v -0.122007 -0.114069 -0.130716
v -0.122057 -0.114375 -0.133893
v -0.099718 -0.115357 -0.127892
v -0.097917 -0.115939 -0.127921
v -0.093696 -0.112761 -0.148876
v -0.115653 -0.114885 -0.130817
v -0.118780 -0.114280 -0.127590
v -0.115603 -0.115408 -0.127640
v -0.112426 -0.114888 -0.127691
v -0.112376 -0.115398 -0.124514
v -0.112476 -0.115071 -0.130867
v -0.109199 -0.114666 -0.124564
v -0.109085 -0.115939 -0.121480
v -0.112167 -0.115931 -0.121339
v -0.112275 -0.115705 -0.118160
v -0.115552 -0.114583 -0.124463
v -0.103241 -0.112761 -0.149634
v -0.125234 -0.113856 -0.133843
v -0.125283 -0.112761 -0.136927
v -0.124888 -0.112761 -0.130997
v -0.121519 -0.112761 -0.127955
v -0.093264 -0.113493 -0.121639
v -0.093213 -0.112942 -0.118462
v -0.090087 -0.113243 -0.121690
v -0.090454 -0.115958 -0.115382
v -0.093112 -0.116462 -0.112109
v -0.089936 -0.118716 -0.112159
v -0.086784 -0.118716 -0.112201
v -0.086809 -0.116673 -0.115406
v -0.090011 -0.115951 -0.118411
v -0.096927 -0.109511 -0.133608
v -0.100000 -0.109534 -0.135043
v -0.086859 -0.113667 -0.118563
v -0.086910 -0.113765 -0.121740
v -0.115473 -0.112761 -0.121338
v -0.118399 -0.112761 -0.124744
v -0.103046 -0.109699 -0.137373
v -0.101239 -0.109530 -0.134236
v -0.102996 -0.109671 -0.134196
v -0.090137 -0.115939 -0.124855
v -0.126244 -0.112761 -0.133827
v -0.093236 -0.119116 -0.119870
v -0.090036 -0.119376 -0.118513
v -0.091849 -0.119116 -0.121662
v -0.090087 -0.119515 -0.121690
v -0.090186 -0.119220 -0.125766
v -0.091219 -0.119116 -0.124849
v -0.085372 -0.119200 -0.118771
v -0.088693 -0.119116 -0.124889
v -0.086881 -0.119140 -0.121760
v -0.096362 -0.119675 -0.118307
v -0.096488 -0.119089 -0.121506
v -0.099567 -0.119817 -0.118362
v -0.096340 -0.120179 -0.115235
v -0.089986 -0.120515 -0.115336
v -0.093163 -0.121082 -0.115285
v -0.099618 -0.120168 -0.121538
v -0.098208 -0.119145 -0.125042
v -0.103147 -0.119312 -0.124464
v -0.100104 -0.118849 -0.127886
v -0.102794 -0.119520 -0.121488
v -0.105971 -0.119436 -0.121438
v -0.109164 -0.119116 -0.122368
v -0.109199 -0.118816 -0.124564
v -0.112029 -0.119411 -0.121919
v -0.102744 -0.119541 -0.118311
v -0.105790 -0.119302 -0.118309
v -0.105870 -0.119693 -0.115084
v -0.109249 -0.118689 -0.127741
v -0.112426 -0.118779 -0.127691
v -0.114888 -0.119237 -0.127789
v -0.106678 -0.119310 -0.127782
v -0.109148 -0.119991 -0.121387
v -0.102691 -0.119207 -0.114961
v -0.099512 -0.119273 -0.114912
v -0.102895 -0.119933 -0.127842
v -0.112476 -0.117779 -0.130867
v -0.086368 -0.119136 -0.115438
v -0.099751 -0.119116 -0.129957
v -0.089936 -0.119776 -0.112159
v -0.086759 -0.119280 -0.112209
v -0.083582 -0.119714 -0.112260
v -0.080445 -0.119116 -0.114871
v -0.080405 -0.119715 -0.112310
v -0.086708 -0.119886 -0.109032
v -0.089878 -0.119368 -0.108500
v -0.092686 -0.119116 -0.109540
v -0.088458 -0.119116 -0.105827
v -0.093112 -0.119637 -0.112109
v -0.083783 -0.119116 -0.109682
v -0.083386 -0.119182 -0.106660
v -0.086393 -0.119842 -0.106085
v -0.086607 -0.120086 -0.102679
v -0.083431 -0.120081 -0.102729
v -0.080408 -0.119116 -0.105813
v -0.080254 -0.119869 -0.102779
v -0.092088 -0.119315 -0.102711
v -0.089831 -0.119116 -0.105542
v -0.077087 -0.119229 -0.104041
v -0.086952 -0.119197 -0.099444
v -0.089755 -0.119116 -0.100757
v -0.094880 -0.119100 -0.112069
v -0.078850 -0.119060 -0.112385
v -0.080385 -0.119116 -0.111032
v -0.099759 -0.119130 -0.131594
v -0.096642 -0.117875 -0.134296
v -0.093491 -0.118162 -0.137524
v -0.095672 -0.118248 -0.140705
v -0.093465 -0.117701 -0.134347
v -0.096592 -0.117267 -0.131120
v -0.093994 -0.115939 -0.131731
v -0.097917 -0.115939 -0.127921
v -0.092254 -0.115939 -0.134366
v -0.090333 -0.115664 -0.137196
v -0.095643 -0.116022 -0.130991
v -0.089885 -0.113592 -0.108982
v -0.089577 -0.115939 -0.106445
v -0.091024 -0.115939 -0.108964
v -0.089878 -0.119368 -0.108500
v -0.088458 -0.119116 -0.105827
v -0.092686 -0.119116 -0.109540
v -0.093112 -0.116462 -0.112109
v -0.094880 -0.119100 -0.112069
v -0.096355 -0.115838 -0.114791
v -0.099512 -0.119273 -0.114912
v -0.086708 -0.113554 -0.109032
v -0.089922 -0.115939 -0.111332
v -0.093279 -0.115939 -0.122583
v -0.096718 -0.115939 -0.124173
v -0.093264 -0.118233 -0.121639
v -0.091849 -0.119116 -0.121662
v -0.090137 -0.117816 -0.124867
v -0.093264 -0.118233 -0.121639
v -0.093236 -0.119116 -0.119870
v -0.091219 -0.119116 -0.124849
v -0.090186 -0.119220 -0.125766
v -0.103205 -0.112761 -0.133953
v -0.102996 -0.109671 -0.134196
v -0.101239 -0.109530 -0.134236
v -0.099795 -0.112761 -0.132693
v -0.099769 -0.114286 -0.131069
v -0.104161 -0.112761 -0.137355
v -0.099772 -0.109932 -0.131067
v -0.103046 -0.109699 -0.137373
v -0.096927 -0.109511 -0.133608
v -0.096731 -0.112777 -0.134569
v -0.096128 -0.112567 -0.137482
v -0.099491 -0.115939 -0.113555
v -0.102664 -0.115939 -0.113280
v -0.102691 -0.119207 -0.114961
v -0.104854 -0.115939 -0.111922
v -0.086190 -0.115939 -0.118574
v -0.086567 -0.115939 -0.122035
v -0.086881 -0.119140 -0.121760
v -0.086910 -0.113765 -0.121740
v -0.086859 -0.113667 -0.118563
v -0.085372 -0.119200 -0.118771
v -0.088693 -0.119116 -0.124889
v -0.086809 -0.116673 -0.115406
v -0.086368 -0.119136 -0.115438
v -0.086784 -0.118716 -0.112201
v -0.090137 -0.115939 -0.124855
v -0.090137 -0.117816 -0.124867
v -0.090186 -0.119220 -0.125766
v -0.083380 -0.117138 -0.099552
v -0.083985 -0.113574 -0.137675
v -0.083981 -0.116522 -0.137426
v -0.087158 -0.115342 -0.137383
v -0.080796 -0.115939 -0.136977
v -0.080808 -0.114742 -0.137725
v -0.087205 -0.112761 -0.140346
v -0.080854 -0.112761 -0.140603
v -0.077631 -0.115259 -0.137776
v -0.084019 -0.112761 -0.139835
v -0.095643 -0.116022 -0.130991
v -0.093465 -0.115057 -0.134347
v -0.097917 -0.115939 -0.127921
v -0.099718 -0.115357 -0.127892
v -0.102895 -0.113545 -0.127842
v -0.093516 -0.113798 -0.137524
v -0.093727 -0.112806 -0.140698
v -0.092254 -0.115939 -0.134366
v -0.090333 -0.115664 -0.137196
v -0.093994 -0.115939 -0.131731
v -0.089583 -0.112791 -0.140934
v -0.102845 -0.113701 -0.124665
v -0.089936 -0.118716 -0.112159
v -0.086784 -0.118716 -0.112201
v -0.089784 -0.119068 -0.102628
v -0.089831 -0.119116 -0.105542
v -0.086619 -0.116013 -0.103423
v -0.086658 -0.112816 -0.105856
v -0.089755 -0.119116 -0.100757
v -0.086952 -0.119197 -0.099444
v -0.092088 -0.119315 -0.102711
v -0.086557 -0.116352 -0.099502
v -0.086870 -0.115939 -0.096397
v -0.083380 -0.117138 -0.099552
v -0.083059 -0.115939 -0.096219
v -0.083330 -0.118229 -0.096375
v -0.086369 -0.115939 -0.109417
v -0.084436 -0.115939 -0.105891
v -0.083386 -0.119182 -0.106660
v -0.083431 -0.116412 -0.102729
v -0.083783 -0.119116 -0.109682
v -0.080385 -0.119116 -0.111032
v -0.078850 -0.119060 -0.112385
v -0.086368 -0.119136 -0.115438
v -0.080445 -0.119116 -0.114871
v -0.085343 -0.115939 -0.096343
v -0.080294 -0.115938 -0.099899
v -0.080254 -0.116475 -0.102779
v -0.077054 -0.115939 -0.101371
v -0.080408 -0.119116 -0.105813
v -0.077077 -0.117282 -0.102830
v -0.077087 -0.119229 -0.104041
v -0.103068 -0.112761 -0.138750
v -0.103046 -0.109699 -0.137373
v -0.104161 -0.112761 -0.137355
v 0.091981 -0.121561 0.018418
v 0.091980 -0.121981 0.020272
v 0.091980 -0.122077 0.022348
v 0.091980 -0.122124 0.024368
v -0.192626 -0.127784 0.068113
v -0.190125 -0.127731 0.068113
v 0.085737 -0.119937 -0.023279
v 0.085900 -0.119953 -0.022228
v 0.086089 -0.119999 -0.021028
v 0.086803 -0.119807 -0.016447
v 0.087203 -0.119909 -0.013885
v 0.087490 -0.120030 -0.012038
v 0.087790 -0.120073 -0.010115
v 0.088034 -0.119816 -0.008541
v 0.088319 -0.119691 -0.006710
v 0.088658 -0.119799 -0.004532
v -0.225328 -0.126096 -0.128645
v 0.089285 -0.120029 -0.000500
v 0.089657 -0.119943 0.001875
v -0.153240 -0.126075 0.062930
v -0.154924 -0.126133 0.063192
v -0.159082 -0.126262 0.063836
v -0.160376 -0.126239 0.064037
v -0.161992 -0.126212 0.064289
v -0.177899 -0.127183 0.066767
v -0.175602 -0.127177 0.066409
v -0.180788 -0.127327 0.067217
v -0.178970 -0.127217 0.066934
v -0.184624 -0.127491 0.067814
v -0.186503 -0.127577 0.068111
v -0.194688 -0.127852 0.068110
v -0.195502 -0.127866 0.062891
v -0.195675 -0.127866 0.061784
v 0.083544 -0.121651 0.026051
v 0.086210 -0.121997 0.025644
v 0.088341 -0.122242 0.025312
v 0.074188 -0.121417 0.027512
v 0.089670 -0.122307 0.025105
v 0.064265 -0.121024 0.029059
v 0.067850 -0.121277 0.028501
v 0.062650 -0.121109 0.029310
v 0.070495 -0.121458 0.028089
v 0.057870 -0.121402 0.030055
v 0.055322 -0.121409 0.030454
v 0.053002 -0.121514 0.030814
v 0.047640 -0.121369 0.031651
v 0.046381 -0.121342 0.031847
v 0.044897 -0.121314 0.032078
v 0.038590 -0.121230 0.033057
v 0.035197 -0.121340 0.033586
v 0.031646 -0.121352 0.034139
v 0.024727 -0.121485 0.035217
v 0.021400 -0.121480 0.035737
v 0.019684 -0.121473 0.036004
v 0.015042 -0.121751 0.036726
v 0.011409 -0.121649 0.037292
v 0.009002 -0.121495 0.037665
v 0.006169 -0.121327 0.038108
v 0.004180 -0.121265 0.038418
v 0.001675 -0.121469 0.038808
v -0.001599 -0.122166 0.039315
v -0.003877 -0.121971 0.039672
v -0.009516 -0.121844 0.040551
v 0.091980 -0.122147 0.024746
v 0.091981 -0.121852 0.016794
v 0.091751 -0.121874 0.015328
v 0.091503 -0.121742 0.013731
v 0.091213 -0.121650 0.011869
v 0.090976 -0.121109 0.010347
v 0.090407 -0.120228 0.006691
v -0.014399 -0.122188 0.041310
v -0.015520 -0.122217 0.041484
v -0.021680 -0.122180 0.042443
v 0.086607 -0.119887 -0.017706
v -0.023327 -0.122298 0.042698
v -0.174351 -0.127174 0.066215
v 0.060087 -0.122148 -0.188016
v 0.057389 -0.122547 -0.190600
v 0.060356 -0.122243 -0.186276
v 0.060755 -0.122409 -0.183717
v 0.053976 -0.122674 -0.190068
v 0.060922 -0.122543 -0.182606
v 0.052046 -0.122867 -0.189768
v 0.061479 -0.122632 -0.179042
v 0.048801 -0.123137 -0.189261
v 0.061979 -0.122514 -0.175837
v 0.044797 -0.123303 -0.188641
v 0.062792 -0.122215 -0.170652
v 0.062148 -0.122411 -0.174762
v 0.043414 -0.123282 -0.188425
v 0.062337 -0.122298 -0.173567
v 0.040560 -0.123561 -0.187978
v 0.063411 -0.122254 -0.166681
v 0.034104 -0.123836 -0.186976
v 0.063994 -0.122180 -0.162925
v 0.064469 -0.122129 -0.159874
v 0.064661 -0.122177 -0.158631
v 0.065705 -0.122399 -0.151944
v 0.065320 -0.122241 -0.154418
v 0.066220 -0.122600 -0.148632
v 0.066935 -0.123479 -0.144034
v 0.066592 -0.122998 -0.146240
v 0.067290 -0.123764 -0.141758
v 0.067551 -0.123929 -0.140080
v 0.067992 -0.123772 -0.137244
v 0.069007 -0.123585 -0.130740
v 0.068609 -0.123745 -0.133295
v 0.068193 -0.123827 -0.135946
v 0.069390 -0.123109 -0.128277
v 0.069553 -0.123078 -0.127226
v 0.069724 -0.122951 -0.126132
v 0.070132 -0.122956 -0.123500
v 0.070410 -0.122982 -0.121714
v 0.070736 -0.122939 -0.119620
v 0.071019 -0.122817 -0.117800
v 0.071235 -0.122899 -0.116424
v 0.071986 -0.122849 -0.111595
v 0.072590 -0.122304 -0.107725
v 0.073559 -0.121694 -0.101502
v 0.074161 -0.121823 -0.097634
v 0.074945 -0.121957 -0.092591
v 0.075646 -0.121699 -0.088100
v 0.076119 -0.121509 -0.085063
v 0.076318 -0.121216 -0.083786
v 0.076737 -0.120881 -0.081078
v 0.077275 -0.120490 -0.077621
v 0.077576 -0.120487 -0.075694
v 0.078179 -0.120299 -0.071822
v 0.078607 -0.119981 -0.069075
v 0.079184 -0.119731 -0.065383
v 0.079004 -0.119780 -0.066540
v 0.080830 -0.119743 -0.054795
v 0.080460 -0.119812 -0.057170
v 0.079847 -0.119765 -0.061125
v 0.081113 -0.119854 -0.052989
v 0.081523 -0.119958 -0.050360
v 0.082005 -0.120245 -0.047261
v 0.082250 -0.120334 -0.045671
v 0.082846 -0.120307 -0.041872
v 0.083314 -0.120542 -0.038863
v 0.083675 -0.120322 -0.036540
v 0.083844 -0.120387 -0.035457
v 0.084090 -0.119992 -0.033856
v 0.084305 -0.119852 -0.032479
v 0.084719 -0.119379 -0.029834
v 0.085337 -0.119543 -0.025850
v 0.085093 -0.119371 -0.027435
v -0.227793 -0.126864 -0.144529
v -0.227392 -0.126412 -0.141951
v -0.227025 -0.126244 -0.139556
v -0.226509 -0.126090 -0.136238
v -0.226043 -0.125829 -0.133245
v -0.223949 -0.127643 -0.119809
v -0.223696 -0.127737 -0.118185
v -0.222747 -0.127491 -0.112094
v -0.221694 -0.127022 -0.105319
v -0.222065 -0.127203 -0.107700
v -0.220721 -0.127153 -0.099062
v -0.219764 -0.127457 -0.092914
v -0.218902 -0.127655 -0.087413
v -0.219550 -0.127546 -0.091538
v -0.218337 -0.128106 -0.083751
v -0.216370 -0.127998 -0.071138
v -0.216612 -0.128033 -0.072678
v -0.217180 -0.128006 -0.076325
v -0.140116 -0.126000 0.060885
v -0.142564 -0.126097 0.061266
v -0.145632 -0.126126 0.061745
v -0.148245 -0.126145 0.062151
v -0.150748 -0.126047 0.062541
v -0.163136 -0.126187 0.064467
v -0.166028 -0.126392 0.064917
v -0.173184 -0.127110 0.066031
v -0.198791 -0.127780 0.041755
v -0.198040 -0.127811 0.046590
v -0.197834 -0.127816 0.047915
v -0.197567 -0.127806 0.049629
v -0.196928 -0.127768 0.053704
v -0.196004 -0.127854 0.059668
v -0.218491 -0.128181 -0.147640
v -0.220813 -0.127861 -0.147279
v -0.222681 -0.127882 -0.146988
v -0.227829 -0.126918 -0.144745
v -0.224094 -0.127755 -0.146768
v -0.217189 -0.128360 -0.147839
v -0.215649 -0.128718 -0.148085
v -0.213996 -0.128878 -0.148342
v -0.211447 -0.128922 -0.148739
v -0.204811 -0.128645 -0.149772
v -0.202202 -0.128606 -0.150178
v -0.198071 -0.128705 -0.150822
v -0.196578 -0.128680 -0.151054
v -0.189863 -0.128327 -0.152100
v -0.184379 -0.128438 -0.152954
v -0.182135 -0.128418 -0.153303
v -0.176967 -0.128299 -0.154107
v -0.175201 -0.128141 -0.154381
v -0.170275 -0.127972 -0.155148
v -0.168188 -0.128104 -0.155475
v -0.165563 -0.128195 -0.155884
v -0.161318 -0.128336 -0.156544
v -0.160239 -0.128325 -0.156713
v -0.158998 -0.128094 -0.156905
v -0.157038 -0.127595 -0.157209
v -0.152637 -0.126794 -0.157894
v -0.148528 -0.126779 -0.158534
v -0.147391 -0.126773 -0.158706
v -0.144996 -0.126654 -0.159087
v -0.142858 -0.126479 -0.159419
v -0.132927 -0.125906 -0.160966
v -0.129040 -0.126054 -0.161567
v -0.126615 -0.126114 -0.161946
v -0.120592 -0.126746 -0.162887
v -0.122441 -0.126674 -0.162599
v -0.125560 -0.126473 -0.162111
v -0.116347 -0.126856 -0.163548
v -0.114721 -0.126752 -0.163801
v -0.113304 -0.126582 -0.164018
v -0.111749 -0.126597 -0.164260
v -0.104638 -0.126389 -0.165370
v -0.108913 -0.126455 -0.164704
v -0.096859 -0.126623 -0.166581
v -0.093605 -0.126670 -0.167088
v -0.083617 -0.125933 -0.168644
v -0.088119 -0.126354 -0.167943
v -0.082555 -0.125866 -0.168807
v -0.082555 -0.125866 -0.168807
v -0.076935 -0.125469 -0.169683
v -0.073809 -0.125342 -0.170169
v -0.071023 -0.125138 -0.170605
v -0.072494 -0.125203 -0.170373
v -0.067469 -0.124783 -0.171158
v -0.065744 -0.124733 -0.171424
v -0.062502 -0.124686 -0.171929
v -0.061498 -0.124666 -0.172084
v -0.056928 -0.124709 -0.172801
v -0.054997 -0.124806 -0.173101
v -0.050220 -0.124449 -0.173843
v -0.048428 -0.124242 -0.174122
v -0.043391 -0.124272 -0.174908
v -0.040859 -0.124227 -0.175302
v -0.037912 -0.124047 -0.175759
v -0.034400 -0.123970 -0.176306
v -0.031234 -0.123906 -0.176799
v -0.034400 -0.123970 -0.176306
v -0.028923 -0.123870 -0.177159
v -0.025691 -0.123942 -0.177663
v -0.022406 -0.124040 -0.178174
v -0.017294 -0.123942 -0.178972
v -0.006222 -0.123751 -0.180696
v -0.004777 -0.123678 -0.180922
v -0.000160 -0.123576 -0.181640
v 0.003387 -0.123483 -0.182192
v 0.012644 -0.123712 -0.183632
v 0.023604 -0.123127 -0.185337
v 0.026547 -0.123127 -0.185797
v 0.030445 -0.123565 -0.186406
v 0.031671 -0.123764 -0.186597
v -0.140116 -0.126000 0.060885
v -0.135354 -0.125419 0.060144
v -0.132315 -0.125270 0.059670
v -0.129886 -0.125323 0.059293
v -0.128433 -0.125335 0.059067
v -0.126397 -0.125432 0.058750
v -0.124715 -0.125430 0.058484
v -0.123161 -0.125393 0.058246
v -0.121992 -0.125390 0.058064
v -0.119679 -0.125225 0.057702
v -0.116395 -0.125012 0.057191
v -0.114905 -0.124845 0.056959
v -0.112179 -0.124443 0.056538
v -0.110636 -0.124340 0.056297
v -0.105834 -0.124064 0.055547
v -0.103701 -0.124184 0.055216
v -0.101851 -0.124095 0.054928
v -0.099827 -0.124208 0.054613
v -0.098697 -0.124333 0.054437
v -0.096920 -0.124169 0.054159
v -0.095806 -0.124229 0.053985
v -0.094433 -0.124047 0.053769
v -0.093432 -0.123925 0.053615
v -0.090341 -0.123193 0.053134
v -0.084864 -0.123563 0.052282
v -0.082682 -0.123198 0.051943
v -0.078547 -0.122461 0.051299
v -0.074993 -0.121639 0.050747
v -0.072158 -0.121763 0.050305
v -0.069024 -0.122364 0.049818
v -0.063619 -0.122263 0.048976
v -0.208657 -0.127367 -0.021626
v -0.209604 -0.127599 -0.027711
v -0.208133 -0.127349 -0.018230
v -0.207057 -0.127214 -0.011318
v -0.205808 -0.127457 -0.003298
v -0.210402 -0.127495 -0.032831
v -0.205554 -0.127476 -0.001680
v -0.204316 -0.127264 0.006274
v -0.204022 -0.127253 0.008151
v -0.203602 -0.127343 0.010854
v -0.202615 -0.127530 0.017196
v -0.211477 -0.127530 -0.039721
v -0.212239 -0.127603 -0.044619
v -0.212676 -0.127703 -0.047397
v -0.213104 -0.127758 -0.050149
v -0.201576 -0.127525 0.023875
v -0.213670 -0.127803 -0.053791
v -0.201008 -0.127737 0.027525
v -0.214020 -0.127809 -0.056038
v -0.200502 -0.127799 0.030775
v -0.214501 -0.127780 -0.059125
v -0.200170 -0.127741 0.032909
v -0.215073 -0.127803 -0.062805
v -0.199584 -0.127789 0.036649
v -0.215502 -0.127980 -0.065559
v -0.216115 -0.128018 -0.069495
v -0.198791 -0.127780 0.041755
v -0.060953 -0.122205 0.048560
v -0.058829 -0.121951 0.048229
v -0.056928 -0.122186 0.047933
v -0.055851 -0.122182 0.047764
v -0.053050 -0.122686 0.047329
v -0.050715 -0.123058 0.046966
v -0.049631 -0.123068 0.046797
v -0.043862 -0.123274 0.045899
v -0.042655 -0.123320 0.045708
v -0.038352 -0.122912 0.045039
v -0.034739 -0.122764 0.044477
v -0.030666 -0.122681 0.043844
v -0.025754 -0.122494 0.043079
v -0.023327 -0.122298 0.042698
vt 0.603760 0.468521
vt 0.600663 0.466559
vt 0.602101 0.483647
vt 0.601086 0.447308
vt 0.597476 0.503178
vt 0.606404 0.497045
vt 0.603915 0.445441
vt 0.598835 0.499441
vt 0.606617 0.459504
vt 0.603117 0.494320
vt 0.599047 0.532497
vt 0.600552 0.512605
vt 0.607572 0.487285
vt 0.603714 0.510425
vt 0.609654 0.446345
vt 0.610307 0.495070
vt 0.608447 0.473974
vt 0.604275 0.526560
vt 0.609382 0.463108
vt 0.607217 0.435337
vt 0.602119 0.534234
vt 0.607542 0.509354
vt 0.610306 0.481209
vt 0.602369 0.516548
vt 0.610796 0.455532
vt 0.608881 0.430949
vt 0.600645 0.543658
vt 0.607355 0.527065
vt 0.612460 0.483929
vt 0.612117 0.469519
vt 0.612576 0.449231
vt 0.608812 0.409185
vt 0.611134 0.420704
vt 0.603394 0.548278
vt 0.597859 0.542737
vt 0.611299 0.507878
vt 0.604574 0.539903
vt 0.602035 0.568391
vt 0.595540 0.537519
vt 0.610768 0.526727
vt 0.613546 0.507823
vt 0.614664 0.473315
vt 0.607755 0.538930
vt 0.614648 0.456526
vt 0.614641 0.438205
vt 0.610865 0.403359
vt 0.605373 0.567009
vt 0.595906 0.559067
vt 0.595727 0.548477
vt 0.607262 0.556719
vt 0.614800 0.487560
vt 0.613239 0.408667
vt 0.604765 0.584406
vt 0.598748 0.571978
vt 0.593272 0.558275
vt 0.609482 0.546441
vt 0.614215 0.525947
vt 0.616545 0.514555
vt 0.617854 0.480095
vt 0.616111 0.466234
vt 0.619303 0.432112
vt 0.615808 0.394632
vt 0.611922 0.388547
vt 0.608857 0.564401
vt 0.602691 0.577665
vt 0.610870 0.539405
vt 0.612252 0.533022
vt 0.617123 0.494945
vt 0.620091 0.445071
vt 0.611555 0.551285
vt 0.617161 0.426264
vt 0.614806 0.539913
vt 0.617872 0.507910
vt 0.620770 0.493691
vt 0.618279 0.416403
vt 0.620938 0.424918
vt 0.614541 0.373677
vt 0.613248 0.544542
vt 0.618982 0.517694
vt 0.619327 0.499983
vt 0.622396 0.488322
vt 0.620740 0.462653
vt 0.622884 0.445388
vt 0.617674 0.386957
vt 0.621852 0.505890
vt 0.622931 0.423713
vt 0.614612 0.356024
vt 0.616582 0.373513
vt 0.618958 0.400607
vt 0.620373 0.511553
vt 0.625198 0.470522
vt 0.624308 0.510417
vt 0.624425 0.457180
vt 0.616215 0.357127
vt 0.617948 0.362584
vt 0.619185 0.379148
vt 0.620796 0.525090
vt 0.624527 0.492287
vt 0.622844 0.517857
vt 0.620158 0.391483
vt 0.627055 0.433787
vt 0.615882 0.338792
vt 0.626685 0.464202
vt 0.626403 0.485955
vt 0.626257 0.512736
vt 0.625648 0.500950
vt 0.623549 0.398627
vt 0.627143 0.446300
vt 0.625795 0.421541
vt 0.618645 0.345048
vt 0.619578 0.358610
vt 0.620840 0.373073
vt 0.623883 0.528079
vt 0.627563 0.479305
vt 0.628295 0.436404
vt 0.628085 0.410439
vt 0.617413 0.330363
vt 0.622431 0.535617
vt 0.628187 0.457707
vt 0.628281 0.507324
vt 0.629433 0.498318
vt 0.624906 0.538964
vt 0.625379 0.405197
vt 0.624391 0.392170
vt 0.629699 0.448131
vt 0.630230 0.416590
vt 0.625889 0.387427
vt 0.619045 0.323382
vt 0.622524 0.323519
vt 0.622403 0.366227
vt 0.621018 0.542404
vt 0.629200 0.468984
vt 0.627706 0.529727
vt 0.623311 0.378402
vt 0.630282 0.430088
vt 0.629767 0.385714
vt 0.631110 0.395345
vt 0.622865 0.344065
vt 0.623048 0.545879
vt 0.630839 0.462847
vt 0.629295 0.519384
vt 0.631733 0.475849
vt 0.626170 0.550385
vt 0.631113 0.440786
vt 0.631731 0.422236
vt 0.627318 0.375665
vt 0.632286 0.405678
vt 0.622373 0.304078
vt 0.625045 0.336250
vt 0.624846 0.372268
vt 0.632142 0.453611
vt 0.630786 0.514460
vt 0.631273 0.495937
vt 0.628829 0.537495
vt 0.633120 0.413623
vt 0.628951 0.368282
vt 0.631730 0.376090
vt 0.633830 0.398796
vt 0.624696 0.312806
vt 0.630301 0.530294
vt 0.632781 0.487815
vt 0.628370 0.555895
vt 0.626408 0.364558
vt 0.631268 0.357330
vt 0.632791 0.388055
vt 0.634287 0.402083
vt 0.625190 0.289720
vt 0.627019 0.341163
vt 0.631955 0.526756
vt 0.632285 0.507367
vt 0.634105 0.474170
vt 0.633773 0.497156
vt 0.631373 0.542393
vt 0.629830 0.548726
vt 0.627913 0.572688
vt 0.627983 0.356113
vt 0.629361 0.349478
vt 0.633334 0.368875
vt 0.634370 0.378784
vt 0.635612 0.388801
vt 0.624039 0.278945
vt 0.627083 0.297249
vt 0.627677 0.312196
vt 0.633277 0.516840
vt 0.634807 0.487092
vt 0.631513 0.556061
vt 0.631180 0.343273
vt 0.634879 0.360015
vt 0.635303 0.405539
vt 0.626786 0.280411
vt 0.628617 0.332449
vt 0.632791 0.537350
vt 0.634254 0.528512
vt 0.628852 0.581758
vt 0.629930 0.328816
vt 0.632802 0.335541
vt 0.635976 0.369407
vt 0.636291 0.401914
vt 0.629084 0.307925
vt 0.629078 0.267273
vt 0.625673 0.267162
vt 0.630274 0.322641
vt 0.632277 0.567424
vt 0.631609 0.323250
vt 0.635610 0.336738
vt 0.636413 0.347960
vt 0.636954 0.378968
vt 0.637909 0.399496
vt 0.627282 0.257324
vt 0.633774 0.547322
vt 0.633297 0.572848
vt 0.634753 0.554111
vt 0.634382 0.323420
vt 0.637557 0.357167
vt 0.631699 0.312594
vt 0.631477 0.271189
vt 0.628895 0.248487
vt 0.635270 0.541384
vt 0.634326 0.318821
vt 0.635741 0.330981
vt 0.637408 0.339581
vt 0.638677 0.369483
vt 0.637800 0.386211
vt 0.632148 0.294738
vt 0.631618 0.253155
vt 0.636097 0.525268
vt 0.640142 0.352931
vt 0.633263 0.303916
vt 0.634105 0.284081
vt 0.633411 0.226218
vt 0.630520 0.239854
vt 0.636429 0.552454
vt 0.638264 0.530498
vt 0.636185 0.305947
vt 0.640306 0.331029
vt 0.641081 0.371352
vt 0.636003 0.281252
vt 0.637758 0.546665
vt 0.637717 0.519381
vt 0.638549 0.312257
vt 0.642795 0.330092
vt 0.640482 0.390446
vt 0.637729 0.557755
vt 0.639298 0.541519
vt 0.639816 0.517668
vt 0.640636 0.307800
vt 0.638900 0.397633
vt 0.643032 0.393747
vt 0.643472 0.369964
vt 0.640312 0.551494
vt 0.640704 0.533419
vt 0.639816 0.521310
vt 0.639907 0.410202
vt 0.641472 0.402302
vt 0.645174 0.363301
vt 0.642167 0.521936
vt 0.638349 0.417807
vt 0.644568 0.384486
vt 0.644129 0.409164
vt 0.647112 0.348832
vt 0.646105 0.374232
vt 0.641786 0.546162
vt 0.641895 0.529456
vt 0.642916 0.417702
vt 0.640839 0.421543
vt 0.642702 0.534429
vt 0.646095 0.401625
vt 0.648226 0.401075
vt 0.644257 0.442908
vt 0.647896 0.367560
vt 0.642418 0.541940
vt 0.641400 0.451431
vt 0.647706 0.421634
vt 0.646375 0.434137
vt 0.650292 0.398456
vt 0.647782 0.452486
vt 0.643096 0.455650
vt 0.650834 0.379243
vt 0.650268 0.427603
vt 0.640690 0.469255
vt 0.649303 0.442063
vt 0.651742 0.410462
vt 0.644334 0.468951
vt 0.651909 0.443181
vt 0.648690 0.461399
vt 0.652417 0.422916
vt 0.645801 0.474273
vt 0.641635 0.479874
vt 0.650670 0.459731
vt 0.642591 0.491465
vt 0.640129 0.487387
vt 0.653370 0.436916
vt 0.653337 0.465108
vt 0.648358 0.476643
vt 0.655256 0.435129
vt 0.644032 0.509345
vt 0.652049 0.475999
vt 0.655360 0.457921
vt 0.656538 0.448366
vt 0.654844 0.483308
vt 0.646079 0.499619
vt 0.652771 0.486206
vt 0.645345 0.522573
vt 0.648293 0.507057
vt 0.650130 0.503158
vt 0.656903 0.478934
vt 0.658194 0.469278
vt 0.654407 0.503511
vt 0.647621 0.524478
vt 0.652256 0.503817
vt 0.656877 0.508371
vt 0.660137 0.463429
vt 0.651029 0.537439
vt 0.654632 0.517226
vt 0.658000 0.516675
vt 0.659183 0.480792
vt 0.661373 0.482308
vt 0.654151 0.543461
vt 0.656488 0.530594
vt 0.660897 0.502784
vt 0.662454 0.502418
vt 0.658972 0.529766
vt 0.658579 0.555227
vt 0.659440 0.539284
vt 0.662327 0.521307
vt 0.664921 0.511707
vt 0.657373 0.564132
vt 0.662973 0.531617
vt 0.659677 0.568082
vt 0.660312 0.549987
vt 0.661531 0.542217
vt 0.664606 0.523552
vt 0.658281 0.577151
vt 0.662204 0.553123
vt 0.664061 0.538858
vt 0.664881 0.526677
vt 0.659774 0.581772
vt 0.662230 0.575104
vt 0.665237 0.532077
vt 0.664258 0.571797
vt 0.664994 0.548461
vt 0.667471 0.537027
vt 0.661396 0.590337
vt 0.663750 0.579829
vt 0.666635 0.548406
vt 0.660594 0.607650
vt 0.662932 0.584569
vt 0.664957 0.581328
vt 0.665499 0.561339
vt 0.669493 0.548102
vt 0.662266 0.601832
vt 0.663817 0.596484
vt 0.664980 0.587588
vt 0.667689 0.562730
vt 0.661614 0.618988
vt 0.665540 0.598104
vt 0.669957 0.565953
vt 0.663129 0.613183
vt 0.664625 0.606655
vt 0.665808 0.592990
vt 0.667671 0.593681
vt 0.668506 0.573602
vt 0.661041 0.632753
vt 0.665373 0.615514
vt 0.666450 0.605349
vt 0.671061 0.579507
vt 0.663871 0.621684
vt 0.663477 0.631387
vt 0.665931 0.620612
vt 0.667385 0.609723
vt 0.668610 0.602384
vt 0.672657 0.601454
vt 0.663597 0.641495
vt 0.665158 0.634380
vt 0.666625 0.628023
vt 0.669925 0.619432
vt 0.664428 0.649050
vt 0.667351 0.636684
vt 0.668747 0.628654
vt 0.671245 0.630084
vt 0.665853 0.642123
vt 0.666595 0.651081
vt 0.668035 0.644517
vt 0.671476 0.644098
vt 0.668831 0.654874
vt 0.667323 0.659780
vt 0.671007 0.657348
vt 0.669180 0.660577
vt 0.787653 0.869329
vt 0.786494 0.873665
vt 0.787310 0.881889
vt 0.786495 0.860560
vt 0.786061 0.888193
vt 0.784270 0.871337
vt 0.788540 0.867458
vt 0.784232 0.885132
vt 0.784643 0.857811
vt 0.787699 0.856327
vt 0.784041 0.897841
vt 0.785827 0.852061
vt 0.784308 0.844732
vt 0.782182 0.886625
vt 0.785132 0.904079
vt 0.782118 0.860411
vt 0.781477 0.877543
vt 0.786623 0.851503
vt 0.782214 0.897784
vt 0.785300 0.843402
vt 0.782545 0.845708
vt 0.778814 0.883770
vt 0.785701 0.842867
vt 0.784042 0.909243
vt 0.780643 0.901592
vt 0.784688 0.836967
vt 0.781550 0.839722
vt 0.781443 0.850770
vt 0.779159 0.860882
vt 0.782672 0.833865
vt 0.780480 0.843815
vt 0.776446 0.888230
vt 0.776941 0.872697
vt 0.780628 0.831754
vt 0.778710 0.839081
vt 0.779239 0.845530
vt 0.776024 0.864387
vt 0.777467 0.844909
vt 0.774902 0.882142
vt 0.777181 0.857997
vt 0.779666 0.825348
vt 0.776626 0.851546
vt 0.774905 0.869324
vt 0.777617 0.824051
vt 0.777694 0.834547
vt 0.774779 0.853415
vt 0.773975 0.860348
vt 0.776517 0.837173
vt 0.776345 0.846998
vt 0.772337 0.870445
vt 0.775347 0.834984
vt 0.773486 0.833433
vt 0.771066 0.849544
vt 0.770792 0.864541
vt 0.771947 0.828452
vt 0.769893 0.856438
vt 0.768149 0.869138
vt 0.774770 0.822001
vt 0.773478 0.816501
vt 0.769054 0.847461
vt 0.770224 0.839114
vt 0.776481 0.824935
vt 0.772529 0.808878
vt 0.768091 0.849991
vt 0.770034 0.827041
vt 0.767135 0.862877
vt 0.775093 0.804172
vt 0.776153 0.809384
vt 0.774093 0.797460
vt 0.768169 0.837626
vt 0.764102 0.857689
vt 0.777107 0.816511
vt 0.771112 0.803846
vt 0.766477 0.845957
vt 0.776870 0.799880
vt 0.777065 0.825181
vt 0.770999 0.794493
vt 0.768772 0.823044
vt 0.767388 0.828153
vt 0.764397 0.840893
vt 0.775349 0.789468
vt 0.778105 0.820430
vt 0.778276 0.807557
vt 0.772252 0.782268
vt 0.769849 0.803312
vt 0.766094 0.834128
vt 0.774420 0.782959
vt 0.774616 0.764825
vt 0.779335 0.818241
vt 0.779441 0.801182
vt 0.769533 0.788297
vt 0.768583 0.810373
vt 0.767532 0.816823
vt 0.763938 0.822191
vt 0.778744 0.789768
vt 0.779197 0.823424
vt 0.772075 0.763574
vt 0.770985 0.773570
vt 0.768102 0.788993
vt 0.767238 0.800612
vt 0.766125 0.806473
vt 0.780431 0.807562
vt 0.782109 0.789245
vt 0.769828 0.763698
vt 0.769069 0.739753
vt 0.781448 0.801933
vt 0.781027 0.821287
vt 0.782355 0.808750
vt 0.781405 0.814823
vt 0.782800 0.793598
vt 0.766097 0.728694
vt 0.783816 0.799784
vt 0.781639 0.822210
vt 0.784393 0.793270
vt 0.783603 0.816493
vt 0.785513 0.799685
vt 0.784640 0.807121
vt 0.787861 0.822671
vt 0.278414 0.817572
vt 0.279804 0.818911
vt 0.280014 0.808190
vt 0.279969 0.818253
vt 0.480524 0.454384
vt 0.482288 0.459728
vt 0.480984 0.463962
vt 0.484612 0.483858
vt 0.482173 0.483705
vt 0.487084 0.473090
vt 0.482581 0.496204
vt 0.486714 0.487235
vt 0.481112 0.514590
vt 0.491245 0.447610
vt 0.484795 0.508336
vt 0.487883 0.504075
vt 0.488577 0.489577
vt 0.490380 0.464626
vt 0.482709 0.512069
vt 0.490471 0.499908
vt 0.492191 0.479078
vt 0.490481 0.450462
vt 0.483069 0.536009
vt 0.493643 0.445751
vt 0.484893 0.524881
vt 0.486698 0.516072
vt 0.481936 0.562139
vt 0.485502 0.540430
vt 0.496334 0.452132
vt 0.488529 0.516922
vt 0.490412 0.518200
vt 0.492323 0.493657
vt 0.494034 0.474190
vt 0.486819 0.538094
vt 0.488552 0.529336
vt 0.492209 0.518309
vt 0.494166 0.495646
vt 0.486680 0.552106
vt 0.496180 0.470378
vt 0.492268 0.532160
vt 0.496049 0.497910
vt 0.498045 0.483024
vt 0.488616 0.540610
vt 0.490394 0.531182
vt 0.493836 0.536183
vt 0.494946 0.510818
vt 0.498156 0.458158
vt 0.488615 0.553163
vt 0.490342 0.544840
vt 0.493864 0.522657
vt 0.492196 0.546021
vt 0.499055 0.515178
vt 0.500052 0.460219
vt 0.488541 0.567229
vt 0.495879 0.546565
vt 0.493002 0.548021
vt 0.496952 0.528152
vt 0.500743 0.502368
vt 0.499692 0.487664
vt 0.490771 0.559529
vt 0.492131 0.552937
vt 0.493999 0.554786
vt 0.500872 0.535429
vt 0.501510 0.518012
vt 0.502077 0.446818
vt 0.502315 0.464324
vt 0.491421 0.559523
vt 0.499050 0.542296
vt 0.498601 0.564354
vt 0.491861 0.564809
vt 0.503333 0.523403
vt 0.502567 0.490366
vt 0.504197 0.449171
vt 0.506661 0.452932
vt 0.495586 0.581598
vt 0.493451 0.584216
vt 0.502657 0.554219
vt 0.503488 0.505661
vt 0.504374 0.477040
vt 0.497234 0.575608
vt 0.491630 0.584328
vt 0.505134 0.525293
vt 0.505350 0.507024
vt 0.505757 0.464272
vt 0.509679 0.453645
vt 0.505786 0.492428
vt 0.501162 0.567792
vt 0.493968 0.601054
vt 0.499211 0.579418
vt 0.504877 0.547777
vt 0.508113 0.467606
vt 0.503136 0.561541
vt 0.496850 0.616004
vt 0.498654 0.583493
vt 0.491323 0.609582
vt 0.507078 0.516517
vt 0.507160 0.510838
vt 0.515507 0.444363
vt 0.502321 0.586187
vt 0.504530 0.571066
vt 0.495096 0.615763
vt 0.493353 0.613920
vt 0.506540 0.561247
vt 0.507571 0.520218
vt 0.509102 0.496180
vt 0.515309 0.459211
vt 0.512594 0.474973
vt 0.496621 0.643084
vt 0.499701 0.605987
vt 0.503446 0.611621
vt 0.508662 0.514527
vt 0.517474 0.449622
vt 0.513444 0.456714
vt 0.504277 0.593820
vt 0.506163 0.593645
vt 0.493876 0.624217
vt 0.495011 0.639861
vt 0.500199 0.631739
vt 0.501271 0.620341
vt 0.509026 0.521051
vt 0.511162 0.514354
vt 0.515039 0.486122
vt 0.512357 0.485174
vt 0.509345 0.584170
vt 0.494895 0.653459
vt 0.500369 0.643916
vt 0.508647 0.539370
vt 0.510944 0.524257
vt 0.514618 0.512700
vt 0.520207 0.457876
vt 0.516947 0.477692
vt 0.514710 0.505056
vt 0.508107 0.611248
vt 0.493359 0.636137
vt 0.493158 0.650434
vt 0.496530 0.654588
vt 0.502117 0.642303
vt 0.498525 0.653853
vt 0.511682 0.539559
vt 0.512795 0.524676
vt 0.519037 0.463959
vt 0.517818 0.492216
vt 0.519061 0.478281
vt 0.511702 0.597877
vt 0.493577 0.619008
vt 0.494877 0.665766
vt 0.502020 0.658607
vt 0.500286 0.655679
vt 0.504743 0.633486
vt 0.507943 0.622653
vt 0.516520 0.510266
vt 0.516331 0.525693
vt 0.522369 0.456717
vt 0.511931 0.611291
vt 0.491664 0.616588
vt 0.493271 0.659672
vt 0.496573 0.677716
vt 0.498433 0.666294
vt 0.503760 0.661318
vt 0.500166 0.672131
vt 0.504187 0.646358
vt 0.514901 0.540912
vt 0.514388 0.531820
vt 0.522147 0.473689
vt 0.520779 0.501556
vt 0.494838 0.685831
vt 0.501887 0.669151
vt 0.507111 0.639643
vt 0.513015 0.626961
vt 0.518361 0.512240
vt 0.518176 0.526695
vt 0.524889 0.452358
vt 0.522786 0.492497
vt 0.498325 0.679299
vt 0.503604 0.675426
vt 0.505695 0.647916
vt 0.501770 0.677510
vt 0.514824 0.636001
vt 0.524602 0.468920
vt 0.525107 0.484266
vt 0.520218 0.524404
vt 0.525782 0.512314
vt 0.505393 0.675256
vt 0.505519 0.663042
vt 0.499931 0.679128
vt 0.507298 0.663213
vt 0.511981 0.639892
vt 0.518119 0.541167
vt 0.526974 0.456906
vt 0.524067 0.531298
vt 0.503540 0.690542
vt 0.498120 0.682193
vt 0.501674 0.684827
vt 0.509293 0.663235
vt 0.509442 0.649942
vt 0.515453 0.651109
vt 0.516880 0.553813
vt 0.526809 0.471526
vt 0.531556 0.464482
vt 0.532794 0.450188
vt 0.528686 0.489482
vt 0.521612 0.541551
vt 0.528354 0.520506
vt 0.505299 0.685538
vt 0.507167 0.675136
vt 0.497963 0.687382
vt 0.501556 0.698689
vt 0.509073 0.674573
vt 0.512046 0.649853
vt 0.520946 0.555413
vt 0.529707 0.477859
vt 0.529625 0.505988
vt 0.524330 0.553569
vt 0.504854 0.692924
vt 0.507194 0.685073
vt 0.496661 0.687803
vt 0.499629 0.696720
vt 0.512594 0.661931
vt 0.520679 0.568341
vt 0.535914 0.472465
vt 0.531737 0.494028
vt 0.538276 0.458055
vt 0.531184 0.516814
vt 0.496058 0.693234
vt 0.497834 0.698464
vt 0.499440 0.708062
vt 0.535316 0.499860
vt 0.533581 0.496638
vt 0.543028 0.449442
vt 0.496083 0.695391
vt 0.497765 0.710052
vt 0.537887 0.472428
vt 0.539451 0.489410
vt 0.542357 0.461423
vt 0.494201 0.693152
vt 0.539742 0.474779
vt 0.545784 0.462855
vt 0.495933 0.710331
vt 0.543486 0.479079
vt 0.494148 0.710051
vt 0.495954 0.722091
vt 0.542071 0.491041
vt 0.549678 0.490487
vt 0.549430 0.461886
vt 0.545327 0.494110
vt 0.551531 0.475347
vt 0.553197 0.461060
vt 0.553268 0.505882
vt 0.554690 0.450385
vt 0.555190 0.474665
vt 0.561751 0.464061
vt 0.557505 0.449808
vt 0.564092 0.451678
vt 0.566346 0.465265
vt 0.568888 0.446058
vt 0.569942 0.460335
vt 0.570671 0.447597
vt 0.569910 0.475264
vt 0.572518 0.449944
vt 0.573841 0.464355
vt 0.576392 0.452111
vt 0.578125 0.465326
vt 0.575802 0.470555
vt 0.613941 0.558800
vt 0.615375 0.551277
vt 0.615592 0.561077
vt 0.616718 0.543737
vt 0.617668 0.525046
vt 0.616463 0.551725
vt 0.617696 0.533667
vt 0.617212 0.563131
vt 0.618011 0.544814
vt 0.619528 0.559155
vt 0.619889 0.541263
vt 0.619272 0.528592
vt 0.620275 0.550319
vt 0.326070 0.228740
vt 0.324886 0.209921
vt 0.321625 0.241261
vt 0.327244 0.214086
vt 0.322818 0.217645
vt 0.325928 0.254633
vt 0.326906 0.204495
vt 0.327572 0.223487
vt 0.323396 0.182332
vt 0.320849 0.223172
vt 0.328620 0.237706
vt 0.325093 0.190342
vt 0.328767 0.202878
vt 0.329424 0.220061
vt 0.319327 0.235584
vt 0.325896 0.188094
vt 0.328208 0.189456
vt 0.320440 0.195747
vt 0.318199 0.212535
vt 0.325624 0.173415
vt 0.319267 0.183651
vt 0.316734 0.249377
vt 0.325336 0.162803
vt 0.315895 0.195212
vt 0.322932 0.170655
vt 0.316708 0.216640
vt 0.315816 0.177884
vt 0.322266 0.160193
vt 0.314329 0.235699
vt 0.314371 0.202337
vt 0.318131 0.158115
vt 0.320095 0.168155
vt 0.313709 0.268919
vt 0.315947 0.154832
vt 0.313667 0.184020
vt 0.321159 0.148069
vt 0.312289 0.197445
vt 0.311167 0.255503
vt 0.314589 0.290248
vt 0.316156 0.143726
vt 0.312821 0.162710
vt 0.310736 0.244624
vt 0.312459 0.279064
vt 0.318439 0.130650
vt 0.314107 0.154451
vt 0.309123 0.189575
vt 0.309565 0.218955
vt 0.309108 0.245214
vt 0.309761 0.269169
vt 0.310576 0.294923
vt 0.313118 0.131513
vt 0.310664 0.170651
vt 0.308606 0.204352
vt 0.311009 0.286138
vt 0.315200 0.310042
vt 0.309000 0.147592
vt 0.307590 0.179857
vt 0.307777 0.217286
vt 0.307172 0.251594
vt 0.311760 0.310421
vt 0.310943 0.119857
vt 0.305879 0.282570
vt 0.308565 0.317962
vt 0.313661 0.332248
vt 0.314092 0.105294
vt 0.308741 0.126812
vt 0.306120 0.181680
vt 0.305539 0.208633
vt 0.305453 0.227425
vt 0.304418 0.260466
vt 0.306149 0.295406
vt 0.311361 0.331228
vt 0.307145 0.312102
vt 0.317717 0.328681
vt 0.310426 0.109718
vt 0.307980 0.123460
vt 0.305044 0.160285
vt 0.304155 0.238312
vt 0.304315 0.282920
vt 0.304006 0.250087
vt 0.308149 0.331528
vt 0.315636 0.340702
vt 0.313550 0.342268
vt 0.311159 0.083514
vt 0.304714 0.143105
vt 0.303299 0.196143
vt 0.303973 0.167835
vt 0.304828 0.227822
vt 0.301838 0.251959
vt 0.303882 0.310276
vt 0.310313 0.338817
vt 0.306809 0.341512
vt 0.318783 0.334079
vt 0.313157 0.084216
vt 0.310010 0.099507
vt 0.306334 0.097146
vt 0.305290 0.123269
vt 0.301493 0.189678
vt 0.301508 0.277039
vt 0.302853 0.296477
vt 0.316030 0.352657
vt 0.309216 0.348549
vt 0.315285 0.089001
vt 0.312631 0.063886
vt 0.309561 0.088768
vt 0.302442 0.133386
vt 0.302065 0.210951
vt 0.300348 0.170368
vt 0.302561 0.220909
vt 0.299570 0.225015
vt 0.297229 0.247876
vt 0.314002 0.355330
vt 0.311832 0.354218
vt 0.314773 0.071711
vt 0.310380 0.063353
vt 0.307777 0.078655
vt 0.304546 0.104725
vt 0.298909 0.207539
vt 0.301471 0.161676
vt 0.300568 0.144158
vt 0.299863 0.291341
vt 0.308285 0.360947
vt 0.315715 0.388836
vt 0.314294 0.056142
vt 0.310079 0.052476
vt 0.298430 0.178362
vt 0.297441 0.228870
vt 0.297211 0.286230
vt 0.300546 0.305166
vt 0.312186 0.361864
vt 0.313107 0.370726
vt 0.313817 0.044227
vt 0.311975 0.048823
vt 0.294924 0.202988
vt 0.297710 0.149475
vt 0.299199 0.153249
vt 0.294651 0.244563
vt 0.295729 0.260148
vt 0.296782 0.305814
vt 0.312943 0.379347
vt 0.311624 0.370028
vt 0.315231 0.037352
vt 0.310692 0.034652
vt 0.296885 0.215191
vt 0.293174 0.178232
vt 0.296222 0.167039
vt 0.298715 0.143490
vt 0.295043 0.286414
vt 0.295180 0.304798
vt 0.295940 0.331291
vt 0.312094 0.379235
vt 0.314301 0.390324
vt 0.308857 0.373043
vt 0.313245 0.029840
vt 0.312315 0.029440
vt 0.292560 0.196500
vt 0.295014 0.153640
vt 0.298272 0.134558
vt 0.292807 0.227358
vt 0.293579 0.250212
vt 0.294096 0.273944
vt 0.295349 0.315111
vt 0.295791 0.322524
vt 0.312506 0.021699
vt 0.290547 0.194700
vt 0.294450 0.167753
vt 0.295483 0.141827
vt 0.290220 0.214636
vt 0.291133 0.262749
vt 0.293770 0.286144
vt 0.293528 0.319973
vt 0.293899 0.327342
vt 0.290192 0.188647
vt 0.292537 0.151374
vt 0.297409 0.118420
vt 0.292112 0.235576
vt 0.290173 0.263323
vt 0.291192 0.288229
vt 0.292721 0.315761
vt 0.288664 0.198755
vt 0.292205 0.131654
vt 0.295397 0.133773
vt 0.288539 0.226770
vt 0.289927 0.285477
vt 0.292438 0.306584
vt 0.290495 0.337660
vt 0.290174 0.330419
vt 0.290221 0.157727
vt 0.288006 0.183819
vt 0.286987 0.224672
vt 0.289424 0.139367
vt 0.295656 0.122638
vt 0.287907 0.258491
vt 0.289053 0.297457
vt 0.289848 0.309853
vt 0.289138 0.326980
vt 0.285903 0.199282
vt 0.285591 0.210295
vt 0.291746 0.118728
vt 0.284700 0.226144
vt 0.287969 0.279271
vt 0.287541 0.300271
vt 0.287749 0.331315
vt 0.287420 0.153664
vt 0.288067 0.163711
vt 0.284747 0.177560
vt 0.289416 0.113085
vt 0.293408 0.117204
vt 0.286328 0.252092
vt 0.286505 0.284504
vt 0.284963 0.259737
vt 0.288589 0.317852
vt 0.286617 0.132730
vt 0.281815 0.188511
vt 0.283476 0.205031
vt 0.284076 0.215195
vt 0.291203 0.107334
vt 0.284214 0.251571
vt 0.285227 0.290490
vt 0.282903 0.160016
vt 0.281548 0.171163
vt 0.282335 0.220309
vt 0.283224 0.230993
vt 0.284635 0.306052
vt 0.280088 0.179495
vt 0.284591 0.275230
vt 0.281986 0.290053
vt 0.279462 0.169186
vt 0.280696 0.189302
vt 0.280653 0.200821
vt 0.280708 0.248629
vt 0.282448 0.275415
vt 0.279101 0.189727
vt 0.280395 0.214873
vt 0.279542 0.228450
vt 0.278029 0.221930
vt 0.280544 0.278449
vt 0.278056 0.248286
vt 0.950516 0.940217
vt 0.950981 0.942072
vt 0.950039 0.933292
vt 0.950732 0.943546
vt 0.949237 0.940695
vt 0.950024 0.943465
vt 0.633896 0.410999
vt 0.635003 0.407947
vt 0.943055 0.896571
vt 0.943017 0.900579
vt 0.944072 0.905924
vt 0.941893 0.895949
vt 0.941431 0.894174
vt 0.942066 0.885398
vt 0.942640 0.902799
vt 0.620885 0.544854
vt 0.181454 0.219196
vt 0.182540 0.226011
vt 0.182956 0.216732
vt 0.181771 0.232261
vt 0.180542 0.226078
vt 0.167652 0.789678
vt 0.167720 0.798389
vt 0.168751 0.790763
vt 0.167424 0.798240
vt 0.167388 0.798359
vt 0.166662 0.793962
vt 0.788386 0.915500
vt 0.788463 0.923178
vt 0.788719 0.922359
vt 0.786786 0.920162
vt 0.786872 0.913411
vt 0.787328 0.908292
vt 0.785823 0.912289
vt 0.788153 0.902518
vt 0.787145 0.902149
vt 0.785079 0.916890
vt 0.788981 0.901051
vt 0.788668 0.900504
vt 0.789977 0.909551
vt 0.786492 0.892434
vt 0.788365 0.895383
vt 0.789322 0.894115
vt 0.790501 0.898514
vt 0.788165 0.892387
vt 0.789539 0.893495
vt 0.791163 0.905916
vt 0.787612 0.887728
vt 0.790475 0.890390
vt 0.792275 0.897826
vt 0.788814 0.885621
vt 0.790935 0.885855
vt 0.788199 0.876112
vt 0.789776 0.882587
vt 0.789488 0.876943
vt 0.257518 0.761129
vt 0.252884 0.757053
vt 0.254746 0.770456
vt 0.251834 0.771975
vt 0.257984 0.763757
vt 0.250398 0.762465
vt 0.253135 0.778093
vt 0.256959 0.768308
vt 0.261806 0.763089
vt 0.250513 0.776865
vt 0.255656 0.784250
vt 0.256778 0.772209
vt 0.258301 0.769619
vt 0.248765 0.779369
vt 0.250101 0.791057
vt 0.252643 0.786061
vt 0.256528 0.778313
vt 0.259541 0.776367
vt 0.254687 0.791968
vt 0.257460 0.786803
vt 0.258871 0.782398
vt 0.261946 0.773918
vt 0.248210 0.798277
vt 0.252290 0.792874
vt 0.255804 0.799835
vt 0.260409 0.782894
vt 0.263881 0.764289
vt 0.251493 0.801193
vt 0.253811 0.799970
vt 0.257008 0.804086
vt 0.260466 0.788536
vt 0.264328 0.750480
vt 0.263433 0.776531
vt 0.262536 0.783150
vt 0.252108 0.805766
vt 0.254686 0.815750
vt 0.258486 0.807837
vt 0.260158 0.794599
vt 0.266096 0.744429
vt 0.264330 0.769838
vt 0.262380 0.795403
vt 0.263405 0.742430
vt 0.265868 0.759139
vt 0.266221 0.773331
vt 0.252539 0.820222
vt 0.257367 0.821191
vt 0.260914 0.802995
vt 0.263142 0.806532
vt 0.266646 0.735631
vt 0.267028 0.760235
vt 0.254230 0.820256
vt 0.259501 0.820489
vt 0.263544 0.800601
vt 0.267975 0.742685
vt 0.268494 0.758596
vt 0.266038 0.779735
vt 0.255950 0.832088
vt 0.259715 0.831334
vt 0.263707 0.792292
vt 0.264701 0.811485
vt 0.267923 0.735568
vt 0.268078 0.782081
vt 0.263047 0.816102
vt 0.261040 0.823908
vt 0.265085 0.790113
vt 0.269606 0.755798
vt 0.266382 0.792431
vt 0.270115 0.766777
vt 0.258111 0.838052
vt 0.261200 0.834125
vt 0.264704 0.818563
vt 0.268066 0.802181
vt 0.272528 0.757484
vt 0.269697 0.791831
vt 0.269696 0.780435
vt 0.257496 0.843857
vt 0.262931 0.825022
vt 0.262461 0.835715
vt 0.261051 0.846498
vt 0.264215 0.825662
vt 0.268186 0.814128
vt 0.273005 0.769954
vt 0.263028 0.844241
vt 0.265500 0.825912
vt 0.266640 0.825466
vt 0.270910 0.801139
vt 0.270295 0.787350
vt 0.259588 0.852974
vt 0.265112 0.834160
vt 0.263650 0.860759
vt 0.267613 0.828318
vt 0.271631 0.814905
vt 0.273699 0.788915
vt 0.258285 0.851669
vt 0.259481 0.865085
vt 0.265407 0.844294
vt 0.261996 0.860125
vt 0.270537 0.822347
vt 0.275404 0.786991
vt 0.258036 0.860519
vt 0.260516 0.868860
vt 0.261812 0.868911
vt 0.264449 0.861773
vt 0.270940 0.829231
vt 0.271953 0.821807
vt 0.273720 0.802206
vt 0.274915 0.805017
vt 0.256743 0.861085
vt 0.260299 0.876149
vt 0.268674 0.847366
vt 0.261621 0.876900
vt 0.264267 0.876456
vt 0.266068 0.850261
vt 0.273445 0.815873
vt 0.276267 0.802813
vt 0.258005 0.880233
vt 0.262941 0.876620
vt 0.265598 0.876658
vt 0.265940 0.858847
vt 0.270951 0.842884
vt 0.273075 0.833371
vt 0.273314 0.822642
vt 0.276146 0.814501
vt 0.255648 0.873485
vt 0.262298 0.883807
vt 0.267264 0.857187
vt 0.265345 0.884048
vt 0.266149 0.867080
vt 0.269973 0.857272
vt 0.274680 0.826004
vt 0.274842 0.818915
vt 0.257436 0.885515
vt 0.260206 0.887134
vt 0.268415 0.857612
vt 0.266829 0.875254
vt 0.271767 0.848955
vt 0.272901 0.840310
vt 0.274166 0.832686
vt 0.277326 0.823039
vt 0.255391 0.887708
vt 0.262037 0.894422
vt 0.267099 0.867152
vt 0.264022 0.888845
vt 0.266281 0.882066
vt 0.271393 0.856133
vt 0.268499 0.870075
vt 0.275786 0.834541
vt 0.251328 0.873714
vt 0.256931 0.896113
vt 0.259040 0.889560
vt 0.263688 0.892803
vt 0.266579 0.884750
vt 0.274264 0.846245
vt 0.273815 0.867093
vt 0.274988 0.854333
vt 0.269357 0.878887
vt 0.275321 0.838702
vt 0.277211 0.830103
vt 0.252670 0.892145
vt 0.259336 0.899727
vt 0.262771 0.900454
vt 0.265480 0.891608
vt 0.268102 0.878138
vt 0.276983 0.843228
vt 0.277105 0.835492
vt 0.254060 0.907812
vt 0.259195 0.907339
vt 0.260573 0.906802
vt 0.275454 0.847518
vt 0.277135 0.855293
vt 0.273757 0.878366
vt 0.267584 0.892838
vt 0.275673 0.843599
vt 0.257358 0.904494
vt 0.262177 0.908490
vt 0.264868 0.913822
vt 0.276461 0.865794
vt 0.271661 0.888078
vt 0.276273 0.873891
vt 0.269068 0.900557
vt 0.256276 0.913082
vt 0.277003 0.846710
vt 0.277858 0.863583
vt 0.273331 0.884870
vt 0.276226 0.887891
vt 0.267516 0.906536
vt 0.254921 0.912721
vt 0.258260 0.925842
vt 0.261733 0.914518
vt 0.263529 0.921745
vt 0.278073 0.851380
vt 0.279266 0.862830
vt 0.271754 0.895730
vt 0.273080 0.893939
vt 0.277681 0.877582
vt 0.272667 0.901683
vt 0.254823 0.928015
vt 0.256416 0.922314
vt 0.260153 0.921971
vt 0.265773 0.924168
vt 0.268053 0.915020
vt 0.279347 0.853475
vt 0.278136 0.843798
vt 0.278905 0.868849
vt 0.277385 0.892839
vt 0.260021 0.934954
vt 0.260211 0.930307
vt 0.267075 0.920525
vt 0.263526 0.929465
vt 0.277475 0.838377
vt 0.280722 0.869812
vt 0.280670 0.861532
vt 0.275769 0.902959
vt 0.278984 0.876177
vt 0.277362 0.906979
vt 0.272264 0.918016
vt 0.257038 0.941509
vt 0.270117 0.929645
vt 0.263884 0.938228
vt 0.268475 0.920160
vt 0.279645 0.838706
vt 0.278485 0.826392
vt 0.280624 0.864521
vt 0.280070 0.855079
vt 0.278760 0.890709
vt 0.270467 0.921854
vt 0.273236 0.918513
vt 0.260828 0.947917
vt 0.267494 0.939413
vt 0.280292 0.848159
vt 0.280626 0.877240
vt 0.281268 0.878064
vt 0.281242 0.870561
vt 0.275565 0.918396
vt 0.278475 0.898077
vt 0.280267 0.889921
vt 0.273089 0.927964
vt 0.269553 0.935989
vt 0.266363 0.944918
vt 0.280200 0.833637
vt 0.279856 0.822273
vt 0.281326 0.885668
vt 0.277297 0.915587
vt 0.278660 0.911492
vt 0.280146 0.897462
vt 0.263961 0.955579
vt 0.269910 0.944902
vt 0.268221 0.959027
vt 0.280825 0.885682
vt 0.276734 0.928968
vt 0.280053 0.903372
vt 0.280888 0.893455
vt 0.272137 0.937580
vt 0.275428 0.926966
vt 0.280351 0.826701
vt 0.281115 0.893176
vt 0.278366 0.923307
vt 0.279954 0.910047
vt 0.273539 0.934746
vt 0.279834 0.918937
vt 0.275148 0.935254
vt 0.278285 0.930704
vt 0.281406 0.910683
vt 0.279711 0.929855
vt 0.279722 0.931689
vt 0.281194 0.928588
vt 0.281289 0.919998
vt 0.281188 0.930148
vt 0.282269 0.918093
vt 0.281782 0.925844
vt 0.690269 0.606165
vt 0.690615 0.598948
vt 0.689342 0.601848
vt 0.689618 0.597517
vt 0.503048 0.123815
vt 0.502209 0.131000
vt 0.503292 0.126612
vt 0.501620 0.124188
vt 0.500965 0.124359
vt 0.725652 0.397571
vt 0.723355 0.402885
vt 0.725884 0.413283
vt 0.724178 0.392604
vt 0.724329 0.444067
vt 0.723697 0.455622
vt 0.724330 0.457686
vt 0.725375 0.448910
vt 0.725889 0.439184
vt 0.167601 0.807664
vt 0.168467 0.809306
vt 0.169444 0.801631
vt 0.738623 0.604940
vt 0.743767 0.567273
vt 0.737526 0.624603
vt 0.740667 0.584721
vt 0.744481 0.536276
vt 0.746178 0.515106
vt 0.736191 0.614097
vt 0.738621 0.579114
vt 0.738537 0.630700
vt 0.741104 0.545595
vt 0.746035 0.493553
vt 0.748576 0.463703
vt 0.736557 0.592730
vt 0.735011 0.624589
vt 0.737734 0.640862
vt 0.736594 0.660845
vt 0.737184 0.689487
vt 0.739707 0.563681
vt 0.743972 0.511967
vt 0.741578 0.507549
vt 0.745878 0.479726
vt 0.744436 0.490074
vt 0.750311 0.445276
vt 0.733714 0.596419
vt 0.734277 0.638932
vt 0.733743 0.613425
vt 0.736715 0.575656
vt 0.735675 0.706030
vt 0.739413 0.539893
vt 0.740173 0.529118
vt 0.743570 0.464192
vt 0.747149 0.455345
vt 0.752029 0.422965
vt 0.733301 0.576448
vt 0.734265 0.566950
vt 0.734193 0.676307
vt 0.733737 0.682912
vt 0.735960 0.558743
vt 0.737056 0.541735
vt 0.738877 0.502807
vt 0.748712 0.436362
vt 0.751026 0.404940
vt 0.730884 0.610375
vt 0.733000 0.625723
vt 0.731883 0.694603
vt 0.738138 0.517036
vt 0.739720 0.491995
vt 0.745301 0.438258
vt 0.746233 0.424739
vt 0.752863 0.412684
vt 0.729604 0.603756
vt 0.732623 0.559165
vt 0.731875 0.640196
vt 0.731623 0.662245
vt 0.733993 0.729847
vt 0.734370 0.523247
vt 0.741515 0.476011
vt 0.737919 0.488976
vt 0.741811 0.423998
vt 0.748209 0.407794
vt 0.730006 0.572754
vt 0.728625 0.636399
vt 0.730336 0.557048
vt 0.732165 0.537008
vt 0.728938 0.696624
vt 0.731073 0.719298
vt 0.740062 0.447748
vt 0.743077 0.403915
vt 0.740589 0.439146
vt 0.746137 0.397725
vt 0.749236 0.388616
vt 0.753746 0.382945
vt 0.727897 0.595665
vt 0.730592 0.634472
vt 0.727628 0.619287
vt 0.729523 0.529319
vt 0.730852 0.651861
vt 0.729635 0.714441
vt 0.730150 0.662083
vt 0.732555 0.746976
vt 0.730403 0.517474
vt 0.739157 0.463345
vt 0.735074 0.505351
vt 0.741266 0.408835
vt 0.739233 0.414054
vt 0.746378 0.384747
vt 0.750646 0.376250
vt 0.727373 0.580395
vt 0.727597 0.556271
vt 0.727638 0.671063
vt 0.726013 0.627856
vt 0.728741 0.537065
vt 0.727203 0.718204
vt 0.728862 0.677077
vt 0.729919 0.735572
vt 0.733508 0.501187
vt 0.738771 0.424676
vt 0.737784 0.441857
vt 0.737491 0.475456
vt 0.740883 0.385475
vt 0.743758 0.383404
vt 0.747851 0.357022
vt 0.726508 0.591994
vt 0.727940 0.547576
vt 0.725514 0.640342
vt 0.726291 0.612720
vt 0.727444 0.529975
vt 0.728813 0.514156
vt 0.727905 0.733025
vt 0.727520 0.694084
vt 0.729813 0.752677
vt 0.731230 0.768232
vt 0.731998 0.492318
vt 0.738223 0.440600
vt 0.734452 0.488624
vt 0.735973 0.424303
vt 0.743425 0.366448
vt 0.726725 0.539042
vt 0.723960 0.671228
vt 0.724418 0.612305
vt 0.723434 0.612630
vt 0.729687 0.502298
vt 0.726867 0.755030
vt 0.725496 0.719727
vt 0.728946 0.742736
vt 0.736331 0.463772
vt 0.734331 0.478089
vt 0.737992 0.399620
vt 0.739388 0.378818
vt 0.741766 0.349071
vt 0.746268 0.342635
vt 0.724136 0.598709
vt 0.725304 0.556990
vt 0.725987 0.548107
vt 0.722938 0.659847
vt 0.726431 0.686734
vt 0.723038 0.627375
vt 0.726331 0.525162
vt 0.728274 0.497779
vt 0.723831 0.744003
vt 0.724569 0.709756
vt 0.728581 0.775833
vt 0.727770 0.756170
vt 0.730811 0.486744
vt 0.735201 0.441437
vt 0.739772 0.368681
vt 0.733067 0.424370
vt 0.743036 0.335394
vt 0.725354 0.581345
vt 0.724749 0.565495
vt 0.724692 0.538707
vt 0.722498 0.638819
vt 0.720672 0.691211
vt 0.723560 0.684854
vt 0.720085 0.624743
vt 0.726249 0.506505
vt 0.724520 0.760719
vt 0.723584 0.712123
vt 0.725208 0.701676
vt 0.732225 0.450022
vt 0.736149 0.374848
vt 0.732967 0.397094
vt 0.738118 0.350759
vt 0.743597 0.320399
vt 0.724321 0.573831
vt 0.723655 0.558009
vt 0.721626 0.655682
vt 0.720427 0.671752
vt 0.722822 0.591375
vt 0.720401 0.607344
vt 0.723994 0.510661
vt 0.730484 0.474827
vt 0.727374 0.486651
vt 0.725779 0.779899
vt 0.723365 0.772235
vt 0.721296 0.724779
vt 0.734521 0.380379
vt 0.730488 0.406204
vt 0.740267 0.325877
vt 0.723677 0.582249
vt 0.723026 0.566653
vt 0.724205 0.549507
vt 0.718500 0.647762
vt 0.719741 0.678413
vt 0.722040 0.600292
vt 0.719437 0.633356
vt 0.717659 0.611921
vt 0.723293 0.517215
vt 0.724629 0.499279
vt 0.726460 0.481891
vt 0.721387 0.749506
vt 0.722248 0.736352
vt 0.730970 0.439688
vt 0.729075 0.466422
vt 0.734728 0.368860
vt 0.735632 0.354592
vt 0.731428 0.386437
vt 0.731016 0.415212
vt 0.736577 0.342681
vt 0.722268 0.548444
vt 0.723087 0.528164
vt 0.718330 0.699557
vt 0.721406 0.584751
vt 0.722257 0.575609
vt 0.718384 0.595612
vt 0.719989 0.602167
vt 0.722980 0.500837
vt 0.727085 0.471097
vt 0.724625 0.796142
vt 0.720385 0.763765
vt 0.729522 0.435316
vt 0.732384 0.371223
vt 0.727288 0.421916
vt 0.729034 0.385860
vt 0.737435 0.303270
vt 0.720080 0.559429
vt 0.718253 0.665222
vt 0.717043 0.634032
vt 0.717025 0.690644
vt 0.719960 0.590809
vt 0.715415 0.620509
vt 0.715189 0.597736
vt 0.721997 0.516398
vt 0.722598 0.509261
vt 0.723546 0.492062
vt 0.724999 0.475027
vt 0.719513 0.753968
vt 0.718662 0.708392
vt 0.734308 0.348374
vt 0.733314 0.359667
vt 0.736740 0.324216
vt 0.738664 0.290472
vt 0.720497 0.570611
vt 0.719249 0.538712
vt 0.715951 0.708597
vt 0.720502 0.581553
vt 0.714654 0.605849
vt 0.715897 0.581570
vt 0.721536 0.503089
vt 0.724393 0.482667
vt 0.722327 0.485209
vt 0.727446 0.461445
vt 0.725855 0.462866
vt 0.717680 0.734508
vt 0.726449 0.430513
vt 0.731892 0.353306
vt 0.733281 0.335086
vt 0.729309 0.366028
vt 0.726744 0.402442
vt 0.733864 0.311142
vt 0.735095 0.277724
vt 0.718415 0.551887
vt 0.718913 0.523831
vt 0.718990 0.564667
vt 0.715995 0.660999
vt 0.714959 0.676759
vt 0.715447 0.635098
vt 0.715875 0.688459
vt 0.719570 0.582769
vt 0.713896 0.606186
vt 0.713676 0.582786
vt 0.721887 0.493734
vt 0.726891 0.446311
vt 0.723146 0.466811
vt 0.722899 0.476355
vt 0.716928 0.718864
vt 0.728413 0.383154
vt 0.735883 0.262779
vt 0.717191 0.540706
vt 0.717825 0.531057
vt 0.719611 0.517547
vt 0.715427 0.700198
vt 0.720531 0.511585
vt 0.719729 0.498312
vt 0.720666 0.479567
vt 0.714168 0.722418
vt 0.716509 0.743489
vt 0.729391 0.339157
vt 0.728303 0.358195
vt 0.725070 0.423465
vt 0.732907 0.302441
vt 0.732654 0.326016
vt 0.731818 0.277167
vt 0.714094 0.529181
vt 0.714048 0.549352
vt 0.716888 0.514187
vt 0.718021 0.508498
vt 0.713798 0.647756
vt 0.713365 0.680233
vt 0.711904 0.606664
vt 0.714697 0.704406
vt 0.719277 0.508360
vt 0.721737 0.465874
vt 0.724778 0.434429
vt 0.730491 0.329622
vt 0.727412 0.369064
vt 0.724247 0.421212
vt 0.725401 0.367151
vt 0.730666 0.290036
vt 0.730170 0.313698
vt 0.733477 0.257837
vt 0.713133 0.634579
vt 0.711319 0.591540
vt 0.711959 0.706037
vt 0.718599 0.497757
vt 0.720079 0.484091
vt 0.721480 0.469576
vt 0.721237 0.462421
vt 0.722953 0.461205
vt 0.713402 0.743859
vt 0.712234 0.718766
vt 0.727202 0.327177
vt 0.728543 0.320219
vt 0.723849 0.413839
vt 0.728009 0.278475
vt 0.728969 0.266344
vt 0.735256 0.251740
vt 0.716895 0.493384
vt 0.714559 0.507216
vt 0.711742 0.675551
vt 0.712487 0.642980
vt 0.712442 0.621453
vt 0.710066 0.591761
vt 0.720119 0.474055
vt 0.720288 0.465388
vt 0.723573 0.445828
vt 0.712518 0.732936
vt 0.711619 0.726381
vt 0.725818 0.346758
vt 0.724088 0.422311
vt 0.728856 0.306695
vt 0.728415 0.290970
vt 0.731962 0.244145
vt 0.734664 0.240965
vt 0.711709 0.632753
vt 0.711056 0.619431
vt 0.708077 0.586763
vt 0.709574 0.577263
vt 0.709785 0.724998
vt 0.719492 0.481524
vt 0.721377 0.454195
vt 0.721776 0.445356
vt 0.710475 0.742928
vt 0.724195 0.335939
vt 0.724706 0.321230
vt 0.723720 0.353433
vt 0.724250 0.426430
vt 0.723130 0.408139
vt 0.726243 0.277449
vt 0.728110 0.242612
vt 0.718122 0.476422
vt 0.711279 0.663740
vt 0.710840 0.686577
vt 0.710707 0.651936
vt 0.709536 0.631546
vt 0.708287 0.610615
vt 0.709659 0.708630
vt 0.722420 0.436028
vt 0.710124 0.759747
vt 0.726742 0.309627
vt 0.724162 0.427144
vt 0.722352 0.422622
vt 0.724744 0.286171
vt 0.727700 0.257748
vt 0.732520 0.239288
vt 0.709510 0.665400
vt 0.708694 0.669127
vt 0.709957 0.693032
vt 0.709871 0.638807
vt 0.706426 0.576661
vt 0.707676 0.593325
vt 0.708588 0.719444
vt 0.719889 0.467334
vt 0.721468 0.425853
vt 0.723792 0.438719
vt 0.709806 0.749290
vt 0.713244 0.766197
vt 0.708817 0.733666
vt 0.722266 0.352301
vt 0.722975 0.317311
vt 0.722472 0.288307
vt 0.723301 0.426262
vt 0.724700 0.260788
vt 0.725690 0.251061
vt 0.729970 0.229637
vt 0.734213 0.220825
vt 0.709840 0.654454
vt 0.707472 0.635167
vt 0.705544 0.584538
vt 0.706550 0.702830
vt 0.707530 0.735016
vt 0.707997 0.746320
vt 0.707618 0.758489
vt 0.711026 0.775953
vt 0.721619 0.344834
vt 0.723632 0.307610
vt 0.722480 0.277986
vt 0.726196 0.235538
vt 0.728685 0.225204
vt 0.731163 0.216913
vt 0.734951 0.203697
vt 0.707684 0.652988
vt 0.708589 0.682220
vt 0.707087 0.613099
vt 0.706105 0.711625
vt 0.707106 0.684306
vt 0.721747 0.419969
vt 0.721209 0.319617
vt 0.723574 0.237743
vt 0.730149 0.211466
vt 0.706595 0.667961
vt 0.705648 0.616769
vt 0.705620 0.600944
vt 0.704129 0.699037
vt 0.705658 0.724408
vt 0.705029 0.687398
vt 0.720880 0.411640
vt 0.722357 0.410254
vt 0.707066 0.748211
vt 0.707103 0.766293
vt 0.719571 0.339615
vt 0.724939 0.229419
vt 0.728353 0.193028
vt 0.704337 0.650515
vt 0.706505 0.645069
vt 0.704795 0.621952
vt 0.704173 0.601240
vt 0.704641 0.713488
vt 0.705763 0.736238
vt 0.705957 0.675841
vt 0.723341 0.398382
vt 0.719227 0.324681
vt 0.721318 0.307110
vt 0.727953 0.215251
vt 0.704405 0.638805
vt 0.703721 0.587350
vt 0.702661 0.696304
vt 0.703871 0.677160
vt 0.704846 0.728747
vt 0.720666 0.396716
vt 0.721748 0.394349
vt 0.705424 0.749032
vt 0.718543 0.307699
vt 0.718171 0.292321
vt 0.703143 0.606963
vt 0.703374 0.632221
vt 0.701603 0.708748
vt 0.703921 0.721370
vt 0.720585 0.387606
vt 0.722415 0.384740
vt 0.704661 0.757253
vt 0.717471 0.307176
vt 0.702984 0.658413
vt 0.701549 0.582467
vt 0.700131 0.707472
vt 0.701708 0.687413
vt 0.704491 0.735508
vt 0.703383 0.728743
vt 0.721337 0.377904
vt 0.723691 0.390046
vt 0.704093 0.744969
vt 0.717921 0.297968
vt 0.718168 0.324946
vt 0.716944 0.299871
vt 0.702419 0.647208
vt 0.702567 0.610566
vt 0.699916 0.601865
vt 0.700931 0.715823
vt 0.723374 0.375154
vt 0.724234 0.386846
vt 0.703321 0.748705
vt 0.716656 0.319065
vt 0.716325 0.303158
vt 0.700465 0.654256
vt 0.700720 0.676541
vt 0.701917 0.630406
vt 0.698434 0.597686
vt 0.699958 0.692338
vt 0.698929 0.708124
vt 0.721910 0.373098
vt 0.724254 0.374146
vt 0.723630 0.396824
vt 0.701706 0.729494
vt 0.716575 0.286974
vt 0.717116 0.335231
vt 0.715438 0.312930
vt 0.701138 0.641093
vt 0.699465 0.664514
vt 0.700600 0.685738
vt 0.699803 0.619856
vt 0.700557 0.635689
vt 0.698959 0.616296
vt 0.699615 0.583469
vt 0.698686 0.693353
vt 0.698579 0.714679
vt 0.719936 0.355193
vt 0.722861 0.371125
vt 0.701359 0.736199
vt 0.718263 0.341253
vt 0.714854 0.327445
vt 0.714428 0.306376
vt 0.698477 0.657228
vt 0.698514 0.672792
vt 0.696574 0.601598
vt 0.698592 0.574707
vt 0.700133 0.726938
vt 0.698238 0.700461
vt 0.721886 0.362564
vt 0.699615 0.743733
vt 0.717204 0.350160
vt 0.719091 0.335238
vt 0.715366 0.338116
vt 0.699434 0.642481
vt 0.697987 0.664576
vt 0.698920 0.649970
vt 0.697225 0.611014
vt 0.697481 0.592391
vt 0.697774 0.682560
vt 0.697106 0.698178
vt 0.699018 0.729052
vt 0.720268 0.349945
vt 0.718039 0.356693
vt 0.719292 0.347767
vt 0.715047 0.344884
vt 0.697449 0.650746
vt 0.697660 0.644001
vt 0.697088 0.657753
vt 0.697799 0.622271
vt 0.696518 0.616466
vt 0.695710 0.594755
vt 0.696945 0.577947
vt 0.697199 0.686299
vt 0.697416 0.714336
vt 0.698243 0.721570
vt 0.716145 0.356970
vt 0.717246 0.360887
vt 0.718625 0.352421
vt 0.719860 0.346493
vt 0.698130 0.635770
vt 0.694921 0.604107
vt 0.696365 0.586595
vt 0.696570 0.669612
vt 0.697181 0.681624
vt 0.696570 0.707242
vt 0.695836 0.686542
vt 0.719590 0.339983
vt 0.715097 0.355878
vt 0.696228 0.637596
vt 0.696838 0.630913
vt 0.695793 0.624546
vt 0.695068 0.617458
vt 0.695166 0.587230
vt 0.694584 0.595348
vt 0.695545 0.579932
vt 0.695815 0.647016
vt 0.697803 0.728526
vt 0.696840 0.721718
vt 0.695495 0.671707
vt 0.720331 0.346721
vt 0.715660 0.364676
vt 0.713888 0.349746
vt 0.694522 0.610496
vt 0.695061 0.568451
vt 0.695684 0.661325
vt 0.694669 0.678156
vt 0.714096 0.365063
vt 0.712304 0.339323
vt 0.713146 0.359964
vt 0.695521 0.637232
vt 0.695491 0.631541
vt 0.694561 0.616240
vt 0.693762 0.588361
vt 0.694165 0.602259
vt 0.694809 0.649909
vt 0.693943 0.664700
vt 0.714588 0.380081
vt 0.711674 0.350699
vt 0.694673 0.638044
vt 0.693832 0.609322
vt 0.694277 0.580797
vt 0.694724 0.657840
vt 0.713194 0.377581
vt 0.710143 0.340417
vt 0.712038 0.367343
vt 0.695094 0.629825
vt 0.693387 0.616606
vt 0.693714 0.568173
vt 0.693434 0.595463
vt 0.692418 0.567008
vt 0.692933 0.602918
vt 0.693301 0.640564
vt 0.710474 0.354269
vt 0.693835 0.630326
vt 0.691711 0.623216
vt 0.694312 0.623006
vt 0.692168 0.590945
vt 0.692696 0.582361
vt 0.691916 0.656397
vt 0.709605 0.351163
vt 0.691842 0.634775
vt 0.692459 0.561674
vt 0.691220 0.573964
vt 0.691996 0.596663
vt 0.691132 0.671975
vt 0.690636 0.633392
vt 0.691117 0.567753
vt 0.691480 0.581812
vt 0.691598 0.603848
vt 0.691362 0.645988
vt 0.690432 0.652628
vt 0.690156 0.625752
vt 0.690566 0.584693
vt 0.691068 0.590899
vt 0.689502 0.572785
vt 0.690605 0.578647
vt 0.691107 0.611207
vt 0.690132 0.660838
vt 0.689578 0.612325
vt 0.689217 0.578773
vt 0.966441 0.359890
vt 0.968385 0.361247
vt 0.967915 0.356425
vt 0.969017 0.358786
vt 0.967680 0.351112
vt 0.969572 0.359473
vt 0.968650 0.354056
vt 0.970792 0.357617
vt 0.552983 0.677796
vt 0.552114 0.668775
vt 0.552780 0.687276
vt 0.995606 0.792540
vt 0.995715 0.805949
vt 0.997356 0.806532
vt 0.994434 0.805316
vt 0.997191 0.812011
vt 0.993145 0.783392
vt 0.995844 0.814039
vt 0.993718 0.808367
vt 0.994447 0.812117
vt 0.991498 0.807073
vt 0.994963 0.818896
vt 0.993730 0.818803
vt 0.995761 0.824705
vt 0.991825 0.819794
vt 0.993839 0.826469
vt 0.997232 0.822421
vt 0.995451 0.830851
vt 0.996651 0.828356
vt 0.995987 0.832934
vt 0.993332 0.839689
vt 0.997514 0.829035
vt 0.996754 0.837926
vt 0.994141 0.840512
vt 0.997419 0.833395
vt 0.994846 0.836192
vt 0.505155 0.065776
vt 0.501178 0.055852
vt 0.502295 0.074405
vt 0.501067 0.075515
vt 0.503137 0.084100
vt 0.504317 0.082075
vt 0.501772 0.081836
vt 0.502794 0.091231
vt 0.501147 0.089405
vt 0.504892 0.097842
vt 0.500688 0.083880
vt 0.500855 0.098101
vt 0.503674 0.100627
vt 0.500077 0.090226
vt 0.500779 0.077920
vt 0.500638 0.096415
vt 0.502237 0.098726
vt 0.504808 0.107505
vt 0.499595 0.100411
vt 0.500187 0.106767
vt 0.503791 0.116923
vt 0.502770 0.104065
vt 0.498590 0.076053
vt 0.504453 0.124286
vt 0.498401 0.086061
vt 0.497052 0.101430
vt 0.499054 0.109420
vt 0.501718 0.107823
vt 0.497552 0.079977
vt 0.497586 0.107365
vt 0.499520 0.120426
vt 0.500683 0.112269
vt 0.502274 0.113916
vt 0.502840 0.120304
vt 0.496311 0.084147
vt 0.496580 0.093761
vt 0.496504 0.109563
vt 0.498181 0.118591
vt 0.502496 0.124659
vt 0.495807 0.103600
vt 0.496674 0.116548
vt 0.499950 0.126144
vt 0.495296 0.092564
vt 0.495293 0.098148
vt 0.494860 0.108883
vt 0.494356 0.089627
vt 0.495137 0.115015
vt 0.493738 0.096997
vt 0.494227 0.101910
vt 0.493258 0.106933
vt 0.493545 0.114003
vt 0.492678 0.112361
vt 0.492679 0.102879
vt 0.608504 0.660729
vt 0.608078 0.653066
vt 0.607581 0.653860
vt 0.609351 0.666516
vt 0.606605 0.643561
vt 0.608709 0.643858
vt 0.606965 0.637882
vt 0.607745 0.633180
vt 0.610206 0.661141
vt 0.606676 0.617185
vt 0.609810 0.638340
vt 0.610191 0.675843
vt 0.610488 0.646025
vt 0.607054 0.625571
vt 0.608662 0.627544
vt 0.611153 0.670381
vt 0.611833 0.654341
vt 0.607226 0.607464
vt 0.607853 0.618250
vt 0.611688 0.642115
vt 0.609787 0.621181
vt 0.611851 0.673135
vt 0.611276 0.632443
vt 0.611955 0.667870
vt 0.611948 0.644395
vt 0.608092 0.603120
vt 0.608871 0.612433
vt 0.610693 0.620079
vt 0.612387 0.668798
vt 0.612266 0.633832
vt 0.607334 0.593837
vt 0.610028 0.607518
vt 0.610651 0.608278
vt 0.611886 0.659433
vt 0.609685 0.598729
vt 0.610270 0.596817
vt 0.609105 0.586088
vt 0.609443 0.586070
vt 0.326535 0.489451
vt 0.327701 0.496660
vt 0.327705 0.483948
vt 0.327137 0.496543
vt 0.328679 0.485742
vt 0.327291 0.477702
vt 0.327114 0.506703
vt 0.325761 0.496309
vt 0.328270 0.495532
vt 0.326168 0.482608
vt 0.327898 0.504680
vt 0.325878 0.509382
vt 0.325373 0.488667
vt 0.329649 0.492368
vt 0.328350 0.477869
vt 0.326735 0.515341
vt 0.324960 0.495207
vt 0.324726 0.508468
vt 0.329270 0.499581
vt 0.325652 0.475574
vt 0.327700 0.516466
vt 0.325769 0.522473
vt 0.324949 0.481723
vt 0.324667 0.522095
vt 0.327151 0.523741
vt 0.324403 0.488101
vt 0.324094 0.500959
vt 0.324620 0.474841
vt 0.275329 0.943201
vt 0.276481 0.944449
vt 0.277470 0.942085
vt 0.275928 0.954357
vt 0.277537 0.949996
vt 0.276238 0.941338
vt 0.273837 0.952103
vt 0.274360 0.943218
vt 0.275832 0.937711
vt 0.276897 0.933479
vt 0.551821 0.705960
vt 0.552586 0.705743
vt 0.551550 0.682083
vt 0.552014 0.674839
vt 0.145836 0.788163
vt 0.143583 0.793667
vt 0.145281 0.793354
vt 0.664397 0.685117
vt 0.663728 0.680943
vt 0.663504 0.685383
vt 0.637910 0.404414
vt 0.638645 0.399300
vt 0.637146 0.403660
vt 0.638178 0.414013
vt 0.637794 0.414811
vt 0.636323 0.407022
vt 0.637829 0.425839
vt 0.635433 0.411985
vt 0.636844 0.418522
vt 0.636212 0.423840
vt 0.636732 0.433655
vt 0.637249 0.444518
vt 0.636439 0.448184
vt 0.638187 0.440912
vt 0.638038 0.446333
vt 0.638134 0.428373
vt 0.636956 0.455510
vt 0.638633 0.439685
vt 0.256701 0.050458
vt 0.258263 0.057337
vt 0.258394 0.052646
vt 0.256605 0.064170
vt 0.260027 0.051420
vt 0.255315 0.056290
vt 0.258168 0.067162
vt 0.259781 0.061232
vt 0.255215 0.067690
vt 0.257263 0.074120
vt 0.261735 0.055922
vt 0.253971 0.056159
vt 0.255140 0.074336
vt 0.259766 0.076621
vt 0.261498 0.045455
vt 0.261344 0.070492
vt 0.253696 0.065851
vt 0.262939 0.055349
vt 0.262899 0.064801
vt 0.252212 0.062551
vt 0.253605 0.073566
vt 0.262953 0.048981
vt 0.252292 0.052354
vt 0.253660 0.082282
vt 0.264433 0.065394
vt 0.264537 0.045431
vt 0.262976 0.041621
vt 0.250584 0.071336
vt 0.250968 0.045584
vt 0.252400 0.042233
vt 0.264664 0.053890
vt 0.261551 0.032122
vt 0.254043 0.039293
vt 0.250427 0.089480
vt 0.264834 0.043817
vt 0.249073 0.045963
vt 0.252071 0.035695
vt 0.248823 0.066753
vt 0.264219 0.037285
vt 0.248288 0.058798
vt 0.247205 0.087923
vt 0.264609 0.033902
vt 0.247803 0.050450
vt 0.248058 0.039221
vt 0.247565 0.068409
vt 0.247935 0.099406
vt 0.263075 0.030880
vt 0.245822 0.055878
vt 0.245807 0.075665
vt 0.245536 0.094220
vt 0.263134 0.022748
vt 0.246195 0.039124
vt 0.245984 0.063304
vt 0.244326 0.082044
vt 0.243873 0.102641
vt 0.262325 0.028720
vt 0.241643 0.062527
vt 0.244465 0.061776
vt 0.244307 0.070235
vt 0.243989 0.092376
vt 0.263029 0.035319
vt 0.261689 0.019983
vt 0.242779 0.068401
vt 0.243091 0.089388
vt 0.242275 0.097271
vt 0.261577 0.027018
vt 0.242572 0.079197
vt 0.240923 0.078657
vt 0.240938 0.100338
vt 0.238617 0.065393
vt 0.239454 0.078739
vt 0.237609 0.080361
vt 0.237910 0.089671
vt 0.234762 0.081615
vt 0.236050 0.088476
vt 0.255029 0.099425
vt 0.255068 0.100280
vt 0.256203 0.098416
vt 0.253490 0.103482
vt 0.255128 0.104774
vt 0.253718 0.104477
vt 0.257306 0.104368
vt 0.256690 0.112476
vt 0.257316 0.099674
vt 0.258389 0.111608
vt 0.258273 0.097910
vt 0.259192 0.113310
vt 0.258432 0.104555
vt 0.257298 0.098558
vt 0.258327 0.119043
vt 0.259572 0.103733
vt 0.259697 0.095210
vt 0.259443 0.118406
vt 0.260618 0.114335
vt 0.260625 0.102663
vt 0.261572 0.119888
vt 0.261930 0.113820
vt 0.261678 0.099054
vt 0.262883 0.114766
vt 0.262950 0.107829
vt 0.263784 0.120314
vt 0.263027 0.104252
vt 0.263991 0.114950
vt 0.264067 0.110060
vt 0.263083 0.097058
vt 0.264688 0.114964
vt 0.264152 0.105707
vt 0.263230 0.091538
vt 0.264210 0.097510
vt 0.265537 0.106621
vt 0.265333 0.098023
vt 0.264175 0.093997
vt 0.265326 0.095932
vt 0.560404 0.517626
vt 0.559188 0.503496
vt 0.558959 0.520975
vt 0.555817 0.515492
vt 0.560206 0.537683
vt 0.557026 0.531752
vt 0.558836 0.548568
vt 0.560089 0.560953
vt 0.555008 0.528228
vt 0.556744 0.551017
vt 0.554590 0.547777
vt 0.556675 0.566822
vt 0.559730 0.576884
vt 0.553630 0.535145
vt 0.560686 0.595182
vt 0.553065 0.547304
vt 0.556170 0.595716
vt 0.559332 0.591542
vt 0.554271 0.558855
vt 0.553051 0.559634
vt 0.552800 0.539555
vt 0.554915 0.584241
vt 0.557983 0.601772
vt 0.554686 0.571620
vt 0.552023 0.573244
vt 0.555653 0.613218
vt 0.559599 0.617404
vt 0.552989 0.571410
vt 0.552136 0.547666
vt 0.554551 0.606819
vt 0.552805 0.575982
vt 0.557112 0.616410
vt 0.552526 0.574213
vt 0.554227 0.623639
vt 0.552156 0.610168
vt 0.553837 0.580899
vt 0.558535 0.626726
vt 0.560113 0.629880
vt 0.556799 0.638054
vt 0.553360 0.618351
vt 0.555504 0.643432
vt 0.553382 0.628388
vt 0.554444 0.641016
vt 0.552755 0.625231
vt 0.558122 0.645614
vt 0.560811 0.647957
vt 0.556448 0.660887
vt 0.555246 0.655869
vt 0.559338 0.661578
vt 0.553570 0.640761
vt 0.554371 0.652386
vt 0.559537 0.653291
vt 0.555233 0.667229
vt 0.557818 0.673627
vt 0.553450 0.648829
vt 0.554206 0.663830
vt 0.560915 0.669265
vt 0.555383 0.679680
vt 0.559068 0.676975
vt 0.552991 0.657449
vt 0.553007 0.668182
vt 0.557558 0.695182
vt 0.560539 0.680129
vt 0.553729 0.686826
vt 0.557347 0.708479
vt 0.558872 0.694694
vt 0.554580 0.701872
vt 0.555883 0.705247
vt 0.558752 0.711836
vt 0.560374 0.694520
vt 0.553441 0.699358
vt 0.557631 0.725128
vt 0.560300 0.723712
vt 0.554452 0.714290
vt 0.555814 0.716633
vt 0.559075 0.735069
vt 0.555824 0.732582
vt 0.560031 0.750283
vt 0.560307 0.738029
vt 0.553243 0.724306
vt 0.557530 0.742175
vt 0.554235 0.749489
vt 0.555777 0.754350
vt 0.556966 0.753992
vt 0.551937 0.740582
vt 0.552720 0.759513
vt 0.558887 0.758394
vt 0.554106 0.771821
vt 0.551178 0.728281
vt 0.556261 0.774621
vt 0.558543 0.771401
vt 0.550793 0.705701
vt 0.551469 0.759328
vt 0.552710 0.786165
vt 0.558108 0.779909
vt 0.560609 0.779152
vt 0.555370 0.792927
vt 0.553971 0.791658
vt 0.557112 0.789252
vt 0.560028 0.792374
vt 0.551514 0.773282
vt 0.554177 0.802285
vt 0.558589 0.812278
vt 0.561475 0.787155
vt 0.556817 0.798074
vt 0.552659 0.796149
vt 0.561390 0.799199
vt 0.559781 0.810996
vt 0.555848 0.806907
vt 0.554407 0.811327
vt 0.556917 0.810077
vt 0.558765 0.826490
vt 0.552980 0.809080
vt 0.556970 0.821027
vt 0.561013 0.820467
vt 0.562051 0.835820
vt 0.555820 0.816655
vt 0.551482 0.790378
vt 0.553271 0.820626
vt 0.557164 0.833159
vt 0.561062 0.848534
vt 0.554527 0.823488
vt 0.551167 0.800270
vt 0.555651 0.827887
vt 0.551069 0.816998
vt 0.554179 0.834969
vt 0.560543 0.853433
vt 0.555275 0.841663
vt 0.550960 0.827940
vt 0.552655 0.831259
vt 0.557395 0.841643
vt 0.561821 0.871508
vt 0.553878 0.851592
vt 0.552596 0.845432
vt 0.558403 0.859726
vt 0.551151 0.840217
vt 0.555216 0.861228
vt 0.560376 0.879073
vt 0.552125 0.866873
vt 0.549697 0.855547
vt 0.561807 0.894319
vt 0.559260 0.898127
vt 0.561471 0.907728
vt 0.561785 0.937547
vt 0.957839 0.333689
vt 0.958165 0.335001
vt 0.959008 0.324689
vt 0.956723 0.337803
vt 0.956358 0.336299
vt 0.962982 0.309384
vt 0.962868 0.307504
vt 0.962457 0.308473
vt 0.873251 0.625739
vt 0.872082 0.627012
vt 0.873244 0.628251
vt 0.872404 0.616910
vt 0.873304 0.629271
vt 0.870932 0.624686
vt 0.873430 0.618651
vt 0.872049 0.634528
vt 0.870879 0.628679
vt 0.871008 0.617932
vt 0.873829 0.610652
vt 0.873943 0.629088
vt 0.869798 0.626601
vt 0.871581 0.606502
vt 0.874455 0.618218
vt 0.870945 0.636148
vt 0.873381 0.643579
vt 0.874075 0.598352
vt 0.875071 0.607790
vt 0.871786 0.646625
vt 0.874624 0.601364
vt 0.876198 0.616160
vt 0.876734 0.597853
vt 0.875377 0.620142
vt 0.876491 0.603661
vt 0.876609 0.621660
vt 0.877442 0.613289
vt 0.877670 0.605376
vt 0.878916 0.604137
vt 0.878594 0.613283
vt 0.878818 0.591640
vt 0.879397 0.597021
vt 0.880204 0.610940
vt 0.880315 0.605711
vt 0.880801 0.600705
vt 0.880382 0.609599
vt 0.880564 0.613930
vt 0.881912 0.609633
vt 0.058132 0.699626
vt 0.059262 0.703072
vt 0.058526 0.687667
vt 0.057203 0.712333
vt 0.056700 0.686703
vt 0.056701 0.698756
vt 0.058828 0.714995
vt 0.056211 0.702122
vt 0.057646 0.725627
vt 0.056215 0.713891
vt 0.056440 0.726806
vt 0.056188 0.738045
vt 0.592623 0.484037
vt 0.593120 0.473398
vt 0.591950 0.473351
vt 0.593505 0.486618
vt 0.590830 0.486088
vt 0.589902 0.471723
vt 0.588836 0.481766
vt 0.961073 0.245946
vt 0.960743 0.243528
vt 0.960366 0.244591
vt 0.784699 0.823848
vt 0.785432 0.825072
vt 0.784453 0.820137
vt 0.786640 0.832533
vt 0.786396 0.830121
vt 0.790086 0.838775
vt 0.783068 0.822970
vt 0.781994 0.823823
vt 0.781232 0.823907
vt 0.780284 0.821148
vt 0.872861 0.649632
vt 0.873505 0.654888
vt 0.875012 0.642641
vt 0.875798 0.647488
vt 0.873936 0.638628
vt 0.876416 0.652553
vt 0.875320 0.640732
vt 0.874347 0.635369
vt 0.877132 0.643394
vt 0.874989 0.633303
vt 0.876089 0.628395
vt 0.878310 0.635823
vt 0.875904 0.625180
vt 0.876304 0.629775
vt 0.877179 0.621119
vt 0.877563 0.627288
vt 0.878354 0.625620
vt 0.878942 0.626709
vt 0.878430 0.620366
vt 0.880013 0.615383
vt 0.099305 0.497658
vt 0.100838 0.505248
vt 0.100262 0.501203
vt 0.100171 0.512649
vt 0.101237 0.504766
vt 0.101779 0.509395
vt 0.101348 0.515605
vt 0.102238 0.502947
vt 0.101833 0.516119
vt 0.102958 0.506677
vt 0.103307 0.513148
vt 0.103061 0.519817
vt 0.105023 0.507260
vt 0.103954 0.517904
vt 0.104440 0.522365
vt 0.103803 0.521916
vt 0.949732 0.955680
vt 0.950196 0.949422
vt 0.949729 0.953629
vt 0.949070 0.955504
vt 0.948882 0.957996
vt 0.275411 0.958787
vt 0.276245 0.958634
vt 0.276998 0.954853
vt 0.963455 0.289595
vt 0.963782 0.294740
vt 0.964507 0.292138
vt 0.964453 0.288505
vt 0.671041 0.662712
vt 0.260352 0.023690
vt 0.260053 0.020875
vt 0.354563 0.196066
vt 0.354645 0.182702
vt 0.353856 0.188544
vt 0.632065 0.318923
vt 0.246614 0.141168
vt 0.245550 0.149186
vt 0.247355 0.153692
vt 0.245921 0.137799
vt 0.248111 0.144573
vt 0.247034 0.130390
vt 0.245217 0.142884
vt 0.249329 0.144964
vt 0.245717 0.131548
vt 0.248621 0.130154
vt 0.246484 0.122315
vt 0.250834 0.133331
vt 0.249627 0.118452
vt 0.251545 0.143311
vt 0.247792 0.121486
vt 0.251177 0.118064
vt 0.253057 0.126574
vt 0.248226 0.117172
vt 0.248815 0.114067
vt 0.254303 0.133659
vt 0.250717 0.111342
vt 0.253482 0.113543
vt 0.255016 0.118327
vt 0.252715 0.109209
vt 0.255671 0.130421
vt 0.252082 0.108271
vt 0.256420 0.121478
vt 0.318084 0.316744
vt 0.322031 0.309849
vt 0.318149 0.298206
vt 0.320779 0.331658
vt 0.319411 0.283164
vt 0.322728 0.339872
vt 0.320068 0.353594
vt 0.317205 0.276629
vt 0.321568 0.281327
vt 0.324400 0.333597
vt 0.319005 0.359468
vt 0.321689 0.257845
vt 0.322998 0.295989
vt 0.325455 0.356757
vt 0.321103 0.362720
vt 0.321463 0.395751
vt 0.317391 0.264361
vt 0.324205 0.283284
vt 0.316528 0.382529
vt 0.319941 0.399359
vt 0.323489 0.259029
vt 0.322249 0.367946
vt 0.322335 0.394332
vt 0.316945 0.390520
vt 0.322738 0.411186
vt 0.322943 0.379928
vt 0.323902 0.364069
vt 0.320760 0.423265
vt 0.318424 0.415186
vt 0.325887 0.372668
vt 0.324169 0.390350
vt 0.322761 0.396351
vt 0.316312 0.416828
vt 0.323059 0.432101
vt 0.324409 0.376317
vt 0.319879 0.428107
vt 0.321268 0.437346
vt 0.323410 0.419586
vt 0.318199 0.430617
vt 0.324181 0.405769
vt 0.323510 0.441779
vt 0.317020 0.436296
vt 0.318495 0.442695
vt 0.320169 0.452473
vt 0.323863 0.458207
vt 0.322167 0.464272
vt 0.317570 0.447362
vt 0.319360 0.467699
vt 0.318303 0.469431
vt 0.024137 0.675240
vt 0.025481 0.667667
vt 0.024572 0.668482
vt 0.025175 0.674619
vt 0.022891 0.672899
vt 0.026726 0.666059
vt 0.024185 0.678030
vt 0.022188 0.677728
vt 0.023715 0.669192
vt 0.026116 0.679425
vt 0.021099 0.675817
vt 0.022716 0.660619
vt 0.025855 0.680501
vt 0.023235 0.684704
vt 0.020921 0.662563
vt 0.025327 0.681010
vt 0.025828 0.691581
vt 0.857794 0.266941
vt 0.859343 0.257968
vt 0.858115 0.251139
vt 0.858877 0.269108
vt 0.859717 0.248217
vt 0.857181 0.253144
vt 0.860110 0.266708
vt 0.858645 0.282642
vt 0.857600 0.243542
vt 0.856592 0.263831
vt 0.859650 0.276976
vt 0.857767 0.280396
vt 0.860916 0.266212
vt 0.856395 0.249568
vt 0.856814 0.272743
vt 0.860041 0.285584
vt 0.857735 0.288761
vt 0.855992 0.273702
vt 0.861627 0.282579
vt 0.858802 0.288200
vt 0.857158 0.281493
vt 0.859586 0.297036
vt 0.861811 0.291692
vt 0.856430 0.290881
vt 0.858230 0.293907
vt 0.860920 0.293104
vt 0.857435 0.300551
vt 0.861232 0.302375
vt 0.857838 0.299523
vt 0.859975 0.317909
vt 0.858635 0.307320
vt 0.857830 0.303810
vt 0.859137 0.322276
vt 0.857048 0.310246
vt 0.857921 0.317084
vt 0.860104 0.332832
vt 0.858453 0.326345
vt 0.856756 0.320020
vt 0.857703 0.327694
vt 0.858988 0.335820
vt 0.860237 0.341020
vt 0.856735 0.329454
vt 0.857645 0.340265
vt 0.260369 0.028260
vt 0.632312 0.438321
vt 0.632510 0.432552
vt 0.634355 0.446788
vt 0.633155 0.436594
vt 0.633572 0.464257
vt 0.633740 0.426830
vt 0.635040 0.457011
vt 0.635251 0.433349
vt 0.635089 0.419118
vt 0.633688 0.415371
vt 0.950172 0.930917
vt 0.949037 0.931229
vt 0.354332 0.210179
vt 0.355902 0.215179
vt 0.355296 0.205311
vt 0.356796 0.208781
vt 0.355986 0.200552
vt 0.505806 0.045038
vt 0.505019 0.050789
vt 0.507197 0.047590
vt 0.504754 0.042520
vt 0.506777 0.060822
vt 0.503955 0.034821
vt 0.505348 0.061939
vt 0.503596 0.033476
vt 0.503993 0.061403
vt 0.502524 0.037456
vt 0.503311 0.025768
vt 0.503282 0.056138
vt 0.502731 0.029192
vt 0.502766 0.048437
vt 0.500661 0.038391
vt 0.501577 0.047768
vt 0.502023 0.019428
vt 0.859893 0.347445
vt 0.859522 0.345240
vt 0.859469 0.357476
vt 0.858450 0.349350
vt 0.368994 0.188699
vt 0.371486 0.167832
vt 0.365576 0.172677
vt 0.370259 0.154817
vt 0.371598 0.161499
vt 0.366404 0.154527
vt 0.374045 0.142495
vt 0.368190 0.149707
vt 0.376618 0.144862
vt 0.371480 0.133465
vt 0.369923 0.143777
vt 0.367441 0.137357
vt 0.380078 0.133267
vt 0.375776 0.136530
vt 0.373316 0.130909
vt 0.368465 0.132704
vt 0.364065 0.146286
vt 0.378552 0.128243
vt 0.382338 0.106977
vt 0.372912 0.123625
vt 0.365026 0.132587
vt 0.380845 0.120140
vt 0.385776 0.112139
vt 0.376743 0.120883
vt 0.375058 0.126612
vt 0.372571 0.118919
vt 0.374551 0.117244
vt 0.369537 0.117943
vt 0.363505 0.141614
vt 0.366849 0.129407
vt 0.378516 0.116084
vt 0.388686 0.102713
vt 0.387455 0.086832
vt 0.372535 0.112924
vt 0.371198 0.124004
vt 0.373994 0.103228
vt 0.368584 0.118631
vt 0.365000 0.127513
vt 0.393494 0.082523
vt 0.388212 0.094551
vt 0.382712 0.091773
vt 0.370452 0.112453
vt 0.366587 0.119511
vt 0.370012 0.107067
vt 0.366716 0.125585
vt 0.363143 0.131864
vt 0.386087 0.081348
vt 0.392066 0.080821
vt 0.372170 0.106725
vt 0.367861 0.102235
vt 0.368809 0.109283
vt 0.362591 0.127703
vt 0.383395 0.072974
vt 0.390172 0.068628
vt 0.364325 0.113107
vt 0.368562 0.101421
vt 0.396558 0.061416
vt 0.391638 0.073203
vt 0.385423 0.069597
vt 0.388328 0.061972
vt 0.392272 0.062551
vt 0.399161 0.046151
vt 0.395520 0.058789
vt 0.390366 0.057310
vt 0.387559 0.055629
vt 0.401318 0.037360
vt 0.397962 0.039709
vt 0.389371 0.044373
vt 0.384307 0.049938
vt 0.393170 0.050542
vt 0.401958 0.026244
vt 0.394579 0.044570
vt 0.390574 0.042548
vt 0.385578 0.044356
vt 0.387209 0.040115
vt 0.388529 0.031627
vt 0.383201 0.034281
vt 0.392216 0.039595
vt 0.389971 0.021625
vt 0.386384 0.024664
vt 0.384860 0.032158
vt 0.387980 0.020941
vt 0.074352 0.467475
vt 0.076126 0.448761
vt 0.073944 0.450849
vt 0.076642 0.473259
vt 0.074070 0.440684
vt 0.074966 0.490961
vt 0.077593 0.464660
vt 0.076960 0.446703
vt 0.077605 0.491517
vt 0.078130 0.458004
vt 0.078518 0.478022
vt 0.076307 0.497574
vt 0.079146 0.493621
vt 0.809468 0.876629
vt 0.807016 0.890820
vt 0.811258 0.887268
vt 0.807182 0.869245
vt 0.811665 0.902538
vt 0.812913 0.877326
vt 0.809877 0.852909
vt 0.804865 0.879357
vt 0.814858 0.892690
vt 0.811406 0.861477
vt 0.807227 0.843404
vt 0.804281 0.867016
vt 0.813873 0.908373
vt 0.813906 0.866357
vt 0.811791 0.850133
vt 0.809245 0.840709
vt 0.805623 0.860062
vt 0.801329 0.864010
vt 0.817611 0.904924
vt 0.816336 0.873520
vt 0.806876 0.833466
vt 0.804799 0.836710
vt 0.802793 0.855592
vt 0.818415 0.909951
vt 0.818182 0.882635
vt 0.813973 0.856086
vt 0.815932 0.862136
vt 0.808921 0.838763
vt 0.804751 0.831634
vt 0.803944 0.848873
vt 0.797638 0.846985
vt 0.820383 0.890674
vt 0.817797 0.871003
vt 0.802843 0.831159
vt 0.799032 0.839520
vt 0.801843 0.823441
vt 0.796184 0.835925
vt 0.819471 0.881582
vt 0.799897 0.813369
vt 0.800359 0.822082
vt 0.793929 0.821549
vt 0.795218 0.842924
vt 0.821472 0.889410
vt 0.798259 0.814417
vt 0.795560 0.813245
vt 0.796230 0.806522
vt 0.792130 0.812948
vt 0.791508 0.834011
vt 0.796560 0.794802
vt 0.793699 0.798508
vt 0.794650 0.788550
vt 0.790314 0.802660
vt 0.788935 0.805558
vt 0.792030 0.791579
vt 0.792164 0.781590
vt 0.789690 0.785404
vt 0.785177 0.787014
vt 0.790295 0.773323
vt 0.787463 0.779799
vt 0.782574 0.768381
vt 0.785616 0.771178
vt 0.788917 0.762585
vt 0.781666 0.773474
vt 0.786716 0.756034
vt 0.783938 0.758800
vt 0.779037 0.756368
vt 0.780729 0.779083
vt 0.784422 0.749688
vt 0.786531 0.753502
vt 0.780990 0.757745
vt 0.779164 0.765703
vt 0.782250 0.743710
vt 0.777964 0.757989
vt 0.777813 0.736089
vt 0.779750 0.782193
vt 0.780100 0.737313
vt 0.783930 0.745024
vt 0.775970 0.744204
vt 0.778184 0.771173
vt 0.776712 0.742074
vt 0.780275 0.731442
vt 0.782220 0.736170
vt 0.774687 0.754195
vt 0.776434 0.724225
vt 0.778313 0.728900
vt 0.775004 0.732808
vt 0.774073 0.738384
vt 0.778562 0.722068
vt 0.769756 0.735804
vt 0.773597 0.720177
vt 0.772301 0.730519
vt 0.776592 0.712831
vt 0.767434 0.725803
vt 0.771927 0.713138
vt 0.773513 0.697749
vt 0.768625 0.716833
vt 0.766416 0.704502
vt 0.764283 0.706547
vt 0.769782 0.702152
vt 0.770745 0.690999
vt 0.767953 0.696341
vt 0.772880 0.694420
vt 0.763681 0.683456
vt 0.766873 0.678028
vt 0.768500 0.687048
vt 0.765427 0.667589
vt 0.766850 0.675078
vt 0.763580 0.660155
vt 0.768374 0.686256
vt 0.765477 0.661873
vt 0.763426 0.651114
vt 0.778956 0.595516
vt 0.776657 0.609664
vt 0.778770 0.609810
vt 0.777937 0.629862
vt 0.780904 0.610359
vt 0.780173 0.625727
vt 0.776134 0.622190
vt 0.783554 0.597732
vt 0.778134 0.645515
vt 0.774108 0.627195
vt 0.775929 0.632562
vt 0.783196 0.616665
vt 0.775934 0.643770
vt 0.780226 0.647155
vt 0.785770 0.598225
vt 0.783006 0.635459
vt 0.775987 0.656338
vt 0.779891 0.669368
vt 0.773945 0.646559
vt 0.785624 0.609342
vt 0.784625 0.627017
vt 0.773700 0.655005
vt 0.777960 0.669589
vt 0.784785 0.658248
vt 0.771617 0.624406
vt 0.787715 0.608909
vt 0.785259 0.641943
vt 0.773558 0.661766
vt 0.775227 0.676707
vt 0.771496 0.649324
vt 0.785864 0.627040
vt 0.771748 0.669884
vt 0.773186 0.677035
vt 0.787570 0.648478
vt 0.788037 0.626614
vt 0.787088 0.662782
vt 0.788915 0.657529
vt 0.790104 0.628435
vt 0.789415 0.639832
vt 0.791264 0.634039
vt 0.199547 0.116864
vt 0.203199 0.120890
vt 0.204040 0.107444
vt 0.210478 0.107707
vt 0.212417 0.117542
vt 0.201723 0.107328
vt 0.208607 0.095921
vt 0.203287 0.099082
vt 0.213337 0.106062
vt 0.211752 0.096516
vt 0.203988 0.091654
vt 0.215079 0.097336
vt 0.213557 0.095589
vt 0.208146 0.088506
vt 0.201542 0.093448
vt 0.218917 0.096759
vt 0.221652 0.105613
vt 0.214152 0.085527
vt 0.211112 0.079959
vt 0.196192 0.109542
vt 0.201901 0.079639
vt 0.220207 0.082977
vt 0.224826 0.092245
vt 0.207560 0.079070
vt 0.214064 0.079787
vt 0.196522 0.102813
vt 0.199851 0.075100
vt 0.203961 0.080957
vt 0.217035 0.084417
vt 0.229507 0.092217
vt 0.216714 0.070441
vt 0.207518 0.067301
vt 0.211757 0.068186
vt 0.193079 0.105621
vt 0.197101 0.092397
vt 0.202230 0.065558
vt 0.222123 0.074406
vt 0.225748 0.080822
vt 0.204159 0.064067
vt 0.214282 0.070497
vt 0.193473 0.094543
vt 0.199985 0.060042
vt 0.197908 0.072128
vt 0.227994 0.081469
vt 0.214445 0.058377
vt 0.208801 0.052931
vt 0.212296 0.052770
vt 0.191403 0.093503
vt 0.196014 0.076147
vt 0.197588 0.054928
vt 0.202430 0.051918
vt 0.220540 0.068240
vt 0.226009 0.072944
vt 0.229467 0.071660
vt 0.216439 0.059014
vt 0.193619 0.071811
vt 0.200260 0.045176
vt 0.195716 0.053749
vt 0.225652 0.066875
vt 0.218400 0.057692
vt 0.214490 0.046383
vt 0.206427 0.032962
vt 0.210664 0.032660
vt 0.191438 0.069411
vt 0.197926 0.033801
vt 0.202323 0.040416
vt 0.223399 0.055758
vt 0.220395 0.058698
vt 0.212439 0.032218
vt 0.216671 0.042987
vt 0.204411 0.036920
vt 0.189609 0.065904
vt 0.193709 0.055559
vt 0.195926 0.034673
vt 0.226293 0.056047
vt 0.220417 0.041175
vt 0.228188 0.065213
vt 0.214682 0.029885
vt 0.204398 0.030064
vt 0.210608 0.021184
vt 0.191701 0.056499
vt 0.193965 0.037112
vt 0.202397 0.029646
vt 0.224378 0.040551
vt 0.221957 0.041330
vt 0.229920 0.057218
vt 0.218367 0.026727
vt 0.216397 0.027720
vt 0.212569 0.020910
vt 0.189481 0.046833
vt 0.191946 0.037233
vt 0.226364 0.044833
vt 0.220315 0.026815
vt 0.232104 0.056693
vt 0.187016 0.058379
vt 0.229874 0.043366
vt 0.224006 0.023523
vt 0.226364 0.034834
vt 0.590567 0.455906
vt 0.590654 0.461250
vt 0.591910 0.461891
vt 0.589132 0.460956
vt 0.590728 0.465401
vt 0.588880 0.455542
vt 0.589268 0.462181
vt 0.589450 0.464556
vt 0.590076 0.446444
vt 0.588978 0.446906
vt 0.370480 0.098145
vt 0.369297 0.100429
vt 0.329590 0.422755
vt 0.330264 0.436213
vt 0.331297 0.426437
vt 0.331613 0.431727
vt 0.331006 0.407144
vt 0.332450 0.416959
vt 0.329008 0.398413
vt 0.332936 0.404332
vt 0.330735 0.388403
vt 0.333012 0.391819
vt 0.330361 0.370189
vt 0.333374 0.388064
vt 0.333339 0.376822
vt 0.333866 0.377872
vt 0.685817 0.681593
vt 0.688775 0.687486
vt 0.687026 0.669618
vt 0.687790 0.704916
vt 0.688676 0.676117
vt 0.684200 0.666158
vt 0.690605 0.692773
vt 0.682303 0.696285
vt 0.682696 0.679591
vt 0.685589 0.712439
vt 0.682744 0.666189
vt 0.680087 0.685032
vt 0.688261 0.715594
vt 0.679826 0.702905
vt 0.686006 0.721471
vt 0.682673 0.715745
vt 0.680272 0.671315
vt 0.677225 0.698172
vt 0.685460 0.720171
vt 0.679309 0.710669
vt 0.679586 0.679144
vt 0.682411 0.721308
vt 0.677364 0.690286
vt 0.678859 0.716046
vt 0.681525 0.722472
vt 0.675188 0.688125
vt 0.676882 0.712067
vt 0.675089 0.701659
vt 0.672959 0.691835
vt 0.674480 0.709296
vt 0.673001 0.700616
vt 0.670912 0.688850
vt 0.670805 0.705862
vt 0.670950 0.698576
vt 0.668881 0.686570
vt 0.668520 0.698665
vt 0.668409 0.713290
vt 0.666840 0.683902
vt 0.666275 0.705881
vt 0.666671 0.698400
vt 0.181725 0.239780
vt 0.183026 0.233669
vt 0.183073 0.238846
vt 0.182813 0.248562
vt 0.180411 0.238120
vt 0.180205 0.248356
vt 0.179069 0.235843
vt 0.179143 0.230437
vt 0.178823 0.249021
vt 0.177824 0.227938
vt 0.179225 0.224158
vt 0.177783 0.234950
vt 0.177422 0.255985
vt 0.177220 0.247086
vt 0.176564 0.229925
vt 0.175143 0.232973
vt 0.657373 0.693095
vt 0.656645 0.691534
vt 0.656734 0.702831
vt 0.658291 0.686042
vt 0.656049 0.700145
vt 0.776683 0.515090
vt 0.776428 0.527539
vt 0.778350 0.530996
vt 0.773186 0.516573
vt 0.775854 0.541335
vt 0.777752 0.541306
vt 0.773934 0.535935
vt 0.780453 0.538850
vt 0.775270 0.546023
vt 0.779577 0.548032
vt 0.777541 0.553002
vt 0.773334 0.546867
vt 0.775146 0.552673
vt 0.779285 0.568296
vt 0.775290 0.555430
vt 0.777177 0.555628
vt 0.777476 0.561715
vt 0.775831 0.555795
vt 0.777214 0.568905
vt 0.775325 0.572389
vt 0.778499 0.577887
vt 0.773312 0.573248
vt 0.774749 0.577874
vt 0.776627 0.576651
vt 0.773779 0.555412
vt 0.770118 0.576332
vt 0.774214 0.580665
vt 0.067863 0.508137
vt 0.070250 0.509083
vt 0.070123 0.497625
vt 0.069677 0.515248
vt 0.071371 0.502460
vt 0.066056 0.499585
vt 0.066760 0.516343
vt 0.072034 0.523820
vt 0.072111 0.514150
vt 0.071773 0.491874
vt 0.073619 0.511367
vt 0.070109 0.482712
vt 0.073645 0.501096
vt 0.063630 0.512925
vt 0.070714 0.534953
vt 0.073002 0.520426
vt 0.074926 0.505498
vt 0.073194 0.480308
vt 0.064624 0.523672
vt 0.068679 0.533918
vt 0.073046 0.529991
vt 0.076550 0.513960
vt 0.070974 0.477443
vt 0.071711 0.541172
vt 0.075910 0.527678
vt 0.068901 0.468128
vt 0.071920 0.462750
vt 0.074209 0.535477
vt 0.077224 0.522682
vt 0.078525 0.504838
vt 0.070409 0.465447
vt 0.072839 0.546278
vt 0.076224 0.548057
vt 0.079121 0.530067
vt 0.078100 0.515952
vt 0.069324 0.455557
vt 0.070744 0.457945
vt 0.078499 0.556606
vt 0.080089 0.537739
vt 0.079481 0.521643
vt 0.080818 0.499579
vt 0.067534 0.453077
vt 0.071498 0.448504
vt 0.080793 0.515800
vt 0.080738 0.479493
vt 0.068272 0.441379
vt 0.077657 0.568288
vt 0.080701 0.547306
vt 0.082123 0.532461
vt 0.083061 0.524217
vt 0.082951 0.508361
vt 0.081798 0.483472
vt 0.067155 0.437070
vt 0.070270 0.439655
vt 0.079007 0.575722
vt 0.082174 0.571718
vt 0.085076 0.531804
vt 0.083657 0.489988
vt 0.081635 0.472600
vt 0.068249 0.429618
vt 0.083303 0.558101
vt 0.085263 0.543412
vt 0.085312 0.516725
vt 0.085359 0.501095
vt 0.083987 0.480092
vt 0.070612 0.431279
vt 0.084960 0.573781
vt 0.084232 0.552439
vt 0.086581 0.537515
vt 0.085357 0.487289
vt 0.083216 0.471774
vt 0.087775 0.553990
vt 0.086512 0.524719
vt 0.089818 0.550801
vt 0.087985 0.516938
vt 0.086721 0.486232
vt 0.085640 0.478819
vt 0.085229 0.477180
vt 0.084419 0.588647
vt 0.088858 0.534527
vt 0.084403 0.469531
vt 0.085948 0.582317
vt 0.089999 0.563356
vt 0.090462 0.542712
vt 0.088708 0.502528
vt 0.085096 0.471775
vt 0.089659 0.605632
vt 0.092101 0.560234
vt 0.088946 0.520906
vt 0.093401 0.554716
vt 0.092896 0.526552
vt 0.087878 0.479457
vt 0.091059 0.517212
vt 0.085445 0.471362
vt 0.091414 0.569471
vt 0.088994 0.588244
vt 0.092719 0.537930
vt 0.090516 0.498497
vt 0.093216 0.502805
vt 0.090537 0.594110
vt 0.094526 0.572253
vt 0.094700 0.546324
vt 0.095096 0.534317
vt 0.091687 0.601149
vt 0.092879 0.575366
vt 0.096713 0.567737
vt 0.096600 0.553747
vt 0.096832 0.525988
vt 0.093848 0.518503
vt 0.095568 0.495053
vt 0.093660 0.585451
vt 0.097940 0.583072
vt 0.098928 0.548546
vt 0.096419 0.515666
vt 0.096039 0.507004
vt 0.099168 0.576739
vt 0.098306 0.561337
vt 0.097570 0.520005
vt 0.098968 0.533640
vt 0.095299 0.612058
vt 0.100764 0.582190
vt 0.098854 0.523935
vt 0.100295 0.539899
vt 0.097613 0.514325
vt 0.098659 0.592030
vt 0.100579 0.570012
vt 0.101901 0.553349
vt 0.103137 0.550134
vt 0.099205 0.609036
vt 0.104332 0.586246
vt 0.097684 0.631680
vt 0.100980 0.596545
vt 0.103177 0.566456
vt 0.103465 0.578531
vt 0.098608 0.637749
vt 0.102627 0.620321
vt 0.104775 0.604787
vt 0.105958 0.576345
vt 0.100938 0.646469
vt 0.107854 0.590315
vt 0.105740 0.563350
vt 0.104316 0.647069
vt 0.105197 0.615243
vt 0.108092 0.601152
vt 0.107656 0.567157
vt 0.109834 0.569875
vt 0.109223 0.554671
vt 0.108333 0.631730
vt 0.110104 0.615221
vt 0.111291 0.595957
vt 0.109984 0.580791
vt 0.107186 0.659891
vt 0.111937 0.589743
vt 0.113031 0.648143
vt 0.113885 0.599617
vt 0.111182 0.561866
vt 0.113963 0.578256
vt 0.110936 0.678305
vt 0.113137 0.669083
vt 0.114223 0.632459
vt 0.112031 0.614990
vt 0.118294 0.658213
vt 0.117284 0.629871
vt 0.115465 0.618552
vt 0.115240 0.566667
vt 0.117991 0.580774
vt 0.113615 0.687465
vt 0.114841 0.677442
vt 0.118712 0.599965
vt 0.117708 0.691571
vt 0.120532 0.640222
vt 0.121601 0.616802
vt 0.120928 0.578087
vt 0.121249 0.590235
vt 0.117383 0.698976
vt 0.121441 0.669030
vt 0.122144 0.598120
vt 0.123231 0.635520
vt 0.122791 0.647421
vt 0.124230 0.600128
vt 0.124465 0.585248
vt 0.121031 0.708395
vt 0.124827 0.629265
vt 0.125037 0.671911
vt 0.125929 0.606293
vt 0.126987 0.591573
vt 0.124430 0.571081
vt 0.124218 0.691148
vt 0.126056 0.646789
vt 0.126365 0.637463
vt 0.126638 0.662268
vt 0.129269 0.573455
vt 0.126342 0.725328
vt 0.129790 0.639477
vt 0.127065 0.614981
vt 0.127913 0.681537
vt 0.129459 0.597957
vt 0.124986 0.553618
vt 0.130408 0.579739
vt 0.128343 0.698145
vt 0.129104 0.658745
vt 0.129305 0.619985
vt 0.129085 0.673094
vt 0.128350 0.562058
vt 0.134272 0.556507
vt 0.128042 0.732685
vt 0.130204 0.664590
vt 0.131465 0.621739
vt 0.130118 0.606422
vt 0.131357 0.671576
vt 0.133872 0.591305
vt 0.130076 0.548361
vt 0.131932 0.540717
vt 0.134078 0.579827
vt 0.130208 0.708844
vt 0.132170 0.651812
vt 0.131446 0.657179
vt 0.135368 0.632653
vt 0.131368 0.697248
vt 0.135434 0.564148
vt 0.133412 0.646650
vt 0.135539 0.612200
vt 0.136124 0.603875
vt 0.136873 0.580408
vt 0.132827 0.716821
vt 0.135095 0.651866
vt 0.136003 0.659695
vt 0.134456 0.666637
vt 0.137850 0.626421
vt 0.137227 0.590144
vt 0.139808 0.568025
vt 0.142279 0.643782
vt 0.139186 0.606170
vt 0.137835 0.649750
vt 0.139511 0.658340
vt 0.141606 0.617904
vt 0.141894 0.582618
vt 0.719808 0.269801
vt 0.719410 0.273948
vt 0.721120 0.274936
vt 0.718031 0.270618
vt 0.721412 0.277818
vt 0.718867 0.278908
vt 0.718693 0.267497
vt 0.717583 0.266399
vt 0.720730 0.280331
vt 0.104624 0.480957
vt 0.103142 0.477231
vt 0.102716 0.483006
vt 0.104498 0.474551
vt 0.100956 0.486720
vt 0.103545 0.496299
vt 0.106527 0.480759
vt 0.101053 0.497914
vt 0.105776 0.492134
vt 0.105484 0.475558
vt 0.104650 0.501018
vt 0.106816 0.496469
vt 0.107475 0.481052
vt 0.098718 0.487684
vt 0.107843 0.474538
vt 0.108103 0.488686
vt 0.108401 0.481604
vt 0.109173 0.495273
vt 0.108653 0.474826
vt 0.110025 0.483350
vt 0.110159 0.501219
vt 0.865716 0.485528
vt 0.864671 0.499430
vt 0.592530 0.404460
vt 0.592165 0.394190
vt 0.591969 0.399320
vt 0.593954 0.395174
vt 0.590374 0.396556
vt 0.591983 0.413373
vt 0.593436 0.386974
vt 0.593599 0.408942
vt 0.591581 0.384208
vt 0.590743 0.404433
vt 0.594573 0.402772
vt 0.590141 0.388767
vt 0.590031 0.410145
vt 0.593119 0.417801
vt 0.594262 0.416623
vt 0.589560 0.402142
vt 0.590707 0.418334
vt 0.592722 0.428361
vt 0.595120 0.417109
vt 0.589147 0.387214
vt 0.589266 0.416547
vt 0.591572 0.425675
vt 0.593717 0.422541
vt 0.594717 0.424498
vt 0.589840 0.424034
vt 0.592232 0.434827
vt 0.594316 0.430604
vt 0.595040 0.435639
vt 0.590452 0.433364
vt 0.592696 0.437818
vt 0.593674 0.436511
vt 0.591615 0.434106
vt 0.592547 0.442502
vt 0.592029 0.441883
vt 0.592664 0.448821
vt 0.594035 0.444281
vt 0.591496 0.452076
vt 0.592285 0.449422
vt 0.594692 0.453698
vt 0.593102 0.455967
vt 0.593030 0.457404
vt 0.594191 0.461364
vt 0.592678 0.467810
vt 0.593332 0.464640
vt 0.657893 0.677735
vt 0.658649 0.675840
vt 0.658008 0.671404
vt 0.658276 0.667996
vt 0.657223 0.673278
vt 0.657356 0.687898
vt 0.657622 0.664683
vt 0.656389 0.678914
vt 0.690708 0.592117
vt 0.689500 0.588388
vt 0.689091 0.589830
vt 0.688369 0.584130
vt 0.588256 0.465070
vt 0.491192 0.112055
vt 0.492488 0.112939
vt 0.975048 0.406156
vt 0.975198 0.398330
vt 0.973862 0.396217
vt 0.975583 0.387657
vt 0.972331 0.403334
vt 0.972205 0.392913
vt 0.973207 0.376780
vt 0.971207 0.401395
vt 0.976921 0.383777
vt 0.971734 0.380789
vt 0.970818 0.391282
vt 0.970816 0.414712
vt 0.974523 0.375242
vt 0.972236 0.370934
vt 0.970115 0.399405
vt 0.973486 0.373212
vt 0.976708 0.367289
vt 0.970598 0.378638
vt 0.969148 0.397642
vt 0.969776 0.406960
vt 0.974121 0.363440
vt 0.975957 0.359889
vt 0.972803 0.360933
vt 0.971141 0.368712
vt 0.969778 0.389064
vt 0.976865 0.346449
vt 0.972141 0.359686
vt 0.969667 0.365981
vt 0.969225 0.376092
vt 0.968166 0.394871
vt 0.967492 0.405830
vt 0.974864 0.354450
vt 0.973837 0.351751
vt 0.973011 0.351244
vt 0.968848 0.386266
vt 0.967644 0.416578
vt 0.974615 0.341841
vt 0.971882 0.356207
vt 0.967946 0.373893
vt 0.968155 0.384987
vt 0.967147 0.393992
vt 0.966531 0.414470
vt 0.976113 0.333785
vt 0.966050 0.391993
vt 0.965614 0.414624
vt 0.965925 0.425303
vt 0.973306 0.339535
vt 0.974837 0.331239
vt 0.966611 0.371215
vt 0.967475 0.383745
vt 0.965672 0.402684
vt 0.973392 0.328476
vt 0.972613 0.348611
vt 0.974746 0.319609
vt 0.966318 0.381565
vt 0.965253 0.392488
vt 0.963966 0.421888
vt 0.964741 0.410851
vt 0.972250 0.326086
vt 0.972169 0.335789
vt 0.966064 0.369444
vt 0.965357 0.359397
vt 0.963828 0.397633
vt 0.963848 0.437400
vt 0.973614 0.317831
vt 0.965718 0.380408
vt 0.965833 0.347755
vt 0.963194 0.386825
vt 0.963581 0.409427
vt 0.960835 0.435847
vt 0.961485 0.401335
vt 0.962559 0.407674
vt 0.961070 0.446369
vt 0.961531 0.381893
vt 0.960042 0.424563
vt 0.959080 0.441485
vt 0.960953 0.393859
vt 0.961486 0.370790
vt 0.960434 0.404023
vt 0.959821 0.391847
vt 0.958362 0.423789
vt 0.958711 0.389055
vt 0.959406 0.402171
vt 0.717650 0.283639
vt 0.720044 0.288966
vt 0.716596 0.275415
vt 0.715217 0.279023
vt 0.715448 0.272684
vt 0.716969 0.271653
vt 0.714113 0.276470
vt 0.715591 0.266452
vt 0.714636 0.266003
vt 0.048048 0.507826
vt 0.045591 0.520650
vt 0.046948 0.520389
vt 0.053095 0.523521
vt 0.047191 0.553142
vt 0.050301 0.548823
vt 0.049488 0.521680
vt 0.054982 0.506801
vt 0.057317 0.526946
vt 0.047432 0.571082
vt 0.050859 0.558942
vt 0.058465 0.512259
vt 0.054236 0.537031
vt 0.055800 0.553762
vt 0.049409 0.571269
vt 0.059259 0.534559
vt 0.046061 0.589264
vt 0.054196 0.561236
vt 0.054892 0.575418
vt 0.048736 0.593688
vt 0.049059 0.615265
vt 0.055880 0.574042
vt 0.052166 0.595251
vt 0.058571 0.560442
vt 0.057834 0.576701
vt 0.056968 0.603801
vt 0.049175 0.629968
vt 0.053195 0.619331
vt 0.052851 0.630788
vt 0.057130 0.630041
vt 0.049501 0.643048
vt 0.054421 0.652097
vt 0.057212 0.611295
vt 0.054455 0.643999
vt 0.059164 0.623174
vt 0.048202 0.665413
vt 0.053815 0.660861
vt 0.056556 0.649536
vt 0.051297 0.663710
vt 0.048713 0.672874
vt 0.055114 0.679730
vt 0.052780 0.682203
vt 0.050839 0.686215
vt 0.048928 0.690102
vt 0.054283 0.688484
vt 0.053514 0.697039
vt 0.049582 0.710334
vt 0.117728 0.476894
vt 0.120601 0.473162
vt 0.118408 0.488118
vt 0.120921 0.502165
vt 0.123891 0.494887
vt 0.125810 0.471147
vt 0.122770 0.506965
vt 0.124969 0.508231
vt 0.119347 0.524592
vt 0.128823 0.471248
vt 0.126760 0.495689
vt 0.123638 0.520730
vt 0.130007 0.488349
vt 0.128565 0.500029
vt 0.126744 0.521239
vt 0.132499 0.476719
vt 0.135953 0.484369
vt 0.132673 0.501733
vt 0.131606 0.522074
vt 0.137821 0.477475
vt 0.141206 0.479244
vt 0.139531 0.490370
vt 0.144554 0.462464
vt 0.143484 0.484157
vt 0.145199 0.498030
vt 0.146123 0.482991
vt 0.143850 0.509606
vt 0.148193 0.468965
vt 0.145697 0.509257
vt 0.148635 0.492839
vt 0.145433 0.523124
vt 0.150362 0.492634
vt 0.148423 0.509982
vt 0.997204 0.740976
vt 0.996008 0.776938
vt 0.997335 0.767628
vt 0.995047 0.771852
vt 0.994709 0.747573
vt 0.993623 0.764936
vt 0.993147 0.741243
vt 0.992698 0.754597
vt 0.992441 0.729855
vt 0.990703 0.765665
vt 0.990915 0.787306
vt 0.990841 0.727426
vt 0.997046 0.725120
vt 0.990818 0.746753
vt 0.996104 0.719084
vt 0.990537 0.706782
vt 0.989447 0.758179
vt 0.989382 0.777732
vt 0.989511 0.798867
vt 0.989273 0.737069
vt 0.997531 0.706683
vt 0.993654 0.717471
vt 0.992057 0.707197
vt 0.989473 0.720446
vt 0.994351 0.708540
vt 0.992031 0.697258
vt 0.988505 0.705618
vt 0.988335 0.757402
vt 0.988082 0.789318
vt 0.988247 0.824550
vt 0.988267 0.733234
vt 0.990522 0.695721
vt 0.988293 0.715725
vt 0.988677 0.696244
vt 0.987733 0.743260
vt 0.987234 0.788543
vt 0.988265 0.814223
vt 0.992238 0.682611
vt 0.986984 0.704237
vt 0.986811 0.742299
vt 0.986495 0.777794
vt 0.986858 0.716667
vt 0.990837 0.677562
vt 0.988909 0.685604
vt 0.987003 0.692221
vt 0.985837 0.797028
vt 0.991177 0.658897
vt 0.984885 0.705291
vt 0.983883 0.686365
vt 0.983710 0.778394
vt 0.985844 0.732085
vt 0.992328 0.656892
vt 0.989967 0.660922
vt 0.986466 0.678401
vt 0.984102 0.743545
vt 0.991498 0.636673
vt 0.989492 0.638045
vt 0.988733 0.661357
vt 0.985179 0.673961
vt 0.991713 0.618796
vt 0.987645 0.661087
vt 0.982697 0.670987
vt 0.985171 0.662854
vt 0.990285 0.617078
vt 0.986989 0.650988
vt 0.983348 0.655635
vt 0.980932 0.676138
vt 0.991622 0.603055
vt 0.989006 0.619830
vt 0.984680 0.653427
vt 0.989846 0.604041
vt 0.987786 0.627624
vt 0.984788 0.640037
vt 0.981863 0.642813
vt 0.987394 0.619506
vt 0.980029 0.652255
vt 0.985692 0.615288
vt 0.982248 0.621671
vt 0.979022 0.639582
vt 0.978660 0.667247
vt 0.985580 0.623852
vt 0.980546 0.623112
vt 0.977639 0.675079
vt 0.981560 0.611656
vt 0.979760 0.614702
vt 0.976650 0.653185
vt 0.984701 0.603939
vt 0.976832 0.629194
vt 0.973809 0.670158
vt 0.982077 0.602317
vt 0.978998 0.587878
vt 0.977402 0.603081
vt 0.975208 0.644810
vt 0.975450 0.655998
vt 0.973214 0.684482
vt 0.980659 0.600416
vt 0.969880 0.678080
vt 0.976278 0.707891
vt 0.981312 0.581528
vt 0.976877 0.591736
vt 0.973286 0.629510
vt 0.974307 0.639590
vt 0.970705 0.653086
vt 0.971936 0.699549
vt 0.973773 0.713885
vt 0.977832 0.577297
vt 0.981553 0.570382
vt 0.970290 0.653894
vt 0.970812 0.698765
vt 0.976632 0.572329
vt 0.980553 0.564681
vt 0.974702 0.590133
vt 0.982667 0.570408
vt 0.970572 0.627244
vt 0.969749 0.671726
vt 0.971735 0.717746
vt 0.968236 0.683044
vt 0.978823 0.563674
vt 0.971754 0.602236
vt 0.981686 0.560464
vt 0.970902 0.630554
vt 0.967861 0.645781
vt 0.968165 0.671164
vt 0.971898 0.742262
vt 0.968509 0.711464
vt 0.970088 0.731478
vt 0.976690 0.546328
vt 0.975280 0.565134
vt 0.980883 0.545300
vt 0.973961 0.589383
vt 0.971215 0.622188
vt 0.968577 0.630265
vt 0.968216 0.660599
vt 0.965780 0.669735
vt 0.967906 0.716405
vt 0.979266 0.548936
vt 0.975117 0.551119
vt 0.972335 0.574590
vt 0.966516 0.624300
vt 0.968985 0.617496
vt 0.965018 0.650918
vt 0.969973 0.756046
vt 0.967143 0.690442
vt 0.969032 0.732672
vt 0.967269 0.706259
vt 0.977626 0.539477
vt 0.975580 0.526355
vt 0.979818 0.531404
vt 0.970232 0.583331
vt 0.967098 0.752739
vt 0.963681 0.667353
vt 0.967122 0.742242
vt 0.966709 0.725967
vt 0.974605 0.519315
vt 0.972078 0.546685
vt 0.980264 0.520061
vt 0.970408 0.570602
vt 0.968856 0.599872
vt 0.967812 0.596784
vt 0.965443 0.622823
vt 0.961494 0.664497
vt 0.963610 0.692454
vt 0.964858 0.712779
vt 0.976956 0.520336
vt 0.975150 0.506606
vt 0.971726 0.561659
vt 0.970601 0.551397
vt 0.969884 0.563040
vt 0.965510 0.606731
vt 0.965119 0.632436
vt 0.964947 0.746463
vt 0.962366 0.643414
vt 0.962389 0.683403
vt 0.978927 0.509237
vt 0.973542 0.505493
vt 0.966560 0.586591
vt 0.963904 0.643802
vt 0.964187 0.605607
vt 0.958735 0.677677
vt 0.961013 0.686331
vt 0.962762 0.711745
vt 0.980032 0.504308
vt 0.977740 0.505570
vt 0.973368 0.491712
vt 0.970919 0.537665
vt 0.969374 0.528892
vt 0.967952 0.570556
vt 0.966814 0.577187
vt 0.962906 0.629859
vt 0.962136 0.613217
vt 0.959632 0.645656
vt 0.961185 0.712801
vt 0.961750 0.726585
vt 0.960737 0.705032
vt 0.979195 0.492963
vt 0.976864 0.487262
vt 0.975124 0.493533
vt 0.971525 0.504586
vt 0.971011 0.520012
vt 0.968316 0.546328
vt 0.968206 0.558020
vt 0.966087 0.557851
vt 0.964319 0.589405
vt 0.962163 0.626231
vt 0.959979 0.694308
vt 0.958165 0.671359
vt 0.979954 0.470525
vt 0.978012 0.495298
vt 0.974310 0.485181
vt 0.970965 0.491234
vt 0.966210 0.524202
vt 0.963162 0.593932
vt 0.958443 0.705537
vt 0.957828 0.646108
vt 0.955871 0.673819
vt 0.960787 0.619327
vt 0.957613 0.716116
vt 0.959298 0.726267
vt 0.978206 0.485128
vt 0.972660 0.481151
vt 0.969931 0.508567
vt 0.966640 0.536422
vt 0.964385 0.565677
vt 0.959789 0.598379
vt 0.957293 0.702751
vt 0.957671 0.625391
vt 0.956302 0.654754
vt 0.959079 0.740383
vt 0.978337 0.475054
vt 0.977183 0.473602
vt 0.975225 0.462619
vt 0.970335 0.477580
vt 0.970047 0.495339
vt 0.966638 0.498709
vt 0.964470 0.533268
vt 0.964434 0.551405
vt 0.963058 0.575329
vt 0.957162 0.623878
vt 0.956518 0.640873
vt 0.954271 0.670534
vt 0.955860 0.693814
vt 0.958119 0.607802
vt 0.955620 0.722010
vt 0.978487 0.460013
vt 0.975852 0.472449
vt 0.973280 0.470167
vt 0.970869 0.467412
vt 0.965153 0.508748
vt 0.964020 0.521354
vt 0.963155 0.554725
vt 0.959828 0.590863
vt 0.955872 0.704050
vt 0.954716 0.635763
vt 0.952916 0.668666
vt 0.953790 0.684510
vt 0.955543 0.742554
vt 0.981267 0.448453
vt 0.977421 0.461813
vt 0.976240 0.461508
vt 0.973577 0.458488
vt 0.969975 0.465840
vt 0.967002 0.484303
vt 0.965268 0.492747
vt 0.958179 0.600874
vt 0.962003 0.551979
vt 0.958823 0.568355
vt 0.960732 0.554854
vt 0.955461 0.618780
vt 0.952304 0.680385
vt 0.953424 0.708515
vt 0.954545 0.717659
vt 0.955848 0.749241
vt 0.975372 0.447849
vt 0.973703 0.447725
vt 0.971583 0.454380
vt 0.966914 0.473436
vt 0.962746 0.505590
vt 0.962310 0.527295
vt 0.957389 0.588073
vt 0.955658 0.608175
vt 0.957372 0.571561
vt 0.952448 0.659117
vt 0.949890 0.680367
vt 0.952258 0.691044
vt 0.953573 0.735322
vt 0.953657 0.768501
vt 0.977442 0.445332
vt 0.969354 0.453695
vt 0.968501 0.463971
vt 0.965773 0.472236
vt 0.956315 0.587026
vt 0.955913 0.597505
vt 0.961274 0.525506
vt 0.958709 0.547667
vt 0.957606 0.556539
vt 0.954563 0.589353
vt 0.953814 0.627978
vt 0.950162 0.670304
vt 0.953443 0.641980
vt 0.950558 0.702783
vt 0.951446 0.716548
vt 0.975432 0.430975
vt 0.973489 0.436084
vt 0.971294 0.444444
vt 0.970422 0.442504
vt 0.967312 0.462349
vt 0.965905 0.461332
vt 0.960152 0.507623
vt 0.960131 0.530221
vt 0.958803 0.537234
vt 0.957708 0.539092
vt 0.957077 0.549103
vt 0.954164 0.617721
vt 0.950609 0.656579
vt 0.948390 0.699327
vt 0.946141 0.663000
vt 0.952939 0.765082
vt 0.972119 0.433748
vt 0.968739 0.439023
vt 0.968051 0.456014
vt 0.956259 0.578491
vt 0.958577 0.525391
vt 0.956495 0.565828
vt 0.952837 0.613520
vt 0.948607 0.660277
vt 0.948519 0.712815
vt 0.950079 0.712067
vt 0.949069 0.733528
vt 0.951687 0.764449
vt 0.973822 0.419339
vt 0.969932 0.430409
vt 0.968461 0.449935
vt 0.966835 0.455940
vt 0.956897 0.534094
vt 0.956540 0.555009
vt 0.952134 0.587037
vt 0.951189 0.625592
vt 0.950354 0.637256
vt 0.945637 0.705111
vt 0.946363 0.641439
vt 0.951980 0.744585
vt 0.951767 0.776853
vt 0.968879 0.418596
vt 0.967627 0.437299
vt 0.954768 0.575519
vt 0.957757 0.525261
vt 0.956713 0.544340
vt 0.955142 0.564351
vt 0.951275 0.617429
vt 0.953422 0.584608
vt 0.948565 0.645556
vt 0.945719 0.683624
vt 0.946959 0.719110
vt 0.944549 0.661651
vt 0.950162 0.744998
vt 0.949091 0.772527
vt 0.951532 0.797160
vt 0.967421 0.447946
vt 0.957835 0.514820
vt 0.956605 0.524210
vt 0.955819 0.531977
vt 0.955380 0.553569
vt 0.950554 0.588316
vt 0.951422 0.561983
vt 0.948847 0.623314
vt 0.948633 0.634857
vt 0.944496 0.697569
vt 0.945008 0.719420
vt 0.946540 0.740659
vt 0.943254 0.652354
vt 0.947751 0.759456
vt 0.952552 0.798935
vt 0.965601 0.433667
vt 0.966199 0.446077
vt 0.953755 0.559459
vt 0.955682 0.542667
vt 0.949048 0.602678
vt 0.944407 0.675043
vt 0.944386 0.685923
vt 0.944251 0.709780
vt 0.944321 0.730351
vt 0.945934 0.761142
vt 0.943806 0.634779
vt 0.943158 0.672869
vt 0.948405 0.796237
vt 0.951321 0.824026
vt 0.956635 0.512720
vt 0.955823 0.521505
vt 0.954368 0.541367
vt 0.949817 0.549494
vt 0.947073 0.609879
vt 0.941676 0.681314
vt 0.943515 0.741600
vt 0.944262 0.760316
vt 0.941309 0.648559
vt 0.944711 0.631706
vt 0.946478 0.772106
vt 0.947860 0.786224
vt 0.952173 0.552578
vt 0.954888 0.520539
vt 0.954646 0.530421
vt 0.947238 0.559269
vt 0.946452 0.579256
vt 0.940896 0.695043
vt 0.941191 0.717510
vt 0.941691 0.739509
vt 0.945199 0.775108
vt 0.940816 0.623269
vt 0.944630 0.607455
vt 0.946048 0.797711
vt 0.949712 0.818468
vt 0.956155 0.508676
vt 0.953523 0.526005
vt 0.951325 0.539598
vt 0.947430 0.537558
vt 0.939262 0.697862
vt 0.940618 0.740403
vt 0.941820 0.755709
vt 0.942908 0.751180
vt 0.942986 0.775207
vt 0.939298 0.660327
vt 0.939277 0.640904
vt 0.943468 0.619797
vt 0.947647 0.819042
vt 0.948854 0.837386
vt 0.955360 0.497993
vt 0.950013 0.537994
vt 0.945470 0.565444
vt 0.945748 0.545774
vt 0.944565 0.578089
vt 0.936551 0.701890
vt 0.938286 0.730094
vt 0.942795 0.762194
vt 0.937133 0.654892
vt 0.939458 0.616533
vt 0.943851 0.604184
vt 0.946147 0.818727
vt 0.947720 0.838236
vt 0.950525 0.858013
vt 0.956648 0.499092
vt 0.952119 0.518060
vt 0.950144 0.530260
vt 0.945954 0.534013
vt 0.936166 0.682491
vt 0.937827 0.748452
vt 0.939750 0.761302
vt 0.941511 0.773090
vt 0.943881 0.799317
vt 0.936629 0.669827
vt 0.938237 0.636525
vt 0.942465 0.600799
vt 0.947657 0.862517
vt 0.948982 0.852564
vt 0.954083 0.499637
vt 0.957036 0.493403
vt 0.957481 0.500715
vt 0.952688 0.496850
vt 0.942722 0.542617
vt 0.940403 0.566153
vt 0.949166 0.525324
vt 0.947231 0.522390
vt 0.934995 0.702196
vt 0.936426 0.713807
vt 0.936066 0.747373
vt 0.942456 0.787438
vt 0.937200 0.649609
vt 0.933776 0.645398
vt 0.938030 0.612525
vt 0.939676 0.586158
vt 0.943386 0.816427
vt 0.945310 0.831642
vt 0.946469 0.852561
vt 0.949035 0.876687
vt 0.954170 0.483165
vt 0.958294 0.496695
vt 0.955909 0.485802
vt 0.951238 0.504692
vt 0.950808 0.515488
vt 0.942577 0.575138
vt 0.944609 0.521485
vt 0.935122 0.679729
vt 0.935054 0.690950
vt 0.934618 0.714827
vt 0.936196 0.725435
vt 0.936193 0.759172
vt 0.936188 0.736743
vt 0.939305 0.778275
vt 0.941466 0.784111
vt 0.942380 0.795083
vt 0.935329 0.639188
vt 0.940856 0.585399
vt 0.942450 0.806488
vt 0.945009 0.840621
vt 0.946436 0.863763
vt 0.952108 0.873471
vt 0.957271 0.487358
vt 0.958079 0.501709
vt 0.951173 0.494043
vt 0.939980 0.550867
vt 0.947758 0.513339
vt 0.949221 0.514533
vt 0.946654 0.512055
vt 0.941784 0.523838
vt 0.933248 0.702187
vt 0.934458 0.724428
vt 0.935894 0.779773
vt 0.941291 0.797114
vt 0.934170 0.611310
vt 0.932757 0.632992
vt 0.933525 0.676992
vt 0.937505 0.600119
vt 0.939971 0.578947
vt 0.940347 0.817165
vt 0.943565 0.835053
vt 0.947659 0.874979
vt 0.945126 0.852284
vt 0.946178 0.874402
vt 0.952745 0.869186
vt 0.951724 0.882734
vt 0.956079 0.475038
vt 0.953037 0.483392
vt 0.958620 0.488767
vt 0.957902 0.476509
vt 0.959435 0.500209
vt 0.949550 0.503297
vt 0.937153 0.554401
vt 0.939143 0.537138
vt 0.942175 0.511042
vt 0.940198 0.529975
vt 0.932071 0.689212
vt 0.932760 0.723408
vt 0.937202 0.790540
vt 0.932976 0.618383
vt 0.930970 0.643071
vt 0.932327 0.660851
vt 0.935856 0.604849
vt 0.936356 0.588654
vt 0.937293 0.577246
vt 0.942233 0.828882
vt 0.943709 0.852049
vt 0.948892 0.885937
vt 0.943404 0.863341
vt 0.956358 0.463862
vt 0.953529 0.471843
vt 0.958985 0.503287
vt 0.951598 0.482095
vt 0.949519 0.492778
vt 0.948012 0.502229
vt 0.943746 0.499139
vt 0.938660 0.517195
vt 0.931538 0.712994
vt 0.935614 0.795921
vt 0.938920 0.794289
vt 0.933600 0.598319
vt 0.931182 0.631954
vt 0.930729 0.654836
vt 0.932243 0.677871
vt 0.940798 0.829174
vt 0.942303 0.840087
vt 0.947014 0.885517
vt 0.944834 0.874201
vt 0.953800 0.885723
vt 0.951806 0.898438
vt 0.957615 0.465569
vt 0.955172 0.455731
vt 0.959882 0.490322
vt 0.958441 0.503527
vt 0.960986 0.493610
vt 0.950510 0.481818
vt 0.947852 0.491292
vt 0.935727 0.561193
vt 0.946320 0.499123
vt 0.933831 0.792465
vt 0.930513 0.605573
vt 0.930114 0.622104
vt 0.929915 0.642138
vt 0.931011 0.665614
vt 0.930580 0.677375
vt 0.939407 0.829738
vt 0.939698 0.851361
vt 0.945534 0.884087
vt 0.948254 0.897057
vt 0.943250 0.873300
vt 0.948836 0.897092
vt 0.958897 0.467188
vt 0.956533 0.451476
vt 0.953720 0.453517
vt 0.951840 0.470942
vt 0.960123 0.479666
vt 0.936030 0.524764
vt 0.935621 0.545020
vt 0.934176 0.805947
vt 0.933767 0.576401
vt 0.928665 0.652609
vt 0.937170 0.827433
vt 0.945294 0.894493
vt 0.946438 0.892310
vt 0.939604 0.862708
vt 0.940862 0.873919
vt 0.944638 0.885008
vt 0.954200 0.896033
vt 0.951873 0.910405
vt 0.957645 0.454992
vt 0.955536 0.430954
vt 0.954427 0.432153
vt 0.952717 0.460413
vt 0.933709 0.552147
vt 0.935475 0.813047
vt 0.932968 0.803859
vt 0.930856 0.593686
vt 0.928500 0.637087
vt 0.929949 0.672542
vt 0.938024 0.846907
vt 0.944389 0.896193
vt 0.945891 0.894104
vt 0.948020 0.905166
vt 0.948736 0.908173
vt 0.943390 0.885145
vt 0.950466 0.909541
vt 0.959006 0.456496
vt 0.957763 0.444222
vt 0.956788 0.431192
vt 0.952157 0.449216
vt 0.951847 0.460341
vt 0.961368 0.480967
vt 0.934250 0.537978
vt 0.933672 0.814314
vt 0.931763 0.792191
vt 0.933371 0.814608
vt 0.927595 0.594960
vt 0.932896 0.577088
vt 0.927134 0.624602
vt 0.926686 0.634297
vt 0.927782 0.654472
vt 0.929719 0.687502
vt 0.930129 0.573698
vt 0.945454 0.907642
vt 0.946408 0.905193
vt 0.939443 0.873617
vt 0.940720 0.885020
vt 0.950487 0.920926
vt 0.961391 0.463803
vt 0.955647 0.418321
vt 0.934021 0.825429
vt 0.931730 0.805964
vt 0.932502 0.815101
vt 0.927312 0.584854
vt 0.928458 0.680043
vt 0.948984 0.920826
vt 0.937949 0.873120
vt 0.951839 0.933330
vt 0.956805 0.420644
vt 0.925228 0.597340
vt 0.927256 0.605383
vt 0.938959 0.882961
vt 0.931672 0.820047
vt 0.932965 0.827413
vt 0.927352 0.578340
vt 0.923717 0.573473
vt 0.947682 0.933199
vt 0.930273 0.808549
vt 0.933141 0.838836
vt 0.927354 0.571506
vt 0.946493 0.920949
vt 0.930344 0.815292
vt 0.931610 0.838850
vt 0.946708 0.944675
vt 0.947950 0.955781
vt 0.928474 0.813944
vt 0.930295 0.827017
vt 0.930132 0.838464
vt 0.931365 0.848877
vt 0.944137 0.933807
vt 0.928792 0.826550
vt 0.945379 0.944851
vt 0.946689 0.956217
vt 0.947516 0.964472
vt 0.928624 0.838021
vt 0.945157 0.955698
vt 0.946156 0.965047
vt 0.943252 0.955160
vt 0.944870 0.957471
vt 0.369037 0.093875
vt 0.346569 0.273347
vt 0.345385 0.271529
vt 0.344822 0.278766
vt 0.345569 0.280398
vt 0.344373 0.288219
vt 0.167353 0.813862
vt 0.328332 0.522565
vt 0.328559 0.520396
vt 0.328375 0.519892
vt 0.328462 0.521050
vt 0.328570 0.521926
vt 0.328591 0.518238
vt 0.328255 0.524838
vt 0.793732 0.659391
vt 0.792236 0.656265
vt 0.792883 0.666838
vt 0.793181 0.666031
vt 0.324269 0.416149
vt 0.324190 0.413400
vt 0.324552 0.419590
vt 0.793451 0.669118
vt 0.794500 0.667088
vt 0.996066 0.841358
vt 0.996186 0.848765
vt 0.996599 0.844224
vt 0.996640 0.839323
vt 0.995749 0.845139
vt 0.996958 0.841485
vt 0.996930 0.838872
vt 0.997020 0.844810
vt 0.997185 0.848571
vt 0.995676 0.856859
vt 0.995026 0.845683
vt 0.995021 0.838975
vt 0.994048 0.843195
vt 0.993885 0.850813
vt 0.552376 0.541603
vt 0.552152 0.542134
vt 0.552095 0.539213
vt 0.551825 0.534140
vt 0.875186 0.626234
vt 0.874449 0.621288
vt 0.873586 0.624975
vt 0.873637 0.626642
vt 0.594074 0.464324
vt 0.176239 0.288006
vt 0.175880 0.293995
vt 0.176818 0.291938
vt 0.175924 0.288876
vt 0.175739 0.289215
vt 0.175794 0.288737
vt 0.175711 0.288782
vt 0.175589 0.289290
vt 0.175594 0.288591
vt 0.177142 0.283005
vt 0.175370 0.289875
vt 0.175467 0.290059
vt 0.175402 0.293792
vt 0.175193 0.298620
vt 0.174434 0.299134
vt 0.174596 0.292630
vt 0.173918 0.292222
vt 0.173678 0.297976
vt 0.174186 0.304008
vt 0.173616 0.302917
vt 0.173473 0.303803
vt 0.174314 0.305093
vt 0.175170 0.301344
vt 0.177836 0.283985
vt 0.178023 0.292598
vt 0.178938 0.281828
vt 0.180376 0.287174
vt 0.180035 0.278410
vt 0.181243 0.275732
vt 0.181378 0.285108
vt 0.182221 0.283479
vt 0.180197 0.293726
vt 0.181722 0.291749
vt 0.178288 0.273312
vt 0.179424 0.265309
vt 0.172778 0.299422
vt 0.172923 0.296128
vt 0.171917 0.296678
vt 0.885857 0.622859
vt 0.885612 0.634202
vt 0.887070 0.623167
vt 0.886474 0.617929
vt 0.594827 0.482826
vt 0.594659 0.482348
vt 0.594416 0.481795
vt 0.594712 0.482421
vt 0.594763 0.482549
vt 0.594413 0.484897
vt 0.595223 0.487993
vt 0.594161 0.479518
vt 0.594644 0.481969
vt 0.594706 0.482284
vt 0.594724 0.482365
vt 0.594769 0.482480
vt 0.885567 0.620118
vt 0.885358 0.618224
vt 0.885467 0.619271
vt 0.885538 0.619339
vt 0.885570 0.619978
vt 0.885860 0.618830
vt 0.663564 0.704210
vt 0.663966 0.704722
vt 0.663928 0.704114
vt 0.663768 0.708516
vt 0.663717 0.701103
vt 0.663979 0.701614
vt 0.664103 0.701604
vt 0.172430 0.302303
vt 0.172935 0.306897
vt 0.719032 0.331360
vt 0.594180 0.469114
vt 0.176081 0.297270
vt 0.176955 0.294707
vt 0.173438 0.304814
vt 0.328327 0.512189
vt 0.328865 0.506450
vt 0.328996 0.511912
vt 0.329202 0.507323
vt 0.021965 0.642237
vt 0.022316 0.643489
vt 0.022472 0.636919
vt 0.021159 0.647112
vt 0.021553 0.640196
vt 0.023165 0.641964
vt 0.021554 0.633929
vt 0.610381 0.693881
vt 0.610215 0.696997
vt 0.610543 0.695064
vt 0.610706 0.695925
vt 0.610862 0.690773
vt 0.610158 0.690314
vt 0.609957 0.697260
vt 0.610200 0.699707
vt 0.609933 0.698217
vt 0.609911 0.698583
vt 0.022848 0.639572
vt 0.020815 0.634837
vt 0.021146 0.637194
vt 0.020752 0.640706
vt 0.724526 0.439213
vt 0.634875 0.409843
vt 0.634880 0.411191
vt 0.025531 0.688501
vt 0.369993 0.091246
vt 0.311350 0.445440
vt 0.312254 0.448804
vt 0.311769 0.437931
vt 0.312792 0.441800
vt 0.313069 0.452380
vt 0.313621 0.446739
vt 0.314294 0.451245
vt 0.314219 0.441667
vt 0.314929 0.446106
vt 0.315499 0.441010
vt 0.313700 0.456511
vt 0.313464 0.462220
vt 0.311718 0.457412
vt 0.310749 0.453439
vt 0.312733 0.459134
vt 0.310136 0.442673
vt 0.309949 0.432393
vt 0.312282 0.429457
vt 0.311161 0.424094
vt 0.311689 0.418144
vt 0.312912 0.419499
vt 0.310110 0.418060
vt 0.309324 0.425550
vt 0.309006 0.412573
vt 0.308285 0.420240
vt 0.308020 0.431009
vt 0.310735 0.411343
vt 0.309824 0.405573
vt 0.307279 0.414809
vt 0.306726 0.421875
vt 0.307544 0.427931
vt 0.305558 0.418546
vt 0.307037 0.434439
vt 0.308675 0.397488
vt 0.306897 0.401413
vt 0.311197 0.410794
vt 0.310123 0.400334
vt 0.306620 0.432900
vt 0.306373 0.425343
vt 0.306545 0.440043
vt 0.307430 0.436854
vt 0.872236 0.666446
vt 0.872203 0.666290
vt 0.872117 0.666356
vt 0.872234 0.666162
vt 0.872189 0.671111
vt 0.872241 0.666429
vt 0.620960 0.552533
vt 0.620914 0.552524
vt 0.621030 0.553042
vt 0.620621 0.555879
vt 0.620680 0.552841
vt 0.620981 0.552758
vt 0.664266 0.679097
vt 0.664763 0.680449
vt 0.663846 0.676535
vt 0.005219 0.612736
vt 0.005785 0.610742
vt 0.005477 0.609354
vt 0.005604 0.613853
vt 0.005089 0.616587
vt 0.005040 0.615200
vt 0.004993 0.615219
vt 0.004990 0.617202
vt 0.005200 0.619490
vt 0.004771 0.617255
vt 0.004796 0.615613
vt 0.004819 0.613879
vt 0.004751 0.619348
vt 0.004979 0.614071
vt 0.004888 0.610094
vt 0.664497 0.676799
vt 0.664286 0.676161
vt 0.664599 0.672592
vt 0.663959 0.667801
vt 0.664245 0.674143
vt 0.665197 0.665571
vt 0.664734 0.675473
vt 0.664004 0.669758
vt 0.664246 0.670004
vt 0.664377 0.672961
vt 0.664096 0.674499
vt 0.663693 0.676115
vt 0.663731 0.677245
vt 0.664504 0.675365
vt 0.664550 0.674387
vt 0.663745 0.677403
vt 0.663735 0.677444
vt 0.663747 0.677632
vt 0.067288 0.828307
vt 0.067139 0.826828
vt 0.067360 0.829044
vt 0.005336 0.619465
vt 0.872417 0.681443
vt 0.872282 0.680101
vt 0.871997 0.681214
vt 0.871923 0.677334
vt 0.872186 0.676496
vt 0.871665 0.674919
vt 0.872575 0.673036
vt 0.872638 0.671534
vt 0.872278 0.668448
vt 0.872569 0.669179
vt 0.872435 0.667233
vt 0.872757 0.676926
vt 0.872516 0.678500
vt 0.872975 0.673035
vt 0.871924 0.670181
vt 0.872746 0.670635
vt 0.873331 0.670240
vt 0.872939 0.669039
vt 0.872692 0.668348
vt 0.872531 0.682588
vt 0.873255 0.678222
vt 0.872569 0.679056
vt 0.155679 0.686739
vt 0.154777 0.669666
vt 0.153458 0.689463
vt 0.154989 0.700202
vt 0.152543 0.706325
vt 0.153832 0.718671
vt 0.151795 0.719353
vt 0.152835 0.736490
vt 0.151181 0.735106
vt 0.151651 0.687459
vt 0.156276 0.674557
vt 0.155526 0.658892
vt 0.156847 0.663989
vt 0.150791 0.700404
vt 0.149051 0.693921
vt 0.149762 0.714819
vt 0.149949 0.680650
vt 0.150978 0.668752
vt 0.153262 0.663295
vt 0.151789 0.656871
vt 0.152672 0.645779
vt 0.154096 0.652358
vt 0.148578 0.743294
vt 0.150196 0.763661
vt 0.154939 0.642901
vt 0.154453 0.625107
vt 0.155759 0.631819
vt 0.156392 0.646545
vt 0.156560 0.622745
vt 0.158321 0.629265
vt 0.158471 0.642612
vt 0.157616 0.653252
vt 0.159678 0.647570
vt 0.160302 0.638241
vt 0.152364 0.626222
vt 0.161003 0.629020
vt 0.159773 0.623850
vt 0.161653 0.620122
vt 0.146592 0.702235
vt 0.159154 0.657678
vt 0.146945 0.730107
vt 0.145820 0.755811
vt 0.148024 0.759221
vt 0.147296 0.776010
vt 0.149811 0.656765
vt 0.151233 0.638727
vt 0.151074 0.620751
vt 0.147215 0.686963
vt 0.162280 0.633718
vt 0.162993 0.620525
vt 0.162409 0.610329
vt 0.163849 0.608907
vt 0.164344 0.620155
vt 0.165209 0.606828
vt 0.164402 0.602935
vt 0.165638 0.599593
vt 0.163896 0.597387
vt 0.164793 0.596584
vt 0.165734 0.592471
vt 0.161680 0.643123
vt 0.163878 0.627062
vt 0.160933 0.651686
vt 0.160524 0.660800
vt 0.158319 0.667757
vt 0.162962 0.604296
vt 0.162974 0.594536
vt 0.161471 0.593733
vt 0.159314 0.608079
vt 0.148916 0.780263
vt 0.158572 0.617834
vt 0.147464 0.670087
vt 0.165383 0.586084
vt 0.163545 0.590294
vt 0.163974 0.586453
vt 0.162995 0.586248
vt 0.166739 0.594728
vt 0.162883 0.635571
vt 0.164759 0.584255
vt 0.164945 0.580369
vt 0.166005 0.587480
vt 0.164208 0.582703
vt 0.166153 0.581040
vt 0.165750 0.577475
vt 0.166402 0.575321
vt 0.166778 0.579587
vt 0.166846 0.576083
vt 0.166547 0.572422
vt 0.166900 0.573088
vt 0.166688 0.570026
vt 0.166966 0.570692
vt 0.166981 0.566548
vt 0.167081 0.568737
vt 0.166719 0.583724
vt 0.165964 0.573884
vt 0.162378 0.589427
vt 0.166692 0.588634
vt 0.167160 0.567282
vt 0.167311 0.568935
vt 0.167322 0.567563
vt 0.167327 0.566787
vt 0.167256 0.566324
vt 0.167325 0.570842
vt 0.167207 0.566113
vt 0.167378 0.565984
vt 0.167331 0.573262
vt 0.153304 0.620173
vt 0.157845 0.679018
vt 0.166329 0.568198
vt 0.160411 0.672167
vt 0.167327 0.576040
vt 0.152664 0.751575
vt 0.151210 0.765825
vt 0.166189 0.570961
vt 0.165884 0.569009
vt 0.165540 0.571494
vt 0.163636 0.583415
vt 0.163854 0.581937
vt 0.163638 0.582157
vt 0.144654 0.734434
vt 0.143098 0.751436
vt 0.144793 0.715333
vt 0.161861 0.654926
vt 0.142660 0.772769
vt 0.157696 0.692564
vt 0.156919 0.704610
vt 0.155482 0.715958
vt 0.155398 0.616134
vt 0.162275 0.645411
vt 0.150757 0.781547
vt 0.145733 0.681042
vt 0.146023 0.663842
vt 0.147159 0.650413
vt 0.148883 0.642090
vt 0.149472 0.632511
vt 0.144258 0.693331
vt 0.154105 0.736995
vt 0.167414 0.580066
vt 0.145736 0.778071
vt 0.166542 0.566865
vt 0.166725 0.567178
vt 0.141601 0.704326
vt 0.139963 0.719452
vt 0.143571 0.731407
vt 0.140307 0.742787
vt 0.141412 0.768735
vt 0.138098 0.735534
vt 0.139045 0.761028
vt 0.139542 0.786977
vt 0.136952 0.743445
vt 0.136252 0.752098
vt 0.135168 0.772358
vt 0.143960 0.654065
vt 0.144774 0.636961
vt 0.167446 0.566378
vt 0.167432 0.565968
vt 0.167415 0.565628
vt 0.167440 0.565675
vt 0.167391 0.565488
vt 0.167340 0.565556
vt 0.144543 0.676216
vt 0.142037 0.665664
vt 0.141992 0.684870
vt 0.132868 0.741260
vt 0.131592 0.761046
vt 0.163707 0.581677
vt 0.163684 0.581533
vt 0.163727 0.581234
vt 0.163800 0.581063
vt 0.167494 0.566956
vt 0.135991 0.802337
vt 0.165184 0.574253
vt 0.147554 0.629032
vt 0.157353 0.609830
vt 0.163865 0.579759
vt 0.164244 0.578110
vt 0.150581 0.619371
vt 0.163738 0.581007
vt 0.163588 0.582239
vt 0.149013 0.621872
vt 0.163702 0.581216
vt 0.348426 0.253912
vt 0.349699 0.260772
vt 0.350623 0.251458
vt 0.348542 0.269088
vt 0.349314 0.273574
vt 0.347700 0.282126
vt 0.349589 0.280932
vt 0.347421 0.263656
vt 0.349447 0.244268
vt 0.350279 0.236490
vt 0.351210 0.228693
vt 0.352419 0.233790
vt 0.352828 0.226816
vt 0.352106 0.221741
vt 0.353030 0.215472
vt 0.353541 0.223383
vt 0.352307 0.207354
vt 0.352731 0.193839
vt 0.351212 0.213997
vt 0.350226 0.221568
vt 0.353369 0.230221
vt 0.349151 0.287144
vt 0.347881 0.291627
vt 0.348380 0.294411
vt 0.349121 0.302037
vt 0.350186 0.293673
vt 0.347009 0.247288
vt 0.346201 0.256548
vt 0.349060 0.228186
vt 0.354746 0.220424
vt 0.350887 0.291462
vt 0.353391 0.238268
vt 0.353130 0.244570
vt 0.346245 0.228942
vt 0.354403 0.227030
vt 0.350438 0.208605
vt 0.350984 0.197817
vt 0.347925 0.297084
vt 0.343252 0.297129
vt 0.345232 0.298117
vt 0.346871 0.300711
vt 0.343992 0.307314
vt 0.343658 0.280109
vt 0.342327 0.285642
vt 0.340127 0.298453
vt 0.342054 0.302964
vt 0.146178 0.793948
vt 0.146251 0.792110
vt 0.145829 0.798634
vt 0.147300 0.785925
vt 0.146878 0.791775
vt 0.146462 0.796119
vt 0.146836 0.795664
vt 0.146547 0.798088
vt 0.146371 0.798804
vt 0.146242 0.797786
vt 0.146423 0.799644
vt 0.146310 0.799359
vt 0.146543 0.799362
vt 0.147438 0.794081
vt 0.146413 0.800347
vt 0.146768 0.798128
vt 0.147869 0.788023
vt 0.147218 0.796794
vt 0.146367 0.799921
vt 0.146316 0.799659
vt 0.146343 0.800156
vt 0.146361 0.800341
vt 0.146379 0.800271
vt 0.146377 0.800426
vt 0.146674 0.799497
vt 0.356736 0.224165
vt 0.355331 0.227328
vt 0.354429 0.237198
vt 0.355893 0.231543
vt 0.358026 0.217350
vt 0.351565 0.275054
vt 0.169579 0.680905
vt 0.167747 0.683563
vt 0.168662 0.690397
vt 0.166352 0.692017
vt 0.168739 0.675926
vt 0.169116 0.673262
vt 0.167423 0.701072
vt 0.169715 0.676555
vt 0.169348 0.671181
vt 0.164858 0.703881
vt 0.165126 0.727288
vt 0.354286 0.234442
vt 0.345826 0.310256
vt 0.347462 0.305907
vt 0.806735 0.799383
vt 0.806211 0.802225
vt 0.806481 0.807054
vt 0.807537 0.802873
vt 0.805443 0.810311
vt 0.805184 0.801528
vt 0.806973 0.815618
vt 0.808003 0.802122
vt 0.809048 0.821109
vt 0.349864 0.296945
vt 0.607693 0.674657
vt 0.606987 0.669380
vt 0.606546 0.670539
vt 0.958814 0.257984
vt 0.958538 0.254653
vt 0.958152 0.257401
vt 0.958446 0.260645
vt 0.959283 0.255667
vt 0.958994 0.252010
vt 0.958161 0.251196
vt 0.958956 0.262111
vt 0.958577 0.262947
vt 0.957796 0.265218
vt 0.958288 0.264516
vt 0.958083 0.265485
vt 0.957909 0.265760
vt 0.957853 0.255092
vt 0.958389 0.265752
vt 0.957763 0.259592
vt 0.957465 0.261946
vt 0.957492 0.257045
vt 0.956183 0.258842
vt 0.959498 0.259856
vt 0.958604 0.265377
vt 0.959519 0.249403
vt 0.959836 0.253684
vt 0.960131 0.246524
vt 0.956942 0.266732
vt 0.954797 0.264538
vt 0.955474 0.276290
vt 0.954064 0.275055
vt 0.956406 0.272806
vt 0.955565 0.282232
vt 0.960028 0.256761
vt 0.955891 0.277710
vt 0.955079 0.249800
vt 0.957785 0.258209
vt 0.959268 0.238740
vt 0.960275 0.239648
vt 0.958676 0.248181
vt 0.958711 0.242614
vt 0.952640 0.261497
vt 0.953119 0.256489
vt 0.951865 0.248124
vt 0.953493 0.243801
vt 0.959074 0.264915
vt 0.958122 0.266214
vt 0.960564 0.252386
vt 0.960870 0.237813
vt 0.961032 0.240522
vt 0.961191 0.236284
vt 0.960725 0.234715
vt 0.961085 0.234218
vt 0.961298 0.233776
vt 0.961363 0.234997
vt 0.961106 0.232883
vt 0.960074 0.235041
vt 0.958330 0.245416
vt 0.961538 0.238313
vt 0.961550 0.235348
vt 0.954419 0.235846
vt 0.954990 0.288901
vt 0.550452 0.732542
vt 0.550704 0.730276
vt 0.550867 0.740432
vt 0.550531 0.731147
vt 0.550409 0.736524
vt 0.550618 0.728841
vt 0.552734 0.644456
vt 0.552658 0.647995
vt 0.552732 0.640486
vt 0.552692 0.636885
vt 0.552307 0.639979
vt 0.552355 0.635047
vt 0.552328 0.643975
vt 0.552221 0.637393
vt 0.552194 0.635640
vt 0.552207 0.634057
vt 0.552333 0.647619
vt 0.552361 0.650699
vt 0.552335 0.654405
vt 0.551996 0.662237
vt 0.551530 0.668128
vt 0.551291 0.673376
vt 0.551076 0.679682
vt 0.184148 0.238809
vt 0.183495 0.237929
vt 0.183658 0.248065
vt 0.184828 0.245682
vt 0.183667 0.231342
vt 0.550552 0.756184
vt 0.550893 0.774444
vt 0.551098 0.780487
vt 0.550613 0.777502
vt 0.550335 0.778462
vt 0.550691 0.783836
vt 0.550032 0.797518
vt 0.549548 0.787892
vt 0.548218 0.806506
vt 0.548597 0.793442
vt 0.548013 0.795263
vt 0.547622 0.797806
vt 0.549915 0.781546
vt 0.656573 0.707794
vt 0.548566 0.787300
vt 0.548099 0.788987
vt 0.548187 0.788279
vt 0.548842 0.790799
vt 0.549064 0.785240
vt 0.550286 0.745880
vt 0.964737 0.276508
vt 0.963951 0.281135
vt 0.963183 0.284360
vt 0.962531 0.286578
vt 0.962856 0.291781
vt 0.961858 0.288739
vt 0.962061 0.295598
vt 0.963194 0.296982
vt 0.961003 0.292177
vt 0.961398 0.296176
vt 0.960320 0.297617
vt 0.959760 0.309578
vt 0.958613 0.307095
vt 0.960151 0.316695
vt 0.959279 0.302625
vt 0.960733 0.304824
vt 0.961164 0.309847
vt 0.957718 0.313436
vt 0.957188 0.328113
vt 0.956171 0.324000
vt 0.955684 0.317675
vt 0.955621 0.330672
vt 0.955131 0.337660
vt 0.956356 0.312919
vt 0.961872 0.307075
vt 0.961444 0.301708
vt 0.962243 0.301438
vt 0.962782 0.305330
vt 0.962148 0.310874
vt 0.961736 0.314137
vt 0.956923 0.304413
vt 0.954824 0.311175
vt 0.961042 0.318149
vt 0.962901 0.301934
vt 0.960370 0.323414
vt 0.959695 0.328434
vt 0.958992 0.332983
vt 0.962759 0.310808
vt 0.958010 0.301659
vt 0.958886 0.297444
vt 0.955803 0.346291
vt 0.959675 0.297313
vt 0.955888 0.307389
vt 0.954423 0.344043
vt 0.956223 0.349569
vt 0.954996 0.354989
vt 0.954818 0.319514
vt 0.954726 0.326538
vt 0.954296 0.334267
vt 0.957215 0.270486
vt 0.701839 0.553957
vt 0.702345 0.547691
vt 0.701335 0.554916
vt 0.701752 0.557664
vt 0.701214 0.556827
vt 0.700834 0.555793
vt 0.701130 0.558526
vt 0.701387 0.559497
vt 0.701546 0.558313
vt 0.701140 0.559988
vt 0.701318 0.560634
vt 0.701461 0.561367
vt 0.701519 0.560279
vt 0.701774 0.562751
vt 0.701652 0.560141
vt 0.701577 0.559622
vt 0.701952 0.561418
vt 0.701863 0.559392
vt 0.702293 0.560616
vt 0.701466 0.559162
vt 0.702134 0.562126
vt 0.702022 0.563726
vt 0.701478 0.560296
vt 0.701457 0.547248
vt 0.700858 0.552493
vt 0.701304 0.540746
vt 0.700560 0.542998
vt 0.700795 0.547692
vt 0.700150 0.537898
vt 0.700883 0.533722
vt 0.700156 0.527366
vt 0.701937 0.529243
vt 0.702306 0.538645
vt 0.701095 0.519723
vt 0.703546 0.536623
vt 0.699739 0.512447
vt 0.699012 0.522053
vt 0.698193 0.506370
vt 0.698075 0.493663
vt 0.695772 0.514152
vt 0.696432 0.483505
vt 0.695469 0.496526
vt 0.693891 0.503502
vt 0.698079 0.474459
vt 0.699821 0.482405
vt 0.700535 0.500719
vt 0.700297 0.549053
vt 0.701460 0.487929
vt 0.702024 0.507700
vt 0.697486 0.518069
vt 0.697367 0.529722
vt 0.700459 0.554059
vt 0.702632 0.494647
vt 0.703022 0.477814
vt 0.701324 0.562361
vt 0.701565 0.563596
vt 0.700418 0.552284
vt 0.700025 0.552707
vt 0.699918 0.550254
vt 0.699698 0.552907
vt 0.699626 0.551060
vt 0.699496 0.552917
vt 0.699449 0.549359
vt 0.699322 0.550820
vt 0.699448 0.551727
vt 0.703672 0.513599
vt 0.704197 0.506570
vt 0.701787 0.563913
vt 0.699673 0.547399
vt 0.699169 0.548149
vt 0.699328 0.545303
vt 0.699630 0.541962
vt 0.699028 0.539298
vt 0.700018 0.545206
vt 0.699421 0.533841
vt 0.698458 0.531024
vt 0.698296 0.537205
vt 0.697574 0.536746
vt 0.698823 0.544120
vt 0.701239 0.561664
vt 0.699363 0.552278
vt 0.699402 0.552838
vt 0.699272 0.551905
vt 0.699127 0.550236
vt 0.702240 0.473759
vt 0.700817 0.468812
vt 0.702842 0.462045
vt 0.699525 0.452792
vt 0.697353 0.458163
vt 0.697669 0.442877
vt 0.698467 0.431985
vt 0.700225 0.439064
vt 0.701015 0.454108
vt 0.701275 0.562971
vt 0.701307 0.561831
vt 0.702377 0.444377
vt 0.703765 0.451247
vt 0.698144 0.545097
vt 0.698798 0.547911
vt 0.701713 0.562060
vt 0.701216 0.562681
vt 0.701368 0.564132
vt 0.703928 0.472545
vt 0.699336 0.552507
vt 0.083093 0.428725
vt 0.082519 0.422181
vt 0.082382 0.430653
vt 0.081932 0.428128
vt 0.081188 0.435869
vt 0.081618 0.435663
vt 0.081326 0.415984
vt 0.080979 0.432114
vt 0.081123 0.423674
vt 0.084160 0.430489
vt 0.083586 0.436501
vt 0.084970 0.435099
vt 0.084729 0.424516
vt 0.083146 0.415973
vt 0.083921 0.420184
vt 0.084412 0.441210
vt 0.083476 0.445691
vt 0.084747 0.451709
vt 0.083374 0.453750
vt 0.085217 0.445577
vt 0.086027 0.449894
vt 0.086627 0.456195
vt 0.086237 0.460339
vt 0.087427 0.459137
vt 0.085786 0.439483
vt 0.086544 0.443639
vt 0.087160 0.437600
vt 0.085683 0.466342
vt 0.086470 0.470593
vt 0.087079 0.474155
vt 0.085026 0.462844
vt 0.086863 0.453816
vt 0.086397 0.433274
vt 0.085639 0.428513
vt 0.084068 0.457930
vt 0.085894 0.476490
vt 0.082165 0.410860
vt 0.082884 0.457436
vt 0.083698 0.409452
vt 0.082845 0.405193
vt 0.082025 0.401167
vt 0.080787 0.401942
vt 0.081253 0.397290
vt 0.083414 0.398886
vt 0.084358 0.401984
vt 0.084928 0.407963
vt 0.084440 0.394678
vt 0.084552 0.413751
vt 0.082522 0.396455
vt 0.082913 0.390173
vt 0.083807 0.392553
vt 0.084387 0.385879
vt 0.083545 0.382241
vt 0.082288 0.384959
vt 0.082706 0.378985
vt 0.085874 0.392039
vt 0.084857 0.395535
vt 0.081748 0.378220
vt 0.084989 0.379660
vt 0.085550 0.385405
vt 0.085059 0.416033
vt 0.080841 0.395211
vt 0.081457 0.394568
vt 0.082608 0.460344
vt 0.081296 0.460923
vt 0.079938 0.462870
vt 0.079934 0.471585
vt 0.080507 0.457526
vt 0.081799 0.454488
vt 0.080978 0.451837
vt 0.082352 0.448444
vt 0.080111 0.454191
vt 0.079247 0.455060
vt 0.081516 0.451653
vt 0.175251 0.383355
vt 0.175178 0.384899
vt 0.175424 0.382673
vt 0.175373 0.383317
vt 0.174781 0.391436
vt 0.175588 0.383370
vt 0.175775 0.380770
vt 0.176069 0.383431
vt 0.176314 0.375326
vt 0.178041 0.380938
vt 0.174993 0.382247
vt 0.175455 0.379243
vt 0.082158 0.435482
vt 0.082551 0.442042
vt 0.082619 0.430682
vt 0.704111 0.477192
vt 0.703868 0.474012
vt 0.703823 0.479622
vt 0.704299 0.481256
vt 0.703991 0.474802
vt 0.704011 0.473922
vt 0.175176 0.412233
vt 0.175203 0.411076
vt 0.175205 0.410883
vt 0.174844 0.413201
vt 0.175359 0.413274
vt 0.175243 0.410276
vt 0.174363 0.408758
vt 0.175120 0.410551
vt 0.173857 0.413638
vt 0.174168 0.420092
vt 0.173491 0.423729
vt 0.177655 0.371914
vt 0.178678 0.368710
vt 0.179018 0.377796
vt 0.179523 0.366803
vt 0.523623 0.746067
vt 0.523178 0.741755
vt 0.522637 0.744817
vt 0.523548 0.740606
vt 0.523890 0.743553
vt 0.523151 0.749368
vt 0.522087 0.738743
vt 0.524140 0.750494
vt 0.523682 0.755244
vt 0.524558 0.757382
vt 0.522822 0.733416
vt 0.522237 0.734573
vt 0.521641 0.736110
vt 0.958283 0.506752
vt 0.172599 0.437583
vt 0.172835 0.440855
vt 0.173229 0.437057
vt 0.172323 0.441654
vt 0.172224 0.440225
vt 0.172798 0.433259
vt 0.172010 0.437041
vt 0.171796 0.442614
vt 0.172411 0.435316
vt 0.175532 0.425707
vt 0.174435 0.427910
vt 0.176684 0.420884
vt 0.176854 0.414677
vt 0.177117 0.401357
vt 0.173644 0.427952
vt 0.173174 0.427431
vt 0.174484 0.430709
vt 0.173730 0.433855
vt 0.175146 0.427905
vt 0.172972 0.431115
vt 0.178716 0.403524
vt 0.175595 0.372837
vt 0.175023 0.373853
vt 0.173981 0.391613
vt 0.174380 0.392807
vt 0.173942 0.386013
vt 0.174657 0.384946
vt 0.173768 0.392367
vt 0.173158 0.392703
vt 0.174005 0.392604
vt 0.172921 0.387585
vt 0.171999 0.386788
vt 0.173045 0.381174
vt 0.172469 0.380705
vt 0.172645 0.381587
vt 0.175010 0.378719
vt 0.174324 0.381392
vt 0.174163 0.377161
vt 0.173720 0.381192
vt 0.174618 0.374645
vt 0.174758 0.373800
vt 0.174775 0.373620
vt 0.175130 0.370472
vt 0.174816 0.372937
vt 0.171992 0.383133
vt 0.173209 0.376544
vt 0.173748 0.377517
vt 0.173732 0.373278
vt 0.174152 0.377937
vt 0.174032 0.374470
vt 0.174313 0.375675
vt 0.067287 0.808075
vt 0.066962 0.806972
vt 0.067116 0.809393
vt 0.629859 0.231465
vt 0.630820 0.225930
vt 0.631902 0.220130
vt 0.632961 0.214504
vt 0.044422 0.515774
vt 0.044453 0.525373
vt 0.611327 0.365993
vt 0.611767 0.362821
vt 0.612276 0.359094
vt 0.614204 0.345275
vt 0.615303 0.337244
vt 0.616102 0.331328
vt 0.616932 0.325233
vt 0.617609 0.320665
vt 0.618403 0.315037
vt 0.619365 0.307988
vt 0.144566 0.462264
vt 0.621150 0.294762
vt 0.622212 0.287183
vt 0.047105 0.663392
vt 0.046969 0.657297
vt 0.046649 0.642290
vt 0.046537 0.637619
vt 0.046397 0.631786
vt 0.045174 0.572214
vt 0.045369 0.580822
vt 0.044943 0.561193
vt 0.045082 0.568155
vt 0.044621 0.546488
vt 0.044468 0.539202
vt 0.044410 0.507810
vt 0.047005 0.506610
vt 0.047556 0.506353
vt 0.636652 0.246118
vt 0.635549 0.235634
vt 0.634672 0.227288
vt 0.640411 0.280957
vt 0.634125 0.222126
vt 0.644297 0.316928
vt 0.642899 0.303947
vt 0.644905 0.322546
vt 0.641865 0.294212
vt 0.646680 0.338722
vt 0.647651 0.347500
vt 0.648507 0.355216
vt 0.650475 0.373481
vt 0.650937 0.377754
vt 0.651468 0.382702
vt 0.653728 0.403557
vt 0.654911 0.414230
vt 0.656149 0.425667
vt 0.658503 0.447233
vt 0.659625 0.457524
vt 0.660202 0.462833
vt 0.661718 0.476484
vt 0.662909 0.487595
vt 0.663706 0.495037
vt 0.664630 0.503665
vt 0.665274 0.509644
vt 0.666049 0.516612
vt 0.667023 0.524857
vt 0.667747 0.531715
vt 0.669496 0.547963
vt 0.633161 0.213428
vt 0.629019 0.235529
vt 0.628340 0.240417
vt 0.627605 0.245892
vt 0.626749 0.252226
vt 0.626050 0.257942
vt 0.624380 0.271098
vt 0.670946 0.560994
vt 0.671280 0.564016
vt 0.673117 0.580995
vt 0.613667 0.349043
vt 0.673593 0.585218
vt 0.045475 0.585508
vt 0.480631 0.446215
vt 0.479105 0.456008
vt 0.481695 0.445978
vt 0.483281 0.445739
vt 0.479463 0.471031
vt 0.483965 0.445430
vt 0.479660 0.479421
vt 0.486140 0.445172
vt 0.479990 0.493538
vt 0.488089 0.445381
vt 0.480376 0.510704
vt 0.491218 0.445739
vt 0.488729 0.445530
vt 0.480509 0.516723
vt 0.489449 0.445698
vt 0.480789 0.528431
vt 0.493637 0.445609
vt 0.481394 0.554937
vt 0.495911 0.445594
vt 0.497767 0.445643
vt 0.498523 0.445534
vt 0.502590 0.445038
vt 0.501080 0.445341
vt 0.504605 0.444645
vt 0.507415 0.443181
vt 0.506063 0.443959
vt 0.508796 0.442699
vt 0.509811 0.442401
vt 0.511515 0.442582
vt 0.515427 0.442697
vt 0.513890 0.442528
vt 0.512295 0.442466
vt 0.516903 0.443365
vt 0.517538 0.443393
vt 0.518199 0.443564
vt 0.519779 0.443462
vt 0.520861 0.443326
vt 0.522113 0.443351
vt 0.523213 0.443579
vt 0.524035 0.443423
vt 0.526943 0.443402
vt 0.529277 0.444158
vt 0.533037 0.444943
vt 0.535358 0.444661
vt 0.538378 0.444328
vt 0.541083 0.444627
vt 0.542917 0.444843
vt 0.543703 0.445264
vt 0.545345 0.445693
vt 0.547453 0.446222
vt 0.548603 0.446180
vt 0.550951 0.446353
vt 0.552615 0.446793
vt 0.554858 0.447113
vt 0.554155 0.447083
vt 0.561202 0.446869
vt 0.559752 0.446651
vt 0.557406 0.446962
vt 0.562270 0.446656
vt 0.563832 0.446369
vt 0.565656 0.445921
vt 0.566594 0.445741
vt 0.568865 0.445694
vt 0.570630 0.445251
vt 0.572040 0.445525
vt 0.572682 0.445392
vt 0.573686 0.445882
vt 0.574532 0.446077
vt 0.576171 0.446826
vt 0.578525 0.446491
vt 0.577606 0.446805
vt 0.152768 0.458039
vt 0.151483 0.458851
vt 0.150255 0.459534
vt 0.148537 0.460402
vt 0.147003 0.461281
vt 0.139781 0.463644
vt 0.138929 0.463980
vt 0.135795 0.465536
vt 0.132328 0.467417
vt 0.133548 0.466755
vt 0.129079 0.468867
vt 0.125878 0.470189
vt 0.123027 0.471425
vt 0.125162 0.470477
vt 0.121114 0.472048
vt 0.114643 0.475126
vt 0.115431 0.474731
vt 0.117302 0.473864
vt 0.048153 0.709485
vt 0.047965 0.700881
vt 0.047728 0.690186
vt 0.047523 0.680970
vt 0.047306 0.672263
vt 0.046303 0.627664
vt 0.046084 0.616915
vt 0.045564 0.589904
vt 0.057518 0.501725
vt 0.055114 0.502854
vt 0.054449 0.503155
vt 0.053596 0.503579
vt 0.051561 0.504529
vt 0.048609 0.505870
vt 0.867641 0.486461
vt 0.866909 0.480627
vt 0.866314 0.475141
vt 0.863929 0.464962
vt 0.865858 0.471294
vt 0.129527 0.737575
vt 0.128584 0.736028
vt 0.127577 0.733540
vt 0.126045 0.729012
vt 0.122154 0.715990
vt 0.120617 0.711043
vt 0.118253 0.704152
vt 0.117396 0.701451
vt 0.113632 0.688484
vt 0.110616 0.679620
vt 0.109410 0.675802
vt 0.106632 0.666845
vt 0.105705 0.663462
vt 0.103114 0.654820
vt 0.102040 0.652005
vt 0.100686 0.648182
vt 0.098535 0.642078
vt 0.097990 0.640335
vt 0.097363 0.637603
vt 0.096383 0.632912
vt 0.094175 0.623238
vt 0.092172 0.617007
vt 0.091620 0.615347
vt 0.090469 0.611386
vt 0.089433 0.607643
vt 0.084762 0.591378
vt 0.082967 0.586479
vt 0.081875 0.583365
vt 0.079205 0.577244
vt 0.080028 0.579504
vt 0.081415 0.583066
vt 0.077330 0.571876
vt 0.076616 0.569319
vt 0.075988 0.566850
vt 0.075314 0.564887
vt 0.072260 0.554829
vt 0.074097 0.560712
vt 0.069021 0.545637
vt 0.067675 0.541730
vt 0.063596 0.526884
vt 0.065436 0.533924
vt 0.063170 0.525392
vt 0.230794 0.105549
vt 0.227087 0.107712
vt 0.225049 0.109211
vt 0.223205 0.110124
vt 0.224175 0.109447
vt 0.220832 0.111066
vt 0.219693 0.112012
vt 0.217528 0.113931
vt 0.216867 0.114495
vt 0.213813 0.117623
vt 0.212527 0.119278
vt 0.209273 0.121169
vt 0.208045 0.121472
vt 0.204658 0.124854
vt 0.202922 0.126402
vt 0.200911 0.127687
vt 0.198475 0.129774
vt 0.400340 0.054507
vt 0.401765 0.048451
vt 0.399316 0.058823
vt 0.397865 0.065315
vt 0.396367 0.072190
vt 0.394006 0.082122
vt 0.388768 0.104358
vt 0.388060 0.107212
vt 0.385820 0.116638
vt 0.384070 0.123931
vt 0.379454 0.144839
vt 0.373749 0.167719
vt 0.372192 0.174492
vt 0.370155 0.184878
vt 0.369522 0.188348
vt 0.563018 0.942600
vt 0.562754 0.924750
vt 0.562684 0.913254
vt 0.562678 0.903929
vt 0.562670 0.898291
vt 0.562683 0.890340
vt 0.562673 0.883930
vt 0.562639 0.878003
vt 0.562627 0.873487
vt 0.562549 0.864792
vt 0.562450 0.852271
vt 0.562376 0.846593
vt 0.562195 0.836405
vt 0.562142 0.830505
vt 0.562001 0.812179
vt 0.562024 0.803934
vt 0.561975 0.796881
vt 0.562005 0.789009
vt 0.562035 0.784523
vt 0.561967 0.777781
vt 0.561970 0.773447
vt 0.561895 0.768303
vt 0.561839 0.764521
vt 0.561541 0.752957
vt 0.561635 0.731565
vt 0.561481 0.723372
vt 0.561172 0.707671
vt 0.560838 0.694373
vt 0.560857 0.683347
vt 0.561046 0.670941
vt 0.560960 0.650060
vt 0.742757 0.601290
vt 0.741684 0.620755
vt 0.743385 0.590229
vt 0.744661 0.567649
vt 0.746258 0.540679
vt 0.740718 0.637189
vt 0.746571 0.535275
vt 0.748078 0.508390
vt 0.748441 0.502003
vt 0.748993 0.492624
vt 0.750304 0.470502
vt 0.739474 0.658905
vt 0.738615 0.674150
vt 0.738148 0.682645
vt 0.737672 0.691117
vt 0.751659 0.447042
vt 0.737050 0.702201
vt 0.752449 0.433989
vt 0.736649 0.709091
vt 0.753142 0.422329
vt 0.736100 0.718491
vt 0.753563 0.414711
vt 0.735472 0.729567
vt 0.754349 0.401153
vt 0.735037 0.737654
vt 0.734371 0.749343
vt 0.755433 0.382561
vt 0.560914 0.639750
vt 0.560808 0.631615
vt 0.560870 0.624130
vt 0.560860 0.619972
vt 0.561016 0.608973
vt 0.561130 0.599793
vt 0.561125 0.595572
vt 0.561144 0.573146
vt 0.561149 0.568463
vt 0.560970 0.551803
vt 0.560881 0.537926
vt 0.560810 0.522185
vt 0.560694 0.503069
vt 0.560601 0.493693
vn 0.269416 0.957389 -0.059132
vn 0.159936 0.986157 -0.028907
vn 0.219428 0.969017 -0.067894
vn 0.206598 0.978313 0.010767
vn 0.155944 0.986157 -0.028551
vn 0.286845 0.951494 -0.082866
vn 0.307882 0.945371 -0.050802
vn 0.211569 0.975765 -0.028263
vn 0.336220 0.932102 -0.107448
vn 0.322338 0.938716 -0.104507
vn 0.187321 0.979412 -0.046901
vn 0.244978 0.963621 -0.073696
vn 0.219996 0.965748 -0.073579
vn 0.296419 0.945210 -0.111245
vn 0.398099 0.912318 -0.025747
vn 0.125684 0.989164 0.007079
vn 0.222012 0.951472 -0.151680
vn 0.211584 0.967281 -0.124988
vn 0.258753 0.940229 -0.093854
vn 0.369152 0.923516 -0.040920
vn 0.227333 0.964767 -0.099593
vn 0.174708 0.977278 -0.053336
vn 0.080289 0.992647 -0.061612
vn 0.234159 0.960430 -0.146692
vn 0.269500 0.942914 0.043549
vn 0.300344 0.946558 -0.034656
vn 0.167106 0.975304 -0.122080
vn 0.047290 0.991203 -0.027053
vn 0.061414 0.995775 -0.011771
vn 0.077807 0.992396 -0.021019
vn 0.298994 0.946495 0.034251
vn 0.209893 0.975975 -0.018653
vn 0.316405 0.944881 -0.011917
vn 0.125969 0.978031 -0.107057
vn 0.143354 0.982758 -0.113750
vn 0.014660 0.994928 -0.004712
vn 0.076137 0.990337 -0.091534
vn 0.094054 0.983384 -0.141280
vn 0.192247 0.975353 -0.106843
vn -0.055769 0.988310 -0.030030
vn 0.112775 0.988276 -0.053568
vn 0.061336 0.993181 -0.061930
vn -0.054564 0.986521 -0.018092
vn 0.151734 0.986920 0.005417
vn 0.284520 0.955957 -0.007326
vn 0.243918 0.966037 -0.047105
vn 0.013696 0.994351 -0.092051
vn 0.116938 0.984336 -0.128663
vn 0.155567 0.981532 -0.101553
vn 0.012790 0.993031 -0.015070
vn 0.141062 0.983788 -0.065063
vn 0.280517 0.957168 -0.036227
vn -0.007468 0.992814 -0.111477
vn 0.063254 0.982833 -0.170751
vn 0.150891 0.983007 -0.093950
vn -0.119427 0.986635 0.055294
vn 0.114917 0.977214 -0.144948
vn 0.131341 0.984780 -0.061480
vn 0.137305 0.985016 -0.035657
vn 0.146311 0.988452 -0.012900
vn 0.162379 0.984092 -0.030517
vn 0.278371 0.949232 -0.076169
vn 0.207457 0.976906 -0.024119
vn 0.017571 0.994708 -0.018616
vn 0.025750 0.984766 -0.170934
vn -0.002928 0.992407 -0.059750
vn 0.056163 0.969091 -0.191429
vn 0.119167 0.983180 -0.059912
vn 0.121939 0.990869 -0.004526
vn 0.045459 0.993302 0.021665
vn 0.270540 0.956091 -0.044388
vn -0.066096 0.946379 -0.083128
vn 0.057223 0.989760 0.057015
vn 0.091871 0.979717 -0.119313
vn 0.226872 0.954491 -0.155229
vn 0.078588 0.984075 -0.134211
vn 0.233167 0.959644 -0.052705
vn 0.085361 0.967062 -0.215917
vn -0.132300 0.879480 -0.130843
vn 0.097133 0.973945 -0.061377
vn 0.186087 0.972086 0.056131
vn 0.137403 0.981852 0.075584
vn 0.023501 0.992474 -0.057516
vn 0.309980 0.927015 -0.136236
vn 0.234255 0.957388 -0.114819
vn 0.098924 0.965614 -0.205361
vn 0.112509 0.989744 0.022183
vn 0.397687 0.903742 0.035874
vn 0.234012 0.964417 -0.099058
vn 0.268704 0.939956 -0.154652
vn 0.223964 0.953451 0.050877
vn 0.106833 0.983686 0.066561
vn 0.024730 0.973395 -0.156248
vn 0.236150 0.950452 -0.003688
vn 0.399156 0.895823 -0.056995
vn 0.372781 0.916155 -0.084541
vn 0.168597 0.852328 -0.290017
vn 0.192228 0.969103 0.133191
vn 0.051849 0.982233 -0.015494
vn 0.267761 0.947881 -0.122621
vn -0.069158 0.967786 -0.182668
vn 0.098650 0.990032 -0.003803
vn 0.216108 0.944000 -0.200193
vn 0.233424 0.933309 -0.155156
vn 0.105869 0.978361 -0.010711
vn 0.118019 0.980289 0.027084
vn 0.247406 0.937166 -0.211593
vn -0.053899 0.957331 -0.097792
vn 0.088086 0.963904 -0.223160
vn 0.257755 0.947325 -0.060414
vn 0.400963 0.904964 -0.062768
vn 0.346155 0.922914 -0.126620
vn 0.054786 0.987901 0.042653
vn 0.300956 0.925989 -0.136015
vn -0.310373 0.927268 0.086742
vn -0.037947 0.981491 -0.074380
vn 0.153853 0.976439 -0.040524
vn -0.001968 0.961248 -0.119244
vn 0.204489 0.938286 0.097358
vn 0.209706 0.941742 -0.208755
vn 0.279261 0.923587 -0.179119
vn 0.168365 0.957210 -0.020646
vn 0.195971 0.930583 -0.290212
vn 0.312205 0.907410 -0.277541
vn 0.050945 0.913529 0.108992
vn -0.347452 0.917491 0.041877
vn 0.163443 0.962463 -0.160257
vn 0.113217 0.988206 -0.022016
vn 0.295335 0.943971 0.010290
vn 0.441918 0.872741 -0.132711
vn -0.197692 0.293690 -0.507881
vn 0.309715 0.941647 0.049831
vn 0.296249 0.945993 -0.068260
vn 0.367972 0.882725 -0.275284
vn -0.160365 0.884337 0.001759
vn 0.109889 0.971864 -0.125274
vn -0.151517 0.967337 -0.107485
vn 0.473944 0.869893 -0.010301
vn -0.320717 0.362799 -0.380222
vn 0.376169 0.892797 0.054092
vn 0.180104 0.938732 -0.240256
vn 0.294043 0.900318 0.010881
vn 0.232516 0.957248 0.014952
vn 0.198309 0.833921 -0.279909
vn 0.174989 0.846571 0.152714
vn 0.236241 0.961837 -0.017910
vn -0.479863 0.844152 -0.110487
vn 0.110799 0.990747 -0.015336
vn 0.514667 0.843961 0.020236
vn 0.495904 0.836880 -0.119204
vn 0.430906 0.816053 -0.315775
vn 0.064988 0.958700 -0.149106
vn 0.158757 0.943062 0.083845
vn 0.202145 0.970830 -0.001523
vn -0.229009 0.713705 0.183142
vn 0.291530 0.910255 -0.179902
vn -0.061580 0.967642 -0.122696
vn -0.290977 0.920157 -0.001248
vn 0.255625 0.944034 0.036979
vn 0.150144 0.948839 -0.173211
vn -0.030895 0.897831 0.315391
vn 0.061436 0.995136 0.019309
vn 0.534962 0.820355 0.033615
vn 0.155313 0.942797 -0.212227
vn -0.112633 0.965657 0.032506
vn -0.571391 0.668775 -0.133861
vn 0.069757 0.985768 0.019578
vn 0.552880 0.811033 0.049379
vn 0.193613 0.940734 -0.050436
vn -0.037071 0.926240 0.239627
vn -0.138600 0.877512 0.215054
vn -0.126434 0.887969 0.391344
vn 0.179985 0.949126 -0.173904
vn 0.071069 0.987052 -0.057224
vn -0.087322 0.987123 -0.002615
vn 0.576514 0.763609 -0.100209
vn 0.478714 0.732976 -0.396474
vn -0.268180 0.914552 -0.036629
vn -0.217777 0.938687 0.165495
vn -0.010777 0.718780 0.208083
vn 0.163557 0.967367 0.018222
vn 0.084432 0.985478 0.097701
vn 0.476344 0.837534 0.080523
vn -0.031619 0.945651 0.198791
vn -0.266490 0.854873 0.440916
vn -0.144543 0.972051 -0.084644
vn 0.407258 0.867776 -0.196870
vn -0.135279 0.862296 0.246288
vn 0.068600 0.141363 -0.524814
vn 0.108060 0.974846 0.162392
vn 0.705600 0.576593 -0.216814
vn 0.087522 0.947524 -0.081285
vn 0.238064 0.942723 0.096115
vn -0.286932 0.956304 0.012920
vn 0.670212 0.465373 -0.242570
vn 0.201953 0.904205 0.165589
vn -0.403437 0.771710 0.412262
vn 0.599920 0.227398 -0.034340
vn 0.334766 0.890374 0.091952
vn 0.146245 0.983165 0.087997
vn 0.216225 0.931784 0.182061
vn 0.817081 0.353607 0.131886
vn -0.301640 0.942998 -0.071753
vn 0.725650 0.286248 0.271088
vn 0.001359 0.508978 0.707545
vn -0.241558 0.554603 0.714678
vn -0.267554 0.726655 0.549727
vn -0.049020 0.317928 0.688096
vn 0.239841 0.952005 0.125560
vn -0.066883 0.955503 -0.122515
vn -0.381019 0.918741 -0.064945
vn -0.266936 0.941928 -0.186823
vn 0.384789 0.375022 0.586525
vn -0.229836 0.782227 0.531620
vn 0.615490 0.725374 0.197659
vn 0.152086 0.972825 0.127272
vn 0.199157 0.973015 0.022854
vn 0.140126 0.898104 -0.205140
vn 0.463640 0.323232 0.613514
vn 0.154827 0.626676 0.689535
vn 0.028597 0.741885 0.613778
vn -0.207953 0.897825 0.314607
vn -0.273942 0.841750 0.231730
vn 0.359014 0.914772 0.089576
vn 0.095670 0.983197 0.118609
vn 0.608291 0.741432 -0.035608
vn 0.000609 0.884975 0.454979
vn 0.408767 0.829075 0.314510
vn 0.261534 0.910549 0.304836
vn 0.108249 0.978777 0.145511
vn 0.128681 0.971850 0.098597
vn -0.297047 0.870268 -0.344057
vn 0.453003 0.756160 -0.045549
vn 0.217029 0.818258 0.498837
vn 0.133133 0.845580 0.500972
vn -0.038426 0.940988 0.281064
vn 0.089207 0.955402 0.229833
vn -0.172669 0.868073 -0.383976
vn 0.794760 0.532218 0.245607
vn 0.146211 0.847125 0.491214
vn 0.058313 0.929445 0.343947
vn -0.043454 0.983073 0.036262
vn -0.405532 0.772587 -0.472935
vn 0.049336 0.970138 -0.177194
vn 0.791696 0.264420 0.401081
vn 0.087655 0.960644 0.235009
vn 0.017011 0.964685 -0.085050
vn -0.033925 0.967177 0.224027
vn 0.017670 0.917263 0.390698
vn -0.145299 0.875843 -0.351363
vn 0.216984 0.944487 0.007513
vn 0.623516 0.414412 0.421655
vn 0.071118 0.989120 0.015393
vn -0.016510 0.991169 0.107551
vn 0.032681 0.926697 0.364978
vn 0.344422 0.171465 0.811813
vn 0.123151 0.988716 -0.014226
vn 0.005461 0.927576 0.360888
vn 0.010191 0.980771 0.160357
vn 0.020322 0.954358 0.294579
vn 0.000872 0.929593 0.362233
vn 0.094567 0.956619 0.000507
vn 0.129180 0.471948 0.616608
vn -0.055346 0.992136 0.081013
vn -0.057677 0.989690 0.085203
vn -0.244276 0.230464 0.941920
vn 0.052515 0.935009 0.327576
vn 0.049960 0.916944 0.391204
vn -0.009903 0.997887 0.018735
vn 0.020084 0.961731 0.259853
vn -0.204564 0.434294 0.785289
vn -0.046290 0.995729 0.038154
vn 0.037698 0.948533 0.288584
vn 0.011484 0.988282 0.088170
vn 0.057962 0.953987 0.263945
vn 0.017795 0.993180 0.078487
vn 0.046122 0.997325 0.035816
vn 0.041240 0.986976 0.146183
vn 0.072961 0.927293 0.363318
vn 0.019795 0.997785 0.013395
vn 0.045098 0.964397 0.238019
vn 0.068797 0.968040 0.217651
vn 0.058008 0.995036 0.026529
vn 0.092831 0.923363 0.358237
vn 0.001521 0.994588 0.076133
vn 0.015490 0.953613 0.283721
vn 0.005883 0.996815 0.066938
vn 0.069233 0.991541 -0.003396
vn 0.077771 0.975889 0.152908
vn 0.078590 0.993573 0.032929
vn 0.070175 0.990900 0.058786
vn 0.049744 0.898171 0.408757
vn 0.047056 0.895622 0.394831
vn -0.026953 0.995139 0.031576
vn -0.003026 0.981281 0.185294
vn -0.013337 0.994643 0.086350
vn 0.028017 0.981823 0.116928
vn 0.012154 0.893236 0.430248
vn 0.012591 0.970105 0.228124
vn -0.013716 0.919737 0.358908
vn -0.068643 0.989493 0.118325
vn -0.039285 0.983873 0.029790
vn -0.057006 0.994244 0.084913
vn -0.016494 0.992452 0.092600
vn 0.004709 0.997307 -0.010810
vn 0.026963 0.896419 0.437017
vn -0.019942 0.967608 0.216084
vn -0.019989 0.983128 0.134204
vn -0.008231 0.991362 0.112653
vn -0.044507 0.994916 -0.020087
vn 0.035836 0.943592 0.275049
vn -0.059364 0.995088 0.053650
vn 0.021749 0.997224 0.053655
vn 0.009264 0.996139 0.048380
vn 0.004080 0.912937 0.373295
vn 0.021664 0.930336 0.301079
vn 0.023128 0.995255 0.061696
vn -0.010156 0.999021 -0.002872
vn 0.002110 0.981927 0.113903
vn 0.005442 0.921382 0.353875
vn 0.053545 0.994705 0.074442
vn -0.034251 0.923783 0.369043
vn 0.006777 0.980184 0.117577
vn 0.049649 0.932067 0.348091
vn -0.022823 0.960478 0.206556
vn -0.051950 0.990933 0.014275
vn 0.104460 0.961450 0.076243
vn -0.045498 0.917075 0.356718
vn 0.275391 0.892215 0.269160
vn -0.004400 0.945955 0.302538
vn 0.004633 0.882824 0.456062
vn -0.188468 0.966097 0.045999
vn 0.382241 0.843373 0.377471
vn 0.136589 0.845549 0.460785
vn -0.069018 0.884404 0.430850
vn -0.281175 0.933526 0.129344
vn 0.210153 0.912544 0.283849
vn 0.320750 0.821719 0.340815
vn -0.032568 0.971040 -0.015187
vn 0.157395 0.715354 0.642475
vn 0.131918 0.848475 0.470669
vn 0.036518 0.989738 -0.132119
vn 0.206708 0.941814 0.091473
vn 0.249289 0.516090 0.678042
vn 0.094034 0.970136 0.063608
vn 0.137445 0.946287 0.257350
vn 0.305307 0.894548 0.148306
vn 0.103275 0.695841 0.610833
vn 0.116020 0.860933 0.463363
vn 0.034522 0.996076 -0.057268
vn 0.238781 0.950561 -0.010146
vn 0.243092 0.906569 0.094070
vn 0.102531 0.592297 0.671693
vn 0.117238 0.931787 0.268378
vn 0.092987 0.977204 0.004913
vn -0.050484 0.560904 0.781277
vn 0.022397 0.986065 0.110957
vn 0.014125 0.979441 -0.057107
vn -0.010194 0.862821 0.379566
vn 0.155764 0.637850 0.725686
vn 0.079546 0.871387 0.435048
vn 0.129516 0.939886 0.294593
vn -0.225106 0.953050 0.013418
vn -0.293741 0.823802 0.279062
vn -0.195774 0.700350 0.643813
vn -0.004891 0.952853 0.254602
vn -0.305590 0.937653 -0.035703
vn -0.371831 0.902272 0.084045
vn -0.389811 0.815724 0.297510
vn -0.111100 0.877784 0.390083
vn -0.031057 0.933594 0.344241
vn -0.018407 0.930090 0.328800
vn -0.223495 0.923865 0.285923
vn -0.270249 0.939084 0.111630
vn -0.199780 0.880505 0.310948
vn 0.035770 0.932419 0.342018
vn -0.214468 0.939989 0.199356
vn -0.084962 0.957294 0.158697
vn 0.011007 0.967410 0.229585
vn 0.088528 0.937822 0.321749
vn -0.113536 0.980286 0.010303
vn -0.006207 0.983345 -0.001942
vn 0.024479 0.969320 0.160764
vn 0.090439 0.967539 0.199106
vn 0.287360 0.841377 0.184732
vn 0.299101 0.792961 -0.150627
vn 0.461423 0.599108 0.454601
vn 0.757361 0.314837 0.440060
vn 0.141858 0.954151 -0.090201
vn 0.183804 0.962798 0.129141
vn 0.017726 0.965209 0.201064
vn 0.169663 0.950322 -0.011447
vn 0.052353 0.959276 0.063203
vn 0.035746 0.984498 0.149976
vn 0.360475 0.864023 -0.273506
vn 0.134355 0.976049 0.062029
vn -0.012696 0.977513 0.163766
vn 0.142279 0.890293 -0.242994
vn -0.005215 0.989447 -0.011103
vn 0.005249 0.940663 -0.167954
vn -0.075203 0.978426 0.092341
vn 0.009283 0.991217 0.123613
vn -0.307930 0.921442 -0.033964
vn 0.014967 0.991824 0.102250
vn 0.053324 0.988074 0.130353
vn -0.025232 0.839063 -0.490768
vn -0.076079 0.991307 0.087290
vn -0.095777 0.945209 -0.190920
vn -0.063343 0.987956 0.086001
vn 0.045384 0.987876 0.128170
vn 0.115126 0.865620 -0.466631
vn -0.186350 0.973182 0.046593
vn -0.028653 0.993955 0.090558
vn -0.145121 0.954816 -0.222462
vn 0.044864 0.976665 0.028361
vn 0.091274 0.987985 0.002527
vn 0.135317 0.979433 0.114643
vn -0.040146 0.973519 0.011705
vn 0.062702 0.979283 -0.100125
vn 0.055677 0.995443 0.047928
vn 0.132600 0.982488 0.103669
vn 0.087060 0.981162 -0.065080
vn -0.000750 0.982444 -0.081606
vn 0.167332 0.977331 -0.022053
vn 0.278209 0.940532 0.131613
vn 0.179596 0.928152 -0.097499
vn 0.169673 0.984752 0.025017
vn 0.282225 0.940519 0.121162
vn -0.117681 0.987402 -0.079679
vn 0.471997 0.853086 0.106795
vn 0.217962 0.974120 0.048254
vn -0.158517 0.984574 -0.067853
vn -0.083969 0.991026 -0.053988
vn 0.437430 0.823639 0.339390
vn 0.231639 0.943655 0.182834
vn 0.020894 0.869865 -0.400227
vn 0.484631 0.838881 0.108899
vn 0.073876 0.987281 0.035404
vn 0.462982 0.655558 0.102460
vn 0.465673 0.742598 0.397355
vn 0.382470 0.835988 0.377339
vn 0.089023 0.986426 0.042250
vn 0.301934 0.815874 0.457101
vn 0.238483 0.953893 0.097455
vn 0.116712 0.984267 -0.012674
vn 0.349404 0.639498 0.578318
vn 0.128073 0.829045 0.509100
vn 0.319391 0.892881 0.267393
vn 0.259966 0.839076 0.447826
vn 0.454371 0.476898 0.673877
vn -0.052891 0.870717 0.472831
vn 0.294829 0.952855 0.038916
vn 0.055757 0.892521 0.410190
vn 0.219093 0.967824 0.071451
vn -0.024553 0.846138 0.523011
vn 0.104959 0.733384 0.586870
vn 0.005839 0.851768 0.503660
vn 0.221846 0.943195 0.196716
vn 0.163309 0.971274 0.167848
vn 0.332204 0.383337 0.520781
vn -0.066973 0.877688 0.451231
vn 0.184517 0.970466 0.135481
vn -0.057329 0.915842 0.372316
vn 0.906691 0.255886 0.092619
vn 0.088308 0.783095 0.611930
vn 0.043258 0.945932 0.304458
vn 0.028606 0.979374 0.168024
vn 0.055907 0.976791 0.185309
vn -0.047303 0.909342 0.404135
vn 0.601539 -0.203241 0.489440
vn 0.088220 0.877904 0.394077
vn 0.084389 0.841971 0.506147
vn 0.012145 0.891662 0.416335
vn 0.023588 0.980370 0.151032
vn 0.074171 0.932145 0.346982
vn 0.021108 0.970594 0.138379
vn 0.391310 0.220792 0.494508
vn -0.026083 0.946816 0.270827
vn 0.041815 0.786631 0.612234
vn -0.030909 0.949772 0.288091
vn -0.015072 0.946124 0.313949
vn -0.034971 0.985245 0.161721
vn -0.087111 0.974030 0.154161
vn 0.577339 -0.108370 0.443253
vn 0.049489 0.931811 0.352346
vn -0.001838 0.838009 0.532976
vn 0.046830 0.852601 0.511270
vn -0.045308 0.934395 0.328309
vn -0.038121 0.967390 0.235879
vn 0.099458 0.810118 0.455918
vn -0.162907 0.960800 0.184547
vn -0.042661 0.880997 0.458500
vn 0.032770 0.959545 0.197800
vn -0.078848 0.951176 0.289742
vn 0.374862 0.002721 0.640734
vn 0.127169 0.806606 0.420987
vn 0.346353 0.544231 0.530988
vn -0.119101 0.961814 0.187661
vn -0.089773 0.952657 0.238831
vn -0.022463 0.946115 0.279146
vn 0.582070 -0.044733 0.512658
vn -0.194437 0.977521 0.008914
vn 0.329548 0.368627 0.553743
vn -0.084289 0.993840 0.053448
vn -0.009961 0.894546 0.352522
vn -0.066779 0.860094 0.358198
vn 0.327239 0.804076 -0.405995
vn 0.173153 0.659985 0.020665
vn 0.488951 0.479203 0.139539
vn 0.130570 0.259436 0.920049
vn -0.063359 0.992600 -0.050616
vn -0.049560 0.994666 0.077203
vn -0.096261 0.994807 -0.005420
vn -0.018746 0.996700 0.026003
vn -0.067497 0.995698 0.004796
vn -0.034620 0.997448 -0.033194
vn -0.030244 0.997231 -0.019707
vn 0.025887 0.995674 -0.047789
vn -0.080587 0.994466 -0.046234
vn 0.000358 0.995663 -0.035432
vn -0.055894 0.994321 -0.021239
vn 0.007057 0.996794 -0.030118
vn 0.024582 0.996633 -0.053787
vn -0.051151 0.995646 -0.053639
vn -0.121274 0.989958 0.025886
vn -0.022992 0.998111 -0.015548
vn -0.039941 0.996189 -0.054759
vn -0.005136 0.996118 -0.059296
vn -0.078206 0.992899 0.064207
vn 0.197876 0.978676 -0.037861
vn -0.194269 0.976366 0.025981
vn -0.185110 0.971865 -0.077566
vn -0.042691 0.993755 0.100148
vn -0.079514 0.989350 0.106045
vn 0.024224 0.995466 -0.001185
vn -0.076244 0.988113 -0.000585
vn -0.066621 0.993251 0.055589
vn -0.056413 0.996747 -0.026715
vn -0.023963 0.996190 -0.027560
vn -0.201645 0.961902 -0.045824
vn -0.185961 0.954570 -0.119449
vn -0.055481 0.977036 -0.107843
vn -0.047475 0.993826 -0.083918
vn 0.009104 0.989710 0.005630
vn -0.041633 0.994451 0.050325
vn -0.000141 0.952419 -0.081663
vn 0.034028 0.995293 -0.027705
vn 0.016732 0.994696 0.004348
vn -0.154315 0.938262 -0.233879
vn 0.023152 0.991766 0.060627
vn 0.161247 0.804690 -0.483306
vn 0.111183 0.969980 -0.143988
vn -0.023737 0.996944 -0.016313
vn 0.021496 0.943671 -0.253851
vn -0.016961 0.939018 -0.172098
vn 0.180374 0.912973 -0.311567
vn 0.193814 0.915349 -0.193381
vn 0.214607 0.961529 -0.062594
vn -0.022262 0.996773 -0.039638
vn 0.214591 0.947932 -0.209944
vn 0.362532 0.866548 -0.289058
vn 0.518003 0.485240 -0.604828
vn 0.347306 0.914789 -0.173728
vn 0.139047 0.983721 -0.051370
vn -0.025874 0.997556 -0.034555
vn -0.014305 0.920814 -0.341704
vn 0.437099 0.561462 -0.430896
vn 0.475494 0.778331 -0.298864
vn 0.474535 0.861156 -0.151834
vn 0.305988 0.929539 -0.108674
vn 0.149762 0.986614 0.003751
vn 0.020904 0.995634 0.019379
vn 0.185065 0.652026 -0.466731
vn 0.443640 0.868781 -0.203739
vn 0.371298 0.896377 -0.222821
vn 0.609339 0.576840 -0.398914
vn 0.423637 0.827144 -0.292721
vn 0.017170 0.996477 0.002392
vn 0.129621 0.984561 0.075796
vn 0.222418 0.966595 0.066091
vn 0.332111 0.923779 -0.121402
vn 0.416672 0.877598 -0.097493
vn 0.465211 0.826737 -0.281899
vn 0.300601 0.910830 -0.083367
vn -0.004657 0.997356 0.052442
vn 0.261330 0.953504 -0.108123
vn 0.203526 0.939590 -0.135259
vn 0.559565 0.628209 -0.381031
vn 0.354230 0.826766 -0.145261
vn 0.057472 0.994987 0.057032
vn 0.274633 0.955635 0.020319
vn 0.081237 0.980783 -0.004743
vn 0.173366 0.963245 -0.144700
vn 0.100427 0.971500 -0.124408
vn 0.194563 0.967743 -0.116069
vn 0.415463 0.800422 -0.386504
vn 0.088137 0.991204 0.031188
vn 0.199914 0.943281 -0.232350
vn 0.133474 0.973609 -0.008020
vn 0.190926 0.971972 -0.005102
vn -0.018120 0.988223 -0.105977
vn 0.767397 0.303360 -0.431736
vn 0.499123 0.742427 -0.198026
vn 0.123376 0.982559 -0.102935
vn 0.031681 0.995867 -0.036440
vn -0.022182 0.988922 -0.051018
vn -0.023210 0.936545 -0.312238
vn -0.129572 0.950467 -0.220102
vn -0.055258 0.979345 -0.049374
vn 0.822778 0.210651 -0.320406
vn 0.327365 0.871891 -0.081276
vn 0.136282 0.980678 -0.080493
vn 0.133072 0.985057 0.019775
vn -0.075070 0.971751 0.050850
vn 0.183028 0.974978 0.104038
vn 0.011614 0.981764 0.138334
vn 0.850874 0.346755 -0.168001
vn 0.089802 0.988558 -0.078731
vn 0.175668 0.968712 -0.024940
vn -0.013849 0.995807 0.061584
vn -0.111632 0.984409 0.095198
vn 0.027387 0.723152 -0.578733
vn 0.096474 0.906904 -0.359289
vn -0.045273 0.983733 0.161286
vn 0.013145 0.983047 0.158325
vn 0.731883 0.529794 0.100189
vn 0.801273 0.552494 -0.144664
vn 0.238151 0.947412 -0.085441
vn 0.279175 0.939744 -0.102889
vn -0.171008 0.976565 0.115821
vn -0.038045 0.967557 -0.074547
vn -0.085622 0.966498 0.104167
vn 0.630182 0.749968 0.117651
vn 0.783796 0.468860 -0.002115
vn 0.738159 0.646770 -0.106590
vn 0.064138 0.994635 0.024096
vn 0.166049 0.973969 -0.087332
vn 0.466913 0.851822 -0.151395
vn -0.115224 0.976606 0.161594
vn 0.380622 0.655845 -0.415746
vn -0.013497 0.883864 -0.350019
vn -0.056296 0.976449 0.160782
vn 0.066272 0.967304 0.100249
vn -0.007681 0.926840 0.036573
vn 0.504558 0.830596 0.170829
vn 0.622455 0.688990 0.011828
vn 0.118280 0.986706 0.021756
vn 0.401164 0.899018 -0.054895
vn 0.189238 0.975077 0.028557
vn -0.154728 0.972007 0.163595
vn 0.519167 0.480352 -0.384083
vn -0.177816 0.920531 -0.220307
vn 0.333914 0.884601 -0.117648
vn 0.321411 0.872092 -0.167625
vn 0.060027 0.977801 0.142383
vn 0.059815 0.982199 0.129516
vn 0.548838 0.821469 -0.059867
vn 0.542001 0.792690 0.096107
vn 0.002829 0.998693 0.012106
vn -0.001279 0.992923 0.092384
vn 0.741833 0.669287 0.041704
vn -0.270185 0.826874 -0.485902
vn -0.038208 0.979282 0.003723
vn 0.072899 0.952659 0.001634
vn 0.354051 0.911853 -0.000994
vn 0.610013 0.513358 -0.283364
vn 0.307352 0.944815 0.030533
vn 0.186098 0.948873 0.177987
vn 0.264959 0.908255 0.143937
vn 0.106807 0.990057 0.015268
vn 0.357843 0.924086 0.040043
vn -0.222361 0.897607 -0.343135
vn 0.585014 0.734174 -0.117082
vn 0.238328 0.959505 0.084990
vn 0.141001 0.985295 0.072740
vn 0.472553 0.869750 0.103428
vn 0.387257 0.887727 0.155316
vn 0.004235 0.996895 -0.007277
vn 0.280081 0.954320 -0.024632
vn 0.194012 0.980873 -0.015713
vn 0.250121 0.869127 0.296427
vn 0.401813 0.908885 0.066583
vn 0.588962 0.525017 0.155952
vn 0.047999 0.982528 0.158718
vn 0.074516 0.992754 -0.065943
vn 0.225394 0.963163 -0.114494
vn 0.329198 0.912729 0.167247
vn 0.302174 0.944067 -0.112961
vn -0.041541 0.924897 0.272091
vn 0.220424 0.937765 0.116525
vn 0.640569 0.392886 0.157846
vn 0.211248 0.919999 0.235243
vn 0.140416 0.971196 0.134179
vn 0.114025 0.954193 0.237213
vn 0.037761 0.980670 -0.182176
vn 0.270582 0.950003 -0.013714
vn -0.136443 0.841789 0.447761
vn 0.886758 -0.061553 -0.441232
vn 0.241496 0.884127 0.080791
vn 0.099713 0.947192 0.214338
vn 0.176001 0.967267 0.092701
vn -0.013812 0.973633 0.215138
vn -0.032416 0.978196 0.204080
vn 0.088033 0.976995 -0.176834
vn 0.093599 0.981805 -0.143118
vn 0.237115 0.964201 -0.076301
vn 0.194122 0.963134 -0.159912
vn 0.156115 0.967940 0.129751
vn 0.320607 0.935712 -0.101858
vn -0.354863 0.802527 0.437916
vn -0.130888 0.923420 0.297067
vn 0.722487 0.291982 -0.137340
vn 0.193256 0.702510 0.518482
vn -0.145788 0.912940 0.346771
vn 0.019880 0.965358 0.243831
vn 0.030741 0.978237 0.155503
vn 0.047042 0.976162 -0.209198
vn 0.238686 0.959495 -0.088265
vn 0.113645 0.990024 0.007988
vn -0.505710 0.742565 0.424061
vn -0.352550 0.865328 0.330770
vn 0.820856 -0.133904 -0.551594
vn 0.277372 0.698990 0.555220
vn -0.061540 0.959444 0.271300
vn -0.007568 0.987384 0.130018
vn 0.159123 0.981327 -0.081599
vn 0.078171 0.983417 -0.148836
vn 0.275740 0.957457 -0.054509
vn 0.147037 0.979745 -0.055501
vn 0.843603 -0.027386 -0.463801
vn 0.224617 0.866127 0.107452
vn -0.064901 0.799067 0.589030
vn 0.098377 0.988906 -0.106735
vn 0.061781 0.988031 -0.138607
vn 0.231547 0.963180 -0.106424
vn 0.387825 0.835101 -0.120635
vn 0.144776 0.896357 0.236583
vn 0.255592 0.962668 -0.087182
vn 0.188709 0.975208 -0.066678
vn 0.236098 0.966993 -0.061067
vn 0.624300 0.701417 0.017050
vn 0.273315 0.958833 -0.050518
vn 0.177324 0.979194 -0.076182
vn 0.506991 0.803592 0.150468
vn 0.174809 0.979826 -0.079503
vn 0.629069 0.695680 0.279221
vn 0.429711 0.859997 0.271353
vn 0.217031 0.973148 -0.037043
vn 0.189073 0.978593 -0.066518
vn 0.146113 0.984169 -0.068366
vn 0.129987 0.989588 -0.053780
vn 0.184374 0.975237 -0.096955
vn 0.092379 0.989892 -0.101037
vn 0.235109 0.966297 -0.104823
vn 0.113885 0.991847 -0.039096
vn 0.138668 0.986241 -0.052871
vn 0.138459 0.989599 -0.016233
vn 0.119535 0.992439 -0.021009
vn 0.175841 0.983314 0.032589
vn 0.226996 0.971298 -0.005830
vn 0.186454 0.981392 0.009567
vn 0.256428 0.960157 -0.052656
vn 0.236915 0.962458 -0.063855
vn 0.318202 0.943199 -0.082984
vn 0.196419 0.959540 -0.111952
vn 0.200144 0.961775 -0.129560
vn 0.049872 0.991003 -0.006047
vn 0.068479 0.991820 0.071718
vn -0.015885 0.999842 0.003127
vn -0.184030 0.931846 -0.116378
vn -0.338364 0.905367 0.140111
vn -0.419158 0.744209 0.354181
vn -0.536170 0.774689 0.178110
vn -0.344235 0.876070 0.034871
vn -0.162427 0.674025 0.006894
vn -0.463969 0.783924 -0.105406
vn 0.006458 0.712233 -0.086899
vn -0.059449 0.704765 -0.245183
vn 0.215582 0.721785 -0.118920
vn -0.193385 0.539875 -0.326744
vn -0.066810 0.607287 -0.628184
vn -0.116915 0.747604 0.615105
vn 0.037844 0.990694 -0.115596
vn -0.008384 0.997244 -0.045704
vn 0.027864 0.991459 -0.117935
vn 0.035490 0.996628 -0.023642
vn 0.027734 0.997832 -0.026024
vn 0.028704 0.986542 -0.154888
vn 0.008049 0.997534 -0.011286
vn 0.074774 0.990199 -0.077435
vn 0.060134 0.993775 -0.034926
vn 0.055893 0.996842 -0.001409
vn 0.090806 0.986050 -0.136716
vn -0.021477 0.998239 -0.008749
vn 0.076482 0.996828 -0.005241
vn 0.048770 0.995262 -0.054094
vn 0.162682 0.978972 -0.089473
vn 0.057774 0.994382 -0.077029
vn 0.047110 0.996164 -0.048718
vn 0.020409 0.997874 0.001935
vn 0.074725 0.990501 -0.035833
vn 0.087584 0.990102 -0.106362
vn 0.037945 0.992055 -0.043987
vn 0.176373 0.975691 -0.113148
vn 0.074807 0.987756 -0.131381
vn -0.012768 0.998658 -0.039483
vn 0.094117 0.984467 -0.141976
vn 0.084099 0.988864 -0.109061
vn -0.056060 0.995543 0.018428
vn 0.140863 0.984139 -0.022176
vn 0.113116 0.980827 -0.149857
vn 0.036361 0.991956 -0.099738
vn 0.056857 0.992859 0.006324
vn 0.150381 0.986420 0.043875
vn 0.136112 0.975246 -0.149470
vn -0.054312 0.993293 0.069237
vn -0.028289 0.997395 -0.014454
vn 0.123219 0.989550 0.003873
vn 0.054729 0.986789 -0.142449
vn 0.020995 0.981449 -0.174088
vn 0.087465 0.979244 -0.128282
vn 0.056793 0.993868 -0.003288
vn -0.075838 0.994990 0.048813
vn 0.071835 0.984142 -0.154375
vn -0.052443 0.987183 -0.106249
vn 0.130067 0.989513 -0.053343
vn -0.070938 0.994497 0.038740
vn -0.015787 0.995954 -0.038108
vn 0.014716 0.981563 -0.186151
vn -0.066712 0.983536 -0.160592
vn -0.199471 0.968785 -0.106274
vn -0.232015 0.964177 -0.074326
vn -0.089655 0.989447 0.094482
vn -0.078740 0.996268 0.008352
vn 0.024017 0.984616 -0.161159
vn -0.172844 0.975966 -0.096702
vn -0.053000 0.982112 -0.118875
vn -0.074979 0.991417 0.088193
vn -0.032640 0.993874 -0.050521
vn -0.044415 0.985188 -0.142978
vn -0.197004 0.969782 -0.111783
vn -0.250655 0.963818 -0.059564
vn -0.082077 0.981463 0.170324
vn -0.259576 0.962220 -0.070047
vn -0.319068 0.946263 -0.038998
vn -0.191673 0.978513 -0.020120
vn -0.104963 0.981893 0.147719
vn -0.062497 0.984234 0.162841
vn -0.016236 0.996260 -0.013569
vn -0.043127 0.992054 -0.081011
vn -0.118259 0.981072 -0.132386
vn -0.217555 0.973896 -0.053416
vn -0.253643 0.964134 -0.061576
vn -0.324622 0.942482 -0.001515
vn -0.258965 0.964790 -0.022171
vn -0.081258 0.988752 -0.037327
vn -0.102908 0.984942 0.121523
vn -0.101181 0.986013 0.120854
vn -0.042495 0.995946 0.070340
vn -0.132793 0.986204 -0.063122
vn -0.162478 0.984542 -0.049963
vn -0.216862 0.971030 -0.090019
vn -0.311344 0.947766 -0.004230
vn -0.156880 0.982235 -0.013382
vn -0.328168 0.938836 0.021278
vn -0.137279 0.972205 0.161861
vn -0.025434 0.985479 0.144563
vn 0.031880 0.987911 -0.121189
vn 0.021476 0.991803 0.106115
vn -0.077416 0.996285 -0.037605
vn -0.074083 0.993040 -0.035226
vn -0.213694 0.975593 -0.027708
vn -0.323944 0.939923 0.078631
vn -0.249905 0.965467 0.032941
vn 0.056952 0.978255 -0.102058
vn -0.165314 0.963522 0.200484
vn -0.136126 0.985016 0.085859
vn -0.129093 0.984362 0.096694
vn -0.040045 0.990397 0.099697
vn -0.014536 0.994864 0.017198
vn -0.037604 0.997027 -0.031975
vn -0.084412 0.994615 -0.023098
vn -0.178888 0.961932 -0.168387
vn -0.313317 0.944582 0.073494
vn -0.121486 0.973611 0.186286
vn -0.233706 0.950349 0.171923
vn -0.131214 0.975331 0.153839
vn 0.029921 0.986758 0.141478
vn -0.083731 0.995707 -0.035434
vn 0.028802 0.992423 0.105172
vn -0.087775 0.994818 -0.050818
vn -0.048658 0.996652 -0.027066
vn 0.027974 0.998388 -0.011571
vn -0.428637 0.882643 -0.119907
vn -0.375623 0.924562 -0.008303
vn -0.170629 0.951808 0.250998
vn -0.172578 0.966991 0.152741
vn -0.118050 0.972762 0.186081
vn -0.014123 0.996007 0.058540
vn 0.008189 0.993731 0.065135
vn 0.028096 0.991220 0.125932
vn -0.022929 0.988178 0.139208
vn -0.003949 0.999524 -0.010728
vn -0.319542 0.942844 0.055673
vn -0.438370 0.862292 -0.159285
vn 0.041294 0.865585 0.102310
vn -0.233936 0.933345 -0.068907
vn 0.007382 0.994039 0.087737
vn 0.095739 0.993364 0.014715
vn 0.049964 0.997586 0.001433
vn -0.036338 0.996686 0.054812
vn -0.420276 0.900224 0.023911
vn -0.567817 0.812462 -0.102205
vn 0.174338 0.845841 -0.089184
vn -0.251327 0.838981 -0.267554
vn 0.065025 0.993603 0.051058
vn -0.028243 0.993977 0.056861
vn -0.047309 0.992842 0.107264
vn 0.116145 0.991994 0.033561
vn 0.087543 0.994545 0.021238
vn -0.001818 0.995274 0.068221
vn -0.591347 0.777316 -0.185400
vn -0.380471 0.909466 0.001049
vn 0.747949 0.349342 -0.346674
vn -0.120045 0.574063 -0.681673
vn 0.078601 0.996047 0.041374
vn 0.027489 0.995650 0.034941
vn -0.044481 0.997168 0.014662
vn -0.100486 0.975529 0.172716
vn 0.112253 0.992978 0.003441
vn 0.112879 0.988412 0.066101
vn -0.042366 0.994551 0.095131
vn -0.422162 0.874995 -0.175860
vn -0.592930 0.759514 -0.254474
vn -0.294632 0.949024 -0.049488
vn 0.338298 0.346617 -0.502772
vn -0.197955 0.348946 -0.783200
vn 0.119864 0.991160 0.036894
vn -0.073333 0.992650 0.025097
vn -0.149929 0.946449 0.283532
vn 0.099874 0.994671 0.007836
vn 0.080155 0.994588 0.057806
vn 0.116579 0.992640 -0.017098
vn 0.058075 0.975538 0.194091
vn -0.013682 0.989838 0.131853
vn 0.484046 -0.030075 -0.742129
vn 0.092161 0.993074 0.057369
vn -0.033486 0.998682 -0.029526
vn -0.132207 0.960749 0.226143
vn 0.089058 0.994617 0.033861
vn 0.082374 0.994994 0.040313
vn 0.107117 0.992291 0.014169
vn 0.061033 0.948859 0.295183
vn 0.006021 0.963539 0.245731
vn 0.071677 0.995178 -0.030462
vn -0.018648 0.988067 0.067404
vn -0.143078 0.934252 0.325127
vn 0.066605 0.996976 0.024263
vn 0.088684 0.995159 0.007725
vn 0.106124 0.992879 0.006653
vn 0.070256 0.981137 0.133581
vn 0.106839 0.992126 0.033993
vn -0.182565 0.951663 0.220535
vn -0.184867 0.926005 0.324854
vn 0.084286 0.995078 0.033124
vn 0.110121 0.993540 -0.018477
vn 0.106351 0.992920 0.008961
vn -0.010003 0.930049 0.361441
vn 0.004167 0.939147 0.333147
vn 0.042613 0.995585 -0.005036
vn 0.074731 0.992967 -0.070680
vn 0.116231 0.990608 0.069326
vn -0.085098 0.986697 0.105465
vn -0.203521 0.927269 0.307127
vn 0.094243 0.994159 0.024734
vn 0.095916 0.992864 0.022299
vn 0.065860 0.996412 0.038060
vn 0.016140 0.982678 0.130823
vn 0.094668 0.988307 -0.097458
vn 0.098197 0.992144 0.032854
vn -0.254041 0.946036 0.145579
vn 0.083853 0.993991 0.053570
vn 0.121361 0.992458 -0.011793
vn 0.028868 0.996844 0.031059
vn -0.092161 0.944871 0.282145
vn 0.002182 0.998530 0.011628
vn 0.050040 0.997155 -0.025693
vn 0.057767 0.992391 -0.082466
vn -0.171006 0.972188 0.123819
vn -0.324526 0.914063 0.214536
vn 0.069962 0.994723 0.047595
vn 0.089372 0.995613 -0.001347
vn 0.096518 0.994391 0.003140
vn -0.001695 0.996413 0.052355
vn -0.051182 0.995878 0.041652
vn 0.070766 0.990121 -0.092235
vn 0.031368 0.996097 -0.078918
vn 0.036602 0.998293 -0.009102
vn -0.362223 0.895430 0.254838
vn -0.005370 0.996947 0.011759
vn 0.022507 0.997719 0.034495
vn 0.005129 0.998267 -0.026660
vn 0.139784 0.985853 -0.064346
vn -0.028454 0.996021 -0.000610
vn 0.015884 0.992673 0.048836
vn -0.024835 0.997377 0.064391
vn 0.141311 0.985151 -0.009417
vn 0.045006 0.998794 -0.005222
vn 0.029883 0.997910 0.032505
vn 0.139966 0.984842 -0.019561
vn 0.069285 0.997071 0.027087
vn 0.057884 0.995061 -0.044038
vn 0.029726 0.994723 0.007226
vn 0.042912 0.997270 -0.036241
vn 0.084771 0.995880 0.011504
vn 0.020370 0.995641 -0.031319
vn -0.013335 0.996625 0.051423
vn 0.081060 0.994529 0.029299
vn 0.118370 0.991379 -0.037895
vn 0.119745 0.990958 0.008684
vn 0.057845 -0.009499 -0.676861
vn 0.468612 -0.541120 -0.010510
vn 0.140222 0.041495 -0.271762
vn 0.564460 -0.000000 -0.008956
vn 0.123433 0.718205 -0.228809
vn 0.052660 0.857716 -0.000836
vn -0.811668 0.197130 -0.100306
vn -0.923613 -0.200556 -0.010172
vn 0.260918 0.841545 0.272563
vn 0.117999 0.947952 0.280715
vn -0.000248 0.962267 0.266875
vn 0.320834 0.212952 0.058344
vn 0.463964 0.220481 -0.095799
vn 0.208012 0.908726 0.042014
vn 0.184761 -0.688852 -0.700961
vn -0.717679 -0.323195 -0.372920
vn 0.338547 0.740849 -0.478757
vn 0.318676 0.779242 -0.393292
vn 0.069708 0.985712 -0.153337
vn 0.418895 0.178435 -0.700713
vn 0.110941 0.109025 -0.675861
vn -0.619291 0.397086 0.034230
vn -0.173968 0.962380 0.116143
vn -0.106378 0.973181 0.146190
vn -0.650858 0.000000 -0.037524
vn -0.919943 -0.212951 0.069621
vn -0.990198 -0.064505 0.123880
vn -0.403402 0.398226 0.568414
vn 0.175541 0.607698 0.698991
vn 0.014500 -0.001257 0.999894
vn -0.198987 0.639165 0.598460
vn -0.724623 0.223564 0.360139
vn -0.864231 0.134013 0.125984
vn -0.671446 0.544721 0.141779
vn -0.794423 -0.126557 0.164099
vn -0.721305 0.406490 0.004384
vn -0.533022 0.801953 0.157568
vn -0.646051 -0.011335 0.525342
vn -0.816129 -0.381284 0.022987
vn -0.508765 0.565200 0.618148
vn -0.368487 0.883709 0.066343
vn -0.829278 0.270027 0.078714
vn -0.636814 -0.657511 0.399464
vn -0.530558 0.338432 0.515807
vn -0.439849 0.858703 0.158930
vn -0.857914 0.102738 0.159770
vn -0.296486 0.732698 0.596066
vn -0.187871 0.931015 0.248157
vn -0.644628 -0.299788 0.293109
vn -0.407362 0.640802 0.637751
vn -0.174425 0.966162 0.080878
vn -0.491349 0.064221 0.604227
vn -0.119390 0.978235 0.139499
vn -0.050115 0.998209 -0.024778
vn -0.117947 0.990009 0.021232
vn 0.096100 0.992627 -0.069611
vn 0.075270 0.992411 -0.083541
vn 0.089346 0.988368 -0.110036
vn 0.034507 0.992215 -0.107214
vn 0.034955 0.996675 -0.055751
vn 0.003454 0.997414 -0.057174
vn 0.023006 0.985993 -0.159772
vn 0.137678 0.985809 -0.030564
vn -0.040189 0.995194 -0.079870
vn -0.001836 0.993040 -0.108185
vn 0.013764 0.986669 -0.135832
vn 0.171104 0.981413 -0.036262
vn 0.061340 0.991021 0.027804
vn -0.005600 0.997269 -0.071343
vn -0.010010 0.993470 -0.107530
vn -0.028937 0.981038 -0.184048
vn 0.104379 0.988007 -0.012058
vn -0.020587 0.996496 -0.023077
vn -0.042271 0.978488 -0.192778
vn 0.021471 0.992917 0.061774
vn 0.122093 0.987061 0.093739
vn -0.052429 0.994353 -0.084553
vn 0.009709 0.995675 -0.085670
vn -0.028343 0.981740 -0.173175
vn -0.085856 0.990552 -0.076219
vn 0.034301 0.992945 -0.031055
vn -0.063778 0.987089 -0.141003
vn -0.006204 0.987135 -0.140797
vn -0.094396 0.982599 -0.155820
vn -0.111998 0.990352 0.023007
vn 0.083373 0.992116 0.028027
vn -0.072614 0.982892 -0.158089
vn -0.027585 0.987623 -0.150136
vn 0.008397 0.994854 -0.078645
vn -0.017291 0.991153 -0.102562
vn -0.107513 0.988347 -0.053612
vn -0.097453 0.993096 0.030778
vn -0.013758 0.997121 0.046501
vn -0.088586 0.973859 -0.201305
vn -0.063655 0.983716 -0.164126
vn -0.024591 0.992309 -0.077104
vn -0.114640 0.980163 -0.160446
vn -0.071387 0.981245 -0.172327
vn -0.062113 0.976548 -0.198206
vn -0.025370 0.997368 -0.034188
vn -0.098244 0.994441 -0.009058
vn -0.043811 0.997809 0.027525
vn -0.071719 0.996383 0.022659
vn -0.067340 0.981623 -0.166726
vn -0.085410 0.960762 -0.260509
vn -0.081204 0.996616 0.005318
vn -0.092385 0.995033 0.015129
vn -0.100128 0.991786 -0.069414
vn -0.022558 0.980427 -0.179693
vn -0.074334 0.963242 -0.254932
vn -0.071326 0.985223 -0.145181
vn -0.062176 0.997881 -0.005569
vn -0.053560 0.997899 -0.022351
vn -0.110356 0.990169 -0.075293
vn -0.119481 0.983343 -0.125756
vn 0.031250 0.993545 -0.109052
vn -0.095191 0.975416 -0.196453
vn -0.073727 0.996707 0.000606
vn -0.035668 0.998106 -0.004889
vn -0.107909 0.983304 -0.141577
vn -0.052486 0.980624 -0.172527
vn -0.097353 0.979656 -0.173286
vn -0.107869 0.973869 -0.196766
vn -0.041220 0.998492 -0.017974
vn -0.032983 0.994401 -0.080548
vn -0.089654 0.986763 -0.116661
vn -0.127323 0.974854 -0.179390
vn 0.000839 0.992211 -0.118653
vn -0.092117 0.979219 -0.175607
vn -0.119487 0.976813 -0.177136
vn -0.062560 0.994648 0.004507
vn 0.011148 0.998293 -0.024751
vn 0.028093 0.997806 -0.048145
vn -0.092907 0.983423 -0.112497
vn -0.000141 0.997191 -0.041589
vn -0.084273 0.970106 -0.213322
vn -0.100059 0.984279 -0.133224
vn 0.007980 0.990821 -0.118870
vn -0.004403 0.988434 -0.126384
vn -0.026400 0.978583 -0.190191
vn -0.085799 0.974754 -0.196067
vn -0.125957 0.979256 -0.157282
vn -0.138336 0.986206 -0.009522
vn 0.061008 0.988966 -0.116771
vn -0.110855 0.972524 -0.167312
vn 0.069158 0.963669 -0.251874
vn -0.065605 0.979948 -0.157004
vn -0.085628 0.987489 -0.099637
vn -0.061096 0.992783 0.088742
vn -0.013536 0.987021 0.075110
vn 0.049327 0.972632 -0.205441
vn -0.167453 0.953402 -0.245454
vn 0.010039 0.969409 -0.239239
vn -0.107209 0.986302 0.050607
vn 0.023535 0.990240 0.114615
vn -0.111295 0.972490 -0.146584
vn -0.134752 0.959527 -0.202048
vn -0.142944 0.972697 -0.123361
vn 0.088742 0.971546 -0.211271
vn 0.060694 0.990215 -0.079555
vn -0.100424 0.988335 0.001932
vn -0.160404 0.949519 0.196700
vn 0.032888 0.996760 0.061482
vn 0.110409 0.984375 0.032661
vn 0.069503 0.959976 -0.259815
vn -0.085854 0.969225 -0.148457
vn -0.113988 0.977659 -0.118190
vn -0.053313 0.955101 -0.282615
vn -0.104689 0.975386 0.115739
vn -0.206108 0.924742 0.288949
vn 0.148375 0.979184 0.066557
vn -0.143099 0.968891 -0.149104
vn -0.126318 0.966567 -0.151168
vn -0.199455 0.942894 -0.212354
vn 0.063918 0.983758 -0.148434
vn 0.112654 0.983232 -0.054590
vn 0.127724 0.967127 0.149119
vn -0.140613 0.906541 0.336686
vn 0.058534 0.996440 -0.005054
vn 0.261073 0.950658 -0.054053
vn -0.160259 0.902510 -0.361542
vn 0.237339 0.911961 -0.224508
vn -0.237683 0.937975 -0.195072
vn 0.025346 0.975636 -0.175266
vn 0.052469 0.958062 0.248695
vn -0.095593 0.945035 0.270710
vn 0.141403 0.986472 -0.033693
vn 0.295128 0.951349 -0.013449
vn -0.091478 0.887106 -0.399709
vn 0.003219 0.878642 -0.440980
vn 0.007753 0.989150 -0.120678
vn 0.073274 0.983273 -0.056016
vn 0.204784 0.941352 0.233393
vn -0.008378 0.979626 0.194352
vn 0.075709 0.994571 -0.051989
vn 0.185248 0.965598 -0.104568
vn -0.184436 0.824587 -0.504800
vn 0.378552 0.883232 -0.233029
vn 0.232678 0.818180 -0.502543
vn 0.092991 0.980794 -0.136915
vn -0.003558 0.868485 -0.457708
vn 0.144249 0.943540 0.230874
vn 0.048776 0.997502 -0.050707
vn 0.102379 0.991350 -0.067636
vn 0.135295 0.984304 -0.081684
vn 0.294481 0.929864 -0.174725
vn 0.381343 0.829365 -0.390957
vn 0.164061 0.958873 0.020556
vn 0.086239 0.974094 -0.193050
vn 0.082244 0.977144 -0.188195
vn 0.044386 0.969461 -0.229514
vn 0.256695 0.910846 0.318942
vn 0.044251 0.981024 0.151916
vn 0.080789 0.993401 -0.072825
vn 0.083185 0.990993 -0.086431
vn 0.046793 0.982107 -0.169587
vn 0.096002 0.958985 -0.222607
vn 0.139928 0.911311 -0.331631
vn 0.167430 0.922030 0.258770
vn 0.047967 0.986151 0.017528
vn 0.042905 0.995101 -0.076806
vn 0.035892 0.993004 -0.092350
vn 0.052981 0.989478 -0.129924
vn 0.208535 0.953921 -0.145565
vn 0.135811 0.956696 -0.237899
vn 0.082885 0.970779 -0.217370
vn 0.034396 0.977359 -0.205783
vn 0.343931 0.904335 0.189796
vn 0.027654 0.997543 -0.061409
vn 0.004254 0.988409 -0.147456
vn 0.011944 0.980724 -0.193319
vn 0.113085 0.948782 -0.280766
vn 0.034728 0.968185 -0.245039
vn 0.063785 0.956353 -0.268731
vn 0.019937 0.973473 -0.225800
vn -0.011766 0.996308 -0.077712
vn 0.091541 0.927415 -0.337313
vn 0.130748 0.933466 -0.325212
vn 0.030005 0.979291 -0.184355
vn 0.010355 0.967081 -0.235538
vn 0.022121 0.976311 -0.215188
vn -0.047210 0.996010 -0.075004
vn 0.017446 0.996675 -0.076336
vn 0.023857 0.987984 -0.114884
vn 0.018798 0.985973 -0.154473
vn 0.025217 0.947811 -0.266925
vn 0.259616 0.921444 -0.017873
vn -0.015161 0.973589 -0.227462
vn -0.014035 0.981405 -0.187390
vn 0.000889 0.933530 -0.355400
vn -0.010545 0.978647 -0.203465
vn -0.034516 0.993833 -0.102271
vn -0.019180 0.993115 -0.112642
vn 0.009295 0.992991 -0.115040
vn -0.010548 0.981372 -0.188913
vn -0.003479 0.978539 -0.204041
vn 0.146817 0.917872 0.141817
vn -0.003419 0.943555 -0.174669
vn 0.084859 0.956241 -0.234140
vn 0.013734 0.929456 -0.365951
vn 0.012406 0.991214 -0.127973
vn 0.035347 0.990782 -0.127703
vn -0.004853 0.979985 -0.197042
vn 0.028504 0.985236 -0.165157
vn -0.029824 0.855613 -0.513079
vn 0.106081 0.745580 0.378830
vn 0.375563 0.748669 0.431370
vn -0.021300 0.967153 -0.229494
vn 0.033462 0.961637 -0.167937
vn 0.006076 0.910367 -0.403972
vn -0.017991 0.978702 -0.203142
vn -0.010222 0.991900 -0.124352
vn -0.006166 0.975726 -0.213472
vn -0.013279 0.987992 -0.150062
vn -0.032496 0.981222 -0.189879
vn -0.020362 0.928435 0.222634
vn -0.048940 0.934596 -0.169055
vn 0.311395 0.620299 0.516705
vn 0.154008 0.779192 0.567443
vn 0.032235 0.953236 -0.261621
vn -0.036157 0.980379 -0.193725
vn -0.018362 0.983798 -0.173888
vn 0.003254 0.991357 -0.128155
vn -0.001265 0.979344 -0.196656
vn 0.042909 0.854795 0.506004
vn 0.072582 0.771138 0.429447
vn 0.138447 0.404964 0.901465
vn 0.237247 0.467882 0.840633
vn -0.113741 0.933910 -0.203476
vn 0.107788 0.929382 -0.334438
vn 0.073099 0.956530 0.105667
vn 0.019270 0.981411 -0.171868
vn 0.031921 0.970567 -0.232044
vn 0.006088 0.977652 -0.204200
vn -0.015152 0.720270 0.659451
vn -0.059013 0.717286 0.446761
vn 0.066636 0.387032 0.911463
vn -0.319397 0.777091 -0.481559
vn -0.052836 0.864322 -0.448960
vn 0.146352 0.947017 -0.085674
vn -0.006761 0.983109 -0.171510
vn 0.040204 0.969271 -0.241079
vn 0.039055 0.972291 -0.230483
vn 0.077019 0.457394 0.826044
vn -0.407000 0.521038 0.045478
vn 0.157944 0.943005 -0.263278
vn 0.119743 0.564600 0.723059
vn 0.041633 0.970586 -0.235437
vn -0.009383 0.985277 0.040312
vn 0.144757 0.560877 0.799220
vn 0.034325 0.245963 0.963983
vn -0.620345 0.348854 -0.409458
vn 0.019147 0.952900 -0.208451
vn 0.102650 0.980963 -0.105823
vn -0.424203 0.763241 -0.198585
vn 0.104425 0.945634 0.148599
vn -0.999055 0.023297 -0.017871
vn -0.055327 0.873334 0.203207
vn -0.749834 -0.070852 -0.094672
vn -0.831460 -0.362649 -0.113859
vn -0.770921 0.192736 0.282928
vn -0.348087 0.596255 0.467235
vn -0.790069 -0.505371 0.292048
vn -0.143974 0.512209 0.841357
vn -0.422681 0.226178 0.777502
vn -0.131954 0.985030 -0.031811
vn -0.382405 0.730880 -0.114098
vn -0.484342 0.494371 -0.431274
vn -0.846051 0.054034 0.041437
vn -0.429032 0.081364 0.424219
vn -0.641471 -0.580319 0.416919
vn -0.889694 -0.366139 0.272739
vn -0.513008 -0.023712 0.481132
vn -0.388139 -0.465480 0.698030
vn -0.063776 0.995327 0.028216
vn -0.104496 0.987063 0.119841
vn -0.124189 0.966812 0.126364
vn -0.084376 0.986588 0.139730
vn -0.732969 0.179845 0.269607
vn -0.908240 -0.160841 0.167189
vn -0.625861 0.663012 0.232899
vn -0.336803 0.835840 -0.004739
vn -0.255786 0.851224 0.028622
vn -0.043769 0.975965 0.200008
vn -0.048448 0.977934 0.192801
vn 0.005552 0.981671 0.190504
vn -0.204298 0.978006 0.023218
vn -0.225397 0.972255 0.029268
vn -0.208058 0.976227 0.040283
vn -0.196692 0.979192 0.028466
vn -0.284780 0.956315 0.050656
vn -0.228759 0.968852 0.055960
vn -0.187277 0.981130 0.045710
vn -0.181837 0.982087 0.014328
vn -0.216863 0.970228 0.071603
vn -0.258009 0.963849 0.015588
vn -0.181301 0.980318 0.029078
vn -0.177260 0.981542 0.055158
vn -0.207563 0.975995 0.043725
vn -0.198051 0.979198 0.013835
vn -0.214357 0.975554 0.007846
vn -0.230552 0.970857 0.026753
vn -0.261521 0.962024 0.031875
vn -0.169959 0.982671 -0.011586
vn -0.303727 0.946840 0.096495
vn -0.267238 0.956715 0.078329
vn -0.194996 0.977889 0.059901
vn -0.270413 0.954513 0.116917
vn -0.179228 0.981251 0.045967
vn -0.182109 0.980925 -0.001635
vn -0.177123 0.981850 0.026545
vn -0.136652 0.989310 -0.008637
vn -0.182376 0.980411 0.035472
vn -0.256467 0.963003 0.009424
vn -0.143466 0.985211 -0.075688
vn -0.215134 0.975151 -0.036949
vn -0.189148 0.976414 0.062080
vn -0.250736 0.967078 0.021231
vn -0.146582 0.985527 0.050990
vn -0.174547 0.980942 -0.007997
vn -0.201479 0.971082 0.105380
vn -0.227766 0.969726 0.068357
vn -0.254534 0.963552 0.013500
vn -0.120033 0.987890 0.073281
vn -0.102216 0.989632 -0.057051
vn -0.194567 0.977064 -0.014435
vn -0.265222 0.961052 0.057648
vn -0.200085 0.973176 0.079537
vn -0.118708 0.990876 -0.044856
vn -0.119326 0.992299 -0.020159
vn -0.211521 0.971966 0.018811
vn -0.098817 0.986859 -0.109594
vn -0.186566 0.968715 0.134835
vn -0.195795 0.978103 -0.017488
vn -0.256919 0.964735 0.031294
vn -0.130562 0.990967 0.003501
vn -0.178100 0.979544 -0.036864
vn -0.118678 0.980364 0.155748
vn -0.079089 0.994474 0.006624
vn -0.119188 0.991207 0.020924
vn -0.267180 0.959872 0.039860
vn -0.095115 0.989563 -0.027168
vn -0.181085 0.969597 0.149544
vn -0.055319 0.987601 -0.013369
vn -0.088329 0.990579 -0.047928
vn -0.284776 0.952123 0.104379
vn -0.170390 0.983150 -0.049750
vn -0.162258 0.981599 -0.019438
vn -0.150554 0.979534 0.100728
vn -0.138280 0.983835 0.088197
vn -0.029206 0.996407 -0.011607
vn -0.282529 0.955668 0.051889
vn -0.133850 0.972406 0.160686
vn -0.148503 0.983415 -0.019592
vn -0.050165 0.994583 0.008768
vn -0.218828 0.971030 0.073648
vn -0.230279 0.952842 0.185117
vn -0.103702 0.992029 0.055223
vn -0.169547 0.982587 -0.018197
vn -0.032176 0.996142 -0.014353
vn -0.220343 0.968085 0.001002
vn -0.151213 0.978389 0.120580
vn 0.015624 0.998136 0.012586
vn -0.081479 0.992141 0.024514
vn -0.024455 0.998827 -0.022104
vn -0.302254 0.949533 0.060258
vn -0.182654 0.981806 0.028498
vn -0.139415 0.974272 0.146421
vn -0.016217 0.993033 -0.084266
vn -0.020025 0.989255 -0.139802
vn -0.057440 0.988742 -0.069629
vn -0.177825 0.957593 0.204972
vn -0.168207 0.976146 0.117882
vn -0.198634 0.977521 -0.067504
vn -0.150811 0.984719 -0.031223
vn -0.069995 0.994528 -0.023048
vn -0.201109 0.974252 -0.085784
vn -0.125583 0.971750 0.177869
vn 0.085617 0.994955 -0.012090
vn 0.003493 0.997288 -0.049255
vn -0.242083 0.964776 0.063201
vn -0.182091 0.978944 -0.006765
vn -0.036190 0.980806 0.145739
vn -0.012309 0.988772 0.122354
vn -0.030289 0.994363 -0.006552
vn -0.091973 0.984499 -0.103711
vn -0.113558 0.978383 0.142034
vn -0.151150 0.961125 0.222607
vn -0.149489 0.985207 -0.017081
vn -0.105643 0.974452 0.127797
vn -0.164783 0.982899 -0.023474
vn -0.138647 0.985000 -0.029747
vn -0.115071 0.983076 0.096332
vn -0.091330 0.988851 0.073487
vn -0.039485 0.992444 0.024492
vn 0.035245 0.996215 -0.038307
vn -0.313343 0.941649 0.087689
vn -0.343802 0.932020 0.074322
vn -0.196459 0.978434 -0.011448
vn -0.089843 0.953540 0.217635
vn -0.123800 0.986946 -0.076956
vn -0.090567 0.988007 0.071589
vn -0.076763 0.972939 0.210948
vn -0.019900 0.993195 0.068985
vn -0.107891 0.992821 -0.040346
vn -0.154602 0.982780 -0.065618
vn -0.243278 0.966713 0.035327
vn -0.078724 0.992832 0.002838
vn 0.046986 0.996451 -0.022473
vn 0.035526 0.994779 -0.007665
vn -0.139026 0.983723 0.051892
vn 0.011626 0.997328 0.047510
vn -0.044889 0.995444 0.020525
vn -0.140874 0.984152 -0.061627
vn -0.108982 0.983350 -0.082830
vn -0.020846 0.967188 0.241678
vn -0.072664 0.975917 0.197872
vn -0.067085 0.988502 0.022417
vn -0.070593 0.991063 -0.066578
vn -0.013130 0.997480 0.044150
vn -0.164771 0.982357 -0.047369
vn -0.104837 0.990506 -0.047236
vn -0.279792 0.958685 0.001629
vn -0.078891 0.993369 0.052649
vn 0.064709 0.988891 0.058931
vn 0.034044 0.997009 -0.013369
vn -0.072787 0.995594 -0.016815
vn -0.267535 0.948093 0.074524
vn -0.147463 0.981422 0.042264
vn -0.048814 0.993116 0.012971
vn -0.007342 0.995575 0.074653
vn -0.008113 0.974430 0.179330
vn -0.137471 0.988690 0.032089
vn -0.031919 0.980023 0.194308
vn -0.018927 0.983046 -0.052292
vn -0.056598 0.977102 -0.145629
vn 0.016779 0.988810 -0.036002
vn -0.301539 0.948543 -0.076132
vn -0.109687 0.992054 -0.045316
vn -0.121313 0.991929 -0.028113
vn -0.256807 0.962941 -0.002159
vn -0.036970 0.979846 0.159432
vn 0.059761 0.996537 -0.049722
vn -0.074679 0.996131 -0.018509
vn -0.086613 0.993627 -0.013106
vn -0.035220 0.995884 0.048990
vn -0.048091 0.985604 -0.014251
vn -0.158564 0.986992 0.012789
vn 0.022938 0.975792 0.192763
vn -0.045034 0.984408 0.170040
vn 0.000612 0.972454 -0.101726
vn -0.003138 0.980872 -0.010512
vn -0.285694 0.952435 -0.059971
vn -0.174154 0.983829 -0.029705
vn -0.248515 0.944005 0.160924
vn -0.241289 0.967143 0.012912
vn -0.011128 0.984562 0.018586
vn 0.017873 0.994591 0.035141
vn 0.081034 0.985778 0.021190
vn 0.053304 0.997263 -0.034924
vn 0.027960 0.997827 -0.023432
vn -0.068566 0.996557 -0.010149
vn -0.146522 0.986681 -0.030051
vn -0.137024 0.989389 0.026423
vn -0.006746 0.984946 0.166142
vn -0.187002 0.947904 0.124724
vn -0.368034 0.867355 0.136204
vn 0.124328 0.984780 -0.060988
vn -0.288400 0.949903 -0.089567
vn -0.222677 0.967983 -0.080293
vn -0.317952 0.938558 0.104968
vn -0.227967 0.966776 -0.076975
vn -0.175966 0.981703 -0.058803
vn 0.190133 0.950045 -0.180338
vn 0.043219 0.968559 0.184475
vn -0.019530 0.970023 0.195268
vn -0.028841 0.999336 -0.009339
vn -0.020360 0.999711 -0.012748
vn -0.154985 0.987011 0.035077
vn -0.087093 0.989392 -0.019569
vn -0.093850 0.988796 0.027687
vn -0.025914 0.974069 0.158114
vn -0.142173 0.988996 0.012189
vn -0.148565 0.987877 0.027477
vn -0.002843 0.974643 0.194380
vn -0.345313 0.815924 0.380142
vn 0.074576 0.970324 -0.029183
vn -0.114972 0.990305 -0.056399
vn -0.404462 0.892140 0.168265
vn -0.492478 0.837040 0.166655
vn -0.187474 0.976136 -0.088950
vn -0.314428 0.946265 -0.008371
vn 0.100197 0.963738 -0.133804
vn -0.045540 0.984612 -0.107922
vn 0.082164 0.996595 0.006857
vn -0.033647 0.998956 -0.014420
vn -0.151153 0.987505 0.030546
vn -0.122144 0.991843 0.007666
vn -0.074452 0.994626 0.029671
vn -0.073753 0.995708 0.007589
vn -0.063857 0.976290 0.193291
vn -0.393107 0.846521 0.282080
vn -0.171783 0.975367 -0.131833
vn -0.159658 0.974386 -0.151843
vn -0.176728 0.979181 -0.085713
vn -0.368691 0.920103 0.019298
vn -0.133842 0.979558 -0.115333
vn -0.135822 0.987080 -0.076745
vn -0.170556 0.823038 0.341449
vn 0.176565 0.935892 -0.115004
vn -0.041428 0.972574 0.132631
vn -0.361995 0.885723 0.017600
vn -0.087720 0.995658 0.005935
vn -0.080084 0.995661 0.030270
vn -0.028376 0.965992 0.213796
vn -0.079541 0.978927 0.129060
vn -0.124393 0.977693 0.153991
vn -0.060022 0.979274 0.190348
vn -0.501723 0.837309 0.112081
vn -0.313813 0.873798 0.254605
vn -0.096149 0.993227 -0.018144
vn -0.560035 0.815788 0.089800
vn -0.107112 0.985729 -0.098627
vn -0.129138 0.986626 -0.094590
vn -0.397475 0.833994 0.012033
vn -0.222307 0.944326 0.150376
vn -0.288422 0.920306 -0.081445
vn -0.079053 0.975311 -0.194935
vn -0.236624 0.919468 -0.038883
vn -0.085228 0.995551 0.024073
vn -0.116110 0.985011 -0.000953
vn -0.066306 0.986330 0.113852
vn -0.061527 0.976075 0.189702
vn -0.095555 0.994762 0.010395
vn -0.012681 0.998732 0.009010
vn -0.098371 0.975955 0.174285
vn -0.082865 0.972877 0.213589
vn -0.093838 0.993604 0.006655
vn -0.422900 0.751100 0.417658
vn -0.132900 0.984250 -0.071340
vn -0.057301 0.982148 -0.153311
vn -0.099523 0.984713 -0.109705
vn -0.044440 0.970641 -0.230340
vn -0.147975 0.986973 -0.035948
vn -0.321355 0.939992 -0.041898
vn -0.002356 0.972163 -0.229744
vn -0.091309 0.990431 -0.096833
vn -0.442344 0.825535 -0.087820
vn -0.031480 0.985424 -0.135135
vn -0.604398 0.575712 -0.198749
vn -0.409876 0.885506 -0.046617
vn -0.052933 0.997403 -0.005376
vn -0.052069 0.997996 -0.027533
vn -0.089006 0.980364 0.174140
vn -0.122345 0.987211 -0.048084
vn -0.177994 0.963149 -0.023567
vn -0.433792 0.462433 0.678288
vn -0.056605 0.993332 -0.077197
vn -0.365166 0.718317 0.416836
vn -0.835180 0.339687 0.049503
vn -0.567627 0.368043 0.146794
vn -0.043450 0.996129 -0.062273
vn -0.023269 0.997709 -0.053014
vn -0.037619 0.983939 0.152634
vn -0.012601 0.997649 0.026240
vn -0.280631 0.917303 0.066424
vn -0.056809 0.984804 0.136508
vn -0.042524 0.995762 0.065364
vn -0.045852 0.979147 0.192867
vn -0.098564 0.990231 -0.084277
vn -0.085122 0.993806 -0.059410
vn -0.197268 0.959107 -0.110312
vn -0.566446 0.638171 0.108156
vn -0.052580 0.983574 -0.145196
vn -0.027963 0.994618 -0.082206
vn 0.048696 0.977250 -0.189180
vn -0.063018 0.996301 -0.052101
vn -0.791057 0.383253 0.262700
vn -0.385332 0.711900 -0.450629
vn -0.371429 0.786493 0.089978
vn -0.056215 0.970585 0.233765
vn -0.045884 0.997356 -0.046043
vn -0.533826 0.144652 0.339520
vn -0.017218 0.998534 -0.004214
vn -0.049083 0.981711 0.165460
vn -0.073915 0.985427 0.127228
vn -0.034833 0.981860 0.182643
vn -0.058094 0.974293 -0.201023
vn 0.085918 0.972338 -0.213991
vn -0.074649 0.993716 -0.005412
vn -0.652411 0.569969 -0.029866
vn -0.938399 0.038724 0.071510
vn -0.177820 0.960293 0.086646
vn -0.516980 0.554641 -0.616324
vn -0.660591 0.443938 -0.226956
vn -0.083814 0.991901 -0.007712
vn -0.121845 0.986761 -0.028322
vn -0.012988 0.995882 0.055500
vn -0.072753 0.981789 0.145605
vn -0.386378 -0.083008 0.681931
vn -0.017714 0.980433 0.191361
vn -0.040919 0.979226 0.192226
vn -0.070119 0.986706 0.142610
vn -0.279674 0.941673 -0.122828
vn -0.130340 0.976676 -0.165815
vn -0.062454 0.993737 -0.072387
vn -0.088263 0.988782 -0.104271
vn -0.067067 0.979370 -0.164531
vn 0.104444 0.973049 -0.203825
vn -0.371604 0.076421 0.535844
vn -0.207896 -0.121732 0.565567
vn -0.736221 0.101483 0.150503
vn -0.106252 0.988175 -0.000818
vn -0.193367 0.973109 0.000119
vn -0.006957 0.998182 0.020165
vn -0.426055 -0.032966 0.782050
vn -0.110073 0.981495 0.146605
vn -0.054711 0.977557 0.195738
vn -0.021970 0.982268 0.185159
vn -0.028658 0.990655 0.126315
vn -0.025107 0.985062 -0.157882
vn 0.006437 0.980104 -0.180883
vn 0.096286 0.982065 -0.158118
vn 0.089127 0.975896 -0.196712
vn -0.213071 0.968298 0.084404
vn -0.420380 0.783214 0.089228
vn -0.422060 0.826021 -0.356412
vn -0.479155 0.838542 -0.065462
vn -0.223632 0.966465 0.055297
vn -0.024058 0.997327 -0.015804
vn -0.073311 0.995546 0.032306
vn -0.015197 0.997577 0.011813
vn -0.662086 -0.584913 0.324471
vn -0.395212 0.048978 0.806837
vn -0.076855 0.975089 0.200225
vn -0.050176 0.974800 0.211508
vn -0.237368 0.914190 0.137945
vn -0.015840 0.991582 -0.114996
vn -0.033570 0.997788 -0.032833
vn 0.021526 0.990643 -0.123180
vn 0.055646 0.985867 -0.151120
vn 0.071945 0.987286 -0.134712
vn -0.066615 0.989745 0.095287
vn -0.516703 0.754256 0.123997
vn -0.129673 0.986168 0.068220
vn -0.088061 0.985597 0.115295
vn -0.771724 0.242259 0.386484
vn -0.344440 0.731481 0.333018
vn -0.114866 0.966320 0.203808
vn -0.066311 0.973969 0.202092
vn -0.022751 0.991567 0.118542
vn -0.000584 0.995315 -0.068824
vn -0.038154 0.996555 0.029799
vn -0.049385 0.993652 0.083040
vn 0.034663 0.984881 -0.157602
vn 0.062427 0.984913 -0.156191
vn 0.074131 0.990767 -0.112272
vn -0.056054 0.987893 0.115347
vn -0.101538 0.248605 0.664391
vn -0.029051 0.979160 -0.112407
vn -0.725939 -0.118992 0.262271
vn -0.277924 0.951627 0.031178
vn -0.085815 0.994656 0.056101
vn -0.292222 0.946336 0.080992
vn 0.060219 0.997391 -0.038718
vn -0.043975 0.997226 -0.035730
vn -0.094223 0.990617 0.033358
vn -0.625505 0.525491 0.360274
vn -0.132903 0.955339 0.251586
vn -0.053402 0.975385 0.208382
vn -0.034506 0.986109 0.159043
vn -0.040353 0.995548 0.084924
vn 0.033816 0.994198 -0.088433
vn -0.003798 0.995598 -0.057762
vn 0.038473 0.995194 -0.062503
vn -0.038694 0.994429 0.087881
vn -0.096983 0.979819 0.087608
vn -0.314146 0.946380 -0.004439
vn -0.203175 0.970734 0.078629
vn -0.126810 0.984701 0.091601
vn -0.105701 0.976564 -0.013072
vn -0.062269 0.997674 -0.000081
vn -0.162594 0.956306 0.163099
vn -0.084520 0.976753 0.190311
vn -0.058722 0.980045 0.182959
vn -0.017730 0.995057 0.094642
vn -0.017735 0.996414 0.081473
vn -0.008131 0.997798 0.029877
vn -0.081633 0.991622 0.090339
vn 0.023874 0.995505 -0.064667
vn -0.005907 0.988385 0.114706
vn -0.057750 0.994493 0.075313
vn 0.025690 0.963736 -0.130933
vn -0.143506 0.975045 0.074442
vn -0.052988 0.978858 0.187893
vn -0.028439 0.991246 0.124200
vn -0.023194 0.995641 0.088595
vn -0.011319 0.997878 -0.025458
vn 0.028464 0.999268 -0.001546
vn -0.103983 0.983554 0.111037
vn 0.042507 0.986852 0.082526
vn -0.047831 0.994666 0.076545
vn 0.225675 0.964917 -0.034159
vn 0.033896 0.902459 -0.165378
vn -0.122415 0.984796 -0.080338
vn -0.084403 0.991993 -0.026751
vn -0.306998 0.935894 0.150518
vn -0.116585 0.971138 0.199743
vn -0.077192 0.978963 0.175119
vn -0.019750 0.995264 0.084136
vn -0.010469 0.997929 0.057159
vn -0.022658 0.997699 0.003876
vn -0.000690 0.999133 -0.010586
vn -0.102310 0.970827 0.119324
vn -0.076320 0.987362 -0.100788
vn -0.027251 0.995585 0.081381
vn -0.537353 0.498092 0.096937
vn -0.431793 0.547592 0.383423
vn -0.109669 0.991481 -0.032593
vn -0.097836 0.970543 0.211200
vn -0.048358 0.995810 0.042264
vn -0.053129 0.998035 -0.028112
vn -0.124487 0.970467 0.171149
vn -0.051043 0.985049 0.138599
vn 0.001266 0.983674 -0.072793
vn 0.235396 0.848410 -0.329725
vn -0.118658 0.980512 0.016986
vn -0.046115 0.990055 -0.100799
vn -0.285272 0.632140 0.446388
vn -0.184964 0.874644 0.165741
vn -0.055409 0.993614 0.037332
vn -0.055074 0.991910 0.089063
vn -0.175623 0.961993 0.133396
vn -0.172593 0.970407 0.093282
vn 0.096420 0.870292 -0.340928
vn -0.162104 0.937900 0.164246
vn -0.063036 0.995303 -0.059123
vn -0.471465 0.416173 0.664050
vn -0.039871 0.984205 0.151798
vn -0.132014 0.985534 0.063175
vn 0.094044 0.982425 0.091553
vn 0.006468 0.980944 0.150670
vn -0.115582 0.978193 -0.083220
vn -0.234064 0.966591 0.013686
vn 0.025124 0.924608 0.283098
vn -0.670074 0.190185 0.419664
vn -0.171841 0.979987 -0.026533
vn -0.528081 0.282578 0.522252
vn -0.468075 0.531841 0.505915
vn -0.467768 0.297045 0.755079
vn -0.118631 0.988433 0.080378
vn -0.095540 0.983386 0.141110
vn -0.134333 0.980719 0.129937
vn -0.104152 0.970084 -0.114729
vn -0.027093 0.385093 0.636625
vn -0.893273 -0.304182 0.264939
vn -0.186690 0.972631 -0.129276
vn -0.245822 0.864320 0.299012
vn -0.271485 0.751531 0.440949
vn -0.151979 0.978370 0.089928
vn -0.009886 0.989460 0.108741
vn -0.094232 0.984723 0.135010
vn -0.185847 0.963817 0.151853
vn 0.061567 0.988895 0.054360
vn 0.108636 0.982777 -0.104501
vn -0.012854 0.301230 0.830335
vn -0.425620 -0.085459 0.694855
vn -0.924784 -0.373551 0.072346
vn -0.185912 0.966922 -0.111248
vn -0.564755 0.573489 0.510697
vn -0.106023 0.938947 0.191981
vn -0.120717 0.921343 0.201510
vn -0.148565 0.983229 0.096062
vn -0.031760 0.989049 0.116516
vn 0.048129 0.998244 0.001349
vn -0.142969 0.971797 0.175138
vn -0.138743 0.971974 0.167867
vn -0.217197 0.916747 0.299575
vn -0.229487 0.971258 0.062862
vn 0.101985 0.987799 -0.000497
vn 0.066753 0.976749 -0.148735
vn -0.091575 0.313262 0.814227
vn 0.219495 0.056335 0.930586
vn -0.132317 0.979518 -0.122711
vn 0.070924 0.855546 0.430089
vn -0.030778 0.966702 -0.062631
vn 0.061589 0.981505 0.111594
vn -0.155414 0.967997 -0.034218
vn 0.021696 0.996193 -0.019703
vn -0.119744 0.888727 0.411841
vn -0.210909 0.974155 0.068675
vn -0.062047 0.982355 -0.143583
vn 0.227589 0.955961 -0.149110
vn -0.172980 0.058811 0.981818
vn -0.079221 0.986082 -0.093630
vn 0.087840 0.913532 -0.180710
vn -0.254120 0.199082 0.744623
vn 0.085977 0.908313 -0.279456
vn -0.252485 0.943359 0.171534
vn -0.009019 0.988943 -0.051574
vn -0.311175 0.945986 -0.001699
vn -0.217615 0.803015 0.543958
vn -0.175424 0.967902 0.140307
vn 0.151988 0.965180 -0.173517
vn 0.172725 0.971333 0.015970
vn -0.009065 0.987297 -0.094694
vn -0.114691 0.014842 0.990669
vn 0.246951 0.895491 -0.055773
vn -0.032931 0.443052 0.794328
vn 0.109484 0.896167 -0.376972
vn -0.198510 0.941042 -0.216860
vn -0.302222 0.930500 -0.091869
vn 0.005947 0.959412 -0.216572
vn -0.343370 0.836708 0.395353
vn -0.101454 0.892466 0.341877
vn 0.151289 0.910383 0.264275
vn -0.125337 0.985533 0.040412
vn 0.144828 0.965012 -0.121971
vn 0.056405 0.985860 0.024542
vn 0.046583 0.987120 -0.129162
vn 0.124677 0.892100 -0.389076
vn 0.088599 0.885196 -0.403875
vn 0.190915 0.827475 0.419107
vn -0.291332 -0.194998 0.885389
vn -0.381282 0.880659 0.166345
vn 0.203926 0.880547 0.152450
vn 0.001646 0.975534 0.079259
vn 0.048835 0.971748 -0.211716
vn 0.143432 0.929673 -0.329661
vn 0.060958 0.979180 0.177935
vn 0.044704 0.988270 0.085748
vn -0.273992 -0.359456 0.858055
vn 0.085572 0.909445 0.028221
vn -0.188769 0.911384 -0.280842
vn -0.349167 0.862171 0.100348
vn -0.113369 0.936443 0.067968
vn 0.220063 0.910232 -0.185863
vn 0.063732 0.976613 0.001757
vn 0.325440 0.901554 0.027513
vn -0.064463 0.988461 -0.054356
vn -0.001030 0.948427 -0.278192
vn -0.016107 0.995380 -0.025855
vn -0.054895 0.991983 0.094078
vn -0.077179 0.976807 -0.087105
vn -0.076352 -0.132009 0.986446
vn 0.174423 0.943147 0.126391
vn -0.011487 0.966985 0.050595
vn 0.362939 0.877116 -0.263067
vn -0.122638 0.982597 -0.127476
vn -0.088441 0.974945 -0.166514
vn -0.166076 0.978955 0.103226
vn 0.101442 0.954000 0.219269
vn 0.034176 0.984104 0.062327
vn 0.011796 0.962989 0.228880
vn 0.208128 0.854601 -0.415925
vn 0.207601 0.865784 -0.391642
vn 0.232795 0.867175 -0.382910
vn -0.111127 0.970269 0.016825
vn 0.161088 0.963383 -0.113809
vn -0.102817 0.986775 -0.050927
vn -0.192985 0.976201 -0.041920
vn 0.090941 0.985252 0.132233
vn 0.056144 0.974088 0.214298
vn 0.060752 0.959201 -0.108408
vn 0.020858 0.968813 -0.103558
vn -0.107594 0.983781 -0.094030
vn -0.133490 0.983499 -0.073424
vn 0.027561 0.988727 0.110596
vn 0.043859 0.981133 0.178461
vn 0.029544 0.972200 0.216148
vn 0.189106 0.915536 -0.216687
vn -0.081908 0.988958 -0.024812
vn -0.173249 0.945810 -0.234589
vn -0.163543 0.942195 -0.062334
vn -0.381267 0.738735 0.085314
vn -0.114346 0.978475 -0.040968
vn -0.075668 0.996095 0.029774
vn 0.061844 0.972754 0.212192
vn -0.072036 0.994171 0.015893
vn -0.095443 0.986435 0.032328
vn -0.022900 0.978480 -0.134374
vn -0.464662 0.752497 -0.227843
vn -0.546619 0.577350 0.339672
vn -0.182778 0.975391 0.007689
vn 0.118990 0.986839 0.109502
vn -0.134059 0.983918 0.054104
vn -0.604596 0.587734 -0.314423
vn -0.554256 0.497236 0.593999
vn -0.138485 0.973167 -0.098913
vn -0.286773 0.946910 0.027722
vn -0.183247 0.944752 0.177552
vn -0.703119 0.491328 0.212745
vn -0.681416 0.541130 0.045286
vn -0.136405 0.980563 -0.021710
vn -0.309006 0.936262 0.159563
vn -0.380383 0.912077 0.115158
vn -0.048478 0.977561 0.054041
vn -0.550110 0.675644 -0.425786
vn -0.406987 0.665763 -0.436204
vn -0.315811 0.861026 0.208691
vn -0.384827 0.835147 -0.020551
vn -0.149954 0.983784 0.041504
vn -0.497663 0.856793 0.135047
vn -0.150380 0.985208 0.037731
vn -0.513036 0.728384 -0.165521
vn -0.403245 0.747609 -0.347559
vn -0.404056 0.749557 -0.320303
vn -0.363199 0.738057 -0.485056
vn -0.193292 0.779317 -0.550434
vn -0.100070 0.913410 -0.379446
vn -0.322896 0.702210 -0.624140
vn -0.028026 0.892166 -0.450837
vn -0.461791 0.482573 -0.641295
vn -0.010357 0.981302 -0.088409
vn -0.068762 0.942910 0.097240
vn 0.104598 0.980977 -0.142979
vn -0.300137 0.947775 -0.019314
vn -0.428819 0.877814 -0.170974
vn -0.475101 0.858465 -0.154085
vn -0.279104 0.949742 -0.071950
vn -0.478428 0.832729 -0.276469
vn -0.284700 0.955195 -0.031442
vn -0.522899 0.781455 -0.274084
vn -0.283703 0.954641 -0.049304
vn -0.395093 0.898912 -0.176362
vn -0.302436 0.950396 -0.044486
vn -0.420047 0.687533 0.024750
vn -0.351448 0.928239 -0.097126
vn -0.769885 0.286565 -0.145358
vn -0.238567 0.963268 -0.098110
vn -0.150431 0.866247 0.307114
vn -0.647541 0.622918 -0.373386
vn -0.043234 -0.095986 0.514853
vn -0.623862 0.384200 0.030557
vn -0.747832 -0.203303 0.439259
vn 0.101873 0.673013 0.707959
vn -0.272574 0.913416 -0.013118
vn -0.346329 -0.616332 0.564909
vn 0.514034 0.338846 0.732318
vn -0.561670 0.209469 0.706983
vn 0.634019 0.380797 0.452234
vn 0.101770 0.935576 0.318811
vn 0.049946 0.925284 0.349347
vn 0.032326 0.941858 0.303515
vn -0.171122 0.920430 0.351463
vn 0.097977 0.980151 0.131617
vn 0.141216 0.979929 0.063468
vn 0.121864 0.982880 0.105890
vn 0.117997 0.992574 -0.005001
vn 0.126642 0.988626 0.036889
vn 0.125163 0.990821 0.010827
vn 0.113147 0.981881 0.060404
vn 0.028951 0.980268 0.112725
vn 0.020593 0.986570 0.099473
vn 0.069662 0.989060 0.077930
vn 0.149594 0.978986 0.081283
vn 0.031511 0.987817 0.020970
vn -0.000435 0.987716 0.089761
vn -0.055695 0.972577 0.182329
vn 0.040125 0.981903 0.148240
vn -0.084949 0.944614 0.208828
vn -0.066566 0.955779 0.250172
vn -0.040143 0.983047 0.151864
vn 0.060300 0.983382 0.117338
vn -0.140722 0.939782 0.302409
vn 0.036869 0.994024 0.059742
vn 0.061571 0.985622 0.113919
vn -0.165016 0.788939 0.426355
vn -0.065386 0.979540 0.158854
vn -0.058205 0.993710 0.080912
vn -0.237863 0.704265 0.421002
vn -0.360235 0.287662 0.541207
vn -0.304654 0.856298 0.312527
vn -0.280705 0.872536 0.268795
vn -0.194755 0.848695 0.362987
vn 0.064477 0.994448 -0.023354
vn 0.096991 0.992937 0.039855
vn -0.329088 0.532887 0.563832
vn -0.631208 0.375407 0.568981
vn -0.531091 -0.000577 0.314238
vn -0.073510 0.938637 0.210505
vn -0.622245 0.149443 0.720783
vn -0.404258 -0.136777 0.760716
vn 0.039859 0.994328 -0.037186
vn -0.041731 0.964549 0.134042
vn -0.501248 0.399510 0.533702
vn 0.018552 0.992983 -0.113918
vn -0.708547 -0.041740 0.699248
vn -0.158480 0.965387 0.014275
vn -0.185915 0.926422 0.168995
vn -0.643365 0.358410 0.420586
vn -0.763805 0.051875 0.614525
vn -0.899053 0.049600 0.058102
vn -0.748761 0.443485 0.006979
vn -0.202334 0.673053 -0.707369
vn -0.134522 0.842104 -0.447036
vn -0.229283 0.709641 -0.664172
vn -0.165643 0.891349 -0.300765
vn 0.027727 0.806811 -0.552280
vn -0.163127 0.973677 -0.021771
vn 0.078196 0.891668 -0.404463
vn -0.078610 0.970432 -0.142793
vn -0.261441 0.872895 0.187156
vn 0.229937 0.860993 -0.445256
vn -0.266063 0.726722 0.447562
vn -0.371236 0.870849 -0.055305
vn -0.312462 0.719831 0.463786
vn 0.119322 0.940559 -0.307970
vn -0.193110 0.943317 0.157191
vn -0.395569 0.700338 0.391687
vn -0.392578 0.411799 0.701038
vn 0.070323 0.957451 -0.240771
vn -0.071282 0.958092 -0.055621
vn -0.261751 -0.013988 0.836212
vn -0.392259 0.448340 0.593953
vn -0.735961 0.253976 0.367190
vn -0.307149 0.137065 0.833237
vn -0.365214 0.016552 0.796818
vn -0.252972 -0.425936 0.856874
vn -0.057044 0.950022 0.142523
vn -0.242335 0.891563 0.282741
vn -0.336831 0.027787 0.918505
vn -0.278079 -0.329191 0.849838
vn -0.194229 -0.501363 0.837578
vn -0.081628 0.937912 0.167762
vn -0.422108 0.236739 0.655613
vn -0.466380 -0.145422 0.845066
vn -0.080493 -0.361234 0.928994
vn -0.174330 0.337981 0.699752
vn -0.175016 -0.216653 0.950613
vn -0.102223 -0.230018 0.961709
vn -0.014745 -0.319709 0.947401
vn -0.052050 0.880961 0.303648
vn -0.642764 -0.029303 0.521128
vn -0.284188 0.348007 0.696229
vn -0.328779 0.807736 0.098900
vn -0.431604 0.070549 0.717555
vn -0.050259 0.480455 0.694904
vn -0.691244 0.220734 0.250014
vn -0.035271 0.984004 -0.091663
vn -0.740316 0.118175 0.307699
vn 0.076061 0.956706 0.232570
vn -0.777322 -0.248260 0.324710
vn -0.177956 0.957711 -0.017498
vn 0.042109 0.981022 -0.045730
vn -0.624080 0.598811 0.150657
vn -0.368634 0.191608 0.909613
vn -0.362047 0.376992 0.470192
vn 0.028916 0.976828 -0.101273
vn -0.011689 0.989049 -0.067420
vn -0.729026 -0.061265 0.070047
vn 0.074241 0.990153 0.064461
vn 0.005268 -0.280741 0.584537
vn -0.087061 0.980187 0.064709
vn 0.084127 0.979089 -0.106292
vn -0.043029 0.996626 -0.066713
vn 0.223383 0.510489 0.566830
vn 0.011217 0.983431 -0.059461
vn -0.067524 0.992892 0.062304
vn 0.177158 0.978184 -0.061709
vn 0.347253 0.802753 -0.155862
vn 0.340767 0.569911 0.375082
vn 0.686660 0.526613 0.176235
vn -0.047718 0.627178 0.414453
vn 0.147068 0.293967 0.924237
vn 0.691436 0.666215 -0.061336
vn -0.010669 0.970584 -0.216116
vn 0.313585 0.868590 -0.081230
vn -0.001022 0.412524 0.567225
vn -0.294819 -0.338893 0.893439
vn 0.012540 0.994418 -0.054133
vn 0.069664 0.991237 -0.058388
vn 0.158097 0.975669 -0.022660
vn 0.083547 0.931253 0.190293
vn -0.089091 -0.705408 0.475102
vn -0.531532 -0.550182 -0.284849
vn -0.411339 -0.480655 0.406782
vn -0.908451 -0.104247 -0.204060
vn -0.660222 -0.361480 -0.038140
vn -0.814319 0.522826 -0.252066
vn -0.515780 -0.258732 0.646270
vn -0.892710 -0.224542 0.390705
vn 0.012413 -0.041175 0.690708
vn -0.201123 -0.459963 0.838176
vn -0.171851 0.139420 0.724041
vn 0.222504 0.799691 0.138002
vn -0.267046 0.283367 0.615487
vn 0.480064 0.230736 -0.483212
vn 0.017465 0.802269 0.172744
vn 0.173468 0.794138 -0.047410
vn 0.011704 0.842222 0.007258
vn -0.350395 0.717311 0.362563
vn -0.102882 0.872107 -0.263978
vn -0.307560 -0.235392 0.738327
vn -0.600791 0.523032 0.272410
vn -0.196383 -0.578472 0.775146
vn -0.385490 0.875904 -0.062796
vn -0.263322 -0.421102 0.794194
vn -0.009248 0.961147 0.019774
vn -0.094294 0.965995 -0.071097
vn -0.007875 0.946644 -0.296400
vn -0.130130 0.966076 0.038802
vn 0.085589 0.970337 -0.007830
vn 0.154801 0.957951 0.221418
vn -0.073750 0.971705 0.076600
vn 0.153782 0.979326 0.016802
vn 0.068410 0.955437 0.133096
vn -0.111577 0.974678 0.018723
vn 0.147331 0.978840 0.048369
vn 0.073229 0.880851 0.380158
vn -0.042713 0.989612 -0.069399
vn 0.140069 0.974578 0.150277
vn 0.189457 0.963779 0.050611
vn 0.233487 0.968846 0.064034
vn 0.157938 0.949541 0.103952
vn -0.104536 0.945962 0.105531
vn 0.085313 0.981422 0.116857
vn 0.189376 0.960169 0.136635
vn 0.155296 0.979686 0.047321
vn -0.096982 0.918945 -0.077998
vn 0.051747 0.955881 0.257155
vn 0.131932 0.968747 0.174828
vn -0.134154 0.936270 0.293857
vn -0.571288 0.569894 0.088511
vn 0.061247 0.945386 -0.052964
vn 0.080448 0.976953 0.107998
vn -0.058661 0.977084 0.092640
vn -0.172462 0.884445 0.277977
vn -0.452715 0.680538 0.209043
vn 0.230174 0.969082 -0.088884
vn -0.323837 0.800417 0.391786
vn 0.010140 0.963197 0.232912
vn -0.903291 0.025083 0.299045
vn -0.100720 0.989035 0.005744
vn -0.213890 0.973251 -0.013780
vn -0.029918 0.959297 0.237072
vn -0.784022 0.091866 0.501329
vn 0.047901 0.993845 -0.007775
vn 0.080278 0.951950 0.207433
vn -0.673229 0.314666 0.647388
vn 0.027111 0.992527 -0.091027
vn -0.094539 0.988798 -0.060403
vn 0.130238 0.951880 0.175871
vn 0.020216 0.994388 0.048433
vn -0.551320 0.176824 0.771501
vn 0.072644 0.989291 -0.086037
vn 0.247601 0.929796 0.249844
vn 0.137589 0.968285 0.140896
vn -0.348137 0.151639 0.859274
vn 0.042700 0.992528 -0.112307
vn 0.167676 0.959364 0.102249
vn 0.255310 0.927001 0.247769
vn 0.173040 0.959864 0.150092
vn -0.202227 -0.033951 0.942518
vn 0.053105 0.993043 -0.033959
vn 0.108441 0.980605 0.043356
vn 0.170974 0.964395 0.135144
vn 0.278329 0.911132 0.235801
vn -0.391354 -0.282662 0.875753
vn 0.419227 -0.278274 0.653975
vn 0.139669 0.969481 0.144413
vn 0.379003 0.886464 0.240509
vn 0.361645 0.912164 0.166818
vn 0.117548 -0.146995 0.944018
vn 0.231541 0.954378 0.144560
vn 0.100909 0.983227 0.078296
vn 0.175584 0.966304 0.176958
vn -0.022646 0.998576 -0.004270
vn 0.071912 0.986539 0.092455
vn -0.043796 0.997097 -0.002981
vn 0.102750 0.984829 0.108259
vn -0.087984 0.995440 -0.030316
vn -0.036721 0.995720 -0.016568
vn 0.314680 -0.767706 0.551326
vn 0.281706 -0.518220 0.704569
vn 0.083197 -0.376117 0.873164
vn 0.620496 -0.586147 0.461149
vn 0.194007 0.345519 0.777446
vn 0.489226 -0.045254 0.540029
vn 0.087069 0.014531 0.919778
vn 0.103719 0.711790 0.583819
vn 0.164185 -0.551244 0.766587
vn 0.085502 0.476686 0.860533
vn 0.345111 -0.355697 0.799355
vn -0.000965 0.839640 0.455837
vn 0.291913 0.082527 0.886097
vn 0.303046 -0.771333 0.559650
vn -0.029108 0.966463 0.205950
vn 0.204866 0.514747 0.781323
vn 0.449173 0.077542 0.859305
vn 0.014505 0.972988 0.225118
vn 0.078144 0.844611 0.458086
vn 0.284492 0.733409 0.521455
vn 0.030213 0.969672 0.239258
vn 0.150797 0.897319 0.365803
vn 0.300166 0.630561 0.397998
vn 0.054859 0.960954 0.256879
vn 0.190711 0.931771 0.203617
vn 0.003558 0.981583 0.178264
vn 0.217949 0.789231 0.339348
vn 0.064067 0.963612 0.211670
vn 0.117374 0.981972 0.068823
vn 0.182965 0.010214 0.807062
vn 0.005212 0.988211 0.111703
vn 0.064268 0.726798 0.508777
vn 0.108745 -0.472142 0.839847
vn -0.018357 0.023820 0.827365
vn 0.063817 0.854734 0.291148
vn -0.014893 0.026840 0.820240
vn -0.107571 -0.593821 0.791499
vn -0.117014 -0.656043 0.745598
vn -0.030364 0.990922 0.045476
vn 0.001778 0.949554 0.233498
vn 0.029484 0.924630 0.350334
vn 0.033234 0.900214 0.430820
vn -0.030336 0.978083 0.111169
vn 0.012187 0.913456 0.397123
vn 0.009179 0.914728 0.390944
vn -0.008681 0.953682 0.217352
vn -0.049000 0.915136 0.393598
vn -0.009870 0.924707 0.364104
vn 0.004212 0.772885 0.471688
vn 0.033281 0.932516 0.341569
vn 0.091591 0.941531 0.273756
vn 0.146401 0.520765 0.725952
vn 0.167156 0.956871 0.185054
vn 0.206487 0.015831 0.949225
vn 0.121594 0.944324 0.272285
vn 0.250946 0.928008 0.260538
vn 0.064171 0.607969 0.546652
vn 0.119247 0.099870 0.950409
vn 0.312872 -0.342523 0.726438
vn 0.019221 0.978967 0.097639
vn 0.168536 0.947428 0.241535
vn -0.130027 0.615984 0.451280
vn 0.024672 -0.155611 0.944812
vn 0.027801 0.990736 0.115474
vn 0.110896 0.954758 0.258705
vn -0.436712 0.077620 0.705523
vn 0.152965 -0.250090 0.919887
vn 0.037485 0.993890 0.054414
vn -0.463356 0.595240 0.267640
vn 0.052785 0.969742 0.218266
vn -0.733208 -0.166210 0.659211
vn -0.059069 0.994409 0.024323
vn -0.030924 0.965479 0.011134
vn -0.116816 0.937730 0.072248
vn 0.053010 0.963526 0.253848
vn 0.017073 0.980448 0.184288
vn 0.021298 0.981548 0.172109
vn -0.033151 0.953273 -0.124387
vn -0.007704 0.993856 0.030468
vn -0.198927 0.961920 -0.102342
vn -0.107919 0.963502 -0.185330
vn -0.034474 0.898201 -0.123255
vn 0.078670 0.964051 0.241542
vn 0.062326 0.960345 0.259875
vn -0.012394 0.985528 0.152530
vn -0.021780 0.985427 -0.076918
vn 0.030885 0.971199 0.213888
vn -0.155642 0.953309 -0.132634
vn 0.064970 0.962273 -0.173343
vn 0.043529 0.950578 0.302333
vn -0.021351 0.994576 -0.012445
vn 0.005070 0.989346 0.123752
vn 0.228113 0.897491 -0.051643
vn 0.014275 0.988352 -0.046963
vn 0.112877 0.932565 0.315109
vn 0.049700 0.988178 0.089306
vn 0.092137 0.974472 0.138224
vn 0.134821 0.940540 0.091598
vn 0.005635 0.985365 0.034918
vn 0.006787 0.993584 0.085133
vn 0.131563 0.950508 0.246709
vn 0.106702 0.989501 -0.048108
vn -0.033675 0.964797 0.200668
vn -0.042980 0.973201 0.173078
vn 0.071993 0.989354 0.072015
vn 0.013214 0.953279 0.239477
vn -0.129867 0.967384 0.182913
vn -0.073381 0.936548 0.305234
vn 0.065871 0.988050 -0.088446
vn -0.127610 0.947187 0.240973
vn -0.120751 0.937594 0.315211
vn -0.033359 0.979996 0.144440
vn -0.076165 0.937338 0.304768
vn -0.099760 0.970563 0.189795
vn -0.083390 0.925805 0.360096
vn -0.017944 0.979299 0.160247
vn 0.008408 0.965045 0.235856
vn -0.014430 0.994657 0.058350
vn -0.018245 0.955456 0.225380
vn -0.044778 0.961631 0.251266
vn -0.022919 0.942232 0.319091
vn 0.016626 0.979995 0.168337
vn 0.043764 0.993582 0.000701
vn -0.038000 0.987028 0.123211
vn -0.053189 0.965646 0.243354
vn -0.045350 0.962871 0.255237
vn 0.009083 0.989685 -0.036723
vn -0.036742 0.959852 0.273557
vn -0.094545 0.964864 0.224117
vn 0.006561 0.986265 0.044018
vn 0.093390 0.756233 0.308824
vn -0.107516 0.978299 0.158951
vn -0.082791 0.962575 0.246831
vn -0.080474 0.959941 0.258740
vn -0.120318 0.938851 0.311803
vn -0.129546 0.954898 0.223769
vn -0.104299 0.955444 0.267856
vn -0.088178 0.965070 0.235161
vn -0.213196 0.648678 0.545093
vn -0.277908 0.921143 0.245561
vn -0.066666 0.965569 0.241906
vn -0.058458 0.986021 0.080588
vn -0.088467 0.951837 0.262483
vn -0.204101 0.940224 0.233249
vn -0.005866 0.992230 0.033278
vn -0.001761 0.991188 0.104827
vn -0.216532 0.944381 0.190367
vn -0.232559 0.919989 0.266126
vn -0.068301 0.966519 0.214967
vn -0.047170 0.988047 0.123958
vn -0.138481 0.906635 0.373650
vn -0.110241 0.976248 0.139419
vn -0.004106 0.997006 -0.001446
vn -0.066192 0.991719 0.070077
vn -0.105486 0.982199 0.075506
vn -0.087892 0.955835 0.232362
vn 0.047175 0.883033 0.446384
vn -0.057005 0.986880 0.138924
vn -0.090584 0.989197 0.097093
vn 0.057341 0.967071 0.149937
vn 0.002913 0.925798 0.325823
vn 0.067110 0.985960 0.102542
vn 0.055796 0.830692 0.551054
vn 0.054468 0.956911 0.227364
vn -0.048126 0.987560 0.142075
vn 0.021146 0.977471 0.168672
vn -0.032854 0.854327 0.499223
vn -0.033054 0.905827 0.393299
vn -0.008711 0.977273 0.194373
vn -0.053136 0.992089 0.092845
vn -0.028055 0.983132 0.160454
vn -0.055207 0.945089 0.315969
vn -0.034696 0.978656 0.190528
vn -0.111807 0.910947 0.387977
vn -0.027988 0.976476 0.206789
vn -0.021450 0.990081 0.096330
vn -0.047567 0.948524 0.307278
vn -0.054994 0.934195 0.352444
vn 0.015557 0.999545 0.012514
vn -0.020511 0.998628 0.025936
vn -0.038662 0.998041 0.001515
vn -0.076429 0.996325 0.009161
vn 0.172104 -0.725138 0.556937
vn 0.136534 -0.565951 0.792907
vn -0.010934 -0.850357 0.438661
vn 0.408681 -0.612270 0.668669
vn 0.268473 -0.790011 0.354499
vn -0.104319 -0.598497 0.781869
vn -0.103952 -0.752514 0.547372
vn -0.154094 -0.763499 0.575224
vn 0.057081 0.839165 0.487390
vn 0.083094 0.409189 0.722093
vn 0.036656 0.000000 0.801717
vn -0.037287 0.952658 0.223351
vn 0.019388 -0.461059 0.649260
vn 0.001100 0.853302 0.458551
vn 0.199937 0.930107 0.264969
vn 0.351625 0.281617 0.619781
vn 0.082029 0.142473 0.888636
vn -0.135240 0.975234 0.161106
vn 0.030491 0.987425 0.101408
vn 0.545085 -0.390580 0.257786
vn -0.264763 0.221659 0.871128
vn -0.071687 0.993028 0.082662
vn 0.406705 0.868236 0.204592
vn 0.104835 0.296965 0.815358
vn 0.549266 0.569985 0.133396
vn -0.021601 0.995875 0.069290
vn 0.283357 0.907609 0.189081
vn 0.142614 0.794053 0.562584
vn 0.079773 0.992917 0.071033
vn 0.431026 0.723784 0.356356
vn 0.154393 0.983528 0.028887
vn 0.590361 -0.330771 0.265429
vn 0.208118 0.888161 0.330198
vn 0.542326 -0.651818 0.433809
vn 0.035523 0.902279 0.417301
vn 0.124602 0.958203 0.211571
vn 0.263213 0.952179 0.011427
vn 0.194962 0.941690 0.195718
vn 0.182883 0.981009 -0.054571
vn 0.328082 0.928917 0.020918
vn 0.532405 0.716677 -0.022270
vn 0.518131 0.756218 0.000330
vn 0.574610 0.674708 0.290633
vn 0.784574 0.336928 0.274994
vn 0.800197 0.178929 0.296350
vn 0.659038 0.477887 0.521283
vn 0.287616 0.714691 0.447999
vn 0.345535 0.899983 0.123558
vn 0.178108 0.760444 0.430454
vn 0.352528 0.348258 0.569642
vn 0.119843 0.188189 0.821699
vn 0.263791 -0.023660 0.791414
vn 0.240143 0.900108 0.363507
vn 0.225657 -0.384623 0.862518
vn 0.257840 0.213588 0.780819
vn 0.325768 -0.079008 0.923650
vn 0.146169 0.026143 0.960767
vn -0.092973 0.026978 0.995303
vn 0.024267 0.955069 0.242854
vn -0.091273 0.941350 0.318263
vn -0.094834 0.952987 0.041623
vn -0.122345 0.914428 0.220753
vn 0.014408 0.989936 0.111934
vn -0.076094 0.982778 -0.017562
vn -0.115135 0.985390 0.097504
vn -0.050008 -0.618537 0.778268
vn -0.007268 -0.895400 0.240280
vn 0.074222 -0.738561 0.494381
vn 0.308679 -0.513613 0.719844
vn 0.071518 -0.049438 0.773075
vn 0.115167 0.211723 0.662082
vn 0.107271 -0.643226 0.757800
vn 0.091087 0.012226 0.805090
vn -0.038416 0.822254 0.365385
vn 0.728018 -0.354126 0.515838
vn 0.661232 -0.651059 0.342075
vn 0.534413 -0.528168 0.528155
vn 0.525849 -0.498913 0.477863
vn 0.303199 0.872836 0.099873
vn 0.069716 0.987503 -0.055064
vn 0.170805 0.965750 -0.059085
vn -0.007592 0.997092 -0.064806
vn 0.644711 0.318978 -0.048823
vn 0.023567 0.998852 -0.040304
vn 0.113607 0.962163 -0.009286
vn 0.571802 0.295961 0.256366
vn -0.034525 0.992558 -0.101142
vn 0.699381 0.138294 0.332567
vn 0.550514 0.156317 0.570755
vn 0.125953 0.943800 0.118551
vn 0.643437 -0.418789 0.456355
vn 0.231123 0.890431 0.256932
vn 0.459412 -0.219942 0.827652
vn 0.364451 0.403359 0.655394
vn 0.397952 0.205197 0.657427
vn 0.592746 0.064738 0.601965
vn 0.563730 -0.195871 0.750019
vn 0.791525 -0.140746 0.594708
vn -0.280549 0.447285 0.821361
vn 0.015742 0.482027 0.822631
vn -0.493980 0.513619 0.172577
vn 0.333799 0.229820 0.834630
vn -0.106207 0.872796 0.243580
vn 0.414283 0.405556 0.600920
vn 0.744881 -0.048914 0.650470
vn -0.159592 0.841507 -0.024525
vn 0.649831 -0.163528 0.728607
vn 0.101330 0.875149 -0.029816
vn 0.405257 0.350549 0.486485
vn 0.510629 -0.410087 0.661894
vn 0.156701 0.935501 -0.220721
vn 0.356535 -0.004918 0.476244
vn 0.592792 -0.638334 0.478820
vn 0.523976 -0.742224 0.417795
vn 0.317849 -0.385513 0.802220
vn 0.311591 0.126896 0.474474
vn 0.219423 0.561006 0.279738
vn 0.258398 0.637915 0.346076
vn 0.027894 -0.136526 0.990244
vn -0.154876 0.220321 0.962574
vn -0.175518 0.191709 0.965630
vn -0.106412 0.229102 0.965057
vn 0.288848 -0.129054 0.899749
vn 0.300607 -0.053171 0.824579
vn 0.539775 -0.249356 0.742113
vn 0.018557 -0.154210 0.765552
vn 0.762533 0.161894 0.626366
vn 0.647782 -0.379351 0.505282
vn 0.821088 -0.495885 0.282688
vn 0.006756 0.975572 0.137081
vn 0.145097 0.958265 0.246322
vn 0.084484 0.962999 0.248511
vn 0.832538 0.044230 0.408820
vn 0.412551 0.833258 0.052876
vn 0.658486 0.512731 -0.210125
vn 0.190515 0.942277 -0.106496
vn 0.877522 -0.017349 0.030089
vn 0.088598 0.905197 0.274251
vn 0.531393 0.369878 0.450568
vn 0.951670 -0.216008 -0.183890
vn -0.143016 0.922317 0.310690
vn 0.938336 -0.188484 0.090801
vn 0.109365 0.518698 0.690622
vn 0.462299 0.059416 0.680151
vn 0.045621 0.803373 0.443081
vn 0.310179 0.162412 0.769486
vn 0.003339 0.969143 0.103112
vn 0.386637 -0.144782 0.867698
vn 0.500086 0.300395 0.617106
vn 0.272682 0.894365 0.203990
vn 0.552219 -0.360355 0.674798
vn 0.445268 -0.182712 0.824809
vn 0.162364 0.977411 0.098069
vn 0.547588 -0.294187 0.731509
vn 0.451544 0.726887 0.435180
vn 0.260071 0.867460 0.330829
vn 0.720432 -0.197024 0.506644
vn 0.059872 0.987329 0.028042
vn 0.579723 -0.516554 0.574265
vn 0.064792 0.956886 0.150783
vn 0.178129 0.967433 -0.155366
vn 0.211468 0.965704 -0.136211
vn 0.166895 0.966389 -0.184720
vn 0.229069 0.961508 -0.145490
vn 0.190015 0.965319 -0.172918
vn 0.283842 0.952334 -0.040809
vn 0.181336 0.976211 -0.073064
vn 0.155253 0.965778 -0.207039
vn 0.123089 0.976875 -0.157354
vn 0.208548 0.969123 -0.054752
vn 0.012660 0.987976 -0.101224
vn 0.142451 0.972813 -0.169842
vn 0.084996 0.989316 -0.110508
vn 0.316898 0.940818 0.056756
vn 0.375392 0.909087 0.041437
vn 0.194174 0.974526 -0.009771
vn 0.166755 0.975676 -0.134625
vn 0.045147 0.980832 -0.185357
vn -0.133476 0.960872 -0.193667
vn 0.095869 0.991987 -0.013092
vn 0.025381 0.983518 -0.176810
vn 0.324987 0.928039 0.170676
vn 0.603350 0.397948 0.206466
vn -0.053585 0.990214 -0.038549
vn 0.428318 0.421119 0.001845
vn 0.460780 0.773646 0.173132
vn 0.219018 0.965932 -0.003186
vn 0.189990 0.975450 0.000840
vn -0.027461 0.989103 -0.040070
vn 0.206277 0.969777 -0.083214
vn 0.346420 0.498359 0.614739
vn 0.450391 0.078368 0.571454
vn -0.184567 0.977601 -0.062164
vn 0.436290 0.655288 0.050943
vn 0.128144 0.933017 0.195844
vn 0.152938 0.972462 -0.141473
vn 0.339920 0.924141 -0.147391
vn 0.585341 -0.059478 -0.418744
vn -0.097383 0.976974 -0.143740
vn 0.196300 0.659697 0.725442
vn 0.398687 0.901214 -0.135908
vn -0.237762 0.959811 -0.120460
vn -0.110260 0.975180 -0.103989
vn 0.127071 0.975698 -0.103478
vn 0.416515 0.888113 -0.193784
vn 0.239218 0.945886 -0.121858
vn -0.279195 0.954966 -0.063116
vn -0.076969 0.988100 -0.028646
vn -0.269906 0.959510 -0.046351
vn 0.095209 0.280919 -0.900465
vn 0.021276 0.675442 -0.728759
vn -0.012377 0.567882 -0.350873
vn 0.217379 0.461514 -0.742478
vn 0.407055 0.447859 -0.447431
vn 0.245880 0.769555 -0.571201
vn 0.167087 0.206525 -0.873477
vn 0.135756 0.247799 -0.909379
vn 0.233580 0.405156 0.073962
vn 0.489051 0.150253 -0.551694
vn 0.476666 0.473712 -0.510285
vn 0.382808 0.648592 0.339001
vn 0.607721 -0.240852 -0.435898
vn 0.072958 0.724025 -0.685481
vn 0.571595 0.790325 -0.007529
vn 0.341405 -0.129698 -0.445129
vn 0.624796 -0.564122 -0.025992
vn 0.642178 0.531845 0.310629
vn 0.571344 0.600379 0.451214
vn 0.572501 0.705525 0.259923
vn 0.635731 0.534030 0.464325
vn 0.280577 0.843781 0.324676
vn 0.319087 0.929608 0.046108
vn 0.225898 0.895472 0.287953
vn 0.723292 0.345021 0.351387
vn 0.520331 0.851449 -0.005530
vn 0.222201 0.961875 -0.026986
vn 0.254739 0.917053 0.154533
vn 0.768634 0.309279 0.307768
vn 0.077614 0.977491 0.164310
vn 0.109098 0.988743 -0.102186
vn 0.378154 0.887703 0.066579
vn 0.209028 0.954097 0.079924
vn 0.679848 0.225051 0.487486
vn 0.188851 0.977742 -0.028067
vn 0.139430 0.983896 0.054585
vn 0.454289 0.588234 0.429334
vn 0.403498 0.850798 0.126079
vn 0.175578 0.951455 0.018532
vn 0.136218 0.986765 -0.041659
vn 0.422609 0.836802 0.218993
vn 0.468548 0.309942 0.567301
vn 0.065206 0.995432 0.007911
vn 0.644263 0.196776 0.489998
vn 0.061903 0.993088 -0.098379
vn 0.227272 0.908386 0.049596
vn 0.197340 0.967123 -0.106330
vn 0.464014 0.661043 -0.272558
vn 0.437114 0.566178 -0.595414
vn 0.656212 0.324471 -0.231553
vn 0.494564 0.552484 -0.635101
vn 0.681510 0.362966 -0.379759
vn 0.724183 0.301806 -0.304128
vn 0.863612 0.096488 -0.375334
vn 0.361363 0.843294 -0.384518
vn 0.518089 0.758289 -0.284163
vn 0.800431 0.309522 -0.334109
vn 0.900821 -0.137049 -0.222261
vn 0.292553 0.912657 -0.285315
vn 0.553321 0.652450 -0.410884
vn 0.202784 0.940768 0.271725
vn 0.275007 0.737711 -0.548807
vn 0.560043 0.758982 0.027116
vn 0.256523 0.830045 -0.465945
vn 0.569159 0.559827 -0.220003
vn 0.173684 0.855182 -0.296308
vn 0.700498 0.550466 0.235017
vn -0.005142 0.894673 -0.357028
vn 0.419294 0.521675 -0.393473
vn 0.569987 -0.213279 -0.572559
vn 0.447859 0.626256 0.638143
vn -0.057417 0.899721 0.266506
vn 0.208991 0.785772 0.017919
vn -0.117703 0.934285 0.043116
vn -0.078608 0.615595 -0.605432
vn -0.115858 0.949503 -0.181428
vn 0.163982 0.695732 -0.483155
vn -0.235146 0.968509 -0.054303
vn 0.188025 -0.263338 -0.945308
vn 0.545969 0.276584 -0.269965
vn 0.489484 0.135397 -0.715762
vn 0.557925 -0.450627 -0.539432
vn 0.469210 0.688878 -0.163135
vn 0.768516 -0.603101 -0.205323
vn 0.170459 0.928979 0.117503
vn 0.720336 -0.209245 -0.290606
vn 0.191143 0.897948 0.272879
vn 0.443693 0.729514 -0.359722
vn 0.645132 -0.493992 -0.486742
vn 0.279001 0.896560 0.228205
vn 0.412457 0.006513 -0.739545
vn 0.452846 0.832089 -0.078562
vn 0.156373 0.786760 -0.501709
vn 0.157297 0.965134 -0.048184
vn 0.526211 -0.433179 -0.731750
vn 0.864540 -0.455523 -0.079723
vn 0.728612 0.025699 -0.402628
vn 0.750764 -0.160769 -0.349519
vn 0.611601 0.417926 -0.667283
vn 0.061835 0.992273 0.085634
vn 0.070182 0.989746 0.093178
vn 0.052206 0.990994 -0.012404
vn 0.038357 0.969790 -0.098089
vn -0.009697 0.988840 0.132279
vn 0.006156 0.971533 -0.201308
vn -0.036901 0.963392 -0.119220
vn -0.001612 0.947061 -0.228072
vn -0.012064 0.993617 0.100556
vn 0.152955 0.523467 -0.545837
vn 0.186693 0.893120 -0.275651
vn 0.000625 0.962246 -0.193170
vn 0.037016 0.989993 0.131295
vn -0.032811 0.986216 -0.101876
vn -0.117799 0.886964 -0.375080
vn 0.398517 0.501616 -0.626806
vn 0.024070 0.966150 -0.233137
vn -0.019334 0.990609 -0.026590
vn 0.018279 0.991323 0.073581
vn -0.308006 0.192077 -0.781823
vn -0.133582 0.361552 -0.449458
vn -0.005124 0.994829 -0.014735
vn 0.014366 0.991569 0.120496
vn -0.035484 0.945441 -0.246678
vn -0.059053 0.886251 -0.346487
vn -0.328685 0.017503 -0.661265
vn -0.075547 0.577585 -0.762161
vn 0.478126 0.491182 -0.463089
vn 0.007686 -0.029030 -0.763833
vn -0.241665 0.966479 0.086702
vn -0.037737 0.991600 -0.100640
vn -0.014094 0.997544 0.033396
vn 0.004980 0.991727 0.073639
vn -0.233283 0.593215 -0.470745
vn 0.277152 0.468621 -0.450024
vn -0.162696 0.318869 -0.869331
vn 0.049717 0.462363 -0.602077
vn -0.060404 0.022057 -0.859892
vn 0.004457 0.996758 0.031899
vn 0.007339 0.993741 0.089940
vn -0.027697 0.969750 -0.184121
vn 0.096353 0.928587 -0.083155
vn 0.191683 0.200421 -0.835006
vn 0.072165 0.972950 0.114509
vn 0.187435 -0.301407 -0.761948
vn 0.293933 0.196300 -0.738299
vn -0.059121 0.958949 -0.219870
vn 0.012863 0.991010 0.112913
vn 0.003513 0.918855 -0.128092
vn 0.073685 0.400181 -0.793762
vn -0.530193 0.370488 0.060728
vn 0.374995 0.439381 -0.688237
vn -0.078415 0.922281 -0.373201
vn -0.035884 0.981026 -0.040249
vn 0.051826 0.325752 -0.910598
vn -0.650967 0.216400 -0.201652
vn 0.025076 0.996828 -0.008884
vn 0.023298 0.989646 0.114758
vn -0.085176 0.859838 -0.443993
vn -0.138957 0.855431 -0.430369
vn 0.013773 0.985718 0.111727
vn 0.002300 0.997503 -0.040369
vn 0.080717 0.984409 0.140897
vn -0.129989 0.910721 -0.287125
vn -0.106507 0.663673 -0.727486
vn -0.031234 0.995011 -0.092780
vn 0.064164 0.992299 0.069217
vn -0.253174 0.626707 -0.712296
vn -0.073773 0.683687 -0.725262
vn -0.004087 0.966171 -0.071525
vn -0.000101 0.999160 -0.006848
vn 0.102649 0.978143 0.085144
vn -0.221771 0.684097 -0.614822
vn -0.003137 0.680265 -0.718519
vn -0.109021 0.596021 -0.777147
vn -0.251269 0.555590 -0.781229
vn -0.141361 0.692007 -0.698894
vn -0.100453 0.772235 -0.512347
vn -0.256273 0.534759 -0.796547
vn -0.000238 0.686753 -0.713490
vn -0.025534 0.737936 -0.642363
vn -0.210779 0.626273 -0.742764
vn -0.116347 0.709172 -0.590671
vn -0.107617 0.794819 -0.348472
vn -0.284259 0.926484 -0.224736
vn -0.060124 0.730398 -0.554995
vn -0.103367 0.695110 -0.428071
vn -0.105440 0.666072 -0.670369
vn -0.098630 0.968988 -0.085271
vn -0.015867 0.147221 -0.987101
vn -0.134577 0.520245 -0.835546
vn -0.098547 0.728240 -0.248158
vn -0.200642 0.714628 -0.574856
vn 0.046863 0.899745 -0.345370
vn -0.142422 0.743587 -0.611453
vn -0.110831 0.890781 -0.343255
vn -0.050028 0.990802 -0.109051
vn -0.116329 0.974025 -0.164058
vn -0.007874 0.877860 -0.335125
vn -0.099807 0.988390 -0.113914
vn -0.222654 0.772822 -0.510582
vn -0.201300 0.289090 -0.733283
vn 0.032131 0.994834 -0.031631
vn -0.105228 0.818660 -0.420942
vn -0.287079 0.458370 -0.720231
vn -0.206869 0.061852 -0.772023
vn 0.021831 0.988609 -0.085445
vn -0.029382 0.988828 -0.134781
vn -0.234657 0.020910 -0.833061
vn -0.257715 -0.320197 -0.867850
vn -0.275353 -0.525792 -0.783519
vn -0.080188 0.718370 -0.551990
vn -0.008610 0.993819 -0.069170
vn -0.022805 0.794633 -0.490096
vn -0.118179 -0.046720 -0.796740
vn -0.280110 -0.568726 -0.764882
vn -0.270491 0.187826 -0.837822
vn -0.149402 0.873306 -0.311677
vn 0.074686 0.862275 -0.393947
vn -0.067792 0.210366 -0.799447
vn -0.144849 -0.420527 -0.894716
vn -0.170483 -0.493962 -0.840844
vn -0.195073 -0.768332 -0.609209
vn -0.362188 -0.537439 -0.751697
vn -0.309012 0.562203 -0.559643
vn -0.113635 0.971482 -0.153214
vn -0.050485 -0.191390 -0.744761
vn -0.009770 -0.564695 -0.812255
vn -0.247503 0.058591 -0.692045
vn -0.177939 0.782320 -0.514380
vn -0.191201 -0.688900 -0.657185
vn -0.238559 0.958605 -0.099945
vn 0.015407 -0.689062 -0.715977
vn -0.049391 -0.574040 -0.797741
vn -0.166763 0.048344 -0.764985
vn -0.152663 0.969617 -0.147638
vn -0.145609 0.984001 -0.026663
vn -0.095958 -0.691117 -0.716345
vn -0.093582 -0.048013 -0.837421
vn -0.199644 0.854893 -0.409373
vn -0.188109 0.186915 -0.853255
vn -0.063005 0.954194 -0.220174
vn -0.079262 0.992572 -0.019873
vn -0.060921 -0.348511 -0.924530
vn -0.204205 0.374353 -0.686514
vn -0.300822 -0.189098 -0.928323
vn -0.137473 0.889828 -0.368260
vn -0.083271 0.992924 -0.052614
vn -0.194562 0.134557 -0.766894
vn -0.206463 -0.327020 -0.900527
vn -0.283354 0.341499 -0.772635
vn -0.192897 0.958982 -0.165174
vn -0.096022 0.005980 -0.894277
vn -0.151461 0.611850 -0.620908
vn -0.212647 0.963522 -0.085356
vn -0.224231 0.674874 -0.517071
vn -0.044105 0.247492 -0.800832
vn -0.236089 0.965342 0.056697
vn -0.291179 0.134682 -0.804116
vn -0.292453 0.553615 -0.555104
vn -0.176230 0.969634 0.122253
vn -0.285063 0.954126 0.060038
vn -0.268551 -0.218698 -0.787236
vn -0.263252 -0.699533 -0.664093
vn -0.239449 0.731403 -0.388071
vn -0.251641 0.954542 0.108464
vn -0.276871 -0.192373 -0.756669
vn -0.112557 0.968350 -0.043776
vn -0.206734 0.771876 -0.309520
vn -0.258557 0.955742 0.118551
vn -0.154816 0.190865 -0.871351
vn -0.127952 -0.671708 -0.703292
vn -0.053081 0.944701 0.025274
vn -0.110344 0.985741 -0.031849
vn -0.175809 0.940276 0.038159
vn -0.123251 -0.446949 -0.870367
vn -0.059638 -0.577630 -0.808562
vn 0.074225 0.970842 -0.138857
vn -0.352280 0.333660 -0.601304
vn -0.154132 -0.093317 -0.880209
vn -0.062702 0.942396 -0.130102
vn 0.107617 0.954694 -0.219874
vn -0.253178 -0.289406 -0.902682
vn 0.094505 0.954366 -0.227005
vn -0.181981 0.514495 -0.647599
vn -0.021579 0.949060 -0.259594
vn -0.247523 0.070016 -0.894333
vn -0.070484 0.971733 -0.101609
vn -0.050841 0.678696 -0.568274
vn -0.189402 0.214834 -0.852190
vn -0.021270 0.889223 -0.418936
vn -0.166106 0.873012 -0.408991
vn -0.182657 0.955609 -0.160831
vn -0.164365 0.442091 -0.723266
vn -0.333315 -0.057215 -0.850959
vn -0.236841 0.296994 -0.780864
vn -0.311037 -0.708673 -0.633276
vn -0.147926 0.585830 -0.680684
vn 0.016132 -0.027336 -0.843053
vn -0.234309 -0.262680 -0.875744
vn 0.087356 -0.185945 -0.761017
vn 0.234526 -0.651436 -0.719885
vn -0.112633 0.057769 -0.808685
vn 0.169066 -0.677141 -0.716168
vn 0.146305 -0.642024 -0.743404
vn -0.027338 -0.602745 -0.790467
vn -0.062394 0.985829 -0.152655
vn -0.008813 0.970587 -0.194328
vn -0.131727 0.946663 -0.238796
vn -0.169374 0.793568 -0.449565
vn -0.214171 0.879758 -0.318216
vn -0.453141 0.708490 -0.482175
vn 0.065960 0.914867 -0.319518
vn -0.164069 0.866432 -0.370481
vn -0.184887 0.617290 -0.730851
vn 0.122619 0.782559 -0.545452
vn 0.126597 0.696937 -0.678308
vn -0.417895 0.616860 -0.593878
vn 0.009691 0.654251 -0.727095
vn -0.396383 0.722462 -0.520129
vn -0.072781 0.768126 -0.631283
vn -0.481710 0.740337 -0.396642
vn -0.177567 0.771054 -0.532468
vn -0.243361 0.637986 -0.716995
vn 0.035630 0.732376 -0.643495
vn -0.143959 0.451653 -0.834495
vn -0.381743 0.573853 -0.563902
vn 0.081516 0.757792 -0.577050
vn -0.224579 0.651163 -0.637451
vn -0.357518 0.792935 -0.451298
vn -0.068700 0.707399 -0.703398
vn -0.024675 0.406338 -0.885679
vn -0.343901 0.872668 -0.324369
vn -0.016524 0.852231 -0.447812
vn -0.282026 0.862411 -0.338375
vn 0.040298 0.711709 -0.668087
vn -0.162761 0.597836 -0.656192
vn 0.259180 0.655691 -0.681709
vn -0.084820 0.913356 -0.390724
vn -0.012422 0.830069 -0.396826
vn -0.055527 0.660786 -0.681814
vn -0.024376 0.848022 -0.372519
vn 0.363996 0.815680 -0.443045
vn 0.257056 0.863286 -0.294273
vn 0.398883 0.841116 -0.305962
vn 0.326201 0.870283 -0.315835
vn -0.057158 0.992408 -0.105332
vn -0.032715 0.992563 -0.112799
vn -0.018375 0.994847 -0.048559
vn -0.034180 0.991311 -0.097670
vn -0.072254 0.970770 -0.222031
vn 0.013695 0.985206 0.146495
vn 0.008137 0.992907 0.066833
vn 0.030294 0.987925 0.131045
vn -0.042120 0.983364 -0.137054
vn -0.020993 0.993336 0.094873
vn 0.032980 0.984187 0.032328
vn -0.001765 0.987830 -0.099126
vn 0.004079 0.996177 0.023850
vn -0.005243 0.992968 0.071925
vn -0.022384 0.966555 -0.009504
vn -0.032589 0.986424 -0.155819
vn -0.053548 0.969448 -0.230628
vn 0.090764 0.986180 0.122204
vn -0.069186 0.974793 -0.052773
vn 0.032814 0.981295 0.186919
vn -0.144874 0.925991 -0.310309
vn -0.007411 0.992813 -0.038504
vn -0.048696 0.971910 -0.208332
vn -0.013555 0.949388 -0.228166
vn -0.028227 0.987468 0.032943
vn 0.032854 0.988528 0.048343
vn -0.121077 0.835964 -0.475656
vn -0.058467 0.924896 -0.322885
vn 0.060892 0.985942 0.122498
vn -0.100302 0.956959 -0.252882
vn 0.035106 0.981604 0.045195
vn -0.111540 0.933040 -0.330045
vn -0.147213 0.932137 -0.296185
vn 0.051045 0.983623 -0.000123
vn -0.046149 0.925007 -0.293033
vn -0.214987 0.878046 -0.399460
vn 0.017369 0.984940 0.167734
vn -0.029459 0.989093 -0.015075
vn -0.052195 0.925676 -0.363294
vn -0.170652 0.942110 -0.190228
vn -0.026463 0.853440 -0.385633
vn -0.370058 0.780280 -0.472443
vn -0.163565 0.717709 -0.588962
vn -0.064786 0.990188 -0.037096
vn -0.192665 0.891322 -0.333016
vn -0.087318 0.849767 -0.477648
vn -0.222400 0.797281 -0.523606
vn -0.166835 0.694737 -0.630788
vn -0.194479 0.726642 -0.621906
vn -0.258421 0.648792 -0.678276
vn -0.178806 0.779136 -0.515863
vn 0.011207 0.981948 -0.025294
vn 0.002624 0.985733 0.139808
vn -0.001846 0.986592 0.099883
vn -0.055121 0.895371 -0.392125
vn -0.143980 0.684509 -0.703679
vn -0.438671 0.641539 -0.607462
vn -0.125565 0.720044 -0.642518
vn 0.003942 0.980174 0.047357
vn -0.002829 0.907401 -0.358568
vn -0.219822 0.663926 -0.669471
vn -0.060968 0.717628 -0.690570
vn -0.156218 0.772606 -0.574182
vn -0.211365 0.723106 -0.609921
vn -0.249613 0.686729 -0.649558
vn -0.325451 0.586397 -0.715448
vn -0.005961 0.946605 -0.276612
vn -0.015602 0.889143 -0.354087
vn -0.183112 0.743298 -0.563788
vn -0.059684 0.606987 -0.719004
vn -0.166578 0.633637 -0.739571
vn -0.409189 0.727152 -0.523117
vn -0.019395 0.837442 -0.534545
vn 0.059931 0.823224 -0.562116
vn -0.065854 0.964767 -0.199136
vn -0.023918 0.619579 -0.724250
vn 0.014363 0.990218 0.056585
vn -0.159854 0.425269 -0.883014
vn -0.094794 0.576958 -0.810593
vn -0.101308 0.950657 -0.273977
vn -0.289546 0.797188 -0.460648
vn 0.038153 0.843475 -0.531340
vn -0.151873 0.701561 -0.678120
vn -0.172020 0.724479 -0.545817
vn -0.076706 0.617296 -0.699931
vn -0.042115 0.969665 -0.061794
vn 0.010699 0.376641 -0.924879
vn -0.109149 0.342179 -0.931536
vn -0.031525 0.935670 -0.351466
vn -0.464160 0.745982 -0.474249
vn -0.188383 0.799800 -0.515528
vn -0.081496 0.903451 -0.346991
vn -0.081381 0.365403 -0.923441
vn -0.048004 0.969378 -0.031224
vn -0.398241 0.773292 -0.493380
vn -0.031322 0.924429 -0.349816
vn -0.190105 0.378379 -0.898585
vn -0.185197 0.646218 -0.677933
vn 0.166586 0.972762 0.009115
vn 0.182188 0.961987 0.093620
vn -0.161511 0.944635 -0.092574
vn 0.336614 0.919863 0.066542
vn 0.006103 0.975422 -0.105355
vn 0.240144 0.961281 -0.087321
vn 0.214876 0.948591 0.216354
vn 0.063230 0.983909 -0.032116
vn 0.161795 0.981479 -0.042460
vn 0.105092 0.989409 -0.087472
vn 0.002027 0.715765 -0.344923
vn -0.343946 0.278450 -0.371175
vn -0.242786 0.686182 -0.580659
vn 0.312152 0.247366 -0.829011
vn -0.032459 -0.020469 -0.806951
vn 0.239121 -0.321921 -0.888593
vn -0.304541 0.322034 -0.717137
vn -0.103707 -0.306317 -0.879818
vn -0.336624 0.841549 -0.404453
vn -0.058290 -0.267665 -0.862563
vn -0.280034 0.644583 -0.634497
vn -0.134676 -0.152276 -0.811378
vn -0.337661 0.769793 -0.519014
vn -0.117718 -0.751036 -0.649682
vn -0.152381 0.133316 -0.746116
vn -0.018708 -0.651725 -0.758224
vn -0.011170 0.488920 -0.793033
vn 0.202393 0.286329 -0.840752
vn 0.151783 0.020050 -0.966166
vn 0.010215 0.818996 -0.500221
vn 0.351956 -0.167940 -0.918606
vn -0.101774 0.075432 -0.987531
vn 0.251015 0.292288 -0.806983
vn -0.132604 0.854369 -0.415159
vn -0.251005 0.370706 -0.794271
vn -0.075363 0.987211 -0.041838
vn -0.536605 -0.030851 -0.822930
vn -0.645131 0.194736 -0.477426
vn -0.005452 0.993431 -0.063629
vn -0.259982 0.913585 -0.064096
vn -0.046788 0.974265 0.136333
vn -0.084714 0.951721 0.249928
vn -0.797924 -0.101046 -0.469703
vn -0.540208 0.349912 -0.325342
vn -0.100883 0.936739 0.294814
vn -0.120045 0.930834 0.228383
vn -0.848342 -0.288190 -0.384523
vn -0.042485 0.921857 0.369899
vn -0.576076 -0.268494 -0.719382
vn -0.135570 0.936937 0.073095
vn 0.125416 0.971342 0.201795
vn -0.530144 -0.033381 -0.821368
vn -0.124260 0.947878 -0.256734
vn -0.319921 0.329942 -0.622507
vn -0.236650 -0.248619 -0.870079
vn -0.020312 0.822812 -0.556882
vn -0.039227 0.035694 -0.811172
vn -0.002697 -0.360591 -0.930892
vn -0.146281 0.777161 -0.562298
vn -0.120467 -0.024489 -0.898783
vn -0.109559 -0.142508 -0.966142
vn -0.214472 0.485925 -0.634155
vn -0.299689 0.887628 -0.348939
vn -0.383506 0.052109 -0.712260
vn -0.446317 0.657539 -0.199211
vn -0.436337 0.355854 -0.414369
vn 0.054422 0.103282 -0.751672
vn -0.067206 -0.633508 -0.716735
vn -0.145687 -0.455418 -0.290087
vn -0.088786 0.681626 -0.678562
vn 0.139773 0.474889 -0.807661
vn 0.029338 0.660094 -0.730381
vn 0.075728 0.045508 -0.686533
vn -0.090314 -0.227381 -0.499298
vn 0.123208 0.787789 -0.577572
vn 0.431387 -0.374061 -0.765700
vn -0.016900 0.970150 -0.241917
vn 0.299795 0.488961 -0.671400
vn 0.090713 0.905829 -0.405722
vn 0.267939 0.787678 -0.534954
vn 0.406104 0.559788 -0.601187
vn 0.321347 0.768008 -0.553986
vn 0.255713 -0.632808 -0.676685
vn 0.161995 -0.331713 -0.687353
vn -0.067519 -0.705473 -0.704352
vn -0.045425 -0.426757 -0.760039
vn -0.088245 -0.718454 -0.689930
vn -0.120065 0.756229 -0.642407
vn -0.143267 0.842542 -0.494936
vn -0.100382 0.899730 -0.308106
vn -0.192393 0.859223 -0.449696
vn -0.087609 0.926461 -0.155118
vn -0.142407 0.950930 -0.061380
vn -0.099226 0.938187 -0.085742
vn -0.313468 0.943169 -0.069387
vn -0.050473 0.873476 -0.112496
vn -0.415747 0.770684 -0.277803
vn -0.321880 0.520929 -0.505876
vn 0.133933 0.844732 -0.346216
vn -0.115092 0.153726 -0.839740
vn -0.081518 0.389694 -0.540284
vn -0.140209 -0.381466 -0.880127
vn 0.244652 -0.364878 -0.860983
vn 0.288645 0.206591 -0.675336
vn 0.136576 0.446873 -0.705773
vn 0.233734 0.930270 -0.083594
vn 0.231210 0.868641 -0.089203
vn 0.111696 0.983826 0.040282
vn 0.057730 0.728272 -0.384444
vn 0.203153 0.934013 0.248266
vn 0.167098 0.957433 0.156144
vn -0.196307 0.554109 -0.808966
vn 0.151494 0.934382 0.305305
vn 0.146150 0.925611 0.336288
vn -0.013489 0.993197 0.048308
vn 0.028796 0.993320 0.082742
vn -0.029125 0.984409 0.035181
vn -0.007988 0.993775 -0.036463
vn 0.030242 0.990357 0.053188
vn -0.055106 0.991537 -0.012833
vn -0.055163 0.971023 -0.203099
vn -0.024227 0.988257 -0.115500
vn 0.037036 0.993684 0.053166
vn -0.109301 0.914028 -0.335582
vn 0.066794 0.993334 0.075299
vn -0.128580 0.867559 -0.452834
vn -0.088605 0.921845 -0.301849
vn -0.078872 0.966590 -0.214287
vn -0.045499 0.957156 -0.261488
vn 0.051197 0.995699 -0.019990
vn 0.065984 0.973816 -0.067038
vn -0.177884 0.724518 -0.631117
vn -0.109986 0.931148 -0.340578
vn -0.081665 0.911918 -0.394230
vn -0.001611 0.977960 -0.191873
vn 0.084182 0.989182 -0.033434
vn -0.096924 0.705756 -0.679875
vn -0.047517 0.923298 -0.370437
vn -0.007894 0.982464 -0.134426
vn -0.141656 0.545743 -0.765757
vn -0.145881 0.618185 -0.759534
vn -0.048094 0.963756 -0.261181
vn 0.013585 0.991123 0.083232
vn -0.020109 0.936624 -0.277676
vn -0.100503 0.551476 -0.801059
vn -0.072653 0.940474 -0.326529
vn -0.067486 0.947823 -0.307674
vn -0.038371 0.988458 0.079138
vn -0.028928 0.988944 -0.006341
vn -0.320273 0.543500 -0.741682
vn -0.189652 0.639307 -0.718599
vn -0.057848 0.946563 -0.299912
vn -0.021143 0.987515 -0.080755
vn -0.005352 0.991279 0.014107
vn -0.083075 0.826258 -0.552328
vn -0.232410 0.444304 -0.853853
vn -0.234383 0.731565 -0.632110
vn -0.029678 0.921932 -0.320335
vn -0.195626 0.851131 -0.406652
vn -0.218420 0.734540 -0.544999
vn -0.084788 0.903117 -0.416137
vn -0.018478 0.980886 -0.154216
vn 0.042844 0.998157 -0.020112
vn 0.018267 0.963839 -0.208502
vn -0.060097 0.861262 -0.489894
vn -0.062480 0.900713 -0.367744
vn -0.085547 0.732398 -0.587643
vn -0.238635 0.849461 -0.305047
vn -0.050870 0.913446 -0.396891
vn -0.040436 0.946789 -0.307536
vn 0.001186 0.990259 -0.082100
vn -0.095647 0.858279 -0.468491
vn -0.095475 0.981340 -0.043385
vn -0.112902 0.968007 -0.107972
vn -0.057800 0.966731 -0.245634
vn -0.008509 0.996581 -0.028845
vn -0.088172 0.919641 -0.363986
vn -0.169911 0.899953 -0.375498
vn -0.014022 0.978985 -0.020418
vn -0.121370 0.985674 0.117114
vn -0.042191 0.944003 -0.196237
vn -0.057886 0.985215 -0.156363
vn -0.038579 0.995689 -0.047273
vn -0.140890 0.963558 -0.149595
vn -0.138879 0.944966 0.201988
vn -0.041540 0.988300 -0.101039
vn -0.077648 0.962179 -0.224306
vn -0.030548 0.997492 0.018963
vn -0.159431 0.939263 -0.290521
vn -0.185911 0.947001 -0.215987
vn 0.105805 0.965318 -0.016747
vn 0.088347 0.950490 0.272325
vn -0.069544 0.847322 -0.118782
vn -0.083312 0.972439 -0.185614
vn -0.107973 0.902289 0.101466
vn -0.067806 0.976662 -0.198177
vn -0.021818 0.986331 -0.118253
vn -0.059622 0.974796 -0.173181
vn -0.209382 0.963483 -0.127705
vn 0.244510 0.936854 -0.039317
vn -0.076888 0.984357 -0.153784
vn -0.000169 0.998088 0.043225
vn -0.154631 0.962811 -0.221426
vn -0.012682 0.985250 -0.083485
vn -0.025534 0.975925 -0.188384
vn -0.327720 0.925149 -0.124415
vn -0.126082 0.975068 -0.154775
vn 0.267747 0.940588 0.002703
vn -0.059674 0.974132 -0.182793
vn -0.102304 0.969242 -0.216926
vn -0.040064 0.956009 -0.282172
vn -0.177612 0.972485 0.003204
vn -0.118414 0.987992 -0.002414
vn -0.071215 0.963807 -0.243792
vn -0.021919 0.994988 -0.018948
vn -0.031544 0.942043 -0.312102
vn -0.003061 0.940864 -0.328372
vn -0.030362 0.972334 -0.224193
vn -0.071743 0.964890 -0.232127
vn -0.000699 0.992601 -0.058969
vn -0.015901 0.941027 -0.311572
vn 0.046440 0.977354 -0.110482
vn 0.027976 0.990266 -0.005927
vn -0.134328 0.987921 0.053997
vn -0.048712 0.971812 -0.223975
vn -0.023985 0.985689 -0.132393
vn -0.025448 0.944160 -0.302595
vn -0.039040 0.981345 0.111396
vn -0.131867 0.976354 0.142028
vn 0.035319 0.995438 -0.074904
vn -0.022535 0.942281 -0.284219
vn 0.100509 0.978933 0.158606
vn -0.022668 0.977067 -0.122335
vn -0.100709 0.960438 -0.239892
vn 0.012724 0.993515 -0.096122
vn 0.047002 0.983054 0.152841
vn -0.035383 0.983048 -0.169688
vn 0.015756 0.960219 0.263077
vn -0.042920 0.977083 -0.197517
vn -0.006968 0.969312 -0.187826
vn -0.069590 0.924570 -0.349198
vn -0.094654 0.961592 -0.165667
vn -0.116024 0.937653 -0.316460
vn -0.053193 0.986742 -0.121472
vn -0.132469 0.914641 -0.348423
vn -0.070482 0.970108 -0.223681
vn -0.068076 0.914988 -0.299997
vn -0.012332 0.959783 -0.181758
vn -0.078109 0.869116 -0.287825
vn -0.074509 0.938785 -0.331468
vn -0.064247 0.982980 -0.139862
vn -0.070146 0.980637 -0.124825
vn -0.050809 0.924503 -0.343642
vn -0.087234 0.977295 -0.158575
vn -0.106337 0.982482 -0.110943
vn -0.078643 0.942576 -0.311298
vn -0.054566 0.967071 -0.240669
vn 0.009246 0.987867 -0.111275
vn -0.037262 0.996995 -0.037761
vn -0.033958 0.991273 -0.058794
vn -0.099031 0.991270 -0.043846
vn -0.077307 0.943105 -0.317119
vn -0.018965 0.977854 -0.187280
vn 0.037251 0.978679 -0.199141
vn 0.035761 0.978175 -0.197686
vn -0.073490 0.939487 -0.318479
vn -0.002061 0.992901 -0.094041
vn -0.068051 0.945315 -0.311461
vn -0.068690 0.989803 -0.054748
vn -0.009338 0.998734 0.032187
vn -0.041000 0.997033 0.009408
vn -0.024690 0.968055 -0.238228
vn -0.074336 0.937661 -0.330986
vn -0.039683 0.974211 -0.215291
vn -0.059557 0.980538 -0.183037
vn -0.090246 0.944492 -0.308575
vn -0.053552 0.979456 -0.164588
vn -0.051704 0.991550 -0.080876
vn -0.061792 0.992310 0.073351
vn -0.097930 0.991038 0.074893
vn -0.059939 0.978461 -0.179524
vn -0.102111 0.950195 -0.269526
vn -0.060169 0.994688 0.018129
vn -0.055200 0.931065 -0.324120
vn -0.066711 0.982315 -0.151355
vn -0.050111 0.996627 -0.006046
vn -0.044994 0.989745 0.118887
vn -0.032476 0.991365 0.099325
vn -0.016110 0.961415 -0.231244
vn -0.028631 0.951383 -0.293848
vn 0.011414 0.995432 0.078994
vn -0.061646 0.994390 -0.002706
vn -0.033971 0.981721 -0.161976
vn -0.055441 0.991248 0.072085
vn 0.001291 0.994957 0.096607
vn -0.047760 0.949444 -0.302835
vn -0.148917 0.984994 0.069273
vn -0.047126 0.966518 -0.247605
vn -0.119122 0.990024 0.064886
vn -0.045105 0.992462 0.103450
vn -0.016142 0.995812 0.075466
vn -0.068977 0.947394 -0.308646
vn -0.069557 0.987612 0.087113
vn -0.102337 0.982798 0.137431
vn -0.073971 0.987685 -0.093288
vn -0.051430 0.994033 0.010429
vn -0.075597 0.944174 -0.307757
vn -0.089863 0.986697 0.093448
vn -0.189767 0.979077 0.065107
vn -0.090148 0.970724 -0.217093
vn -0.088399 0.991036 0.073588
vn -0.063382 0.994146 -0.032940
vn -0.043612 0.996132 0.029426
vn -0.047514 0.955386 -0.279751
vn -0.056629 0.984499 0.143959
vn -0.183209 0.980081 0.063552
vn -0.063490 0.988654 -0.096427
vn -0.041482 0.989300 -0.112646
vn -0.069536 0.995798 -0.054935
vn 0.020212 0.942009 -0.322570
vn -0.031489 0.994040 0.028415
vn -0.059887 0.995730 -0.015743
vn -0.101466 0.991077 0.013702
vn 0.027190 0.982818 -0.102501
vn -0.034049 0.997334 0.027859
vn -0.085097 0.984252 -0.117217
vn -0.115661 0.990500 -0.058910
vn -0.055535 0.997444 -0.029358
vn 0.055544 0.947710 -0.305754
vn 0.042154 0.981234 0.164898
vn 0.115799 0.976858 0.146748
vn -0.008835 0.996906 -0.018520
vn 0.022463 0.972782 -0.226881
vn -0.065943 0.995336 -0.066335
vn -0.014812 0.995022 0.010167
vn -0.003097 0.996615 -0.037499
vn 0.009152 0.997393 0.004929
vn -0.013560 0.995916 -0.036183
vn 0.067452 0.955555 -0.286025
vn 0.091869 0.989875 0.051593
vn 0.110730 0.974379 0.177639
vn 0.143819 0.973459 0.149082
vn -0.010569 0.994307 -0.087256
vn 0.077141 0.994953 -0.039170
vn 0.054736 0.993533 -0.058158
vn -0.033655 0.994552 -0.045628
vn 0.069369 0.995733 -0.048489
vn 0.042659 0.990966 0.065615
vn 0.010170 0.992670 0.084968
vn -0.024097 0.994321 -0.086718
vn 0.099201 0.993770 -0.049686
vn -0.115560 0.988133 -0.015260
vn -0.049505 0.987454 0.055000
vn -0.063144 0.967706 0.179322
vn -0.022695 0.995917 0.007409
vn -0.008276 0.984440 0.102957
vn 0.009269 0.995898 0.027842
vn 0.056721 0.995909 0.019606
vn 0.123900 0.992123 0.018462
vn -0.072311 0.988224 0.005173
vn -0.618226 0.299743 -0.469768
vn -0.818821 -0.428682 -0.256256
vn -0.764560 0.074352 -0.401704
vn -0.504897 -0.306547 -0.585582
vn -0.806533 0.072213 -0.369130
vn -0.450537 0.705986 -0.461583
vn -0.303280 0.183121 -0.697323
vn -0.633599 0.512824 -0.276171
vn -0.206507 0.782730 -0.511710
vn -0.446586 -0.524703 -0.685027
vn -0.075247 0.906351 -0.372131
vn -0.245813 0.821264 -0.390087
vn -0.541279 0.078631 -0.559020
vn -0.579955 0.480454 -0.024667
vn -0.491858 -0.371506 -0.750449
vn -0.368522 0.712430 -0.425804
vn -0.320627 0.051215 -0.796041
vn -0.248459 0.717617 -0.588195
vn -0.311557 -0.418913 -0.844774
vn -0.321120 0.240006 -0.730665
vn -0.253401 0.675759 -0.692198
vn 0.034072 0.950659 -0.300545
vn 0.048001 0.961920 -0.264610
vn -0.636643 0.412339 -0.420694
vn -0.679425 0.688772 0.037651
vn -0.505125 0.711821 -0.144207
vn -0.581317 0.611215 -0.262210
vn -0.394869 0.853034 0.085648
vn -0.415410 0.539959 -0.587448
vn -0.609671 0.774161 -0.073494
vn -0.356084 0.584274 -0.483613
vn -0.619149 0.780547 0.072419
vn -0.205242 0.849428 -0.316386
vn -0.032971 0.985422 -0.066510
vn -0.233328 0.926750 0.132599
vn -0.065407 0.919108 -0.268986
vn -0.337930 0.563747 -0.590285
vn 0.085060 0.959904 -0.143217
vn -0.073230 0.989197 0.077688
vn -0.185110 0.928764 -0.242415
vn -0.589796 0.320489 -0.489760
vn 0.142610 0.977205 -0.068747
vn -0.076070 0.987945 0.134824
vn -0.008955 0.970967 -0.175675
vn -0.488596 0.609410 -0.231500
vn -0.133104 0.863656 -0.347507
vn 0.239782 0.952054 -0.164995
vn -0.092036 0.968068 -0.110745
vn -0.908344 -0.265917 -0.178584
vn 0.074596 0.914266 -0.250177
vn 0.118238 0.971679 -0.130443
vn -0.060434 0.979758 -0.018980
vn -0.738189 0.000000 -0.255148
vn -0.234858 0.777001 -0.219269
vn -0.249667 0.958092 0.063823
vn -0.722750 -0.614309 -0.202260
vn -0.195735 0.978145 0.008795
vn -0.636709 0.369624 -0.172281
vn -0.465272 0.787705 -0.114534
vn -0.063269 0.989241 0.022249
vn -0.220746 0.956122 -0.029206
vn -0.541204 0.617062 -0.290141
vn -0.656128 0.316764 -0.297662
vn -0.368232 0.890793 -0.258355
vn -0.500787 -0.103943 -0.371213
vn -0.387919 0.865103 -0.097130
vn -0.608568 -0.077251 -0.430486
vn -0.442618 0.116448 -0.663635
vn -0.714114 -0.425712 -0.431511
vn -0.818283 -0.123627 -0.132600
vn -0.905472 -0.415963 0.034531
vn -0.481487 0.654208 -0.368593
vn -0.107862 0.280464 -0.687218
vn -0.856796 0.051952 0.086320
vn -0.094239 0.798036 -0.556145
vn -0.723471 0.313497 0.115485
vn -0.699890 0.252825 0.057443
vn -0.713174 -0.145201 0.584744
vn -0.754319 0.147331 0.521561
vn -0.162655 0.982334 0.031870
vn -0.869188 -0.041178 -0.269236
vn -0.718291 -0.659208 -0.222495
vn -0.004460 0.973522 0.218464
vn 0.030189 0.923472 0.370316
vn 0.011075 0.928259 0.364483
vn 0.030919 0.860355 0.504292
vn -0.004615 0.976606 0.182151
vn 0.044962 0.888731 0.449024
vn 0.024258 0.856648 0.505003
vn -0.014138 0.945828 0.289646
vn 0.016225 0.814442 0.579730
vn -0.003339 0.890451 0.431295
vn 0.004291 0.884395 0.457448
vn -0.001603 0.992526 0.071369
vn -0.050439 0.844150 0.520606
vn -0.161352 0.952076 0.224585
vn -0.015592 0.938558 0.278863
vn -0.156390 0.921106 0.321021
vn -0.023716 0.847336 0.521252
vn -0.221556 0.895538 0.329265
vn 0.091278 0.946352 0.250668
vn 0.088561 0.992881 -0.000188
vn -0.188916 0.854919 0.457967
vn -0.157863 0.873313 0.448888
vn -0.405139 0.703839 0.238859
vn -0.394849 0.769483 -0.169518
vn -0.032368 0.911798 0.350276
vn -0.118248 0.918149 0.322014
vn -0.531049 0.419652 -0.354838
vn -0.350210 0.885700 0.010486
vn -0.263556 0.925672 0.154065
vn 0.017963 0.955644 0.237411
vn 0.043920 0.990613 -0.008051
vn -0.133103 0.878827 0.448403
vn -0.252360 0.734717 0.368661
vn -0.815047 0.037222 -0.264937
vn -0.043761 0.963835 0.174936
vn 0.067902 0.990588 -0.103978
vn -0.201220 0.906490 0.159735
vn -0.595372 -0.057266 -0.697508
vn -0.234076 0.939579 0.049537
vn -0.299643 0.932026 0.101948
vn -0.123824 0.976068 0.081864
vn 0.074061 0.985559 -0.115171
vn -0.201525 0.963618 -0.089647
vn 0.103320 0.977654 0.048611
vn 0.076840 0.982812 -0.147471
vn 0.091132 0.990313 -0.073410
vn -0.153364 0.931671 -0.020984
vn -0.390927 0.891835 -0.180424
vn -0.100536 0.781542 -0.336398
vn -0.061022 0.960437 0.087481
vn 0.099975 0.975883 -0.064194
vn -0.280825 0.911103 -0.189737
vn -0.093666 0.974116 0.192056
vn -0.360991 0.902452 -0.181031
vn 0.202214 0.935637 -0.009648
vn 0.159454 0.967496 0.121657
vn 0.055079 0.993931 -0.036326
vn 0.105112 0.982569 -0.144019
vn -0.064602 0.962988 -0.226548
vn -0.145440 0.962148 -0.042845
vn 0.382059 0.754309 -0.389241
vn 0.099092 0.786994 -0.443445
vn 0.104880 0.985873 -0.011582
vn 0.056499 0.995998 0.021605
vn -0.156535 0.978130 -0.046451
vn 0.173513 0.964843 0.084432
vn -0.002647 0.999954 0.009229
vn 0.124415 0.979992 0.100712
vn 0.070010 0.991292 -0.109740
vn 0.029960 0.999055 0.006920
vn 0.090400 0.990887 0.003563
vn 0.105119 0.982496 -0.119903
vn -0.004824 0.999126 -0.028035
vn 0.177538 0.964657 0.134250
vn 0.059790 0.996634 0.018031
vn 0.090332 0.988878 0.013234
vn 0.073323 0.982998 0.099894
vn 0.153781 0.952430 0.252074
vn 0.057486 0.992440 0.039107
vn 0.085017 0.973733 0.172484
vn 0.135406 0.987363 -0.016622
vn 0.142600 0.981780 0.049661
vn 0.118535 0.986947 0.012161
vn -0.496533 0.700964 0.324002
vn -0.033731 0.994420 -0.042555
vn -0.673453 0.297640 -0.111845
vn -0.581206 0.619318 -0.057471
vn -0.181317 0.457527 -0.567790
vn -0.314179 0.078032 -0.805515
vn 0.119479 0.888016 -0.431252
vn 0.042560 0.711153 -0.659921
vn 0.211945 0.833391 -0.476560
vn -0.049104 0.998466 0.015363
vn -0.039970 0.998951 0.018219
vn -0.048342 0.998526 0.021023
vn -0.046048 0.998649 0.011953
vn -0.051379 0.998174 0.027472
vn -0.058722 0.997730 0.018477
vn -0.052841 0.998477 0.010967
vn -0.063969 0.997443 0.013124
vn -0.078375 0.994937 0.046244
vn -0.035045 0.998236 0.040602
vn -0.082189 0.995903 0.035523
vn -0.089977 0.994323 0.025144
vn -0.065685 0.996579 0.029357
vn -0.109935 0.989441 0.079436
vn -0.035937 0.998181 0.039490
vn -0.122923 0.986199 0.104692
vn -0.051895 0.996599 0.043260
vn -0.100879 0.993020 0.049569
vn -0.048922 0.994759 0.075458
vn -0.047621 0.997811 0.034008
vn -0.071744 0.994518 0.053868
vn -0.116711 0.986218 0.105392
vn -0.072080 0.993665 0.065233
vn -0.138759 0.981067 0.134890
vn -0.085749 0.985684 0.137629
vn -0.077274 0.990951 0.093454
vn 0.017330 0.997339 0.038588
vn -0.082300 0.992268 0.072955
vn 0.044918 0.995183 0.061402
vn 0.012252 0.993065 0.078364
vn -0.012289 0.999371 0.016163
vn 0.030257 0.996386 0.048810
vn -0.058108 0.981587 0.157137
vn 0.078331 0.993455 0.060769
vn -0.008549 0.990719 0.113782
vn -0.032669 0.999372 0.010154
vn -0.054447 0.995488 0.064545
vn -0.001962 0.992770 0.102926
vn -0.047408 0.998308 0.026447
vn -0.029001 0.998081 0.039781
vn -0.072195 0.992339 0.099013
vn -0.057664 0.996258 0.054869
vn -0.013511 0.998249 0.052935
vn 0.002341 0.998046 0.062349
vn -0.040895 0.993892 0.096669
vn -0.005731 0.997691 0.063562
vn -0.002692 0.998145 0.059738
vn -0.245609 0.967632 0.021150
vn -0.329317 0.931751 0.115724
vn -0.320144 0.939977 0.085533
vn -0.282550 0.943695 0.086024
vn -0.292905 0.945930 0.085796
vn -0.326002 0.941573 0.078663
vn -0.070517 0.995967 0.004174
vn -0.050896 0.995124 0.025522
vn -0.066988 0.997253 -0.018645
vn -0.295681 0.951541 0.066739
vn -0.265634 0.957820 0.061705
vn -0.011875 0.998672 -0.001226
vn -0.248001 0.963514 0.021711
vn -0.032708 0.995247 -0.026682
vn 0.016552 0.999077 -0.028178
vn -0.274809 0.960062 0.004433
vn -0.228180 0.970993 -0.009944
vn -0.079789 0.992104 -0.040143
vn 0.024794 0.998512 -0.048009
vn -0.249010 0.955384 0.088674
vn -0.207609 0.961249 0.135666
vn -0.119494 0.984950 0.110197
vn -0.147355 0.984013 0.099580
vn -0.145474 0.983734 0.086274
vn -0.137003 0.979283 0.017672
vn -0.133447 0.983509 -0.058637
vn -0.034533 0.990175 0.076588
vn -0.047650 0.993905 -0.090599
vn 0.004074 0.978361 -0.169704
vn -0.080032 0.981172 -0.160127
vn 0.088419 0.977324 -0.159448
vn -0.023712 0.992317 -0.110797
vn 0.016240 0.974194 -0.215559
vn -0.362217 0.928030 -0.066059
vn -0.347153 0.935940 -0.020290
vn -0.381622 0.922463 -0.025465
vn -0.311515 0.946288 -0.052486
vn -0.332538 0.939114 -0.058664
vn -0.339857 0.934728 -0.088009
vn -0.331797 0.936277 -0.090620
vn -0.338367 0.937393 -0.064911
vn -0.349910 0.910470 -0.195989
vn -0.331387 0.937698 -0.072834
vn -0.330696 0.938183 -0.080135
vn -0.281466 0.939375 -0.166305
vn -0.383923 0.914829 -0.111352
vn -0.312022 0.946327 -0.056343
vn -0.402933 0.869963 -0.250309
vn -0.180378 0.952511 -0.204082
vn -0.241963 0.966978 -0.058316
vn -0.247089 0.963555 -0.094602
vn -0.214598 0.969655 -0.101717
vn -0.243809 0.965277 -0.078989
vn -0.459472 0.884863 -0.076832
vn -0.385693 0.853154 -0.337809
vn -0.320845 0.902592 -0.257080
vn -0.195326 0.956165 -0.196368
vn -0.337275 0.867414 -0.327896
vn -0.262059 0.959982 -0.062044
vn -0.110334 0.979579 -0.132972
vn -0.182484 0.979364 -0.078828
vn -0.187298 0.976731 -0.089586
vn -0.181179 0.976142 -0.118784
vn -0.225362 0.965380 -0.126000
vn -0.119154 0.986867 0.026262
vn -0.197210 0.969862 -0.123078
vn -0.062216 0.996265 0.001458
vn -0.210590 0.974768 -0.065644
vn -0.152041 0.978990 -0.127504
vn -0.173895 0.976926 -0.122895
vn -0.180741 0.979627 0.078437
vn -0.064851 0.995808 -0.007652
vn -0.100217 0.987374 -0.100812
vn -0.097223 0.989837 -0.091617
vn -0.123335 0.982971 -0.091809
vn -0.095758 0.989186 0.089882
vn -0.043302 0.994720 0.087843
vn -0.049737 0.997268 0.051483
vn -0.067366 0.991793 -0.106792
vn -0.110762 0.989915 0.053785
vn -0.013890 0.997557 -0.049795
vn -0.044895 0.997737 0.044923
vn -0.053551 0.994438 -0.090420
vn -0.030234 0.991766 -0.107178
vn -0.139199 0.988034 0.026029
vn -0.035488 0.995593 0.071083
vn -0.056460 0.991031 0.109002
vn -0.032262 0.993173 -0.101277
vn -0.085947 0.994350 -0.027674
vn -0.037095 0.997056 -0.021973
vn -0.008828 0.994708 0.079063
vn -0.056863 0.991908 0.098321
vn -0.110358 0.993259 -0.031959
vn -0.057032 0.987360 0.138363
vn -0.042623 0.995336 0.083280
vn -0.083132 0.985836 0.142529
vn -0.076981 0.995210 -0.037543
vn -0.055427 0.993660 -0.029830
vn -0.069913 0.993196 0.076227
vn -0.052393 0.995924 0.058472
vn -0.086929 0.995488 -0.002667
vn -0.063328 0.995130 -0.061038
vn -0.098940 0.990696 0.065740
vn -0.072770 0.996780 -0.007028
vn -0.080861 0.991935 -0.097294
vn -0.080158 0.992958 -0.066911
vn -0.071290 0.995650 0.002649
vn -0.091364 0.992459 -0.066165
vn -0.056314 0.996708 0.054484
vn -0.059151 0.995027 -0.005700
vn -0.058990 0.995534 -0.064066
vn -0.028871 0.998176 0.016099
vn -0.025290 0.998513 0.023017
vn -0.060739 0.993587 -0.081196
vn -0.043379 0.997485 -0.032753
vn 0.049294 0.995658 -0.068715
vn -0.011809 0.994448 0.060390
vn 0.018224 0.995530 0.065640
vn 0.007481 0.998356 0.005282
vn -0.024947 0.993481 0.109532
vn -0.003007 0.998493 0.034820
vn 0.025760 0.993965 -0.096619
vn 0.011193 0.974013 0.208303
vn -0.065842 0.978742 0.170389
vn -0.042435 0.994901 0.062293
vn -0.051126 0.996367 0.001613
vn 0.026063 0.997154 -0.069493
vn 0.048153 0.995327 -0.074549
vn -0.017301 0.959548 0.267507
vn 0.017501 0.993580 -0.090083
vn 0.052843 0.996167 -0.062535
vn -0.047219 0.959202 0.263343
vn -0.076413 0.993817 0.064178
vn -0.075123 0.994161 0.011520
vn -0.006916 0.996576 -0.082168
vn -0.005015 0.992395 -0.114161
vn 0.019775 0.998380 -0.015203
vn 0.024017 0.998846 -0.003602
vn -0.173970 0.975151 0.120313
vn -0.082022 0.980803 0.149750
vn 0.005572 0.987067 -0.155445
vn -0.050035 0.997134 0.045288
vn -0.164324 0.982204 0.018597
vn -0.155910 0.977253 0.113068
vn -0.092265 0.994400 0.025770
vn 0.054585 0.989500 0.063404
vn 0.004071 0.994240 -0.068278
vn 0.025512 0.987271 -0.148734
vn -0.031373 0.997828 0.046652
vn -0.053713 0.997331 0.033951
vn -0.250331 0.965406 0.047693
vn -0.067329 0.994949 0.039074
vn -0.016060 0.995545 0.017950
vn -0.061859 0.990298 -0.121935
vn 0.007708 0.989513 -0.137231
vn -0.023212 0.992244 -0.097888
vn -0.037068 0.998225 0.021229
vn -0.050806 0.996868 0.055741
vn -0.049684 0.997464 0.017808
vn -0.229679 0.968949 0.033233
vn -0.110449 0.993780 -0.013837
vn -0.137278 0.982343 0.063405
vn -0.130406 0.989226 0.035128
vn -0.060212 0.992808 0.005802
vn 0.020994 0.996370 -0.076847
vn 0.000258 0.983457 -0.179800
vn -0.058629 0.997176 0.000161
vn -0.011185 0.999021 0.033478
vn -0.260200 0.957682 0.085934
vn -0.088122 0.995351 0.003369
vn -0.071460 0.995868 0.019159
vn 0.048940 0.995662 -0.040843
vn 0.010655 0.999280 0.001321
vn 0.007727 0.993077 -0.083207
vn -0.030186 0.999353 -0.017717
vn -0.080170 0.995767 0.044079
vn -0.021299 0.999278 0.027503
vn -0.035143 0.998757 0.022654
vn -0.282818 0.939436 0.170160
vn -0.231786 0.960196 0.101958
vn -0.246934 0.954925 0.126040
vn -0.012747 0.998830 0.037797
vn -0.014728 0.997704 -0.038393
vn -0.041026 0.997744 -0.005142
vn 0.021202 0.997000 -0.008644
vn 0.021855 0.998269 -0.008013
vn -0.075065 0.993776 0.025740
vn -0.026307 0.999028 0.013934
vn -0.176215 0.962869 0.162642
vn -0.026473 0.998783 0.037720
vn -0.006799 0.999385 0.022545
vn 0.054312 0.997397 0.026045
vn 0.145528 0.985055 -0.020277
vn 0.024007 0.998922 0.018639
vn -0.032751 0.997696 -0.019259
vn -0.020597 0.998154 -0.016250
vn -0.337549 0.909369 0.230130
vn -0.339323 0.907458 0.194653
vn -0.018627 0.997628 0.018415
vn -0.015160 0.998643 0.035185
vn 0.008849 0.998869 0.033884
vn 0.092270 0.994780 0.025453
vn 0.096764 0.985976 -0.088925
vn 0.052223 0.996705 -0.035933
vn 0.016078 0.997111 0.034669
vn -0.006604 0.998666 0.016174
vn -0.187720 0.954737 0.186994
vn -0.024698 0.997004 0.025878
vn 0.046603 0.997690 -0.014558
vn 0.126661 0.988262 -0.031543
vn 0.122674 0.987706 -0.033110
vn -0.011038 0.998648 0.016120
vn 0.020660 0.999269 -0.008418
vn 0.011861 0.996378 -0.078789
vn 0.033581 0.995085 0.019111
vn -0.308439 0.903693 0.247220
vn -0.074612 0.980618 0.089538
vn 0.004459 0.999545 0.022623
vn -0.034355 0.998248 0.019566
vn 0.019144 0.999078 0.025871
vn 0.027402 0.998641 0.019868
vn 0.160837 0.984850 0.005306
vn 0.139705 0.983549 -0.066300
vn -0.016820 0.993613 0.068211
vn -0.012938 0.990005 -0.126011
vn 0.022743 0.991202 -0.128095
vn -0.021264 0.996182 -0.065112
vn 0.025174 0.989866 0.039487
vn -0.373960 0.882129 0.231427
vn -0.392794 0.877098 0.231157
vn 0.007125 0.999131 0.027478
vn -0.001753 0.999732 0.012380
vn -0.041123 0.997942 0.013855
vn 0.003437 0.999908 -0.003228
vn -0.033176 0.997872 -0.021170
vn 0.035558 0.992910 -0.055488
vn 0.058503 0.988692 0.113791
vn -0.000511 0.999425 0.006031
vn -0.013456 0.999748 -0.012623
vn 0.138996 0.988206 0.020081
vn -0.137257 0.961428 0.177243
vn -0.295614 0.866738 0.362096
vn 0.036982 0.995683 0.075877
vn -0.052069 0.997614 0.029067
vn 0.096941 0.987888 -0.106972
vn -0.045039 0.994412 -0.029440
vn 0.001039 0.998426 0.025157
vn 0.005479 0.998134 0.028006
vn -0.012722 0.991002 0.080166
vn -0.025789 0.981133 -0.183622
vn -0.008321 0.981976 -0.180798
vn 0.000394 0.981612 0.034551
vn -0.037300 0.922302 0.330162
vn -0.032932 0.998022 0.030411
vn -0.041989 0.998031 -0.018219
vn -0.031173 0.992055 -0.072756
vn 0.099973 0.988212 -0.071392
vn -0.035773 0.995182 0.003244
vn -0.053097 0.990808 0.117216
vn -0.004796 0.999498 -0.004319
vn -0.028776 0.990331 -0.128677
vn 0.043783 0.981438 0.064221
vn -0.185759 0.921894 0.217036
vn -0.119635 0.885646 0.411126
vn 0.012358 0.962574 0.222618
vn -0.015035 0.994061 0.102231
vn -0.031969 0.996186 0.069528
vn -0.075824 0.996049 -0.002591
vn -0.120600 0.991992 -0.016109
vn 0.097724 0.985814 -0.117390
vn -0.059937 0.994968 0.054187
vn -0.011390 0.998359 0.041545
vn 0.006121 0.998603 -0.029482
vn 0.091259 0.991568 -0.020155
vn -0.060082 0.991448 0.084032
vn -0.010331 0.985218 -0.157552
vn 0.129117 0.985717 0.075253
vn -0.223657 0.886736 0.365128
vn -0.018470 0.841860 0.527070
vn 0.029980 0.834251 0.539445
vn -0.065686 0.995891 0.046711
vn -0.060599 0.996766 0.032072
vn -0.033474 0.992707 -0.039159
vn 0.110914 0.988426 -0.101959
vn 0.074581 0.984492 -0.133778
vn -0.044992 0.998138 -0.001861
vn -0.025977 0.997310 -0.045786
vn 0.069978 0.993657 -0.046245
vn 0.003780 0.993896 -0.098404
vn 0.145627 0.985763 0.084052
vn -0.001529 0.970910 0.175560
vn -0.086057 0.963732 0.232443
vn 0.041131 0.832690 0.537167
vn 0.036370 0.794526 0.564254
vn -0.036052 0.989634 0.130022
vn -0.072784 0.993416 0.070446
vn 0.003526 0.985418 0.148371
vn 0.138409 0.979521 -0.093082
vn 0.180718 0.975842 -0.106930
vn 0.139697 0.983220 -0.096443
vn -0.076329 0.991441 0.079306
vn -0.002722 0.995757 -0.086049
vn 0.083132 0.990837 -0.088454
vn 0.084050 0.988275 -0.119823
vn -0.029404 0.994945 -0.092652
vn 0.013430 0.976180 0.189692
vn 0.073620 0.956400 0.257860
vn 0.088893 0.837348 0.496529
vn -0.043196 0.940576 0.305607
vn -0.029760 0.996479 0.023485
vn 0.027798 0.998451 0.007954
vn 0.066856 0.994553 0.011140
vn -0.076676 0.977847 0.183596
vn 0.142166 0.982729 -0.054362
vn -0.064250 0.996455 -0.044967
vn 0.010441 0.989594 -0.136643
vn 0.019996 0.995149 -0.095930
vn 0.046605 0.994759 -0.084011
vn 0.007591 0.993094 -0.109720
vn -0.009811 0.982992 0.165489
vn 0.169234 0.773618 0.538560
vn 0.059080 0.689552 0.658706
vn -0.108689 0.977425 0.166108
vn -0.051569 0.990141 0.082336
vn -0.080213 0.975381 0.190383
vn 0.169009 0.981467 -0.059703
vn 0.168207 0.977419 -0.086488
vn 0.280467 0.952948 -0.084577
vn -0.098564 0.980877 0.155311
vn -0.099471 0.993814 -0.021709
vn -0.022476 0.993472 -0.098444
vn -0.075211 0.996669 -0.030976
vn 0.040888 0.990620 -0.122402
vn 0.042549 0.994118 -0.097217
vn 0.022028 0.986859 0.145322
vn 0.066264 0.989459 0.118911
vn 0.061644 0.979285 0.135691
vn 0.164343 0.950011 0.212075
vn -0.031388 0.666762 0.635882
vn -0.217394 0.918343 0.318740
vn 0.109923 0.991178 -0.028480
vn 0.153218 0.985295 -0.055097
vn 0.144510 0.987605 -0.026357
vn 0.305793 0.941608 -0.080683
vn 0.334199 0.926408 -0.027845
vn -0.083025 0.988163 0.113656
vn -0.063479 0.994334 -0.063591
vn 0.002260 0.987432 -0.150783
vn -0.010430 0.990418 -0.128308
vn -0.003244 0.996877 -0.076228
vn 0.011612 0.992573 0.096715
vn 0.182517 0.966796 0.052657
vn 0.142353 0.549159 0.806505
vn -0.007376 0.991571 0.064397
vn 0.167407 0.982816 -0.062379
vn 0.085271 0.990107 0.047517
vn -0.101358 0.986925 0.113269
vn -0.007811 0.995763 -0.088405
vn 0.040760 0.989115 -0.118298
vn 0.091986 0.990460 -0.097986
vn 0.063880 0.994520 -0.059738
vn 0.047740 0.995731 -0.064671
vn 0.028239 0.990771 0.119161
vn 0.144297 0.986665 -0.001535
vn 0.201599 0.827974 0.428254
vn 0.124260 0.597243 0.779995
vn 0.434335 0.887390 -0.125566
vn 0.200170 0.964276 0.124192
vn -0.087611 0.986953 0.129175
vn -0.071360 0.995568 0.011628
vn -0.052092 0.994884 -0.055914
vn 0.000780 0.981677 -0.168034
vn 0.016498 0.997061 -0.054180
vn 0.064235 0.996153 -0.053635
vn 0.018636 0.989309 -0.140375
vn 0.134497 0.988171 -0.058811
vn 0.122477 0.980898 0.105183
vn -0.091199 0.981499 0.124671
vn 0.301661 0.937620 -0.094947
vn 0.361242 0.914942 0.061165
vn 0.028713 0.983563 0.130487
vn -0.036605 0.992452 0.106918
vn -0.150421 0.976717 0.146311
vn -0.015763 0.995485 -0.091940
vn -0.004555 0.983775 -0.141763
vn 0.055572 0.982433 -0.151466
vn 0.027939 0.994750 -0.084557
vn 0.038232 0.997628 -0.047120
vn 0.021196 0.993510 -0.100187
vn 0.009033 0.991580 -0.125513
vn 0.135878 0.816425 0.439712
vn 0.292858 0.950512 -0.055501
vn 0.407104 0.896772 -0.128273
vn 0.321481 0.913668 -0.022844
vn 0.102485 0.953013 0.217549
vn -0.058848 0.993946 0.085259
vn -0.140409 0.981265 0.119788
vn -0.001050 0.998769 0.030591
vn -0.001890 0.998601 -0.034657
vn 0.087970 0.971027 -0.209643
vn 0.070866 0.969793 -0.230926
vn 0.103592 0.992004 -0.020906
vn 0.068551 0.991534 -0.096201
vn 0.007133 0.998700 -0.047166
vn 0.006105 0.992393 -0.121125
vn 0.092800 0.987796 0.082329
vn 0.095247 0.923702 0.261457
vn -0.129864 0.963772 0.208710
vn 0.093164 0.946969 0.205345
vn -0.016379 0.994261 0.099944
vn 0.041958 0.985444 -0.131025
vn 0.065461 0.969969 -0.217239
vn 0.067545 0.975800 -0.202890
vn 0.080041 0.986381 -0.120183
vn 0.091414 0.992899 -0.007241
vn 0.030715 0.996119 -0.075782
vn 0.113058 0.985887 -0.094159
vn 0.013189 0.994545 -0.090159
vn 0.006687 0.985573 -0.152201
vn 0.532224 0.809344 0.039078
vn 0.543079 0.805108 0.049390
vn -0.083828 0.947306 0.277172
vn -0.091645 0.986859 0.107150
vn -0.020974 0.997150 0.044590
vn 0.107364 0.981722 -0.140635
vn 0.101864 0.992626 -0.010326
vn 0.125830 0.990682 -0.008104
vn 0.085119 0.987011 -0.126989
vn 0.005967 0.999406 -0.018390
vn 0.029078 0.989825 -0.122738
vn 0.023247 0.987778 -0.149870
vn -0.201318 0.937052 0.268283
vn 0.264169 0.919270 0.182472
vn 0.087467 0.966465 0.221925
vn -0.061868 0.994691 0.071947
vn -0.047428 0.996422 0.067417
vn 0.070176 0.974593 -0.200050
vn 0.044258 0.981503 -0.173881
vn 0.070450 0.994172 -0.062219
vn 0.115711 0.982732 -0.130627
vn 0.033762 0.993918 -0.087789
vn -0.023718 0.997884 0.024708
vn 0.061365 0.989926 -0.097830
vn -0.029091 0.982366 -0.158721
vn 0.434863 0.807691 0.314628
vn -0.104994 0.938041 0.295386
vn -0.253450 0.903353 0.324448
vn -0.063799 0.978639 0.175449
vn 0.084576 0.982428 -0.147509
vn 0.064678 0.984556 -0.144262
vn 0.168517 0.976643 -0.097738
vn 0.157228 0.985251 0.020444
vn 0.139647 0.978788 -0.115611
vn 0.157690 0.972998 -0.164214
vn 0.136788 0.977136 -0.153831
vn 0.010360 0.998869 -0.041054
vn 0.011395 0.988159 -0.105818
vn -0.010478 0.973038 -0.199332
vn 0.073240 0.918261 0.308780
vn -0.103902 0.958657 0.217160
vn -0.094421 0.994624 0.021566
vn -0.120845 0.986361 0.092001
vn -0.064499 0.996301 0.044156
vn 0.050621 0.982435 -0.097799
vn 0.013801 0.984459 -0.143011
vn 0.198246 0.974485 -0.066716
vn 0.094921 0.984301 -0.103335
vn 0.050918 0.990166 -0.099132
vn -0.010057 0.998106 0.000416
vn 0.017147 0.990098 -0.085704
vn -0.005588 0.965868 -0.243790
vn -0.042400 0.971833 -0.206892
vn 0.155074 0.634255 0.684058
vn -0.216186 0.906768 0.333066
vn -0.197437 0.895423 0.366683
vn -0.129247 0.969622 0.203519
vn 0.065469 0.986063 -0.131467
vn 0.021050 0.980890 -0.183868
vn 0.060719 0.988364 -0.063248
vn 0.188330 0.973772 -0.085098
vn 0.063987 0.993185 -0.020699
vn 0.056335 0.993347 -0.077873
vn 0.147842 0.971790 -0.181152
vn -0.037797 0.997115 -0.011970
vn 0.032582 0.970561 -0.142167
vn -0.047436 0.964627 -0.198355
vn -0.049982 0.963634 0.229029
vn -0.123742 0.802178 0.529024
vn 0.231840 0.458691 0.770399
vn -0.208448 0.943121 0.225621
vn -0.115915 0.986276 0.078129
vn -0.066483 0.996289 -0.009670
vn -0.142190 0.936964 0.251777
vn -0.092031 0.973720 0.176954
vn -0.209912 0.944094 0.017145
vn -0.212617 0.964997 0.034602
vn -0.044326 0.974437 -0.215593
vn 0.206213 0.970569 -0.084672
vn 0.143849 0.972645 -0.174934
vn -0.049207 0.993133 -0.057856
vn 0.134231 0.976340 -0.155164
vn 0.029486 0.997122 -0.059229
vn -0.010943 0.993876 -0.049967
vn -0.024783 0.977074 -0.193831
vn 0.059042 0.959498 -0.247611
vn -0.048698 0.970178 -0.220287
vn -0.110665 0.955616 0.258647
vn -0.015462 0.561607 0.734001
vn -0.202566 0.926736 0.298409
vn -0.297977 0.928906 0.187884
vn -0.297106 0.881309 0.323489
vn -0.098187 0.994430 0.029685
vn -0.145047 0.972440 0.178365
vn 0.006172 0.994705 -0.100772
vn -0.170750 0.965371 0.035208
vn -0.365788 0.881618 0.200693
vn -0.223102 0.946405 -0.106012
vn -0.005868 0.995685 -0.030599
vn -0.161884 0.946196 -0.218483
vn 0.021597 0.997074 -0.006060
vn 0.096906 0.987719 -0.018232
vn 0.105529 0.990610 0.029991
vn 0.039428 0.993989 -0.078176
vn -0.021259 0.999506 -0.020633
vn 0.016790 0.994450 0.079798
vn -0.050154 0.942184 -0.327221
vn 0.020790 0.979631 0.040034
vn 0.001200 0.979440 -0.200156
vn -0.172607 0.914380 0.311582
vn -0.251851 -0.043231 0.648674
vn -0.394581 0.865964 0.188344
vn -0.055549 0.997320 -0.004163
vn -0.111196 0.965315 0.178893
vn -0.301630 0.902535 0.283765
vn -0.150064 0.981270 0.095134
vn -0.161335 0.972476 0.164852
vn -0.344029 0.893537 0.222817
vn -0.422567 0.880375 0.033198
vn 0.040339 0.990304 -0.005585
vn 0.081741 0.994067 0.018911
vn 0.131458 0.974440 -0.172634
vn -0.019423 0.994772 0.029676
vn -0.092990 0.983309 -0.038241
vn 0.081987 0.990171 -0.097247
vn 0.005755 0.999596 -0.015490
vn -0.018174 0.990822 -0.077861
vn -0.017643 0.963655 -0.227769
vn -0.312835 0.870507 0.112009
vn -0.047569 0.970325 -0.202671
vn -0.060257 0.933515 0.272976
vn 0.006573 0.974137 -0.224913
vn -0.009276 0.971290 -0.237458
vn -0.136318 0.956943 0.218639
vn -0.194958 0.929353 0.272006
vn -0.019183 0.916006 0.347429
vn -0.098263 0.977864 0.102346
vn 0.112170 0.555286 0.704297
vn -0.326620 0.906750 0.030662
vn -0.024926 0.998703 -0.029740
vn -0.052130 0.997273 0.019348
vn -0.160977 0.977494 0.127812
vn -0.130773 0.983679 0.101611
vn -0.081393 0.938704 0.188738
vn -0.435541 0.837723 0.283901
vn -0.017140 0.997860 -0.038806
vn 0.096307 0.986147 -0.081599
vn 0.023621 0.975070 0.065486
vn 0.047368 0.935194 -0.180326
vn 0.139216 0.975478 -0.166332
vn 0.086934 0.987313 -0.122926
vn 0.010835 0.997490 -0.059194
vn -0.029775 0.979444 -0.171120
vn -0.016907 0.959292 -0.262868
vn -0.288794 0.787882 0.021247
vn 0.006892 0.988111 -0.037106
vn -0.061541 0.966398 0.217742
vn -0.184597 0.949504 0.241450
vn 0.227145 0.158225 0.903015
vn -0.330283 0.869805 0.277316
vn -0.443394 0.859017 -0.036487
vn -0.243036 0.938394 0.062537
vn -0.151562 0.986889 0.053682
vn -0.088710 0.990104 0.040533
vn -0.272662 0.912387 0.303710
vn 0.180987 0.955088 0.078674
vn 0.034167 0.996991 -0.018886
vn 0.131173 0.975984 -0.170449
vn 0.130916 0.976622 0.096803
vn 0.179427 0.901565 -0.204908
vn 0.269033 0.909411 -0.015330
vn -0.027219 0.953732 -0.283886
vn 0.009261 0.946965 -0.315743
vn -0.302176 0.666525 0.557524
vn 0.122616 0.954104 0.183009
vn 0.008782 0.973870 -0.224140
vn -0.031914 0.971516 -0.210315
vn 0.021514 0.980678 0.017042
vn -0.114983 0.968768 0.190597
vn 0.049878 0.932947 0.291454
vn -0.500219 -0.442471 0.207450
vn 0.207512 0.752079 0.458175
vn -0.565078 0.771032 0.276288
vn -0.293983 0.929410 -0.214178
vn 0.046230 0.992415 -0.103407
vn -0.192747 0.972280 -0.021780
vn 0.220339 0.934787 0.176430
vn 0.145741 0.978168 -0.139426
vn 0.231401 0.961538 0.015409
vn 0.387979 0.908628 -0.014472
vn 0.315738 0.835011 -0.423799
vn 0.393575 0.881945 -0.124762
vn 0.098320 0.928651 -0.317408
vn 0.056268 0.954262 -0.261152
vn 0.182181 0.845919 0.378730
vn -0.704278 0.321553 0.479329
vn 0.096344 0.991788 0.058150
vn -0.380624 0.706165 -0.072854
vn 0.020250 0.990215 -0.112607
vn 0.136939 0.979868 0.039720
vn -0.267201 0.940068 0.176863
vn -0.376934 0.873332 0.138950
vn 0.023871 0.982271 -0.016159
vn -0.051843 0.998557 -0.006816
vn -0.021820 0.996074 -0.055183
vn 0.178390 0.800260 0.386073
vn 0.112260 0.981386 -0.151044
vn 0.329187 0.885480 -0.249261
vn 0.075293 0.924213 -0.330326
vn 0.342157 0.748643 0.194697
vn -0.310019 0.606726 0.435124
vn 0.018621 0.987544 -0.080041
vn 0.022199 0.997941 0.018286
vn 0.210375 0.939331 0.205632
vn 0.038033 0.971722 -0.228816
vn -0.072200 0.966935 -0.232578
vn 0.131103 0.977625 -0.084078
vn -0.005401 0.987618 0.042793
vn -0.230941 0.963488 0.086941
vn -0.405389 0.852969 0.199873
vn 0.070642 0.987417 -0.135257
vn -0.313325 0.690232 0.055134
vn 0.329632 0.884414 0.060307
vn 0.125437 0.970502 -0.203455
vn 0.246859 0.950637 -0.086737
vn 0.211435 0.932202 -0.234692
vn 0.174548 0.905288 -0.360118
vn 0.288763 0.864228 0.151981
vn 0.364942 0.743882 0.092251
vn -0.311992 0.660179 0.335707
vn -0.581678 0.575865 -0.114811
vn 0.137318 0.947338 0.230013
vn -0.250215 0.909924 -0.210331
vn 0.029448 0.992266 -0.086978
vn 0.194090 0.976000 0.018704
vn 0.192548 0.976423 -0.015439
vn -0.405212 0.877189 0.177842
vn -0.679106 0.676195 0.138412
vn 0.009009 0.970587 0.048006
vn -0.025947 0.995461 -0.056856
vn 0.018592 0.493930 -0.009707
vn 0.188397 0.939451 0.041939
vn 0.639923 0.613746 -0.074410
vn 0.108395 0.980129 -0.159649
vn 0.100890 0.970417 -0.219286
vn 0.104860 0.984066 -0.138312
vn 0.107685 0.984436 -0.129385
vn 0.108848 0.974411 -0.188604
vn 0.175908 0.974029 -0.114358
vn 0.114740 0.972380 -0.198785
vn 0.377938 0.827507 -0.215022
vn 0.239372 0.914229 -0.190985
vn -0.226249 0.823460 0.328348
vn -0.244853 0.816313 0.279932
vn -0.107014 0.977243 -0.109619
vn 0.003927 0.992905 -0.102111
vn 0.129200 0.978804 -0.045704
vn 0.335457 0.618736 -0.409189
vn 0.269577 0.907592 -0.259607
vn 0.535099 0.775566 -0.263987
vn 0.083425 0.973199 -0.207629
vn 0.083111 0.983163 -0.159080
vn -0.054417 0.936552 -0.245505
vn -0.146230 0.835752 0.403073
vn -0.149702 0.973348 -0.088261
vn 0.152194 0.984184 -0.034208
vn 0.038752 0.985039 -0.166323
vn 0.045873 0.988306 -0.145346
vn -0.362092 0.646921 0.627055
vn 0.170168 0.945470 -0.149978
vn 0.445503 0.859822 -0.162747
vn 0.079636 0.966938 -0.237092
vn 0.033029 0.976772 -0.209945
vn 0.176020 0.936965 -0.283430
vn -0.120940 0.880289 -0.375547
vn 0.391880 0.867134 0.022333
vn 0.076938 0.963239 -0.253854
vn 0.127136 0.935249 -0.320095
vn -0.210602 0.858735 -0.340809
vn 0.170410 0.945998 0.084359
vn 0.118278 0.935530 -0.258793
vn 0.196526 0.894800 0.037518
vn -0.469257 0.741916 -0.474930
vn 0.002696 0.988875 -0.006504
vn -0.000178 0.961993 0.171225
vn 0.075196 0.901430 0.400977
vn 0.087333 0.935949 -0.339762
vn -0.225157 0.878234 -0.232704
vn -0.084275 0.954542 0.038055
vn -0.043830 0.860129 0.253708
vn 0.152419 0.829217 0.524008
vn -0.056029 0.961953 0.207449
vn -0.216561 0.805071 0.343011
vn -0.086533 0.736813 0.612920
vn -0.255594 0.781114 0.403567
vn -0.314367 0.438238 0.818574
vn -0.677828 0.088067 -0.079191
vn 0.089499 0.887023 -0.142516
vn -0.010218 0.894934 -0.444078
vn 0.025717 0.769307 -0.618492
vn 0.302251 0.835124 -0.208042
vn 0.152050 0.844221 -0.434775
vn -0.040803 0.960035 0.276889
vn 0.443035 0.000582 0.449758
vn -0.435955 -0.864971 0.004082
vn -0.135514 -0.828050 0.280736
vn -0.419320 -0.782021 -0.089773
vn -0.619454 -0.578116 -0.215551
vn -0.237402 -0.715987 0.398101
vn -0.919489 -0.228407 -0.319954
vn 0.391404 -0.264748 0.567810
vn 0.392593 -0.752851 0.528285
vn 0.418606 -0.708338 0.479879
vn 0.406445 0.328967 0.625646
vn 0.426263 0.475341 -0.717181
vn 0.557442 -0.382810 -0.606110
vn 0.305298 0.637717 -0.707184
vn 0.445716 0.364008 0.651781
vn 0.375209 0.571618 0.718233
vn 0.267107 -0.728129 0.403633
vn 0.512373 -0.625436 0.377203
vn 0.472803 -0.791072 0.286413
vn 0.123684 -0.836783 0.414450
vn 0.379858 -0.359236 0.407306
vn 0.544756 -0.701326 0.442253
vn 0.186884 -0.749147 0.554489
vn 0.742300 -0.636303 0.170574
vn 0.720799 -0.591776 0.290056
vn 0.342290 0.066542 0.412467
vn 0.241258 0.267960 0.416179
vn 0.301090 0.048042 0.541569
vn 0.062307 0.969349 0.222206
vn -0.069341 0.959477 0.270063
vn 0.132197 -0.296635 0.865095
vn 0.041273 -0.779367 0.622830
vn 0.309310 -0.562630 0.605604
vn 0.534282 -0.722449 0.438874
vn 0.509600 -0.720841 0.399393
vn 0.448248 -0.210443 0.150950
vn 0.364054 0.246187 0.276797
vn 0.065253 -0.287532 0.152936
vn -0.161477 -0.316644 -0.511970
vn -0.146352 -0.942938 0.205605
vn -0.293492 -0.840496 -0.092901
vn -0.408275 -0.642332 0.436081
vn 0.018571 -0.991917 0.121191
vn -0.032391 -0.914406 -0.122284
vn -0.039326 -0.986701 0.113695
vn -0.168763 -0.983909 0.039601
vn 0.362874 -0.762736 0.178462
vn -0.145387 -0.906166 0.292455
vn -0.267368 -0.743789 0.496786
vn 0.515653 -0.623028 0.384372
vn 0.075165 -0.782238 -0.149369
vn -0.429876 -0.827207 0.014132
vn -0.580539 -0.509623 -0.145709
vn -0.452999 -0.738523 0.003854
vn -0.717142 -0.691737 -0.005223
vn -0.681216 -0.727475 0.018023
vn -0.233148 -0.886926 0.049326
vn -0.147837 -0.891164 -0.113619
vn -0.140914 -0.831767 0.117874
vn -0.253016 -0.101882 0.274548
vn -0.191784 -0.863385 -0.274803
vn -0.594900 -0.457408 -0.218276
vn -0.469474 -0.732454 0.438326
vn -0.056804 -0.812738 0.289572
vn -0.002492 -0.845014 0.153770
vn 0.104469 -0.939174 -0.062091
vn -0.063252 -0.754081 0.276351
vn -0.102156 -0.918858 -0.291635
vn -0.127246 -0.879976 0.129949
vn -0.466094 -0.825378 0.053705
vn 0.111770 -0.891462 0.433830
vn -0.128849 -0.851665 0.441894
vn -0.131968 -0.594612 0.777202
vn -0.236049 -0.659670 0.713524
vn -0.392181 -0.000000 0.130244
vn -0.617044 -0.770613 0.097160
vn -0.659098 0.000000 0.132947
vn -0.080752 0.177815 0.498762
vn -0.081559 0.831501 0.549503
vn -0.005089 0.877707 0.450719
vn 0.101355 0.000000 0.282242
vn 0.073000 0.907513 -0.312682
vn 0.109907 0.852181 -0.027111
vn 0.019264 0.898614 0.050289
vn -0.140720 0.828479 0.053886
vn -0.013499 0.759710 -0.358784
vn -0.188353 0.948135 -0.128282
vn -0.008354 0.999552 -0.028730
vn 0.044740 0.915325 0.382367
vn 0.102889 0.844504 0.512168
vn -0.143605 0.817018 0.479798
vn -0.528447 0.758799 0.015362
vn -0.502644 0.626126 -0.395648
vn -0.821912 -0.508506 0.100534
vn -0.776981 -0.482848 0.265530
vn -0.868839 -0.392229 0.179130
vn -0.848896 -0.459329 0.121722
vn -0.711173 -0.424538 0.386565
vn -0.344091 -0.683101 0.410794
vn -0.285390 0.934843 -0.099576
vn -0.357020 0.886325 -0.219813
vn -0.281377 0.876345 -0.081469
vn -0.307374 0.927591 -0.212360
vn -0.121403 0.968520 -0.042420
vn -0.223136 0.849957 -0.167853
vn -0.804783 0.581304 -0.080007
vn -0.706837 0.706291 0.014425
vn -0.287317 0.784798 0.282450
vn -0.987254 0.143432 -0.068968
vn 0.102072 -0.403582 -0.675804
vn -0.752242 -0.306676 -0.049096
vn -0.467471 -0.084422 0.720490
vn 0.024257 0.290774 0.956484
vn -0.667992 -0.474783 -0.013171
vn -0.598928 -0.469350 -0.052042
vn -0.441745 -0.697271 -0.136975
vn -0.014186 -0.999864 -0.000208
vn 0.203489 -0.963581 0.026112
vn 0.075065 -0.966825 -0.016966
vn -0.179809 -0.416531 0.140214
vn 0.338766 -0.938461 -0.067287
vn 0.216009 -0.400321 0.452963
vn -0.190485 0.000000 -0.164575
vn 0.199094 -0.454739 0.324514
vn -0.176928 0.724800 0.574163
vn -0.254608 0.540117 -0.050048
vn 0.325624 0.907718 0.107769
vn -0.003022 0.586720 0.058900
vn 0.375669 0.911838 -0.010248
vn 0.256153 0.964510 -0.064078
vn -0.314536 0.544893 0.004991
vn -0.499123 -0.199807 -0.635156
vn -0.330952 0.005211 -0.827727
vn -0.314326 -0.513464 -0.798470
vn -0.234091 0.916284 -0.325001
vn 0.764120 0.015599 -0.565503
vn 0.808503 0.020465 -0.012829
vn 0.800855 0.342725 -0.012708
vn -0.628790 -0.241846 0.297745
vn -0.649808 0.000000 0.088931
vn -0.621831 0.779845 0.071891
vn 0.129928 -0.971470 -0.198405
vn -0.195701 0.129972 -0.948762
vn -0.354488 0.793239 -0.264317
vn -0.145369 0.871941 0.029203
vn 0.043976 0.878022 -0.340222
vn 0.227594 0.941733 -0.011189
vn -0.302213 0.866429 0.044076
vn 0.000446 0.986373 -0.079238
vn -0.115468 0.973882 0.016675
vn -0.090933 0.972749 -0.135781
vn -0.126283 0.959765 -0.213028
vn 0.008386 0.975746 -0.218744
vn -0.316504 0.912486 0.222324
vn -0.563463 0.803380 0.076729
vn -0.634380 0.770020 0.017536
vn -0.573221 0.723072 -0.284434
vn -0.660484 0.747122 0.028689
vn -0.197120 0.773532 -0.545405
vn -0.278849 0.799079 -0.103504
vn 0.117063 0.846183 -0.318017
vn -0.084786 0.828786 0.104621
vn 0.530623 0.819609 -0.015672
vn 0.537237 0.812856 -0.225039
vn 0.099943 0.827051 0.102201
vn -0.298978 0.856600 0.137378
vn 0.079576 0.915345 -0.204583
vn -0.099983 0.969037 0.091817
vn -0.238501 0.816250 0.326438
vn 0.100698 0.782052 0.006088
vn 0.161467 0.803758 -0.382049
vn 0.007504 0.951289 -0.093639
vn -0.164019 0.878500 -0.007943
vn -0.142112 0.845372 0.039541
vn -0.004545 0.879526 -0.475828
vn -0.049206 0.656726 0.059186
vn 0.325774 0.807030 -0.308780
vn 0.491861 0.866860 -0.081400
vn 0.322403 0.622880 0.499063
vn 0.625443 0.680932 -0.333877
vn -0.092691 0.751440 -0.492653
vn -0.391350 0.815521 -0.016377
vn -0.270848 0.583330 0.004299
vn -0.189098 0.628151 0.749516
vn -0.000283 0.573137 0.644104
vn 0.013836 0.219246 0.975565
vn 0.418950 0.479603 0.533330
vn -0.287464 0.576914 0.636227
vn 0.676623 0.143357 -0.139998
vn -0.450558 0.768275 0.454699
vn -0.238788 0.346519 0.849009
vn 0.113563 0.271768 0.885998
vn -0.017958 0.268288 0.863628
vn 0.084298 0.544200 0.741356
vn -0.134843 0.627227 0.766827
vn -0.427409 0.521094 0.738771
vn -0.337087 -0.508656 0.253644
vn -0.535827 -0.622944 -0.024793
vn -0.039650 -0.775512 0.193213
vn 0.346776 -0.501206 -0.141393
vn 0.994523 -0.045909 0.037943
vn 0.435275 -0.613528 0.050410
vn 0.490267 0.044367 -0.510195
vn 0.815638 -0.371040 0.148853
vn 0.932545 0.145816 0.330298
vn 0.610782 -0.648236 0.248795
vn 0.498923 -0.776179 0.098902
vn 0.524503 -0.809130 -0.105716
vn 0.446373 -0.850235 0.096252
vn 0.598672 -0.792031 0.115115
vn 0.639651 -0.713777 0.258599
vn 0.555271 -0.830274 0.048159
vn 0.430218 -0.782522 0.210610
vn 0.231459 -0.884957 0.117712
vn 0.019125 -0.682731 0.482150
vn -0.023519 -0.673732 0.417765
vn -0.056549 -0.993191 0.077781
vn -0.349798 -0.887928 0.124288
vn -0.206770 -0.906147 0.203458
vn -0.120049 -0.986926 0.107545
vn -0.013507 -0.999899 0.004510
vn -0.471215 -0.814871 0.312577
vn -0.476589 -0.866326 0.143866
vn -0.525900 -0.811701 0.122864
vn -0.422179 -0.841339 0.095460
vn -0.116391 -0.989890 0.044375
vn -0.009786 -0.782429 0.501974
vn -0.565402 -0.727329 0.211091
vn -0.018821 -0.997457 0.068738
vn -0.018082 -0.649893 0.000287
vn -0.254367 -0.646331 0.004037
vn -0.035450 -0.799459 -0.411549
vn -0.993587 0.112978 0.004461
vn -0.993587 0.112978 0.004461
vn -0.993587 0.112978 0.004461
vn -0.015325 0.058856 -0.998149
vn 0.497672 -0.494353 0.025093
vn 0.484609 -0.348911 -0.344264
vn 0.799829 0.036313 -0.467038
vn 0.532041 0.035161 -0.779269
vn 0.432976 -0.381226 -0.347221
vn 0.429859 0.407075 -0.569139
vn 0.405619 -0.766980 -0.097585
vn 0.447204 -0.577768 -0.164027
vn 0.605253 -0.509869 -0.455732
vn -0.023365 -0.722846 -0.390271
vn -0.019262 -0.640987 -0.566891
vn 0.411684 -0.784589 0.287443
vn 0.262399 -0.858941 0.158535
vn -0.092750 -0.858801 -0.054061
vn 0.996698 0.076656 -0.018937
vn -0.400411 -0.829235 -0.024778
vn -0.697910 -0.706558 -0.001746
vn -0.636633 -0.767283 0.026274
vn -0.609975 -0.717339 -0.217665
vn 0.356979 -0.666237 0.648381
vn 0.309748 -0.808539 0.369763
vn 0.382659 -0.607714 0.694064
vn -0.079065 -0.911542 -0.316811
vn 0.027420 -0.980339 0.090241
vn 0.048161 -0.977816 -0.005132
vn 0.037070 -0.911773 -0.359760
vn 0.000798 -0.984154 -0.005551
vn 0.047360 -0.906552 -0.299474
vn -0.013631 -0.980344 0.116914
vn -0.088136 -0.934559 -0.175795
vn -0.075204 -0.950011 -0.047917
vn 0.007966 -0.984215 0.114544
vn -0.103347 -0.946007 -0.156147
vn 0.155154 -0.948582 0.108936
vn 0.168199 -0.872934 -0.290933
vn -0.095694 -0.978005 0.136964
vn -0.043479 -0.983845 -0.093465
vn 0.068645 -0.970105 -0.005210
vn 0.072389 -0.947717 -0.196404
vn 0.105522 -0.975984 0.070409
vn -0.001490 -0.982237 0.133007
vn -0.032637 -0.984473 -0.105880
vn 0.110142 -0.982649 -0.063840
vn 0.099178 -0.968696 0.131414
vn 0.054884 -0.981232 -0.067638
vn -0.018209 -0.938826 -0.186154
vn 0.194560 -0.970272 0.052203
vn 0.188196 -0.963973 0.032361
vn 0.077612 -0.991861 -0.001017
vn 0.239272 -0.962367 -0.000265
vn 0.264844 -0.901124 0.107430
vn 0.134591 -0.978564 -0.039464
vn 0.091824 -0.982750 -0.080121
vn 0.285676 -0.905778 -0.213322
vn 0.022115 -0.969196 -0.187544
vn 0.122837 -0.952837 -0.196960
vn 0.243543 -0.960300 -0.034242
vn 0.151783 -0.958979 -0.196607
vn 0.327943 -0.916313 0.080654
vn 0.216713 -0.943747 0.039318
vn 0.162294 -0.884348 -0.345239
vn -0.007678 -0.912659 -0.314231
vn 0.145554 -0.912818 -0.307193
vn -0.172883 -0.908627 -0.219380
vn -0.034983 -0.981056 -0.150788
vn 0.044937 -0.848131 0.282178
vn 0.072475 -0.861415 -0.445713
vn 0.170689 -0.888061 -0.298140
vn 0.420482 -0.839526 -0.110465
vn -0.036403 -0.888518 -0.418460
vn 0.015441 -0.958451 -0.263216
vn 0.069526 -0.979306 -0.106761
vn 0.201884 -0.964176 0.146601
vn 0.099477 -0.985746 0.012817
vn 0.051556 -0.988184 -0.095072
vn 0.085299 -0.995074 -0.006490
vn 0.022627 -0.988795 -0.054200
vn -0.042981 -0.972182 -0.163710
vn -0.170009 -0.966379 -0.068479
vn -0.162477 -0.967773 -0.161242
vn -0.262181 -0.909995 -0.251546
vn 0.114880 -0.897789 -0.399839
vn -0.073477 -0.956771 -0.264531
vn 0.021850 -0.918997 -0.350503
vn -0.170389 -0.913066 -0.311660
vn 0.201155 -0.817629 -0.502581
vn -0.018897 -0.968954 0.110719
vn -0.218096 -0.962531 0.086744
vn 0.039893 -0.963094 0.166329
vn 0.301633 -0.916533 0.207172
vn 0.393681 -0.903468 0.104491
vn 0.473080 -0.842048 0.163897
vn 0.032512 -0.849730 -0.488308
vn -0.201928 -0.946299 -0.196199
vn -0.155281 -0.972588 0.005380
vn -0.263671 -0.914631 -0.084505
vn -0.315593 -0.889191 -0.018342
vn -0.244055 -0.887043 -0.328044
vn -0.047418 -0.875146 -0.463251
vn -0.175648 -0.953362 -0.044754
vn 0.079500 -0.911614 0.166126
vn -0.277336 -0.933824 -0.141271
vn 0.187605 -0.838534 -0.103764
vn -0.142717 -0.963036 -0.105499
vn 0.116572 -0.925985 0.255815
vn 0.008974 -0.965200 -0.053676
vn -0.108967 -0.884928 -0.422841
vn -0.097865 -0.920453 -0.342794
vn 0.052055 -0.946014 0.156530
vn -0.052936 -0.929720 -0.277711
vn 0.234360 -0.912671 0.206408
vn 0.194421 -0.913790 -0.161173
vn 0.246858 -0.909789 0.237507
vn 0.150796 -0.913332 -0.169967
vn -0.198938 -0.890991 -0.382702
vn 0.142715 -0.891201 0.405133
vn -0.240249 -0.946571 0.208911
vn -0.385309 -0.869593 -0.294173
vn 0.079781 -0.941472 -0.032304
vn 0.008323 -0.945096 -0.315545
vn 0.057795 -0.845410 -0.449556
vn 0.243819 -0.828390 -0.431882
vn 0.428186 -0.836557 -0.033823
vn 0.090348 -0.880011 -0.441143
vn 0.185333 -0.916670 0.352018
vn 0.364396 -0.829390 -0.190528
vn -0.104753 -0.879843 -0.457288
vn 0.413220 -0.901290 0.130095
vn -0.113130 -0.852357 -0.497135
vn 0.159115 -0.905638 0.372464
vn -0.076371 -0.822218 -0.456308
vn -0.151209 -0.840204 -0.512336
vn -0.282116 -0.926392 -0.208307
vn -0.136173 -0.874093 -0.427617
vn 0.079468 -0.893997 0.421462
vn -0.001434 -0.924481 0.370283
vn 0.030291 -0.859823 0.479876
vn -0.328540 -0.827351 -0.401721
vn 0.068836 -0.708987 -0.562018
vn -0.347338 -0.771554 -0.483284
vn -0.023203 -0.842518 -0.509414
vn -0.223405 -0.856008 -0.444819
vn 0.221166 -0.798344 -0.521513
vn 0.081177 -0.838116 -0.525903
vn -0.396862 -0.713556 -0.523628
vn -0.076421 -0.841825 -0.516375
vn 0.059556 -0.881659 -0.468054
vn 0.053727 -0.829881 -0.548774
vn 0.313934 -0.886910 0.338875
vn 0.087160 -0.803193 -0.575945
vn 0.065954 -0.808669 -0.584555
vn 0.008500 -0.721321 -0.665126
vn 0.047028 -0.742121 -0.648062
vn -0.102611 -0.737541 -0.626683
vn 0.069398 -0.787832 -0.598302
vn 0.456398 -0.699770 -0.404291
vn 0.150833 -0.724494 -0.633584
vn -0.000155 -0.795733 -0.605436
vn -0.171634 -0.792197 -0.584496
vn -0.342306 -0.863144 -0.082889
vn 0.401270 -0.857742 0.317502
vn 0.368812 -0.821293 0.413093
vn 0.155239 -0.752363 -0.599196
vn -0.088272 -0.864746 -0.453367
vn -0.032206 -0.845098 -0.456205
vn -0.072780 -0.834455 -0.519833
vn -0.157132 -0.739415 -0.625645
vn -0.047673 -0.881221 -0.440835
vn -0.115110 -0.820140 -0.490744
vn -0.065761 -0.662089 -0.611802
vn -0.115743 -0.958533 -0.260350
vn 0.005022 -0.856659 -0.453425
vn 0.084397 -0.749225 -0.552809
vn 0.054130 -0.757422 -0.641618
vn -0.295926 -0.701036 -0.596117
vn 0.220703 -0.807387 -0.525209
vn 0.242083 -0.882719 -0.381290
vn 0.347841 -0.886052 -0.239393
vn 0.269283 -0.912555 -0.307782
vn 0.297341 -0.928349 0.142119
vn 0.490137 -0.785179 0.216850
vn 0.050145 -0.710183 -0.679608
vn 0.066864 -0.798404 -0.596021
vn 0.035820 -0.715910 -0.677547
vn 0.063083 -0.702680 -0.707224
vn 0.097009 -0.680902 -0.725922
vn -0.152672 -0.782085 -0.541815
vn -0.184630 -0.887002 -0.344647
vn 0.313052 -0.668333 -0.605177
vn 0.332782 -0.523128 -0.696834
vn 0.138448 -0.653290 -0.744342
vn 0.535521 -0.683689 -0.495769
vn 0.285920 -0.827370 0.477408
vn -0.529916 -0.657325 -0.535829
vn 0.571965 -0.755330 0.311486
vn 0.499998 -0.598293 -0.427911
vn 0.435515 -0.802672 0.312356
vn 0.532073 -0.554350 -0.414544
vn 0.570180 -0.513032 -0.626144
vn -0.724255 -0.612921 -0.315883
vn 0.535899 -0.488626 -0.688518
vn 0.504529 -0.479996 -0.717673
vn -0.258889 0.906527 0.067109
vn -0.196176 0.953108 -0.095738
vn 0.014558 0.899157 0.325628
vn -0.139945 0.954327 0.082783
vn -0.121600 0.978963 -0.031892
vn 0.222368 0.733071 0.198906
vn -0.502206 0.410484 -0.137926
vn 0.075923 0.937545 0.159610
vn -0.114436 0.818887 -0.310332
vn 0.065144 0.889524 -0.026523
vn 0.189203 0.923033 0.244680
vn 0.262975 0.884947 -0.013177
vn 0.017744 0.923387 0.213835
vn -0.065384 0.935661 0.218080
vn -0.172068 0.918688 0.334500
vn -0.366593 0.815969 -0.123478
vn -0.247402 0.882713 -0.068281
vn -0.106686 0.919199 0.043526
vn -0.184787 0.903392 0.017351
vn 0.030274 0.938550 -0.115788
vn -0.015371 0.609923 -0.549460
vn -0.001510 0.879222 0.084052
vn 0.367767 0.262239 0.518908
vn 0.201616 0.830184 0.001603
vn 0.408787 0.457461 -0.299572
vn 0.293947 0.556610 -0.264786
vn -0.120733 0.807906 -0.478117
vn 0.076139 0.909168 -0.402656
vn -0.103478 0.821268 -0.545621
vn -0.335448 0.528825 -0.546526
vn -0.710806 0.020018 -0.347679
vn 0.231265 0.606809 -0.571833
vn 0.444469 0.798665 -0.405686
vn -0.055574 0.780399 -0.617591
vn -0.308333 0.565506 -0.610986
vn -0.296627 0.803068 -0.509523
vn -0.456470 0.772774 -0.424050
vn 0.793101 0.021221 -0.012465
vn 0.070434 0.675602 -0.673900
vn 0.122100 0.552450 -0.590700
vn 0.495655 0.440044 -0.045990
vn 0.175894 0.449858 -0.699906
vn 0.048201 0.639991 -0.762883
vn -0.054992 0.607193 -0.788787
vn -0.090428 0.575417 -0.810315
vn -0.045519 0.510735 -0.858532
vn 0.150161 -0.739470 0.607209
vn 0.232019 -0.656170 0.635357
vn 0.052224 -0.735109 0.671926
vn 0.196875 -0.851942 0.216660
vn 0.107339 -0.766407 0.520975
vn 0.265559 -0.807812 0.466098
vn -0.014041 -0.962642 0.142797
vn 0.034572 -0.920644 0.238074
vn 0.165204 -0.880401 0.425783
vn 0.244366 -0.879867 0.400506
vn -0.018171 -0.913525 0.250138
vn 0.235427 -0.932347 0.136718
vn -0.083102 -0.916119 0.227152
vn -0.085100 -0.982464 0.079156
vn -0.211407 -0.922772 -0.053494
vn -0.122019 -0.985825 0.010969
vn 0.207568 -0.958307 -0.002753
vn -0.156881 -0.978689 -0.041525
vn 0.058396 -0.920338 0.088657
vn 0.393012 -0.848399 0.343199
vn 0.161640 -0.866177 0.423766
vn -0.114529 -0.895841 0.413840
vn -0.176984 -0.915919 -0.007528
vn -0.297610 -0.892668 -0.012658
vn -0.150110 -0.969222 -0.086359
vn 0.212615 0.279472 -0.779607
vn 0.059434 -0.215139 -0.939920
vn -0.042387 -0.220767 -0.948728
vn 0.101090 -0.453467 -0.863080
vn 0.542121 0.691708 -0.477122
vn -0.835709 -0.420334 -0.353426
vn -0.486024 0.267660 -0.783002
vn -0.362906 0.421805 -0.813143
vn -0.262894 0.410590 -0.827476
vn 0.049123 0.312100 -0.896949
vn -0.348347 0.285803 -0.891582
vn -0.493983 0.066319 -0.799589
vn 0.111966 0.413561 -0.869089
vn -0.537316 -0.039113 -0.764743
vn -0.172542 -0.011686 -0.984933
vn 0.141852 0.471125 -0.838418
vn 0.043521 0.585027 -0.809845
vn -0.032693 0.118313 -0.971108
vn -0.175807 0.032435 -0.970758
vn -0.332137 0.035624 -0.942558
vn -0.234496 0.331298 -0.889873
vn 0.206630 0.417155 -0.680879
vn -0.179636 0.483006 -0.650429
vn -0.229491 0.776919 -0.365932
vn 0.404855 0.513484 -0.593953
vn 0.601584 0.694208 -0.395186
vn -0.315500 0.942883 -0.068256
vn -0.344616 0.932510 -0.088875
vn -0.331715 0.940972 -0.067362
vn 0.001793 0.045788 -0.998950
vn -0.998340 0.050996 0.026763
vn -0.998340 0.050996 0.026763
vn -0.998340 0.050996 0.026763
vn 0.188097 -0.891865 0.395679
vn 0.132485 -0.925418 0.323271
vn 0.001268 -0.888284 0.408047
vn 0.080573 -0.864033 0.467732
vn 0.052570 -0.867846 0.436131
vn 0.027122 -0.965050 0.149801
vn -0.032451 -0.965749 0.095918
vn 0.122534 -0.769455 0.573433
vn 0.011359 -0.804234 0.526349
vn 0.179164 -0.770972 0.511542
vn 0.209803 -0.842107 0.455194
vn 0.093676 -0.907745 0.408884
vn 0.099769 -0.907290 0.408499
vn -0.064463 -0.875452 0.444919
vn 0.227974 -0.785891 0.528313
vn 0.046798 -0.855827 0.458824
vn 0.272866 -0.841601 0.444802
vn 0.172040 -0.939104 0.269557
vn 0.081859 -0.873097 0.403189
vn -0.026021 -0.791585 0.597635
vn -0.175856 -0.771185 0.576335
vn -0.019551 -0.981455 0.138439
vn -0.200043 -0.798807 0.495371
vn 0.006154 -0.905637 0.234376
vn 0.122905 -0.711349 0.550916
vn -0.148179 -0.773872 0.556558
vn 0.032384 -0.819092 0.535019
vn 0.271682 -0.725290 0.407721
vn -0.045866 -0.749302 0.658180
vn 0.558136 -0.688360 0.243421
vn -0.198366 -0.733100 0.633796
vn 0.138294 -0.700473 0.679345
vn -0.205718 -0.559451 0.634120
vn 0.048039 -0.991759 0.118767
vn 0.022098 -0.992846 0.067320
vn 0.068414 -0.987190 -0.031251
vn 0.002528 -0.989287 0.000890
vn 0.128130 -0.973159 0.030448
vn -0.023760 -0.720431 0.612518
vn -0.258763 -0.662590 0.526000
vn -0.011972 -0.997707 0.065518
vn 0.008248 -0.584305 0.565853
vn -0.227537 -0.589306 0.697819
vn 0.513268 -0.725936 0.457792
vn -0.189500 -0.667455 0.670215
vn -0.030690 -0.983371 0.055167
vn -0.308007 -0.756378 0.459954
vn -0.205253 -0.821837 0.313887
vn 0.042604 -0.994206 -0.058964
vn 0.006627 -0.995227 -0.003403
vn -0.085640 -0.993073 0.031753
vn -0.118007 -0.988734 0.092086
vn 0.010285 -0.993368 -0.086154
vn -0.009457 -0.988857 -0.117140
vn 0.061599 -0.973115 -0.125399
vn -0.449330 -0.565924 0.688772
vn -0.396557 -0.587609 0.705307
vn 0.517476 -0.382024 0.765686
vn 0.812658 -0.574990 -0.094727
vn 0.126479 0.986307 -0.008502
vn -0.017049 0.973423 0.029998
vn 0.299058 0.771130 0.158391
vn -0.040017 0.974296 0.105063
vn -0.102022 0.975752 -0.193651
vn -0.204243 0.969317 0.055791
vn -0.146031 0.824371 0.292371
vn 0.245493 0.803963 0.225653
vn -0.101835 0.890275 0.216503
vn 0.011801 0.954319 -0.092169
vn 0.167920 0.924099 0.168084
vn 0.000619 0.819082 0.202003
vn 0.017132 0.725346 0.611249
vn 0.264196 0.804253 0.525974
vn -0.095563 0.748963 0.426126
vn -0.534185 0.753433 0.213877
vn 0.161513 0.598773 0.738398
vn 0.566287 0.707577 0.276354
vn 0.084444 0.909561 0.286172
vn -0.158274 0.952977 0.146618
vn -0.052672 0.882742 0.460559
vn 0.037406 0.896939 0.437386
vn 0.128389 0.928805 0.330555
vn -0.681400 0.179629 0.565897
vn -0.404429 -0.437904 0.298895
vn -0.422545 -0.064964 0.743993
vn -0.556570 0.440350 0.704501
vn -0.224349 -0.606133 -0.447842
vn 0.237573 0.375932 0.607635
vn -0.402751 0.495386 0.757045
vn -0.292235 0.742727 0.335894
vn -0.649412 0.234590 0.468641
vn -0.387290 0.594534 0.408476
vn -0.119375 0.889751 0.284797
vn -0.024346 0.995767 0.048244
vn -0.083357 0.567938 0.366851
vn -0.051059 0.994565 0.052711
vn -0.430409 0.245370 0.250870
vn -0.242978 0.550303 0.468283
vn -0.131030 0.497891 0.557420
vn -0.198872 0.485631 0.728727
vn -0.082816 -0.718456 -0.690625
vn -0.508684 -0.185215 0.568900
vn -0.714152 -0.235111 0.510108
vn -0.791078 -0.518038 0.325318
vn -0.250819 -0.273603 0.482451
vn 0.014543 -0.016820 0.999609
vn 0.649554 0.757656 -0.063538
vn -0.862275 -0.031525 0.505458
vn 0.016405 -0.043177 0.784952
vn 0.305148 -0.038910 0.945753
vn 0.050610 -0.182755 0.970873
vn -0.150202 -0.294192 0.922657
vn -0.279395 -0.388802 0.855287
vn -0.397601 -0.606979 0.523077
vn -0.494759 -0.568581 0.383568
vn -0.409839 -0.291895 0.843620
vn -0.461521 -0.521751 0.563058
vn -0.087410 -0.517828 0.604209
vn 0.116168 -0.915181 0.377399
vn 0.073406 -0.858404 0.419759
vn -0.005446 -0.842612 0.482957
vn 0.286418 -0.693807 0.548968
vn 0.072701 -0.772792 0.499624
vn 0.049947 -0.810069 0.556377
vn 0.085240 -0.921060 0.238671
vn -0.007095 -0.975888 0.190274
vn -0.148568 -0.807256 0.197986
vn -0.252207 -0.785943 0.229281
vn -0.111949 -0.443146 0.626398
vn -0.174127 -0.464961 0.616709
vn 0.300783 -0.636019 0.550404
vn -0.171399 -0.878983 0.403663
vn -0.370614 -0.809834 0.385580
vn -0.354333 -0.896138 0.232548
vn -0.282184 -0.911814 0.250084
vn -0.051060 -0.781538 0.597554
vn 0.070133 -0.799398 0.583835
vn 0.338370 -0.608759 0.656042
vn -0.080388 -0.537332 0.622012
vn 0.069832 -0.702957 0.695423
vn -0.531802 -0.823559 0.077900
vn -0.054177 -0.703153 0.708911
vn 0.023688 -0.689385 0.720558
vn 0.086437 -0.674370 0.733243
vn -0.151573 -0.656886 0.737882
vn 0.162217 -0.571985 0.782202
vn 0.234454 -0.603826 0.697854
vn -0.009998 -0.521927 0.568122
vn 0.600816 -0.547284 0.581439
vn 0.428848 -0.353178 0.826492
vn -0.574601 -0.335458 0.732804
vn 0.378512 -0.739780 0.384334
vn -0.326396 -0.515673 0.610375
vn -0.756643 -0.565679 0.264269
vn -0.323511 -0.322726 0.743444
vn -0.394741 -0.170583 0.879339
vn 0.601299 0.157855 0.783276
vn 0.045763 -0.998652 0.001299
vn 0.145291 -0.942588 -0.203262
vn 0.018751 -0.965709 -0.145435
vn 0.011881 -0.800025 0.413247
vn -0.227304 -0.949807 0.136644
vn -0.107184 -0.953726 -0.139059
vn -0.294435 -0.946386 0.051051
vn -0.131649 -0.950471 0.085633
vn 0.028532 -0.935112 0.266306
vn -0.370327 -0.891304 -0.167470
vn -0.164412 -0.905884 -0.234325
vn 0.072278 -0.963405 -0.108366
vn 0.155298 -0.959863 0.212291
vn 0.109205 -0.947725 -0.023419
vn 0.050731 -0.972619 0.147311
vn 0.080935 -0.926807 0.261644
vn 0.088111 -0.976970 0.065171
vn -0.051091 -0.997786 0.014802
vn 0.061330 -0.991186 -0.037886
vn -0.145181 -0.902989 0.263855
vn 0.162712 -0.981294 -0.077955
vn 0.279107 -0.940010 -0.061892
vn -0.192215 -0.754242 0.557211
vn 0.142595 -0.960265 -0.162911
vn 0.003429 -0.945002 -0.249585
vn 0.092532 -0.969621 0.034373
vn 0.120989 -0.948463 -0.043269
vn -0.080261 -0.944825 -0.204666
vn 0.239109 -0.940356 -0.026121
vn 0.021710 -0.981782 0.110977
vn 0.089070 -0.950374 -0.158041
vn -0.077881 -0.987622 0.071244
vn -0.046433 -0.963602 -0.121188
vn -0.213311 -0.963715 -0.043986
vn -0.141102 -0.960596 -0.116012
vn -0.116110 -0.965893 -0.191028
vn 0.236980 -0.898521 -0.289651
vn 0.081102 -0.950366 -0.242914
vn -0.065764 -0.980678 -0.151365
vn 0.042451 -0.983763 -0.116057
vn 0.001738 -0.990172 -0.133853
vn -0.012962 -0.998904 -0.042573
vn -0.019406 -0.999322 -0.031287
vn 0.064561 -0.874362 -0.287537
vn 0.251022 -0.884178 -0.010961
vn -0.230310 -0.962710 -0.070139
vn -0.062715 -0.918806 -0.244816
vn 0.098334 -0.823344 0.211943
vn -0.341508 -0.921840 0.058961
vn 0.150450 -0.937375 -0.230127
vn 0.114533 -0.953657 -0.080958
vn 0.020072 -0.922255 -0.340517
vn -0.288672 -0.937388 0.072938
vn 0.425038 -0.136973 0.635936
vn 0.006963 -0.931284 -0.353182
vn 0.064219 -0.937034 -0.323949
vn -0.028620 -0.947497 -0.088883
vn -0.124797 -0.967756 -0.108196
vn 0.020053 -0.931077 -0.304864
vn 0.057172 -0.958699 -0.250796
vn 0.103656 -0.941576 -0.240446
vn 0.007103 -0.904368 -0.400983
vn -0.128762 -0.924293 -0.078226
vn -0.159877 -0.909388 0.166636
vn -0.061624 -0.903776 -0.098250
vn -0.337897 -0.918297 0.184463
vn -0.304544 -0.947505 0.097402
vn 0.250766 -0.890925 -0.373853
vn -0.089864 -0.923893 -0.253648
vn -0.379626 -0.863286 0.184642
vn -0.120827 -0.946388 0.007466
vn 0.203542 -0.958844 -0.031076
vn 0.062887 -0.944549 -0.150207
vn 0.080903 -0.914975 -0.239566
vn 0.326667 -0.882557 -0.319051
vn 0.233412 -0.913795 -0.188682
vn -0.333967 -0.857293 0.060793
vn -0.434049 -0.833768 0.044605
vn -0.428515 -0.809787 0.287894
vn -0.287031 -0.836394 -0.452103
vn -0.167284 -0.875097 -0.102256
vn 0.016951 -0.942218 -0.334572
vn -0.371532 -0.842668 0.306035
vn -0.366094 -0.826798 0.348445
vn 0.371931 -0.684444 0.411102
vn -0.024107 -0.755269 -0.261640
vn -0.051644 -0.774630 0.026174
vn -0.215320 -0.811859 -0.414537
vn -0.246580 -0.853411 -0.331843
vn -0.267138 -0.726371 -0.578684
vn -0.089592 -0.797038 -0.587863
vn 0.055275 -0.803274 -0.426754
vn -0.099864 -0.716940 -0.395380
vn -0.255839 -0.782898 0.567102
vn -0.244933 -0.816058 0.444981
vn 0.297857 -0.743598 -0.439196
vn -0.134606 -0.855817 0.379119
vn -0.619552 -0.703163 0.284239
vn -0.501449 -0.736715 0.453178
vn -0.164574 -0.716915 0.484940
vn 0.052146 -0.997817 0.023721
vn 0.079930 -0.996771 0.007653
vn 0.210872 -0.528952 0.701889
vn -0.691194 -0.642328 0.331157
vn -0.063037 0.958092 0.226161
vn -0.021254 0.946906 0.241178
vn 0.157064 0.983454 0.027246
vn -0.012310 0.988636 0.028476
vn 0.079259 0.982997 0.061515
vn 0.121260 0.992331 0.023983
vn -0.123306 0.962440 0.071906
vn -0.113551 0.990779 0.073914
vn -0.114042 0.990598 0.075545
vn 0.000137 0.948472 0.267244
vn -0.312703 0.732278 0.361686
vn 0.032770 0.973509 -0.028941
vn 0.192562 0.929469 -0.146436
vn -0.170020 0.929675 -0.029291
vn 0.041680 0.904021 0.044162
vn -0.054506 0.957173 0.079590
vn -0.431119 0.691610 0.286527
vn 0.031776 0.977819 0.039936
vn -0.397991 0.796435 0.061885
vn 0.103361 0.990219 -0.007201
vn -0.018978 0.969932 0.085585
vn 0.024932 0.940422 0.230613
vn 0.045518 0.986589 0.028085
vn -0.098373 0.968343 0.144102
vn 0.031810 0.990844 -0.040467
vn 0.001064 0.992334 0.012351
vn -0.039271 0.986912 0.008599
vn 0.029435 0.985933 0.031304
vn -0.022180 0.967003 0.142317
vn -0.253779 0.944526 0.162801
vn 0.187560 0.966465 -0.115745
vn -0.118251 0.877832 0.274834
vn -0.062772 0.989662 -0.097398
vn 0.146972 0.954468 -0.206713
vn -0.065727 0.933078 -0.218542
vn -0.045428 0.922814 -0.028783
vn -0.150909 0.958404 0.002597
vn -0.518914 0.777550 -0.244626
vn -0.051650 0.968460 -0.093390
vn -0.054561 0.975550 0.057600
vn 0.039732 0.977900 0.043296
vn -0.065595 0.967082 0.208932
vn -0.116841 0.938183 -0.070135
vn -0.042028 0.970393 0.017407
vn 0.135007 0.982394 -0.126870
vn 0.128522 0.971493 -0.170290
vn 0.188168 0.962685 0.066814
vn 0.045251 0.934067 -0.299582
vn -0.099931 0.958546 -0.084326
vn -0.208226 0.961370 0.100674
vn -0.007016 0.966452 0.111932
vn 0.115256 0.964747 -0.042135
vn -0.061980 0.976226 0.077225
vn -0.105431 0.965036 0.230343
vn -0.079399 0.966386 0.243834
vn 0.123369 0.965868 0.039586
vn 0.017376 0.996333 0.083779
vn -0.097577 0.964764 0.244353
vn 0.066520 0.961134 -0.257132
vn 0.139820 0.956959 -0.254225
vn 0.240693 0.889831 -0.381950
vn -0.371545 0.881839 0.005895
vn -0.233287 0.877074 -0.407453
vn -0.399988 0.892275 0.078422
vn -0.226126 0.931984 -0.121086
vn -0.190887 0.849867 -0.190739
vn -0.099192 0.975497 -0.112315
vn -0.339415 0.757812 -0.320256
vn -0.524568 0.745378 -0.306977
vn -0.376877 0.726250 -0.430690
vn -0.721164 0.520207 -0.022292
vn -0.674851 0.642488 -0.291086
vn -0.234792 0.364733 -0.747190
vn -0.583101 0.506375 -0.600457
vn 0.326877 -0.592279 -0.023081
vn 0.622251 -0.348839 -0.334967
vn 0.629908 -0.290372 -0.370831
vn 0.684944 0.139363 -0.630750
vn 0.649115 0.223043 -0.029332
vn 0.621303 -0.272540 -0.656252
vn 0.434628 -0.464207 -0.223860
vn 0.546833 -0.415791 -0.718655
vn 0.278412 -0.199934 -0.787823
vn 0.087565 0.099834 -0.846618
vn -0.041962 -0.534814 0.207608
vn -0.065502 -0.509059 0.679136
vn -0.241127 0.518409 0.798100
vn -0.685120 0.414309 0.486638
vn -0.130481 0.600872 0.705788
vn 0.614821 0.258625 0.495645
vn 0.664951 0.061217 0.553390
vn 0.362320 0.563508 0.654207
vn 0.493867 0.781044 0.382186
vn 0.705762 -0.582883 0.300674
vn 0.563466 -0.459468 0.686583
vn 0.450566 -0.282885 -0.674507
vn 0.753779 -0.183278 -0.317160
vn 0.478990 -0.054510 -0.724877
vn -0.088005 -0.232642 -0.665781
vn -0.275235 -0.814815 -0.403938
vn 0.949665 -0.210257 -0.144400
vn 0.076191 0.305200 -0.532260
vn 0.939636 -0.341970 -0.011845
vn -0.694843 0.212993 -0.587783
vn -0.536232 -0.469281 -0.478307
vn -0.590583 -0.639717 -0.234694
vn -0.219861 0.365182 -0.893744
vn -0.157208 0.413182 -0.869418
vn -0.199613 0.433463 -0.839976
vn -0.482262 0.403644 -0.777493
vn -0.942948 -0.169298 0.045346
vn -0.748011 -0.083242 0.507771
vn -0.904056 -0.002191 0.348379
vn -0.825000 -0.215161 0.346291
vn -0.944384 -0.277780 -0.112498
vn -0.917426 -0.214528 -0.005583
vn -0.627029 -0.169260 0.646708
vn -0.950030 -0.208767 -0.218405
vn -0.961974 -0.169868 -0.194179
vn -0.979287 -0.174179 -0.103241
vn -0.613094 -0.110565 0.776109
vn -0.492274 -0.269552 0.789270
vn -0.419271 -0.479220 0.771077
vn -0.735943 -0.643802 -0.209537
vn 0.014732 -0.574270 -0.668680
vn 0.055404 -0.083573 -0.989981
vn 0.135045 -0.617334 -0.696159
vn 0.037851 -0.224704 -0.934185
vn -0.218615 -0.755174 -0.595433
vn 0.215898 -0.773554 -0.564332
vn -0.188116 -0.834109 -0.500100
vn -0.141714 -0.816471 -0.559725
vn -0.014188 -0.933582 -0.351027
vn -0.358774 -0.779548 -0.476790
vn -0.463334 -0.792249 -0.350289
vn -0.348822 -0.897674 -0.266060
vn -0.447594 -0.862147 -0.186738
vn -0.487530 -0.850443 -0.156419
vn -0.330295 -0.826663 -0.390061
vn -0.177413 -0.922327 -0.276548
vn -0.491719 -0.791480 -0.355390
vn -0.241461 -0.766385 -0.546300
vn -0.328348 -0.842775 -0.350491
vn -0.071588 -0.798872 -0.537713
vn -0.495548 -0.867889 -0.034666
vn -0.086771 -0.282560 0.950230
vn -0.177717 -0.783080 0.323609
vn 0.547001 -0.640451 -0.208757
vn 0.527821 -0.305559 0.209079
vn 0.290062 -0.645418 -0.369288
vn -0.112712 -0.491772 -0.128535
vn 0.361020 -0.788479 -0.336040
vn 0.673879 -0.405419 -0.231947
vn 0.106351 -0.994119 -0.001688
vn 0.231731 -0.681838 0.005392
vn 0.640115 -0.432273 0.122131
vn 0.203413 -0.804934 0.011736
vn 0.615192 -0.583607 0.150605
vn 0.992003 -0.113691 -0.054811
vn -0.660169 -0.466581 0.467504
vn -0.674788 -0.517375 0.112940
vn -0.515719 -0.588545 0.408352
vn -0.152005 -0.846680 0.081917
vn -0.467934 -0.713160 0.210905
vn -0.043734 -0.993945 -0.100536
vn -0.029773 -0.994470 0.050101
vn -0.025679 -0.994418 0.087958
vn 0.001207 -0.999760 0.021893
vn -0.160796 -0.962311 0.187851
vn 0.208611 -0.936888 0.108059
vn -0.075305 -0.824892 0.501601
vn -0.020133 -0.876025 0.379488
vn -0.236790 -0.672642 0.681041
vn -0.251381 -0.655540 0.690734
vn -0.426831 -0.475803 0.769043
vn 0.757595 -0.272239 0.593242
vn 0.757595 -0.272239 0.593242
vn 0.757595 -0.272239 0.593242
vn 0.205501 0.955975 0.148150
vn 0.075198 0.976805 0.128318
vn -0.053643 0.997865 0.034807
vn -0.062013 0.997549 0.029103
vn -0.026444 0.999617 0.005236
vn -0.039938 0.998984 0.019280
vn 0.167944 0.982975 0.024255
vn 0.195102 0.980733 0.002455
vn 0.106673 0.991985 -0.031134
vn 0.036454 0.998133 0.011884
vn 0.040161 0.997804 0.050966
vn 0.013670 0.998431 0.041116
vn -0.019061 0.990386 -0.111473
vn 0.023804 0.991454 -0.114899
vn 0.055766 0.997255 0.022671
vn 0.062562 0.997027 0.044544
vn -0.220834 0.958373 0.155415
vn 0.054419 0.997470 -0.008613
vn 0.327779 0.924328 -0.025573
vn -0.020604 0.999713 0.000208
vn -0.030934 0.999519 0.001432
vn -0.019280 0.999607 0.001008
vn 0.017063 0.999854 -0.001237
vn 0.020346 0.999791 0.000064
vn -0.007068 0.999453 0.029540
vn 0.001747 0.999605 0.028068
vn -0.049651 0.998349 0.027365
vn -0.044821 0.998391 0.031559
vn -0.040351 0.998957 0.021331
vn -0.042424 0.998882 0.020840
vn -0.032737 0.999461 0.002435
vn -0.032566 0.999466 0.002443
vn -0.013543 0.999866 0.005747
vn 0.090750 0.985512 0.135917
vn 0.139028 0.983232 0.116239
vn 0.100158 0.991152 0.074027
vn 0.040224 0.987774 0.149842
vn -0.019672 0.997388 0.040411
vn 0.075859 0.983669 0.157416
vn 0.092389 0.983968 0.152541
vn -0.029884 0.982942 0.181431
vn 0.047921 0.983804 0.168275
vn -0.007246 0.976261 0.210003
vn 0.033346 0.964445 0.261757
vn 0.031014 0.973473 0.223339
vn 0.057056 0.977582 0.202651
vn 0.052344 0.976516 0.208990
vn 0.043665 0.980711 0.190246
vn 0.035316 0.979519 0.196447
vn -0.005992 0.978610 0.201688
vn 0.006616 0.991403 0.130454
vn 0.003917 0.991843 0.126672
vn 0.020203 0.994385 0.103645
vn -0.016582 0.986075 0.163039
vn -0.019260 0.996986 0.044824
vn 0.046664 0.997619 0.027925
vn 0.073429 0.994724 0.071602
vn 0.068569 0.994308 0.078638
vn -0.007845 0.987119 0.150195
vn -0.227490 0.962334 -0.091207
vn -0.112274 0.971024 -0.157054
vn 0.040819 0.986845 -0.152485
vn -0.027166 0.991043 0.036178
vn -0.064288 0.996833 0.046041
vn 0.290413 0.950430 -0.078790
vn 0.334507 0.941523 0.002784
vn 0.353499 0.935030 0.005535
vn 0.390555 0.895869 0.172028
vn 0.435231 0.857710 0.121873
vn 0.338353 0.921087 0.074094
vn -0.024212 0.990257 0.135338
vn 0.016865 0.994571 0.101251
vn 0.001960 0.995723 0.079063
vn 0.071372 0.995964 -0.052827
vn -0.068281 0.997485 0.019037
vn -0.026991 0.994788 0.080115
vn -0.002489 0.994894 -0.007481
vn -0.035045 0.987636 -0.148607
vn -0.006683 0.998073 0.061490
vn -0.014131 0.995944 0.083459
vn -0.075303 0.990337 -0.102640
vn -0.038871 0.996472 0.050914
vn -0.100380 0.994441 -0.030546
vn -0.034336 0.998936 0.001080
vn -0.055966 0.995816 -0.065256
vn -0.033528 0.996612 -0.068928
vn -0.036595 0.996863 -0.062969
vn 0.110244 0.992405 -0.038497
vn -0.027922 0.995542 -0.090087
vn -0.084309 0.995584 0.024309
vn 0.051819 0.995556 -0.055601
vn -0.052507 0.997251 0.043917
vn 0.142121 0.989505 -0.013864
vn -0.034734 0.998135 0.050194
vn 0.158001 0.986455 -0.043177
vn 0.134154 0.989378 -0.021625
vn 0.100505 0.994448 -0.003446
vn 0.304486 0.952435 0.011686
vn 0.159754 0.980739 0.007735
vn 0.287781 0.954749 0.045091
vn 0.295059 0.946927 0.115800
vn 0.253262 0.957488 0.135961
vn 0.334849 0.940325 0.054781
vn 0.355982 0.932149 -0.007348
vn 0.194891 0.973366 0.025370
vn -0.061431 0.980366 -0.168445
vn 0.032601 0.991688 -0.051178
vn 0.164927 0.984208 -0.041532
vn 0.020759 0.985172 -0.145521
vn 0.112888 0.988549 -0.090816
vn 0.047414 0.995425 -0.039980
vn 0.021918 0.999743 0.001773
vn 0.029071 0.999370 -0.008815
vn 0.029213 0.998736 -0.035871
vn -0.011541 0.997621 0.026540
vn -0.068915 0.996876 0.015923
vn 0.088923 0.977506 -0.148253
vn 0.252638 0.949706 -0.148050
vn 0.327535 0.937890 -0.095632
vn 0.326812 0.944724 -0.022969
vn 0.332324 0.940277 -0.062626
vn 0.320944 0.941100 -0.106100
vn 0.292937 0.941318 -0.151117
vn 0.186314 0.963180 -0.180537
vn 0.156949 0.977507 -0.140794
vn 0.138127 0.983902 -0.093576
vn 0.090208 0.995164 -0.030519
vn 0.093003 0.989130 -0.107885
vn 0.114693 0.986968 -0.111299
vn 0.171158 0.984582 -0.029312
vn 0.140097 0.985744 -0.088634
vn 0.155963 0.986782 0.008096
vn 0.154370 0.987253 -0.027478
vn 0.170824 0.985173 -0.015833
vn 0.133289 0.990215 0.027209
vn 0.125915 0.990460 0.048030
vn 0.200726 0.978694 0.029829
vn 0.204367 0.978251 -0.019462
vn 0.066596 0.994640 0.057535
vn -0.008825 0.995787 -0.042762
vn 0.024205 0.993497 -0.048991
vn 0.137691 0.959856 -0.227289
vn 0.160001 0.964545 -0.197998
vn 0.186588 0.965826 -0.176399
vn 0.200636 0.960949 -0.179497
vn 0.117491 0.986034 0.116148
vn 0.138361 0.984826 0.070271
vn -0.009292 0.985169 -0.171334
vn -0.011562 0.994031 -0.097706
vn -0.035427 0.997782 -0.050802
vn -0.050026 0.996857 -0.057853
vn -0.106784 0.991193 0.009317
vn -0.312615 0.933556 0.162858
vn -0.294178 0.951848 0.040282
vn -0.263193 0.964589 -0.012397
vn -0.235189 0.970408 0.037011
vn -0.262632 0.964522 -0.026083
vn -0.211912 0.974177 0.070742
vn -0.154403 0.985097 0.075501
vn -0.329770 0.935462 0.118680
vn -0.301674 0.946325 0.081402
vn 0.045576 0.959965 0.023328
vn -0.272237 0.962005 0.020814
vn -0.161687 0.983719 0.023621
vn -0.072111 0.986946 -0.002861
vn -0.033472 0.998691 0.038663
vn -0.014755 0.998364 0.051412
vn 0.000671 0.998105 0.061517
vn 0.013022 0.998323 0.050568
vn 0.003544 0.999304 0.016436
vn -0.044681 0.998136 -0.000167
vn -0.071021 0.996749 0.021607
vn -0.087676 0.995173 0.037226
vn -0.024774 0.999641 0.010235
vn -0.024647 0.999648 0.009726
vn -0.030125 0.999519 0.003270
vn -0.044620 0.998999 -0.002292
vn -0.035502 0.999223 0.011825
vn -0.024790 0.999503 0.016058
vn 0.094406 0.949315 -0.299640
vn 0.017841 0.945326 -0.317605
vn -0.024758 0.934298 -0.351800
vn 0.013225 0.954935 -0.289995
vn 0.012717 0.928853 -0.370106
vn 0.091320 0.944328 -0.312629
vn 0.157607 0.929223 -0.328129
vn 0.033648 0.993544 -0.093568
vn -0.035997 0.992452 -0.113749
vn -0.056549 0.990909 -0.119332
vn -0.019316 0.983197 -0.180491
vn -0.006146 0.985421 -0.165228
vn -0.054087 0.997619 -0.035659
vn -0.009669 0.995988 -0.078058
vn 0.001610 0.997780 -0.065019
vn -0.041224 0.991321 -0.123935
vn -0.058589 0.990262 -0.123076
vn -0.087572 0.983325 -0.151146
vn -0.036459 0.977978 -0.200604
vn 0.030816 0.982091 -0.182347
vn 0.021331 0.996668 -0.078723
vn 0.004995 0.993206 -0.112953
vn -0.122499 0.979668 -0.130058
vn -0.227341 0.963528 -0.137375
vn -0.235542 0.955135 -0.170121
vn -0.128681 0.959708 -0.235210
vn -0.042900 0.967170 -0.250482
vn -0.035215 0.968605 -0.242461
vn -0.086990 0.977670 -0.190388
vn -0.082732 0.986855 -0.138536
vn -0.018460 0.769192 -0.142641
vn -0.002008 0.975379 -0.220428
vn 0.016893 0.965385 -0.240375
vn 0.015998 0.995801 -0.088642
vn 0.009485 0.945445 -0.323757
vn 0.069994 0.928540 -0.347874
vn -0.058706 0.940465 -0.313651
vn -0.163167 0.899581 -0.404075
vn -0.107283 0.913258 -0.387041
vn -0.062828 0.931744 -0.356660
vn -0.049524 0.907423 -0.416887
vn -0.095203 0.930240 -0.353129
vn -0.043741 0.902549 -0.428200
vn -0.077565 0.893794 -0.440648
vn -0.125203 0.921223 -0.367914
vn -0.124530 0.893800 -0.429896
vn -0.113410 0.925280 -0.361932
vn -0.121052 0.926308 -0.356790
vn -0.109781 0.931179 -0.346993
vn -0.096485 0.939543 -0.327954
vn -0.098687 0.950331 -0.292277
vn -0.118584 0.941210 -0.314901
vn -0.070283 0.981613 -0.172754
vn -0.044585 0.985546 -0.163294
vn -0.043905 0.985069 -0.166442
vn -0.024317 0.982986 -0.181662
vn -0.019480 0.981265 -0.189302
vn -0.088820 0.935152 -0.338504
vn -0.109767 0.968206 -0.220839
vn -0.030282 0.989435 -0.127474
vn -0.017369 0.994710 -0.099376
vn -0.053011 0.995369 -0.077112
vn -0.059906 0.993845 -0.090491
vn -0.038620 0.993311 -0.108825
vn -0.032952 0.994002 -0.104210
vn -0.037062 0.993415 -0.108410
vn -0.000007 0.995877 -0.088904
vn 0.012248 0.996090 -0.087393
vn -0.017217 0.993215 -0.110664
vn -0.035150 0.992663 -0.111898
vn -0.029700 0.997949 -0.055641
vn -0.021270 0.999337 0.017698
vn -0.020364 0.999531 0.022761
vn 0.047325 0.988830 0.136833
vn -0.002436 0.984564 0.171438
vn 0.004697 0.980095 0.187499
vn 0.097364 0.967667 0.226498
vn 0.144181 0.965040 0.217166
vn 0.171247 0.982101 0.078432
vn -0.114859 0.992545 0.040776
vn -0.082820 0.995581 -0.012828
vn -0.020927 0.998929 -0.021727
vn 0.016040 0.999585 -0.023129
vn 0.026608 0.999000 -0.030193
vn 0.007672 0.999695 0.005903
vn -0.009753 0.999774 0.015417
vn -0.018427 0.999626 0.018759
vn -0.057981 0.997426 0.036529
vn -0.061102 0.997292 0.040708
vn -0.072352 0.996160 0.044529
vn -0.125317 0.990052 0.061517
vn -0.106622 0.991120 0.069375
vn -0.052557 0.998062 0.032612
vn -0.000070 0.995835 -0.043439
vn -0.034665 0.990820 -0.120187
vn -0.001145 0.993768 -0.047062
vn 0.079389 0.996115 0.027950
vn -0.036131 0.980553 0.174293
vn -0.008085 0.982283 0.172791
vn -0.068230 0.960922 0.260508
vn -0.076846 0.958245 0.275396
vn -0.167714 0.960755 0.211243
vn -0.000776 0.973872 0.187525
vn 0.000535 0.946328 0.293937
vn -0.100131 0.917589 0.384684
vn -0.119816 0.890903 0.435658
vn 0.011500 0.894079 0.431795
vn 0.197851 0.867433 0.437273
vn 0.047057 0.980448 0.140350
vn 0.000771 0.991412 0.130745
vn -0.227378 0.973549 0.015778
vn -0.229754 0.972461 0.030712
vn -0.172537 0.984580 0.012139
vn -0.138269 0.989596 0.028660
vn -0.140625 0.988084 0.048779
vn -0.238231 0.968550 0.053538
vn -0.208856 0.976734 0.034188
vn -0.146821 0.988983 0.008803
vn -0.158430 0.985032 0.048821
vn -0.122683 0.991204 0.049513
vn -0.124734 0.991640 0.029436
vn -0.233445 0.971677 0.009485
vn -0.195406 0.980660 0.004237
vn -0.172745 0.984701 -0.000475
vn -0.149083 0.988788 0.007666
vn -0.113317 0.991820 0.050508
vn -0.144665 0.989377 0.012585
vn -0.083086 0.994710 0.052404
vn -0.132034 0.990915 0.024851
vn -0.082274 0.996245 0.005185
vn -0.120677 0.992415 0.019668
vn -0.090686 0.995619 0.012514
vn -0.122917 0.992006 0.001147
vn -0.092188 0.993748 0.038297
vn -0.166980 0.985569 -0.005710
vn -0.213594 0.975755 0.040148
vn -0.030396 0.999534 0.002925
vn -0.044096 0.987642 0.131031
vn 0.006180 0.990251 0.070113
vn 0.095363 0.984648 0.120277
vn 0.145929 0.964320 0.204924
vn 0.192181 0.964397 0.179069
vn 0.127123 0.980946 0.112337
vn 0.035683 0.998953 0.027020
vn 0.040142 0.999072 0.014294
vn -0.018824 0.997014 -0.010302
vn -0.072379 0.993244 -0.083729
vn -0.043537 0.993304 -0.106604
vn -0.047891 0.992077 -0.115520
vn -0.072641 0.995646 -0.001018
vn -0.076290 0.996728 0.026693
o Object
usemtl Material
f 1/1/1 2/2/2 3/3/3
f 2/2/2 1/1/1 4/4/4
f 2/2/2 5/5/5 3/3/3
f 1/1/1 3/3/3 6/6/6
f 7/7/7 4/4/4 1/1/1
f 3/3/3 5/5/5 8/8/8
f 9/9/9 1/1/1 6/6/6
f 6/6/6 3/3/3 10/10/10
f 7/7/7 1/1/1 9/9/9
f 8/8/8 5/5/5 11/11/11
f 3/3/3 8/8/8 12/12/12
f 6/6/6 13/13/13 9/9/9
f 14/14/14 6/6/6 10/10/10
f 10/10/10 3/3/3 12/12/12
f 15/15/15 7/7/7 9/9/9
f 11/11/11 12/12/12 8/8/8
f 13/13/13 6/6/6 16/16/16
f 17/17/17 9/9/9 13/13/13
f 10/10/10 12/12/12 14/14/14
f 6/6/6 14/14/14 18/18/18
f 19/19/19 15/15/15 9/9/9
f 20/20/20 7/7/7 15/15/15
f 12/12/12 11/11/11 21/21/21
f 16/16/16 6/6/6 22/22/22
f 23/23/23 13/13/13 16/16/16
f 13/13/13 23/23/23 17/17/17
f 17/17/17 19/19/19 9/9/9
f 14/14/14 12/12/12 24/24/24
f 18/18/18 14/14/14 24/24/24
f 18/18/18 22/22/22 6/6/6
f 19/19/19 25/25/25 15/15/15
f 26/26/26 20/20/20 15/15/15
f 21/21/21 11/11/11 27/27/27
f 18/18/18 12/12/12 21/21/21
f 16/16/16 22/22/22 28/28/28
f 16/16/16 29/29/29 23/23/23
f 23/23/23 19/19/19 17/17/17
f 24/24/24 12/12/12 18/18/18
f 22/22/22 18/18/18 28/28/28
f 25/25/25 19/19/19 30/30/30
f 31/31/31 15/15/15 25/25/25
f 20/20/20 26/26/26 32/32/32
f 33/33/33 26/26/26 15/15/15
f 34/34/34 21/21/21 27/27/27
f 27/27/27 11/11/11 35/35/35
f 18/18/18 21/21/21 34/34/34
f 28/28/28 36/36/36 16/16/16
f 29/29/29 16/16/16 36/36/36
f 30/30/30 23/23/23 29/29/29
f 30/30/30 19/19/19 23/23/23
f 37/37/37 28/28/28 18/18/18
f 31/31/31 25/25/25 30/30/30
f 33/33/33 15/15/15 31/31/31
f 26/26/26 33/33/33 32/32/32
f 34/34/34 27/27/27 38/38/38
f 27/27/27 35/35/35 38/38/38
f 11/11/11 39/39/39 35/35/35
f 34/34/34 37/37/37 18/18/18
f 36/36/36 28/28/28 40/40/40
f 36/36/36 41/41/41 29/29/29
f 42/42/42 30/30/30 29/29/29
f 28/28/28 37/37/37 43/43/43
f 30/30/30 44/44/44 31/31/31
f 31/31/31 45/45/45 33/33/33
f 33/33/33 46/46/46 32/32/32
f 34/34/34 38/38/38 47/47/47
f 35/35/35 48/48/48 38/38/38
f 35/35/35 39/39/39 49/49/49
f 37/37/37 34/34/34 50/50/50
f 40/40/40 28/28/28 43/43/43
f 41/41/41 36/36/36 40/40/40
f 51/51/51 29/29/29 41/41/41
f 42/42/42 29/29/29 51/51/51
f 44/44/44 30/30/30 42/42/42
f 43/43/43 37/37/37 50/50/50
f 44/44/44 45/45/45 31/31/31
f 33/33/33 45/45/45 52/52/52
f 33/33/33 52/52/52 46/46/46
f 47/47/47 38/38/38 53/53/53
f 50/50/50 34/34/34 47/47/47
f 38/38/38 48/48/48 54/54/54
f 35/35/35 49/49/49 48/48/48
f 55/55/55 49/49/49 39/39/39
f 40/40/40 43/43/43 56/56/56
f 41/41/41 40/40/40 57/57/57
f 51/51/51 41/41/41 58/58/58
f 59/59/59 42/42/42 51/51/51
f 60/60/60 44/44/44 42/42/42
f 56/56/56 43/43/43 50/50/50
f 61/61/61 45/45/45 44/44/44
f 62/62/62 52/52/52 45/45/45
f 52/52/52 63/63/63 46/46/46
f 53/53/53 64/64/64 47/47/47
f 65/65/65 53/53/53 38/38/38
f 50/50/50 47/47/47 64/64/64
f 38/38/38 54/54/54 65/65/65
f 49/49/49 55/55/55 48/48/48
f 56/56/56 66/66/66 40/40/40
f 57/57/57 40/40/40 67/67/67
f 58/58/58 41/41/41 57/57/57
f 68/68/68 51/51/51 58/58/58
f 59/59/59 51/51/51 68/68/68
f 60/60/60 42/42/42 59/59/59
f 60/60/60 69/69/69 44/44/44
f 56/56/56 50/50/50 70/70/70
f 71/71/71 45/45/45 61/61/61
f 61/61/61 44/44/44 69/69/69
f 62/62/62 63/63/63 52/52/52
f 45/45/45 71/71/71 62/62/62
f 70/70/70 50/50/50 64/64/64
f 66/66/66 56/56/56 70/70/70
f 67/67/67 40/40/40 66/66/66
f 57/57/57 67/67/67 72/72/72
f 58/58/58 57/57/57 72/72/72
f 58/58/58 73/73/73 68/68/68
f 59/59/59 68/68/68 74/74/74
f 69/69/69 60/60/60 59/59/59
f 61/61/61 75/75/75 71/71/71
f 76/76/76 61/61/61 69/69/69
f 77/77/77 63/63/63 62/62/62
f 71/71/71 75/75/75 62/62/62
f 78/78/78 66/66/66 70/70/70
f 67/67/67 66/66/66 78/78/78
f 72/72/72 67/67/67 78/78/78
f 73/73/73 58/58/58 79/79/79
f 80/80/80 68/68/68 73/73/73
f 74/74/74 68/68/68 80/80/80
f 81/81/81 59/59/59 74/74/74
f 82/82/82 69/69/69 59/59/59
f 76/76/76 75/75/75 61/61/61
f 69/69/69 83/83/83 76/76/76
f 2775/2775/2775 5621/5621/5621 5620/5620/5620
f 84/84/84 77/77/77 62/62/62
f 84/84/84 62/62/62 75/75/75
f 80/80/80 73/73/73 79/79/79
f 74/74/74 80/80/80 85/85/85
f 82/82/82 59/59/59 81/81/81
f 85/85/85 81/81/81 74/74/74
f 83/83/83 69/69/69 82/82/82
f 86/86/86 75/75/75 76/76/76
f 86/86/86 76/76/76 83/83/83
f 2775/2775/2775 5620/5620/5620 2782/2782/2782
f 88/88/88 77/77/77 84/84/84
f 75/75/75 89/89/89 84/84/84
f 79/79/79 90/90/90 80/80/80
f 85/85/85 80/80/80 90/90/90
f 91/91/91 82/82/82 81/81/81
f 92/92/92 81/81/81 85/85/85
f 83/83/83 82/82/82 93/93/93
f 75/75/75 86/86/86 89/89/89
f 83/83/83 93/93/93 86/86/86
f 181/181/181 5441/5441/5441 5390/5390/5390
f 94/94/94 87/87/87 77/77/77
f 94/94/94 77/77/77 88/88/88
f 95/95/95 88/88/88 84/84/84
f 89/89/89 96/96/96 84/84/84
f 97/97/97 90/90/90 79/79/79
f 85/85/85 90/90/90 97/97/97
f 93/93/93 82/82/82 91/91/91
f 91/91/91 81/81/81 98/98/98
f 99/99/99 92/92/92 85/85/85
f 92/92/92 98/98/98 81/81/81
f 86/86/86 100/100/100 89/89/89
f 101/101/101 86/86/86 93/93/93
f 2292/2292/2292 5699/5699/5699 5700/5700/5700
f 102/102/102 87/87/87 94/94/94
f 95/95/95 94/94/94 88/88/88
f 84/84/84 96/96/96 95/95/95
f 89/89/89 100/100/100 96/96/96
f 97/97/97 99/99/99 85/85/85
f 91/91/91 103/103/103 93/93/93
f 98/98/98 104/104/104 91/91/91
f 92/92/92 99/99/99 105/105/105
f 92/92/92 106/106/106 98/98/98
f 107/107/107 100/100/100 86/86/86
f 93/93/93 108/108/108 101/101/101
f 109/109/109 86/86/86 101/101/101
f 1446/1446/1446 1478/1478/1478 5686/5686/5686
f 3225/3225/3225 5593/5593/5593 5591/5591/5591
f 110/110/110 102/102/102 94/94/94
f 110/110/110 94/94/94 95/95/95
f 111/111/111 95/95/95 96/96/96
f 112/112/112 96/96/96 100/100/100
f 99/99/99 97/97/97 113/113/113
f 114/114/114 103/103/103 91/91/91
f 108/108/108 93/93/93 103/103/103
f 104/104/104 98/98/98 106/106/106
f 104/104/104 114/114/114 91/91/91
f 106/106/106 92/92/92 105/105/105
f 105/105/105 99/99/99 113/113/113
f 107/107/107 86/86/86 109/109/109
f 112/112/112 100/100/100 107/107/107
f 108/108/108 115/115/115 101/101/101
f 116/116/116 109/109/109 101/101/101
f 3256/3256/3256 5587/5587/5587 5584/5584/5584
f 3268/3268/3268 5582/5582/5582 5581/5581/5581
f 3268/3268/3268 5581/5581/5581 3280/3280/3280
f 117/117/117 102/102/102 110/110/110
f 110/110/110 95/95/95 111/111/111
f 96/96/96 112/112/112 111/111/111
f 113/113/113 97/97/97 118/118/118
f 119/119/119 103/103/103 114/114/114
f 103/103/103 119/119/119 108/108/108
f 104/104/104 106/106/106 120/120/120
f 121/121/121 114/114/114 104/104/104
f 120/120/120 106/106/106 105/105/105
f 105/105/105 113/113/113 122/122/122
f 123/123/123 107/107/107 109/109/109
f 124/124/124 112/112/112 107/107/107
f 115/115/115 108/108/108 125/125/125
f 101/101/101 115/115/115 126/126/126
f 109/109/109 116/116/116 127/127/127
f 101/101/101 126/126/126 116/116/116
f 3368/3368/3368 5564/5564/5564 5563/5563/5563
f 3368/3368/3368 5563/5563/5563 3376/3376/3376
f 3670/3670/3670 5533/5533/5533 5536/5536/5536
f 3674/3674/3674 5529/5529/5529 5530/5530/5530
f 128/128/128 117/117/117 110/110/110
f 129/129/129 110/110/110 111/111/111
f 130/130/130 111/111/111 112/112/112
f 113/113/113 118/118/118 122/122/122
f 118/118/118 97/97/97 131/131/131
f 114/114/114 132/132/132 119/119/119
f 125/125/125 108/108/108 119/119/119
f 121/121/121 104/104/104 120/120/120
f 132/132/132 114/114/114 121/121/121
f 120/120/120 105/105/105 133/133/133
f 122/122/122 133/133/133 105/105/105
f 127/127/127 123/123/123 109/109/109
f 107/107/107 123/123/123 124/124/124
f 134/134/134 112/112/112 124/124/124
f 135/135/135 115/115/115 125/125/125
f 126/126/126 115/115/115 135/135/135
f 136/136/136 127/127/127 116/116/116
f 137/137/137 116/116/116 126/126/126
f 3674/3674/3674 3678/3678/3678 5529/5529/5529
f 3692/3692/3692 5523/5523/5523 5388/5388/5388
f 3694/3694/3694 5523/5523/5523 3692/3692/3692
f 706/706/706 5489/5489/5489 5488/5488/5488
f 110/110/110 129/129/129 128/128/128
f 111/111/111 138/138/138 129/129/129
f 130/130/130 138/138/138 111/111/111
f 130/130/130 112/112/112 134/134/134
f 122/122/122 118/118/118 139/139/139
f 139/139/139 118/118/118 131/131/131
f 140/140/140 119/119/119 132/132/132
f 140/140/140 125/125/125 119/119/119
f 121/121/121 120/120/120 141/141/141
f 121/121/121 142/142/142 132/132/132
f 133/133/133 141/141/141 120/120/120
f 133/133/133 122/122/122 143/143/143
f 127/127/127 124/124/124 123/123/123
f 124/124/124 127/127/127 134/134/134
f 125/125/125 144/144/144 135/135/135
f 145/145/145 126/126/126 135/135/135
f 127/127/127 136/136/136 146/146/146
f 116/116/116 137/137/137 136/136/136
f 126/126/126 147/147/147 137/137/137
f 706/706/706 5488/5488/5488 705/705/705
f 571/571/571 5470/5470/5470 5468/5468/5468
f 571/571/571 5468/5468/5468 572/572/572
f 535/535/535 5467/5467/5467 5466/5466/5466
f 148/148/148 128/128/128 129/129/129
f 138/138/138 149/149/149 129/129/129
f 150/150/150 138/138/138 130/130/130
f 134/134/134 150/150/150 130/130/130
f 142/142/142 140/140/140 132/132/132
f 140/140/140 151/151/151 125/125/125
f 141/141/141 152/152/152 121/121/121
f 142/142/142 121/121/121 153/153/153
f 141/141/141 133/133/133 154/154/154
f 154/154/154 133/133/133 143/143/143
f 127/127/127 150/150/150 134/134/134
f 151/151/151 144/144/144 125/125/125
f 155/155/155 126/126/126 145/145/145
f 156/156/156 146/146/146 136/136/136
f 146/146/146 150/150/150 127/127/127
f 157/157/157 136/136/136 137/137/137
f 147/147/147 126/126/126 155/155/155
f 158/158/158 137/137/137 147/147/147
f 528/528/528 5459/5459/5459 5462/5462/5462
f 528/528/528 520/520/520 5459/5459/5459
f 181/181/181 5440/5440/5440 5441/5441/5441
f 181/181/181 201/201/201 5440/5440/5440
f 129/129/129 159/159/159 148/148/148
f 150/150/150 149/149/149 138/138/138
f 159/159/159 129/129/129 149/149/149
f 142/142/142 151/151/151 140/140/140
f 152/152/152 141/141/141 160/160/160
f 153/153/153 121/121/121 152/152/152
f 161/161/161 142/142/142 153/153/153
f 154/154/154 160/160/160 141/141/141
f 154/154/154 143/143/143 162/162/162
f 156/156/156 163/163/163 146/146/146
f 164/164/164 156/156/156 136/136/136
f 163/163/163 150/150/150 146/146/146
f 136/136/136 157/157/157 164/164/164
f 137/137/137 165/165/165 157/157/157
f 155/155/155 166/166/166 147/147/147
f 165/165/165 137/137/137 158/158/158
f 158/158/158 147/147/147 166/166/166
f 2292/2292/2292 5698/5698/5698 5699/5699/5699
f 2292/2292/2292 2296/2296/2296 5698/5698/5698
f 2296/2296/2296 5697/5697/5697 5698/5698/5698
f 2296/2296/2296 2299/2299/2299 5697/5697/5697
f 2299/2299/2299 5696/5696/5696 5697/5697/5697
f 167/167/167 148/148/148 159/159/159
f 150/150/150 163/163/163 149/149/149
f 159/159/159 149/149/149 168/168/168
f 160/160/160 169/169/169 152/152/152
f 152/152/152 170/170/170 153/153/153
f 171/171/171 142/142/142 161/161/161
f 161/161/161 153/153/153 172/172/172
f 160/160/160 154/154/154 173/173/173
f 162/162/162 174/174/174 154/154/154
f 162/162/162 143/143/143 175/175/175
f 176/176/176 163/163/163 156/156/156
f 164/164/164 177/177/177 156/156/156
f 157/157/157 178/178/178 164/164/164
f 179/179/179 157/157/157 165/165/165
f 179/179/179 165/165/165 158/158/158
f 180/180/180 158/158/158 166/166/166
f 2299/2299/2299 2304/2304/2304 5696/5696/5696
f 2304/2304/2304 5695/5695/5695 5696/5696/5696
f 2304/2304/2304 2306/2306/2306 5695/5695/5695
f 2306/2306/2306 5694/5694/5694 5695/5695/5695
f 2306/2306/2306 5693/5693/5693 5694/5694/5694
f 159/159/159 182/182/182 167/167/167
f 167/167/167 181/181/181 148/148/148
f 168/168/168 149/149/149 163/163/163
f 183/183/183 159/159/159 168/168/168
f 173/173/173 169/169/169 160/160/160
f 184/184/184 152/152/152 169/169/169
f 170/170/170 152/152/152 184/184/184
f 172/172/172 153/153/153 170/170/170
f 185/185/185 171/171/171 161/161/161
f 172/172/172 185/185/185 161/161/161
f 173/173/173 154/154/154 174/174/174
f 174/174/174 162/162/162 186/186/186
f 175/175/175 186/186/186 162/162/162
f 177/177/177 176/176/176 156/156/156
f 163/163/163 176/176/176 168/168/168
f 187/187/187 177/177/177 164/164/164
f 178/178/178 157/157/157 179/179/179
f 188/188/188 164/164/164 178/178/178
f 158/158/158 180/180/180 179/179/179
f 189/189/189 180/180/180 166/166/166
f 2306/2306/2306 5692/5692/5692 5693/5693/5693
f 2306/2306/2306 5691/5691/5691 5692/5692/5692
f 2306/2306/2306 2318/2318/2318 5691/5691/5691
f 2329/2329/2329 5690/5690/5690 5691/5691/5691
f 2329/2329/2329 5689/5689/5689 5690/5690/5690
f 2329/2329/2329 5688/5688/5688 5689/5689/5689
f 182/182/182 159/159/159 183/183/183
f 190/190/190 167/167/167 182/182/182
f 190/190/190 181/181/181 167/167/167
f 168/168/168 191/191/191 183/183/183
f 192/192/192 169/169/169 173/173/173
f 184/184/184 169/169/169 193/193/193
f 184/184/184 172/172/172 170/170/170
f 173/173/173 174/174/174 186/186/186
f 186/186/186 175/175/175 194/194/194
f 176/176/176 177/177/177 191/191/191
f 176/176/176 191/191/191 168/168/168
f 187/187/187 195/195/195 177/177/177
f 196/196/196 187/187/187 164/164/164
f 197/197/197 178/178/178 179/179/179
f 164/164/164 188/188/188 196/196/196
f 188/188/188 178/178/178 197/197/197
f 180/180/180 197/197/197 179/179/179
f 189/189/189 198/198/198 180/180/180
f 2337/2337/2337 5660/5660/5660 5688/5688/5688
f 1421/1421/1421 1446/1446/1446 5686/5686/5686
f 1438/1438/1438 5684/5684/5684 5687/5687/5687
f 1421/1421/1421 5686/5686/5686 5685/5685/5685
f 1438/1438/1438 1408/1408/1408 5684/5684/5684
f 1421/1421/1421 5685/5685/5685 5683/5683/5683
f 1416/1416/1416 5682/5682/5682 5684/5684/5684
f 1394/1394/1394 5683/5683/5683 5681/5681/5681
f 1416/1416/1416 5680/5680/5680 5682/5682/5682
f 183/183/183 199/199/199 182/182/182
f 200/200/200 190/190/190 182/182/182
f 201/201/201 181/181/181 190/190/190
f 191/191/191 202/202/202 183/183/183
f 192/192/192 173/173/173 186/186/186
f 193/193/193 169/169/169 192/192/192
f 194/194/194 203/203/203 186/186/186
f 195/195/195 191/191/191 177/177/177
f 187/187/187 204/204/204 195/195/195
f 187/187/187 196/196/196 204/204/204
f 205/205/205 196/196/196 188/188/188
f 206/206/206 188/188/188 197/197/197
f 207/207/207 197/197/197 180/180/180
f 208/208/208 180/180/180 198/198/198
f 1416/1416/1416 1399/1399/1399 5680/5680/5680
f 1394/1394/1394 5681/5681/5681 5679/5679/5679
f 1399/1399/1399 5678/5678/5678 5680/5680/5680
f 1394/1394/1394 5679/5679/5679 5677/5677/5677
f 1399/1399/1399 5676/5676/5676 5678/5678/5678
f 1399/1399/1399 1389/1389/1389 5676/5676/5676
f 1383/1383/1383 5677/5677/5677 5675/5675/5675
f 1383/1383/1383 5674/5674/5674 5673/5673/5673
f 1383/1383/1383 5673/5673/5673 1382/1382/1382
f 1381/1381/1381 1382/1382/1382 5672/5672/5672
f 202/202/202 199/199/199 183/183/183
f 182/182/182 199/199/199 200/200/200
f 190/190/190 200/200/200 209/209/209
f 1389/1389/1389 5671/5671/5671 5676/5676/5676
f 209/209/209 201/201/201 190/190/190
f 195/195/195 202/202/202 191/191/191
f 186/186/186 210/210/210 192/192/192
f 193/193/193 192/192/192 210/210/210
f 203/203/203 194/194/194 211/211/211
f 203/203/203 212/212/212 186/186/186
f 202/202/202 195/195/195 204/204/204
f 213/213/213 204/204/204 196/196/196
f 188/188/188 206/206/206 205/205/205
f 213/213/213 196/196/196 205/205/205
f 214/214/214 206/206/206 197/197/197
f 207/207/207 214/214/214 197/197/197
f 208/208/208 207/207/207 180/180/180
f 1389/1389/1389 1378/1378/1378 5671/5671/5671
f 1378/1378/1378 5669/5669/5669 5670/5670/5670
f 1378/1378/1378 1387/1387/1387 5669/5669/5669
f 1387/1387/1387 1377/1377/1377 5669/5669/5669
f 1382/1382/1382 5673/5673/5673 5672/5672/5672
f 1381/1381/1381 5672/5672/5672 5666/5666/5666
f 1375/1375/1375 1381/1381/1381 5666/5666/5666
f 1377/1377/1377 5668/5668/5668 5669/5669/5669
f 1377/1377/1377 1372/1372/1372 5668/5668/5668
f 1372/1372/1372 1371/1371/1371 5667/5667/5667
f 202/202/202 215/215/215 199/199/199
f 216/216/216 200/200/200 199/199/199
f 217/217/217 209/209/209 200/200/200
f 1369/1369/1369 1375/1375/1375 5666/5666/5666
f 1372/1372/1372 5667/5667/5667 5668/5668/5668
f 210/210/210 186/186/186 212/212/212
f 210/210/210 218/218/218 193/193/193
f 212/212/212 203/203/203 211/211/211
f 204/204/204 213/213/213 219/219/219
f 220/220/220 205/205/205 206/206/206
f 219/219/219 213/213/213 205/205/205
f 221/221/221 206/206/206 214/214/214
f 207/207/207 222/222/222 214/214/214
f 208/208/208 223/223/223 207/207/207
f 1368/1368/1368 5665/5665/5665 5667/5667/5667
f 1368/1368/1368 5661/5661/5661 5663/5663/5663
f 1368/1368/1368 1370/1370/1370 5661/5661/5661
f 1369/1369/1369 5666/5666/5666 5662/5662/5662
f 1370/1370/1370 1367/1367/1367 5661/5661/5661
f 1367/1367/1367 1369/1369/1369 5662/5662/5662
f 1368/1368/1368 5664/5664/5664 5665/5665/5665
f 2337/2337/2337 5659/5659/5659 5660/5660/5660
f 2337/2337/2337 2348/2348/2348 5659/5659/5659
f 2348/2348/2348 5658/5658/5658 5659/5659/5659
f 2348/2348/2348 2354/2354/2354 5658/5658/5658
f 215/215/215 224/224/224 199/199/199
f 216/216/216 199/199/199 224/224/224
f 225/225/225 200/200/200 216/216/216
f 2354/2354/2354 5657/5657/5657 5658/5658/5658
f 225/225/225 217/217/217 200/200/200
f 2354/2354/2354 2361/2361/2361 5657/5657/5657
f 212/212/212 218/218/218 210/210/210
f 218/218/218 226/226/226 193/193/193
f 205/205/205 220/220/220 219/219/219
f 206/206/206 221/221/221 220/220/220
f 227/227/227 221/221/221 214/214/214
f 207/207/207 223/223/223 222/222/222
f 227/227/227 214/214/214 222/222/222
f 3626/3626/3626 3623/3623/3623 5377/5377/5377
f 3623/3623/3623 5376/5376/5376 5377/5377/5377
f 2364/2364/2364 5655/5655/5655 5656/5656/5656
f 2364/2364/2364 5654/5654/5654 5655/5655/5655
f 2364/2364/2364 2370/2370/2370 5654/5654/5654
f 2370/2370/2370 5653/5653/5653 5654/5654/5654
f 2370/2370/2370 2369/2369/2369 5653/5653/5653
f 2369/2369/2369 5652/5652/5652 5653/5653/5653
f 2369/2369/2369 5651/5651/5651 5652/5652/5652
f 2369/2369/2369 2378/2378/2378 5651/5651/5651
f 2378/2378/2378 5650/5650/5650 5651/5651/5651
f 228/228/228 224/224/224 215/215/215
f 229/229/229 216/216/216 224/224/224
f 230/230/230 225/225/225 216/216/216
f 2378/2378/2378 2387/2387/2387 5650/5650/5650
f 231/231/231 217/217/217 225/225/225
f 212/212/212 232/232/232 218/218/218
f 218/218/218 233/233/233 226/226/226
f 234/234/234 219/219/219 220/220/220
f 235/235/235 220/220/220 221/221/221
f 227/227/227 235/235/235 221/221/221
f 223/223/223 236/236/236 222/222/222
f 236/236/236 227/227/227 222/222/222
f 2387/2387/2387 5649/5649/5649 5650/5650/5650
f 2387/2387/2387 5648/5648/5648 5649/5649/5649
f 2387/2387/2387 2395/2395/2395 5648/5648/5648
f 2395/2395/2395 5647/5647/5647 5648/5648/5648
f 2395/2395/2395 5646/5646/5646 5647/5647/5647
f 2395/2395/2395 5645/5645/5645 5646/5646/5646
f 2395/2395/2395 2398/2398/2398 5645/5645/5645
f 2398/2398/2398 5644/5644/5644 5645/5645/5645
f 2398/2398/2398 2406/2406/2406 5644/5644/5644
f 229/229/229 224/224/224 228/228/228
f 228/228/228 215/215/215 219/219/219
f 237/237/237 216/216/216 229/229/229
f 2406/2406/2406 5643/5643/5643 5644/5644/5644
f 230/230/230 231/231/231 225/225/225
f 2406/2406/2406 2407/2407/2407 5643/5643/5643
f 238/238/238 218/218/218 232/232/232
f 233/233/233 218/218/218 238/238/238
f 239/239/239 226/226/226 233/233/233
f 234/234/234 228/228/228 219/219/219
f 240/240/240 234/234/234 220/220/220
f 240/240/240 220/220/220 235/235/235
f 227/227/227 241/241/241 235/235/235
f 236/236/236 223/223/223 242/242/242
f 241/241/241 227/227/227 236/236/236
f 2407/2407/2407 5642/5642/5642 5643/5643/5643
f 2407/2407/2407 5641/5641/5641 5642/5642/5642
f 2407/2407/2407 2412/2412/2412 5641/5641/5641
f 2412/2412/2412 5640/5640/5640 5641/5641/5641
f 2412/2412/2412 5639/5639/5639 5640/5640/5640
f 2412/2412/2412 5638/5638/5638 5639/5639/5639
f 2412/2412/2412 2423/2423/2423 5638/5638/5638
f 2423/2423/2423 5637/5637/5637 5638/5638/5638
f 234/234/234 229/229/229 228/228/228
f 2429/2429/2429 5636/5636/5636 5637/5637/5637
f 234/234/234 237/237/237 229/229/229
f 2429/2429/2429 5635/5635/5635 5636/5636/5636
f 2429/2429/2429 2432/2432/2432 5635/5635/5635
f 243/243/243 238/238/238 232/232/232
f 244/244/244 233/233/233 238/238/238
f 245/245/245 239/239/239 233/233/233
f 237/237/237 234/234/234 240/240/240
f 246/246/246 240/240/240 235/235/235
f 235/235/235 241/241/241 246/246/246
f 242/242/242 223/223/223 247/247/247
f 236/236/236 242/242/242 248/248/248
f 236/236/236 249/249/249 241/241/241
f 2432/2432/2432 5634/5634/5634 5635/5635/5635
f 2432/2432/2432 5633/5633/5633 5634/5634/5634
f 2434/2434/2434 5632/5632/5632 5633/5633/5633
f 2435/2435/2435 5631/5631/5631 2434/2434/2434
f 2434/2434/2434 5631/5631/5631 5632/5632/5632
f 2744/2744/2744 5629/5629/5629 5628/5628/5628
f 2745/2745/2745 5628/5628/5628 5627/5627/5627
f 2745/2745/2745 5627/5627/5627 5626/5626/5626
f 2748/2748/2748 2745/2745/2745 5626/5626/5626
f 2748/2748/2748 5626/5626/5626 5625/5625/5625
f 2752/2752/2752 2748/2748/2748 5625/5625/5625
f 250/250/250 238/238/238 243/243/243
f 244/244/244 238/238/238 250/250/250
f 244/244/244 251/251/251 233/233/233
f 233/233/233 252/252/252 245/245/245
f 246/246/246 237/237/237 240/240/240
f 2752/2752/2752 5625/5625/5625 2756/2756/2756
f 242/242/242 247/247/247 253/253/253
f 249/249/249 236/236/236 248/248/248
f 248/248/248 242/242/242 254/254/254
f 255/255/255 241/241/241 249/249/249
f 2756/2756/2756 5625/5625/5625 5624/5624/5624
f 2762/2762/2762 2756/2756/2756 5624/5624/5624
f 2766/2766/2766 5624/5624/5624 5623/5623/5623
f 2775/2775/2775 5622/5622/5622 5621/5621/5621
f 2800/2800/2800 5620/5620/5620 5619/5619/5619
f 2800/2800/2800 5619/5619/5619 5618/5618/5618
f 2800/2800/2800 5618/5618/5618 5617/5617/5617
f 2800/2800/2800 5617/5617/5617 2805/2805/2805
f 2805/2805/2805 5617/5617/5617 5615/5615/5615
f 2805/2805/2805 5615/5615/5615 2809/2809/2809
f 2990/2990/2990 5614/5614/5614 5613/5613/5613
f 251/251/251 244/244/244 250/250/250
f 251/251/251 252/252/252 233/233/233
f 256/256/256 245/245/245 252/252/252
f 2991/2991/2991 5613/5613/5613 5612/5612/5612
f 2991/2991/2991 5612/5612/5612 5611/5611/5611
f 253/253/253 254/254/254 242/242/242
f 257/257/257 253/253/253 247/247/247
f 248/248/248 258/258/258 249/249/249
f 248/248/248 254/254/254 259/259/259
f 260/260/260 241/241/241 255/255/255
f 255/255/255 249/249/249 261/261/261
f 2993/2993/2993 5610/5610/5610 5609/5609/5609
f 2994/2994/2994 5609/5609/5609 5608/5608/5608
f 2994/2994/2994 5608/5608/5608 5607/5607/5607
f 3001/3001/3001 5607/5607/5607 5606/5606/5606
f 3001/3001/3001 5606/5606/5606 5605/5605/5605
f 3001/3001/3001 5605/5605/5605 3005/3005/3005
f 3005/3005/3005 5605/5605/5605 5604/5604/5604
f 3006/3006/3006 5603/5603/5603 5601/5601/5601
f 3012/3012/3012 5602/5602/5602 5600/5600/5600
f 3019/3019/3019 5600/5600/5600 5599/5599/5599
f 250/250/250 262/262/262 251/251/251
f 263/263/263 252/252/252 251/251/251
f 263/263/263 256/256/256 252/252/252
f 3215/3215/3215 5597/5597/5597 5595/5595/5595
f 3215/3215/3215 5595/5595/5595 3220/3220/3220
f 3221/3221/3221 5596/5596/5596 5594/5594/5594
f 3221/3221/3221 3220/3220/3220 5596/5596/5596
f 254/254/254 253/253/253 264/264/264
f 253/253/253 257/257/257 265/265/265
f 258/258/258 248/248/248 259/259/259
f 261/261/261 249/249/249 258/258/258
f 259/259/259 254/254/254 264/264/264
f 3225/3225/3225 5594/5594/5594 5593/5593/5593
f 260/260/260 255/255/255 261/261/261
f 3233/3233/3233 3225/3225/3225 5591/5591/5591
f 3234/3234/3234 5592/5592/5592 5590/5590/5590
f 3234/3234/3234 3233/3233/3233 5592/5592/5592
f 3239/3239/3239 5590/5590/5590 5589/5589/5589
f 3239/3239/3239 5589/5589/5589 5588/5588/5588
f 3239/3239/3239 5588/5588/5588 3248/3248/3248
f 3248/3248/3248 5588/5588/5588 5587/5587/5587
f 3257/3257/3257 5585/5585/5585 5586/5586/5586
f 3257/3257/3257 3256/3256/3256 5585/5585/5585
f 3257/3257/3257 5586/5586/5586 5583/5583/5583
f 263/263/263 251/251/251 262/262/262
f 256/256/256 263/263/263 266/266/266
f 3268/3268/3268 5583/5583/5583 5582/5582/5582
f 3288/3288/3288 5581/5581/5581 5580/5580/5580
f 3288/3288/3288 5580/5580/5580 5579/5579/5579
f 3305/3305/3305 5579/5579/5579 5578/5578/5578
f 3312/3312/3312 3305/3305/3305 5578/5578/5578
f 3312/3312/3312 5578/5578/5578 5577/5577/5577
f 264/264/264 253/253/253 265/265/265
f 259/259/259 267/267/267 258/258/258
f 261/261/261 258/258/258 268/268/268
f 259/259/259 264/264/264 269/269/269
f 3312/3312/3312 5577/5577/5577 3321/3321/3321
f 261/261/261 270/270/270 260/260/260
f 3321/3321/3321 5577/5577/5577 5576/5576/5576
f 3321/3321/3321 5576/5576/5576 5575/5575/5575
f 3332/3332/3332 5575/5575/5575 5574/5574/5574
f 3336/3336/3336 5574/5574/5574 5573/5573/5573
f 3336/3336/3336 5573/5573/5573 5572/5572/5572
f 3340/3340/3340 5572/5572/5572 5571/5571/5571
f 3340/3340/3340 5571/5571/5571 5570/5570/5570
f 3343/3343/3343 5570/5570/5570 5569/5569/5569
f 3343/3343/3343 5569/5569/5569 5568/5568/5568
f 3353/3353/3353 5568/5568/5568 5567/5567/5567
f 262/262/262 271/271/271 263/263/263
f 266/266/266 263/263/263 271/271/271
f 3353/3353/3353 5567/5567/5567 5566/5566/5566
f 3353/3353/3353 5566/5566/5566 3359/3359/3359
f 3359/3359/3359 5566/5566/5566 5565/5565/5565
f 3359/3359/3359 5565/5565/5565 5564/5564/5564
f 3359/3359/3359 5564/5564/5564 3368/3368/3368
f 3376/3376/3376 5563/5563/5563 5562/5562/5562
f 264/264/264 265/265/265 272/272/272
f 267/267/267 259/259/259 273/273/273
f 268/268/268 258/258/258 267/267/267
f 270/270/270 261/261/261 268/268/268
f 269/269/269 274/274/274 259/259/259
f 272/272/272 269/269/269 264/264/264
f 3383/3383/3383 5562/5562/5562 5561/5561/5561
f 3383/3383/3383 5561/5561/5561 5560/5560/5560
f 3394/3394/3394 5560/5560/5560 5559/5559/5559
f 3407/3407/3407 5559/5559/5559 5558/5558/5558
f 3407/3407/3407 5558/5558/5558 5557/5557/5557
f 3416/3416/3416 5557/5557/5557 5556/5556/5556
f 3469/3469/3469 5555/5555/5555 5554/5554/5554
f 3469/3469/3469 5553/5553/5553 5555/5555/5555
f 3469/3469/3469 5552/5552/5552 5553/5553/5553
f 3470/3470/3470 5551/5551/5551 3469/3469/3469
f 3622/3622/3622 5550/5550/5550 5404/5404/5404
f 3622/3622/3622 5549/5549/5549 5550/5550/5550
f 3622/3622/3622 3625/3625/3625 5549/5549/5549
f 3629/3629/3629 5547/5547/5547 5548/5548/5548
f 3629/3629/3629 5546/5546/5546 5547/5547/5547
f 3638/3638/3638 3631/3631/3631 5447/5447/5447
f 3642/3642/3642 5447/5447/5447 5544/5544/5544
f 268/268/268 267/267/267 273/273/273
f 273/273/273 259/259/259 274/274/274
f 270/270/270 268/268/268 275/275/275
f 274/274/274 269/269/269 276/276/276
f 269/269/269 272/272/272 277/277/277
f 3642/3642/3642 3638/3638/3638 5447/5447/5447
f 3642/3642/3642 5544/5544/5544 5543/5543/5543
f 3648/3648/3648 3642/3642/3642 5543/5543/5543
f 3648/3648/3648 5543/5543/5543 5542/5542/5542
f 3648/3648/3648 5542/5542/5542 5395/5395/5395
f 3648/3648/3648 5395/5395/5395 3652/3652/3652
f 3657/3657/3657 5391/5391/5391 5541/5541/5541
f 3661/3661/3661 3657/3657/3657 5541/5541/5541
f 3661/3661/3661 5541/5541/5541 5540/5540/5540
f 3665/3665/3665 5540/5540/5540 5539/5539/5539
f 3668/3668/3668 5539/5539/5539 5538/5538/5538
f 3670/3670/3670 5536/5536/5536 3669/3669/3669
f 3669/3669/3669 5536/5536/5536 5535/5535/5535
f 3674/3674/3674 5530/5530/5530 5532/5532/5532
f 3670/3670/3670 5531/5531/5531 5533/5533/5533
f 3670/3670/3670 3673/3673/3673 5531/5531/5531
f 268/268/268 273/273/273 279/279/279
f 273/273/273 274/274/274 276/276/276
f 275/275/275 268/268/268 279/279/279
f 278/278/278 270/270/270 275/275/275
f 269/269/269 277/277/277 276/276/276
f 280/280/280 277/277/277 272/272/272
f 3678/3678/3678 5527/5527/5527 5529/5529/5529
f 3678/3678/3678 3684/3684/3684 5527/5527/5527
f 3684/3684/3684 5526/5526/5526 5528/5528/5528
f 3684/3684/3684 3685/3685/3685 5526/5526/5526
f 3685/3685/3685 5525/5525/5525 5526/5526/5526
f 3685/3685/3685 3688/3688/3688 5525/5525/5525
f 3688/3688/3688 5524/5524/5524 5525/5525/5525
f 3688/3688/3688 3689/3689/3689 5524/5524/5524
f 3689/3689/3689 5388/5388/5388 5524/5524/5524
f 3689/3689/3689 3691/3691/3691 5388/5388/5388
f 3692/3692/3692 5388/5388/5388 3691/3691/3691
f 3696/3696/3696 5523/5523/5523 3694/3694/3694
f 3696/3696/3696 5522/5522/5522 5523/5523/5523
f 3696/3696/3696 5521/5521/5521 5522/5522/5522
f 3696/3696/3696 5520/5520/5520 5521/5521/5521
f 3696/3696/3696 3700/3700/3700 5520/5520/5520
f 768/768/768 5517/5517/5517 5518/5518/5518
f 281/281/281 279/279/279 273/273/273
f 276/276/276 281/281/281 273/273/273
f 279/279/279 282/282/282 275/275/275
f 278/278/278 275/275/275 282/282/282
f 276/276/276 277/277/277 283/283/283
f 277/277/277 280/280/280 283/283/283
f 768/768/768 5518/5518/5518 767/767/767
f 767/767/767 5518/5518/5518 5516/5516/5516
f 768/768/768 5378/5378/5378 5517/5517/5517
f 766/766/766 5516/5516/5516 5515/5515/5515
f 766/766/766 5515/5515/5515 5514/5514/5514
f 766/766/766 5514/5514/5514 5513/5513/5513
f 766/766/766 5513/5513/5513 765/765/765
f 765/765/765 5513/5513/5513 5512/5512/5512
f 765/765/765 5512/5512/5512 5511/5511/5511
f 765/765/765 5511/5511/5511 763/763/763
f 763/763/763 5511/5511/5511 5510/5510/5510
f 763/763/763 5510/5510/5510 761/761/761
f 761/761/761 5510/5510/5510 5509/5509/5509
f 761/761/761 5509/5509/5509 760/760/760
f 760/760/760 5509/5509/5509 5508/5508/5508
f 760/760/760 5508/5508/5508 759/759/759
f 279/279/279 281/281/281 284/284/284
f 281/281/281 276/276/276 285/285/285
f 286/286/286 282/282/282 279/279/279
f 759/759/759 5508/5508/5508 5507/5507/5507
f 276/276/276 283/283/283 287/287/287
f 283/283/283 280/280/280 288/288/288
f 759/759/759 5507/5507/5507 5506/5506/5506
f 759/759/759 5506/5506/5506 5503/5503/5503
f 759/759/759 5503/5503/5503 757/757/757
f 757/757/757 5504/5504/5504 5505/5505/5505
f 757/757/757 5505/5505/5505 758/758/758
f 755/755/755 5505/5505/5505 5501/5501/5501
f 755/755/755 5502/5502/5502 5500/5500/5500
f 755/755/755 5500/5500/5500 753/753/753
f 753/753/753 5500/5500/5500 5499/5499/5499
f 753/753/753 5499/5499/5499 750/750/750
f 750/750/750 5499/5499/5499 5498/5498/5498
f 743/743/743 5498/5498/5498 5497/5497/5497
f 743/743/743 5497/5497/5497 5496/5496/5496
f 735/735/735 5496/5496/5496 5495/5495/5495
f 735/735/735 5495/5495/5495 5494/5494/5494
f 735/735/735 5494/5494/5494 5493/5493/5493
f 286/286/286 279/279/279 284/284/284
f 284/284/284 281/281/281 289/289/289
f 287/287/287 285/285/285 276/276/276
f 285/285/285 289/289/289 281/281/281
f 735/735/735 5493/5493/5493 5492/5492/5492
f 290/290/290 287/287/287 283/283/283
f 283/283/283 288/288/288 290/290/290
f 291/291/291 288/288/288 280/280/280
f 735/735/735 5492/5492/5492 728/728/728
f 706/706/706 5492/5492/5492 5491/5491/5491
f 706/706/706 5491/5491/5491 5490/5490/5490
f 705/705/705 5488/5488/5488 695/695/695
f 678/678/678 695/695/695 5488/5488/5488
f 678/678/678 5488/5488/5488 5487/5487/5487
f 678/678/678 5487/5487/5487 5486/5486/5486
f 678/678/678 5486/5486/5486 659/659/659
f 659/659/659 5486/5486/5486 5485/5485/5485
f 636/636/636 5485/5485/5485 5484/5484/5484
f 636/636/636 5484/5484/5484 5483/5483/5483
f 618/618/618 5483/5483/5483 5482/5482/5482
f 618/618/618 5482/5482/5482 5481/5481/5481
f 618/618/618 5481/5481/5481 5480/5480/5480
f 619/619/619 5476/5476/5476 613/613/613
f 612/612/612 5479/5479/5479 5476/5476/5476
f 612/612/612 5476/5476/5476 619/619/619
f 284/284/284 292/292/292 286/286/286
f 289/289/289 293/293/293 284/284/284
f 285/285/285 287/287/287 294/294/294
f 289/289/289 285/285/285 294/294/294
f 618/618/618 5480/5480/5480 5477/5477/5477
f 287/287/287 290/290/290 296/296/296
f 288/288/288 291/291/291 290/290/290
f 618/618/618 5477/5477/5477 604/604/604
f 597/597/597 613/613/613 5476/5476/5476
f 604/604/604 5478/5478/5478 5479/5479/5479
f 591/591/591 597/597/597 5476/5476/5476
f 591/591/591 5476/5476/5476 5475/5475/5475
f 580/580/580 5475/5475/5475 5474/5474/5474
f 580/580/580 5474/5474/5474 5472/5472/5472
f 579/579/579 5473/5473/5473 5471/5471/5471
f 579/579/579 580/580/580 5473/5473/5473
f 571/571/571 5471/5471/5471 5469/5469/5469
f 571/571/571 5469/5469/5469 5470/5470/5470
f 572/572/572 5468/5468/5468 559/559/559
f 559/559/559 5468/5468/5468 553/553/553
f 535/535/535 5468/5468/5468 5467/5467/5467
f 530/530/530 5466/5466/5466 5464/5464/5464
f 529/529/529 5463/5463/5463 5465/5465/5465
f 520/520/520 5464/5464/5464 5459/5459/5459
f 529/529/529 5461/5461/5461 5463/5463/5463
f 292/292/292 284/284/284 293/293/293
f 292/292/292 295/295/295 286/286/286
f 293/293/293 289/289/289 297/297/297
f 294/294/294 287/287/287 296/296/296
f 289/289/289 294/294/294 297/297/297
f 529/529/529 519/519/519 5461/5461/5461
f 528/528/528 5462/5462/5462 5460/5460/5460
f 528/528/528 5460/5460/5460 524/524/524
f 519/519/519 5458/5458/5458 5461/5461/5461
f 524/524/524 5460/5460/5460 5457/5457/5457
f 524/524/524 5457/5457/5457 516/516/516
f 519/519/519 5456/5456/5456 5458/5458/5458
f 519/519/519 517/517/517 5456/5456/5456
f 515/515/515 5456/5456/5456 517/517/517
f 516/516/516 5457/5457/5457 5455/5455/5455
f 515/515/515 5454/5454/5454 5456/5456/5456
f 515/515/515 513/513/513 5454/5454/5454
f 516/516/516 5455/5455/5455 5453/5453/5453
f 516/516/516 5453/5453/5453 514/514/514
f 513/513/513 511/511/511 5454/5454/5454
f 511/511/511 5452/5452/5452 5454/5454/5454
f 512/512/512 5453/5453/5453 5451/5451/5451
f 292/292/292 293/293/293 298/298/298
f 295/295/295 292/292/292 299/299/299
f 293/293/293 297/297/297 300/300/300
f 294/294/294 296/296/296 301/301/301
f 297/297/297 294/294/294 302/302/302
f 511/511/511 5449/5449/5449 5452/5452/5452
f 512/512/512 5451/5451/5451 5450/5450/5450
f 512/512/512 5450/5450/5450 5448/5448/5448
f 512/512/512 5448/5448/5448 511/511/511
f 511/511/511 5448/5448/5448 5449/5449/5449
f 87/87/87 5445/5445/5445 5380/5380/5380
f 201/201/201 5439/5439/5439 5440/5440/5440
f 201/201/201 209/209/209 5439/5439/5439
f 209/209/209 217/217/217 5437/5437/5437
f 209/209/209 5437/5437/5437 5438/5438/5438
f 217/217/217 231/231/231 5436/5436/5436
f 3631/3631/3631 5399/5399/5399 5396/5396/5396
f 3631/3631/3631 5397/5397/5397 5447/5447/5447
f 366/366/366 5446/5446/5446 5444/5444/5444
f 87/87/87 5381/5381/5381 5445/5445/5445
f 366/366/366 5444/5444/5444 5443/5443/5443
f 366/366/366 5443/5443/5443 5442/5442/5442
f 366/366/366 5442/5442/5442 357/357/357
f 357/357/357 5442/5442/5442 5434/5434/5434
f 357/357/357 5434/5434/5434 350/350/350
f 217/217/217 5436/5436/5436 5437/5437/5437
f 298/298/298 293/293/293 300/300/300
f 299/299/299 292/292/292 298/298/298
f 230/230/230 5409/5409/5409 5435/5435/5435
f 300/300/300 297/297/297 302/302/302
f 301/301/301 296/296/296 303/303/303
f 294/294/294 301/301/301 304/304/304
f 302/302/302 294/294/294 305/305/305
f 342/342/342 5434/5434/5434 5433/5433/5433
f 339/339/339 5433/5433/5433 5432/5432/5432
f 339/339/339 5431/5431/5431 336/336/336
f 339/339/339 5432/5432/5432 5431/5431/5431
f 332/332/332 336/336/336 5431/5431/5431
f 326/326/326 332/332/332 5431/5431/5431
f 326/326/326 5431/5431/5431 5430/5430/5430
f 326/326/326 5430/5430/5430 5429/5429/5429
f 321/321/321 5429/5429/5429 5428/5428/5428
f 317/317/317 5428/5428/5428 5427/5427/5427
f 317/317/317 5427/5427/5427 5426/5426/5426
f 312/312/312 5426/5426/5426 5425/5425/5425
f 312/312/312 5425/5425/5425 5424/5424/5424
f 307/307/307 5424/5424/5424 5423/5423/5423
f 299/299/299 307/307/307 5423/5423/5423
f 295/295/295 299/299/299 5423/5423/5423
f 295/295/295 5423/5423/5423 5422/5422/5422
f 295/295/295 5422/5422/5422 5421/5421/5421
f 286/286/286 5421/5421/5421 5420/5420/5420
f 282/282/282 286/286/286 5420/5420/5420
f 278/278/278 5420/5420/5420 5419/5419/5419
f 300/300/300 306/306/306 298/298/298
f 299/299/299 298/298/298 307/307/307
f 278/278/278 5419/5419/5419 5418/5418/5418
f 300/300/300 302/302/302 308/308/308
f 303/303/303 309/309/309 301/301/301
f 304/304/304 305/305/305 294/294/294
f 304/304/304 301/301/301 309/309/309
f 305/305/305 310/310/310 302/302/302
f 278/278/278 5418/5418/5418 5417/5417/5417
f 270/270/270 5417/5417/5417 5416/5416/5416
f 260/260/260 5416/5416/5416 5415/5415/5415
f 241/241/241 5415/5415/5415 5414/5414/5414
f 246/246/246 5411/5411/5411 5413/5413/5413
f 241/241/241 5414/5414/5414 5412/5412/5412
f 246/246/246 5413/5413/5413 5408/5408/5408
f 241/241/241 5412/5412/5412 5410/5410/5410
f 237/237/237 246/246/246 5408/5408/5408
f 230/230/230 5407/5407/5407 5409/5409/5409
f 237/237/237 5408/5408/5408 5405/5405/5405
f 230/230/230 5406/5406/5406 5407/5407/5407
f 216/216/216 237/237/237 5405/5405/5405
f 3622/3622/3622 5404/5404/5404 5403/5403/5403
f 3623/3623/3623 5403/5403/5403 5402/5402/5402
f 3626/3626/3626 5401/5401/5401 5400/5400/5400
f 3626/3626/3626 5400/5400/5400 5398/5398/5398
f 3631/3631/3631 3626/3626/3626 5398/5398/5398
f 3652/3652/3652 5395/5395/5395 5394/5394/5394
f 3652/3652/3652 5394/5394/5394 5393/5393/5393
f 3652/3652/3652 5393/5393/5393 5392/5392/5392
f 3652/3652/3652 5392/5392/5392 3657/3657/3657
f 181/181/181 5390/5390/5390 5389/5389/5389
f 181/181/181 5389/5389/5389 148/148/148
f 306/306/306 300/300/300 311/311/311
f 307/307/307 298/298/298 306/306/306
f 148/148/148 5389/5389/5389 5387/5387/5387
f 310/310/310 308/308/308 302/302/302
f 308/308/308 311/311/311 300/300/300
f 305/305/305 304/304/304 313/313/313
f 304/304/304 309/309/309 313/313/313
f 310/310/310 305/305/305 314/314/314
f 148/148/148 5387/5387/5387 5386/5386/5386
f 148/148/148 5386/5386/5386 128/128/128
f 128/128/128 5386/5386/5386 5385/5385/5385
f 128/128/128 5385/5385/5385 5384/5384/5384
f 128/128/128 5384/5384/5384 117/117/117
f 117/117/117 5384/5384/5384 5383/5383/5383
f 117/117/117 5383/5383/5383 5382/5382/5382
f 117/117/117 5382/5382/5382 102/102/102
f 87/87/87 5380/5380/5380 5379/5379/5379
f 87/87/87 5379/5379/5379 77/77/77
f 2293/2293/2293 5700/5700/5700 5701/5701/5701
f 2293/2293/2293 2292/2292/2292 5700/5700/5700
f 2329/2329/2329 5691/5691/5691 2318/2318/2318
f 2337/2337/2337 5688/5688/5688 2329/2329/2329
f 1416/1416/1416 5684/5684/5684 1408/1408/1408
f 1394/1394/1394 1421/1421/1421 5683/5683/5683
f 1383/1383/1383 1394/1394/1394 5677/5677/5677
f 1383/1383/1383 5675/5675/5675 5674/5674/5674
f 1378/1378/1378 5670/5670/5670 5671/5671/5671
f 1368/1368/1368 5667/5667/5667 1371/1371/1371
f 1368/1368/1368 5663/5663/5663 5664/5664/5664
f 1367/1367/1367 5662/5662/5662 5661/5661/5661
f 2361/2361/2361 5656/5656/5656 5657/5657/5657
f 306/306/306 311/311/311 315/315/315
f 307/307/307 306/306/306 316/316/316
f 312/312/312 307/307/307 316/316/316
f 308/308/308 310/310/310 314/314/314
f 311/311/311 308/308/308 314/314/314
f 313/313/313 314/314/314 305/305/305
f 2361/2361/2361 2364/2364/2364 5656/5656/5656
f 2429/2429/2429 5637/5637/5637 2423/2423/2423
f 2434/2434/2434 5633/5633/5633 2432/2432/2432
f 2435/2435/2435 5630/5630/5630 5631/5631/5631
f 2745/2745/2745 2744/2744/2744 5628/5628/5628
f 2762/2762/2762 5624/5624/5624 2766/2766/2766
f 2766/2766/2766 5623/5623/5623 5622/5622/5622
f 2766/2766/2766 5622/5622/5622 2775/2775/2775
f 2800/2800/2800 2782/2782/2782 5620/5620/5620
f 2809/2809/2809 5615/5615/5615 5616/5616/5616
f 2991/2991/2991 2990/2990/2990 5613/5613/5613
f 2991/2991/2991 5611/5611/5611 5610/5610/5610
f 2991/2991/2991 5610/5610/5610 2993/2993/2993
f 2994/2994/2994 2993/2993/2993 5609/5609/5609
f 3001/3001/3001 2994/2994/2994 5607/5607/5607
f 3005/3005/3005 5604/5604/5604 5603/5603/5603
f 3005/3005/3005 5603/5603/5603 3006/3006/3006
f 3012/3012/3012 5601/5601/5601 5602/5602/5602
f 3012/3012/3012 3006/3006/3006 5601/5601/5601
f 3019/3019/3019 3012/3012/3012 5600/5600/5600
f 3019/3019/3019 5599/5599/5599 5598/5598/5598
f 3220/3220/3220 5595/5595/5595 5596/5596/5596
f 3225/3225/3225 3221/3221/3221 5594/5594/5594
f 3233/3233/3233 5591/5591/5591 5592/5592/5592
f 311/311/311 314/314/314 315/315/315
f 316/316/316 306/306/306 315/315/315
f 312/312/312 316/316/316 317/317/317
f 314/314/314 313/313/313 318/318/318
f 3239/3239/3239 3234/3234/3234 5590/5590/5590
f 3256/3256/3256 3248/3248/3248 5587/5587/5587
f 3256/3256/3256 5584/5584/5584 5585/5585/5585
f 3268/3268/3268 3257/3257/3257 5583/5583/5583
f 3288/3288/3288 3280/3280/3280 5581/5581/5581
f 3305/3305/3305 3288/3288/3288 5579/5579/5579
f 3332/3332/3332 3321/3321/3321 5575/5575/5575
f 3336/3336/3336 3332/3332/3332 5574/5574/5574
f 3340/3340/3340 3336/3336/3336 5572/5572/5572
f 3343/3343/3343 3340/3340/3340 5570/5570/5570
f 3353/3353/3353 3343/3343/3343 5568/5568/5568
f 3383/3383/3383 3376/3376/3376 5562/5562/5562
f 3394/3394/3394 3383/3383/3383 5560/5560/5560
f 3407/3407/3407 3394/3394/3394 5559/5559/5559
f 3416/3416/3416 3407/3407/3407 5557/5557/5557
f 3426/3426/3426 3416/3416/3416 5556/5556/5556
f 3470/3470/3470 3469/3469/3469 5554/5554/5554
f 3469/3469/3469 5551/5551/5551 5552/5552/5552
f 3625/3625/3625 5548/5548/5548 5549/5549/5549
f 3625/3625/3625 3629/3629/3629 5548/5548/5548
f 3629/3629/3629 5545/5545/5545 5546/5546/5546
f 315/315/315 314/314/314 319/319/319
f 315/315/315 320/320/320 316/316/316
f 317/317/317 316/316/316 321/321/321
f 319/319/319 314/314/314 318/318/318
f 3629/3629/3629 3633/3633/3633 5545/5545/5545
f 3665/3665/3665 3661/3661/3661 5540/5540/5540
f 3668/3668/3668 3665/3665/3665 5539/5539/5539
f 3668/3668/3668 5538/5538/5538 5537/5537/5537
f 3669/3669/3669 5535/5535/5535 5534/5534/5534
f 3669/3669/3669 5534/5534/5534 3671/3671/3671
f 3674/3674/3674 5532/5532/5532 5531/5531/5531
f 3674/3674/3674 5531/5531/5531 3673/3673/3673
f 3684/3684/3684 5528/5528/5528 5527/5527/5527
f 3700/3700/3700 5519/5519/5519 5520/5520/5520
f 766/766/766 767/767/767 5516/5516/5516
f 755/755/755 758/758/758 5505/5505/5505
f 757/757/757 5503/5503/5503 5504/5504/5504
f 755/755/755 5501/5501/5501 5502/5502/5502
f 743/743/743 750/750/750 5498/5498/5498
f 735/735/735 743/743/743 5496/5496/5496
f 706/706/706 728/728/728 5492/5492/5492
f 706/706/706 5490/5490/5490 5489/5489/5489
f 636/636/636 659/659/659 5485/5485/5485
f 618/618/618 636/636/636 5483/5483/5483
f 604/604/604 5479/5479/5479 612/612/612
f 604/604/604 5477/5477/5477 5478/5478/5478
f 315/315/315 319/319/319 322/322/322
f 320/320/320 315/315/315 322/322/322
f 321/321/321 316/316/316 320/320/320
f 580/580/580 591/591/591 5475/5475/5475
f 319/319/319 318/318/318 323/323/323
f 580/580/580 5472/5472/5472 5473/5473/5473
f 571/571/571 579/579/579 5471/5471/5471
f 535/535/535 553/553/553 5468/5468/5468
f 530/530/530 535/535/535 5466/5466/5466
f 529/529/529 5465/5465/5465 533/533/533
f 520/520/520 530/530/530 5464/5464/5464
f 512/512/512 514/514/514 5453/5453/5453
f 366/366/366 372/372/372 5446/5446/5446
f 209/209/209 5438/5438/5438 5439/5439/5439
f 231/231/231 5372/5372/5372 5436/5436/5436
f 230/230/230 5435/5435/5435 5375/5375/5375
f 342/342/342 350/350/350 5434/5434/5434
f 339/339/339 342/342/342 5433/5433/5433
f 321/321/321 326/326/326 5429/5429/5429
f 317/317/317 321/321/321 5428/5428/5428
f 312/312/312 317/317/317 5426/5426/5426
f 307/307/307 312/312/312 5424/5424/5424
f 286/286/286 295/295/295 5421/5421/5421
f 278/278/278 282/282/282 5420/5420/5420
f 270/270/270 278/278/278 5417/5417/5417
f 260/260/260 270/270/270 5416/5416/5416
f 241/241/241 260/260/260 5415/5415/5415
f 246/246/246 5410/5410/5410 5411/5411/5411
f 322/322/322 319/319/319 324/324/324
f 320/320/320 322/322/322 325/325/325
f 321/321/321 320/320/320 325/325/325
f 246/246/246 241/241/241 5410/5410/5410
f 323/323/323 318/318/318 327/327/327
f 324/324/324 319/319/319 323/323/323
f 230/230/230 5405/5405/5405 5406/5406/5406
f 230/230/230 216/216/216 5405/5405/5405
f 3623/3623/3623 3622/3622/3622 5403/5403/5403
f 3623/3623/3623 5402/5402/5402 5376/5376/5376
f 3626/3626/3626 5377/5377/5377 5401/5401/5401
f 3631/3631/3631 5398/5398/5398 5399/5399/5399
f 3631/3631/3631 5396/5396/5396 5397/5397/5397
f 3657/3657/3657 5392/5392/5392 5391/5391/5391
f 102/102/102 5382/5382/5382 5381/5381/5381
f 102/102/102 5381/5381/5381 87/87/87
f 77/77/77 5379/5379/5379 5378/5378/5378
f 77/77/77 5378/5378/5378 63/63/63
f 1994/1994/1994 1995/1995/1995 1996/1996/1996
f 1997/1997/1997 1998/1998/1998 1999/1999/1999
f 1997/1997/1997 2000/2000/2000 1998/1998/1998
f 1998/1998/1998 2001/2001/2001 1999/1999/1999
f 2000/2000/2000 1997/1997/1997 2002/2002/2002
f 2000/2000/2000 2003/2003/2003 1998/1998/1998
f 1998/1998/1998 2003/2003/2003 2001/2001/2001
f 2002/2002/2002 2004/2004/2004 2000/2000/2000
f 324/324/324 328/328/328 322/322/322
f 325/325/325 322/322/322 328/328/328
f 325/325/325 326/326/326 321/321/321
f 1989/1989/1989 1991/1991/1991 1993/1993/1993
f 329/329/329 323/323/323 327/327/327
f 323/323/323 330/330/330 324/324/324
f 1989/1989/1989 1992/1992/1992 1990/1990/1990
f 1991/1991/1991 1989/1989/1989 1987/1987/1987
f 1990/1990/1990 1988/1988/1988 1989/1989/1989
f 1987/1987/1987 1989/1989/1989 1988/1988/1988
f 1986/1986/1986 1987/1987/1987 1988/1988/1988
f 2000/2000/2000 2005/2005/2005 2003/2003/2003
f 2004/2004/2004 2002/2002/2002 2006/2006/2006
f 2004/2004/2004 2005/2005/2005 2000/2000/2000
f 2005/2005/2005 2007/2007/2007 2003/2003/2003
f 2008/2008/2008 2004/2004/2004 2006/2006/2006
f 2008/2008/2008 2005/2005/2005 2004/2004/2004
f 2007/2007/2007 2005/2005/2005 2008/2008/2008
f 2007/2007/2007 2009/2009/2009 2003/2003/2003
f 2006/2006/2006 2010/2010/2010 2008/2008/2008
f 2007/2007/2007 2008/2008/2008 2011/2011/2011
f 2012/2012/2012 2003/2003/2003 2009/2009/2009
f 2007/2007/2007 2013/2013/2013 2009/2009/2009
f 2011/2011/2011 2008/2008/2008 2010/2010/2010
f 2011/2011/2011 2013/2013/2013 2007/2007/2007
f 2014/2014/2014 2012/2012/2012 2009/2009/2009
f 2013/2013/2013 2015/2015/2015 2009/2009/2009
f 2016/2016/2016 2013/2013/2013 2011/2011/2011
f 2017/2017/2017 2012/2012/2012 2014/2014/2014
f 328/328/328 324/324/324 331/331/331
f 332/332/332 325/325/325 328/328/328
f 326/326/326 325/325/325 332/332/332
f 2014/2014/2014 2009/2009/2009 2015/2015/2015
f 333/333/333 329/329/329 327/327/327
f 334/334/334 323/323/323 329/329/329
f 330/330/330 323/323/323 334/334/334
f 331/331/331 324/324/324 330/330/330
f 2018/2018/2018 2015/2015/2015 2013/2013/2013
f 2016/2016/2016 2019/2019/2019 2013/2013/2013
f 2014/2014/2014 2020/2020/2020 2017/2017/2017
f 2020/2020/2020 2014/2014/2014 2015/2015/2015
f 2015/2015/2015 2018/2018/2018 2020/2020/2020
f 2021/2021/2021 2013/2013/2013 2019/2019/2019
f 2022/2022/2022 2023/2023/2023 2024/2024/2024
f 2025/2025/2025 2024/2024/2024 2023/2023/2023
f 2026/2026/2026 2022/2022/2022 2024/2024/2024
f 2027/2027/2027 2022/2022/2022 2026/2026/2026
f 2028/2028/2028 2026/2026/2026 2024/2024/2024
f 2027/2027/2027 2026/2026/2026 2029/2029/2029
f 2028/2028/2028 2030/2030/2030 2026/2026/2026
f 2029/2029/2029 2026/2026/2026 2030/2030/2030
f 2031/2031/2031 2027/2027/2027 2029/2029/2029
f 2030/2030/2030 2028/2028/2028 2032/2032/2032
f 2030/2030/2030 2033/2033/2033 2029/2029/2029
f 2029/2029/2029 2034/2034/2034 2031/2031/2031
f 2035/2035/2035 2030/2030/2030 2032/2032/2032
f 2028/2028/2028 2036/2036/2036 2032/2032/2032
f 2033/2033/2033 2030/2030/2030 2037/2037/2037
f 2038/2038/2038 2029/2029/2029 2033/2033/2033
f 2039/2039/2039 2031/2031/2031 2034/2034/2034
f 328/328/328 331/331/331 335/335/335
f 336/336/336 332/332/332 328/328/328
f 2034/2034/2034 2029/2029/2029 2038/2038/2038
f 2032/2032/2032 2036/2036/2036 2035/2035/2035
f 337/337/337 329/329/329 333/333/333
f 338/338/338 334/334/334 329/329/329
f 331/331/331 330/330/330 334/334/334
f 2037/2037/2037 2030/2030/2030 2035/2035/2035
f 2033/2033/2033 2037/2037/2037 2040/2040/2040
f 2033/2033/2033 2041/2041/2041 2038/2038/2038
f 2039/2039/2039 2034/2034/2034 2042/2042/2042
f 2043/2043/2043 2034/2034/2034 2038/2038/2038
f 2035/2035/2035 2036/2036/2036 2044/2044/2044
f 2037/2037/2037 2035/2035/2035 2040/2040/2040
f 2041/2041/2041 2033/2033/2033 2040/2040/2040
f 2043/2043/2043 2038/2038/2038 2041/2041/2041
f 2042/2042/2042 2034/2034/2034 2043/2043/2043
f 2045/2045/2045 2039/2039/2039 2042/2042/2042
f 2035/2035/2035 2044/2044/2044 2046/2046/2046
f 2040/2040/2040 2035/2035/2035 2047/2047/2047
f 2041/2041/2041 2040/2040/2040 2048/2048/2048
f 2041/2041/2041 2049/2049/2049 2043/2043/2043
f 2042/2042/2042 2043/2043/2043 2049/2049/2049
f 1350/1350/1350 2045/2045/2045 2042/2042/2042
f 2050/2050/2050 2046/2046/2046 2044/2044/2044
f 2035/2035/2035 2046/2046/2046 2047/2047/2047
f 2047/2047/2047 2051/2051/2051 2040/2040/2040
f 335/335/335 331/331/331 334/334/334
f 335/335/335 336/336/336 328/328/328
f 2052/2052/2052 2041/2041/2041 2048/2048/2048
f 2048/2048/2048 2040/2040/2040 2051/2051/2051
f 2049/2049/2049 2041/2041/2041 2053/2053/2053
f 337/337/337 338/338/338 329/329/329
f 338/338/338 340/340/340 334/334/334
f 2049/2049/2049 2054/2054/2054 2042/2042/2042
f 2055/2055/2055 1350/1350/1350 2042/2042/2042
f 2046/2046/2046 2050/2050/2050 2056/2056/2056
f 2047/2047/2047 2046/2046/2046 2057/2057/2057
f 2058/2058/2058 2051/2051/2051 2047/2047/2047
f 2053/2053/2053 2041/2041/2041 2052/2052/2052
f 2048/2048/2048 2059/2059/2059 2052/2052/2052
f 2051/2051/2051 2059/2059/2059 2048/2048/2048
f 2053/2053/2053 2054/2054/2054 2049/2049/2049
f 2055/2055/2055 2042/2042/2042 2054/2054/2054
f 2060/2060/2060 1350/1350/1350 2055/2055/2055
f 2056/2056/2056 2057/2057/2057 2046/2046/2046
f 2047/2047/2047 2057/2057/2057 2061/2061/2061
f 2051/2051/2051 2058/2058/2058 2062/2062/2062
f 2061/2061/2061 2058/2058/2058 2047/2047/2047
f 1353/1353/1353 2053/2053/2053 2052/2052/2052
f 2059/2059/2059 2063/2063/2063 2052/2052/2052
f 2062/2062/2062 2059/2059/2059 2051/2051/2051
f 2053/2053/2053 1353/1353/1353 2054/2054/2054
f 2060/2060/2060 2055/2055/2055 2054/2054/2054
f 2057/2057/2057 2056/2056/2056 2064/2064/2064
f 341/341/341 335/335/335 334/334/334
f 339/339/339 336/336/336 335/335/335
f 2061/2061/2061 2057/2057/2057 2065/2065/2065
f 2066/2066/2066 2062/2062/2062 2058/2058/2058
f 2066/2066/2066 2058/2058/2058 2061/2061/2061
f 343/343/343 338/338/338 337/337/337
f 344/344/344 340/340/340 338/338/338
f 341/341/341 334/334/334 340/340/340
f 1354/1354/1354 1353/1353/1353 2052/2052/2052
f 2052/2052/2052 2063/2063/2063 1354/1354/1354
f 2054/2054/2054 1353/1353/1353 2060/2060/2060
f 2064/2064/2064 2056/2056/2056 2067/2067/2067
f 2064/2064/2064 2065/2065/2065 2057/2057/2057
f 2066/2066/2066 2061/2061/2061 2065/2065/2065
f 2068/2068/2068 2062/2062/2062 2066/2066/2066
f 2064/2064/2064 2067/2067/2067 2069/2069/2069
f 2065/2065/2065 2064/2064/2064 2070/2070/2070
f 2070/2070/2070 2066/2066/2066 2065/2065/2065
f 2071/2071/2071 2068/2068/2068 2066/2066/2066
f 2070/2070/2070 2064/2064/2064 2069/2069/2069
f 2071/2071/2071 2066/2066/2066 2070/2070/2070
f 2072/2072/2072 2068/2068/2068 2071/2071/2071
f 2071/2071/2071 2070/2070/2070 2069/2069/2069
f 2073/2073/2073 2072/2072/2072 2071/2071/2071
f 2074/2074/2074 2071/2071/2071 2069/2069/2069
f 2071/2071/2071 2074/2074/2074 2073/2073/2073
f 2075/2075/2075 2076/2076/2076 2077/2077/2077
f 2078/2078/2078 2076/2076/2076 2075/2075/2075
f 2076/2076/2076 2079/2079/2079 2077/2077/2077
f 2080/2080/2080 2076/2076/2076 2078/2078/2078
f 339/339/339 335/335/335 341/341/341
f 2081/2081/2081 2079/2079/2079 2076/2076/2076
f 345/345/345 342/342/342 339/339/339
f 343/343/343 337/337/337 346/346/346
f 343/343/343 347/347/347 338/338/338
f 340/340/340 344/344/344 348/348/348
f 344/344/344 338/338/338 347/347/347
f 340/340/340 349/349/349 341/341/341
f 2076/2076/2076 2080/2080/2080 2082/2082/2082
f 2078/2078/2078 2083/2083/2083 2080/2080/2080
f 2079/2079/2079 2081/2081/2081 2084/2084/2084
f 2082/2082/2082 2081/2081/2081 2076/2076/2076
f 2085/2085/2085 2082/2082/2082 2080/2080/2080
f 2083/2083/2083 2078/2078/2078 2086/2086/2086
f 2083/2083/2083 2087/2087/2087 2080/2080/2080
f 2088/2088/2088 2084/2084/2084 2081/2081/2081
f 2082/2082/2082 2088/2088/2088 2081/2081/2081
f 2085/2085/2085 2080/2080/2080 2087/2087/2087
f 2089/2089/2089 2082/2082/2082 2085/2085/2085
f 2086/2086/2086 2090/2090/2090 2083/2083/2083
f 2083/2083/2083 2091/2091/2091 2087/2087/2087
f 2092/2092/2092 2084/2084/2084 2088/2088/2088
f 2093/2093/2093 2088/2088/2088 2082/2082/2082
f 341/341/341 345/345/345 339/339/339
f 2087/2087/2087 2094/2094/2094 2085/2085/2085
f 350/350/350 342/342/342 345/345/345
f 346/346/346 351/351/351 343/343/343
f 347/347/347 343/343/343 352/352/352
f 348/348/348 344/344/344 353/353/353
f 349/349/349 340/340/340 348/348/348
f 344/344/344 347/347/347 353/353/353
f 349/349/349 345/345/345 341/341/341
f 2082/2082/2082 2089/2089/2089 2093/2093/2093
f 2095/2095/2095 2089/2089/2089 2085/2085/2085
f 2096/2096/2096 2090/2090/2090 2086/2086/2086
f 2091/2091/2091 2083/2083/2083 2090/2090/2090
f 2091/2091/2091 2094/2094/2094 2087/2087/2087
f 2088/2088/2088 2093/2093/2093 2092/2092/2092
f 2094/2094/2094 2097/2097/2097 2085/2085/2085
f 2089/2089/2089 2095/2095/2095 2093/2093/2093
f 2097/2097/2097 2095/2095/2095 2085/2085/2085
f 2096/2096/2096 2098/2098/2098 2090/2090/2090
f 2090/2090/2090 2098/2098/2098 2091/2091/2091
f 2091/2091/2091 2099/2099/2099 2094/2094/2094
f 2100/2100/2100 2092/2092/2092 2093/2093/2093
f 350/350/350 345/345/345 354/354/354
f 351/351/351 346/346/346 355/355/355
f 352/352/352 343/343/343 351/351/351
f 353/353/353 347/347/347 352/352/352
f 348/348/348 353/353/353 356/356/356
f 354/354/354 349/349/349 348/348/348
f 345/345/345 349/349/349 354/354/354
f 2095/2095/2095 2101/2101/2101 2093/2093/2093
f 2102/2102/2102 2095/2095/2095 2097/2097/2097
f 2096/2096/2096 2103/2103/2103 2098/2098/2098
f 2094/2094/2094 2099/2099/2099 2104/2104/2104
f 2092/2092/2092 2100/2100/2100 2105/2105/2105
f 2093/2093/2093 2101/2101/2101 2100/2100/2100
f 2095/2095/2095 2106/2106/2106 2101/2101/2101
f 2102/2102/2102 2107/2107/2107 2095/2095/2095
f 2098/2098/2098 2103/2103/2103 2108/2108/2108
f 230/230/230 5375/5375/5375 5374/5374/5374
f 230/230/230 5374/5374/5374 5373/5373/5373
f 230/230/230 5373/5373/5373 5372/5372/5372
f 230/230/230 5372/5372/5372 231/231/231
f 350/350/350 354/354/354 357/357/357
f 355/355/355 358/358/358 351/351/351
f 352/352/352 351/351/351 358/358/358
f 353/353/353 352/352/352 359/359/359
f 359/359/359 356/356/356 353/353/353
f 356/356/356 360/360/360 348/348/348
f 354/354/354 348/348/348 361/361/361
f 2109/2109/2109 2105/2105/2105 2100/2100/2100
f 2101/2101/2101 2109/2109/2109 2100/2100/2100
f 2101/2101/2101 2106/2106/2106 2109/2109/2109
f 2095/2095/2095 2107/2107/2107 2106/2106/2106
f 2106/2106/2106 2107/2107/2107 2109/2109/2109
f 2107/2107/2107 2110/2110/2110 2109/2109/2109
f 2110/2110/2110 2111/2111/2111 2109/2109/2109
f 2112/2112/2112 2111/2111/2111 2110/2110/2110
f 2113/2113/2113 2114/2114/2114 2115/2115/2115
f 2116/2116/2116 2114/2114/2114 2113/2113/2113
f 2117/2117/2117 2115/2115/2115 2114/2114/2114
f 2113/2113/2113 2115/2115/2115 2118/2118/2118
f 2119/2119/2119 2114/2114/2114 2116/2116/2116
f 2113/2113/2113 2120/2120/2120 2116/2116/2116
f 2117/2117/2117 2114/2114/2114 2121/2121/2121
f 357/357/357 354/354/354 362/362/362
f 358/358/358 355/355/355 363/363/363
f 358/358/358 359/359/359 352/352/352
f 356/356/356 359/359/359 364/364/364
f 360/360/360 356/356/356 365/365/365
f 361/361/361 348/348/348 360/360/360
f 361/361/361 362/362/362 354/354/354
f 2118/2118/2118 2115/2115/2115 2117/2117/2117
f 2122/2122/2122 2113/2113/2113 2118/2118/2118
f 2123/2123/2123 2114/2114/2114 2119/2119/2119
f 2116/2116/2116 2124/2124/2124 2119/2119/2119
f 2120/2120/2120 2113/2113/2113 2125/2125/2125
f 2124/2124/2124 2116/2116/2116 2120/2120/2120
f 2121/2121/2121 2114/2114/2114 2123/2123/2123
f 2117/2117/2117 2121/2121/2121 2126/2126/2126
f 2117/2117/2117 2127/2127/2127 2118/2118/2118
f 2125/2125/2125 2113/2113/2113 2122/2122/2122
f 2119/2119/2119 2128/2128/2128 2123/2123/2123
f 2124/2124/2124 2128/2128/2128 2119/2119/2119
f 2129/2129/2129 2120/2120/2120 2125/2125/2125
f 2130/2130/2130 2124/2124/2124 2120/2120/2120
f 357/357/357 362/362/362 366/366/366
f 363/363/363 367/367/367 358/358/358
f 359/359/359 358/358/358 364/364/364
f 364/364/364 365/365/365 356/356/356
f 361/361/361 360/360/360 365/365/365
f 362/362/362 361/361/361 366/366/366
f 2123/2123/2123 2131/2131/2131 2121/2121/2121
f 2121/2121/2121 2131/2131/2131 2126/2126/2126
f 2125/2125/2125 2122/2122/2122 2132/2132/2132
f 2123/2123/2123 2128/2128/2128 2133/2133/2133
f 2134/2134/2134 2128/2128/2128 2124/2124/2124
f 2129/2129/2129 2125/2125/2125 2135/2135/2135
f 2130/2130/2130 2120/2120/2120 2129/2129/2129
f 2136/2136/2136 2124/2124/2124 2130/2130/2130
f 2132/2132/2132 2135/2135/2135 2125/2125/2125
f 2133/2133/2133 2128/2128/2128 2137/2137/2137
f 2128/2128/2128 2134/2134/2134 2137/2137/2137
f 2136/2136/2136 2134/2134/2134 2124/2124/2124
f 368/368/368 367/367/367 363/363/363
f 364/364/364 358/358/358 367/367/367
f 369/369/369 365/365/365 364/364/364
f 361/361/361 365/365/365 370/370/370
f 366/366/366 361/361/361 371/371/371
f 2135/2135/2135 2138/2138/2138 2129/2129/2129
f 2129/2129/2129 2139/2139/2139 2130/2130/2130
f 2136/2136/2136 2130/2130/2130 2139/2139/2139
f 2135/2135/2135 2132/2132/2132 2140/2140/2140
f 2138/2138/2138 2135/2135/2135 2140/2140/2140
f 2139/2139/2139 2129/2129/2129 2138/2138/2138
f 2141/2141/2141 2142/2142/2142 2143/2143/2143
f 2142/2142/2142 2141/2141/2141 2144/2144/2144
f 2142/2142/2142 2145/2145/2145 2143/2143/2143
f 2141/2141/2141 2143/2143/2143 2146/2146/2146
f 2144/2144/2144 2141/2141/2141 2147/2147/2147
f 2145/2145/2145 2142/2142/2142 2144/2144/2144
f 2148/2148/2148 2141/2141/2141 2146/2146/2146
f 367/367/367 368/368/368 364/364/364
f 373/373/373 368/368/368 363/363/363
f 369/369/369 370/370/370 365/365/365
f 364/364/364 368/368/368 369/369/369
f 371/371/371 361/361/361 370/370/370
f 372/372/372 366/366/366 371/371/371
f 2141/2141/2141 2148/2148/2148 2147/2147/2147
f 2148/2148/2148 2146/2146/2146 2149/2149/2149
f 2148/2148/2148 1334/1334/1334 2147/2147/2147
f 2148/2148/2148 2149/2149/2149 1336/1336/1336
f 1336/1336/1336 1334/1334/1334 2148/2148/2148
f 1336/1336/1336 2149/2149/2149 1325/1325/1325
f 2150/2150/2150 1325/1325/1325 2149/2149/2149
f 2151/2151/2151 2152/2152/2152 2153/2153/2153
f 2153/2153/2153 2152/2152/2152 1996/1996/1996
f 374/374/374 368/368/368 373/373/373
f 370/370/370 369/369/369 375/375/375
f 369/369/369 368/368/368 374/374/374
f 370/370/370 376/376/376 371/371/371
f 372/372/372 371/371/371 376/376/376
f 1996/1996/1996 2154/2154/2154 2153/2153/2153
f 2155/2155/2155 2156/2156/2156 2157/2157/2157
f 374/374/374 373/373/373 377/377/377
f 370/370/370 375/375/375 378/378/378
f 374/374/374 375/375/375 369/369/369
f 376/376/376 370/370/370 379/379/379
f 372/372/372 376/376/376 380/380/380
f 2158/2158/2158 2159/2159/2159 2160/2160/2160
f 377/377/377 381/381/381 374/374/374
f 375/375/375 374/374/374 378/378/378
f 378/378/378 379/379/379 370/370/370
f 376/376/376 379/379/379 380/380/380
f 381/381/381 377/377/377 382/382/382
f 378/378/378 374/374/374 381/381/381
f 379/379/379 378/378/378 383/383/383
f 380/380/380 379/379/379 384/384/384
f 378/378/378 381/381/381 382/382/382
f 382/382/382 383/383/383 378/378/378
f 379/379/379 383/383/383 384/384/384
f 383/383/383 382/382/382 385/385/385
f 384/384/384 383/383/383 385/385/385
f 385/385/385 382/382/382 386/386/386
f 387/387/387 384/384/384 385/385/385
f 388/388/388 385/385/385 386/386/386
f 387/387/387 385/385/385 388/388/388
f 2161/2161/2161 2162/2162/2162 208/208/208
f 2161/2161/2161 208/208/208 2163/2163/2163
f 2164/2164/2164 2161/2161/2161 2163/2163/2163
f 2163/2163/2163 208/208/208 198/198/198
f 2165/2165/2165 2164/2164/2164 2163/2163/2163
f 2163/2163/2163 198/198/198 2166/2166/2166
f 2167/2167/2167 2164/2164/2164 2165/2165/2165
f 2163/2163/2163 2166/2166/2166 2165/2165/2165
f 2166/2166/2166 198/198/198 2168/2168/2168
f 2167/2167/2167 2165/2165/2165 2169/2169/2169
f 2165/2165/2165 2166/2166/2166 2169/2169/2169
f 2169/2169/2169 2166/2166/2166 2168/2168/2168
f 2167/2167/2167 2169/2169/2169 2170/2170/2170
f 2170/2170/2170 2169/2169/2169 2168/2168/2168
f 2171/2171/2171 2167/2167/2167 2170/2170/2170
f 2167/2167/2167 2171/2171/2171 2172/2172/2172
f 2173/2173/2173 2172/2172/2172 2171/2171/2171
f 2172/2172/2172 2174/2174/2174 2167/2167/2167
f 2175/2175/2175 2172/2172/2172 2173/2173/2173
f 2175/2175/2175 2174/2174/2174 2172/2172/2172
f 2176/2176/2176 2167/2167/2167 2174/2174/2174
f 2173/2173/2173 2177/2177/2177 2175/2175/2175
f 2175/2175/2175 2178/2178/2178 2174/2174/2174
f 2174/2174/2174 2178/2178/2178 2176/2176/2176
f 2179/2179/2179 2180/2180/2180 2181/2181/2181
f 2179/2179/2179 2182/2182/2182 2180/2180/2180
f 2181/2181/2181 2180/2180/2180 2183/2183/2183
f 2184/2184/2184 2182/2182/2182 2179/2179/2179
f 2185/2185/2185 2180/2180/2180 2182/2182/2182
f 2180/2180/2180 2186/2186/2186 2183/2183/2183
f 2187/2187/2187 2182/2182/2182 2184/2184/2184
f 2180/2180/2180 2185/2185/2185 2186/2186/2186
f 2182/2182/2182 2188/2188/2188 2185/2185/2185
f 2186/2186/2186 2189/2189/2189 2183/2183/2183
f 2187/2187/2187 2184/2184/2184 2190/2190/2190
f 2191/2191/2191 2182/2182/2182 2187/2187/2187
f 2185/2185/2185 2192/2192/2192 2186/2186/2186
f 2188/2188/2188 2182/2182/2182 2191/2191/2191
f 2185/2185/2185 2188/2188/2188 2192/2192/2192
f 2189/2189/2189 2193/2193/2193 2183/2183/2183
f 2194/2194/2194 2189/2189/2189 2186/2186/2186
f 2195/2195/2195 2187/2187/2187 2190/2190/2190
f 2191/2191/2191 2187/2187/2187 2195/2195/2195
f 2192/2192/2192 2194/2194/2194 2186/2186/2186
f 2193/2193/2193 2189/2189/2189 2196/2196/2196
f 2194/2194/2194 2197/2197/2197 2189/2189/2189
f 2198/2198/2198 2195/2195/2195 2190/2190/2190
f 2195/2195/2195 2199/2199/2199 2191/2191/2191
f 2197/2197/2197 2196/2196/2196 2189/2189/2189
f 2196/2196/2196 2200/2200/2200 2193/2193/2193
f 2198/2198/2198 2199/2199/2199 2195/2195/2195
f 2201/2201/2201 2198/2198/2198 2190/2190/2190
f 2202/2202/2202 2191/2191/2191 2199/2199/2199
f 2196/2196/2196 2197/2197/2197 2203/2203/2203
f 2196/2196/2196 2204/2204/2204 2200/2200/2200
f 2200/2200/2200 2205/2205/2205 2193/2193/2193
f 2198/2198/2198 2206/2206/2206 2199/2199/2199
f 2198/2198/2198 2201/2201/2201 2207/2207/2207
f 2208/2208/2208 2201/2201/2201 2190/2190/2190
f 2202/2202/2202 2199/2199/2199 2206/2206/2206
f 2203/2203/2203 2209/2209/2209 2196/2196/2196
f 2205/2205/2205 2200/2200/2200 2204/2204/2204
f 2209/2209/2209 2204/2204/2204 2196/2196/2196
f 2193/2193/2193 2205/2205/2205 2210/2210/2210
f 2207/2207/2207 2206/2206/2206 2198/2198/2198
f 2201/2201/2201 2208/2208/2208 2207/2207/2207
f 2190/2190/2190 2211/2211/2211 2208/2208/2208
f 2212/2212/2212 2202/2202/2202 2206/2206/2206
f 2213/2213/2213 2204/2204/2204 2209/2209/2209
f 2206/2206/2206 2207/2207/2207 2214/2214/2214
f 2208/2208/2208 2215/2215/2215 2207/2207/2207
f 2215/2215/2215 2208/2208/2208 2211/2211/2211
f 2212/2212/2212 2206/2206/2206 2216/2216/2216
f 2217/2217/2217 2204/2204/2204 2213/2213/2213
f 2214/2214/2214 2218/2218/2218 2206/2206/2206
f 2207/2207/2207 2215/2215/2215 2214/2214/2214
f 2216/2216/2216 2219/2219/2219 2212/2212/2212
f 2216/2216/2216 2206/2206/2206 2218/2218/2218
f 2217/2217/2217 2213/2213/2213 2220/2220/2220
f 2218/2218/2218 2214/2214/2214 2221/2221/2221
f 2214/2214/2214 2215/2215/2215 2222/2222/2222
f 2219/2219/2219 2216/2216/2216 2223/2223/2223
f 2219/2219/2219 2224/2224/2224 2212/2212/2212
f 2216/2216/2216 2218/2218/2218 2223/2223/2223
f 2225/2225/2225 2217/2217/2217 2220/2220/2220
f 2222/2222/2222 2221/2221/2221 2214/2214/2214
f 2218/2218/2218 2221/2221/2221 2226/2226/2226
f 2227/2227/2227 2219/2219/2219 2223/2223/2223
f 2224/2224/2224 2219/2219/2219 2228/2228/2228
f 2223/2223/2223 2218/2218/2218 2226/2226/2226
f 2229/2229/2229 2225/2225/2225 2220/2220/2220
f 2221/2221/2221 2222/2222/2222 2230/2230/2230
f 2226/2226/2226 2221/2221/2221 2230/2230/2230
f 2231/2231/2231 2227/2227/2227 2223/2223/2223
f 2227/2227/2227 2232/2232/2232 2219/2219/2219
f 2228/2228/2228 2219/2219/2219 2232/2232/2232
f 2233/2233/2233 2224/2224/2224 2228/2228/2228
f 2226/2226/2226 2231/2231/2231 2223/2223/2223
f 2234/2234/2234 2225/2225/2225 2229/2229/2229
f 2226/2226/2226 2230/2230/2230 2235/2235/2235
f 2227/2227/2227 2231/2231/2231 2236/2236/2236
f 2237/2237/2237 2232/2232/2232 2227/2227/2227
f 2232/2232/2232 2238/2238/2238 2228/2228/2228
f 2233/2233/2233 2228/2228/2228 2238/2238/2238
f 2226/2226/2226 2236/2236/2236 2231/2231/2231
f 2234/2234/2234 2239/2239/2239 2225/2225/2225
f 2240/2240/2240 2234/2234/2234 2229/2229/2229
f 2236/2236/2236 2226/2226/2226 2235/2235/2235
f 2236/2236/2236 2237/2237/2237 2227/2227/2227
f 2232/2232/2232 2237/2237/2237 2241/2241/2241
f 2242/2242/2242 2238/2238/2238 2232/2232/2232
f 2233/2233/2233 2238/2238/2238 2243/2243/2243
f 2240/2240/2240 2244/2244/2244 2234/2234/2234
f 2237/2237/2237 2236/2236/2236 2235/2235/2235
f 2235/2235/2235 2241/2241/2241 2237/2237/2237
f 2241/2241/2241 2245/2245/2245 2232/2232/2232
f 2243/2243/2243 2238/2238/2238 2242/2242/2242
f 2245/2245/2245 2242/2242/2242 2232/2232/2232
f 2245/2245/2245 2241/2241/2241 2235/2235/2235
f 2243/2243/2243 2242/2242/2242 2245/2245/2245
f 2235/2235/2235 2246/2246/2246 2245/2245/2245
f 2243/2243/2243 2245/2245/2245 2247/2247/2247
f 2246/2246/2246 2235/2235/2235 2248/2248/2248
f 2247/2247/2247 2245/2245/2245 2246/2246/2246
f 2248/2248/2248 2249/2249/2249 2246/2246/2246
f 2247/2247/2247 2246/2246/2246 2249/2249/2249
f 2248/2248/2248 2250/2250/2250 2249/2249/2249
f 2249/2249/2249 2251/2251/2251 2247/2247/2247
f 2250/2250/2250 2248/2248/2248 2252/2252/2252
f 2251/2251/2251 2249/2249/2249 2250/2250/2250
f 2253/2253/2253 2250/2250/2250 2252/2252/2252
f 2251/2251/2251 2250/2250/2250 2253/2253/2253
f 2254/2254/2254 2255/2255/2255 2256/2256/2256
f 2255/2255/2255 2254/2254/2254 2257/2257/2257
f 2255/2255/2255 2258/2258/2258 2256/2256/2256
f 2255/2255/2255 2257/2257/2257 2259/2259/2259
f 5369/5369/5369 5370/5370/5370 5371/5371/5371
f 5342/5342/5342 5272/5272/5272 5269/5269/5269
f 5368/5368/5368 5367/5367/5367 5366/5366/5366
f 5367/5367/5367 5365/5365/5365 5364/5364/5364
f 5366/5366/5366 5367/5367/5367 5364/5364/5364
f 5355/5355/5355 5366/5366/5366 5364/5364/5364
f 5356/5356/5356 5355/5355/5355 5364/5364/5364
f 5363/5363/5363 5351/5351/5351 5350/5350/5350
f 5364/5364/5364 5365/5365/5365 5363/5363/5363
f 5356/5356/5356 5364/5364/5364 5363/5363/5363
f 5350/5350/5350 5356/5356/5356 5363/5363/5363
f 5362/5362/5362 5349/5349/5349 5348/5348/5348
f 5362/5362/5362 5348/5348/5348 5350/5350/5350
f 5356/5356/5356 5350/5350/5350 5348/5348/5348
f 5348/5348/5348 5343/5343/5343 5356/5356/5356
f 5343/5343/5343 5354/5354/5354 5356/5356/5356
f 5361/5361/5361 5359/5359/5359 5360/5360/5360
f 5360/5360/5360 5359/5359/5359 5340/5340/5340
f 5359/5359/5359 5358/5358/5358 5340/5340/5340
f 5340/5340/5340 5358/5358/5358 5357/5357/5357
f 5279/5279/5279 5278/5278/5278 5268/5268/5268
f 5353/5353/5353 5340/5340/5340 5357/5357/5357
f 5340/5340/5340 5353/5353/5353 5279/5279/5279
f 5353/5353/5353 5278/5278/5278 5279/5279/5279
f 5344/5344/5344 5354/5354/5354 5343/5343/5343
f 5353/5353/5353 5357/5357/5357 5355/5355/5355
f 5354/5354/5354 5355/5355/5355 5356/5356/5356
f 5354/5354/5354 5353/5353/5353 5355/5355/5355
f 5353/5353/5353 5354/5354/5354 5344/5344/5344
f 5344/5344/5344 5278/5278/5278 5353/5353/5353
f 5350/5350/5350 5351/5351/5351 5352/5352/5352
f 5259/5259/5259 5266/5266/5266 2835/2835/2835
f 2833/2833/2833 2827/2827/2827 5266/5266/5266
f 5266/5266/5266 2827/2827/2827 2835/2835/2835
f 5349/5349/5349 5346/5346/5346 5348/5348/5348
f 5343/5343/5343 5348/5348/5348 5346/5346/5346
f 5342/5342/5342 5341/5341/5341 5347/5347/5347
f 5341/5341/5341 5345/5345/5345 5347/5347/5347
f 5278/5278/5278 5344/5344/5344 5269/5269/5269
f 5345/5345/5345 5343/5343/5343 5346/5346/5346
f 5345/5345/5345 5341/5341/5341 5343/5343/5343
f 5344/5344/5344 5343/5343/5343 5269/5269/5269
f 5341/5341/5341 5269/5269/5269 5343/5343/5343
f 5341/5341/5341 5342/5342/5342 5269/5269/5269
f 5274/5274/5274 5339/5339/5339 5279/5279/5279
f 5279/5279/5279 5339/5339/5339 5340/5340/5340
f 5337/5337/5337 5323/5323/5323 5320/5320/5320
f 5335/5335/5335 5337/5337/5337 5320/5320/5320
f 5338/5338/5338 5331/5331/5331 5330/5330/5330
f 5332/5332/5332 5333/5333/5333 5337/5337/5337
f 5337/5337/5337 5335/5335/5335 5332/5332/5332
f 5327/5327/5327 5328/5328/5328 5336/5336/5336
f 5328/5328/5328 5334/5334/5334 5336/5336/5336
f 5332/5332/5332 5335/5335/5335 5334/5334/5334
f 5328/5328/5328 5332/5332/5332 5334/5334/5334
f 5333/5333/5333 5332/5332/5332 5299/5299/5299
f 5299/5299/5299 5332/5332/5332 5328/5328/5328
f 5298/5298/5298 5299/5299/5299 5328/5328/5328
f 5293/5293/5293 5330/5330/5330 5331/5331/5331
f 5330/5330/5330 5293/5293/5293 5329/5329/5329
f 5293/5293/5293 5327/5327/5327 5329/5329/5329
f 5327/5327/5327 5298/5298/5298 5328/5328/5328
f 5293/5293/5293 5292/5292/5292 5327/5327/5327
f 5292/5292/5292 5298/5298/5298 5327/5327/5327
f 5326/5326/5326 5318/5318/5318 5323/5323/5323
f 5318/5318/5318 5326/5326/5326 5324/5324/5324
f 5324/5324/5324 5325/5325/5325 5322/5322/5322
f 5324/5324/5324 5322/5322/5322 5318/5318/5318
f 5323/5323/5323 5318/5318/5318 5320/5320/5320
f 5322/5322/5322 5321/5321/5321 5318/5318/5318
f 5318/5318/5318 5321/5321/5321 5319/5319/5319
f 5318/5318/5318 5319/5319/5319 5320/5320/5320
f 4268/4268/4268 4198/4198/4198 5317/5317/5317
f 5316/5316/5316 5310/5310/5310 5315/5315/5315
f 5315/5315/5315 5310/5310/5310 5305/5305/5305
f 389/389/389 390/390/390 391/391/391
f 392/392/392 390/390/390 389/389/389
f 393/393/393 391/391/391 390/390/390
f 394/394/394 390/390/390 392/392/392
f 392/392/392 389/389/389 395/395/395
f 396/396/396 393/393/393 390/390/390
f 394/394/394 392/392/392 397/397/397
f 396/396/396 390/390/390 394/394/394
f 398/398/398 392/392/392 395/395/395
f 399/399/399 393/393/393 396/396/396
f 397/397/397 392/392/392 400/400/400
f 394/394/394 397/397/397 401/401/401
f 402/402/402 396/396/396 394/394/394
f 392/392/392 398/398/398 400/400/400
f 393/393/393 399/399/399 403/403/403
f 399/399/399 396/396/396 402/402/402
f 397/397/397 400/400/400 401/401/401
f 401/401/401 404/404/404 394/394/394
f 402/402/402 394/394/394 405/405/405
f 400/400/400 398/398/398 406/406/406
f 407/407/407 403/403/403 399/399/399
f 407/407/407 399/399/399 402/402/402
f 401/401/401 400/400/400 408/408/408
f 404/404/404 401/401/401 409/409/409
f 405/405/405 394/394/394 404/404/404
f 410/410/410 402/402/402 405/405/405
f 400/400/400 406/406/406 411/411/411
f 412/412/412 403/403/403 407/407/407
f 413/413/413 407/407/407 402/402/402
f 411/411/411 408/408/408 400/400/400
f 414/414/414 401/401/401 408/408/408
f 409/409/409 401/401/401 415/415/415
f 409/409/409 416/416/416 404/404/404
f 405/405/405 404/404/404 417/417/417
f 413/413/413 402/402/402 410/410/410
f 410/410/410 405/405/405 417/417/417
f 412/412/412 407/407/407 413/413/413
f 414/414/414 408/408/408 411/411/411
f 401/401/401 414/414/414 418/418/418
f 415/415/415 401/401/401 418/418/418
f 419/419/419 409/409/409 415/415/415
f 416/416/416 409/409/409 419/419/419
f 416/416/416 417/417/417 404/404/404
f 420/420/420 413/413/413 410/410/410
f 421/421/421 410/410/410 417/417/417
f 415/415/415 418/418/418 422/422/422
f 419/419/419 415/415/415 423/423/423
f 424/424/424 416/416/416 419/419/419
f 417/417/417 416/416/416 424/424/424
f 420/420/420 410/410/410 421/421/421
f 421/421/421 417/417/417 425/425/425
f 423/423/423 415/415/415 422/422/422
f 423/423/423 424/424/424 419/419/419
f 426/426/426 417/417/417 424/424/424
f 421/421/421 427/427/427 420/420/420
f 425/425/425 417/417/417 428/428/428
f 427/427/427 421/421/421 425/425/425
f 423/423/423 422/422/422 429/429/429
f 426/426/426 424/424/424 423/423/423
f 426/426/426 428/428/428 417/417/417
f 425/425/425 428/428/428 430/430/430
f 425/425/425 431/431/431 427/427/427
f 423/423/423 429/429/429 432/432/432
f 426/426/426 423/423/423 433/433/433
f 426/426/426 430/430/430 428/428/428
f 434/434/434 425/425/425 430/430/430
f 431/431/431 425/425/425 435/435/435
f 433/433/433 423/423/423 432/432/432
f 436/436/436 426/426/426 433/433/433
f 430/430/430 426/426/426 437/437/437
f 434/434/434 430/430/430 437/437/437
f 435/435/435 425/425/425 434/434/434
f 438/438/438 431/431/431 435/435/435
f 439/439/439 426/426/426 436/436/436
f 437/437/437 426/426/426 439/439/439
f 440/440/440 434/434/434 437/437/437
f 441/441/441 435/435/435 434/434/434
f 442/442/442 438/438/438 435/435/435
f 439/439/439 440/440/440 437/437/437
f 443/443/443 434/434/434 440/440/440
f 444/444/444 435/435/435 441/441/441
f 443/443/443 441/441/441 434/434/434
f 445/445/445 438/438/438 442/442/442
f 444/444/444 442/442/442 435/435/435
f 446/446/446 440/440/440 439/439/439
f 447/447/447 443/443/443 440/440/440
f 448/448/448 444/444/444 441/441/441
f 449/449/449 441/441/441 443/443/443
f 445/445/445 442/442/442 444/444/444
f 440/440/440 446/446/446 447/447/447
f 450/450/450 446/446/446 439/439/439
f 443/443/443 447/447/447 451/451/451
f 452/452/452 444/444/444 448/448/448
f 449/449/449 448/448/448 441/441/441
f 449/449/449 443/443/443 453/453/453
f 444/444/444 454/454/454 445/445/445
f 455/455/455 447/447/447 446/446/446
f 456/456/456 446/446/446 450/450/450
f 457/457/457 451/451/451 447/447/447
f 453/453/453 443/443/443 451/451/451
f 452/452/452 454/454/454 444/444/444
f 458/458/458 452/452/452 448/448/448
f 448/448/448 449/449/449 453/453/453
f 459/459/459 445/445/445 454/454/454
f 447/447/447 455/455/455 457/457/457
f 446/446/446 456/456/456 455/455/455
f 456/456/456 450/450/450 460/460/460
f 451/451/451 457/457/457 461/461/461
f 453/453/453 451/451/451 461/461/461
f 454/454/454 452/452/452 462/462/462
f 453/453/453 458/458/458 448/448/448
f 458/458/458 462/462/462 452/452/452
f 459/459/459 454/454/454 462/462/462
f 455/455/455 463/463/463 457/457/457
f 455/455/455 456/456/456 463/463/463
f 450/450/450 464/464/464 460/460/460
f 463/463/463 456/456/456 460/460/460
f 461/461/461 457/457/457 465/465/465
f 461/461/461 466/466/466 453/453/453
f 458/458/458 453/453/453 466/466/466
f 462/462/462 458/458/458 467/467/467
f 468/468/468 459/459/459 462/462/462
f 469/469/469 457/457/457 463/463/463
f 460/460/460 464/464/464 470/470/470
f 460/460/460 471/471/471 463/463/463
f 465/465/465 457/457/457 472/472/472
f 465/465/465 473/473/473 461/461/461
f 466/466/466 461/461/461 473/473/473
f 466/466/466 467/467/467 458/458/458
f 467/467/467 474/474/474 462/462/462
f 468/468/468 462/462/462 474/474/474
f 457/457/457 469/469/469 475/475/475
f 463/463/463 476/476/476 469/469/469
f 460/460/460 470/470/470 477/477/477
f 460/460/460 477/477/477 471/471/471
f 471/471/471 478/478/478 463/463/463
f 457/457/457 475/475/475 472/472/472
f 479/479/479 465/465/465 472/472/472
f 473/473/473 465/465/465 479/479/479
f 473/473/473 480/480/480 466/466/466
f 467/467/467 466/466/466 481/481/481
f 474/474/474 467/467/467 482/482/482
f 468/468/468 474/474/474 482/482/482
f 476/476/476 475/475/475 469/469/469
f 463/463/463 483/483/483 476/476/476
f 470/470/470 484/484/484 477/477/477
f 478/478/478 471/471/471 477/477/477
f 463/463/463 478/478/478 483/483/483
f 485/485/485 472/472/472 475/475/475
f 486/486/486 479/479/479 472/472/472
f 479/479/479 487/487/487 473/473/473
f 480/480/480 481/481/481 466/466/466
f 480/480/480 473/473/473 488/488/488
f 467/467/467 481/481/481 489/489/489
f 482/482/482 467/467/467 489/489/489
f 475/475/475 476/476/476 485/485/485
f 477/477/477 490/490/490 478/478/478
f 483/483/483 478/478/478 491/491/491
f 485/485/485 486/486/486 472/472/472
f 479/479/479 486/486/486 492/492/492
f 488/488/488 473/473/473 487/487/487
f 481/481/481 480/480/480 489/489/489
f 489/489/489 480/480/480 488/488/488
f 485/485/485 476/476/476 493/493/493
f 490/490/490 494/494/494 478/478/478
f 490/490/490 477/477/477 495/495/495
f 478/478/478 494/494/494 491/491/491
f 486/486/486 485/485/485 492/492/492
f 485/485/485 493/493/493 492/492/492
f 490/490/490 496/496/496 494/494/494
f 490/490/490 495/495/495 497/497/497
f 494/494/494 498/498/498 491/491/491
f 492/492/492 493/493/493 499/499/499
f 497/497/497 496/496/496 490/490/490
f 496/496/496 500/500/500 494/494/494
f 495/495/495 501/501/501 497/497/497
f 502/502/502 491/491/491 498/498/498
f 494/494/494 500/500/500 498/498/498
f 496/496/496 497/497/497 501/501/501
f 500/500/500 496/496/496 503/503/503
f 498/498/498 504/504/504 502/502/502
f 500/500/500 504/504/504 498/498/498
f 496/496/496 501/501/501 503/503/503
f 503/503/503 505/505/505 500/500/500
f 504/504/504 500/500/500 505/505/505
f 504/504/504 505/505/505 506/506/506
f 5314/5314/5314 5315/5315/5315 5305/5305/5305
f 5305/5305/5305 5307/5307/5307 5314/5314/5314
f 5313/5313/5313 5311/5311/5311 5312/5312/5312
f 5311/5311/5311 5309/5309/5309 5312/5312/5312
f 5308/5308/5308 5304/5304/5304 5311/5311/5311
f 5311/5311/5311 5304/5304/5304 5309/5309/5309
f 5310/5310/5310 5306/5306/5306 5305/5305/5305
f 5306/5306/5306 5309/5309/5309 5304/5304/5304
f 5307/5307/5307 5304/5304/5304 5308/5308/5308
f 5305/5305/5305 5304/5304/5304 5307/5307/5307
f 5304/5304/5304 5305/5305/5305 5306/5306/5306
f 5303/5303/5303 5301/5301/5301 5302/5302/5302
f 5277/5277/5277 5300/5300/5300 5276/5276/5276
f 5301/5301/5301 5277/5277/5277 5302/5302/5302
f 5300/5300/5300 5277/5277/5277 5301/5301/5301
f 5299/5299/5299 5298/5298/5298 5297/5297/5297
f 5292/5292/5292 5295/5295/5295 5297/5297/5297
f 5292/5292/5292 5297/5297/5297 5298/5298/5298
f 5294/5294/5294 5296/5296/5296 5290/5290/5290
f 5291/5291/5291 5295/5295/5295 5292/5292/5292
f 5290/5290/5290 5289/5289/5289 5294/5294/5294
f 5292/5292/5292 5293/5293/5293 5289/5289/5289
f 5289/5289/5289 5291/5291/5291 5292/5292/5292
f 5289/5289/5289 5290/5290/5290 5291/5291/5291
f 5287/5287/5287 5288/5288/5288 5284/5284/5284
f 5283/5283/5283 5287/5287/5287 5284/5284/5284
f 5143/5143/5143 5174/5174/5174 5137/5137/5137
f 5174/5174/5174 5143/5143/5143 5192/5192/5192
f 5286/5286/5286 5283/5283/5283 5285/5285/5285
f 5143/5143/5143 5285/5285/5285 5283/5283/5283
f 5143/5143/5143 5284/5284/5284 5192/5192/5192
f 5143/5143/5143 5283/5283/5283 5284/5284/5284
f 5231/5231/5231 5212/5212/5212 5264/5264/5264
f 5212/5212/5212 5210/5210/5210 5264/5264/5264
f 5210/5210/5210 5281/5281/5281 5264/5264/5264
f 5281/5281/5281 5210/5210/5210 5204/5204/5204
f 5194/5194/5194 5282/5282/5282 5204/5204/5204
f 5282/5282/5282 5280/5280/5280 5204/5204/5204
f 5204/5204/5204 5280/5280/5280 5281/5281/5281
f 5274/5274/5274 5279/5279/5279 5270/5270/5270
f 5270/5270/5270 5279/5279/5279 5268/5268/5268
f 5269/5269/5269 5268/5268/5268 5278/5278/5278
f 5276/5276/5276 5275/5275/5275 5277/5277/5277
f 5276/5276/5276 5274/5274/5274 5275/5275/5275
f 5274/5274/5274 5273/5273/5273 5275/5275/5275
f 5273/5273/5273 5274/5274/5274 5270/5270/5270
f 5271/5271/5271 5273/5273/5273 5270/5270/5270
f 5269/5269/5269 5272/5272/5272 5271/5271/5271
f 5270/5270/5270 5269/5269/5269 5271/5271/5271
f 5268/5268/5268 5269/5269/5269 5270/5270/5270
f 5267/5267/5267 5263/5263/5263 5262/5262/5262
f 5264/5264/5264 5267/5267/5267 5262/5262/5262
f 5259/5259/5259 5265/5265/5265 5266/5266/5266
f 5263/5263/5263 5265/5265/5265 5261/5261/5261
f 5259/5259/5259 5261/5261/5261 5265/5265/5265
f 5231/5231/5231 5264/5264/5264 5262/5262/5262
f 5258/5258/5258 5263/5263/5263 5261/5261/5261
f 5258/5258/5258 5262/5262/5262 5263/5263/5263
f 5257/5257/5257 5262/5262/5262 5258/5258/5258
f 5231/5231/5231 5262/5262/5262 5257/5257/5257
f 5260/5260/5260 2836/2836/2836 3246/3246/3246
f 5260/5260/5260 2829/2829/2829 2836/2836/2836
f 2832/2832/2832 2829/2829/2829 5260/5260/5260
f 3260/3260/3260 5260/5260/5260 3246/3246/3246
f 5259/5259/5259 5258/5258/5258 5261/5261/5261
f 2835/2835/2835 2832/2832/2832 5260/5260/5260
f 5260/5260/5260 5259/5259/5259 2835/2835/2835
f 5259/5259/5259 5260/5260/5260 3260/3260/3260
f 5258/5258/5258 5259/5259/5259 3260/3260/3260
f 3260/3260/3260 3272/3272/3272 5258/5258/5258
f 3272/3272/3272 5257/5257/5257 5258/5258/5258
f 3282/3282/3282 5257/5257/5257 3272/3272/3272
f 3282/3282/3282 5231/5231/5231 5257/5257/5257
f 5256/5256/5256 5255/5255/5255 5236/5236/5236
f 5256/5256/5256 5236/5236/5236 5242/5242/5242
f 5236/5236/5236 5255/5255/5255 5235/5235/5235
f 5254/5254/5254 5206/5206/5206 5227/5227/5227
f 5206/5206/5206 5254/5254/5254 5208/5208/5208
f 5254/5254/5254 5241/5241/5241 5208/5208/5208
f 5239/5239/5239 5241/5241/5241 5254/5254/5254
f 5249/5249/5249 5253/5253/5253 5245/5245/5245
f 5253/5253/5253 5252/5252/5252 5245/5245/5245
f 5252/5252/5252 5246/5246/5246 5245/5245/5245
f 5248/5248/5248 5251/5251/5251 5247/5247/5247
f 5250/5250/5250 5249/5249/5249 5240/5240/5240
f 5249/5249/5249 5245/5245/5245 5240/5240/5240
f 5246/5246/5246 5248/5248/5248 5247/5247/5247
f 5244/5244/5244 5247/5247/5247 5243/5243/5243
f 5244/5244/5244 5246/5246/5246 5247/5247/5247
f 5244/5244/5244 5245/5245/5245 5246/5246/5246
f 5245/5245/5245 5244/5244/5244 5240/5240/5240
f 5240/5240/5240 5244/5244/5244 5237/5237/5237
f 5237/5237/5237 5244/5244/5244 5243/5243/5243
f 5237/5237/5237 5243/5243/5243 5242/5242/5242
f 5233/5233/5233 5237/5237/5237 5242/5242/5242
f 5233/5233/5233 5242/5242/5242 5234/5234/5234
f 5242/5242/5242 5236/5236/5236 5234/5234/5234
f 5241/5241/5241 5207/5207/5207 5208/5208/5208
f 5232/5232/5232 5207/5207/5207 5241/5241/5241
f 5241/5241/5241 5239/5239/5239 5232/5232/5232
f 5238/5238/5238 5240/5240/5240 5237/5237/5237
f 5239/5239/5239 5238/5238/5238 5232/5232/5232
f 5232/5232/5232 5238/5238/5238 5237/5237/5237
f 5237/5237/5237 5233/5233/5233 5232/5232/5232
f 5236/5236/5236 5235/5235/5235 5234/5234/5234
f 5234/5234/5234 5235/5235/5235 5230/5230/5230
f 5233/5233/5233 5234/5234/5234 5230/5230/5230
f 5233/5233/5233 5230/5230/5230 5232/5232/5232
f 5232/5232/5232 5230/5230/5230 5207/5207/5207
f 3282/3282/3282 5228/5228/5228 5231/5231/5231
f 5228/5228/5228 5212/5212/5212 5231/5231/5231
f 5229/5229/5229 3277/3277/3277 3293/3293/3293
f 5229/5229/5229 3293/3293/3293 5223/5223/5223
f 5230/5230/5230 5200/5200/5200 5207/5207/5207
f 5228/5228/5228 3282/3282/3282 3287/3287/3287
f 5229/5229/5229 3278/3278/3278 3277/3277/3277
f 5224/5224/5224 3287/3287/3287 3295/3295/3295
f 3287/3287/3287 5224/5224/5224 5228/5228/5228
f 3295/3295/3295 3278/3278/3278 5229/5229/5229
f 5222/5222/5222 3295/3295/3295 5229/5229/5229
f 5223/5223/5223 5222/5222/5222 5229/5229/5229
f 5228/5228/5228 5211/5211/5211 5212/5212/5212
f 5224/5224/5224 5211/5211/5211 5228/5228/5228
f 5205/5205/5205 5227/5227/5227 5206/5206/5206
f 5227/5227/5227 5205/5205/5205 5218/5218/5218
f 5218/5218/5218 5226/5226/5226 5227/5227/5227
f 5226/5226/5226 5218/5218/5218 5220/5220/5220
f 5225/5225/5225 5215/5215/5215 5217/5217/5217
f 5215/5215/5215 5225/5225/5225 5214/5214/5214
f 5219/5219/5219 5214/5214/5214 5225/5225/5225
f 3295/3295/3295 5221/5221/5221 5224/5224/5224
f 5221/5221/5221 5216/5216/5216 5224/5224/5224
f 5216/5216/5216 5211/5211/5211 5224/5224/5224
f 5222/5222/5222 5223/5223/5223 5217/5217/5217
f 5221/5221/5221 3295/3295/3295 5222/5222/5222
f 5217/5217/5217 5221/5221/5221 5222/5222/5222
f 5216/5216/5216 5221/5221/5221 5217/5217/5217
f 5220/5220/5220 5218/5218/5218 5219/5219/5219
f 5219/5219/5219 5213/5213/5213 5214/5214/5214
f 5218/5218/5218 5213/5213/5213 5219/5219/5219
f 5213/5213/5213 5218/5218/5218 5205/5205/5205
f 5215/5215/5215 5216/5216/5216 5217/5217/5217
f 5215/5215/5215 5211/5211/5211 5216/5216/5216
f 5214/5214/5214 5211/5211/5211 5215/5215/5215
f 5214/5214/5214 5213/5213/5213 5211/5211/5211
f 5205/5205/5205 5209/5209/5209 5213/5213/5213
f 5211/5211/5211 5213/5213/5213 5209/5209/5209
f 5211/5211/5211 5210/5210/5210 5212/5212/5212
f 5209/5209/5209 5210/5210/5210 5211/5211/5211
f 5204/5204/5204 5210/5210/5210 5209/5209/5209
f 5209/5209/5209 5205/5205/5205 5204/5204/5204
f 5207/5207/5207 5195/5195/5195 5208/5208/5208
f 5208/5208/5208 5195/5195/5195 5203/5203/5203
f 5203/5203/5203 5206/5206/5206 5208/5208/5208
f 5207/5207/5207 5200/5200/5200 5195/5195/5195
f 5206/5206/5206 5203/5203/5203 5205/5205/5205
f 5205/5205/5205 5203/5203/5203 5204/5204/5204
f 5203/5203/5203 5194/5194/5194 5204/5204/5204
f 5194/5194/5194 5203/5203/5203 5195/5195/5195
f 5197/5197/5197 5202/5202/5202 5201/5201/5201
f 5200/5200/5200 5202/5202/5202 5197/5197/5197
f 5198/5198/5198 5197/5197/5197 5201/5201/5201
f 5197/5197/5197 5195/5195/5195 5200/5200/5200
f 5196/5196/5196 5198/5198/5198 5199/5199/5199
f 5197/5197/5197 5198/5198/5198 5196/5196/5196
f 5195/5195/5195 5197/5197/5197 5196/5196/5196
f 5194/5194/5194 5195/5195/5195 5196/5196/5196
f 5193/5193/5193 5170/5170/5170 5172/5172/5172
f 5192/5192/5192 5186/5186/5186 5176/5176/5176
f 5192/5192/5192 5176/5176/5176 5174/5174/5174
f 5191/5191/5191 5189/5189/5189 5190/5190/5190
f 5189/5189/5189 5184/5184/5184 5190/5190/5190
f 5093/5093/5093 5112/5112/5112 5189/5189/5189
f 5189/5189/5189 5112/5112/5112 5184/5184/5184
f 5188/5188/5188 5168/5168/5168 5187/5187/5187
f 5159/5159/5159 5168/5168/5168 5188/5188/5188
f 5173/5173/5173 5159/5159/5159 5188/5188/5188
f 5168/5168/5168 5166/5166/5166 5187/5187/5187
f 5166/5166/5166 5167/5167/5167 5187/5187/5187
f 5176/5176/5176 5186/5186/5186 5185/5185/5185
f 5185/5185/5185 5181/5181/5181 5182/5182/5182
f 5176/5176/5176 5185/5185/5185 5182/5182/5182
f 5184/5184/5184 5112/5112/5112 5183/5183/5183
f 5112/5112/5112 5109/5109/5109 5183/5183/5183
f 5175/5175/5175 5176/5176/5176 5182/5182/5182
f 5182/5182/5182 5177/5177/5177 5175/5175/5175
f 5177/5177/5177 5182/5182/5182 5181/5181/5181
f 5181/5181/5181 5180/5180/5180 5177/5177/5177
f 5177/5177/5177 5180/5180/5180 5179/5179/5179
f 5178/5178/5178 5177/5177/5177 5179/5179/5179
f 5178/5178/5178 5133/5133/5133 5177/5177/5177
f 5175/5175/5175 5177/5177/5177 5133/5133/5133
f 5175/5175/5175 5174/5174/5174 5176/5176/5176
f 5174/5174/5174 5175/5175/5175 5134/5134/5134
f 5133/5133/5133 5134/5134/5134 5175/5175/5175
f 5134/5134/5134 5137/5137/5137 5174/5174/5174
f 5172/5172/5172 5153/5153/5153 5173/5173/5173
f 5173/5173/5173 5153/5153/5153 5152/5152/5152
f 5152/5152/5152 5159/5159/5159 5173/5173/5173
f 5172/5172/5172 5170/5170/5170 5154/5154/5154
f 5154/5154/5154 5153/5153/5153 5172/5172/5172
f 5170/5170/5170 5171/5171/5171 5151/5151/5151
f 5151/5151/5151 5154/5154/5154 5170/5170/5170
f 5169/5169/5169 5100/5100/5100 5099/5099/5099
f 5100/5100/5100 5169/5169/5169 5144/5144/5144
f 5159/5159/5159 5160/5160/5160 5168/5168/5168
f 5160/5160/5160 5162/5162/5162 5168/5168/5168
f 5168/5168/5168 5162/5162/5162 5166/5166/5166
f 5167/5167/5167 5166/5166/5166 5140/5140/5140
f 5166/5166/5166 5165/5165/5165 5140/5140/5140
f 5162/5162/5162 5165/5165/5165 5166/5166/5166
f 5140/5140/5140 5165/5165/5165 5126/5126/5126
f 5165/5165/5165 5164/5164/5164 5126/5126/5126
f 5162/5162/5162 5164/5164/5164 5165/5165/5165
f 5164/5164/5164 5120/5120/5120 5126/5126/5126
f 5118/5118/5118 5120/5120/5120 5164/5164/5164
f 5118/5118/5118 5164/5164/5164 5162/5162/5162
f 5162/5162/5162 5161/5161/5161 5118/5118/5118
f 5116/5116/5116 5118/5118/5118 5161/5161/5161
f 5161/5161/5161 5163/5163/5163 5116/5116/5116
f 5136/5136/5136 5116/5116/5116 5163/5163/5163
f 5136/5136/5136 5163/5163/5163 5158/5158/5158
f 5163/5163/5163 5161/5161/5161 5158/5158/5158
f 5161/5161/5161 5162/5162/5162 5160/5160/5160
f 507/507/507 508/508/508 509/509/509
f 510/510/510 509/509/509 508/508/508
f 5158/5158/5158 5161/5161/5161 5160/5160/5160
f 5158/5158/5158 5160/5160/5160 5159/5159/5159
f 5159/5159/5159 5152/5152/5152 5158/5158/5158
f 5148/5148/5148 5158/5158/5158 5152/5152/5152
f 5158/5158/5158 5148/5148/5148 5136/5136/5136
f 5157/5157/5157 5111/5111/5111 5103/5103/5103
f 5103/5103/5103 5145/5145/5145 5157/5157/5157
f 5156/5156/5156 5142/5142/5142 5155/5155/5155
f 5155/5155/5155 5142/5142/5142 5138/5138/5138
f 5155/5155/5155 5138/5138/5138 5123/5123/5123
f 5151/5151/5151 5150/5150/5150 5154/5154/5154
f 5153/5153/5153 5154/5154/5154 5150/5150/5150
f 5150/5150/5150 5152/5152/5152 5153/5153/5153
f 5152/5152/5152 5150/5150/5150 5148/5148/5148
f 5149/5149/5149 5150/5150/5150 5151/5151/5151
f 5149/5149/5149 5148/5148/5148 5150/5150/5150
f 5147/5147/5147 5148/5148/5148 5149/5149/5149
f 5148/5148/5148 5147/5147/5147 5136/5136/5136
f 5141/5141/5141 5146/5146/5146 5147/5147/5147
f 5147/5147/5147 5146/5146/5146 5136/5136/5136
f 5141/5141/5141 5114/5114/5114 5146/5146/5146
f 5136/5136/5136 5146/5146/5146 5114/5114/5114
f 5145/5145/5145 5103/5103/5103 5144/5144/5144
f 5100/5100/5100 5144/5144/5144 5101/5101/5101
f 5144/5144/5144 5103/5103/5103 5101/5101/5101
f 5137/5137/5137 5142/5142/5142 5143/5143/5143
f 5135/5135/5135 5138/5138/5138 5142/5142/5142
f 5135/5135/5135 5142/5142/5142 5137/5137/5137
f 5141/5141/5141 5095/5095/5095 5114/5114/5114
f 5140/5140/5140 5126/5126/5126 5139/5139/5139
f 5140/5140/5140 5139/5139/5139 5129/5129/5129
f 5126/5126/5126 5127/5127/5127 5139/5139/5139
f 5129/5129/5129 5139/5139/5139 5127/5127/5127
f 5138/5138/5138 5135/5135/5135 5123/5123/5123
f 2255/2255/2255 2259/2259/2259 2258/2258/2258
f 5137/5137/5137 5134/5134/5134 5135/5135/5135
f 2256/2256/2256 2258/2258/2258 2260/2260/2260
f 5114/5114/5114 5117/5117/5117 5136/5136/5136
f 5117/5117/5117 5116/5116/5116 5136/5136/5136
f 5123/5123/5123 5135/5135/5135 5125/5125/5125
f 5135/5135/5135 5128/5128/5128 5125/5125/5125
f 5135/5135/5135 5134/5134/5134 5128/5128/5128
f 2258/2258/2258 2261/2261/2261 2260/2260/2260
f 2260/2260/2260 2262/2262/2262 2256/2256/2256
f 5134/5134/5134 5133/5133/5133 5128/5128/5128
f 2260/2260/2260 2261/2261/2261 2263/2263/2263
f 2264/2264/2264 2262/2262/2262 2260/2260/2260
f 2263/2263/2263 2261/2261/2261 2265/2265/2265
f 5128/5128/5128 5133/5133/5133 5130/5130/5130
f 5129/5129/5129 5131/5131/5131 5132/5132/5132
f 5129/5129/5129 5130/5130/5130 5131/5131/5131
f 2263/2263/2263 2266/2266/2266 2260/2260/2260
f 2267/2267/2267 2262/2262/2262 2264/2264/2264
f 5128/5128/5128 5130/5130/5130 5129/5129/5129
f 2266/2266/2266 2264/2264/2264 2260/2260/2260
f 2268/2268/2268 2265/2265/2265 2261/2261/2261
f 2269/2269/2269 2263/2263/2263 2265/2265/2265
f 2266/2266/2266 2263/2263/2263 2269/2269/2269
f 5127/5127/5127 5128/5128/5128 5129/5129/5129
f 5125/5125/5125 5128/5128/5128 5127/5127/5127
f 5125/5125/5125 5127/5127/5127 5126/5126/5126
f 2264/2264/2264 2266/2266/2266 2270/2270/2270
f 2265/2265/2265 2268/2268/2268 2271/2271/2271
f 5120/5120/5120 5125/5125/5125 5126/5126/5126
f 5123/5123/5123 5125/5125/5125 5120/5120/5120
f 2272/2272/2272 2269/2269/2269 2265/2265/2265
f 2270/2270/2270 2266/2266/2266 2269/2269/2269
f 2265/2265/2265 2271/2271/2271 2272/2272/2272
f 2272/2272/2272 2273/2273/2273 2269/2269/2269
f 2273/2273/2273 2270/2270/2270 2269/2269/2269
f 5091/5091/5091 5124/5124/5124 5122/5122/5122
f 5121/5121/5121 5122/5122/5122 5124/5124/5124
f 5121/5121/5121 5123/5123/5123 5120/5120/5120
f 5115/5115/5115 5091/5091/5091 5122/5122/5122
f 2272/2272/2272 2271/2271/2271 2274/2274/2274
f 2273/2273/2273 2272/2272/2272 2275/2275/2275
f 2272/2272/2272 2274/2274/2274 2275/2275/2275
f 5122/5122/5122 5121/5121/5121 5115/5115/5115
f 2275/2275/2275 2276/2276/2276 2273/2273/2273
f 2275/2275/2275 2274/2274/2274 2277/2277/2277
f 2276/2276/2276 2275/2275/2275 2278/2278/2278
f 2277/2277/2277 2278/2278/2278 2275/2275/2275
f 2277/2277/2277 2274/2274/2274 2279/2279/2279
f 5115/5115/5115 5121/5121/5121 5119/5119/5119
f 5120/5120/5120 5119/5119/5119 5121/5121/5121
f 5119/5119/5119 5120/5120/5120 5118/5118/5118
f 2278/2278/2278 2280/2280/2280 2276/2276/2276
f 2281/2281/2281 2278/2278/2278 2277/2277/2277
f 2279/2279/2279 2281/2281/2281 2277/2277/2277
f 2280/2280/2280 2278/2278/2278 2282/2282/2282
f 513/513/513 512/512/512 511/511/511
f 2283/2283/2283 2276/2276/2276 2280/2280/2280
f 2281/2281/2281 2282/2282/2282 2278/2278/2278
f 2284/2284/2284 2281/2281/2281 2279/2279/2279
f 5115/5115/5115 5119/5119/5119 5118/5118/5118
f 5118/5118/5118 5116/5116/5116 5115/5115/5115
f 5114/5114/5114 5113/5113/5113 5117/5117/5117
f 5116/5116/5116 5117/5117/5117 5113/5113/5113
f 5113/5113/5113 5115/5115/5115 5116/5116/5116
f 2282/2282/2282 2285/2285/2285 2280/2280/2280
f 2283/2283/2283 2286/2286/2286 2276/2276/2276
f 2283/2283/2283 2280/2280/2280 2287/2287/2287
f 2282/2282/2282 2281/2281/2281 2284/2284/2284
f 512/512/512 513/513/513 515/515/515
f 2285/2285/2285 2282/2282/2282 2288/2288/2288
f 514/514/514 512/512/512 515/515/515
f 2287/2287/2287 2280/2280/2280 2285/2285/2285
f 2287/2287/2287 2286/2286/2286 2283/2283/2283
f 2288/2288/2288 2282/2282/2282 2284/2284/2284
f 2289/2289/2289 2285/2285/2285 2288/2288/2288
f 5115/5115/5115 5113/5113/5113 5091/5091/5091
f 5095/5095/5095 5092/5092/5092 5114/5114/5114
f 5092/5092/5092 5113/5113/5113 5114/5114/5114
f 5092/5092/5092 5091/5091/5091 5113/5113/5113
f 5112/5112/5112 5105/5105/5105 5109/5109/5109
f 2287/2287/2287 2285/2285/2285 2289/2289/2289
f 2287/2287/2287 2290/2290/2290 2286/2286/2286
f 2290/2290/2290 2287/2287/2287 2289/2289/2289
f 2289/2289/2289 2291/2291/2291 2290/2290/2290
f 2292/2292/2292 2293/2293/2293 2294/2294/2294
f 2294/2294/2294 2293/2293/2293 2295/2295/2295
f 514/514/514 515/515/515 517/517/517
f 514/514/514 518/518/518 516/516/516
f 2296/2296/2296 2292/2292/2292 2294/2294/2294
f 2297/2297/2297 2294/2294/2294 2295/2295/2295
f 2296/2296/2296 2294/2294/2294 2298/2298/2298
f 2297/2297/2297 2298/2298/2298 2294/2294/2294
f 5105/5105/5105 5112/5112/5112 5093/5093/5093
f 5111/5111/5111 5106/5106/5106 5103/5103/5103
f 5106/5106/5106 5111/5111/5111 5110/5110/5110
f 5110/5110/5110 5108/5108/5108 5106/5106/5106
f 5105/5105/5105 5104/5104/5104 5109/5109/5109
f 2300/2300/2300 2297/2297/2297 2295/2295/2295
f 2298/2298/2298 2299/2299/2299 2296/2296/2296
f 2298/2298/2298 2297/2297/2297 2301/2301/2301
f 2297/2297/2297 2300/2300/2300 2302/2302/2302
f 2303/2303/2303 2299/2299/2299 2298/2298/2298
f 517/517/517 521/521/521 514/514/514
f 518/518/518 514/514/514 522/522/522
f 523/523/523 516/516/516 518/518/518
f 2298/2298/2298 2301/2301/2301 2303/2303/2303
f 2302/2302/2302 2301/2301/2301 2297/2297/2297
f 2302/2302/2302 2300/2300/2300 2305/2305/2305
f 519/519/519 525/525/525 517/517/517
f 5109/5109/5109 5104/5104/5104 5107/5107/5107
f 5107/5107/5107 5106/5106/5106 5108/5108/5108
f 5104/5104/5104 5106/5106/5106 5107/5107/5107
f 5103/5103/5103 5106/5106/5106 5104/5104/5104
f 2299/2299/2299 2303/2303/2303 2304/2304/2304
f 2301/2301/2301 2302/2302/2302 2303/2303/2303
f 2307/2307/2307 2302/2302/2302 2305/2305/2305
f 2304/2304/2304 2303/2303/2303 2308/2308/2308
f 2306/2306/2306 2304/2304/2304 2309/2309/2309
f 2303/2303/2303 2302/2302/2302 2310/2310/2310
f 521/521/521 517/517/517 525/525/525
f 522/522/522 514/514/514 521/521/521
f 523/523/523 518/518/518 522/522/522
f 526/526/526 516/516/516 523/523/523
f 516/516/516 527/527/527 524/524/524
f 2302/2302/2302 2307/2307/2307 2311/2311/2311
f 2307/2307/2307 2305/2305/2305 2312/2312/2312
f 2309/2309/2309 2304/2304/2304 2308/2308/2308
f 525/525/525 519/519/519 529/529/529
f 5098/5098/5098 5105/5105/5105 5093/5093/5093
f 5102/5102/5102 5105/5105/5105 5098/5098/5098
f 5102/5102/5102 5104/5104/5104 5105/5105/5105
f 5103/5103/5103 5104/5104/5104 5102/5102/5102
f 5102/5102/5102 5101/5101/5101 5103/5103/5103
f 5098/5098/5098 5097/5097/5097 5102/5102/5102
f 2313/2313/2313 2308/2308/2308 2303/2303/2303
f 2306/2306/2306 2309/2309/2309 2314/2314/2314
f 2303/2303/2303 2310/2310/2310 2315/2315/2315
f 2311/2311/2311 2310/2310/2310 2302/2302/2302
f 2316/2316/2316 2311/2311/2311 2307/2307/2307
f 2314/2314/2314 2309/2309/2309 2308/2308/2308
f 2308/2308/2308 2313/2313/2313 2317/2317/2317
f 521/521/521 525/525/525 531/531/531
f 522/522/522 521/521/521 532/532/532
f 526/526/526 523/523/523 522/522/522
f 527/527/527 516/516/516 526/526/526
f 524/524/524 527/527/527 520/520/520
f 520/520/520 528/528/528 524/524/524
f 2303/2303/2303 2315/2315/2315 2313/2313/2313
f 534/534/534 525/525/525 529/529/529
f 5101/5101/5101 5102/5102/5102 5097/5097/5097
f 5097/5097/5097 5100/5100/5100 5101/5101/5101
f 5100/5100/5100 5097/5097/5097 5099/5099/5099
f 5099/5099/5099 5097/5097/5097 5096/5096/5096
f 2318/2318/2318 2306/2306/2306 2314/2314/2314
f 2310/2310/2310 2311/2311/2311 2315/2315/2315
f 2311/2311/2311 2316/2316/2316 2319/2319/2319
f 2307/2307/2307 2320/2320/2320 2316/2316/2316
f 2314/2314/2314 2308/2308/2308 2317/2317/2317
f 520/520/520 535/535/535 530/530/530
f 2317/2317/2317 2313/2313/2313 2321/2321/2321
f 531/531/531 525/525/525 534/534/534
f 532/532/532 521/521/521 531/531/531
f 536/536/536 522/522/522 532/532/532
f 526/526/526 522/522/522 537/537/537
f 526/526/526 538/538/538 527/527/527
f 539/539/539 520/520/520 527/527/527
f 534/534/534 529/529/529 533/533/533
f 5094/5094/5094 5098/5098/5098 5093/5093/5093
f 5094/5094/5094 5097/5097/5097 5098/5098/5098
f 5094/5094/5094 5096/5096/5096 5097/5097/5097
f 5095/5095/5095 5096/5096/5096 5094/5094/5094
f 2313/2313/2313 2315/2315/2315 2322/2322/2322
f 2323/2323/2323 2318/2318/2318 2314/2314/2314
f 2315/2315/2315 2311/2311/2311 2319/2319/2319
f 2324/2324/2324 2319/2319/2319 2316/2316/2316
f 2317/2317/2317 2323/2323/2323 2314/2314/2314
f 2317/2317/2317 2321/2321/2321 2325/2325/2325
f 535/535/535 520/520/520 539/539/539
f 2313/2313/2313 2326/2326/2326 2321/2321/2321
f 540/540/540 531/531/531 534/534/534
f 532/532/532 531/531/531 540/540/540
f 537/537/537 522/522/522 536/536/536
f 536/536/536 532/532/532 541/541/541
f 542/542/542 526/526/526 537/537/537
f 526/526/526 542/542/542 538/538/538
f 543/543/543 527/527/527 538/538/538
f 539/539/539 527/527/527 543/543/543
f 533/533/533 544/544/544 534/534/534
f 5094/5094/5094 5092/5092/5092 5095/5095/5095
f 5092/5092/5092 5094/5094/5094 5093/5093/5093
f 5092/5092/5092 5093/5093/5093 5090/5090/5090
f 5090/5090/5090 5091/5091/5091 5092/5092/5092
f 2322/2322/2322 2315/2315/2315 2319/2319/2319
f 2327/2327/2327 2313/2313/2313 2322/2322/2322
f 2318/2318/2318 2323/2323/2323 2328/2328/2328
f 2319/2319/2319 2324/2324/2324 2322/2322/2322
f 2323/2323/2323 2317/2317/2317 2330/2330/2330
f 2321/2321/2321 2331/2331/2331 2325/2325/2325
f 539/539/539 545/545/545 535/535/535
f 2317/2317/2317 2325/2325/2325 2332/2332/2332
f 534/534/534 544/544/544 540/540/540
f 541/541/541 532/532/532 540/540/540
f 537/537/537 536/536/536 541/541/541
f 542/542/542 537/537/537 546/546/546
f 542/542/542 543/543/543 538/538/538
f 547/547/547 539/539/539 543/543/543
f 5037/5037/5037 5029/5029/5029 5027/5027/5027
f 4942/4942/4942 4957/4957/4957 5089/5089/5089
f 5062/5062/5062 5088/5088/5088 5083/5083/5083
f 5087/5087/5087 5088/5088/5088 5061/5061/5061
f 5088/5088/5088 5062/5062/5062 5061/5061/5061
f 5059/5059/5059 5087/5087/5087 5061/5061/5061
f 2313/2313/2313 2327/2327/2327 2326/2326/2326
f 2321/2321/2321 2326/2326/2326 2331/2331/2331
f 2327/2327/2327 2322/2322/2322 2326/2326/2326
f 2328/2328/2328 2323/2323/2323 2330/2330/2330
f 2328/2328/2328 2329/2329/2329 2318/2318/2318
f 545/545/545 539/539/539 548/548/548
f 545/545/545 548/548/548 535/535/535
f 549/549/549 540/540/540 544/544/544
f 540/540/540 549/549/549 541/541/541
f 541/541/541 550/550/550 537/537/537
f 546/546/546 537/537/537 550/550/550
f 551/551/551 542/542/542 546/546/546
f 542/542/542 552/552/552 543/543/543
f 552/552/552 547/547/547 543/543/543
f 548/548/548 539/539/539 547/547/547
f 5059/5059/5059 5086/5086/5086 5087/5087/5087
f 5059/5059/5059 5060/5060/5060 5086/5086/5086
f 5071/5071/5071 5086/5086/5086 5060/5060/5060
f 5073/5073/5073 5047/5047/5047 5046/5046/5046
f 2440/2440/2440 5084/5084/5084 2439/2439/2439
f 2330/2330/2330 2317/2317/2317 2332/2332/2332
f 2325/2325/2325 2331/2331/2331 2333/2333/2333
f 2332/2332/2332 2325/2325/2325 2334/2334/2334
f 2331/2331/2331 2326/2326/2326 2335/2335/2335
f 2330/2330/2330 2336/2336/2336 2328/2328/2328
f 548/548/548 553/553/553 535/535/535
f 544/544/544 554/554/554 549/549/549
f 555/555/555 541/541/541 549/549/549
f 550/550/550 541/541/541 555/555/555
f 546/546/546 550/550/550 555/555/555
f 556/556/556 542/542/542 551/551/551
f 551/551/551 546/546/546 557/557/557
f 542/542/542 556/556/556 552/552/552
f 558/558/558 547/547/547 552/552/552
f 547/547/547 558/558/558 548/548/548
f 5080/5080/5080 5083/5083/5083 5085/5085/5085
f 5084/5084/5084 5080/5080/5080 5085/5085/5085
f 2440/2440/2440 5080/5080/5080 5084/5084/5084
f 5062/5062/5062 5083/5083/5083 5080/5080/5080
f 5063/5063/5063 5082/5082/5082 5071/5071/5071
f 2329/2329/2329 2328/2328/2328 2337/2337/2337
f 5070/5070/5070 5082/5082/5082 5063/5063/5063
f 2330/2330/2330 2332/2332/2332 2338/2338/2338
f 2325/2325/2325 2333/2333/2333 2334/2334/2334
f 2332/2332/2332 2334/2334/2334 2339/2339/2339
f 2336/2336/2336 2330/2330/2330 2340/2340/2340
f 2337/2337/2337 2328/2328/2328 2336/2336/2336
f 1984/1984/1984 1982/1982/1982 1346/1346/1346
f 1347/1347/1347 1346/1346/1346 1982/1982/1982
f 1980/1980/1980 1985/1985/1985 1981/1981/1981
f 1981/1981/1981 1985/1985/1985 1978/1978/1978
f 548/548/548 559/559/559 553/553/553
f 554/554/554 544/544/544 560/560/560
f 555/555/555 549/549/549 554/554/554
f 555/555/555 557/557/557 546/546/546
f 561/561/561 556/556/556 551/551/551
f 557/557/557 562/562/562 551/551/551
f 556/556/556 563/563/563 552/552/552
f 558/558/558 552/552/552 563/563/563
f 558/558/558 564/564/564 548/548/548
f 5081/5081/5081 5079/5079/5079 5054/5054/5054
f 5050/5050/5050 5081/5081/5081 5054/5054/5054
f 5062/5062/5062 5080/5080/5080 2440/2440/2440
f 5054/5054/5054 5079/5079/5079 5078/5078/5078
f 5052/5052/5052 5078/5078/5078 5070/5070/5070
f 5078/5078/5078 5052/5052/5052 5054/5054/5054
f 1982/1982/1982 1984/1984/1984 1960/1960/1960
f 1982/1982/1982 1974/1974/1974 1347/1347/1347
f 1981/1981/1981 1968/1968/1968 1980/1980/1980
f 1979/1979/1979 1347/1347/1347 1969/1969/1969
f 1981/1981/1981 1978/1978/1978 1973/1973/1973
f 1962/1962/1962 1978/1978/1978 1979/1979/1979
f 1984/1984/1984 1977/1977/1977 1960/1960/1960
f 1971/1971/1971 1976/1976/1976 1975/1975/1975
f 1976/1976/1976 1983/1983/1983 1970/1970/1970
f 548/548/548 565/565/565 559/559/559
f 566/566/566 554/554/554 560/560/560
f 554/554/554 566/566/566 555/555/555
f 567/567/567 557/557/557 555/555/555
f 563/563/563 556/556/556 561/561/561
f 568/568/568 561/561/561 551/551/551
f 562/562/562 557/557/557 567/567/567
f 568/568/568 551/551/551 562/562/562
f 569/569/569 558/558/558 563/563/563
f 558/558/558 570/570/570 564/564/564
f 564/564/564 565/565/565 548/548/548
f 5065/5065/5065 5049/5049/5049 5050/5050/5050
f 5055/5055/5055 5050/5050/5050 5054/5054/5054
f 5050/5050/5050 5055/5055/5055 5065/5065/5065
f 2443/2443/2443 5077/5077/5077 2441/2441/2441
f 5077/5077/5077 2443/2443/2443 5068/5068/5068
f 2438/2438/2438 2437/2437/2437 5076/5076/5076
f 1975/1975/1975 1976/1976/1976 1964/1964/1964
f 1974/1974/1974 1982/1982/1982 1960/1960/1960
f 1969/1969/1969 1347/1347/1347 1974/1974/1974
f 1973/1973/1973 1968/1968/1968 1981/1981/1981
f 1968/1968/1968 1972/1972/1972 1980/1980/1980
f 1962/1962/1962 1979/1979/1979 1969/1969/1969
f 1962/1962/1962 1973/1973/1973 1978/1978/1978
f 1960/1960/1960 1977/1977/1977 1971/1971/1971
f 1975/1975/1975 1966/1966/1966 1971/1971/1971
f 1970/1970/1970 1964/1964/1964 1976/1976/1976
f 572/572/572 559/559/559 565/565/565
f 566/566/566 573/573/573 555/555/555
f 573/573/573 567/567/567 555/555/555
f 574/574/574 563/563/563 561/561/561
f 575/575/575 561/561/561 568/568/568
f 576/576/576 562/562/562 567/567/567
f 576/576/576 568/568/568 562/562/562
f 570/570/570 558/558/558 569/569/569
f 574/574/574 569/569/569 563/563/563
f 577/577/577 564/564/564 570/570/570
f 578/578/578 565/565/565 564/564/564
f 2438/2438/2438 5076/5076/5076 5075/5075/5075
f 5053/5053/5053 5074/5074/5074 5072/5072/5072
f 2438/2438/2438 5075/5075/5075 5074/5074/5074
f 5074/5074/5074 5053/5053/5053 2438/2438/2438
f 5067/5067/5067 5073/5073/5073 5066/5066/5066
f 5046/5046/5046 5066/5066/5066 5073/5073/5073
f 5053/5053/5053 5072/5072/5072 5056/5056/5056
f 1966/1966/1966 1975/1975/1975 1964/1964/1964
f 1969/1969/1969 1974/1974/1974 1960/1960/1960
f 1968/1968/1968 1973/1973/1973 1963/1963/1963
f 1955/1955/1955 1972/1972/1972 1968/1968/1968
f 1956/1956/1956 1962/1962/1962 1969/1969/1969
f 1962/1962/1962 1963/1963/1963 1973/1973/1973
f 1955/1955/1955 1967/1967/1967 1972/1972/1972
f 1952/1952/1952 1966/1966/1966 1959/1959/1959
f 1960/1960/1960 1971/1971/1971 1966/1966/1966
f 565/565/565 578/578/578 572/572/572
f 576/576/576 567/567/567 573/573/573
f 574/574/574 561/561/561 575/575/575
f 575/575/575 568/568/568 581/581/581
f 576/576/576 582/582/582 568/568/568
f 569/569/569 577/577/577 570/570/570
f 569/569/569 574/574/574 583/583/583
f 584/584/584 564/564/564 577/577/577
f 564/564/564 584/584/584 578/578/578
f 5056/5056/5056 5072/5072/5072 5069/5069/5069
f 5071/5071/5071 5060/5060/5060 5063/5063/5063
f 5057/5057/5057 5070/5070/5070 5063/5063/5063
f 5070/5070/5070 5057/5057/5057 5052/5052/5052
f 5046/5046/5046 5049/5049/5049 5065/5065/5065
f 5056/5056/5056 5069/5069/5069 5064/5064/5064
f 1964/1964/1964 1970/1970/1970 1941/1941/1941
f 1959/1959/1959 1966/1966/1966 1957/1957/1957
f 1964/1964/1964 1957/1957/1957 1966/1966/1966
f 1960/1960/1960 1956/1956/1956 1969/1969/1969
f 579/579/579 571/571/571 572/572/572
f 1963/1963/1963 1955/1955/1955 1968/1968/1968
f 1956/1956/1956 1954/1954/1954 1962/1962/1962
f 585/585/585 572/572/572 578/578/578
f 575/575/575 583/583/583 574/574/574
f 582/582/582 581/581/581 568/568/568
f 581/581/581 586/586/586 575/575/575
f 582/582/582 576/576/576 587/587/587
f 583/583/583 577/577/577 569/569/569
f 588/588/588 584/584/584 577/577/577
f 589/589/589 578/578/578 584/584/584
f 5064/5064/5064 5069/5069/5069 5068/5068/5068
f 5064/5064/5064 5068/5068/5068 2443/2443/2443
f 2442/2442/2442 5067/5067/5067 2443/2443/2443
f 5067/5067/5067 5064/5064/5064 2443/2443/2443
f 5066/5066/5066 5064/5064/5064 5067/5067/5067
f 5066/5066/5066 5046/5046/5046 5065/5065/5065
f 1938/1938/1938 1963/1963/1963 1962/1962/1962
f 1967/1967/1967 1955/1955/1955 1953/1953/1953
f 1959/1959/1959 1961/1961/1961 1952/1952/1952
f 1952/1952/1952 1960/1960/1960 1966/1966/1966
f 590/590/590 579/579/579 572/572/572
f 580/580/580 579/579/579 590/590/590
f 1951/1951/1951 1937/1937/1937 1961/1961/1961
f 585/585/585 590/590/590 572/572/572
f 578/578/578 592/592/592 585/585/585
f 575/575/575 593/593/593 583/583/583
f 581/581/581 582/582/582 594/594/594
f 595/595/595 586/586/586 581/581/581
f 586/586/586 595/595/595 575/575/575
f 582/582/582 587/587/587 594/594/594
f 583/583/583 596/596/596 577/577/577
f 589/589/589 584/584/584 588/588/588
f 588/588/588 577/577/577 596/596/596
f 592/592/592 578/578/578 589/589/589
f 5064/5064/5064 5066/5066/5066 5065/5065/5065
f 5064/5064/5064 5065/5065/5065 5055/5055/5055
f 5064/5064/5064 5055/5055/5055 5056/5056/5056
f 5057/5057/5057 5063/5063/5063 5060/5060/5060
f 5061/5061/5061 5062/5062/5062 2440/2440/2440
f 5059/5059/5059 5061/5061/5061 2440/2440/2440
f 5058/5058/5058 5059/5059/5059 2440/2440/2440
f 1961/1961/1961 1959/1959/1959 1951/1951/1951
f 1958/1958/1958 1949/1949/1949 1965/1965/1965
f 1940/1940/1940 1964/1964/1964 1941/1941/1941
f 1959/1959/1959 1957/1957/1957 1944/1944/1944
f 1957/1957/1957 1964/1964/1964 1940/1940/1940
f 590/590/590 597/597/597 580/580/580
f 597/597/597 591/591/591 580/580/580
f 592/592/592 590/590/590 585/585/585
f 595/595/595 593/593/593 575/575/575
f 593/593/593 598/598/598 583/583/583
f 599/599/599 581/581/581 594/594/594
f 595/595/595 581/581/581 600/600/600
f 594/594/594 587/587/587 601/601/601
f 583/583/583 598/598/598 596/596/596
f 588/588/588 602/602/602 589/589/589
f 603/603/603 592/592/592 589/589/589
f 5060/5060/5060 5059/5059/5059 5057/5057/5057
f 5059/5059/5059 5058/5058/5058 5057/5057/5057
f 2436/2436/2436 5058/5058/5058 2440/2440/2440
f 5058/5058/5058 2436/2436/2436 2438/2438/2438
f 2438/2438/2438 5057/5057/5057 5058/5058/5058
f 5057/5057/5057 2438/2438/2438 5052/5052/5052
f 5052/5052/5052 2438/2438/2438 5053/5053/5053
f 1956/1956/1956 1960/1960/1960 1945/1945/1945
f 1955/1955/1955 1963/1963/1963 1938/1938/1938
f 1954/1954/1954 1956/1956/1956 1939/1939/1939
f 1954/1954/1954 1938/1938/1938 1962/1962/1962
f 1946/1946/1946 1953/1953/1953 1955/1955/1955
f 592/592/592 597/597/597 590/590/590
f 595/595/595 605/605/605 593/593/593
f 606/606/606 598/598/598 593/593/593
f 599/599/599 594/594/594 607/607/607
f 600/600/600 581/581/581 599/599/599
f 605/605/605 595/595/595 600/600/600
f 601/601/601 608/608/608 594/594/594
f 598/598/598 609/609/609 596/596/596
f 588/588/588 610/610/610 602/602/602
f 602/602/602 603/603/603 589/589/589
f 603/603/603 611/611/611 592/592/592
f 5056/5056/5056 5055/5055/5055 5051/5051/5051
f 5051/5051/5051 5053/5053/5053 5056/5056/5056
f 5055/5055/5055 5054/5054/5054 5051/5051/5051
f 5054/5054/5054 5052/5052/5052 5051/5051/5051
f 5051/5051/5051 5052/5052/5052 5053/5053/5053
f 5049/5049/5049 5048/5048/5048 5050/5050/5050
f 5048/5048/5048 5049/5049/5049 5046/5046/5046
f 5045/5045/5045 5048/5048/5048 5046/5046/5046
f 1937/1937/1937 1952/1952/1952 1961/1961/1961
f 1945/1945/1945 1960/1960/1960 1952/1952/1952
f 1937/1937/1937 1951/1951/1951 1935/1935/1935
f 1951/1951/1951 1959/1959/1959 1944/1944/1944
f 1943/1943/1943 1958/1958/1958 1950/1950/1950
f 1958/1958/1958 1943/1943/1943 1949/1949/1949
f 592/592/592 611/611/611 597/597/597
f 605/605/605 606/606/606 593/593/593
f 609/609/609 598/598/598 606/606/606
f 607/607/607 594/594/594 608/608/608
f 599/599/599 607/607/607 614/614/614
f 615/615/615 600/600/600 599/599/599
f 605/605/605 600/600/600 616/616/616
f 617/617/617 602/602/602 610/610/610
f 617/617/617 603/603/603 602/602/602
f 603/603/603 617/617/617 611/611/611
f 5044/5044/5044 5046/5046/5046 5047/5047/5047
f 5045/5045/5045 5046/5046/5046 5044/5044/5044
f 5044/5044/5044 5043/5043/5043 5045/5045/5045
f 2559/2559/2559 2558/2558/2558 5044/5044/5044
f 5043/5043/5043 5044/5044/5044 2558/2558/2558
f 2558/2558/2558 5042/5042/5042 5043/5043/5043
f 5041/5041/5041 2558/2558/2558 2561/2561/2561
f 5042/5042/5042 2558/2558/2558 5041/5041/5041
f 5040/5040/5040 5041/5041/5041 2561/2561/2561
f 1948/1948/1948 1934/1934/1934 1950/1950/1950
f 1947/1947/1947 1940/1940/1940 1941/1941/1941
f 1944/1944/1944 1957/1957/1957 1940/1940/1940
f 1930/1930/1930 1947/1947/1947 1941/1941/1941
f 1939/1939/1939 1956/1956/1956 1945/1945/1945
f 1938/1938/1938 1946/1946/1946 1955/1955/1955
f 618/618/618 604/604/604 612/612/612
f 613/613/613 597/597/597 611/611/611
f 1938/1938/1938 1954/1954/1954 1939/1939/1939
f 605/605/605 620/620/620 606/606/606
f 609/609/609 606/606/606 621/621/621
f 622/622/622 607/607/607 608/608/608
f 614/614/614 607/607/607 623/623/623
f 624/624/624 599/599/599 614/614/614
f 625/625/625 615/615/615 599/599/599
f 616/616/616 600/600/600 615/615/615
f 620/620/620 605/605/605 616/616/616
f 617/617/617 610/610/610 626/626/626
f 617/617/617 627/627/627 611/611/611
f 5020/5020/5020 2384/2384/2384 4994/4994/4994
f 5020/5020/5020 4994/4994/4994 5039/5039/5039
f 5038/5038/5038 5027/5027/5027 5032/5032/5032
f 5027/5027/5027 5038/5038/5038 5034/5034/5034
f 5037/5037/5037 5027/5027/5027 5034/5034/5034
f 5031/5031/5031 5030/5030/5030 5035/5035/5035
f 5035/5035/5035 5030/5030/5030 5029/5029/5029
f 5034/5034/5034 5029/5029/5029 5037/5037/5037
f 5035/5035/5035 5034/5034/5034 5036/5036/5036
f 5034/5034/5034 5035/5035/5035 5029/5029/5029
f 5017/5017/5017 5016/5016/5016 3156/3156/3156
f 5016/5016/5016 5019/5019/5019 3156/3156/3156
f 1946/1946/1946 1929/1929/1929 1953/1953/1953
f 1945/1945/1945 1952/1952/1952 1937/1937/1937
f 1936/1936/1936 1937/1937/1937 1935/1935/1935
f 1951/1951/1951 1944/1944/1944 1935/1935/1935
f 612/612/612 619/619/619 613/613/613
f 618/618/618 612/612/612 628/628/628
f 611/611/611 629/629/629 613/613/613
f 621/621/621 606/606/606 620/620/620
f 630/630/630 609/609/609 621/621/621
f 622/622/622 623/623/623 607/607/607
f 614/614/614 623/623/623 631/631/631
f 632/632/632 624/624/624 614/614/614
f 625/625/625 599/599/599 624/624/624
f 616/616/616 615/615/615 625/625/625
f 621/621/621 620/620/620 616/616/616
f 633/633/633 626/626/626 610/610/610
f 626/626/626 634/634/634 617/617/617
f 634/634/634 627/627/627 617/617/617
f 635/635/635 611/611/611 627/627/627
f 3156/3156/3156 5019/5019/5019 3155/3155/3155
f 3174/3174/3174 5033/5033/5033 3172/3172/3172
f 5027/5027/5027 5025/5025/5025 5032/5032/5032
f 5032/5032/5032 5025/5025/5025 5024/5024/5024
f 5025/5025/5025 5022/5022/5022 5024/5024/5024
f 1943/1943/1943 1950/1950/1950 1934/1934/1934
f 5031/5031/5031 5028/5028/5028 5030/5030/5030
f 5028/5028/5028 5029/5029/5029 5030/5030/5030
f 5028/5028/5028 5027/5027/5027 5029/5029/5029
f 5026/5026/5026 5027/5027/5027 5028/5028/5028
f 5025/5025/5025 5027/5027/5027 5026/5026/5026
f 5022/5022/5022 2385/2385/2385 2392/2392/2392
f 2385/2385/2385 5022/5022/5022 2397/2397/2397
f 1933/1933/1933 1949/1949/1949 1943/1943/1943
f 1932/1932/1932 1948/1948/1948 1942/1942/1942
f 1948/1948/1948 1932/1932/1932 1934/1934/1934
f 1940/1940/1940 1947/1947/1947 1930/1930/1930
f 613/613/613 628/628/628 612/612/612
f 628/628/628 637/637/637 618/618/618
f 638/638/638 629/629/629 611/611/611
f 628/628/628 613/613/613 629/629/629
f 630/630/630 621/621/621 639/639/639
f 623/623/623 622/622/622 640/640/640
f 641/641/641 631/631/631 623/623/623
f 631/631/631 642/642/642 614/614/614
f 643/643/643 624/624/624 632/632/632
f 632/632/632 614/614/614 644/644/644
f 643/643/643 625/625/625 624/624/624
f 616/616/616 625/625/625 643/643/643
f 639/639/639 621/621/621 616/616/616
f 633/633/633 645/645/645 626/626/626
f 645/645/645 634/634/634 626/626/626
f 634/634/634 646/646/646 627/627/627
f 638/638/638 611/611/611 635/635/635
f 635/635/635 627/627/627 646/646/646
f 2397/2397/2397 5022/5022/5022 2409/2409/2409
f 2409/2409/2409 5022/5022/5022 5025/5025/5025
f 1921/1921/1921 1944/1944/1944 1940/1940/1940
f 2414/2414/2414 5025/5025/5025 5026/5026/5026
f 1930/1930/1930 1941/1941/1941 1924/1924/1924
f 2409/2409/2409 5025/5025/5025 2414/2414/2414
f 5024/5024/5024 5022/5022/5022 5023/5023/5023
f 5022/5022/5022 5021/5021/5021 5023/5023/5023
f 5022/5022/5022 2392/2392/2392 5021/5021/5021
f 2392/2392/2392 5020/5020/5020 5021/5021/5021
f 1928/1928/1928 1939/1939/1939 1945/1945/1945
f 1946/1946/1946 1938/1938/1938 1918/1918/1918
f 1939/1939/1939 1919/1919/1919 1938/1938/1938
f 636/636/636 618/618/618 647/647/647
f 637/637/637 628/628/628 648/648/648
f 637/637/637 649/649/649 618/618/618
f 628/628/628 629/629/629 638/638/638
f 650/650/650 630/630/630 639/639/639
f 640/640/640 622/622/622 651/651/651
f 641/641/641 623/623/623 640/640/640
f 652/652/652 631/631/631 641/641/641
f 642/642/642 631/631/631 652/652/652
f 644/644/644 614/614/614 642/642/642
f 643/643/643 632/632/632 653/653/653
f 644/644/644 654/654/654 632/632/632
f 643/643/643 655/655/655 616/616/616
f 639/639/639 616/616/616 656/656/656
f 646/646/646 634/634/634 645/645/645
f 657/657/657 638/638/638 635/635/635
f 658/658/658 635/635/635 646/646/646
f 2384/2384/2384 5020/5020/5020 2392/2392/2392
f 5019/5019/5019 5016/5016/5016 5015/5015/5015
f 5017/5017/5017 5018/5018/5018 5015/5015/5015
f 1929/1929/1929 1946/1946/1946 1918/1918/1918
f 5015/5015/5015 5016/5016/5016 5017/5017/5017
f 1937/1937/1937 1928/1928/1928 1945/1945/1945
f 1917/1917/1917 1937/1937/1937 1936/1936/1936
f 2383/2383/2383 2151/2151/2151 2153/2153/2153
f 2153/2153/2153 5014/5014/5014 2383/2383/2383
f 5014/5014/5014 2153/2153/2153 2154/2154/2154
f 2154/2154/2154 5013/5013/5013 5014/5014/5014
f 2154/2154/2154 5012/5012/5012 5013/5013/5013
f 1996/1996/1996 1995/1995/1995 2154/2154/2154
f 1995/1995/1995 5012/5012/5012 2154/2154/2154
f 1916/1916/1916 1936/1936/1936 1914/1914/1914
f 1936/1936/1936 1935/1935/1935 1914/1914/1914
f 1935/1935/1935 1944/1944/1944 1921/1921/1921
f 649/649/649 647/647/647 618/618/618
f 649/649/649 636/636/636 647/647/647
f 648/648/648 628/628/628 638/638/638
f 648/648/648 649/649/649 637/637/637
f 639/639/639 660/660/660 650/650/650
f 651/651/651 661/661/661 640/640/640
f 662/662/662 652/652/652 641/641/641
f 642/642/642 652/652/652 663/663/663
f 642/642/642 664/664/664 644/644/644
f 653/653/653 632/632/632 654/654/654
f 665/665/665 643/643/643 653/653/653
f 654/654/654 644/644/644 666/666/666
f 643/643/643 667/667/667 655/655/655
f 656/656/656 616/616/616 655/655/655
f 660/660/660 639/639/639 656/656/656
f 668/668/668 646/646/646 645/645/645
f 638/638/638 657/657/657 648/648/648
f 657/657/657 635/635/635 658/658/658
f 658/658/658 646/646/646 669/669/669
f 1995/1995/1995 5011/5011/5011 5012/5012/5012
f 1994/1994/1994 5011/5011/5011 1995/1995/1995
f 2352/2352/2352 5011/5011/5011 1994/1994/1994
f 2352/2352/2352 5010/5010/5010 5011/5011/5011
f 1927/1927/1927 1943/1943/1943 1934/1934/1934
f 1933/1933/1933 1943/1943/1943 1927/1927/1927
f 1926/1926/1926 1932/1932/1932 1942/1942/1942
f 1932/1932/1932 1913/1913/1913 1934/1934/1934
f 2352/2352/2352 2351/2351/2351 5010/5010/5010
f 5010/5010/5010 2351/2351/2351 2346/2346/2346
f 5010/5010/5010 2346/2346/2346 5009/5009/5009
f 5009/5009/5009 4999/4999/4999 5008/5008/5008
f 2346/2346/2346 4999/4999/4999 5009/5009/5009
f 4998/4998/4998 5004/5004/5004 5008/5008/5008
f 5008/5008/5008 4999/4999/4999 4998/4998/4998
f 636/636/636 670/670/670 659/659/659
f 1931/1931/1931 1924/1924/1924 1941/1941/1941
f 1921/1921/1921 1940/1940/1940 1930/1930/1930
f 670/670/670 636/636/636 649/649/649
f 648/648/648 671/671/671 649/649/649
f 652/652/652 662/662/662 672/672/672
f 664/664/664 642/642/642 663/663/663
f 663/663/663 652/652/652 672/672/672
f 666/666/666 644/644/644 664/664/664
f 673/673/673 653/653/653 654/654/654
f 665/665/665 653/653/653 673/673/673
f 667/667/667 643/643/643 665/665/665
f 666/666/666 673/673/673 654/654/654
f 674/674/674 655/655/655 667/667/667
f 655/655/655 674/674/674 656/656/656
f 656/656/656 675/675/675 660/660/660
f 669/669/669 646/646/646 668/668/668
f 657/657/657 676/676/676 648/648/648
f 677/677/677 657/657/657 658/658/658
f 668/668/668 658/658/658 669/669/669
f 2335/2335/2335 2326/2326/2326 5007/5007/5007
f 5003/5003/5003 5007/5007/5007 5006/5006/5006
f 5003/5003/5003 2335/2335/2335 5007/5007/5007
f 5003/5003/5003 5006/5006/5006 5005/5005/5005
f 1924/1924/1924 1908/1908/1908 1930/1930/1930
f 1919/1919/1919 1939/1939/1939 1928/1928/1928
f 5005/5005/5005 5002/5002/5002 5003/5003/5003
f 1918/1918/1918 1938/1938/1938 1919/1919/1919
f 5004/5004/5004 4998/4998/4998 5000/5000/5000
f 5000/5000/5000 5002/5002/5002 5004/5004/5004
f 2335/2335/2335 5003/5003/5003 5002/5002/5002
f 2331/2331/2331 2335/2335/2335 5001/5001/5001
f 5002/5002/5002 5001/5001/5001 2335/2335/2335
f 5000/5000/5000 5001/5001/5001 5002/5002/5002
f 5001/5001/5001 2333/2333/2333 2331/2331/2331
f 678/678/678 659/659/659 670/670/670
f 1918/1918/1918 1920/1920/1920 1929/1929/1929
f 1917/1917/1917 1928/1928/1928 1937/1937/1937
f 649/649/649 679/679/679 670/670/670
f 671/671/671 648/648/648 676/676/676
f 679/679/679 649/649/649 671/671/671
f 663/663/663 680/680/680 664/664/664
f 681/681/681 665/665/665 673/673/673
f 682/682/682 667/667/667 665/665/665
f 683/683/683 673/673/673 666/666/666
f 674/674/674 667/667/667 682/682/682
f 675/675/675 656/656/656 674/674/674
f 684/684/684 660/660/660 675/675/675
f 676/676/676 657/657/657 677/677/677
f 677/677/677 658/658/658 668/668/668
f 2333/2333/2333 5001/5001/5001 5000/5000/5000
f 2333/2333/2333 5000/5000/5000 4998/4998/4998
f 4998/4998/4998 2341/2341/2341 2333/2333/2333
f 1936/1936/1936 1916/1916/1916 1917/1917/1917
f 1914/1914/1914 1915/1915/1915 1916/1916/1916
f 4999/4999/4999 2346/2346/2346 2341/2341/2341
f 1935/1935/1935 1921/1921/1921 1914/1914/1914
f 1913/1913/1913 1927/1927/1927 1934/1934/1934
f 2341/2341/2341 4998/4998/4998 4999/4999/4999
f 2380/2380/2380 2383/2383/2383 4997/4997/4997
f 4995/4995/4995 4993/4993/4993 4997/4997/4997
f 4993/4993/4993 2380/2380/2380 4997/4997/4997
f 4994/4994/4994 4992/4992/4992 4996/4996/4996
f 2384/2384/2384 2376/2376/2376 4994/4994/4994
f 4992/4992/4992 4993/4993/4993 4995/4995/4995
f 4994/4994/4994 2376/2376/2376 4992/4992/4992
f 2376/2376/2376 2380/2380/2380 4992/4992/4992
f 670/670/670 685/685/685 678/678/678
f 1890/1890/1890 1933/1933/1933 1927/1927/1927
f 1913/1913/1913 1932/1932/1932 1926/1926/1926
f 686/686/686 670/670/670 679/679/679
f 671/671/671 676/676/676 687/687/687
f 671/671/671 688/688/688 679/679/679
f 689/689/689 665/665/665 681/681/681
f 681/681/681 673/673/673 683/683/683
f 665/665/665 690/690/690 682/682/682
f 691/691/691 683/683/683 666/666/666
f 674/674/674 682/682/682 692/692/692
f 674/674/674 693/693/693 675/675/675
f 684/684/684 675/675/675 693/693/693
f 687/687/687 676/676/676 677/677/677
f 668/668/668 694/694/694 677/677/677
f 4992/4992/4992 2380/2380/2380 4993/4993/4993
f 4991/4991/4991 4962/4962/4962 4960/4960/4960
f 4990/4990/4990 4974/4974/4974 4965/4965/4965
f 1924/1924/1924 1931/1931/1931 1911/1911/1911
f 1899/1899/1899 1923/1923/1923 1922/1922/1922
f 4989/4989/4989 4980/4980/4980 4988/4988/4988
f 1908/1908/1908 1924/1924/1924 1898/1898/1898
f 1921/1921/1921 1930/1930/1930 1908/1908/1908
f 4980/4980/4980 4979/4979/4979 4988/4988/4988
f 4987/4987/4987 4969/4969/4969 4970/4970/4970
f 4969/4969/4969 4987/4987/4987 4939/4939/4939
f 4986/4986/4986 4968/4968/4968 4981/4981/4981
f 4968/4968/4968 4986/4986/4986 4967/4967/4967
f 4985/4985/4985 4982/4982/4982 4983/4983/4983
f 4985/4985/4985 4981/4981/4981 4982/4982/4982
f 4983/4983/4983 4980/4980/4980 4984/4984/4984
f 4982/4982/4982 4980/4980/4980 4983/4983/4983
f 4980/4980/4980 4982/4982/4982 4981/4981/4981
f 4980/4980/4980 4981/4981/4981 4978/4978/4978
f 4981/4981/4981 4968/4968/4968 4978/4978/4978
f 4980/4980/4980 4978/4978/4978 4979/4979/4979
f 685/685/685 670/670/670 686/686/686
f 695/695/695 678/678/678 685/685/685
f 1920/1920/1920 1897/1897/1897 1929/1929/1929
f 1919/1919/1919 1928/1928/1928 1906/1906/1906
f 679/679/679 688/688/688 686/686/686
f 696/696/696 671/671/671 687/687/687
f 688/688/688 671/671/671 696/696/696
f 697/697/697 689/689/689 681/681/681
f 690/690/690 665/665/665 689/689/689
f 697/697/697 681/681/681 683/683/683
f 692/692/692 682/682/682 690/690/690
f 698/698/698 691/691/691 666/666/666
f 691/691/691 699/699/699 683/683/683
f 700/700/700 674/674/674 692/692/692
f 701/701/701 693/693/693 674/674/674
f 684/684/684 693/693/693 702/702/702
f 687/687/687 677/677/677 694/694/694
f 694/694/694 668/668/668 703/703/703
f 4978/4978/4978 2502/2502/2502 4979/4979/4979
f 4978/4978/4978 4968/4968/4968 2502/2502/2502
f 1896/1896/1896 1918/1918/1918 1919/1919/1919
f 4968/4968/4968 2503/2503/2503 2502/2502/2502
f 1920/1920/1920 1918/1918/1918 1907/1907/1907
f 1906/1906/1906 1928/1928/1928 1917/1917/1917
f 1895/1895/1895 1917/1917/1917 1916/1916/1916
f 2501/2501/2501 2503/2503/2503 4977/4977/4977
f 4956/4956/4956 2503/2503/2503 4968/4968/4968
f 2503/2503/2503 4956/4956/4956 4977/4977/4977
f 4977/4977/4977 4955/4955/4955 4963/4963/4963
f 4956/4956/4956 4955/4955/4955 4977/4977/4977
f 4943/4943/4943 4976/4976/4976 4947/4947/4947
f 4975/4975/4975 4940/4940/4940 4941/4941/4941
f 4941/4941/4941 4953/4953/4953 4975/4975/4975
f 4974/4974/4974 4972/4972/4972 4965/4965/4965
f 4974/4974/4974 4973/4973/4973 4972/4972/4972
f 4973/4973/4973 4971/4971/4971 4972/4972/4972
f 686/686/686 704/704/704 685/685/685
f 685/685/685 704/704/704 695/695/695
f 1894/1894/1894 1916/1916/1916 1915/1915/1915
f 1905/1905/1905 1915/1915/1915 1914/1914/1914
f 1914/1914/1914 1921/1921/1921 1893/1893/1893
f 707/707/707 686/686/686 688/688/688
f 696/696/696 687/687/687 708/708/708
f 696/696/696 709/709/709 688/688/688
f 697/697/697 710/710/710 689/689/689
f 711/711/711 690/690/690 689/689/689
f 692/692/692 690/690/690 711/711/711
f 691/691/691 698/698/698 712/712/712
f 699/699/699 691/691/691 713/713/713
f 700/700/700 692/692/692 714/714/714
f 701/701/701 674/674/674 700/700/700
f 701/701/701 715/715/715 693/693/693
f 702/702/702 693/693/693 715/715/715
f 694/694/694 708/708/708 687/687/687
f 703/703/703 716/716/716 694/694/694
f 4972/4972/4972 4958/4958/4958 4965/4965/4965
f 4958/4958/4958 4972/4972/4972 4971/4971/4971
f 4958/4958/4958 4971/4971/4971 4960/4960/4960
f 1890/1890/1890 1927/1927/1927 1913/1913/1913
f 1926/1926/1926 1901/1901/1901 1913/1913/1913
f 1904/1904/1904 1925/1925/1925 1912/1912/1912
f 4967/4967/4967 4970/4970/4970 4969/4969/4969
f 4938/4938/4938 4969/4969/4969 4939/4939/4939
f 4969/4969/4969 4938/4938/4938 4954/4954/4954
f 4969/4969/4969 4954/4954/4954 4967/4967/4967
f 4968/4968/4968 4967/4967/4967 4956/4956/4956
f 4967/4967/4967 4954/4954/4954 4956/4956/4956
f 4948/4948/4948 4966/4966/4966 4950/4950/4950
f 4951/4951/4951 4965/4965/4965 4958/4958/4958
f 4959/4959/4959 4962/4962/4962 4964/4964/4964
f 4959/4959/4959 4964/4964/4964 4961/4961/4961
f 4963/4963/4963 4955/4955/4955 4937/4937/4937
f 4937/4937/4937 4952/4952/4952 4963/4963/4963
f 707/707/707 704/704/704 686/686/686
f 717/717/717 695/695/695 704/704/704
f 1901/1901/1901 1926/1926/1926 1902/1902/1902
f 705/705/705 695/695/695 717/717/717
f 1887/1887/1887 1925/1925/1925 1904/1904/1904
f 688/688/688 718/718/718 707/707/707
f 708/708/708 719/719/719 696/696/696
f 718/718/718 688/688/688 709/709/709
f 720/720/720 710/710/710 697/697/697
f 721/721/721 689/689/689 710/710/710
f 711/711/711 689/689/689 721/721/721
f 714/714/714 692/692/692 711/711/711
f 722/722/722 712/712/712 698/698/698
f 723/723/723 691/691/691 712/712/712
f 713/713/713 691/691/691 723/723/723
f 715/715/715 701/701/701 700/700/700
f 702/702/702 715/715/715 724/724/724
f 708/708/708 694/694/694 716/716/716
f 703/703/703 725/725/725 716/716/716
f 4960/4960/4960 4962/4962/4962 4959/4959/4959
f 4959/4959/4959 4961/4961/4961 4957/4957/4957
f 4960/4960/4960 4959/4959/4959 4958/4958/4958
f 1900/1900/1900 1922/1922/1922 1875/1875/1875
f 1924/1924/1924 1911/1911/1911 1898/1898/1898
f 1923/1923/1923 1899/1899/1899 1910/1910/1910
f 4958/4958/4958 4959/4959/4959 4957/4957/4957
f 4957/4957/4957 4951/4951/4951 4958/4958/4958
f 4949/4949/4949 4957/4957/4957 4942/4942/4942
f 4951/4951/4951 4957/4957/4957 4949/4949/4949
f 4956/4956/4956 4954/4954/4954 4955/4955/4955
f 4954/4954/4954 4937/4937/4937 4955/4955/4955
f 4938/4938/4938 4937/4937/4937 4954/4954/4954
f 4941/4941/4941 4947/4947/4947 4953/4953/4953
f 4937/4937/4937 4940/4940/4940 4952/4952/4952
f 4949/4949/4949 4950/4950/4950 4951/4951/4951
f 4948/4948/4948 4950/4950/4950 4949/4949/4949
f 707/707/707 717/717/717 704/704/704
f 726/726/726 706/706/706 705/705/705
f 705/705/705 717/717/717 727/727/727
f 1910/1910/1910 1885/1885/1885 1911/1911/1911
f 727/727/727 707/707/707 718/718/718
f 719/719/719 708/708/708 716/716/716
f 729/729/729 718/718/718 709/709/709
f 710/710/710 720/720/720 721/721/721
f 721/721/721 714/714/714 711/711/711
f 722/722/722 730/730/730 712/712/712
f 723/723/723 712/712/712 731/731/731
f 732/732/732 713/713/713 723/723/723
f 724/724/724 715/715/715 700/700/700
f 719/719/719 716/716/716 725/725/725
f 4948/4948/4948 4949/4949/4949 4942/4942/4942
f 4946/4946/4946 4948/4948/4948 4935/4935/4935
f 4936/4936/4936 4935/4935/4935 4948/4948/4948
f 1922/1922/1922 1900/1900/1900 1899/1899/1899
f 1898/1898/1898 1909/1909/1909 1908/1908/1908
f 1884/1884/1884 1908/1908/1908 1909/1909/1909
f 4948/4948/4948 4942/4942/4942 4936/4936/4936
f 4943/4943/4943 4947/4947/4947 4941/4941/4941
f 4934/4934/4934 4939/4939/4939 4946/4946/4946
f 4934/4934/4934 4946/4946/4946 4935/4935/4935
f 4944/4944/4944 4942/4942/4942 4945/4945/4945
f 4943/4943/4943 4942/4942/4942 4944/4944/4944
f 4942/4942/4942 4943/4943/4943 4941/4941/4941
f 4941/4941/4941 4936/4936/4936 4942/4942/4942
f 4936/4936/4936 4941/4941/4941 4940/4940/4940
f 4933/4933/4933 4936/4936/4936 4940/4940/4940
f 4933/4933/4933 4940/4940/4940 4937/4937/4937
f 4939/4939/4939 4934/4934/4934 4938/4938/4938
f 727/727/727 717/717/717 707/707/707
f 728/728/728 706/706/706 726/726/726
f 726/726/726 705/705/705 733/733/733
f 734/734/734 705/705/705 727/727/727
f 1908/1908/1908 1893/1893/1893 1921/1921/1921
f 718/718/718 729/729/729 727/727/727
f 712/712/712 730/730/730 736/736/736
f 736/736/736 731/731/731 712/712/712
f 723/723/723 731/731/731 737/737/737
f 737/737/737 732/732/732 723/723/723
f 4937/4937/4937 4938/4938/4938 4934/4934/4934
f 4934/4934/4934 4933/4933/4933 4937/4937/4937
f 4935/4935/4935 4936/4936/4936 4933/4933/4933
f 1897/1897/1897 1920/1920/1920 1907/1907/1907
f 1896/1896/1896 1919/1919/1919 1906/1906/1906
f 1907/1907/1907 1918/1918/1918 1896/1896/1896
f 4933/4933/4933 4934/4934/4934 4935/4935/4935
f 4930/4930/4930 4931/4931/4931 4932/4932/4932
f 4929/4929/4929 4854/4854/4854 4853/4853/4853
f 4922/4922/4922 4926/4926/4926 4923/4923/4923
f 4928/4928/4928 4927/4927/4927 4926/4926/4926
f 4923/4923/4923 4926/4926/4926 4927/4927/4927
f 4921/4921/4921 4925/4925/4925 4924/4924/4924
f 4922/4922/4922 4921/4921/4921 4924/4924/4924
f 4920/4920/4920 4922/4922/4922 4923/4923/4923
f 4920/4920/4920 4921/4921/4921 4922/4922/4922
f 4919/4919/4919 4868/4868/4868 4918/4918/4918
f 4870/4870/4870 4918/4918/4918 4868/4868/4868
f 4869/4869/4869 4851/4851/4851 4834/4834/4834
f 4849/4849/4849 4917/4917/4917 4863/4863/4863
f 738/738/738 728/728/728 726/726/726
f 733/733/733 705/705/705 734/734/734
f 739/739/739 726/726/726 733/733/733
f 734/734/734 727/727/727 729/729/729
f 728/728/728 740/740/740 735/735/735
f 736/736/736 730/730/730 741/741/741
f 731/731/731 736/736/736 737/737/737
f 4860/4860/4860 4917/4917/4917 4849/4849/4849
f 4869/4869/4869 4853/4853/4853 4866/4866/4866
f 1906/1906/1906 1917/1917/1917 1895/1895/1895
f 1895/1895/1895 1916/1916/1916 1894/1894/1894
f 1915/1915/1915 1905/1905/1905 1894/1894/1894
f 4869/4869/4869 4866/4866/4866 4851/4851/4851
f 4912/4912/4912 4915/4915/4915 4916/4916/4916
f 4912/4912/4912 4909/4909/4909 4915/4915/4915
f 4914/4914/4914 4911/4911/4911 4913/4913/4913
f 4906/4906/4906 4913/4913/4913 4911/4911/4911
f 4909/4909/4909 4912/4912/4912 4908/4908/4908
f 4911/4911/4911 4910/4910/4910 4906/4906/4906
f 4906/4906/4906 4910/4910/4910 4907/4907/4907
f 4908/4908/4908 4907/4907/4907 4909/4909/4909
f 4906/4906/4906 4907/4907/4907 4908/4908/4908
f 4859/4859/4859 4905/4905/4905 4835/4835/4835
f 4900/4900/4900 4904/4904/4904 2721/2721/2721
f 4903/4903/4903 4900/4900/4900 4901/4901/4901
f 4903/4903/4903 4901/4901/4901 4902/4902/4902
f 4902/4902/4902 4901/4901/4901 4858/4858/4858
f 4901/4901/4901 4900/4900/4900 4858/4858/4858
f 742/742/742 728/728/728 738/738/738
f 738/738/738 726/726/726 739/739/739
f 740/740/740 728/728/728 742/742/742
f 743/743/743 735/735/735 740/740/740
f 744/744/744 736/736/736 741/741/741
f 737/737/737 736/736/736 744/744/744
f 2719/2719/2719 4900/4900/4900 2721/2721/2721
f 1914/1914/1914 1892/1892/1892 1905/1905/1905
f 1891/1891/1891 1892/1892/1892 1914/1914/1914
f 1893/1893/1893 1891/1891/1891 1914/1914/1914
f 4900/4900/4900 2719/2719/2719 4858/4858/4858
f 4692/4692/4692 4690/4690/4690 4786/4786/4786
f 4899/4899/4899 4882/4882/4882 4887/4887/4887
f 4890/4890/4890 4882/4882/4882 4899/4899/4899
f 4889/4889/4889 4897/4897/4897 4898/4898/4898
f 4898/4898/4898 4897/4897/4897 4896/4896/4896
f 4897/4897/4897 4889/4889/4889 4893/4893/4893
f 4896/4896/4896 4897/4897/4897 4893/4893/4893
f 4893/4893/4893 4895/4895/4895 4896/4896/4896
f 4893/4893/4893 4894/4894/4894 4895/4895/4895
f 4893/4893/4893 4886/4886/4886 4894/4894/4894
f 4889/4889/4889 4885/4885/4885 4893/4893/4893
f 4893/4893/4893 4885/4885/4885 4886/4886/4886
f 4786/4786/4786 2156/2156/2156 2155/2155/2155
f 4881/4881/4881 4892/4892/4892 4888/4888/4888
f 4890/4890/4890 4892/4892/4892 4881/4881/4881
f 739/739/739 742/742/742 738/738/738
f 740/740/740 742/742/742 739/739/739
f 743/743/743 740/740/740 745/745/745
f 744/744/744 741/741/741 746/746/746
f 737/737/737 744/744/744 747/747/747
f 1901/1901/1901 1890/1890/1890 1913/1913/1913
f 4878/4878/4878 4891/4891/4891 4717/4717/4717
f 1912/1912/1912 1877/1877/1877 1904/1904/1904
f 1903/1903/1903 1888/1888/1888 1862/1862/1862
f 1876/1876/1876 1901/1901/1901 1902/1902/1902
f 4891/4891/4891 4878/4878/4878 4888/4888/4888
f 4882/4882/4882 4890/4890/4890 4881/4881/4881
f 4878/4878/4878 4717/4717/4717 4692/4692/4692
f 4887/4887/4887 4885/4885/4885 4889/4889/4889
f 4888/4888/4888 4878/4878/4878 4879/4879/4879
f 4881/4881/4881 4888/4888/4888 4879/4879/4879
f 2155/2155/2155 4692/4692/4692 4786/4786/4786
f 4885/4885/4885 4887/4887/4887 4882/4882/4882
f 4885/4885/4885 4883/4883/4883 4886/4886/4886
f 4883/4883/4883 4884/4884/4884 4886/4886/4886
f 4882/4882/4882 4883/4883/4883 4885/4885/4885
f 4883/4883/4883 4880/4880/4880 4884/4884/4884
f 4883/4883/4883 4882/4882/4882 4880/4880/4880
f 4881/4881/4881 4880/4880/4880 4882/4882/4882
f 4880/4880/4880 4881/4881/4881 4879/4879/4879
f 4880/4880/4880 4876/4876/4876 4875/4875/4875
f 4880/4880/4880 4879/4879/4879 4876/4876/4876
f 4879/4879/4879 2155/2155/2155 4876/4876/4876
f 4692/4692/4692 2155/2155/2155 4879/4879/4879
f 739/739/739 748/748/748 740/740/740
f 745/745/745 740/740/740 748/748/748
f 749/749/749 743/743/743 745/745/745
f 747/747/747 744/744/744 746/746/746
f 1887/1887/1887 1904/1904/1904 1889/1889/1889
f 4878/4878/4878 4692/4692/4692 4879/4879/4879
f 4877/4877/4877 2155/2155/2155 2157/2157/2157
f 1862/1862/1862 1889/1889/1889 1903/1903/1903
f 1875/1875/1875 1886/1886/1886 1900/1900/1900
f 1898/1898/1898 1911/1911/1911 1885/1885/1885
f 4877/4877/4877 4875/4875/4875 2155/2155/2155
f 4875/4875/4875 4876/4876/4876 2155/2155/2155
f 4873/4873/4873 4874/4874/4874 4867/4867/4867
f 4867/4867/4867 4872/4872/4872 4873/4873/4873
f 4867/4867/4867 4871/4871/4871 4872/4872/4872
f 4389/4389/4389 4387/4387/4387 4871/4871/4871
f 4389/4389/4389 4871/4871/4871 4867/4867/4867
f 4388/4388/4388 4869/4869/4869 4834/4834/4834
f 4870/4870/4870 4868/4868/4868 4867/4867/4867
f 4389/4389/4389 4869/4869/4869 4388/4388/4388
f 4389/4389/4389 4868/4868/4868 4869/4869/4869
f 4867/4867/4867 4868/4868/4868 4389/4389/4389
f 4866/4866/4866 4852/4852/4852 4851/4851/4851
f 4853/4853/4853 4852/4852/4852 4866/4866/4866
f 4845/4845/4845 4846/4846/4846 4865/4865/4865
f 4864/4864/4864 4845/4845/4845 4865/4865/4865
f 4864/4864/4864 4847/4847/4847 4845/4845/4845
f 4844/4844/4844 4863/4863/4863 4858/4858/4858
f 4849/4849/4849 4863/4863/4863 4844/4844/4844
f 748/748/748 751/751/751 745/745/745
f 749/749/749 750/750/750 743/743/743
f 749/749/749 745/745/745 751/751/751
f 1885/1885/1885 1910/1910/1910 1899/1899/1899
f 4837/4837/4837 4862/4862/4862 4855/4855/4855
f 4837/4837/4837 4857/4857/4857 4862/4862/4862
f 1861/1861/1861 1899/1899/1899 1900/1900/1900
f 1884/1884/1884 1909/1909/1909 1898/1898/1898
f 1893/1893/1893 1908/1908/1908 1884/1884/1884
f 4861/4861/4861 4860/4860/4860 4840/4840/4840
f 4860/4860/4860 4849/4849/4849 4840/4840/4840
f 4859/4859/4859 4835/4835/4835 4850/4850/4850
f 2718/2718/2718 4858/4858/4858 2719/2719/2719
f 4858/4858/4858 2718/2718/2718 4844/4844/4844
f 4838/4838/4838 4848/4848/4848 4857/4857/4857
f 4838/4838/4838 4857/4857/4857 4837/4837/4837
f 4385/4385/4385 4856/4856/4856 4386/4386/4386
f 4836/4836/4836 4856/4856/4856 4385/4385/4385
f 4855/4855/4855 4829/4829/4829 4837/4837/4837
f 4854/4854/4854 4850/4850/4850 4853/4853/4853
f 4853/4853/4853 4850/4850/4850 4852/4852/4852
f 4851/4851/4851 4852/4852/4852 4850/4850/4850
f 4851/4851/4851 4850/4850/4850 4834/4834/4834
f 752/752/752 750/750/750 749/749/749
f 1897/1897/1897 1907/1907/1907 1883/1883/1883
f 4834/4834/4834 4850/4850/4850 4835/4835/4835
f 1906/1906/1906 1870/1870/1870 1896/1896/1896
f 1907/1907/1907 1896/1896/1896 1883/1883/1883
f 4849/4849/4849 4841/4841/4841 4840/4840/4840
f 4849/4849/4849 4844/4844/4844 4841/4841/4841
f 4839/4839/4839 4848/4848/4848 4838/4838/4838
f 4848/4848/4848 4839/4839/4839 4842/4842/4842
f 4842/4842/4842 4847/4847/4847 4848/4848/4848
f 4842/4842/4842 4845/4845/4845 4847/4847/4847
f 4843/4843/4843 4845/4845/4845 4842/4842/4842
f 2565/2565/2565 2567/2567/2567 4846/4846/4846
f 4846/4846/4846 2718/2718/2718 2565/2565/2565
f 2718/2718/2718 4846/4846/4846 4845/4845/4845
f 4843/4843/4843 2718/2718/2718 4845/4845/4845
f 4844/4844/4844 2718/2718/2718 4843/4843/4843
f 4841/4841/4841 4844/4844/4844 4843/4843/4843
f 4842/4842/4842 4841/4841/4841 4843/4843/4843
f 750/750/750 752/752/752 753/753/753
f 749/749/749 754/754/754 752/752/752
f 4839/4839/4839 4841/4841/4841 4842/4842/4842
f 1870/1870/1870 1906/1906/1906 1895/1895/1895
f 4839/4839/4839 4840/4840/4840 4841/4841/4841
f 1882/1882/1882 1895/1895/1895 1894/1894/1894
f 1905/1905/1905 1858/1858/1858 1894/1894/1894
f 4840/4840/4840 4839/4839/4839 4831/4831/4831
f 4831/4831/4831 4839/4839/4839 4838/4838/4838
f 4831/4831/4831 4838/4838/4838 4837/4837/4837
f 4831/4831/4831 4837/4837/4837 4829/4829/4829
f 4388/4388/4388 4834/4834/4834 4385/4385/4385
f 4834/4834/4834 4836/4836/4836 4385/4385/4385
f 4832/4832/4832 4836/4836/4836 4834/4834/4834
f 4836/4836/4836 4832/4832/4832 4829/4829/4829
f 4834/4834/4834 4835/4835/4835 4833/4833/4833
f 4834/4834/4834 4833/4833/4833 4832/4832/4832
f 4833/4833/4833 4830/4830/4830 4832/4832/4832
f 4832/4832/4832 4830/4830/4830 4829/4829/4829
f 4829/4829/4829 4830/4830/4830 4831/4831/4831
f 4815/4815/4815 4825/4825/4825 4828/4828/4828
f 752/752/752 756/756/756 753/753/753
f 754/754/754 756/756/756 752/752/752
f 4782/4782/4782 4824/4824/4824 4827/4827/4827
f 1905/1905/1905 1892/1892/1892 1881/1881/1881
f 1892/1892/1892 1891/1891/1891 1868/1868/1868
f 1891/1891/1891 1893/1893/1893 1880/1880/1880
f 753/753/753 756/756/756 755/755/755
f 4764/4764/4764 4766/4766/4766 4826/4826/4826
f 4816/4816/4816 4825/4825/4825 4815/4815/4815
f 4782/4782/4782 4695/4695/4695 4824/4824/4824
f 4727/4727/4727 4819/4819/4819 4823/4823/4823
f 4729/4729/4729 4727/4727/4727 4823/4823/4823
f 4729/4729/4729 4823/4823/4823 4822/4822/4822
f 4822/4822/4822 4816/4816/4816 4765/4765/4765
f 4729/4729/4729 4822/4822/4822 4765/4765/4765
f 4718/4718/4718 4821/4821/4821 4677/4677/4677
f 4821/4821/4821 4718/4718/4718 4716/4716/4716
f 4780/4780/4780 4820/4820/4820 4801/4801/4801
f 4731/4731/4731 4819/4819/4819 4727/4727/4727
f 4731/4731/4731 4742/4742/4742 4819/4819/4819
f 4799/4799/4799 4818/4818/4818 4796/4796/4796
f 4747/4747/4747 4817/4817/4817 4748/4748/4748
f 1881/1881/1881 1879/1879/1879 1905/1905/1905
f 1858/1858/1858 1905/1905/1905 1879/1879/1879
f 1901/1901/1901 1878/1878/1878 1890/1890/1890
f 758/758/758 755/755/755 756/756/756
f 4796/4796/4796 2156/2156/2156 4771/4771/4771
f 4786/4786/4786 4771/4771/4771 2156/2156/2156
f 4765/4765/4765 4816/4816/4816 4815/4815/4815
f 4813/4813/4813 4765/4765/4765 4815/4815/4815
f 4813/4813/4813 4815/4815/4815 4814/4814/4814
f 4766/4766/4766 4813/4813/4813 4814/4814/4814
f 4766/4766/4766 4765/4765/4765 4813/4813/4813
f 4799/4799/4799 4811/4811/4811 4812/4812/4812
f 4798/4798/4798 4811/4811/4811 4799/4799/4799
f 4783/4783/4783 4810/4810/4810 4789/4789/4789
f 4810/4810/4810 4783/4783/4783 4808/4808/4808
f 4810/4810/4810 4808/4808/4808 4809/4809/4809
f 4808/4808/4808 4800/4800/4800 4809/4809/4809
f 4778/4778/4778 4808/4808/4808 4783/4783/4783
f 4778/4778/4778 4779/4779/4779 4808/4808/4808
f 757/757/757 758/758/758 756/756/756
f 1889/1889/1889 1904/1904/1904 1877/1877/1877
f 4808/4808/4808 4779/4779/4779 4800/4800/4800
f 4752/4752/4752 4807/4807/4807 4749/4749/4749
f 4807/4807/4807 4752/4752/4752 4806/4806/4806
f 4752/4752/4752 4804/4804/4804 4806/4806/4806
f 4805/4805/4805 4804/4804/4804 4803/4803/4803
f 4803/4803/4803 4804/4804/4804 4752/4752/4752
f 4802/4802/4802 4803/4803/4803 4752/4752/4752
f 4748/4748/4748 4802/4802/4802 4752/4752/4752
f 4800/4800/4800 4780/4780/4780 4801/4801/4801
f 4800/4800/4800 4779/4779/4779 4780/4780/4780
f 4796/4796/4796 4795/4795/4795 4799/4799/4799
f 4799/4799/4799 4795/4795/4795 4798/4798/4798
f 1903/1903/1903 1889/1889/1889 1865/1865/1865
f 4798/4798/4798 4795/4795/4795 4797/4797/4797
f 4795/4795/4795 4794/4794/4794 4797/4797/4797
f 4796/4796/4796 4771/4771/4771 4793/4793/4793
f 4771/4771/4771 4768/4768/4768 4793/4793/4793
f 4796/4796/4796 4793/4793/4793 4795/4795/4795
f 4795/4795/4795 4793/4793/4793 4792/4792/4792
f 4795/4795/4795 4792/4792/4792 4794/4794/4794
f 4792/4792/4792 4790/4790/4790 4794/4794/4794
f 4793/4793/4793 4768/4768/4768 4792/4792/4792
f 4768/4768/4768 4790/4790/4790 4792/4792/4792
f 4791/4791/4791 4790/4790/4790 4768/4768/4768
f 4767/4767/4767 4791/4791/4791 4768/4768/4768
f 4767/4767/4767 4769/4769/4769 4791/4791/4791
f 1903/1903/1903 1865/1865/1865 1888/1888/1888
f 4790/4790/4790 4791/4791/4791 4769/4769/4769
f 1888/1888/1888 1876/1876/1876 1902/1902/1902
f 4769/4769/4769 4789/4789/4789 4790/4790/4790
f 4789/4789/4789 4769/4769/4769 4783/4783/4783
f 4737/4737/4737 4739/4739/4739 4788/4788/4788
f 4737/4737/4737 4788/4788/4788 4787/4787/4787
f 4756/4756/4756 4737/4737/4737 4787/4787/4787
f 4771/4771/4771 4786/4786/4786 4690/4690/4690
f 4733/4733/4733 4785/4785/4785 4758/4758/4758
f 4785/4785/4785 4733/4733/4733 4741/4741/4741
f 4774/4774/4774 4654/4654/4654 4784/4784/4784
f 1901/1901/1901 1876/1876/1876 1878/1878/1878
f 4784/4784/4784 4654/4654/4654 4656/4656/4656
f 1862/1862/1862 1887/1887/1887 1889/1889/1889
f 4687/4687/4687 4783/4783/4783 4769/4769/4769
f 4783/4783/4783 4687/4687/4687 4696/4696/4696
f 4696/4696/4696 4778/4778/4778 4783/4783/4783
f 4694/4694/4694 4695/4695/4695 4782/4782/4782
f 4781/4781/4781 4694/4694/4694 4782/4782/4782
f 4781/4781/4781 4693/4693/4693 4694/4694/4694
f 4693/4693/4693 4781/4781/4781 4780/4780/4780
f 4693/4693/4693 4780/4780/4780 4719/4719/4719
f 4779/4779/4779 4719/4719/4719 4780/4780/4780
f 4719/4719/4719 4779/4779/4779 4778/4778/4778
f 1861/1861/1861 1900/1900/1900 1886/1886/1886
f 4696/4696/4696 4719/4719/4719 4778/4778/4778
f 760/760/760 762/762/762 761/761/761
f 4760/4760/4760 4672/4672/4672 4777/4777/4777
f 4776/4776/4776 4708/4708/4708 4770/4770/4770
f 4708/4708/4708 4776/4776/4776 4725/4725/4725
f 4677/4677/4677 4775/4775/4775 4674/4674/4674
f 4774/4774/4774 4652/4652/4652 4654/4654/4654
f 4774/4774/4774 4773/4773/4773 4652/4652/4652
f 4652/4652/4652 4773/4773/4773 4772/4772/4772
f 4772/4772/4772 4755/4755/4755 4649/4649/4649
f 4772/4772/4772 4649/4649/4649 4652/4652/4652
f 4771/4771/4771 4690/4690/4690 4768/4768/4768
f 4770/4770/4770 4708/4708/4708 4710/4710/4710
f 1872/1872/1872 1886/1886/1886 1875/1875/1875
f 1898/1898/1898 1885/1885/1885 1873/1873/1873
f 764/764/764 762/762/762 760/760/760
f 763/763/763 761/761/761 762/762/762
f 4770/4770/4770 4710/4710/4710 4711/4711/4711
f 4689/4689/4689 4687/4687/4687 4769/4769/4769
f 4689/4689/4689 4769/4769/4769 4767/4767/4767
f 4690/4690/4690 4767/4767/4767 4768/4768/4768
f 4689/4689/4689 4767/4767/4767 4690/4690/4690
f 4766/4766/4766 4764/4764/4764 4765/4765/4765
f 4764/4764/4764 4729/4729/4729 4765/4765/4765
f 4722/4722/4722 4764/4764/4764 4723/4723/4723
f 1899/1899/1899 1861/1861/1861 1885/1885/1885
f 4764/4764/4764 4722/4722/4722 4729/4729/4729
f 4763/4763/4763 4742/4742/4742 4761/4761/4761
f 4761/4761/4761 4762/4762/4762 4763/4763/4763
f 4761/4761/4761 4756/4756/4756 4762/4762/4762
f 1884/1884/1884 1898/1898/1898 1873/1873/1873
f 766/766/766 762/762/762 764/764/764
f 766/766/766 763/763/763 762/762/762
f 4735/4735/4735 4761/4761/4761 4742/4742/4742
f 4735/4735/4735 4756/4756/4756 4761/4761/4761
f 4672/4672/4672 4760/4760/4760 4657/4657/4657
f 4760/4760/4760 4759/4759/4759 4657/4657/4657
f 4656/4656/4656 4657/4657/4657 4759/4759/4759
f 4734/4734/4734 4758/4758/4758 4753/4753/4753
f 4758/4758/4758 4734/4734/4734 4733/4733/4733
f 4757/4757/4757 4688/4688/4688 4712/4712/4712
f 1884/1884/1884 1869/1869/1869 1893/1893/1893
f 4711/4711/4711 4688/4688/4688 4757/4757/4757
f 4737/4737/4737 4756/4756/4756 4735/4735/4735
f 4755/4755/4755 4659/4659/4659 4649/4649/4649
f 4712/4712/4712 4661/4661/4661 4755/4755/4755
f 765/765/765 763/763/763 766/766/766
f 4755/4755/4755 4661/4661/4661 4659/4659/4659
f 4674/4674/4674 4754/4754/4754 4683/4683/4683
f 4734/4734/4734 4753/4753/4753 4736/4736/4736
f 4736/4736/4736 4753/4753/4753 4750/4750/4750
f 4748/4748/4748 4752/4752/4752 4749/4749/4749
f 4745/4745/4745 4751/4751/4751 4739/4739/4739
f 4749/4749/4749 4751/4751/4751 4745/4745/4745
f 4750/4750/4750 4738/4738/4738 4736/4736/4736
f 1871/1871/1871 1897/1897/1897 1883/1883/1883
f 4750/4750/4750 4740/4740/4740 4738/4738/4738
f 4746/4746/4746 4740/4740/4740 4750/4750/4750
f 4745/4745/4745 4748/4748/4748 4749/4749/4749
f 4745/4745/4745 4747/4747/4747 4748/4748/4748
f 4747/4747/4747 4745/4745/4745 4746/4746/4746
f 4746/4746/4746 4745/4745/4745 4740/4740/4740
f 4740/4740/4740 4745/4745/4745 4739/4739/4739
f 4744/4744/4744 4707/4707/4707 4724/4724/4724
f 4744/4744/4744 4728/4728/4728 4707/4707/4707
f 4728/4728/4728 4744/4744/4744 4741/4741/4741
f 4714/4714/4714 4723/4723/4723 4743/4743/4743
f 4714/4714/4714 4743/4743/4743 4715/4715/4715
f 4732/4732/4732 4742/4742/4742 4731/4731/4731
f 1883/1883/1883 1896/1896/1896 1870/1870/1870
f 4742/4742/4742 4732/4732/4732 4735/4735/4735
f 4741/4741/4741 4730/4730/4730 4728/4728/4728
f 4733/4733/4733 4730/4730/4730 4741/4741/4741
f 4740/4740/4740 4739/4739/4739 4738/4738/4738
f 4738/4738/4738 4739/4739/4739 4737/4737/4737
f 4738/4738/4738 4737/4737/4737 4736/4736/4736
f 4736/4736/4736 4737/4737/4737 4735/4735/4735
f 4736/4736/4736 4735/4735/4735 4734/4734/4734
f 4734/4734/4734 4735/4735/4735 4732/4732/4732
f 4734/4734/4734 4732/4732/4732 4733/4733/4733
f 4733/4733/4733 4732/4732/4732 4730/4730/4730
f 1895/1895/1895 1882/1882/1882 1870/1870/1870
f 1858/1858/1858 1882/1882/1882 1894/1894/1894
f 4731/4731/4731 4730/4730/4730 4732/4732/4732
f 4730/4730/4730 4731/4731/4731 4727/4727/4727
f 1880/1880/1880 1893/1893/1893 1869/1869/1869
f 4730/4730/4730 4727/4727/4727 4728/4728/4728
f 4726/4726/4726 4729/4729/4729 4722/4722/4722
f 4729/4729/4729 4726/4726/4726 4727/4727/4727
f 4707/4707/4707 4728/4728/4728 4720/4720/4720
f 4728/4728/4728 4727/4727/4727 4720/4720/4720
f 4720/4720/4720 4727/4727/4727 4726/4726/4726
f 4722/4722/4722 4705/4705/4705 4726/4726/4726
f 4720/4720/4720 4726/4726/4726 4705/4705/4705
f 4697/4697/4697 4725/4725/4725 4709/4709/4709
f 4725/4725/4725 4697/4697/4697 4708/4708/4708
f 1868/1868/1868 1881/1881/1881 1892/1892/1892
f 1880/1880/1880 1868/1868/1868 1891/1891/1891
f 1879/1879/1879 1881/1881/1881 1840/1840/1840
f 769/769/769 767/767/767 766/766/766
f 4704/4704/4704 4724/4724/4724 4707/4707/4707
f 4721/4721/4721 4723/4723/4723 4714/4714/4714
f 4723/4723/4723 4721/4721/4721 4722/4722/4722
f 4705/4705/4705 4722/4722/4722 4721/4721/4721
f 4705/4705/4705 4721/4721/4721 4714/4714/4714
f 4706/4706/4706 4707/4707/4707 4720/4720/4720
f 4705/4705/4705 4706/4706/4706 4720/4720/4720
f 4665/4665/4665 4719/4719/4719 4696/4696/4696
f 1879/1879/1879 1857/1857/1857 1858/1858/1858
f 1866/1866/1866 1890/1890/1890 1878/1878/1878
f 769/769/769 768/768/768 767/767/767
f 4665/4665/4665 4693/4693/4693 4719/4719/4719
f 72/72/72 78/78/78 770/770/770
f 770/770/770 771/771/771 72/72/72
f 772/772/772 771/771/771 770/770/770
f 773/773/773 72/72/72 771/771/771
f 771/771/771 772/772/772 773/773/773
f 773/773/773 774/774/774 72/72/72
f 773/773/773 772/772/772 775/775/775
f 773/773/773 776/776/776 774/774/774
f 72/72/72 774/774/774 58/58/58
f 777/777/777 775/775/775 772/772/772
f 775/775/775 778/778/778 773/773/773
f 778/778/778 776/776/776 773/773/773
f 79/79/79 774/774/774 776/776/776
f 79/79/79 58/58/58 774/774/774
f 779/779/779 775/775/775 777/777/777
f 778/778/778 775/775/775 779/779/779
f 780/780/780 776/776/776 778/778/778
f 781/781/781 79/79/79 776/776/776
f 779/779/779 780/780/780 778/778/778
f 781/781/781 776/776/776 780/780/780
f 781/781/781 97/97/97 79/79/79
f 779/779/779 782/782/782 780/780/780
f 780/780/780 131/131/131 781/781/781
f 97/97/97 781/781/781 131/131/131
f 4718/4718/4718 4685/4685/4685 4716/4716/4716
f 4685/4685/4685 4718/4718/4718 4678/4678/4678
f 4677/4677/4677 4678/4678/4678 4718/4718/4718
f 4692/4692/4692 4717/4717/4717 4672/4672/4672
f 4686/4686/4686 4716/4716/4716 4685/4685/4685
f 4686/4686/4686 4699/4699/4699 4716/4716/4716
f 4716/4716/4716 4699/4699/4699 4715/4715/4715
f 4715/4715/4715 4713/4713/4713 4714/4714/4714
f 4713/4713/4713 4715/4715/4715 4699/4699/4699
f 4705/4705/4705 4714/4714/4714 4713/4713/4713
f 4699/4699/4699 4700/4700/4700 4713/4713/4713
f 4713/4713/4713 4700/4700/4700 4705/4705/4705
f 4712/4712/4712 4680/4680/4680 4661/4661/4661
f 4712/4712/4712 4688/4688/4688 4680/4680/4680
f 4688/4688/4688 4711/4711/4711 4710/4710/4710
f 4710/4710/4710 4681/4681/4681 4688/4688/4688
f 4681/4681/4681 4710/4710/4710 4708/4708/4708
f 4709/4709/4709 4701/4701/4701 4698/4698/4698
f 4709/4709/4709 4698/4698/4698 4697/4697/4697
f 4708/4708/4708 4682/4682/4682 4681/4681/4681
f 4708/4708/4708 4684/4684/4684 4682/4682/4682
f 4697/4697/4697 4684/4684/4684 4708/4708/4708
f 4704/4704/4704 4707/4707/4707 4706/4706/4706
f 4704/4704/4704 4706/4706/4706 4703/4703/4703
f 4703/4703/4703 4706/4706/4706 4705/4705/4705
f 4700/4700/4700 4703/4703/4703 4705/4705/4705
f 4703/4703/4703 4702/4702/4702 4704/4704/4704
f 4703/4703/4703 4700/4700/4700 4702/4702/4702
f 4702/4702/4702 4700/4700/4700 4701/4701/4701
f 4701/4701/4701 4700/4700/4700 4698/4698/4698
f 4698/4698/4698 4700/4700/4700 4699/4699/4699
f 4698/4698/4698 4699/4699/4699 4686/4686/4686
f 4698/4698/4698 4686/4686/4686 4697/4697/4697
f 4697/4697/4697 4686/4686/4686 4684/4684/4684
f 4663/4663/4663 4696/4696/4696 4687/4687/4687
f 4696/4696/4696 4663/4663/4663 4665/4665/4665
f 4683/4683/4683 4695/4695/4695 4694/4694/4694
f 4668/4668/4668 4694/4694/4694 4693/4693/4693
f 4694/4694/4694 4669/4669/4669 4683/4683/4683
f 4669/4669/4669 4694/4694/4694 4668/4668/4668
f 4666/4666/4666 4693/4693/4693 4665/4665/4665
f 4668/4668/4668 4693/4693/4693 4666/4666/4666
f 4672/4672/4672 4691/4691/4691 4692/4692/4692
f 4691/4691/4691 4690/4690/4690 4692/4692/4692
f 4672/4672/4672 4671/4671/4671 4691/4691/4691
f 4690/4690/4690 4691/4691/4691 4671/4671/4671
f 4671/4671/4671 4689/4689/4689 4690/4690/4690
f 4689/4689/4689 4671/4671/4671 4664/4664/4664
f 4664/4664/4664 4687/4687/4687 4689/4689/4689
f 4688/4688/4688 4679/4679/4679 4680/4680/4680
f 4681/4681/4681 4679/4679/4679 4688/4688/4688
f 4664/4664/4664 4663/4663/4663 4687/4687/4687
f 4685/4685/4685 4684/4684/4684 4686/4686/4686
f 4684/4684/4684 4685/4685/4685 4678/4678/4678
f 4678/4678/4678 4682/4682/4682 4684/4684/4684
f 4669/4669/4669 4674/4674/4674 4683/4683/4683
f 4682/4682/4682 4678/4678/4678 4681/4681/4681
f 4681/4681/4681 4678/4678/4678 4679/4679/4679
f 4660/4660/4660 4661/4661/4661 4680/4680/4680
f 4660/4660/4660 4680/4680/4680 4676/4676/4676
f 4680/4680/4680 4679/4679/4679 4676/4676/4676
f 4676/4676/4676 4679/4679/4679 4675/4675/4675
f 4675/4675/4675 4679/4679/4679 4678/4678/4678
f 4678/4678/4678 4677/4677/4677 4675/4675/4675
f 4674/4674/4674 4675/4675/4675 4677/4677/4677
f 4660/4660/4660 4676/4676/4676 4673/4673/4673
f 4673/4673/4673 4676/4676/4676 4675/4675/4675
f 4675/4675/4675 4674/4674/4674 4673/4673/4673
f 4673/4673/4673 4674/4674/4674 4669/4669/4669
f 4670/4670/4670 4660/4660/4660 4673/4673/4673
f 4669/4669/4669 4670/4670/4670 4673/4673/4673
f 4657/4657/4657 4671/4671/4671 4672/4672/4672
f 4657/4657/4657 4664/4664/4664 4671/4671/4671
f 4660/4660/4660 4670/4670/4670 4667/4667/4667
f 4670/4670/4670 4669/4669/4669 4667/4667/4667
f 4667/4667/4667 4669/4669/4669 4668/4668/4668
f 4667/4667/4667 4668/4668/4668 4666/4666/4666
f 4650/4650/4650 4667/4667/4667 4666/4666/4666
f 4667/4667/4667 4650/4650/4650 4660/4660/4660
f 4665/4665/4665 4658/4658/4658 4666/4666/4666
f 4651/4651/4651 4666/4666/4666 4658/4658/4658
f 4666/4666/4666 4651/4651/4651 4650/4650/4650
f 4658/4658/4658 4665/4665/4665 4663/4663/4663
f 4664/4664/4664 4657/4657/4657 4655/4655/4655
f 4655/4655/4655 4662/4662/4662 4664/4664/4664
f 4662/4662/4662 4663/4663/4663 4664/4664/4664
f 4663/4663/4663 4662/4662/4662 4658/4658/4658
f 4653/4653/4653 4658/4658/4658 4662/4662/4662
f 4653/4653/4653 4662/4662/4662 4655/4655/4655
f 4661/4661/4661 4660/4660/4660 4659/4659/4659
f 4659/4659/4659 4660/4660/4660 4650/4650/4650
f 4659/4659/4659 4650/4650/4650 4649/4649/4649
f 4651/4651/4651 4658/4658/4658 4653/4653/4653
f 4656/4656/4656 4655/4655/4655 4657/4657/4657
f 4654/4654/4654 4655/4655/4655 4656/4656/4656
f 4654/4654/4654 4653/4653/4653 4655/4655/4655
f 4653/4653/4653 4654/4654/4654 4652/4652/4652
f 4652/4652/4652 4651/4651/4651 4653/4653/4653
f 4649/4649/4649 4651/4651/4651 4652/4652/4652
f 4649/4649/4649 4650/4650/4650 4651/4651/4651
f 4638/4638/4638 4647/4647/4647 4640/4640/4640
f 4648/4648/4648 4638/4638/4638 4639/4639/4639
f 4638/4638/4638 4648/4648/4648 4646/4646/4646
f 4638/4638/4638 4646/4646/4646 4647/4647/4647
f 4640/4640/4640 4642/4642/4642 4633/4633/4633
f 4633/4633/4633 4642/4642/4642 4634/4634/4634
f 4642/4642/4642 4636/4636/4636 4634/4634/4634
f 4637/4637/4637 4636/4636/4636 4645/4645/4645
f 4642/4642/4642 4645/4645/4645 4636/4636/4636
f 4644/4644/4644 4645/4645/4645 4642/4642/4642
f 4643/4643/4643 4644/4644/4644 4642/4642/4642
f 4642/4642/4642 4640/4640/4640 4643/4643/4643
f 4579/4579/4579 4641/4641/4641 4632/4632/4632
f 4577/4577/4577 4641/4641/4641 4579/4579/4579
f 4569/4569/4569 4560/4560/4560 4555/4555/4555
f 4633/4633/4633 4638/4638/4638 4640/4640/4640
f 4627/4627/4627 4639/4639/4639 4628/4628/4628
f 4628/4628/4628 4639/4639/4639 4631/4631/4631
f 4631/4631/4631 4639/4639/4639 4638/4638/4638
f 4638/4638/4638 4633/4633/4633 4631/4631/4631
f 4635/4635/4635 4636/4636/4636 4637/4637/4637
f 4634/4634/4634 4636/4636/4636 4635/4635/4635
f 4579/4579/4579 4634/4634/4634 4635/4635/4635
f 4633/4633/4633 4634/4634/4634 4579/4579/4579
f 4631/4631/4631 4633/4633/4633 4579/4579/4579
f 4631/4631/4631 4579/4579/4579 4632/4632/4632
f 4630/4630/4630 4631/4631/4631 4632/4632/4632
f 4628/4628/4628 4631/4631/4631 4630/4630/4630
f 4628/4628/4628 4630/4630/4630 4629/4629/4629
f 4627/4627/4627 4628/4628/4628 4629/4629/4629
f 4593/4593/4593 4590/4590/4590 4626/4626/4626
f 4623/4623/4623 4624/4624/4624 4625/4625/4625
f 4589/4589/4589 4622/4622/4622 2159/2159/2159
f 4589/4589/4589 4620/4620/4620 4622/4622/4622
f 4620/4620/4620 4621/4621/4621 4622/4622/4622
f 4617/4617/4617 4621/4621/4621 4620/4620/4620
f 4617/4617/4617 4620/4620/4620 4589/4589/4589
f 4619/4619/4619 4614/4614/4614 4618/4618/4618
f 4615/4615/4615 4606/4606/4606 4618/4618/4618
f 4614/4614/4614 4615/4615/4615 4618/4618/4618
f 4589/4589/4589 4616/4616/4616 4617/4617/4617
f 4606/4606/4606 4615/4615/4615 4589/4589/4589
f 4615/4615/4615 4616/4616/4616 4589/4589/4589
f 4615/4615/4615 4608/4608/4608 4616/4616/4616
f 4608/4608/4608 4615/4615/4615 4614/4614/4614
f 4614/4614/4614 4613/4613/4613 4608/4608/4608
f 4613/4613/4613 4612/4612/4612 4608/4608/4608
f 4609/4609/4609 4608/4608/4608 4612/4612/4612
f 4609/4609/4609 4611/4611/4611 4607/4607/4607
f 4607/4607/4607 4610/4610/4610 4608/4608/4608
f 4607/4607/4607 4608/4608/4608 4609/4609/4609
f 4605/4605/4605 4587/4587/4587 4588/4588/4588
f 4589/4589/4589 4587/4587/4587 4606/4606/4606
f 4605/4605/4605 4606/4606/4606 4587/4587/4587
f 4590/4590/4590 4592/4592/4592 4604/4604/4604
f 4590/4590/4590 4604/4604/4604 4603/4603/4603
f 4604/4604/4604 4601/4601/4601 4603/4603/4603
f 4596/4596/4596 4603/4603/4603 4601/4601/4601
f 4599/4599/4599 4602/4602/4602 4598/4598/4598
f 4596/4596/4596 4601/4601/4601 4600/4600/4600
f 4600/4600/4600 4599/4599/4599 4596/4596/4596
f 4597/4597/4597 4599/4599/4599 4598/4598/4598
f 4596/4596/4596 4599/4599/4599 4597/4597/4597
f 4594/4594/4594 4597/4597/4597 4598/4598/4598
f 4594/4594/4594 4596/4596/4596 4597/4597/4597
f 4594/4594/4594 4595/4595/4595 4596/4596/4596
f 4593/4593/4593 4591/4591/4591 4590/4590/4590
f 4590/4590/4590 4591/4591/4591 4592/4592/4592
f 4587/4587/4587 4589/4589/4589 2159/2159/2159
f 4587/4587/4587 2158/2158/2158 4588/4588/4588
f 2159/2159/2159 2158/2158/2158 4587/4587/4587
f 4584/4584/4584 782/782/782 779/779/779
f 4586/4586/4586 4581/4581/4581 4583/4583/4583
f 4584/4584/4584 4585/4585/4585 782/782/782
f 4585/4585/4585 4584/4584/4584 4582/4582/4582
f 4582/4582/4582 4584/4584/4584 4583/4583/4583
f 4581/4581/4581 4582/4582/4582 4583/4583/4583
f 4578/4578/4578 4575/4575/4575 4580/4580/4580
f 4575/4575/4575 4577/4577/4577 4579/4579/4579
f 4578/4578/4578 4576/4576/4576 4575/4575/4575
f 4575/4575/4575 4576/4576/4576 4577/4577/4577
f 4566/4566/4566 4573/4573/4573 4574/4574/4574
f 4566/4566/4566 4574/4574/4574 4559/4559/4559
f 4571/4571/4571 4573/4573/4573 4566/4566/4566
f 4564/4564/4564 4563/4563/4563 4572/4572/4572
f 4564/4564/4564 4572/4572/4572 4571/4571/4571
f 4564/4564/4564 4571/4571/4571 4566/4566/4566
f 4567/4567/4567 4561/4561/4561 4570/4570/4570
f 4561/4561/4561 4560/4560/4560 4570/4570/4570
f 4569/4569/4569 4555/4555/4555 4553/4553/4553
f 4568/4568/4568 4557/4557/4557 4567/4567/4567
f 4567/4567/4567 4557/4557/4557 4561/4561/4561
f 4559/4559/4559 4564/4564/4564 4566/4566/4566
f 4565/4565/4565 4563/4563/4563 4562/4562/4562
f 4558/4558/4558 4564/4564/4564 4559/4559/4559
f 4563/4563/4563 4564/4564/4564 4558/4558/4558
f 4558/4558/4558 4562/4562/4562 4563/4563/4563
f 4562/4562/4562 4558/4558/4558 4557/4557/4557
f 4560/4560/4560 4561/4561/4561 4557/4557/4557
f 4557/4557/4557 4555/4555/4555 4560/4560/4560
f 4556/4556/4556 4550/4550/4550 4552/4552/4552
f 4550/4550/4550 4556/4556/4556 4559/4559/4559
f 4556/4556/4556 4558/4558/4558 4559/4559/4559
f 4558/4558/4558 4556/4556/4556 4557/4557/4557
f 4557/4557/4557 4556/4556/4556 4555/4555/4555
f 4552/4552/4552 4555/4555/4555 4556/4556/4556
f 4555/4555/4555 4552/4552/4552 4553/4553/4553
f 4554/4554/4554 4553/4553/4553 4551/4551/4551
f 4553/4553/4553 4552/4552/4552 4551/4551/4551
f 4551/4551/4551 4552/4552/4552 4550/4550/4550
f 4550/4550/4550 4536/4536/4536 4551/4551/4551
f 4536/4536/4536 4550/4550/4550 4549/4549/4549
f 4536/4536/4536 4549/4549/4549 4534/4534/4534
f 4534/4534/4534 4549/4549/4549 4547/4547/4547
f 4546/4546/4546 4548/4548/4548 4538/4538/4538
f 4548/4548/4548 4545/4545/4545 4538/4538/4538
f 4547/4547/4547 4546/4546/4546 4534/4534/4534
f 4534/4534/4534 4546/4546/4546 4535/4535/4535
f 4538/4538/4538 4535/4535/4535 4546/4546/4546
f 4538/4538/4538 4545/4545/4545 4544/4544/4544
f 4538/4538/4538 4544/4544/4544 4540/4540/4540
f 4541/4541/4541 4542/4542/4542 4543/4543/4543
f 4541/4541/4541 4540/4540/4540 4542/4542/4542
f 4539/4539/4539 4540/4540/4540 4541/4541/4541
f 4540/4540/4540 4539/4539/4539 4538/4538/4538
f 4537/4537/4537 4538/4538/4538 4539/4539/4539
f 4535/4535/4535 4538/4538/4538 4537/4537/4537
f 4536/4536/4536 4535/4535/4535 4537/4537/4537
f 4534/4534/4534 4535/4535/4535 4536/4536/4536
f 2094/2094/2094 2104/2104/2104 2097/2097/2097
f 4384/4384/4384 3099/3099/3099 4533/4533/4533
f 4533/4533/4533 3099/3099/3099 3098/3098/3098
f 2794/2794/2794 3099/3099/3099 4384/4384/4384
f 2660/2660/2660 4532/4532/4532 2661/2661/2661
f 1028/1028/1028 1027/1027/1027 4530/4530/4530
f 4530/4530/4530 1027/1027/1027 4531/4531/4531
f 1351/1351/1351 1350/1350/1350 2060/2060/2060
f 2060/2060/2060 1353/1353/1353 1351/1351/1351
f 1690/1690/1690 1641/1641/1641 1691/1691/1691
f 1663/1663/1663 4529/4529/4529 1660/1660/1660
f 1363/1363/1363 1660/1660/1660 4529/4529/4529
f 1363/1363/1363 4529/4529/4529 1359/1359/1359
f 1360/1360/1360 1359/1359/1359 1692/1692/1692
f 1692/1692/1692 1359/1359/1359 4529/4529/4529
f 4529/4529/4529 1663/1663/1663 1713/1713/1713
f 4529/4529/4529 1713/1713/1713 1741/1741/1741
f 1692/1692/1692 4529/4529/4529 1741/1741/1741
f 4518/4518/4518 4516/4516/4516 4522/4522/4522
f 4527/4527/4527 4528/4528/4528 4512/4512/4512
f 4527/4527/4527 4512/4512/4512 4514/4514/4514
f 4526/4526/4526 4528/4528/4528 4527/4527/4527
f 4514/4514/4514 4526/4526/4526 4527/4527/4527
f 4525/4525/4525 4510/4510/4510 4513/4513/4513
f 4524/4524/4524 4522/4522/4522 4523/4523/4523
f 4523/4523/4523 4516/4516/4516 4521/4521/4521
f 4522/4522/4522 4516/4516/4516 4523/4523/4523
f 4515/4515/4515 4521/4521/4521 4516/4516/4516
f 4517/4517/4517 4519/4519/4519 4520/4520/4520
f 4518/4518/4518 4519/4519/4519 4517/4517/4517
f 4516/4516/4516 4518/4518/4518 4517/4517/4517
f 4515/4515/4515 4516/4516/4516 4517/4517/4517
f 4514/4514/4514 4512/4512/4512 4510/4510/4510
f 4509/4509/4509 4513/4513/4513 4510/4510/4510
f 4512/4512/4512 4508/4508/4508 4510/4510/4510
f 4509/4509/4509 4508/4508/4508 4511/4511/4511
f 4508/4508/4508 4509/4509/4509 4510/4510/4510
f 4506/4506/4506 4507/4507/4507 4505/4505/4505
f 2131/2131/2131 4505/4505/4505 4507/4507/4507
f 4505/4505/4505 4504/4504/4504 4506/4506/4506
f 4505/4505/4505 2131/2131/2131 2123/2123/2123
f 4504/4504/4504 4505/4505/4505 2123/2123/2123
f 4504/4504/4504 2123/2123/2123 2133/2133/2133
f 4328/4328/4328 4293/4293/4293 4330/4330/4330
f 4498/4498/4498 4503/4503/4503 4450/4450/4450
f 3512/3512/3512 4429/4429/4429 4500/4500/4500
f 4431/4431/4431 4501/4501/4501 4432/4432/4432
f 4501/4501/4501 4502/4502/4502 4432/4432/4432
f 4502/4502/4502 4454/4454/4454 4432/4432/4432
f 4431/4431/4431 4443/4443/4443 4501/4501/4501
f 4443/4443/4443 4452/4452/4452 4501/4501/4501
f 4443/4443/4443 4444/4444/4444 4452/4452/4452
f 4429/4429/4429 3514/3514/3514 4500/4500/4500
f 4499/4499/4499 1798/1798/1798 1829/1829/1829
f 4498/4498/4498 4450/4450/4450 4465/4465/4465
f 4465/4465/4465 4467/4467/4467 4497/4497/4497
f 4497/4497/4497 4498/4498/4498 4465/4465/4465
f 4492/4492/4492 4496/4496/4496 4495/4495/4495
f 4491/4491/4491 4496/4496/4496 4492/4492/4492
f 4492/4492/4492 4495/4495/4495 4494/4494/4494
f 4494/4494/4494 4490/4490/4490 4492/4492/4492
f 4490/4490/4490 4493/4493/4493 4491/4491/4491
f 4490/4490/4490 4491/4491/4491 4492/4492/4492
f 3090/3090/3090 2496/2496/2496 3513/3513/3513
f 2496/2496/2496 2495/2495/2495 3513/3513/3513
f 4468/4468/4468 4471/4471/4471 4489/4489/4489
f 4468/4468/4468 4489/4489/4489 4488/4488/4488
f 4487/4487/4487 4488/4488/4488 4489/4489/4489
f 4488/4488/4488 4486/4486/4486 4485/4485/4485
f 4488/4488/4488 4487/4487/4487 4486/4486/4486
f 4486/4486/4486 4487/4487/4487 4484/4484/4484
f 4484/4484/4484 4485/4485/4485 4486/4486/4486
f 4483/4483/4483 4476/4476/4476 4472/4472/4472
f 4475/4475/4475 4476/4476/4476 4483/4483/4483
f 4483/4483/4483 4482/4482/4482 4475/4475/4475
f 4475/4475/4475 4482/4482/4482 4481/4481/4481
f 4475/4475/4475 4481/4481/4481 4480/4480/4480
f 4480/4480/4480 4473/4473/4473 4475/4475/4475
f 4480/4480/4480 4474/4474/4474 4473/4473/4473
f 4474/4474/4474 4480/4480/4480 4479/4479/4479
f 2497/2497/2497 4479/4479/4479 2495/2495/2495
f 2497/2497/2497 4474/4474/4474 4479/4479/4479
f 4477/4477/4477 4474/4474/4474 2497/2497/2497
f 4477/4477/4477 4478/4478/4478 4472/4472/4472
f 4474/4474/4474 4477/4477/4477 4472/4472/4472
f 4476/4476/4476 4475/4475/4475 4472/4472/4472
f 4472/4472/4472 4475/4475/4475 4473/4473/4473
f 4472/4472/4472 4473/4473/4473 4474/4474/4474
f 4470/4470/4470 4471/4471/4471 4468/4468/4468
f 4468/4468/4468 4469/4469/4469 4470/4470/4470
f 4466/4466/4466 4467/4467/4467 4465/4465/4465
f 4447/4447/4447 4466/4466/4466 4465/4465/4465
f 4447/4447/4447 4465/4465/4465 4450/4450/4450
f 4447/4447/4447 4450/4450/4450 4449/4449/4449
f 4457/4457/4457 4464/4464/4464 4463/4463/4463
f 4463/4463/4463 4455/4455/4455 4457/4457/4457
f 4459/4459/4459 4462/4462/4462 4460/4460/4460
f 4461/4461/4461 4456/4456/4456 4454/4454/4454
f 4461/4461/4461 4462/4462/4462 4459/4459/4459
f 4456/4456/4456 4461/4461/4461 4459/4459/4459
f 4460/4460/4460 4458/4458/4458 4459/4459/4459
f 4459/4459/4459 4458/4458/4458 4456/4456/4456
f 4456/4456/4456 4458/4458/4458 4457/4457/4457
f 4456/4456/4456 4457/4457/4457 4455/4455/4455
f 4455/4455/4455 4454/4454/4454 4456/4456/4456
f 4454/4454/4454 4455/4455/4455 4453/4453/4453
f 4432/4432/4432 4454/4454/4454 4453/4453/4453
f 4432/4432/4432 4453/4453/4453 4439/4439/4439
f 4450/4450/4450 4451/4451/4451 4448/4448/4448
f 4444/4444/4444 4451/4451/4451 4452/4452/4452
f 4444/4444/4444 4448/4448/4448 4451/4451/4451
f 4448/4448/4448 4449/4449/4449 4450/4450/4450
f 4449/4449/4449 4448/4448/4448 4447/4447/4447
f 4447/4447/4447 4448/4448/4448 4444/4444/4444
f 4447/4447/4447 4444/4444/4444 4446/4446/4446
f 4446/4446/4446 4444/4444/4444 4445/4445/4445
f 4442/4442/4442 4445/4445/4445 4444/4444/4444
f 4444/4444/4444 4443/4443/4443 4442/4442/4442
f 4431/4431/4431 4442/4442/4442 4443/4443/4443
f 4442/4442/4442 4431/4431/4431 4441/4441/4441
f 4437/4437/4437 4440/4440/4440 4441/4441/4441
f 4441/4441/4441 4434/4434/4434 4437/4437/4437
f 4434/4434/4434 4441/4441/4441 4431/4431/4431
f 4440/4440/4440 4437/4437/4437 4438/4438/4438
f 4430/4430/4430 4432/4432/4432 4439/4439/4439
f 4436/4436/4436 4438/4438/4438 4437/4437/4437
f 4437/4437/4437 4434/4434/4434 4436/4436/4436
f 4436/4436/4436 4434/4434/4434 4435/4435/4435
f 4434/4434/4434 4433/4433/4433 4435/4435/4435
f 4433/4433/4433 4434/4434/4434 4431/4431/4431
f 4431/4431/4431 4430/4430/4430 4433/4433/4433
f 4430/4430/4430 4431/4431/4431 4432/4432/4432
f 4429/4429/4429 3512/3512/3512 3514/3514/3514
f 2444/2444/2444 2446/2446/2446 4427/4427/4427
f 4427/4427/4427 2448/2448/2448 4428/4428/4428
f 2446/2446/2446 2448/2448/2448 4427/4427/4427
f 4427/4427/4427 4428/4428/4428 2455/2455/2455
f 2448/2448/2448 2455/2455/2455 4428/4428/4428
f 4426/4426/4426 2467/2467/2467 2458/2458/2458
f 2450/2450/2450 2444/2444/2444 4427/4427/4427
f 2458/2458/2458 4427/4427/4427 4426/4426/4426
f 4427/4427/4427 2458/2458/2458 2450/2450/2450
f 2455/2455/2455 4426/4426/4426 4427/4427/4427
f 4426/4426/4426 2455/2455/2455 2467/2467/2467
f 4425/4425/4425 2455/2455/2455 2526/2526/2526
f 2469/2469/2469 4425/4425/4425 2526/2526/2526
f 2469/2469/2469 2467/2467/2467 4425/4425/4425
f 2467/2467/2467 2455/2455/2455 4425/4425/4425
f 2312/2312/2312 4424/4424/4424 4423/4423/4423
f 4421/4421/4421 2312/2312/2312 4423/4423/4423
f 2307/2307/2307 2312/2312/2312 4421/4421/4421
f 2320/2320/2320 2307/2307/2307 4421/4421/4421
f 4421/4421/4421 4423/4423/4423 4422/4422/4422
f 2320/2320/2320 4421/4421/4421 4422/4422/4422
f 2021/2021/2021 4418/4418/4418 2013/2013/2013
f 4418/4418/4418 2021/2021/2021 4419/4419/4419
f 4418/4418/4418 4419/4419/4419 4417/4417/4417
f 4417/4417/4417 4420/4420/4420 4416/4416/4416
f 4419/4419/4419 4420/4420/4420 4417/4417/4417
f 2013/2013/2013 4418/4418/4418 4407/4407/4407
f 4418/4418/4418 4417/4417/4417 4407/4407/4407
f 4417/4417/4417 4411/4411/4411 4407/4407/4407
f 4411/4411/4411 4417/4417/4417 4408/4408/4408
f 4417/4417/4417 4416/4416/4416 4408/4408/4408
f 4408/4408/4408 4416/4416/4416 4415/4415/4415
f 4415/4415/4415 4414/4414/4414 4408/4408/4408
f 4408/4408/4408 4414/4414/4414 4409/4409/4409
f 4414/4414/4414 4412/4412/4412 4409/4409/4409
f 2013/2013/2013 4410/4410/4410 2018/2018/2018
f 4410/4410/4410 4413/4413/4413 2018/2018/2018
f 4410/4410/4410 4412/4412/4412 4413/4413/4413
f 4409/4409/4409 4412/4412/4412 4410/4410/4410
f 4407/4407/4407 4410/4410/4410 2013/2013/2013
f 4411/4411/4411 4408/4408/4408 4407/4407/4407
f 4410/4410/4410 4407/4407/4407 4409/4409/4409
f 4407/4407/4407 4408/4408/4408 4409/4409/4409
f 4400/4400/4400 4405/4405/4405 4401/4401/4401
f 4406/4406/4406 4398/4398/4398 4401/4401/4401
f 4401/4401/4401 4405/4405/4405 4406/4406/4406
f 4403/4403/4403 2620/2620/2620 2633/2633/2633
f 4402/4402/4402 2633/2633/2633 4404/4404/4404
f 4402/4402/4402 4403/4403/4403 2633/2633/2633
f 4400/4400/4400 4401/4401/4401 4398/4398/4398
f 4398/4398/4398 4399/4399/4399 4400/4400/4400
f 4396/4396/4396 2133/2133/2133 4393/4393/4393
f 2133/2133/2133 4391/4391/4391 4393/4393/4393
f 4394/4394/4394 4397/4397/4397 4395/4395/4395
f 4393/4393/4393 4392/4392/4392 4396/4396/4396
f 4392/4392/4392 4394/4394/4394 4395/4395/4395
f 4392/4392/4392 4393/4393/4393 4394/4394/4394
f 2133/2133/2133 2137/2137/2137 4391/4391/4391
f 1364/1364/1364 4390/4390/4390 1365/1365/1365
f 4388/4388/4388 4387/4387/4387 4389/4389/4389
f 4387/4387/4387 4388/4388/4388 4385/4385/4385
f 4385/4385/4385 4386/4386/4386 4387/4387/4387
f 2793/2793/2793 2799/2799/2799 4384/4384/4384
f 4384/4384/4384 2799/2799/2799 2794/2794/2794
f 4380/4380/4380 4383/4383/4383 4381/4381/4381
f 4383/4383/4383 4380/4380/4380 4382/4382/4382
f 4381/4381/4381 4377/4377/4377 4380/4380/4380
f 4380/4380/4380 4376/4376/4376 4382/4382/4382
f 4378/4378/4378 4369/4369/4369 4381/4381/4381
f 4381/4381/4381 4369/4369/4369 4377/4377/4377
f 4377/4377/4377 4368/4368/4368 4380/4380/4380
f 4380/4380/4380 4368/4368/4368 4376/4376/4376
f 4373/4373/4373 4372/4372/4372 4379/4379/4379
f 4372/4372/4372 4371/4371/4371 4379/4379/4379
f 4379/4379/4379 4371/4371/4371 4375/4375/4375
f 4378/4378/4378 2553/2553/2553 4369/4369/4369
f 4368/4368/4368 4377/4377/4377 4369/4369/4369
f 4374/4374/4374 4376/4376/4376 4368/4368/4368
f 4373/4373/4373 4367/4367/4367 4372/4372/4372
f 4372/4372/4372 4357/4357/4357 4371/4371/4371
f 4371/4371/4371 4366/4366/4366 4375/4375/4375
f 4375/4375/4375 4366/4366/4366 4370/4370/4370
f 2553/2553/2553 1025/1025/1025 4369/4369/4369
f 4369/4369/4369 4361/4361/4361 4368/4368/4368
f 4368/4368/4368 4365/4365/4365 4374/4374/4374
f 4373/4373/4373 4363/4363/4363 4367/4367/4367
f 4367/4367/4367 4357/4357/4357 4372/4372/4372
f 4366/4366/4366 4371/4371/4371 4357/4357/4357
f 4366/4366/4366 4362/4362/4362 4370/4370/4370
f 4369/4369/4369 1025/1025/1025 4361/4361/4361
f 4365/4365/4365 4368/4368/4368 4361/4361/4361
f 4359/4359/4359 4364/4364/4364 4360/4360/4360
f 4367/4367/4367 4363/4363/4363 4358/4358/4358
f 4357/4357/4357 4367/4367/4367 4358/4358/4358
f 4362/4362/4362 4366/4366/4366 4357/4357/4357
f 4361/4361/4361 1025/1025/1025 2717/2717/2717
f 4365/4365/4365 4361/4361/4361 4350/4350/4350
f 4364/4364/4364 4359/4359/4359 4337/4337/4337
f 4348/4348/4348 4359/4359/4359 4360/4360/4360
f 4358/4358/4358 4363/4363/4363 4345/4345/4345
f 4358/4358/4358 4347/4347/4347 4357/4357/4357
f 4357/4357/4357 4346/4346/4346 4362/4362/4362
f 3611/3611/3611 4353/4353/4353 3610/3610/3610
f 2717/2717/2717 4350/4350/4350 4361/4361/4361
f 2716/2716/2716 4342/4342/4342 2717/2717/2717
f 4333/4333/4333 4355/4355/4355 4354/4354/4354
f 4354/4354/4354 4348/4348/4348 4360/4360/4360
f 4355/4355/4355 4331/4331/4331 4354/4354/4354
f 4359/4359/4359 4348/4348/4348 4337/4337/4337
f 4347/4347/4347 4358/4358/4358 4345/4345/4345
f 4357/4357/4357 4347/4347/4347 4346/4346/4346
f 4353/4353/4353 3611/3611/3611 4344/4344/4344
f 4323/4323/4323 3610/3610/3610 4353/4353/4353
f 3605/3605/3605 3610/3610/3610 4323/4323/4323
f 4321/4321/4321 3602/3602/3602 3605/3605/3605
f 4342/4342/4342 2716/2716/2716 4352/4352/4352
f 2717/2717/2717 4342/4342/4342 4350/4350/4350
f 4340/4340/4340 4356/4356/4356 4341/4341/4341
f 4356/4356/4356 4340/4340/4340 4351/4351/4351
f 4354/4354/4354 4334/4334/4334 4333/4333/4333
f 4333/4333/4333 4331/4331/4331 4355/4355/4355
f 4331/4331/4331 4348/4348/4348 4354/4354/4354
f 4337/4337/4337 4348/4348/4348 4311/4311/4311
f 4347/4347/4347 4345/4345/4345 4330/4330/4330
f 4346/4346/4346 4347/4347/4347 4310/4310/4310
f 4345/4345/4345 4328/4328/4328 4330/4330/4330
f 4323/4323/4323 4353/4353/4353 4344/4344/4344
f 4322/4322/4322 3605/3605/3605 4323/4323/4323
f 4321/4321/4321 3605/3605/3605 4322/4322/4322
f 4343/4343/4343 3602/3602/3602 4321/4321/4321
f 4342/4342/4342 4352/4352/4352 4303/4303/4303
f 4342/4342/4342 4320/4320/4320 4350/4350/4350
f 1031/1031/1031 4315/4315/4315 1029/1029/1029
f 1029/1029/1029 4319/4319/4319 1034/1034/1034
f 4340/4340/4340 4341/4341/4341 4300/4300/4300
f 4340/4340/4340 4299/4299/4299 4351/4351/4351
f 4350/4350/4350 4320/4320/4320 4318/4318/4318
f 4338/4338/4338 4339/4339/4339 4316/4316/4316
f 4315/4315/4315 1031/1031/1031 4338/4338/4338
f 4336/4336/4336 4313/4313/4313 4349/4349/4349
f 4335/4335/4335 4349/4349/4349 4313/4313/4313
f 4334/4334/4334 4335/4335/4335 4295/4295/4295
f 4334/4334/4334 4312/4312/4312 4333/4333/4333
f 4311/4311/4311 4332/4332/4332 4337/4337/4337
f 4332/4332/4332 4294/4294/4294 4337/4337/4337
f 4275/4275/4275 4331/4331/4331 4333/4333/4333
f 4331/4331/4331 4311/4311/4311 4348/4348/4348
f 4310/4310/4310 4347/4347/4347 4330/4330/4330
f 4329/4329/4329 4346/4346/4346 4310/4310/4310
f 4345/4345/4345 4309/4309/4309 4328/4328/4328
f 4326/4326/4326 4343/4343/4343 4290/4290/4290
f 4325/4325/4325 4307/4307/4307 4324/4324/4324
f 4344/4344/4344 4305/4305/4305 4323/4323/4323
f 4305/4305/4305 4344/4344/4344 4306/4306/4306
f 4323/4323/4323 4287/4287/4287 4322/4322/4322
f 4322/4322/4322 4304/4304/4304 4321/4321/4321
f 4290/4290/4290 4343/4343/4343 4321/4321/4321
f 4342/4342/4342 4303/4303/4303 4320/4320/4320
f 4315/4315/4315 4301/4301/4301 1029/1029/1029
f 1029/1029/1029 4301/4301/4301 4319/4319/4319
f 4300/4300/4300 4341/4341/4341 1034/1034/1034
f 4319/4319/4319 4284/4284/4284 1034/1034/1034
f 4299/4299/4299 4340/4340/4340 4300/4300/4300
f 4285/4285/4285 4318/4318/4318 4320/4320/4320
f 4339/4339/4339 4298/4298/4298 4316/4316/4316
f 4339/4339/4339 4317/4317/4317 4298/4298/4298
f 4297/4297/4297 4338/4338/4338 4316/4316/4316
f 4315/4315/4315 4338/4338/4338 4297/4297/4297
f 4294/4294/4294 4308/4308/4308 4337/4337/4337
f 4336/4336/4336 4279/4279/4279 4313/4313/4313
f 4295/4295/4295 4335/4335/4335 4313/4313/4313
f 4295/4295/4295 4312/4312/4312 4334/4334/4334
f 4312/4312/4312 4275/4275/4275 4333/4333/4333
f 4294/4294/4294 4332/4332/4332 4311/4311/4311
f 4275/4275/4275 4311/4311/4311 4331/4331/4331
f 4310/4310/4310 4330/4330/4330 4293/4293/4293
f 4310/4310/4310 4274/4274/4274 4329/4329/4329
f 4328/4328/4328 4309/4309/4309 4293/4293/4293
f 4308/4308/4308 4292/4292/4292 4327/4327/4327
f 4292/4292/4292 4291/4291/4291 4327/4327/4327
f 4269/4269/4269 4326/4326/4326 4290/4290/4290
f 4325/4325/4325 4289/4289/4289 4307/4307/4307
f 4324/4324/4324 4307/4307/4307 4288/4288/4288
f 4288/4288/4288 4306/4306/4306 4324/4324/4324
f 4287/4287/4287 4323/4323/4323 4305/4305/4305
f 4266/4266/4266 4305/4305/4305 4306/4306/4306
f 4304/4304/4304 4322/4322/4322 4287/4287/4287
f 4286/4286/4286 4321/4321/4321 4304/4304/4304
f 4290/4290/4290 4321/4321/4321 4286/4286/4286
f 4285/4285/4285 4320/4320/4320 4303/4303/4303
f 4303/4303/4303 4302/4302/4302 4264/4264/4264
f 4315/4315/4315 4282/4282/4282 4301/4301/4301
f 4284/4284/4284 4319/4319/4319 4301/4301/4301
f 1034/1034/1034 4284/4284/4284 4300/4300/4300
f 4300/4300/4300 4243/4243/4243 4299/4299/4299
f 4299/4299/4299 4281/4281/4281 4314/4314/4314
f 4285/4285/4285 4283/4283/4283 4318/4318/4318
f 4316/4316/4316 4298/4298/4298 4261/4261/4261
f 4317/4317/4317 4283/4283/4283 4298/4298/4298
f 4297/4297/4297 4316/4316/4316 4261/4261/4261
f 4282/4282/4282 4315/4315/4315 4297/4297/4297
f 4281/4281/4281 4280/4280/4280 4314/4314/4314
f 4314/4314/4314 4280/4280/4280 4296/4296/4296
f 4294/4294/4294 4272/4272/4272 4308/4308/4308
f 4313/4313/4313 4279/4279/4279 4278/4278/4278
f 4295/4295/4295 4313/4313/4313 4278/4278/4278
f 4295/4295/4295 4277/4277/4277 4312/4312/4312
f 4277/4277/4277 4276/4276/4276 4312/4312/4312
f 4312/4312/4312 4276/4276/4276 4275/4275/4275
f 4275/4275/4275 4294/4294/4294 4311/4311/4311
f 4274/4274/4274 4310/4310/4310 4293/4293/4293
f 4309/4309/4309 4253/4253/4253 4293/4293/4293
f 4272/4272/4272 4292/4292/4292 4308/4308/4308
f 4291/4291/4291 4292/4292/4292 4227/4227/4227
f 4290/4290/4290 4267/4267/4267 4269/4269/4269
f 4289/4289/4289 4245/4245/4245 4307/4307/4307
f 4307/4307/4307 4245/4245/4245 4288/4288/4288
f 4306/4306/4306 4288/4288/4288 4266/4266/4266
f 4266/4266/4266 4287/4287/4287 4305/4305/4305
f 4265/4265/4265 4304/4304/4304 4287/4287/4287
f 4304/4304/4304 4265/4265/4265 4286/4286/4286
f 4286/4286/4286 4224/4224/4224 4290/4290/4290
f 4303/4303/4303 4264/4264/4264 4285/4285/4285
f 4302/4302/4302 4263/4263/4263 4264/4264/4264
f 4262/4262/4262 4301/4301/4301 4282/4282/4282
f 4301/4301/4301 4262/4262/4262 4284/4284/4284
f 4284/4284/4284 4243/4243/4243 4300/4300/4300
f 4281/4281/4281 4299/4299/4299 4243/4243/4243
f 4283/4283/4283 4285/4285/4285 4242/4242/4242
f 4298/4298/4298 4283/4283/4283 4261/4261/4261
f 4282/4282/4282 4297/4297/4297 4261/4261/4261
f 4281/4281/4281 4260/4260/4260 4259/4259/4259
f 4281/4281/4281 4259/4259/4259 4280/4280/4280
f 4280/4280/4280 4214/4214/4214 4296/4296/4296
f 4238/4238/4238 4272/4272/4272 4294/4294/4294
f 4255/4255/4255 4238/4238/4238 4294/4294/4294
f 4279/4279/4279 4236/4236/4236 4278/4278/4278
f 4295/4295/4295 4278/4278/4278 4257/4257/4257
f 4257/4257/4257 4277/4277/4277 4295/4295/4295
f 4276/4276/4276 4277/4277/4277 4256/4256/4256
f 4275/4275/4275 4276/4276/4276 4234/4234/4234
f 4255/4255/4255 4294/4294/4294 4275/4275/4275
f 4293/4293/4293 4253/4253/4253 4274/4274/4274
f 4231/4231/4231 4258/4258/4258 4279/4279/4279
f 4273/4273/4273 4249/4249/4249 4271/4271/4271
f 4272/4272/4272 4227/4227/4227 4292/4292/4292
f 4227/4227/4227 4251/4251/4251 4291/4291/4291
f 4270/4270/4270 4247/4247/4247 4289/4289/4289
f 4271/4271/4271 4249/4249/4249 4226/4226/4226
f 4267/4267/4267 4290/4290/4290 4224/4224/4224
f 4225/4225/4225 4269/4269/4269 4267/4267/4267
f 4247/4247/4247 4245/4245/4245 4289/4289/4289
f 4288/4288/4288 4245/4245/4245 4266/4266/4266
f 4244/4244/4244 4287/4287/4287 4266/4266/4266
f 4287/4287/4287 4244/4244/4244 4265/4265/4265
f 4224/4224/4224 4286/4286/4286 4265/4265/4265
f 4242/4242/4242 4285/4285/4285 4264/4264/4264
f 4264/4264/4264 4263/4263/4263 4220/4220/4220
f 4262/4262/4262 4282/4282/4282 4218/4218/4218
f 4243/4243/4243 4284/4284/4284 4262/4262/4262
f 4243/4243/4243 4241/4241/4241 4281/4281/4281
f 4261/4261/4261 4283/4283/4283 4242/4242/4242
f 4218/4218/4218 4282/4282/4282 4261/4261/4261
f 4241/4241/4241 4260/4260/4260 4281/4281/4281
f 4260/4260/4260 4240/4240/4240 4259/4259/4259
f 4214/4214/4214 4280/4280/4280 4259/4259/4259
f 4272/4272/4272 4238/4238/4238 4239/4239/4239
f 4237/4237/4237 4238/4238/4238 4255/4255/4255
f 4258/4258/4258 4236/4236/4236 4279/4279/4279
f 4278/4278/4278 4236/4236/4236 4257/4257/4257
f 4257/4257/4257 4235/4235/4235 4277/4277/4277
f 4277/4277/4277 4235/4235/4235 4256/4256/4256
f 4276/4276/4276 4256/4256/4256 4234/4234/4234
f 4275/4275/4275 4234/4234/4234 4255/4255/4255
f 4253/4253/4253 4207/4207/4207 4274/4274/4274
f 4231/4231/4231 4211/4211/4211 4258/4258/4258
f 4250/4250/4250 4203/4203/4203 4273/4273/4273
f 4273/4273/4273 4203/4203/4203 4249/4249/4249
f 4251/4251/4251 4228/4228/4228 4230/4230/4230
f 4272/4272/4272 4239/4239/4239 4227/4227/4227
f 4227/4227/4227 4228/4228/4228 4251/4251/4251
f 4248/4248/4248 4199/4199/4199 4270/4270/4270
f 4226/4226/4226 4248/4248/4248 4271/4271/4271
f 4247/4247/4247 4270/4270/4270 4199/4199/4199
f 4202/4202/4202 4226/4226/4226 4249/4249/4249
f 4225/4225/4225 4246/4246/4246 4269/4269/4269
f 4198/4198/4198 4268/4268/4268 4246/4246/4246
f 4224/4224/4224 4223/4223/4223 4267/4267/4267
f 4225/4225/4225 4267/4267/4267 4223/4223/4223
f 4222/4222/4222 4245/4245/4245 4247/4247/4247
f 4245/4245/4245 4175/4175/4175 4266/4266/4266
f 4175/4175/4175 4244/4244/4244 4266/4266/4266
f 4221/4221/4221 4265/4265/4265 4244/4244/4244
f 4224/4224/4224 4265/4265/4265 4221/4221/4221
f 4264/4264/4264 4220/4220/4220 4242/4242/4242
f 4263/4263/4263 4219/4219/4219 4220/4220/4220
f 783/783/783 784/784/784 785/785/785
f 783/783/783 786/786/786 784/784/784
f 787/787/787 785/785/785 784/784/784
f 788/788/788 783/783/783 785/785/785
f 784/784/784 786/786/786 789/789/789
f 790/790/790 786/786/786 783/783/783
f 784/784/784 791/791/791 787/787/787
f 792/792/792 785/785/785 787/787/787
f 783/783/783 788/788/788 793/793/793
f 789/789/789 794/794/794 784/784/784
f 789/789/789 786/786/786 795/795/795
f 786/786/786 790/790/790 796/796/796
f 793/793/793 790/790/790 783/783/783
f 784/784/784 794/794/794 791/791/791
f 787/787/787 791/791/791 792/792/792
f 785/785/785 792/792/792 797/797/797
f 798/798/798 794/794/794 789/789/789
f 789/789/789 795/795/795 799/799/799
f 786/786/786 796/796/796 795/795/795
f 793/793/793 796/796/796 790/790/790
f 794/794/794 798/798/798 791/791/791
f 800/800/800 792/792/792 791/791/791
f 801/801/801 797/797/797 792/792/792
f 798/798/798 789/789/789 799/799/799
f 791/791/791 798/798/798 802/802/802
f 792/792/792 800/800/800 801/801/801
f 800/800/800 791/791/791 803/803/803
f 797/797/797 801/801/801 804/804/804
f 802/802/802 798/798/798 799/799/799
f 802/802/802 805/805/805 791/791/791
f 806/806/806 801/801/801 800/800/800
f 800/800/800 803/803/803 806/806/806
f 791/791/791 807/807/807 803/803/803
f 804/804/804 801/801/801 808/808/808
f 791/791/791 805/805/805 807/807/807
f 808/808/808 801/801/801 806/806/806
f 806/806/806 803/803/803 809/809/809
f 803/803/803 807/807/807 810/810/810
f 804/804/804 808/808/808 811/811/811
f 810/810/810 807/807/807 805/805/805
f 808/808/808 806/806/806 812/812/812
f 803/803/803 813/813/813 809/809/809
f 806/806/806 809/809/809 812/812/812
f 814/814/814 803/803/803 810/810/810
f 808/808/808 812/812/812 811/811/811
f 815/815/815 804/804/804 811/811/811
f 813/813/813 803/803/803 814/814/814
f 809/809/809 813/813/813 816/816/816
f 812/812/812 809/809/809 817/817/817
f 814/814/814 810/810/810 818/818/818
f 811/811/811 812/812/812 819/819/819
f 815/815/815 811/811/811 820/820/820
f 821/821/821 804/804/804 815/815/815
f 814/814/814 818/818/818 813/813/813
f 813/813/813 822/822/822 816/816/816
f 823/823/823 809/809/809 816/816/816
f 817/817/817 809/809/809 823/823/823
f 812/812/812 817/817/817 819/819/819
f 811/811/811 819/819/819 824/824/824
f 811/811/811 824/824/824 820/820/820
f 825/825/825 815/815/815 820/820/820
f 821/821/821 815/815/815 825/825/825
f 813/813/813 818/818/818 826/826/826
f 822/822/822 813/813/813 826/826/826
f 816/816/816 822/822/822 827/827/827
f 823/823/823 816/816/816 827/827/827
f 817/817/817 823/823/823 828/828/828
f 819/819/819 817/817/817 828/828/828
f 824/824/824 819/819/819 829/829/829
f 820/820/820 824/824/824 830/830/830
f 825/825/825 820/820/820 831/831/831
f 821/821/821 825/825/825 832/832/832
f 827/827/827 822/822/822 833/833/833
f 827/827/827 833/833/833 823/823/823
f 828/828/828 823/823/823 834/834/834
f 819/819/819 828/828/828 835/835/835
f 829/829/829 819/819/819 835/835/835
f 824/824/824 829/829/829 830/830/830
f 830/830/830 831/831/831 820/820/820
f 836/836/836 825/825/825 831/831/831
f 832/832/832 825/825/825 836/836/836
f 837/837/837 821/821/821 832/832/832
f 833/833/833 838/838/838 823/823/823
f 828/828/828 834/834/834 839/839/839
f 834/834/834 823/823/823 838/838/838
f 840/840/840 835/835/835 828/828/828
f 840/840/840 829/829/829 835/835/835
f 830/830/830 829/829/829 840/840/840
f 831/831/831 830/830/830 841/841/841
f 832/832/832 836/836/836 831/831/831
f 832/832/832 842/842/842 837/837/837
f 838/838/838 833/833/833 843/843/843
f 834/834/834 838/838/838 839/839/839
f 839/839/839 840/840/840 828/828/828
f 830/830/830 840/840/840 841/841/841
f 844/844/844 831/831/831 841/841/841
f 832/832/832 831/831/831 844/844/844
f 845/845/845 842/842/842 832/832/832
f 846/846/846 837/837/837 842/842/842
f 833/833/833 847/847/847 843/843/843
f 848/848/848 838/838/838 843/843/843
f 839/839/839 838/838/838 849/849/849
f 840/840/840 839/839/839 850/850/850
f 841/841/841 840/840/840 851/851/851
f 844/844/844 841/841/841 852/852/852
f 832/832/832 844/844/844 853/853/853
f 842/842/842 845/845/845 854/854/854
f 845/845/845 832/832/832 855/855/855
f 837/837/837 846/846/846 856/856/856
f 846/846/846 842/842/842 854/854/854
f 843/843/843 847/847/847 857/857/857
f 838/838/838 848/848/848 858/858/858
f 858/858/858 848/848/848 843/843/843
f 839/839/839 849/849/849 850/850/850
f 849/849/849 838/838/838 859/859/859
f 850/850/850 851/851/851 840/840/840
f 841/841/841 851/851/851 860/860/860
f 844/844/844 852/852/852 861/861/861
f 852/852/852 841/841/841 862/862/862
f 853/853/853 844/844/844 861/861/861
f 855/855/855 832/832/832 853/853/853
f 845/845/845 863/863/863 854/854/854
f 855/855/855 863/863/863 845/845/845
f 864/864/864 856/856/856 846/846/846
f 865/865/865 846/846/846 854/854/854
f 847/847/847 866/866/866 857/857/857
f 843/843/843 857/857/857 858/858/858
f 838/838/838 858/858/858 867/867/867
f 850/850/850 849/849/849 868/868/868
f 849/849/849 859/859/859 869/869/869
f 859/859/859 838/838/838 867/867/867
f 851/851/851 850/850/850 870/870/870
f 851/851/851 870/870/870 860/860/860
f 862/862/862 841/841/841 860/860/860
f 861/861/861 852/852/852 871/871/871
f 852/852/852 862/862/862 871/871/871
f 853/853/853 861/861/861 872/872/872
f 853/853/853 872/872/872 855/855/855
f 873/873/873 854/854/854 863/863/863
f 863/863/863 855/855/855 874/874/874
f 875/875/875 856/856/856 864/864/864
f 864/864/864 846/846/846 865/865/865
f 854/854/854 873/873/873 865/865/865
f 847/847/847 876/876/876 866/866/866
f 857/857/857 866/866/866 877/877/877
f 878/878/878 858/858/858 857/857/857
f 867/867/867 858/858/858 879/879/879
f 850/850/850 868/868/868 880/880/880
f 868/868/868 849/849/849 880/880/880
f 869/869/869 880/880/880 849/849/849
f 869/869/869 859/859/859 867/867/867
f 870/870/870 850/850/850 860/860/860
f 871/871/871 862/862/862 860/860/860
f 861/861/861 871/871/871 881/881/881
f 872/872/872 861/861/861 882/882/882
f 874/874/874 855/855/855 872/872/872
f 863/863/863 874/874/874 873/873/873
f 864/864/864 883/883/883 875/875/875
f 883/883/883 864/864/864 865/865/865
f 873/873/873 884/884/884 865/865/865
f 847/847/847 885/885/885 876/876/876
f 866/866/866 876/876/876 886/886/886
f 887/887/887 877/877/877 866/866/866
f 857/857/857 877/877/877 878/878/878
f 858/858/858 878/878/878 879/879/879
f 867/867/867 879/879/879 888/888/888
f 880/880/880 889/889/889 850/850/850
f 880/880/880 869/869/869 890/890/890
f 888/888/888 869/869/869 867/867/867
f 860/860/860 850/850/850 891/891/891
f 892/892/892 871/871/871 860/860/860
f 881/881/881 871/871/871 893/893/893
f 881/881/881 882/882/882 861/861/861
f 884/884/884 873/873/873 874/874/874
f 865/865/865 894/894/894 883/883/883
f 895/895/895 865/865/865 884/884/884
f 876/876/876 885/885/885 896/896/896
f 876/876/876 896/896/896 886/886/886
f 866/866/866 886/886/886 897/897/897
f 887/887/887 866/866/866 898/898/898
f 877/877/877 887/887/887 878/878/878
f 879/879/879 878/878/878 899/899/899
f 879/879/879 899/899/899 888/888/888
f 889/889/889 880/880/880 900/900/900
f 889/889/889 891/891/891 850/850/850
f 880/880/880 890/890/890 900/900/900
f 869/869/869 901/901/901 890/890/890
f 869/869/869 888/888/888 902/902/902
f 860/860/860 891/891/891 892/892/892
f 871/871/871 892/892/892 893/893/893
f 893/893/893 903/903/903 881/881/881
f 882/882/882 881/881/881 903/903/903
f 874/874/874 904/904/904 884/884/884
f 865/865/865 895/895/895 894/894/894
f 905/905/905 883/883/883 894/894/894
f 895/895/895 884/884/884 904/904/904
f 896/896/896 906/906/906 886/886/886
f 907/907/907 897/897/897 886/886/886
f 897/897/897 898/898/898 866/866/866
f 878/878/878 887/887/887 898/898/898
f 900/900/900 892/892/892 889/889/889
f 891/891/891 889/889/889 892/892/892
f 900/900/900 890/890/890 908/908/908
f 901/901/901 869/869/869 902/902/902
f 901/901/901 902/902/902 890/890/890
f 893/893/893 892/892/892 909/909/909
f 903/903/903 893/893/893 910/910/910
f 903/903/903 911/911/911 882/882/882
f 895/895/895 912/912/912 894/894/894
f 913/913/913 905/905/905 894/894/894
f 912/912/912 895/895/895 904/904/904
f 906/906/906 914/914/914 886/886/886
f 886/886/886 915/915/915 907/907/907
f 897/897/897 907/907/907 898/898/898
f 892/892/892 900/900/900 909/909/909
f 900/900/900 908/908/908 916/916/916
f 917/917/917 908/908/908 890/890/890
f 918/918/918 890/890/890 902/902/902
f 893/893/893 909/909/909 919/919/919
f 910/910/910 893/893/893 920/920/920
f 903/903/903 910/910/910 921/921/921
f 911/911/911 903/903/903 921/921/921
f 912/912/912 913/913/913 894/894/894
f 905/905/905 913/913/913 922/922/922
f 923/923/923 912/912/912 904/904/904
f 914/914/914 906/906/906 924/924/924
f 886/886/886 914/914/914 915/915/915
f 907/907/907 915/915/915 925/925/925
f 909/909/909 900/900/900 926/926/926
f 916/916/916 908/908/908 927/927/927
f 916/916/916 926/926/926 900/900/900
f 908/908/908 917/917/917 928/928/928
f 890/890/890 918/918/918 917/917/917
f 929/929/929 918/918/918 902/902/902
f 909/909/909 916/916/916 919/919/919
f 920/920/920 893/893/893 919/919/919
f 910/910/910 920/920/920 930/930/930
f 921/921/921 910/910/910 931/931/931
f 911/911/911 921/921/921 932/932/932
f 913/913/913 912/912/912 923/923/923
f 922/922/922 913/913/913 933/933/933
f 934/934/934 905/905/905 922/922/922
f 904/904/904 935/935/935 923/923/923
f 936/936/936 914/914/914 924/924/924
f 915/915/915 914/914/914 936/936/936
f 925/925/925 915/915/915 937/937/937
f 909/909/909 926/926/926 916/916/916
f 916/916/916 927/927/927 938/938/938
f 927/927/927 908/908/908 928/928/928
f 928/928/928 917/917/917 939/939/939
f 918/918/918 929/929/929 917/917/917
f 940/940/940 929/929/929 902/902/902
f 919/919/919 916/916/916 941/941/941
f 920/920/920 919/919/919 942/942/942
f 930/930/930 920/920/920 943/943/943
f 931/931/931 910/910/910 930/930/930
f 944/944/944 921/921/921 931/931/931
f 932/932/932 921/921/921 945/945/945
f 933/933/933 913/913/913 923/923/923
f 933/933/933 934/934/934 922/922/922
f 933/933/933 923/923/923 935/935/935
f 946/946/946 936/936/936 924/924/924
f 915/915/915 936/936/936 937/937/937
f 925/925/925 937/937/937 946/946/946
f 938/938/938 927/927/927 947/947/947
f 947/947/947 916/916/916 938/938/938
f 948/948/948 927/927/927 928/928/928
f 949/949/949 939/939/939 917/917/917
f 948/948/948 928/928/928 939/939/939
f 949/949/949 917/917/917 929/929/929
f 929/929/929 940/940/940 949/949/949
f 941/941/941 916/916/916 950/950/950
f 941/941/941 942/942/942 919/919/919
f 951/951/951 920/920/920 942/942/942
f 943/943/943 920/920/920 951/951/951
f 930/930/930 943/943/943 952/952/952
f 931/931/931 930/930/930 952/952/952
f 945/945/945 921/921/921 944/944/944
f 953/953/953 944/944/944 931/931/931
f 932/932/932 945/945/945 954/954/954
f 936/936/936 946/946/946 937/937/937
f 955/955/955 947/947/947 927/927/927
f 947/947/947 950/950/950 916/916/916
f 927/927/927 948/948/948 956/956/956
f 956/956/956 939/939/939 949/949/949
f 956/956/956 948/948/948 939/939/939
f 940/940/940 957/957/957 949/949/949
f 950/950/950 958/958/958 941/941/941
f 942/942/942 941/941/941 958/958/958
f 942/942/942 958/958/958 951/951/951
f 943/943/943 951/951/951 959/959/959
f 952/952/952 943/943/943 960/960/960
f 931/931/931 952/952/952 960/960/960
f 945/945/945 944/944/944 954/954/954
f 954/954/954 944/944/944 953/953/953
f 953/953/953 931/931/931 961/961/961
f 927/927/927 956/956/956 955/955/955
f 947/947/947 955/955/955 962/962/962
f 962/962/962 950/950/950 947/947/947
f 963/963/963 956/956/956 949/949/949
f 949/949/949 957/957/957 964/964/964
f 958/958/958 950/950/950 965/965/965
f 951/951/951 958/958/958 959/959/959
f 959/959/959 966/966/966 943/943/943
f 960/960/960 943/943/943 966/966/966
f 960/960/960 967/967/967 931/931/931
f 954/954/954 953/953/953 968/968/968
f 953/953/953 961/961/961 969/969/969
f 967/967/967 961/961/961 931/931/931
f 955/955/955 956/956/956 970/970/970
f 971/971/971 962/962/962 955/955/955
f 950/950/950 962/962/962 972/972/972
f 973/973/973 956/956/956 963/963/963
f 949/949/949 964/964/964 963/963/963
f 964/964/964 957/957/957 974/974/974
f 965/965/965 950/950/950 972/972/972
f 975/975/975 958/958/958 965/965/965
f 959/959/959 958/958/958 975/975/975
f 975/975/975 966/966/966 959/959/959
f 960/960/960 966/966/966 976/976/976
f 967/967/967 960/960/960 977/977/977
f 968/968/968 953/953/953 969/969/969
f 969/969/969 961/961/961 978/978/978
f 961/961/961 967/967/967 977/977/977
f 973/973/973 970/970/970 956/956/956
f 955/955/955 970/970/970 971/971/971
f 962/962/962 971/971/971 979/979/979
f 972/972/972 962/962/962 980/980/980
f 963/963/963 981/981/981 973/973/973
f 964/964/964 974/974/974 963/963/963
f 965/965/965 972/972/972 982/982/982
f 975/975/975 965/965/965 982/982/982
f 966/966/966 975/975/975 983/983/983
f 976/976/976 966/966/966 984/984/984
f 977/977/977 960/960/960 976/976/976
f 968/968/968 969/969/969 985/985/985
f 961/961/961 977/977/977 978/978/978
f 969/969/969 978/978/978 985/985/985
f 970/970/970 973/973/973 986/986/986
f 970/970/970 987/987/987 971/971/971
f 979/979/979 971/971/971 988/988/988
f 979/979/979 980/980/980 962/962/962
f 972/972/972 980/980/980 982/982/982
f 973/973/973 981/981/981 989/989/989
f 981/981/981 963/963/963 990/990/990
f 963/963/963 974/974/974 990/990/990
f 982/982/982 991/991/991 975/975/975
f 966/966/966 983/983/983 992/992/992
f 983/983/983 975/975/975 993/993/993
f 992/992/992 984/984/984 966/966/966
f 977/977/977 976/976/976 984/984/984
f 978/978/978 977/977/977 994/994/994
f 978/978/978 994/994/994 985/985/985
f 995/995/995 986/986/986 973/973/973
f 986/986/986 987/987/987 970/970/970
f 971/971/971 987/987/987 988/988/988
f 979/979/979 988/988/988 996/996/996
f 980/980/980 979/979/979 997/997/997
f 998/998/998 982/982/982 980/980/980
f 981/981/981 999/999/999 989/989/989
f 973/973/973 989/989/989 995/995/995
f 999/999/999 981/981/981 990/990/990
f 991/991/991 982/982/982 1000/1000/1000
f 975/975/975 991/991/991 993/993/993
f 993/993/993 992/992/992 983/983/983
f 984/984/984 992/992/992 1001/1001/1001
f 984/984/984 994/994/994 977/977/977
f 986/986/986 995/995/995 1002/1002/1002
f 987/987/987 986/986/986 988/988/988
f 1003/1003/1003 996/996/996 988/988/988
f 996/996/996 997/997/997 979/979/979
f 997/997/997 998/998/998 980/980/980
f 982/982/982 998/998/998 1004/1004/1004
f 1000/1000/1000 982/982/982 1005/1005/1005
f 1000/1000/1000 993/993/993 991/991/991
f 992/992/992 993/993/993 1001/1001/1001
f 1006/1006/1006 984/984/984 1001/1001/1001
f 994/994/994 984/984/984 1006/1006/1006
f 988/988/988 986/986/986 1002/1002/1002
f 988/988/988 1002/1002/1002 1003/1003/1003
f 996/996/996 1003/1003/1003 1007/1007/1007
f 997/997/997 996/996/996 1004/1004/1004
f 998/998/998 997/997/997 1004/1004/1004
f 1004/1004/1004 1005/1005/1005 982/982/982
f 1004/1004/1004 1000/1000/1000 1005/1005/1005
f 993/993/993 1000/1000/1000 1008/1008/1008
f 1001/1001/1001 993/993/993 1008/1008/1008
f 1006/1006/1006 1001/1001/1001 1009/1009/1009
f 1007/1007/1007 1003/1003/1003 1010/1010/1010
f 1007/1007/1007 1011/1011/1011 996/996/996
f 1004/1004/1004 996/996/996 1012/1012/1012
f 1000/1000/1000 1004/1004/1004 1013/1013/1013
f 1008/1008/1008 1000/1000/1000 1014/1014/1014
f 1001/1001/1001 1008/1008/1008 1009/1009/1009
f 1007/1007/1007 1010/1010/1010 1015/1015/1015
f 1011/1011/1011 1007/1007/1007 1015/1015/1015
f 1011/1011/1011 1012/1012/1012 996/996/996
f 1012/1012/1012 1016/1016/1016 1004/1004/1004
f 1004/1004/1004 1017/1017/1017 1013/1013/1013
f 1014/1014/1014 1000/1000/1000 1013/1013/1013
f 1014/1014/1014 1009/1009/1009 1008/1008/1008
f 1012/1012/1012 1011/1011/1011 1015/1015/1015
f 1016/1016/1016 1017/1017/1017 1004/1004/1004
f 1016/1016/1016 1012/1012/1012 1018/1018/1018
f 1013/1013/1013 1017/1017/1017 1018/1018/1018
f 1014/1014/1014 1013/1013/1013 1019/1019/1019
f 1009/1009/1009 1014/1014/1014 1019/1019/1019
f 1012/1012/1012 1015/1015/1015 1018/1018/1018
f 1017/1017/1017 1016/1016/1016 1018/1018/1018
f 1018/1018/1018 1020/1020/1020 1013/1013/1013
f 1019/1019/1019 1013/1013/1013 1020/1020/1020
f 4243/4243/4243 4262/4262/4262 4218/4218/4218
f 4243/4243/4243 4217/4217/4217 4241/4241/4241
f 4216/4216/4216 4261/4261/4261 4242/4242/4242
f 4218/4218/4218 4261/4261/4261 4216/4216/4216
f 4241/4241/4241 4215/4215/4215 4260/4260/4260
f 4260/4260/4260 4215/4215/4215 4240/4240/4240
f 4214/4214/4214 4259/4259/4259 4240/4240/4240
f 4213/4213/4213 4160/4160/4160 4239/4239/4239
f 4212/4212/4212 4238/4238/4238 4237/4237/4237
f 4238/4238/4238 4170/4170/4170 4239/4239/4239
f 4209/4209/4209 4237/4237/4237 4255/4255/4255
f 4258/4258/4258 4211/4211/4211 4236/4236/4236
f 4236/4236/4236 4168/4168/4168 4257/4257/4257
f 4257/4257/4257 4168/4168/4168 4235/4235/4235
f 4235/4235/4235 4210/4210/4210 4256/4256/4256
f 4256/4256/4256 4210/4210/4210 4234/4234/4234
f 4255/4255/4255 4234/4234/4234 4209/4209/4209
f 4188/4188/4188 4254/4254/4254 4208/4208/4208
f 4254/4254/4254 4188/4188/4188 4233/4233/4233
f 4253/4253/4253 4233/4233/4233 4207/4207/4207
f 4232/4232/4232 4205/4205/4205 4252/4252/4252
f 4231/4231/4231 4252/4252/4252 4205/4205/4205
f 4211/4211/4211 4231/4231/4231 4183/4183/4183
f 4251/4251/4251 4230/4230/4230 4204/4204/4204
f 4204/4204/4204 4229/4229/4229 4251/4251/4251
f 4203/4203/4203 4250/4250/4250 4229/4229/4229
f 4203/4203/4203 4201/4201/4201 4249/4249/4249
f 4249/4249/4249 4201/4201/4201 4202/4202/4202
f 4228/4228/4228 4159/4159/4159 4230/4230/4230
f 4239/4239/4239 4160/4160/4160 4227/4227/4227
f 4200/4200/4200 4228/4228/4228 4227/4227/4227
f 4248/4248/4248 4226/4226/4226 4199/4199/4199
f 4199/4199/4199 4222/4222/4222 4247/4247/4247
f 4202/4202/4202 4178/4178/4178 4226/4226/4226
f 4198/4198/4198 4246/4246/4246 4225/4225/4225
f 4223/4223/4223 4224/4224/4224 4197/4197/4197
f 4223/4223/4223 4176/4176/4176 4225/4225/4225
f 4222/4222/4222 4175/4175/4175 4245/4245/4245
f 4221/4221/4221 4244/4244/4244 4175/4175/4175
f 4221/4221/4221 4177/4177/4177 4224/4224/4224
f 4174/4174/4174 4242/4242/4242 4220/4220/4220
f 4220/4220/4220 4219/4219/4219 4196/4196/4196
f 4218/4218/4218 4195/4195/4195 4243/4243/4243
f 4217/4217/4217 4243/4243/4243 4195/4195/4195
f 4217/4217/4217 4194/4194/4194 4241/4241/4241
f 4216/4216/4216 4242/4242/4242 4174/4174/4174
f 4216/4216/4216 4153/4153/4153 4218/4218/4218
f 4241/4241/4241 4194/4194/4194 4215/4215/4215
f 4215/4215/4215 4171/4171/4171 4240/4240/4240
f 4240/4240/4240 4171/4171/4171 4214/4214/4214
f 4239/4239/4239 4170/4170/4170 4213/4213/4213
f 4213/4213/4213 4192/4192/4192 4160/4160/4160
f 4169/4169/4169 4212/4212/4212 4237/4237/4237
f 4238/4238/4238 4212/4212/4212 4170/4170/4170
f 4237/4237/4237 4209/4209/4209 4169/4169/4169
f 4211/4211/4211 4168/4168/4168 4236/4236/4236
f 4168/4168/4168 4210/4210/4210 4235/4235/4235
f 4234/4234/4234 4210/4210/4210 4191/4191/4191
f 4191/4191/4191 4209/4209/4209 4234/4234/4234
f 4208/4208/4208 4189/4189/4189 4188/4188/4188
f 4207/4207/4207 4233/4233/4233 4188/4188/4188
f 4206/4206/4206 4184/4184/4184 4232/4232/4232
f 4187/4187/4187 4185/4185/4185 4206/4206/4206
f 4232/4232/4232 4184/4184/4184 4205/4205/4205
f 4205/4205/4205 4183/4183/4183 4231/4231/4231
f 4183/4183/4183 4182/4182/4182 4211/4211/4211
f 4230/4230/4230 4159/4159/4159 4204/4204/4204
f 4229/4229/4229 4204/4204/4204 4181/4181/4181
f 4181/4181/4181 4203/4203/4203 4229/4229/4229
f 4203/4203/4203 4162/4162/4162 4201/4201/4201
f 4161/4161/4161 4202/4202/4202 4201/4201/4201
f 4200/4200/4200 4159/4159/4159 4228/4228/4228
f 4160/4160/4160 4200/4200/4200 4227/4227/4227
f 4226/4226/4226 4178/4178/4178 4199/4199/4199
f 4158/4158/4158 4222/4222/4222 4199/4199/4199
f 4179/4179/4179 4178/4178/4178 4202/4202/4202
f 4176/4176/4176 4198/4198/4198 4225/4225/4225
f 4177/4177/4177 4197/4197/4197 4224/4224/4224
f 4176/4176/4176 4223/4223/4223 4197/4197/4197
f 4158/4158/4158 4175/4175/4175 4222/4222/4222
f 4177/4177/4177 4221/4221/4221 4175/4175/4175
f 4220/4220/4220 4196/4196/4196 4174/4174/4174
f 4140/4140/4140 4196/4196/4196 4219/4219/4219
f 4218/4218/4218 4153/4153/4153 4195/4195/4195
f 1021/1021/1021 1022/1022/1022 1023/1023/1023
f 1021/1021/1021 1024/1024/1024 1022/1022/1022
f 1023/1023/1023 1025/1025/1025 1021/1021/1021
f 1026/1026/1026 1024/1024/1024 1021/1021/1021
f 1026/1026/1026 1021/1021/1021 1025/1025/1025
f 155/155/155 1027/1027/1027 166/166/166
f 189/189/189 166/166/166 1027/1027/1027
f 1028/1028/1028 189/189/189 1027/1027/1027
f 1029/1029/1029 1030/1030/1030 1031/1031/1031
f 1032/1032/1032 1030/1030/1030 1029/1029/1029
f 1032/1032/1032 1029/1029/1029 1033/1033/1033
f 1034/1034/1034 1033/1033/1033 1029/1029/1029
f 1033/1033/1033 1035/1035/1035 1032/1032/1032
f 4195/4195/4195 4173/4173/4173 4217/4217/4217
f 4194/4194/4194 4217/4217/4217 4173/4173/4173
f 131/131/131 780/780/780 1036/1036/1036
f 4153/4153/4153 4216/4216/4216 4174/4174/4174
f 4194/4194/4194 4172/4172/4172 4215/4215/4215
f 4171/4171/4171 4215/4215/4215 4172/4172/4172
f 4171/4171/4171 4193/4193/4193 4214/4214/4214
f 4170/4170/4170 4192/4192/4192 4213/4213/4213
f 4160/4160/4160 4192/4192/4192 4152/4152/4152
f 4169/4169/4169 4170/4170/4170 4212/4212/4212
f 4167/4167/4167 4169/4169/4169 4209/4209/4209
f 4182/4182/4182 4168/4168/4168 4211/4211/4211
f 4168/4168/4168 4191/4191/4191 4210/4210/4210
f 4209/4209/4209 4191/4191/4191 4167/4167/4167
f 4193/4193/4193 4149/4149/4149 4190/4190/4190
f 4190/4190/4190 4166/4166/4166 4208/4208/4208
f 4208/4208/4208 4166/4166/4166 4189/4189/4189
f 4188/4188/4188 4189/4189/4189 4148/4148/4148
f 4188/4188/4188 4147/4147/4147 4207/4207/4207
f 4207/4207/4207 4147/4147/4147 4186/4186/4186
f 4206/4206/4206 4164/4164/4164 4184/4184/4184
f 4187/4187/4187 4133/4133/4133 4185/4185/4185
f 4185/4185/4185 4164/4164/4164 4206/4206/4206
f 4205/4205/4205 4184/4184/4184 4163/4163/4163
f 4163/4163/4163 4183/4183/4183 4205/4205/4205
f 4182/4182/4182 4183/4183/4183 4145/4145/4145
f 4159/4159/4159 4181/4181/4181 4204/4204/4204
f 4162/4162/4162 4203/4203/4203 4181/4181/4181
f 4202/4202/4202 4161/4161/4161 4179/4179/4179
f 4201/4201/4201 4162/4162/4162 4161/4161/4161
f 4152/4152/4152 4180/4180/4180 4160/4160/4160
f 4160/4160/4160 4159/4159/4159 4200/4200/4200
f 4199/4199/4199 4178/4178/4178 4158/4158/4158
f 4179/4179/4179 4142/4142/4142 4178/4178/4178
f 4176/4176/4176 4157/4157/4157 4198/4198/4198
f 4177/4177/4177 4156/4156/4156 4197/4197/4197
f 4197/4197/4197 4156/4156/4156 4176/4176/4176
f 4155/4155/4155 4175/4175/4175 4158/4158/4158
f 4127/4127/4127 4177/4177/4177 4175/4175/4175
f 4140/4140/4140 4174/4174/4174 4196/4196/4196
f 4173/4173/4173 4195/4195/4195 4153/4153/4153
f 4173/4173/4173 4139/4139/4139 4194/4194/4194
f 4174/4174/4174 4154/4154/4154 4153/4153/4153
f 4172/4172/4172 4194/4194/4194 4139/4139/4139
f 4172/4172/4172 4138/4138/4138 4171/4171/4171
f 4171/4171/4171 4149/4149/4149 4193/4193/4193
f 4152/4152/4152 4192/4192/4192 4170/4170/4170
f 4136/4136/4136 4170/4170/4170 4169/4169/4169
f 4169/4169/4169 4167/4167/4167 4151/4151/4151
f 4182/4182/4182 4150/4150/4150 4168/4168/4168
f 4191/4191/4191 4168/4168/4168 4135/4135/4135
f 4135/4135/4135 4167/4167/4167 4191/4191/4191
f 4166/4166/4166 4190/4190/4190 4149/4149/4149
f 4189/4189/4189 4166/4166/4166 4148/4148/4148
f 4147/4147/4147 4188/4188/4188 4148/4148/4148
f 4186/4186/4186 4146/4146/4146 4165/4165/4165
f 4165/4165/4165 4133/4133/4133 4187/4187/4187
f 4146/4146/4146 4186/4186/4186 4147/4147/4147
f 4164/4164/4164 4132/4132/4132 4184/4184/4184
f 4164/4164/4164 4185/4185/4185 4133/4133/4133
f 4184/4184/4184 4132/4132/4132 4163/4163/4163
f 4163/4163/4163 4145/4145/4145 4183/4183/4183
f 4145/4145/4145 4150/4150/4150 4182/4182/4182
f 4180/4180/4180 4152/4152/4152 4131/4131/4131
f 4159/4159/4159 4144/4144/4144 4181/4181/4181
f 4144/4144/4144 4162/4162/4162 4181/4181/4181
f 4161/4161/4161 4143/4143/4143 4179/4179/4179
f 4116/4116/4116 4161/4161/4161 4162/4162/4162
f 4160/4160/4160 4180/4180/4180 4131/4131/4131
f 4159/4159/4159 4160/4160/4160 4129/4129/4129
f 4143/4143/4143 4142/4142/4142 4179/4179/4179
f 4178/4178/4178 4142/4142/4142 4158/4158/4158
f 4141/4141/4141 4157/4157/4157 4176/4176/4176
f 4127/4127/4127 4156/4156/4156 4177/4177/4177
f 4156/4156/4156 4141/4141/4141 4176/4176/4176
f 4158/4158/4158 4114/4114/4114 4155/4155/4155
f 4175/4175/4175 4155/4155/4155 4127/4127/4127
f 4174/4174/4174 4140/4140/4140 4154/4154/4154
f 4153/4153/4153 4139/4139/4139 4173/4173/4173
f 4154/4154/4154 4126/4126/4126 4153/4153/4153
f 4138/4138/4138 4172/4172/4172 4139/4139/4139
f 4149/4149/4149 4171/4171/4171 4138/4138/4138
f 4170/4170/4170 4136/4136/4136 4152/4152/4152
f 4167/4167/4167 4123/4123/4123 4151/4151/4151
f 4151/4151/4151 4136/4136/4136 4169/4169/4169
f 4150/4150/4150 4135/4135/4135 4168/4168/4168
f 4167/4167/4167 4135/4135/4135 4123/4123/4123
f 4149/4149/4149 4121/4121/4121 4166/4166/4166
f 4148/4148/4148 4166/4166/4166 4121/4121/4121
f 4148/4148/4148 4134/4134/4134 4119/4119/4119
f 4148/4148/4148 4119/4119/4119 4147/4147/4147
f 4146/4146/4146 4133/4133/4133 4165/4165/4165
f 4147/4147/4147 4118/4118/4118 4146/4146/4146
f 4132/4132/4132 4164/4164/4164 4133/4133/4133
f 4132/4132/4132 4145/4145/4145 4163/4163/4163
f 4145/4145/4145 4093/4093/4093 4150/4150/4150
f 4137/4137/4137 4131/4131/4131 4152/4152/4152
f 4130/4130/4130 4144/4144/4144 4159/4159/4159
f 4116/4116/4116 4162/4162/4162 4144/4144/4144
f 4116/4116/4116 4143/4143/4143 4161/4161/4161
f 4131/4131/4131 4129/4129/4129 4160/4160/4160
f 4159/4159/4159 4129/4129/4129 4130/4130/4130
f 4143/4143/4143 4115/4115/4115 4142/4142/4142
f 4158/4158/4158 4142/4142/4142 4114/4114/4114
f 4113/4113/4113 4157/4157/4157 4141/4141/4141
f 4127/4127/4127 4141/4141/4141 4156/4156/4156
f 4114/4114/4114 4127/4127/4127 4155/4155/4155
f 4126/4126/4126 4154/4154/4154 4140/4140/4140
f 4153/4153/4153 4126/4126/4126 4139/4139/4139
f 4139/4139/4139 4125/4125/4125 4138/4138/4138
f 4138/4138/4138 4111/4111/4111 4149/4149/4149
f 4109/4109/4109 4137/4137/4137 4152/4152/4152
f 4109/4109/4109 4152/4152/4152 4136/4136/4136
f 4123/4123/4123 4136/4136/4136 4151/4151/4151
f 4135/4135/4135 4150/4150/4150 4093/4093/4093
f 4135/4135/4135 4122/4122/4122 4123/4123/4123
f 4121/4121/4121 4149/4149/4149 4111/4111/4111
f 4121/4121/4121 4134/4134/4134 4148/4148/4148
f 4134/4134/4134 4120/4120/4120 4119/4119/4119
f 4147/4147/4147 4119/4119/4119 4118/4118/4118
f 4146/4146/4146 4118/4118/4118 4133/4133/4133
f 4133/4133/4133 4117/4117/4117 4132/4132/4132
f 4132/4132/4132 4093/4093/4093 4145/4145/4145
f 4117/4117/4117 4133/4133/4133 4106/4106/4106
f 4131/4131/4131 4137/4137/4137 4110/4110/4110
f 4144/4144/4144 4130/4130/4130 4116/4116/4116
f 4116/4116/4116 4128/4128/4128 4143/4143/4143
f 4129/4129/4129 4131/4131/4131 4104/4104/4104
f 4130/4130/4130 4129/4129/4129 4103/4103/4103
f 4128/4128/4128 4115/4115/4115 4143/4143/4143
f 4115/4115/4115 4114/4114/4114 4142/4142/4142
f 4127/4127/4127 4113/4113/4113 4141/4141/4141
f 4101/4101/4101 4127/4127/4127 4114/4114/4114
f 4140/4140/4140 4087/4087/4087 4126/4126/4126
f 4139/4139/4139 4126/4126/4126 4112/4112/4112
f 4125/4125/4125 4139/4139/4139 4112/4112/4112
f 4111/4111/4111 4138/4138/4138 4125/4125/4125
f 4124/4124/4124 4110/4110/4110 4137/4137/4137
f 4124/4124/4124 4137/4137/4137 4109/4109/4109
f 4123/4123/4123 4109/4109/4109 4136/4136/4136
f 4122/4122/4122 4096/4096/4096 4123/4123/4123
f 4093/4093/4093 4122/4122/4122 4135/4135/4135
f 4111/4111/4111 4108/4108/4108 4121/4121/4121
f 4121/4121/4121 4095/4095/4095 4134/4134/4134
f 4120/4120/4120 4134/4134/4134 4095/4095/4095
f 4120/4120/4120 4094/4094/4094 4119/4119/4119
f 4119/4119/4119 4107/4107/4107 4118/4118/4118
f 4118/4118/4118 4106/4106/4106 4133/4133/4133
f 4117/4117/4117 4093/4093/4093 4132/4132/4132
f 4106/4106/4106 4105/4105/4105 4117/4117/4117
f 4110/4110/4110 4104/4104/4104 4131/4131/4131
f 4103/4103/4103 4116/4116/4116 4130/4130/4130
f 4091/4091/4091 4128/4128/4128 4116/4116/4116
f 4104/4104/4104 4103/4103/4103 4129/4129/4129
f 4128/4128/4128 4091/4091/4091 4115/4115/4115
f 4115/4115/4115 4100/4100/4100 4114/4114/4114
f 4102/4102/4102 4101/4101/4101 4114/4114/4114
f 4101/4101/4101 4113/4113/4113 4127/4127/4127
f 4100/4100/4100 4090/4090/4090 4114/4114/4114
f 4126/4126/4126 4087/4087/4087 4112/4112/4112
f 4086/4086/4086 4125/4125/4125 4112/4112/4112
f 4125/4125/4125 4086/4086/4086 4111/4111/4111
f 4111/4111/4111 4098/4098/4098 4108/4108/4108
f 4111/4111/4111 4099/4099/4099 4098/4098/4098
f 4084/4084/4084 4110/4110/4110 4124/4124/4124
f 4097/4097/4097 4092/4092/4092 4110/4110/4110
f 4084/4084/4084 4124/4124/4124 4109/4109/4109
f 4096/4096/4096 4109/4109/4109 4123/4123/4123
f 4093/4093/4093 4096/4096/4096 4122/4122/4122
f 4095/4095/4095 4121/4121/4121 4108/4108/4108
f 4094/4094/4094 4120/4120/4120 4095/4095/4095
f 4119/4119/4119 4094/4094/4094 4107/4107/4107
f 4107/4107/4107 4082/4082/4082 4118/4118/4118
f 4106/4106/4106 4118/4118/4118 4082/4082/4082
f 4117/4117/4117 4105/4105/4105 4093/4093/4093
f 4106/4106/4106 4081/4081/4081 4105/4105/4105
f 4092/4092/4092 4104/4104/4104 4110/4110/4110
f 4103/4103/4103 4091/4091/4091 4116/4116/4116
f 4103/4103/4103 4104/4104/4104 4064/4064/4064
f 4091/4091/4091 4100/4100/4100 4115/4115/4115
f 4090/4090/4090 4102/4102/4102 4114/4114/4114
f 4101/4101/4101 4102/4102/4102 4062/4062/4062
f 4089/4089/4089 4113/4113/4113 4101/4101/4101
f 4089/4089/4089 4088/4088/4088 4113/4113/4113
f 4076/4076/4076 4090/4090/4090 4100/4100/4100
f 4086/4086/4086 4112/4112/4112 4087/4087/4087
f 4086/4086/4086 4099/4099/4099 4111/4111/4111
f 4083/4083/4083 4108/4108/4108 4098/4098/4098
f 4099/4099/4099 4057/4057/4057 4098/4098/4098
f 4097/4097/4097 4110/4110/4110 4084/4084/4084
f 4041/4041/4041 4092/4092/4092 4097/4097/4097
f 4109/4109/4109 4096/4096/4096 4084/4084/4084
f 4093/4093/4093 4071/4071/4071 4096/4096/4096
f 4108/4108/4108 4083/4083/4083 4095/4095/4095
f 4094/4094/4094 4095/4095/4095 4070/4070/4070
f 4094/4094/4094 4082/4082/4082 4107/4107/4107
f 4082/4082/4082 4081/4081/4081 4106/4106/4106
f 4081/4081/4081 4093/4093/4093 4105/4105/4105
f 4080/4080/4080 4079/4079/4079 4093/4093/4093
f 4093/4093/4093 4079/4079/4079 4085/4085/4085
f 4092/4092/4092 4064/4064/4064 4104/4104/4104
f 4064/4064/4064 4091/4091/4091 4103/4103/4103
f 4065/4065/4065 4100/4100/4100 4091/4091/4091
f 4076/4076/4076 4077/4077/4077 4090/4090/4090
f 4090/4090/4090 4062/4062/4062 4102/4102/4102
f 4101/4101/4101 4062/4062/4062 4089/4089/4089
f 4061/4061/4061 4088/4088/4088 4089/4089/4089
f 4065/4065/4065 4076/4076/4076 4100/4100/4100
f 3593/3593/3593 4075/4075/4075 4074/4074/4074
f 4087/4087/4087 4058/4058/4058 4086/4086/4086
f 4086/4086/4086 4057/4057/4057 4099/4099/4099
f 4083/4083/4083 4098/4098/4098 4072/4072/4072
f 4057/4057/4057 4072/4072/4072 4098/4098/4098
f 4041/4041/4041 4066/4066/4066 4092/4092/4092
f 4085/4085/4085 4071/4071/4071 4093/4093/4093
f 4041/4041/4041 4097/4097/4097 4084/4084/4084
f 4071/4071/4071 4084/4084/4084 4096/4096/4096
f 4083/4083/4083 4070/4070/4070 4095/4095/4095
f 4082/4082/4082 4094/4094/4094 4070/4070/4070
f 4082/4082/4082 4069/4069/4069 4081/4081/4081
f 4081/4081/4081 4068/4068/4068 4093/4093/4093
f 4068/4068/4068 4080/4080/4080 4093/4093/4093
f 4080/4080/4080 4053/4053/4053 4079/4079/4079
f 4079/4079/4079 4055/4055/4055 4085/4085/4085
f 4066/4066/4066 4078/4078/4078 4092/4092/4092
f 4078/4078/4078 4064/4064/4064 4092/4092/4092
f 4091/4091/4091 4064/4064/4064 4065/4065/4065
f 4063/4063/4063 4077/4077/4077 4076/4076/4076
f 4077/4077/4077 4062/4062/4062 4090/4090/4090
f 4089/4089/4089 4062/4062/4062 4061/4061/4061
f 4061/4061/4061 4060/4060/4060 4088/4088/4088
f 4065/4065/4065 4046/4046/4046 4076/4076/4076
f 4075/4075/4075 4045/4045/4045 4074/4074/4074
f 4074/4074/4074 3575/3575/3575 3593/3593/3593
f 4058/4058/4058 4087/4087/4087 4073/4073/4073
f 4086/4086/4086 4058/4058/4058 4057/4057/4057
f 4072/4072/4072 4029/4029/4029 4083/4083/4083
f 4057/4057/4057 4056/4056/4056 4072/4072/4072
f 4067/4067/4067 4066/4066/4066 4041/4041/4041
f 4071/4071/4071 4085/4085/4085 4055/4055/4055
f 4071/4071/4071 4041/4041/4041 4084/4084/4084
f 4083/4083/4083 4029/4029/4029 4070/4070/4070
f 4070/4070/4070 4054/4054/4054 4082/4082/4082
f 4054/4054/4054 4069/4069/4069 4082/4082/4082
f 4069/4069/4069 4040/4040/4040 4081/4081/4081
f 4068/4068/4068 4081/4081/4081 4040/4040/4040
f 4068/4068/4068 4053/4053/4053 4080/4080/4080
f 4055/4055/4055 4079/4079/4079 4053/4053/4053
f 4078/4078/4078 4066/4066/4066 4050/4050/4050
f 4066/4066/4066 4067/4067/4067 4039/4039/4039
f 4064/4064/4064 4078/4078/4078 4050/4050/4050
f 4037/4037/4037 4065/4065/4065 4064/4064/4064
f 4049/4049/4049 4063/4063/4063 4076/4076/4076
f 4063/4063/4063 4048/4048/4048 4077/4077/4077
f 4062/4062/4062 4077/4077/4077 4048/4048/4048
f 4062/4062/4062 4035/4035/4035 4061/4061/4061
f 4047/4047/4047 4060/4060/4060 4061/4061/4061
f 4065/4065/4065 4051/4051/4051 4046/4046/4046
f 4076/4076/4076 4046/4046/4046 4049/4049/4049
f 4075/4075/4075 4034/4034/4034 4059/4059/4059
f 4059/4059/4059 4045/4045/4045 4075/4075/4075
f 3575/3575/3575 4074/4074/4074 4045/4045/4045
f 3575/3575/3575 4044/4044/4044 3565/3565/3565
f 4044/4044/4044 3549/3549/3549 3565/3565/3565
f 4073/4073/4073 3987/3987/3987 4058/4058/4058
f 4058/4058/4058 4043/4043/4043 4057/4057/4057
f 4056/4056/4056 4057/4057/4057 4030/4030/4030
f 4029/4029/4029 4072/4072/4072 4056/4056/4056
f 4052/4052/4052 4067/4067/4067 4041/4041/4041
f 4055/4055/4055 4041/4041/4041 4071/4071/4071
f 4029/4029/4029 4027/4027/4027 4070/4070/4070
f 4070/4070/4070 4027/4027/4027 4054/4054/4054
f 4040/4040/4040 4069/4069/4069 4054/4054/4054
f 4040/4040/4040 4053/4053/4053 4068/4068/4068
f 4053/4053/4053 4017/4017/4017 4055/4055/4055
f 4067/4067/4067 4052/4052/4052 4039/4039/4039
f 4038/4038/4038 4050/4050/4050 4066/4066/4066
f 4039/4039/4039 4038/4038/4038 4066/4066/4066
f 4065/4065/4065 4037/4037/4037 4051/4051/4051
f 4050/4050/4050 4037/4037/4037 4064/4064/4064
f 4049/4049/4049 4036/4036/4036 4063/4063/4063
f 4036/4036/4036 4048/4048/4048 4063/4063/4063
f 4048/4048/4048 4035/4035/4035 4062/4062/4062
f 4061/4061/4061 4035/4035/4035 4047/4047/4047
f 4060/4060/4060 4047/4047/4047 4023/4023/4023
f 4051/4051/4051 3997/3997/3997 4046/4046/4046
f 4046/4046/4046 4024/4024/4024 4049/4049/4049
f 4034/4034/4034 4033/4033/4033 4059/4059/4059
f 4045/4045/4045 4059/4059/4059 4033/4033/4033
f 3575/3575/3575 4045/4045/4045 4020/4020/4020
f 4020/4020/4020 4044/4044/4044 3575/3575/3575
f 4032/4032/4032 3549/3549/3549 4044/4044/4044
f 3549/3549/3549 4032/4032/4032 3541/3541/3541
f 4031/4031/4031 3530/3530/3530 3534/3534/3534
f 4030/4030/4030 4042/4042/4042 4056/4056/4056
f 4058/4058/4058 3987/3987/3987 4043/4043/4043
f 4043/4043/4043 4030/4030/4030 4057/4057/4057
f 4056/4056/4056 4042/4042/4042 4029/4029/4029
f 4026/4026/4026 4052/4052/4052 4041/4041/4041
f 4017/4017/4017 4041/4041/4041 4055/4055/4055
f 4029/4029/4029 4028/4028/4028 4027/4027/4027
f 4040/4040/4040 4054/4054/4054 4027/4027/4027
f 4040/4040/4040 4017/4017/4017 4053/4053/4053
f 4026/4026/4026 4039/4039/4039 4052/4052/4052
f 4038/4038/4038 4025/4025/4025 4050/4050/4050
f 4038/4038/4038 4039/4039/4039 3998/3998/3998
f 4037/4037/4037 3997/3997/3997 4051/4051/4051
f 4050/4050/4050 4025/4025/4025 4037/4037/4037
f 4024/4024/4024 4036/4036/4036 4049/4049/4049
f 4036/4036/4036 4013/4013/4013 4048/4048/4048
f 4035/4035/4035 4048/4048/4048 4013/4013/4013
f 4035/4035/4035 4012/4012/4012 4047/4047/4047
f 4012/4012/4012 4023/4023/4023 4047/4047/4047
f 3997/3997/3997 4022/4022/4022 4046/4046/4046
f 4022/4022/4022 4024/4024/4024 4046/4046/4046
f 4021/4021/4021 4033/4033/4033 4034/4034/4034
f 4033/4033/4033 4020/4020/4020 4045/4045/4045
f 4020/4020/4020 4032/4032/4032 4044/4044/4044
f 4019/4019/4019 3534/3534/3534 3541/3541/3541
f 4005/4005/4005 3541/3541/3541 4032/4032/4032
f 4019/4019/4019 4031/4031/4031 3534/3534/3534
f 4003/4003/4003 3530/3530/3530 4031/4031/4031
f 4042/4042/4042 4030/4030/4030 3986/3986/3986
f 4030/4030/4030 4043/4043/4043 3987/3987/3987
f 4042/4042/4042 3986/3986/3986 4029/4029/4029
f 4028/4028/4028 4029/4029/4029 4002/4002/4002
f 4041/4041/4041 4017/4017/4017 4026/4026/4026
f 4027/4027/4027 4028/4028/4028 4001/4001/4001
f 4040/4040/4040 4027/4027/4027 4016/4016/4016
f 4017/4017/4017 4040/4040/4040 4016/4016/4016
f 4015/4015/4015 4039/4039/4039 4026/4026/4026
f 4015/4015/4015 3998/3998/3998 4039/4039/4039
f 3998/3998/3998 4025/4025/4025 4038/4038/4038
f 4037/4037/4037 4025/4025/4025 3997/3997/3997
f 4024/4024/4024 4013/4013/4013 4036/4036/4036
f 4035/4035/4035 4013/4013/4013 4012/4012/4012
f 4011/4011/4011 4023/4023/4023 4012/4012/4012
f 4011/4011/4011 4010/4010/4010 4023/4023/4023
f 3992/3992/3992 4022/4022/4022 3997/3997/3997
f 4024/4024/4024 4022/4022/4022 3982/3982/3982
f 4007/4007/4007 4021/4021/4021 4034/4034/4034
f 4021/4021/4021 3989/3989/3989 4033/4033/4033
f 4020/4020/4020 4033/4033/4033 3989/3989/3989
f 4006/4006/4006 4032/4032/4032 4020/4020/4020
f 3541/3541/3541 4005/4005/4005 4019/4019/4019
f 4006/4006/4006 4005/4005/4005 4032/4032/4032
f 4004/4004/4004 4031/4031/4031 4019/4019/4019
f 4004/4004/4004 4003/4003/4003 4031/4031/4031
f 4030/4030/4030 4018/4018/4018 3986/3986/3986
f 3987/3987/3987 4018/4018/4018 4030/4030/4030
f 4029/4029/4029 3986/3986/3986 4002/4002/4002
f 4028/4028/4028 4002/4002/4002 4001/4001/4001
f 3999/3999/3999 4026/4026/4026 4017/4017/4017
f 4016/4016/4016 4027/4027/4027 4001/4001/4001
f 4016/4016/4016 3984/3984/3984 4017/4017/4017
f 3999/3999/3999 4015/4015/4015 4026/4026/4026
f 4000/4000/4000 3998/3998/3998 4015/4015/4015
f 3998/3998/3998 4014/4014/4014 4025/4025/4025
f 4014/4014/4014 3997/3997/3997 4025/4025/4025
f 4013/4013/4013 4024/4024/4024 3982/3982/3982
f 3996/3996/3996 4012/4012/4012 4013/4013/4013
f 3995/3995/3995 4011/4011/4011 4012/4012/4012
f 3968/3968/3968 4010/4010/4010 4011/4011/4011
f 4010/4010/4010 3994/3994/3994 4023/4023/4023
f 4009/4009/4009 4023/4023/4023 3994/3994/3994
f 3993/3993/3993 3992/3992/3992 3997/3997/3997
f 3992/3992/3992 3982/3982/3982 4022/4022/4022
f 4021/4021/4021 4007/4007/4007 3990/3990/3990
f 3977/3977/3977 4007/4007/4007 4008/4008/4008
f 3990/3990/3990 3989/3989/3989 4021/4021/4021
f 3989/3989/3989 4006/4006/4006 4020/4020/4020
f 4019/4019/4019 4005/4005/4005 3975/3975/3975
f 4006/4006/4006 3976/3976/3976 4005/4005/4005
f 3975/3975/3975 4004/4004/4004 4019/4019/4019
f 4003/4003/4003 4004/4004/4004 3974/3974/3974
f 4018/4018/4018 3987/3987/3987 3986/3986/3986
f 3986/3986/3986 3971/3971/3971 4002/4002/4002
f 4002/4002/4002 3985/3985/3985 4001/4001/4001
f 3984/3984/3984 3999/3999/3999 4017/4017/4017
f 4001/4001/4001 3984/3984/3984 4016/4016/4016
f 3983/3983/3983 4000/4000/4000 4015/4015/4015
f 3999/3999/3999 3983/3983/3983 4015/4015/4015
f 4000/4000/4000 3954/3954/3954 3998/3998/3998
f 3998/3998/3998 3969/3969/3969 4014/4014/4014
f 3997/3997/3997 4014/4014/4014 3969/3969/3969
f 3982/3982/3982 3996/3996/3996 4013/4013/4013
f 4012/4012/4012 3996/3996/3996 3967/3967/3967
f 3967/3967/3967 3995/3995/3995 4012/4012/4012
f 4011/4011/4011 3995/3995/3995 3968/3968/3968
f 3968/3968/3968 3994/3994/3994 4010/4010/4010
f 3994/3994/3994 3979/3979/3979 4009/4009/4009
f 3981/3981/3981 3993/3993/3993 3997/3997/3997
f 3993/3993/3993 3965/3965/3965 3992/3992/3992
f 3992/3992/3992 3980/3980/3980 3982/3982/3982
f 3979/3979/3979 3978/3978/3978 4009/4009/4009
f 4008/4008/4008 3991/3991/3991 3977/3977/3977
f 3977/3977/3977 3990/3990/3990 4007/4007/4007
f 3989/3989/3989 3990/3990/3990 3962/3962/3962
f 3976/3976/3976 4006/4006/4006 3989/3989/3989
f 3976/3976/3976 3975/3975/3975 4005/4005/4005
f 4004/4004/4004 3975/3975/3975 3974/3974/3974
f 4003/4003/4003 3974/3974/3974 3988/3988/3988
f 3987/3987/3987 3957/3957/3957 3986/3986/3986
f 3971/3971/3971 3986/3986/3986 3972/3972/3972
f 3985/3985/3985 4002/4002/4002 3971/3971/3971
f 3985/3985/3985 3970/3970/3970 4001/4001/4001
f 3984/3984/3984 3955/3955/3955 3999/3999/3999
f 4001/4001/4001 3970/3970/3970 3984/3984/3984
f 3983/3983/3983 3954/3954/3954 4000/4000/4000
f 3955/3955/3955 3983/3983/3983 3999/3999/3999
f 3954/3954/3954 3969/3969/3969 3998/3998/3998
f 3969/3969/3969 3981/3981/3981 3997/3997/3997
f 3996/3996/3996 3982/3982/3982 3967/3967/3967
f 3967/3967/3967 3968/3968/3968 3995/3995/3995
f 3966/3966/3966 3994/3994/3994 3968/3968/3968
f 3966/3966/3966 3979/3979/3979 3994/3994/3994
f 3981/3981/3981 3965/3965/3965 3993/3993/3993
f 3965/3965/3965 3980/3980/3980 3992/3992/3992
f 3982/3982/3982 3980/3980/3980 3925/3925/3925
f 3978/3978/3978 3979/3979/3979 3950/3950/3950
f 3964/3964/3964 3963/3963/3963 3991/3991/3991
f 3963/3963/3963 3977/3977/3977 3991/3991/3991
f 3977/3977/3977 3962/3962/3962 3990/3990/3990
f 3962/3962/3962 3976/3976/3976 3989/3989/3989
f 3948/3948/3948 3961/3961/3961 3976/3976/3976
f 3961/3961/3961 3975/3975/3975 3976/3976/3976
f 3932/3932/3932 3974/3974/3974 3975/3975/3975
f 3960/3960/3960 3988/3988/3988 3974/3974/3974
f 3988/3988/3988 3960/3960/3960 3959/3959/3959
f 3959/3959/3959 3945/3945/3945 3988/3988/3988
f 3957/3957/3957 3987/3987/3987 3973/3973/3973
f 3957/3957/3957 3972/3972/3972 3986/3986/3986
f 3972/3972/3972 3953/3953/3953 3971/3971/3971
f 3971/3971/3971 3956/3956/3956 3985/3985/3985
f 3985/3985/3985 3956/3956/3956 3970/3970/3970
f 3970/3970/3970 3955/3955/3955 3984/3984/3984
f 3955/3955/3955 3954/3954/3954 3983/3983/3983
f 3969/3969/3969 3954/3954/3954 3939/3939/3939
f 3969/3969/3969 3943/3943/3943 3981/3981/3981
f 3982/3982/3982 3925/3925/3925 3967/3967/3967
f 3952/3952/3952 3968/3968/3968 3967/3967/3967
f 3938/3938/3938 3966/3966/3966 3968/3968/3968
f 3979/3979/3979 3966/3966/3966 3951/3951/3951
f 3943/3943/3943 3965/3965/3965 3981/3981/3981
f 3965/3965/3965 3925/3925/3925 3980/3980/3980
f 3951/3951/3951 3950/3950/3950 3979/3979/3979
f 3978/3978/3978 3950/3950/3950 3949/3949/3949
f 3949/3949/3949 3964/3964/3964 3978/3978/3978
f 3935/3935/3935 3963/3963/3963 3964/3964/3964
f 3963/3963/3963 3933/3933/3933 3977/3977/3977
f 3933/3933/3933 3962/3962/3962 3977/3977/3977
f 3962/3962/3962 3948/3948/3948 3976/3976/3976
f 3947/3947/3947 3961/3961/3961 3948/3948/3948
f 3975/3975/3975 3961/3961/3961 3932/3932/3932
f 3932/3932/3932 3960/3960/3960 3974/3974/3974
f 3946/3946/3946 3959/3959/3959 3960/3960/3960
f 3931/3931/3931 3945/3945/3945 3959/3959/3959
f 3973/3973/3973 3929/3929/3929 3957/3957/3957
f 3957/3957/3957 3944/3944/3944 3972/3972/3972
f 3953/3953/3953 3972/3972/3972 3944/3944/3944
f 3953/3953/3953 3942/3942/3942 3971/3971/3971
f 3971/3971/3971 3942/3942/3942 3956/3956/3956
f 3956/3956/3956 3941/3941/3941 3970/3970/3970
f 3970/3970/3970 3941/3941/3941 3955/3955/3955
f 3954/3954/3954 3955/3955/3955 3928/3928/3928
f 3940/3940/3940 3939/3939/3939 3954/3954/3954
f 3939/3939/3939 3943/3943/3943 3969/3969/3969
f 3952/3952/3952 3938/3938/3938 3968/3968/3968
f 3952/3952/3952 3967/3967/3967 3925/3925/3925
f 3938/3938/3938 3951/3951/3951 3966/3966/3966
f 3943/3943/3943 3925/3925/3925 3965/3965/3965
f 3937/3937/3937 3936/3936/3936 3951/3951/3951
f 3951/3951/3951 3936/3936/3936 3950/3950/3950
f 3950/3950/3950 3912/3912/3912 3949/3949/3949
f 3964/3964/3964 3949/3949/3949 3935/3935/3935
f 3963/3963/3963 3935/3935/3935 3934/3934/3934
f 3934/3934/3934 3933/3933/3933 3963/3963/3963
f 3933/3933/3933 3948/3948/3948 3962/3962/3962
f 3921/3921/3921 3947/3947/3947 3948/3948/3948
f 3961/3961/3961 3947/3947/3947 3932/3932/3932
f 3946/3946/3946 3960/3960/3960 3932/3932/3932
f 3931/3931/3931 3959/3959/3959 3946/3946/3946
f 3930/3930/3930 3945/3945/3945 3931/3931/3931
f 3908/3908/3908 3958/3958/3958 3945/3945/3945
f 3944/3944/3944 3957/3957/3957 3929/3929/3929
f 3953/3953/3953 3944/3944/3944 3918/3918/3918
f 3953/3953/3953 3926/3926/3926 3942/3942/3942
f 3942/3942/3942 3916/3916/3916 3956/3956/3956
f 3941/3941/3941 3956/3956/3956 3916/3916/3916
f 3941/3941/3941 3928/3928/3928 3955/3955/3955
f 3928/3928/3928 3940/3940/3940 3954/3954/3954
f 3939/3939/3939 3940/3940/3940 3915/3915/3915
f 3927/3927/3927 3943/3943/3943 3939/3939/3939
f 3918/3918/3918 3926/3926/3926 3953/3953/3953
f 3925/3925/3925 3938/3938/3938 3952/3952/3952
f 3938/3938/3938 3924/3924/3924 3951/3951/3951
f 3925/3925/3925 3943/3943/3943 3917/3917/3917
f 3951/3951/3951 3924/3924/3924 3937/3937/3937
f 3936/3936/3936 3937/3937/3937 3903/3903/3903
f 3903/3903/3903 3923/3923/3923 3936/3936/3936
f 3912/3912/3912 3950/3950/3950 3936/3936/3936
f 3912/3912/3912 3935/3935/3935 3949/3949/3949
f 3922/3922/3922 3934/3934/3934 3935/3935/3935
f 3934/3934/3934 3911/3911/3911 3933/3933/3933
f 3948/3948/3948 3933/3933/3933 3921/3921/3921
f 3921/3921/3921 3932/3932/3932 3947/3947/3947
f 3932/3932/3932 3910/3910/3910 3946/3946/3946
f 3897/3897/3897 3930/3930/3930 3931/3931/3931
f 3910/3910/3910 3931/3931/3931 3946/3946/3946
f 3945/3945/3945 3930/3930/3930 3908/3908/3908
f 3929/3929/3929 3919/3919/3919 3944/3944/3944
f 3918/3918/3918 3944/3944/3944 3919/3919/3919
f 3917/3917/3917 3943/3943/3943 3927/3927/3927
f 3916/3916/3916 3942/3942/3942 3926/3926/3926
f 3916/3916/3916 3928/3928/3928 3941/3941/3941
f 3928/3928/3928 3915/3915/3915 3940/3940/3940
f 3915/3915/3915 3927/3927/3927 3939/3939/3939
f 3918/3918/3918 3914/3914/3914 3926/3926/3926
f 3913/3913/3913 3938/3938/3938 3925/3925/3925
f 3913/3913/3913 3924/3924/3924 3938/3938/3938
f 3925/3925/3925 3917/3917/3917 3891/3891/3891
f 3924/3924/3924 3903/3903/3903 3937/3937/3937
f 3903/3903/3903 3901/3901/3901 3923/3923/3923
f 3912/3912/3912 3936/3936/3936 3923/3923/3923
f 3912/3912/3912 3922/3922/3922 3935/3935/3935
f 3922/3922/3922 3911/3911/3911 3934/3934/3934
f 3911/3911/3911 3921/3921/3921 3933/3933/3933
f 3921/3921/3921 3910/3910/3910 3932/3932/3932
f 3920/3920/3920 3930/3930/3930 3897/3897/3897
f 3897/3897/3897 3931/3931/3931 3910/3910/3910
f 3920/3920/3920 3908/3908/3908 3930/3930/3930
f 3929/3929/3929 3894/3894/3894 3919/3919/3919
f 3918/3918/3918 3895/3895/3895 3914/3914/3914
f 3919/3919/3919 3893/3893/3893 3918/3918/3918
f 3892/3892/3892 3917/3917/3917 3927/3927/3927
f 3926/3926/3926 3880/3880/3880 3916/3916/3916
f 3916/3916/3916 3907/3907/3907 3928/3928/3928
f 3907/3907/3907 3915/3915/3915 3928/3928/3928
f 3927/3927/3927 3915/3915/3915 3892/3892/3892
f 3914/3914/3914 3880/3880/3880 3926/3926/3926
f 3891/3891/3891 3913/3913/3913 3925/3925/3925
f 3904/3904/3904 3924/3924/3924 3913/3913/3913
f 3905/3905/3905 3891/3891/3891 3917/3917/3917
f 3904/3904/3904 3903/3903/3903 3924/3924/3924
f 3902/3902/3902 3901/3901/3901 3903/3903/3903
f 3912/3912/3912 3923/3923/3923 3901/3901/3901
f 3887/3887/3887 3922/3922/3922 3912/3912/3912
f 3922/3922/3922 3887/3887/3887 3900/3900/3900
f 3900/3900/3900 3899/3899/3899 3922/3922/3922
f 3899/3899/3899 3911/3911/3911 3922/3922/3922
f 3921/3921/3921 3911/3911/3911 3885/3885/3885
f 3885/3885/3885 3910/3910/3910 3921/3921/3921
f 3909/3909/3909 3920/3920/3920 3897/3897/3897
f 3910/3910/3910 3898/3898/3898 3897/3897/3897
f 3909/3909/3909 3896/3896/3896 3920/3920/3920
f 3896/3896/3896 3908/3908/3908 3920/3920/3920
f 3906/3906/3906 3914/3914/3914 3895/3895/3895
f 3894/3894/3894 3893/3893/3893 3919/3919/3919
f 3893/3893/3893 3895/3895/3895 3918/3918/3918
f 3892/3892/3892 3905/3905/3905 3917/3917/3917
f 3880/3880/3880 3907/3907/3907 3916/3916/3916
f 3892/3892/3892 3915/3915/3915 3907/3907/3907
f 3914/3914/3914 3906/3906/3906 3880/3880/3880
f 3891/3891/3891 3904/3904/3904 3913/3913/3913
f 3890/3890/3890 3891/3891/3891 3905/3905/3905
f 3903/3903/3903 3904/3904/3904 3877/3877/3877
f 3903/3903/3903 3889/3889/3889 3888/3888/3888
f 3888/3888/3888 3902/3902/3902 3903/3903/3903
f 3901/3901/3901 3902/3902/3902 3869/3869/3869
f 3901/3901/3901 3887/3887/3887 3912/3912/3912
f 3886/3886/3886 3900/3900/3900 3887/3887/3887
f 3899/3899/3899 3900/3900/3900 3876/3876/3876
f 3899/3899/3899 3885/3885/3885 3911/3911/3911
f 3910/3910/3910 3885/3885/3885 3898/3898/3898
f 3897/3897/3897 3884/3884/3884 3909/3909/3909
f 3898/3898/3898 3866/3866/3866 3897/3897/3897
f 3884/3884/3884 3896/3896/3896 3909/3909/3909
f 3908/3908/3908 3896/3896/3896 3883/3883/3883
f 3895/3895/3895 3881/3881/3881 3906/3906/3906
f 3894/3894/3894 3882/3882/3882 3893/3893/3893
f 3893/3893/3893 3863/3863/3863 3895/3895/3895
f 3873/3873/3873 3905/3905/3905 3892/3892/3892
f 3880/3880/3880 3892/3892/3892 3907/3907/3907
f 3880/3880/3880 3906/3906/3906 3881/3881/3881
f 3873/3873/3873 3890/3890/3890 3905/3905/3905
f 3879/3879/3879 3904/3904/3904 3891/3891/3891
f 3891/3891/3891 3890/3890/3890 3861/3861/3861
f 3879/3879/3879 3877/3877/3877 3904/3904/3904
f 3877/3877/3877 3889/3889/3889 3903/3903/3903
f 3860/3860/3860 3888/3888/3888 3889/3889/3889
f 3902/3902/3902 3888/3888/3888 3869/3869/3869
f 3869/3869/3869 3887/3887/3887 3901/3901/3901
f 3868/3868/3868 3886/3886/3886 3887/3887/3887
f 3886/3886/3886 3876/3876/3876 3900/3900/3900
f 3885/3885/3885 3899/3899/3899 3876/3876/3876
f 3866/3866/3866 3898/3898/3898 3885/3885/3885
f 3897/3897/3897 3866/3866/3866 3884/3884/3884
f 3875/3875/3875 3896/3896/3896 3884/3884/3884
f 3875/3875/3875 3883/3883/3883 3896/3896/3896
f 3881/3881/3881 3895/3895/3895 3863/3863/3863
f 3894/3894/3894 3864/3864/3864 3882/3882/3882
f 3882/3882/3882 3863/3863/3863 3893/3893/3893
f 3880/3880/3880 3873/3873/3873 3892/3892/3892
f 3881/3881/3881 3862/3862/3862 3880/3880/3880
f 3890/3890/3890 3873/3873/3873 3878/3878/3878
f 3861/3861/3861 3879/3879/3879 3891/3891/3891
f 3878/3878/3878 3861/3861/3861 3890/3890/3890
f 3870/3870/3870 3877/3877/3877 3879/3879/3879
f 3889/3889/3889 3877/3877/3877 3860/3860/3860
f 3860/3860/3860 3869/3869/3869 3888/3888/3888
f 3887/3887/3887 3869/3869/3869 3868/3868/3868
f 3868/3868/3868 3856/3856/3856 3886/3886/3886
f 3876/3876/3876 3886/3886/3886 3856/3856/3856
f 3885/3885/3885 3876/3876/3876 3866/3866/3866
f 3884/3884/3884 3866/3866/3866 3865/3865/3865
f 3865/3865/3865 3875/3875/3875 3884/3884/3884
f 3857/3857/3857 3883/3883/3883 3875/3875/3875
f 3863/3863/3863 3874/3874/3874 3881/3881/3881
f 3864/3864/3864 3863/3863/3863 3882/3882/3882
f 3881/3881/3881 3874/3874/3874 3862/3862/3862
f 3862/3862/3862 3873/3873/3873 3880/3880/3880
f 3842/3842/3842 3878/3878/3878 3873/3873/3873
f 3861/3861/3861 3870/3870/3870 3879/3879/3879
f 3842/3842/3842 3871/3871/3871 3878/3878/3878
f 3861/3861/3861 3878/3878/3878 3871/3871/3871
f 3877/3877/3877 3870/3870/3870 3860/3860/3860
f 3869/3869/3869 3860/3860/3860 3850/3850/3850
f 3858/3858/3858 3868/3868/3868 3869/3869/3869
f 3839/3839/3839 3867/3867/3867 3868/3868/3868
f 3868/3868/3868 3867/3867/3867 3856/3856/3856
f 3856/3856/3856 3855/3855/3855 3876/3876/3876
f 3855/3855/3855 3866/3866/3866 3876/3876/3876
f 3866/3866/3866 3848/3848/3848 3865/3865/3865
f 3865/3865/3865 3847/3847/3847 3875/3875/3875
f 3847/3847/3847 3857/3857/3857 3875/3875/3875
f 3853/3853/3853 3854/3854/3854 3872/3872/3872
f 3872/3872/3872 3854/3854/3854 3864/3864/3864
f 3863/3863/3863 3852/3852/3852 3874/3874/3874
f 3864/3864/3864 3835/3835/3835 3863/3863/3863
f 3874/3874/3874 3852/3852/3852 3862/3862/3862
f 3873/3873/3873 3862/3862/3862 3842/3842/3842
f 3851/3851/3851 3853/3853/3853 3872/3872/3872
f 3861/3861/3861 3840/3840/3840 3870/3870/3870
f 3842/3842/3842 3861/3861/3861 3871/3871/3871
f 3840/3840/3840 3860/3860/3860 3870/3870/3870
f 3841/3841/3841 3859/3859/3859 3860/3860/3860
f 3859/3859/3859 3850/3850/3850 3860/3860/3860
f 3850/3850/3850 3858/3858/3858 3869/3869/3869
f 3868/3868/3868 3858/3858/3858 3839/3839/3839
f 3839/3839/3839 3856/3856/3856 3867/3867/3867
f 3838/3838/3838 3855/3855/3855 3856/3856/3856
f 3848/3848/3848 3866/3866/3866 3855/3855/3855
f 3847/3847/3847 3865/3865/3865 3848/3848/3848
f 3849/3849/3849 3857/3857/3857 3847/3847/3847
f 3853/3853/3853 3836/3836/3836 3854/3854/3854
f 3854/3854/3854 3846/3846/3846 3864/3864/3864
f 3835/3835/3835 3864/3864/3864 3846/3846/3846
f 3863/3863/3863 3835/3835/3835 3852/3852/3852
f 3852/3852/3852 3842/3842/3842 3862/3862/3862
f 3851/3851/3851 3827/3827/3827 3853/3853/3853
f 3842/3842/3842 3840/3840/3840 3861/3861/3861
f 3860/3860/3860 3840/3840/3840 3841/3841/3841
f 3859/3859/3859 3841/3841/3841 3820/3820/3820
f 3820/3820/3820 3850/3850/3850 3859/3859/3859
f 3858/3858/3858 3850/3850/3850 3839/3839/3839
f 3830/3830/3830 3857/3857/3857 3849/3849/3849
f 3839/3839/3839 3838/3838/3838 3856/3856/3856
f 3838/3838/3838 3848/3848/3848 3855/3855/3855
f 3828/3828/3828 3847/3847/3847 3848/3848/3848
f 3849/3849/3849 3847/3847/3847 3837/3837/3837
f 3853/3853/3853 3845/3845/3845 3836/3836/3836
f 3846/3846/3846 3854/3854/3854 3836/3836/3836
f 3827/3827/3827 3845/3845/3845 3853/3853/3853
f 3846/3846/3846 3844/3844/3844 3835/3835/3835
f 3844/3844/3844 3846/3846/3846 3818/3818/3818
f 3835/3835/3835 3842/3842/3842 3852/3852/3852
f 3843/3843/3843 3827/3827/3827 3851/3851/3851
f 3823/3823/3823 3840/3840/3840 3842/3842/3842
f 3833/3833/3833 3841/3841/3841 3840/3840/3840
f 3815/3815/3815 3820/3820/3820 3841/3841/3841
f 3820/3820/3820 3839/3839/3839 3850/3850/3850
f 3837/3837/3837 3830/3830/3830 3849/3849/3849
f 3813/3813/3813 3838/3838/3838 3839/3839/3839
f 3848/3848/3848 3838/3838/3838 3828/3828/3828
f 3847/3847/3847 3828/3828/3828 3837/3837/3837
f 3845/3845/3845 3826/3826/3826 3836/3836/3836
f 3836/3836/3836 3818/3818/3818 3846/3846/3846
f 3826/3826/3826 3845/3845/3845 3827/3827/3827
f 3844/3844/3844 3818/3818/3818 3835/3835/3835
f 3842/3842/3842 3835/3835/3835 3824/3824/3824
f 3827/3827/3827 3843/3843/3843 3825/3825/3825
f 3824/3824/3824 3834/3834/3834 3842/3842/3842
f 3834/3834/3834 3823/3823/3823 3842/3842/3842
f 3841/3841/3841 3833/3833/3833 3815/3815/3815
f 3823/3823/3823 3833/3833/3833 3840/3840/3840
f 3820/3820/3820 3815/3815/3815 3832/3832/3832
f 3820/3820/3820 3831/3831/3831 3839/3839/3839
f 3831/3831/3831 3813/3813/3813 3839/3839/3839
f 3819/3819/3819 3830/3830/3830 3837/3837/3837
f 3829/3829/3829 3811/3811/3811 3838/3838/3838
f 3813/3813/3813 3829/3829/3829 3838/3838/3838
f 3811/3811/3811 3828/3828/3828 3838/3838/3838
f 3819/3819/3819 3837/3837/3837 3828/3828/3828
f 3818/3818/3818 3836/3836/3836 3826/3826/3826
f 3827/3827/3827 3810/3810/3810 3826/3826/3826
f 3818/3818/3818 3824/3824/3824 3835/3835/3835
f 3825/3825/3825 3817/3817/3817 3827/3827/3827
f 3824/3824/3824 3809/3809/3809 3834/3834/3834
f 3834/3834/3834 3809/3809/3809 3823/3823/3823
f 3833/3833/3833 3823/3823/3823 3815/3815/3815
f 3822/3822/3822 3832/3832/3832 3815/3815/3815
f 3822/3822/3822 3802/3802/3802 3832/3832/3832
f 3821/3821/3821 3830/3830/3830 3812/3812/3812
f 3830/3830/3830 3821/3821/3821 3814/3814/3814
f 3820/3820/3820 3832/3832/3832 3802/3802/3802
f 3813/3813/3813 3831/3831/3831 3820/3820/3820
f 3812/3812/3812 3830/3830/3830 3819/3819/3819
f 3813/3813/3813 3811/3811/3811 3829/3829/3829
f 3828/3828/3828 3811/3811/3811 3819/3819/3819
f 3827/3827/3827 3817/3817/3817 3810/3810/3810
f 3826/3826/3826 3810/3810/3810 3818/3818/3818
f 3824/3824/3824 3818/3818/3818 3798/3798/3798
f 3825/3825/3825 3806/3806/3806 3817/3817/3817
f 3798/3798/3798 3816/3816/3816 3824/3824/3824
f 3816/3816/3816 3809/3809/3809 3824/3824/3824
f 3809/3809/3809 3815/3815/3815 3823/3823/3823
f 3804/3804/3804 3822/3822/3822 3815/3815/3815
f 3802/3802/3802 3822/3822/3822 3804/3804/3804
f 3808/3808/3808 3821/3821/3821 3812/3812/3812
f 3808/3808/3808 3814/3814/3814 3821/3821/3821
f 3802/3802/3802 3813/3813/3813 3820/3820/3820
f 3819/3819/3819 3807/3807/3807 3812/3812/3812
f 3801/3801/3801 3811/3811/3811 3813/3813/3813
f 3807/3807/3807 3819/3819/3819 3811/3811/3811
f 3817/3817/3817 3805/3805/3805 3810/3810/3810
f 3810/3810/3810 3798/3798/3798 3818/3818/3818
f 3817/3817/3817 3806/3806/3806 3805/3805/3805
f 3809/3809/3809 3816/3816/3816 3798/3798/3798
f 3809/3809/3809 3804/3804/3804 3815/3815/3815
f 3804/3804/3804 3803/3803/3803 3802/3802/3802
f 3792/3792/3792 3808/3808/3808 3812/3812/3812
f 3800/3800/3800 3814/3814/3814 3808/3808/3808
f 3802/3802/3802 3801/3801/3801 3813/3813/3813
f 3807/3807/3807 3792/3792/3792 3812/3812/3812
f 3801/3801/3801 3807/3807/3807 3811/3811/3811
f 3798/3798/3798 3810/3810/3810 3805/3805/3805
f 3806/3806/3806 3796/3796/3796 3805/3805/3805
f 3798/3798/3798 3804/3804/3804 3809/3809/3809
f 3790/3790/3790 3803/3803/3803 3804/3804/3804
f 3802/3802/3802 3803/3803/3803 3794/3794/3794
f 3800/3800/3800 3808/3808/3808 3792/3792/3792
f 3793/3793/3793 3801/3801/3801 3802/3802/3802
f 3807/3807/3807 3801/3801/3801 3792/3792/3792
f 3796/3796/3796 3806/3806/3806 3799/3799/3799
f 3805/3805/3805 3796/3796/3796 3798/3798/3798
f 3798/3798/3798 3790/3790/3790 3804/3804/3804
f 3790/3790/3790 3794/3794/3794 3803/3803/3803
f 3794/3794/3794 3793/3793/3793 3802/3802/3802
f 3797/3797/3797 3800/3800/3800 3792/3792/3792
f 3793/3793/3793 3792/3792/3792 3801/3801/3801
f 3800/3800/3800 3797/3797/3797 3791/3791/3791
f 3799/3799/3799 3784/3784/3784 3796/3796/3796
f 3796/3796/3796 3790/3790/3790 3798/3798/3798
f 3795/3795/3795 3794/3794/3794 3790/3790/3790
f 3795/3795/3795 3787/3787/3787 3794/3794/3794
f 3789/3789/3789 3793/3793/3793 3794/3794/3794
f 3785/3785/3785 3797/3797/3797 3792/3792/3792
f 3786/3786/3786 3792/3792/3792 3793/3793/3793
f 3785/3785/3785 3791/3791/3791 3797/3797/3797
f 3796/3796/3796 3784/3784/3784 3790/3790/3790
f 3787/3787/3787 3795/3795/3795 3790/3790/3790
f 3787/3787/3787 3789/3789/3789 3794/3794/3794
f 3793/3793/3793 3789/3789/3789 3786/3786/3786
f 3792/3792/3792 3786/3786/3786 3785/3785/3785
f 3785/3785/3785 3788/3788/3788 3791/3791/3791
f 3784/3784/3784 3787/3787/3787 3790/3790/3790
f 3787/3787/3787 3780/3780/3780 3789/3789/3789
f 3780/3780/3780 3786/3786/3786 3789/3789/3789
f 3783/3783/3783 3785/3785/3785 3786/3786/3786
f 3778/3778/3778 3788/3788/3788 3785/3785/3785
f 3787/3787/3787 3784/3784/3784 3781/3781/3781
f 3781/3781/3781 3780/3780/3780 3787/3787/3787
f 3786/3786/3786 3780/3780/3780 3783/3783/3783
f 3779/3779/3779 3785/3785/3785 3783/3783/3783
f 3785/3785/3785 3779/3779/3779 3782/3782/3782
f 3782/3782/3782 3778/3778/3778 3785/3785/3785
f 3784/3784/3784 3768/3768/3768 3781/3781/3781
f 3780/3780/3780 3781/3781/3781 3777/3777/3777
f 3783/3783/3783 3780/3780/3780 3775/3775/3775
f 3779/3779/3779 3783/3783/3783 3775/3775/3775
f 3774/3774/3774 3782/3782/3782 3779/3779/3779
f 3774/3774/3774 3776/3776/3776 3782/3782/3782
f 3782/3782/3782 3776/3776/3776 3778/3778/3778
f 3768/3768/3768 3777/3777/3777 3781/3781/3781
f 3780/3780/3780 3777/3777/3777 3775/3775/3775
f 3774/3774/3774 3779/3779/3779 3775/3775/3775
f 3773/3773/3773 3776/3776/3776 3774/3774/3774
f 3776/3776/3776 3772/3772/3772 3778/3778/3778
f 3768/3768/3768 3775/3775/3775 3777/3777/3777
f 3767/3767/3767 3774/3774/3774 3775/3775/3775
f 3766/3766/3766 3773/3773/3773 3774/3774/3774
f 3776/3776/3776 3773/3773/3773 3770/3770/3770
f 3770/3770/3770 3772/3772/3772 3776/3776/3776
f 3771/3771/3771 3774/3774/3774 3767/3767/3767
f 3775/3775/3775 3768/3768/3768 3767/3767/3767
f 3774/3774/3774 3771/3771/3771 3766/3766/3766
f 3766/3766/3766 3770/3770/3770 3773/3773/3773
f 3772/3772/3772 3770/3770/3770 3765/3765/3765
f 3765/3765/3765 3769/3769/3769 3772/3772/3772
f 3764/3764/3764 3771/3771/3771 3767/3767/3767
f 3763/3763/3763 3767/3767/3767 3768/3768/3768
f 3771/3771/3771 3764/3764/3764 3762/3762/3762
f 3762/3762/3762 3766/3766/3766 3771/3771/3771
f 3758/3758/3758 3770/3770/3770 3766/3766/3766
f 3758/3758/3758 3765/3765/3765 3770/3770/3770
f 3761/3761/3761 3769/3769/3769 3765/3765/3765
f 3760/3760/3760 3764/3764/3764 3767/3767/3767
f 3750/3750/3750 3763/3763/3763 3768/3768/3768
f 3767/3767/3767 3763/3763/3763 3760/3760/3760
f 3755/3755/3755 3762/3762/3762 3764/3764/3764
f 3766/3766/3766 3762/3762/3762 3759/3759/3759
f 3759/3759/3759 3758/3758/3758 3766/3766/3766
f 3765/3765/3765 3758/3758/3758 3757/3757/3757
f 3757/3757/3757 3761/3761/3761 3765/3765/3765
f 3764/3764/3764 3760/3760/3760 3755/3755/3755
f 3750/3750/3750 3760/3760/3760 3763/3763/3763
f 3755/3755/3755 3759/3759/3759 3762/3762/3762
f 3754/3754/3754 3758/3758/3758 3759/3759/3759
f 3757/3757/3757 3758/3758/3758 3748/3748/3748
f 3757/3757/3757 3753/3753/3753 3761/3761/3761
f 3760/3760/3760 3750/3750/3750 3755/3755/3755
f 3749/3749/3749 3756/3756/3756 3752/3752/3752
f 3745/3745/3745 3759/3759/3759 3755/3755/3755
f 3745/3745/3745 3754/3754/3754 3759/3759/3759
f 3754/3754/3754 3748/3748/3748 3758/3758/3758
f 3748/3748/3748 3753/3753/3753 3757/3757/3757
f 3741/3741/3741 3752/3752/3752 3756/3756/3756
f 3756/3756/3756 3751/3751/3751 3741/3741/3741
f 3746/3746/3746 3755/3755/3755 3750/3750/3750
f 3752/3752/3752 3743/3743/3743 3749/3749/3749
f 3750/3750/3750 3749/3749/3749 3740/3740/3740
f 3746/3746/3746 3745/3745/3745 3755/3755/3755
f 3754/3754/3754 3745/3745/3745 3744/3744/3744
f 3744/3744/3744 3748/3748/3748 3754/3754/3754
f 3748/3748/3748 3739/3739/3739 3753/3753/3753
f 3741/3741/3741 3743/3743/3743 3752/3752/3752
f 3747/3747/3747 3742/3742/3742 3751/3751/3751
f 3751/3751/3751 3742/3742/3742 3741/3741/3741
f 3740/3740/3740 3746/3746/3746 3750/3750/3750
f 3743/3743/3743 3740/3740/3740 3749/3749/3749
f 3735/3735/3735 3745/3745/3745 3746/3746/3746
f 3733/3733/3733 3744/3744/3744 3745/3745/3745
f 3744/3744/3744 3739/3739/3739 3748/3748/3748
f 3743/3743/3743 3741/3741/3741 3732/3732/3732
f 3742/3742/3742 3747/3747/3747 3737/3737/3737
f 3741/3741/3741 3742/3742/3742 3729/3729/3729
f 3740/3740/3740 3735/3735/3735 3746/3746/3746
f 3740/3740/3740 3743/3743/3743 3734/3734/3734
f 3735/3735/3735 3733/3733/3733 3745/3745/3745
f 3733/3733/3733 3739/3739/3739 3744/3744/3744
f 3736/3736/3736 3732/3732/3732 3741/3741/3741
f 3743/3743/3743 3732/3732/3732 3734/3734/3734
f 3742/3742/3742 3737/3737/3737 3730/3730/3730
f 3737/3737/3737 3738/3738/3738 3720/3720/3720
f 3730/3730/3730 3729/3729/3729 3742/3742/3742
f 3729/3729/3729 3736/3736/3736 3741/3741/3741
f 3728/3728/3728 3735/3735/3735 3740/3740/3740
f 3734/3734/3734 3728/3728/3728 3740/3740/3740
f 3717/3717/3717 3733/3733/3733 3735/3735/3735
f 3727/3727/3727 3739/3739/3739 3733/3733/3733
f 3721/3721/3721 3732/3732/3732 3736/3736/3736
f 3732/3732/3732 3725/3725/3725 3734/3734/3734
f 3738/3738/3738 3731/3731/3731 3720/3720/3720
f 3737/3737/3737 3720/3720/3720 3730/3730/3730
f 3729/3729/3729 3730/3730/3730 3719/3719/3719
f 3721/3721/3721 3736/3736/3736 3729/3729/3729
f 3735/3735/3735 3728/3728/3728 3717/3717/3717
f 3728/3728/3728 3734/3734/3734 3725/3725/3725
f 3733/3733/3733 3717/3717/3717 3727/3727/3727
f 3727/3727/3727 3724/3724/3724 3726/3726/3726
f 3724/3724/3724 3723/3723/3723 3726/3726/3726
f 3732/3732/3732 3721/3721/3721 3725/3725/3725
f 1037/1037/1037 1038/1038/1038 1039/1039/1039
f 1037/1037/1037 1040/1040/1040 1038/1038/1038
f 1040/1040/1040 1037/1037/1037 1041/1041/1041
f 2010/2010/2010 3720/3720/3720 3731/3731/3731
f 3720/3720/3720 3719/3719/3719 3730/3730/3730
f 3719/3719/3719 3718/3718/3718 3729/3729/3729
f 3718/3718/3718 3721/3721/3721 3729/3729/3729
f 3728/3728/3728 3725/3725/3725 3717/3717/3717
f 3717/3717/3717 3724/3724/3724 3727/3727/3727
f 3716/3716/3716 3726/3726/3726 3723/3723/3723
f 3724/3724/3724 3710/3710/3710 3723/3723/3723
f 3725/3725/3725 3721/3721/3721 3713/3713/3713
f 3720/3720/3720 2010/2010/2010 2006/2006/2006
f 3719/3719/3719 3720/3720/3720 3712/3712/3712
f 3718/3718/3718 3719/3719/3719 3711/3711/3711
f 3721/3721/3721 3718/3718/3718 3715/3715/3715
f 3725/3725/3725 3713/3713/3713 3717/3717/3717
f 3710/3710/3710 3724/3724/3724 3717/3717/3717
f 3710/3710/3710 3716/3716/3716 3723/3723/3723
f 3714/3714/3714 3722/3722/3722 3716/3716/3716
f 3715/3715/3715 3713/3713/3713 3721/3721/3721
f 2006/2006/2006 3712/3712/3712 3720/3720/3720
f 3712/3712/3712 3711/3711/3711 3719/3719/3719
f 3711/3711/3711 3715/3715/3715 3718/3718/3718
f 3717/3717/3717 3713/3713/3713 3710/3710/3710
f 3714/3714/3714 3716/3716/3716 3710/3710/3710
f 3713/3713/3713 3715/3715/3715 3709/3709/3709
f 2006/2006/2006 2002/2002/2002 3712/3712/3712
f 3712/3712/3712 3707/3707/3707 3711/3711/3711
f 3711/3711/3711 3709/3709/3709 3715/3715/3715
f 3708/3708/3708 3710/3710/3710 3713/3713/3713
f 3710/3710/3710 3702/3702/3702 3714/3714/3714
f 3709/3709/3709 3708/3708/3708 3713/3713/3713
f 3707/3707/3707 3712/3712/3712 2002/2002/2002
f 3707/3707/3707 3709/3709/3709 3711/3711/3711
f 3710/3710/3710 3708/3708/3708 3702/3702/3702
f 3706/3706/3706 3708/3708/3708 3709/3709/3709
f 2002/2002/2002 3705/3705/3705 3707/3707/3707
f 3709/3709/3709 3707/3707/3707 3706/3706/3706
f 1997/1997/1997 3705/3705/3705 2002/2002/2002
f 3708/3708/3708 3706/3706/3706 3702/3702/3702
f 3705/3705/3705 3706/3706/3706 3707/3707/3707
f 3703/3703/3703 3705/3705/3705 1997/1997/1997
f 3705/3705/3705 3702/3702/3702 3706/3706/3706
f 1997/1997/1997 3704/3704/3704 3703/3703/3703
f 3703/3703/3703 3702/3702/3702 3705/3705/3705
f 3702/3702/3702 3703/3703/3703 3704/3704/3704
f 1877/1877/1877 1865/1865/1865 1889/1889/1889
f 3700/3700/3700 3698/3698/3698 3701/3701/3701
f 1865/1865/1865 1876/1876/1876 1888/1888/1888
f 3697/3697/3697 3701/3701/3701 3698/3698/3698
f 3701/3701/3701 3697/3697/3697 3699/3699/3699
f 1851/1851/1851 1878/1878/1878 1876/1876/1876
f 3700/3700/3700 3696/3696/3696 3698/3698/3698
f 1872/1872/1872 1875/1875/1875 1864/1864/1864
f 3698/3698/3698 3693/3693/3693 3697/3697/3697
f 3695/3695/3695 3699/3699/3699 3697/3697/3697
f 1862/1862/1862 1874/1874/1874 1887/1887/1887
f 3696/3696/3696 3694/3694/3694 3698/3698/3698
f 1886/1886/1886 1872/1872/1872 1861/1861/1861
f 3694/3694/3694 3693/3693/3693 3698/3698/3698
f 3695/3695/3695 3697/3697/3697 3693/3693/3693
f 1873/1873/1873 1885/1885/1885 1861/1861/1861
f 1873/1873/1873 1860/1860/1860 1884/1884/1884
f 3694/3694/3694 3692/3692/3692 3693/3693/3693
f 3693/3693/3693 3690/3690/3690 3695/3695/3695
f 1869/1869/1869 1884/1884/1884 1860/1860/1860
f 1871/1871/1871 1883/1883/1883 1843/1843/1843
f 3692/3692/3692 3690/3690/3690 3693/3693/3693
f 1883/1883/1883 1870/1870/1870 1843/1843/1843
f 3689/3689/3689 3690/3690/3690 3692/3692/3692
f 3689/3689/3689 3692/3692/3692 3691/3691/3691
f 3688/3688/3688 3690/3690/3690 3689/3689/3689
f 1858/1858/1858 1870/1870/1870 1882/1882/1882
f 1856/1856/1856 1858/1858/1858 1857/1857/1857
f 1844/1844/1844 1841/1841/1841 1869/1869/1869
f 3685/3685/3685 3690/3690/3690 3688/3688/3688
f 1854/1854/1854 1880/1880/1880 1869/1869/1869
f 1881/1881/1881 1868/1868/1868 1840/1840/1840
f 1868/1868/1868 1880/1880/1880 1854/1854/1854
f 1857/1857/1857 1879/1879/1879 1840/1840/1840
f 1866/1866/1866 1852/1852/1852 1867/1867/1867
f 1878/1878/1878 1851/1851/1851 1866/1866/1866
f 1865/1865/1865 1877/1877/1877 1829/1829/1829
f 1851/1851/1851 1876/1876/1876 1865/1865/1865
f 3686/3686/3686 3682/3682/3682 3687/3687/3687
f 3681/3681/3681 3686/3686/3686 3685/3685/3685
f 1837/1837/1837 1864/1864/1864 1875/1875/1875
f 1864/1864/1864 1849/1849/1849 1872/1872/1872
f 3683/3683/3683 3687/3687/3687 3682/3682/3682
f 1846/1846/1846 1863/1863/1863 1874/1874/1874
f 3686/3686/3686 3681/3681/3681 3682/3682/3682
f 3681/3681/3681 3685/3685/3685 3684/3684/3684
f 1874/1874/1874 1862/1862/1862 1846/1846/1846
f 3676/3676/3676 3683/3683/3683 3682/3682/3682
f 1834/1834/1834 1861/1861/1861 1872/1872/1872
f 3682/3682/3682 3681/3681/3681 3679/3679/3679
f 3678/3678/3678 3681/3681/3681 3684/3684/3684
f 1873/1873/1873 1861/1861/1861 1845/1845/1845
f 3680/3680/3680 3683/3683/3683 3676/3676/3676
f 3676/3676/3676 3682/3682/3682 3679/3679/3679
f 1860/1860/1860 1873/1873/1873 1845/1845/1845
f 3679/3679/3679 3681/3681/3681 3674/3674/3674
f 3674/3674/3674 3681/3681/3681 3678/3678/3678
f 1834/1834/1834 1872/1872/1872 1849/1849/1849
f 3677/3677/3677 3680/3680/3680 3675/3675/3675
f 3675/3675/3675 3680/3680/3680 3676/3676/3676
f 3673/3673/3673 3676/3676/3676 3679/3679/3679
f 1860/1860/1860 1844/1844/1844 1869/1869/1869
f 3673/3673/3673 3679/3679/3679 3674/3674/3674
f 1859/1859/1859 1820/1820/1820 1871/1871/1871
f 3675/3675/3675 3672/3672/3672 3677/3677/3677
f 3673/3673/3673 3675/3675/3675 3676/3676/3676
f 1843/1843/1843 1859/1859/1859 1871/1871/1871
f 1843/1843/1843 1870/1870/1870 1858/1858/1858
f 1832/1832/1832 1856/1856/1856 1857/1857/1857
f 3675/3675/3675 3673/3673/3673 3672/3672/3672
f 1833/1833/1833 1858/1858/1858 1856/1856/1856
f 1853/1853/1853 1842/1842/1842 1857/1857/1857
f 3672/3672/3672 3673/3673/3673 3670/3670/3670
f 1844/1844/1844 1855/1855/1855 1841/1841/1841
f 3671/3671/3671 3672/3672/3672 3670/3670/3670
f 1854/1854/1854 1869/1869/1869 1841/1841/1841
f 1840/1840/1840 1868/1868/1868 1854/1854/1854
f 3670/3670/3670 3669/3669/3669 3671/3671/3671
f 1840/1840/1840 1853/1853/1853 1857/1857/1857
f 1839/1839/1839 1867/1867/1867 1852/1852/1852
f 1852/1852/1852 1866/1866/1866 1838/1838/1838
f 1838/1838/1838 1866/1866/1866 1851/1851/1851
f 1829/1829/1829 1851/1851/1851 1865/1865/1865
f 1849/1849/1849 1864/1864/1864 1837/1837/1837
f 1835/1835/1835 1847/1847/1847 1863/1863/1863
f 1863/1863/1863 1846/1846/1846 1835/1835/1835
f 1825/1825/1825 1846/1846/1846 1862/1862/1862
f 1824/1824/1824 1849/1849/1849 1827/1827/1827
f 1845/1845/1845 1861/1861/1861 1834/1834/1834
f 1845/1845/1845 1821/1821/1821 1860/1860/1860
f 1834/1834/1834 1849/1849/1849 1824/1824/1824
f 1844/1844/1844 1860/1860/1860 1821/1821/1821
f 1855/1855/1855 1844/1844/1844 1822/1822/1822
f 1859/1859/1859 1843/1843/1843 1820/1820/1820
f 1858/1858/1858 1833/1833/1833 1843/1843/1843
f 1842/1842/1842 1832/1832/1832 1857/1857/1857
f 1832/1832/1832 1833/1833/1833 1856/1856/1856
f 1831/1831/1831 1842/1842/1842 1853/1853/1853
f 1841/1841/1841 1855/1855/1855 1822/1822/1822
f 1854/1854/1854 1841/1841/1841 1819/1819/1819
f 1840/1840/1840 1854/1854/1854 1819/1819/1819
f 1853/1853/1853 1840/1840/1840 1831/1831/1831
f 3667/3667/3667 3665/3665/3665 3668/3668/3668
f 3665/3665/3665 3667/3667/3667 3664/3664/3664
f 3666/3666/3666 3663/3663/3663 3667/3667/3667
f 1818/1818/1818 1839/1839/1839 1852/1852/1852
f 1839/1839/1839 1830/1830/1830 1850/1850/1850
f 3665/3665/3665 3664/3664/3664 3661/3661/3661
f 3663/3663/3663 3664/3664/3664 3667/3667/3667
f 3663/3663/3663 3666/3666/3666 3662/3662/3662
f 1838/1838/1838 1818/1818/1818 1852/1852/1852
f 3661/3661/3661 3664/3664/3664 3663/3663/3663
f 3658/3658/3658 3663/3663/3663 3662/3662/3662
f 1851/1851/1851 1829/1829/1829 1838/1838/1838
f 1830/1830/1830 1810/1810/1810 1850/1850/1850
f 3661/3661/3661 3663/3663/3663 3660/3660/3660
f 1837/1837/1837 1827/1827/1827 1849/1849/1849
f 3660/3660/3660 3663/3663/3663 3658/3658/3658
f 3658/3658/3658 3662/3662/3662 3659/3659/3659
f 1826/1826/1826 1847/1847/1847 1835/1835/1835
f 3660/3660/3660 3657/3657/3657 3661/3661/3661
f 1797/1797/1797 1848/1848/1848 1836/1836/1836
f 3660/3660/3660 3658/3658/3658 3652/3652/3652
f 3653/3653/3653 3658/3658/3658 3659/3659/3659
f 3657/3657/3657 3660/3660/3660 3652/3652/3652
f 3651/3651/3651 3655/3655/3655 3659/3659/3659
f 3656/3656/3656 3651/3651/3651 3659/3659/3659
f 3653/3653/3653 3659/3659/3659 3655/3655/3655
f 3652/3652/3652 3658/3658/3658 3653/3653/3653
f 3651/3651/3651 3650/3650/3650 3655/3655/3655
f 3651/3651/3651 3656/3656/3656 3654/3654/3654
f 3647/3647/3647 3654/3654/3654 3656/3656/3656
f 3650/3650/3650 3653/3653/3653 3655/3655/3655
f 3652/3652/3652 3653/3653/3653 3648/3648/3648
f 3651/3651/3651 3649/3649/3649 3650/3650/3650
f 3654/3654/3654 3647/3647/3647 3651/3651/3651
f 3648/3648/3648 3653/3653/3653 3650/3650/3650
f 1836/1836/1836 1847/1847/1847 1826/1826/1826
f 3642/3642/3642 3650/3650/3650 3649/3649/3649
f 3651/3651/3651 3647/3647/3647 3649/3649/3649
f 3648/3648/3648 3650/3650/3650 3642/3642/3642
f 1846/1846/1846 1825/1825/1825 1835/1835/1835
f 3642/3642/3642 3649/3649/3649 3644/3644/3644
f 3640/3640/3640 3647/3647/3647 3646/3646/3646
f 3647/3647/3647 3644/3644/3644 3649/3649/3649
f 3640/3640/3640 3646/3646/3646 3643/3643/3643
f 1827/1827/1827 1823/1823/1823 1824/1824/1824
f 3644/3644/3644 3641/3641/3641 3642/3642/3642
f 3635/3635/3635 3646/3646/3646 3645/3645/3645
f 3644/3644/3644 3647/3647/3647 3640/3640/3640
f 3635/3635/3635 3643/3643/3643 3646/3646/3646
f 3640/3640/3640 3643/3643/3643 3639/3639/3639
f 3638/3638/3638 3642/3642/3642 3641/3641/3641
f 1821/1821/1821 1845/1845/1845 1834/1834/1834
f 3641/3641/3641 3644/3644/3644 3636/3636/3636
f 3635/3635/3635 3645/3645/3645 3637/3637/3637
f 3640/3640/3640 3636/3636/3636 3644/3644/3644
f 3635/3635/3635 3639/3639/3639 3643/3643/3643
f 3639/3639/3639 3632/3632/3632 3640/3640/3640
f 3638/3638/3638 3641/3641/3641 3631/3631/3631
f 1813/1813/1813 1834/1834/1834 1824/1824/1824
f 3631/3631/3631 3641/3641/3641 3636/3636/3636
f 3637/3637/3637 3630/3630/3630 3635/3635/3635
f 3636/3636/3636 3640/3640/3640 3632/3632/3632
f 3632/3632/3632 3639/3639/3639 3635/3635/3635
f 1822/1822/1822 1844/1844/1844 1821/1821/1821
f 3631/3631/3631 3636/3636/3636 3626/3626/3626
f 3627/3627/3627 3635/3635/3635 3634/3634/3634
f 3630/3630/3630 3637/3637/3637 3633/3633/3633
f 3630/3630/3630 3634/3634/3634 3635/3635/3635
f 3632/3632/3632 3626/3626/3626 3636/3636/3636
f 3635/3635/3635 3627/3627/3627 3632/3632/3632
f 3627/3627/3627 3634/3634/3634 3625/3625/3625
f 3633/3633/3633 3629/3629/3629 3630/3630/3630
f 3630/3630/3630 3625/3625/3625 3634/3634/3634
f 1820/1820/1820 1843/1843/1843 1833/1833/1833
f 1832/1832/1832 1842/1842/1842 1812/1812/1812
f 1832/1832/1832 1811/1811/1811 1833/1833/1833
f 1831/1831/1831 1812/1812/1812 1842/1842/1842
f 3626/3626/3626 3632/3632/3632 3627/3627/3627
f 3628/3628/3628 3627/3627/3627 3625/3625/3625
f 3625/3625/3625 3630/3630/3630 3629/3629/3629
f 1819/1819/1819 1841/1841/1841 1822/1822/1822
f 1819/1819/1819 1831/1831/1831 1840/1840/1840
f 1818/1818/1818 1830/1830/1830 1839/1839/1839
f 1829/1829/1829 1818/1818/1818 1838/1838/1838
f 1809/1809/1809 1828/1828/1828 1830/1830/1830
f 1830/1830/1830 1828/1828/1828 1810/1810/1810
f 1817/1817/1817 1827/1827/1827 1837/1837/1837
f 1826/1826/1826 1835/1835/1835 1816/1816/1816
f 3624/3624/3624 3627/3627/3627 3628/3628/3628
f 3627/3627/3627 3623/3623/3623 3626/3626/3626
f 3628/3628/3628 3625/3625/3625 3622/3622/3622
f 1797/1797/1797 1836/1836/1836 1826/1826/1826
f 1835/1835/1835 1825/1825/1825 1816/1816/1816
f 1808/1808/1808 1823/1823/1823 1827/1827/1827
f 1805/1805/1805 1824/1824/1824 1823/1823/1823
f 1824/1824/1824 1814/1814/1814 1813/1813/1813
f 1834/1834/1834 1813/1813/1813 1821/1821/1821
f 1822/1822/1822 1821/1821/1821 1803/1803/1803
f 1811/1811/1811 1820/1820/1820 1833/1833/1833
f 1811/1811/1811 1832/1832/1832 1812/1812/1812
f 1790/1790/1790 1812/1812/1812 1831/1831/1831
f 3624/3624/3624 3628/3628/3628 3622/3622/3622
f 3623/3623/3623 3627/3627/3627 3624/3624/3624
f 1804/1804/1804 1819/1819/1819 1822/1822/1822
f 1819/1819/1819 1790/1790/1790 1831/1831/1831
f 1830/1830/1830 1818/1818/1818 1809/1809/1809
f 1798/1798/1798 1818/1818/1818 1829/1829/1829
f 1810/1810/1810 1828/1828/1828 1809/1809/1809
f 1817/1817/1817 1808/1808/1808 1827/1827/1827
f 1797/1797/1797 1826/1826/1826 1816/1816/1816
f 1807/1807/1807 1816/1816/1816 1825/1825/1825
f 1825/1825/1825 1815/1815/1815 1807/1807/1807
f 3623/3623/3623 3624/3624/3624 3622/3622/3622
f 1814/1814/1814 1824/1824/1824 1805/1805/1805
f 1805/1805/1805 1823/1823/1823 1808/1808/1808
f 1803/1803/1803 1804/1804/1804 1822/1822/1822
f 1794/1794/1794 1813/1813/1813 1814/1814/1814
f 1803/1803/1803 1821/1821/1821 1813/1813/1813
f 1802/1802/1802 1820/1820/1820 1811/1811/1811
f 1812/1812/1812 1792/1792/1792 1811/1811/1811
f 1801/1801/1801 1812/1812/1812 1790/1790/1790
f 1790/1790/1790 1819/1819/1819 1804/1804/1804
f 1798/1798/1798 1809/1809/1809 1818/1818/1818
f 1810/1810/1810 1809/1809/1809 1774/1774/1774
f 1808/1808/1808 1817/1817/1817 1786/1786/1786
f 1797/1797/1797 1816/1816/1816 1807/1807/1807
f 1784/1784/1784 1807/1807/1807 1815/1815/1815
f 1815/1815/1815 1806/1806/1806 1784/1784/1784
f 1794/1794/1794 1814/1814/1814 1805/1805/1805
f 1808/1808/1808 1795/1795/1795 1805/1805/1805
f 1804/1804/1804 1803/1803/1803 1780/1780/1780
f 1813/1813/1813 1794/1794/1794 1803/1803/1803
f 1802/1802/1802 1811/1811/1811 1793/1793/1793
f 1801/1801/1801 1792/1792/1792 1812/1812/1812
f 1793/1793/1793 1811/1811/1811 1792/1792/1792
f 1790/1790/1790 1791/1791/1791 1801/1801/1801
f 1796/1796/1796 1790/1790/1790 1804/1804/1804
f 1789/1789/1789 1788/1788/1788 1800/1800/1800
f 1774/1774/1774 1799/1799/1799 1810/1810/1810
f 1774/1774/1774 1809/1809/1809 1798/1798/1798
f 1785/1785/1785 1795/1795/1795 1808/1808/1808
f 1785/1785/1785 1808/1808/1808 1786/1786/1786
f 3620/3620/3620 3621/3621/3621 3617/3617/3617
f 3617/3617/3617 3621/3621/3621 3619/3619/3619
f 3620/3620/3620 3617/3617/3617 3618/3618/3618
f 3616/3616/3616 3617/3617/3617 3619/3619/3619
f 3618/3618/3618 3617/3617/3617 3615/3615/3615
f 1799/1799/1799 1747/1747/1747 3447/3447/3447
f 3617/3617/3617 3616/3616/3616 3615/3615/3615
f 3447/3447/3447 3614/3614/3614 1799/1799/1799
f 3616/3616/3616 1850/1850/1850 3615/3615/3615
f 3447/3447/3447 3444/3444/3444 3614/3614/3614
f 3614/3614/3614 1810/1810/1810 1799/1799/1799
f 1850/1850/1850 3613/3613/3613 3615/3615/3615
f 3444/3444/3444 1810/1810/1810 3614/3614/3614
f 1810/1810/1810 3613/3613/3613 1850/1850/1850
f 3444/3444/3444 3613/3613/3613 1810/1810/1810
f 3610/3610/3610 3612/3612/3612 3611/3611/3611
f 3612/3612/3612 3609/3609/3609 3611/3611/3611
f 3609/3609/3609 3612/3612/3612 3608/3608/3608
f 3610/3610/3610 3608/3608/3608 3612/3612/3612
f 3609/3609/3609 3607/3607/3607 3611/3611/3611
f 3608/3608/3608 3606/3606/3606 3609/3609/3609
f 3605/3605/3605 3604/3604/3604 3610/3610/3610
f 3604/3604/3604 3608/3608/3608 3610/3610/3610
f 3609/3609/3609 3603/3603/3603 3607/3607/3607
f 3608/3608/3608 3600/3600/3600 3606/3606/3606
f 3606/3606/3606 3603/3603/3603 3609/3609/3609
f 3599/3599/3599 3604/3604/3604 3605/3605/3605
f 3604/3604/3604 3600/3600/3600 3608/3608/3608
f 3607/3607/3607 3603/3603/3603 3597/3597/3597
f 3600/3600/3600 3603/3603/3603 3606/3606/3606
f 3602/3602/3602 3599/3599/3599 3605/3605/3605
f 3599/3599/3599 3600/3600/3600 3604/3604/3604
f 3601/3601/3601 3600/3600/3600 3586/3586/3586
f 3601/3601/3601 3592/3592/3592 3600/3600/3600
f 3600/3600/3600 3597/3597/3597 3603/3603/3603
f 3601/3601/3601 3598/3598/3598 3592/3592/3592
f 3602/3602/3602 3593/3593/3593 3599/3599/3599
f 3600/3600/3600 3599/3599/3599 3586/3586/3586
f 3586/3586/3586 3598/3598/3598 3601/3601/3601
f 3592/3592/3592 3597/3597/3597 3600/3600/3600
f 3585/3585/3585 3595/3595/3595 3597/3597/3597
f 3598/3598/3598 3587/3587/3587 3592/3592/3592
f 3593/3593/3593 3586/3586/3586 3599/3599/3599
f 3586/3586/3586 3587/3587/3587 3598/3598/3598
f 3592/3592/3592 3585/3585/3585 3597/3597/3597
f 3585/3585/3585 3584/3584/3584 3595/3595/3595
f 1986/1986/1986 3596/3596/3596 3591/3591/3591
f 3590/3590/3590 3595/3595/3595 3584/3584/3584
f 3591/3591/3591 3590/3590/3590 3578/3578/3578
f 3581/3581/3581 3583/3583/3583 3594/3594/3594
f 3588/3588/3588 3589/3589/3589 3576/3576/3576
f 3581/3581/3581 3594/3594/3594 3588/3588/3588
f 3587/3587/3587 3580/3580/3580 3592/3592/3592
f 3593/3593/3593 3575/3575/3575 3586/3586/3586
f 3586/3586/3586 3574/3574/3574 3587/3587/3587
f 3580/3580/3580 3585/3585/3585 3592/3592/3592
f 3573/3573/3573 3584/3584/3584 3585/3585/3585
f 3591/3591/3591 3578/3578/3578 1986/1986/1986
f 3584/3584/3584 3578/3578/3578 3590/3590/3590
f 3577/3577/3577 3583/3583/3583 3581/3581/3581
f 3589/3589/3589 3582/3582/3582 3576/3576/3576
f 3588/3588/3588 3576/3576/3576 3581/3581/3581
f 3587/3587/3587 3574/3574/3574 3580/3580/3580
f 3586/3586/3586 3575/3575/3575 3574/3574/3574
f 3573/3573/3573 3579/3579/3579 3584/3584/3584
f 3585/3585/3585 3580/3580/3580 3573/3573/3573
f 3579/3579/3579 3568/3568/3568 3584/3584/3584
f 1986/1986/1986 3578/3578/3578 1987/1987/1987
f 3584/3584/3584 3568/3568/3568 3578/3578/3578
f 3566/3566/3566 3577/3577/3577 3581/3581/3581
f 3583/3583/3583 3577/3577/3577 3572/3572/3572
f 3576/3576/3576 3582/3582/3582 3562/3562/3562
f 3576/3576/3576 3566/3566/3566 3581/3581/3581
f 3574/3574/3574 3560/3560/3560 3580/3580/3580
f 3574/3574/3574 3575/3575/3575 3571/3571/3571
f 3570/3570/3570 3579/3579/3579 3573/3573/3573
f 3573/3573/3573 3580/3580/3580 3560/3560/3560
f 3579/3579/3579 3570/3570/3570 3569/3569/3569
f 3569/3569/3569 3568/3568/3568 3579/3579/3579
f 3578/3578/3578 3568/3568/3568 1987/1987/1987
f 3566/3566/3566 3572/3572/3572 3577/3577/3577
f 3576/3576/3576 3562/3562/3562 3566/3566/3566
f 3575/3575/3575 3565/3565/3565 3571/3571/3571
f 3571/3571/3571 3560/3560/3560 3574/3574/3574
f 3560/3560/3560 3570/3570/3570 3573/3573/3573
f 3570/3570/3570 3559/3559/3559 3569/3569/3569
f 3558/3558/3558 3568/3568/3568 3569/3569/3569
f 1987/1987/1987 3568/3568/3568 3557/3557/3557
f 3555/3555/3555 3572/3572/3572 3566/3566/3566
f 3566/3566/3566 3562/3562/3562 3561/3561/3561
f 3565/3565/3565 3560/3560/3560 3571/3571/3571
f 3560/3560/3560 3559/3559/3559 3570/3570/3570
f 3569/3569/3569 3559/3559/3559 3564/3564/3564
f 3569/3569/3569 3564/3564/3564 3558/3558/3558
f 3568/3568/3568 3558/3558/3558 3557/3557/3557
f 3557/3557/3557 1991/1991/1991 1987/1987/1987
f 3553/3553/3553 1993/1993/1993 1991/1991/1991
f 3567/3567/3567 1993/1993/1993 3556/3556/3556
f 3556/3556/3556 3563/3563/3563 3567/3567/3567
f 3561/3561/3561 3555/3555/3555 3566/3566/3566
f 3563/3563/3563 3552/3552/3552 3562/3562/3562
f 3550/3550/3550 3561/3561/3561 3562/3562/3562
f 3565/3565/3565 3549/3549/3549 3560/3560/3560
f 3560/3560/3560 3548/3548/3548 3559/3559/3559
f 3559/3559/3559 3554/3554/3554 3564/3564/3564
f 3558/3558/3558 3564/3564/3564 3554/3554/3554
f 3557/3557/3557 3558/3558/3558 3547/3547/3547
f 1991/1991/1991 3557/3557/3557 3553/3553/3553
f 1993/1993/1993 3553/3553/3553 3556/3556/3556
f 3556/3556/3556 3552/3552/3552 3563/3563/3563
f 3551/3551/3551 3555/3555/3555 3561/3561/3561
f 3552/3552/3552 3550/3550/3550 3562/3562/3562
f 3550/3550/3550 3551/3551/3551 3561/3561/3561
f 3549/3549/3549 3548/3548/3548 3560/3560/3560
f 3548/3548/3548 3554/3554/3554 3559/3559/3559
f 3554/3554/3554 3547/3547/3547 3558/3558/3558
f 3547/3547/3547 3553/3553/3553 3557/3557/3557
f 3553/3553/3553 3543/3543/3543 3556/3556/3556
f 3552/3552/3552 3556/3556/3556 3543/3543/3543
f 3555/3555/3555 3551/3551/3551 3546/3546/3546
f 3545/3545/3545 3550/3550/3550 3552/3552/3552
f 3542/3542/3542 3551/3551/3551 3550/3550/3550
f 3549/3549/3549 3544/3544/3544 3548/3548/3548
f 3548/3548/3548 3540/3540/3540 3554/3554/3554
f 3547/3547/3547 3554/3554/3554 3540/3540/3540
f 3553/3553/3553 3547/3547/3547 3543/3543/3543
f 3552/3552/3552 3543/3543/3543 3545/3545/3545
f 3551/3551/3551 3542/3542/3542 3546/3546/3546
f 3550/3550/3550 3545/3545/3545 3542/3542/3542
f 3544/3544/3544 3549/3549/3549 3541/3541/3541
f 3544/3544/3544 3540/3540/3540 3548/3548/3548
f 3540/3540/3540 3539/3539/3539 3547/3547/3547
f 3547/3547/3547 3539/3539/3539 3543/3543/3543
f 3536/3536/3536 3545/3545/3545 3543/3543/3543
f 3538/3538/3538 3546/3546/3546 3542/3542/3542
f 3536/3536/3536 3542/3542/3542 3545/3545/3545
f 3541/3541/3541 3537/3537/3537 3544/3544/3544
f 3540/3540/3540 3544/3544/3544 3537/3537/3537
f 3539/3539/3539 3540/3540/3540 3535/3535/3535
f 3539/3539/3539 3536/3536/3536 3543/3543/3543
f 3542/3542/3542 3536/3536/3536 3538/3538/3538
f 3541/3541/3541 3534/3534/3534 3537/3537/3537
f 3537/3537/3537 3535/3535/3535 3540/3540/3540
f 3535/3535/3535 3536/3536/3536 3539/3539/3539
f 3533/3533/3533 3538/3538/3538 3536/3536/3536
f 3535/3535/3535 3537/3537/3537 3534/3534/3534
f 3535/3535/3535 3533/3533/3533 3536/3536/3536
f 3534/3534/3534 3532/3532/3532 3535/3535/3535
f 3532/3532/3532 3533/3533/3533 3535/3535/3535
f 3530/3530/3530 3532/3532/3532 3534/3534/3534
f 3532/3532/3532 3531/3531/3531 3533/3533/3533
f 3530/3530/3530 3531/3531/3531 3532/3532/3532
f 3528/3528/3528 2073/2073/2073 2074/2074/2074
f 3528/3528/3528 3529/3529/3529 2073/2073/2073
f 2499/2499/2499 3095/3095/3095 3527/3527/3527
f 2500/2500/2500 2499/2499/2499 3527/3527/3527
f 1985/1985/1985 3526/3526/3526 3524/3524/3524
f 3525/3525/3525 3524/3524/3524 3526/3526/3526
f 1978/1978/1978 1985/1985/1985 3524/3524/3524
f 3525/3525/3525 1349/1349/1349 3524/3524/3524
f 1979/1979/1979 1978/1978/1978 3524/3524/3524
f 1349/1349/1349 3523/3523/3523 3524/3524/3524
f 1979/1979/1979 3524/3524/3524 3523/3523/3523
f 1347/1347/1347 3523/3523/3523 1349/1349/1349
f 3523/3523/3523 1347/1347/1347 1979/1979/1979
f 3522/3522/3522 3171/3171/3171 3520/3520/3520
f 3173/3173/3173 3520/3520/3520 3171/3171/3171
f 3515/3515/3515 3522/3522/3522 3520/3520/3520
f 3519/3519/3519 3517/3517/3517 3521/3521/3521
f 3515/3515/3515 3519/3519/3519 3522/3522/3522
f 3517/3517/3517 3518/3518/3518 3521/3521/3521
f 3515/3515/3515 3520/3520/3520 3173/3173/3173
f 3519/3519/3519 3515/3515/3515 3517/3517/3517
f 3516/3516/3516 3518/3518/3518 3517/3517/3517
f 3515/3515/3515 3173/3173/3173 3516/3516/3516
f 3515/3515/3515 3516/3516/3516 3517/3517/3517
f 3512/3512/3512 3510/3510/3510 3514/3514/3514
f 3090/3090/3090 3513/3513/3513 3511/3511/3511
f 3512/3512/3512 3509/3509/3509 3510/3510/3510
f 3511/3511/3511 3508/3508/3508 3090/3090/3090
f 3509/3509/3509 3505/3505/3505 3510/3510/3510
f 3090/3090/3090 3508/3508/3508 3507/3507/3507
f 3090/3090/3090 3507/3507/3507 3088/3088/3088
f 3506/3506/3506 3505/3505/3505 3509/3509/3509
f 3508/3508/3508 3504/3504/3504 3507/3507/3507
f 3507/3507/3507 3499/3499/3499 3088/3088/3088
f 3506/3506/3506 3500/3500/3500 3505/3505/3505
f 3499/3499/3499 3507/3507/3507 3504/3504/3504
f 3088/3088/3088 3499/3499/3499 3096/3096/3096
f 3501/3501/3501 3506/3506/3506 3498/3498/3498
f 3501/3501/3501 3500/3500/3500 3506/3506/3506
f 3500/3500/3500 3503/3503/3503 3505/3505/3505
f 3504/3504/3504 3502/3502/3502 3499/3499/3499
f 3097/3097/3097 3096/3096/3096 3499/3499/3499
f 3498/3498/3498 3497/3497/3497 3501/3501/3501
f 3501/3501/3501 3488/3488/3488 3500/3500/3500
f 3496/3496/3496 3503/3503/3503 3500/3500/3500
f 3502/3502/3502 3492/3492/3492 3499/3499/3499
f 3499/3499/3499 3495/3495/3495 3097/3097/3097
f 3498/3498/3498 3494/3494/3494 3497/3497/3497
f 3488/3488/3488 3501/3501/3501 3497/3497/3497
f 3488/3488/3488 3496/3496/3496 3500/3500/3500
f 3495/3495/3495 3499/3499/3499 3492/3492/3492
f 3494/3494/3494 3485/3485/3485 3497/3497/3497
f 3498/3498/3498 3489/3489/3489 3494/3494/3494
f 3497/3497/3497 3485/3485/3485 3493/3493/3493
f 3488/3488/3488 3497/3497/3497 3493/3493/3493
f 3496/3496/3496 3488/3488/3488 3492/3492/3492
f 3492/3492/3492 3487/3487/3487 3495/3495/3495
f 3491/3491/3491 3495/3495/3495 3487/3487/3487
f 3494/3494/3494 3489/3489/3489 3485/3485/3485
f 3484/3484/3484 3493/3493/3493 3485/3485/3485
f 3493/3493/3493 3484/3484/3484 3488/3488/3488
f 3476/3476/3476 3492/3492/3492 3488/3488/3488
f 3487/3487/3487 3492/3492/3492 3476/3476/3476
f 3487/3487/3487 3483/3483/3483 3491/3491/3491
f 3486/3486/3486 3482/3482/3482 3490/3490/3490
f 3489/3489/3489 3481/3481/3481 3485/3485/3485
f 3484/3484/3484 3485/3485/3485 3478/3478/3478
f 3488/3488/3488 3484/3484/3484 3476/3476/3476
f 3483/3483/3483 3487/3487/3487 3476/3476/3476
f 3483/3483/3483 3475/3475/3475 3486/3486/3486
f 3475/3475/3475 3482/3482/3482 3486/3486/3486
f 3485/3485/3485 3481/3481/3481 3478/3478/3478
f 3476/3476/3476 3484/3484/3484 3478/3478/3478
f 3476/3476/3476 3480/3480/3480 3483/3483/3483
f 3480/3480/3480 3475/3475/3475 3483/3483/3483
f 3475/3475/3475 3479/3479/3479 3482/3482/3482
f 3478/3478/3478 3481/3481/3481 3474/3474/3474
f 3479/3479/3479 3472/3472/3472 3477/3477/3477
f 3471/3471/3471 3476/3476/3476 3478/3478/3478
f 3480/3480/3480 3476/3476/3476 3473/3473/3473
f 3475/3475/3475 3480/3480/3480 3473/3473/3473
f 3472/3472/3472 3479/3479/3479 3475/3475/3475
f 3471/3471/3471 3478/3478/3478 3474/3474/3474
f 3472/3472/3472 3474/3474/3474 3477/3477/3477
f 3476/3476/3476 3471/3471/3471 3473/3473/3473
f 3475/3475/3475 3473/3473/3473 3472/3472/3472
f 3474/3474/3474 3472/3472/3472 3471/3471/3471
f 3471/3471/3471 3472/3472/3472 3473/3473/3473
f 1784/1784/1784 1797/1797/1797 1807/1807/1807
f 1784/1784/1784 1806/1806/1806 1783/1783/1783
f 1782/1782/1782 1796/1796/1796 1804/1804/1804
f 1805/1805/1805 1781/1781/1781 1794/1794/1794
f 1781/1781/1781 1805/1805/1805 1795/1795/1795
f 1780/1780/1780 1782/1782/1782 1804/1804/1804
f 1794/1794/1794 1780/1780/1780 1803/1803/1803
f 1793/1793/1793 1755/1755/1755 1802/1802/1802
f 1792/1792/1792 1801/1801/1801 1754/1754/1754
f 1793/1793/1793 1792/1792/1792 1778/1778/1778
f 1779/1779/1779 1793/1793/1793 1778/1778/1778
f 1754/1754/1754 1801/1801/1801 1791/1791/1791
f 1777/1777/1777 1796/1796/1796 1772/1772/1772
f 1791/1791/1791 1790/1790/1790 1768/1768/1768
f 1777/1777/1777 1790/1790/1790 1796/1796/1796
f 1789/1789/1789 1800/1800/1800 1765/1765/1765
f 1800/1800/1800 1788/1788/1788 1765/1765/1765
f 1774/1774/1774 1747/1747/1747 1799/1799/1799
f 1787/1787/1787 1774/1774/1774 1798/1798/1798
f 1757/1757/1757 1795/1795/1795 1785/1785/1785
f 1786/1786/1786 1759/1759/1759 1785/1785/1785
f 1784/1784/1784 1728/1728/1728 1797/1797/1797
f 1773/1773/1773 1784/1784/1784 1783/1783/1783
f 1796/1796/1796 1782/1782/1782 1772/1772/1772
f 1771/1771/1771 1794/1794/1794 1781/1781/1781
f 1781/1781/1781 1795/1795/1795 1757/1757/1757
f 1756/1756/1756 1782/1782/1782 1780/1780/1780
f 1794/1794/1794 1771/1771/1771 1780/1780/1780
f 1755/1755/1755 1793/1793/1793 1779/1779/1779
f 1778/1778/1778 1792/1792/1792 1754/1754/1754
f 1778/1778/1778 1770/1770/1770 1779/1779/1779
f 1754/1754/1754 1791/1791/1791 1768/1768/1768
f 1733/1733/1733 1777/1777/1777 1772/1772/1772
f 1768/1768/1768 1790/1790/1790 1777/1777/1777
f 1767/1767/1767 1776/1776/1776 1766/1766/1766
f 1765/1765/1765 1776/1776/1776 1789/1789/1789
f 1764/1764/1764 1765/1765/1765 1788/1788/1788
f 1788/1788/1788 1775/1775/1775 1764/1764/1764
f 1747/1747/1747 1774/1774/1774 1746/1746/1746
f 1774/1774/1774 1787/1787/1787 1761/1761/1761
f 1757/1757/1757 1785/1785/1785 1758/1758/1758
f 1759/1759/1759 1786/1786/1786 1760/1760/1760
f 1759/1759/1759 1758/1758/1758 1785/1785/1785
f 1728/1728/1728 1784/1784/1784 1773/1773/1773
f 1773/1773/1773 1783/1783/1783 1740/1740/1740
f 1772/1772/1772 1782/1782/1782 1756/1756/1756
f 1771/1771/1771 1781/1781/1781 1757/1757/1757
f 1771/1771/1771 1756/1756/1756 1780/1780/1780
f 1755/1755/1755 1779/1779/1779 1770/1770/1770
f 1770/1770/1770 1778/1778/1778 1754/1754/1754
f 1769/1769/1769 1772/1772/1772 1734/1734/1734
f 1733/1733/1733 1772/1772/1772 1769/1769/1769
f 1754/1754/1754 1768/1768/1768 1753/1753/1753
f 1768/1768/1768 1777/1777/1777 1733/1733/1733
f 1731/1731/1731 1767/1767/1767 1766/1766/1766
f 1751/1751/1751 1766/1766/1766 1776/1776/1776
f 1776/1776/1776 1765/1765/1765 1751/1751/1751
f 1765/1765/1765 1764/1764/1764 1716/1716/1716
f 1764/1764/1764 1775/1775/1775 1750/1750/1750
f 1749/1749/1749 1750/1750/1750 1775/1775/1775
f 1763/1763/1763 1747/1747/1747 1729/1729/1729
f 1746/1746/1746 1762/1762/1762 1747/1747/1747
f 1746/1746/1746 1774/1774/1774 1761/1761/1761
f 1757/1757/1757 1758/1758/1758 1744/1744/1744
f 1725/1725/1725 1759/1759/1759 1760/1760/1760
f 1742/1742/1742 1758/1758/1758 1759/1759/1759
f 1773/1773/1773 1740/1740/1740 1728/1728/1728
f 1772/1772/1772 1756/1756/1756 1734/1734/1734
f 1738/1738/1738 1771/1771/1771 1757/1757/1757
f 1756/1756/1756 1771/1771/1771 1738/1738/1738
f 1755/1755/1755 1770/1770/1770 1722/1722/1722
f 1755/1755/1755 1737/1737/1737 1736/1736/1736
f 1721/1721/1721 1754/1754/1754 1753/1753/1753
f 1754/1754/1754 1722/1722/1722 1770/1770/1770
f 1733/1733/1733 1769/1769/1769 1734/1734/1734
f 1753/1753/1753 1768/1768/1768 1732/1732/1732
f 1733/1733/1733 1732/1732/1732 1768/1768/1768
f 1767/1767/1767 1752/1752/1752 1700/1700/1700
f 1767/1767/1767 1731/1731/1731 1752/1752/1752
f 1766/1766/1766 1751/1751/1751 1731/1731/1731
f 1765/1765/1765 1716/1716/1716 1751/1751/1751
f 1764/1764/1764 1750/1750/1750 1716/1716/1716
f 1750/1750/1750 1749/1749/1749 1715/1715/1715
f 1729/1729/1729 1749/1749/1749 1763/1763/1763
f 1724/1724/1724 1748/1748/1748 1728/1728/1728
f 1727/1727/1727 1748/1748/1748 1724/1724/1724
f 1729/1729/1729 1747/1747/1747 1726/1726/1726
f 1747/1747/1747 1762/1762/1762 1711/1711/1711
f 1762/1762/1762 1746/1746/1746 1711/1711/1711
f 1746/1746/1746 1761/1761/1761 1710/1710/1710
f 1745/1745/1745 1710/1710/1710 1761/1761/1761
f 1705/1705/1705 1757/1757/1757 1744/1744/1744
f 1744/1744/1744 1758/1758/1758 1709/1709/1709
f 1760/1760/1760 1743/1743/1743 1725/1725/1725
f 1742/1742/1742 1759/1759/1759 1725/1725/1725
f 3467/3467/3467 3465/3465/3465 3468/3468/3468
f 3465/3465/3465 3467/3467/3467 3464/3464/3464
f 3464/3464/3464 3467/3467/3467 3466/3466/3466
f 3464/3464/3464 3463/3463/3463 3465/3465/3465
f 3462/3462/3462 3464/3464/3464 3466/3466/3466
f 3463/3463/3463 3464/3464/3464 3460/3460/3460
f 3459/3459/3459 3465/3465/3465 3463/3463/3463
f 3464/3464/3464 3462/3462/3462 3460/3460/3460
f 3459/3459/3459 3463/3463/3463 3460/3460/3460
f 2543/2543/2543 2546/2546/2546 3458/3458/3458
f 3461/3461/3461 2534/2534/2534 2536/2536/2536
f 3457/3457/3457 3460/3460/3460 3462/3462/3462
f 2546/2546/2546 3459/3459/3459 3456/3456/3456
f 3454/3454/3454 3459/3459/3459 3460/3460/3460
f 2538/2538/2538 2541/2541/2541 3455/3455/3455
f 2541/2541/2541 2543/2543/2543 3453/3453/3453
f 3456/3456/3456 3458/3458/3458 2546/2546/2546
f 2543/2543/2543 3458/3458/3458 3453/3453/3453
f 3452/3452/3452 3461/3461/3461 2536/2536/2536
f 3455/3455/3455 2536/2536/2536 2538/2538/2538
f 3457/3457/3457 3454/3454/3454 3460/3460/3460
f 3454/3454/3454 3456/3456/3456 3459/3459/3459
f 2541/2541/2541 3453/3453/3453 3455/3455/3455
f 3453/3453/3453 3458/3458/3458 3456/3456/3456
f 2536/2536/2536 3455/3455/3455 3452/3452/3452
f 3454/3454/3454 3457/3457/3457 3451/3451/3451
f 3456/3456/3456 3454/3454/3454 3448/3448/3448
f 3455/3455/3455 3453/3453/3453 3450/3450/3450
f 3448/3448/3448 3453/3453/3453 3456/3456/3456
f 3455/3455/3455 3450/3450/3450 3452/3452/3452
f 3451/3451/3451 3448/3448/3448 3454/3454/3454
f 3453/3453/3453 3448/3448/3448 3450/3450/3450
f 3452/3452/3452 3450/3450/3450 3449/3449/3449
f 3451/3451/3451 3449/3449/3449 3448/3448/3448
f 3448/3448/3448 3449/3449/3449 3450/3450/3450
f 3443/3443/3443 3447/3447/3447 1747/1747/1747
f 3443/3443/3443 3444/3444/3444 3447/3447/3447
f 1747/1747/1747 1763/1763/1763 3443/3443/3443
f 3442/3442/3442 3445/3445/3445 3446/3446/3446
f 3440/3440/3440 3444/3444/3444 3443/3443/3443
f 3441/3441/3441 3443/3443/3443 1763/1763/1763
f 3445/3445/3445 3442/3442/3442 3439/3439/3439
f 3444/3444/3444 3440/3440/3440 3442/3442/3442
f 3441/3441/3441 3440/3440/3440 3443/3443/3443
f 3439/3439/3439 3442/3442/3442 3440/3440/3440
f 3439/3439/3439 3440/3440/3440 3441/3441/3441
f 3435/3435/3435 3428/3428/3428 3436/3436/3436
f 3438/3438/3438 3432/3432/3432 3431/3431/3431
f 3434/3434/3434 3438/3438/3438 3431/3431/3431
f 3419/3419/3419 3435/3435/3435 3436/3436/3436
f 3437/3437/3437 3434/3434/3434 3430/3430/3430
f 3437/3437/3437 3430/3430/3430 3433/3433/3433
f 3436/3436/3436 3433/3433/3433 3419/3419/3419
f 3428/3428/3428 3429/3429/3429 3436/3436/3436
f 3435/3435/3435 3427/3427/3427 3428/3428/3428
f 3431/3431/3431 3432/3432/3432 3425/3425/3425
f 3434/3434/3434 3431/3431/3431 3424/3424/3424
f 3424/3424/3424 3423/3423/3423 3434/3434/3434
f 3419/3419/3419 3427/3427/3427 3435/3435/3435
f 3430/3430/3430 3434/3434/3434 3423/3423/3423
f 3430/3430/3430 3419/3419/3419 3433/3433/3433
f 3428/3428/3428 3418/3418/3418 3429/3429/3429
f 3427/3427/3427 3417/3417/3417 3428/3428/3428
f 3432/3432/3432 3421/3421/3421 3425/3425/3425
f 3425/3425/3425 3412/3412/3412 3431/3431/3431
f 3431/3431/3431 3412/3412/3412 3424/3424/3424
f 3424/3424/3424 3410/3410/3410 3423/3423/3423
f 3419/3419/3419 3422/3422/3422 3427/3427/3427
f 3423/3423/3423 3419/3419/3419 3430/3430/3430
f 3411/3411/3411 3429/3429/3429 3418/3418/3418
f 3417/3417/3417 3418/3418/3418 3428/3428/3428
f 3422/3422/3422 3417/3417/3417 3427/3427/3427
f 3420/3420/3420 3416/3416/3416 3426/3426/3426
f 1709/1709/1709 1758/1758/1758 1742/1742/1742
f 3425/3425/3425 3421/3421/3421 3415/3415/3415
f 3412/3412/3412 3425/3425/3425 3415/3415/3415
f 3410/3410/3410 3424/3424/3424 3412/3412/3412
f 3423/3423/3423 3410/3410/3410 3409/3409/3409
f 3419/3419/3419 3395/3395/3395 3422/3422/3422
f 3423/3423/3423 3409/3409/3409 3419/3419/3419
f 3418/3418/3418 3408/3408/3408 3411/3411/3411
f 3417/3417/3417 3402/3402/3402 3418/3418/3418
f 3395/3395/3395 3417/3417/3417 3422/3422/3422
f 3420/3420/3420 3401/3401/3401 3416/3416/3416
f 1724/1724/1724 1741/1741/1741 1727/1727/1727
f 3421/3421/3421 3406/3406/3406 3415/3415/3415
f 3393/3393/3393 3414/3414/3414 3413/3413/3413
f 3412/3412/3412 3415/3415/3415 3400/3400/3400
f 3411/3411/3411 3401/3401/3401 3420/3420/3420
f 3408/3408/3408 3404/3404/3404 3411/3411/3411
f 3398/3398/3398 3410/3410/3410 3412/3412/3412
f 3410/3410/3410 3403/3403/3403 3409/3409/3409
f 3395/3395/3395 3419/3419/3419 3409/3409/3409
f 3408/3408/3408 3418/3418/3418 3402/3402/3402
f 3417/3417/3417 3395/3395/3395 3402/3402/3402
f 3407/3407/3407 3416/3416/3416 3401/3401/3401
f 1724/1724/1724 1728/1728/1728 1740/1740/1740
f 3415/3415/3415 3406/3406/3406 3400/3400/3400
f 3414/3414/3414 3393/3393/3393 3406/3406/3406
f 3399/3399/3399 3405/3405/3405 3413/3413/3413
f 3413/3413/3413 3405/3405/3405 3393/3393/3393
f 3398/3398/3398 3412/3412/3412 3400/3400/3400
f 3411/3411/3411 3397/3397/3397 3401/3401/3401
f 3408/3408/3408 3392/3392/3392 3404/3404/3404
f 3404/3404/3404 3397/3397/3397 3411/3411/3411
f 3396/3396/3396 3403/3403/3403 3410/3410/3410
f 3410/3410/3410 3398/3398/3398 3396/3396/3396
f 3395/3395/3395 3409/3409/3409 3403/3403/3403
f 3402/3402/3402 3392/3392/3392 3408/3408/3408
f 3395/3395/3395 3390/3390/3390 3402/3402/3402
f 1734/1734/1734 1756/1756/1756 1723/1723/1723
f 3401/3401/3401 3394/3394/3394 3407/3407/3407
f 1705/1705/1705 1738/1738/1738 1757/1757/1757
f 1723/1723/1723 1756/1756/1756 1738/1738/1738
f 3406/3406/3406 3393/3393/3393 3400/3400/3400
f 3405/3405/3405 3399/3399/3399 3393/3393/3393
f 3400/3400/3400 3387/3387/3387 3398/3398/3398
f 3401/3401/3401 3397/3397/3397 3389/3389/3389
f 3397/3397/3397 3404/3404/3404 3392/3392/3392
f 3396/3396/3396 3384/3384/3384 3403/3403/3403
f 3396/3396/3396 3398/3398/3398 3386/3386/3386
f 3403/3403/3403 3384/3384/3384 3395/3395/3395
f 3391/3391/3391 3390/3390/3390 3395/3395/3395
f 3390/3390/3390 3392/3392/3392 3402/3402/3402
f 1722/1722/1722 1737/1737/1737 1755/1755/1755
f 3401/3401/3401 3389/3389/3389 3394/3394/3394
f 1703/1703/1703 1736/1736/1736 1737/1737/1737
f 1753/1753/1753 1735/1735/1735 1721/1721/1721
f 1722/1722/1722 1754/1754/1754 1721/1721/1721
f 1735/1735/1735 1753/1753/1753 1720/1720/1720
f 1734/1734/1734 1719/1719/1719 1733/1733/1733
f 1753/1753/1753 1732/1732/1732 1718/1718/1718
f 3393/3393/3393 3387/3387/3387 3400/3400/3400
f 3399/3399/3399 3388/3388/3388 3393/3393/3393
f 3387/3387/3387 3386/3386/3386 3398/3398/3398
f 3397/3397/3397 3385/3385/3385 3389/3389/3389
f 3397/3397/3397 3392/3392/3392 3385/3385/3385
f 3396/3396/3396 3386/3386/3386 3384/3384/3384
f 3395/3395/3395 3384/3384/3384 3391/3391/3391
f 3391/3391/3391 3379/3379/3379 3390/3390/3390
f 3390/3390/3390 3380/3380/3380 3392/3392/3392
f 1732/1732/1732 1733/1733/1733 1686/1686/1686
f 3389/3389/3389 3383/3383/3383 3394/3394/3394
f 1720/1720/1720 1753/1753/1753 1718/1718/1718
f 1700/1700/1700 1752/1752/1752 1731/1731/1731
f 1751/1751/1751 1716/1716/1716 1731/1731/1731
f 1716/1716/1716 1750/1750/1750 1730/1730/1730
f 3393/3393/3393 3382/3382/3382 3387/3387/3387
f 3393/3393/3393 3388/3388/3388 3382/3382/3382
f 3387/3387/3387 3381/3381/3381 3386/3386/3386
f 3385/3385/3385 3377/3377/3377 3389/3389/3389
f 3385/3385/3385 3392/3392/3392 3380/3380/3380
f 3386/3386/3386 3373/3373/3373 3384/3384/3384
f 3384/3384/3384 3379/3379/3379 3391/3391/3391
f 3380/3380/3380 3390/3390/3390 3379/3379/3379
f 1730/1730/1730 1750/1750/1750 1715/1715/1715
f 3383/3383/3383 3389/3389/3389 3377/3377/3377
f 1729/1729/1729 1715/1715/1715 1749/1749/1749
f 1726/1726/1726 1698/1698/1698 1729/1729/1729
f 1748/1748/1748 1696/1696/1696 1728/1728/1728
f 1727/1727/1727 1696/1696/1696 1748/1748/1748
f 3382/3382/3382 3378/3378/3378 3387/3387/3387
f 3388/3388/3388 3374/3374/3374 3382/3382/3382
f 3387/3387/3387 3378/3378/3378 3381/3381/3381
f 3381/3381/3381 3373/3373/3373 3386/3386/3386
f 3380/3380/3380 3377/3377/3377 3385/3385/3385
f 3379/3379/3379 3384/3384/3384 3373/3373/3373
f 3379/3379/3379 3372/3372/3372 3380/3380/3380
f 3377/3377/3377 3376/3376/3376 3383/3383/3383
f 1741/1741/1741 1713/1713/1713 1727/1727/1727
f 1711/1711/1711 1726/1726/1726 1747/1747/1747
f 1710/1710/1710 1711/1711/1711 1746/1746/1746
f 1710/1710/1710 1745/1745/1745 1712/1712/1712
f 1705/1705/1705 1744/1744/1744 1709/1709/1709
f 3382/3382/3382 3375/3375/3375 3378/3378/3378
f 3374/3374/3374 3375/3375/3375 3382/3382/3382
f 3378/3378/3378 3373/3373/3373 3381/3381/3381
f 3377/3377/3377 3380/3380/3380 3372/3372/3372
f 3373/3373/3373 3372/3372/3372 3379/3379/3379
f 3376/3376/3376 3377/3377/3377 3371/3371/3371
f 1676/1676/1676 1725/1725/1725 1743/1743/1743
f 1709/1709/1709 1742/1742/1742 1725/1725/1725
f 1692/1692/1692 1741/1741/1741 1724/1724/1724
f 1708/1708/1708 1724/1724/1724 1740/1740/1740
f 3375/3375/3375 3370/3370/3370 3378/3378/3378
f 3374/3374/3374 3367/3367/3367 3375/3375/3375
f 3373/3373/3373 3378/3378/3378 3370/3370/3370
f 3372/3372/3372 3363/3363/3363 3377/3377/3377
f 3373/3373/3373 3364/3364/3364 3372/3372/3372
f 3377/3377/3377 3363/3363/3363 3371/3371/3371
f 3376/3376/3376 3371/3371/3371 3369/3369/3369
f 3369/3369/3369 3368/3368/3368 3376/3376/3376
f 1690/1690/1690 1739/1739/1739 1717/1717/1717
f 1734/1734/1734 1723/1723/1723 1670/1670/1670
f 1723/1723/1723 1738/1738/1738 1705/1705/1705
f 1722/1722/1722 1703/1703/1703 1737/1737/1737
f 1704/1704/1704 1736/1736/1736 1703/1703/1703
f 3375/3375/3375 3367/3367/3367 3370/3370/3370
f 3374/3374/3374 3366/3366/3366 3367/3367/3367
f 3370/3370/3370 3365/3365/3365 3373/3373/3373
f 3364/3364/3364 3373/3373/3373 3365/3365/3365
f 3372/3372/3372 3364/3364/3364 3363/3363/3363
f 3363/3363/3363 3369/3369/3369 3371/3371/3371
f 3368/3368/3368 3369/3369/3369 3360/3360/3360
f 1702/1702/1702 1721/1721/1721 1735/1735/1735
f 1656/1656/1656 1722/1722/1722 1721/1721/1721
f 1701/1701/1701 1702/1702/1702 1735/1735/1735
f 1720/1720/1720 1701/1701/1701 1735/1735/1735
f 1719/1719/1719 1734/1734/1734 1670/1670/1670
f 3356/3356/3356 3370/3370/3370 3367/3367/3367
f 3366/3366/3366 3358/3358/3358 3367/3367/3367
f 3370/3370/3370 3356/3356/3356 3365/3365/3365
f 3365/3365/3365 3361/3361/3361 3364/3364/3364
f 3361/3361/3361 3365/3365/3365 3362/3362/3362
f 3364/3364/3364 3355/3355/3355 3363/3363/3363
f 3360/3360/3360 3369/3369/3369 3363/3363/3363
f 3360/3360/3360 3359/3359/3359 3368/3368/3368
f 1686/1686/1686 1733/1733/1733 1719/1719/1719
f 1718/1718/1718 1732/1732/1732 1686/1686/1686
f 1718/1718/1718 1687/1687/1687 1720/1720/1720
f 1700/1700/1700 1731/1731/1731 1699/1699/1699
f 1731/1731/1731 1716/1716/1716 1699/1699/1699
f 3356/3356/3356 3367/3367/3367 3358/3358/3358
f 3366/3366/3366 3357/3357/3357 3358/3358/3358
f 3356/3356/3356 3362/3362/3362 3365/3365/3365
f 3364/3364/3364 3361/3361/3361 3355/3355/3355
f 3362/3362/3362 3350/3350/3350 3361/3361/3361
f 3355/3355/3355 3360/3360/3360 3363/3363/3363
f 3359/3359/3359 3360/3360/3360 3353/3353/3353
f 1716/1716/1716 1730/1730/1730 1682/1682/1682
f 1682/1682/1682 1730/1730/1730 1715/1715/1715
f 1715/1715/1715 1729/1729/1729 1698/1698/1698
f 1698/1698/1698 1726/1726/1726 1697/1697/1697
f 1696/1696/1696 1714/1714/1714 1728/1728/1728
f 3358/3358/3358 3354/3354/3354 3356/3356/3356
f 3357/3357/3357 3347/3347/3347 3358/3358/3358
f 3354/3354/3354 3351/3351/3351 3356/3356/3356
f 3356/3356/3356 3350/3350/3350 3362/3362/3362
f 3355/3355/3355 3361/3361/3361 3350/3350/3350
f 3355/3355/3355 3353/3353/3353 3360/3360/3360
f 1727/1727/1727 1713/1713/1713 1696/1696/1696
f 1679/1679/1679 1697/1697/1697 1726/1726/1726
f 1726/1726/1726 1711/1711/1711 1679/1679/1679
f 1711/1711/1711 1710/1710/1710 1678/1678/1678
f 1710/1710/1710 1712/1712/1712 1695/1695/1695
f 3354/3354/3354 3358/3358/3358 3347/3347/3347
f 3347/3347/3347 3357/3357/3357 3348/3348/3348
f 3351/3351/3351 3354/3354/3354 3352/3352/3352
f 3351/3351/3351 3350/3350/3350 3356/3356/3356
f 3350/3350/3350 3349/3349/3349 3355/3355/3355
f 3349/3349/3349 3353/3353/3353 3355/3355/3355
f 1694/1694/1694 1705/1705/1705 1709/1709/1709
f 1709/1709/1709 1725/1725/1725 1676/1676/1676
f 1694/1694/1694 1709/1709/1709 1693/1693/1693
f 1692/1692/1692 1724/1724/1724 1708/1708/1708
f 1708/1708/1708 1707/1707/1707 1675/1675/1675
f 1706/1706/1706 1690/1690/1690 1717/1717/1717
f 1706/1706/1706 1717/1717/1717 1671/1671/1671
f 1705/1705/1705 1670/1670/1670 1723/1723/1723
f 3347/3347/3347 3352/3352/3352 3354/3354/3354
f 3348/3348/3348 3346/3346/3346 3347/3347/3347
f 3352/3352/3352 3341/3341/3341 3351/3351/3351
f 3351/3351/3351 3345/3345/3345 3350/3350/3350
f 3350/3350/3350 3344/3344/3344 3349/3349/3349
f 3349/3349/3349 3343/3343/3343 3353/3353/3353
f 1703/1703/1703 1722/1722/1722 1656/1656/1656
f 1703/1703/1703 1689/1689/1689 1704/1704/1704
f 1656/1656/1656 1721/1721/1721 1702/1702/1702
f 1688/1688/1688 1702/1702/1702 1701/1701/1701
f 1701/1701/1701 1720/1720/1720 1687/1687/1687
f 1686/1686/1686 1719/1719/1719 1670/1670/1670
f 1687/1687/1687 1718/1718/1718 1686/1686/1686
f 1717/1717/1717 1684/1684/1684 1671/1671/1671
f 3347/3347/3347 3341/3341/3341 3352/3352/3352
f 3348/3348/3348 3342/3342/3342 3346/3346/3346
f 3346/3346/3346 3339/3339/3339 3347/3347/3347
f 3341/3341/3341 3345/3345/3345 3351/3351/3351
f 3345/3345/3345 3338/3338/3338 3350/3350/3350
f 3338/3338/3338 3344/3344/3344 3350/3350/3350
f 3344/3344/3344 3337/3337/3337 3349/3349/3349
f 3343/3343/3343 3349/3349/3349 3337/3337/3337
f 1700/1700/1700 1699/1699/1699 1667/1667/1667
f 1682/1682/1682 1699/1699/1699 1716/1716/1716
f 1682/1682/1682 1715/1715/1715 1681/1681/1681
f 1698/1698/1698 1681/1681/1681 1715/1715/1715
f 1697/1697/1697 1665/1665/1665 1698/1698/1698
f 1696/1696/1696 1680/1680/1680 1714/1714/1714
f 3348/3348/3348 3329/3329/3329 3342/3342/3342
f 3347/3347/3347 3339/3339/3339 3341/3341/3341
f 3339/3339/3339 3346/3346/3346 3342/3342/3342
f 3338/3338/3338 3345/3345/3345 3341/3341/3341
f 3337/3337/3337 3344/3344/3344 3338/3338/3338
f 3337/3337/3337 3340/3340/3340 3343/3343/3343
f 1696/1696/1696 1713/1713/1713 1663/1663/1663
f 1695/1695/1695 1712/1712/1712 1664/1664/1664
f 1697/1697/1697 1679/1679/1679 1666/1666/1666
f 1679/1679/1679 1711/1711/1711 1678/1678/1678
f 1695/1695/1695 1678/1678/1678 1710/1710/1710
f 1677/1677/1677 1705/1705/1705 1694/1694/1694
f 3335/3335/3335 3342/3342/3342 3329/3329/3329
f 3339/3339/3339 3331/3331/3331 3341/3341/3341
f 3342/3342/3342 3335/3335/3335 3339/3339/3339
f 3338/3338/3338 3341/3341/3341 3331/3331/3331
f 3338/3338/3338 3333/3333/3333 3337/3337/3337
f 3340/3340/3340 3337/3337/3337 3332/3332/3332
f 1693/1693/1693 1709/1709/1709 1676/1676/1676
f 3332/3332/3332 3336/3336/3336 3340/3340/3340
f 1642/1642/1642 1694/1694/1694 1693/1693/1693
f 1675/1675/1675 1692/1692/1692 1708/1708/1708
f 1707/1707/1707 1674/1674/1674 1675/1675/1675
f 1672/1672/1672 1690/1690/1690 1706/1706/1706
f 1671/1671/1671 1672/1672/1672 1706/1706/1706
f 3335/3335/3335 3329/3329/3329 3334/3334/3334
f 3339/3339/3339 3335/3335/3335 3331/3331/3331
f 3331/3331/3331 3333/3333/3333 3338/3338/3338
f 3334/3334/3334 3327/3327/3327 3335/3335/3335
f 3333/3333/3333 3330/3330/3330 3337/3337/3337
f 3337/3337/3337 3330/3330/3330 3332/3332/3332
f 1670/1670/1670 1705/1705/1705 1677/1677/1677
f 1704/1704/1704 1689/1689/1689 1669/1669/1669
f 1689/1689/1689 1703/1703/1703 1656/1656/1656
f 1688/1688/1688 1701/1701/1701 1668/1668/1668
f 1656/1656/1656 1702/1702/1702 1688/1688/1688
f 1687/1687/1687 1668/1668/1668 1701/1701/1701
f 1670/1670/1670 1655/1655/1655 1686/1686/1686
f 3329/3329/3329 3328/3328/3328 3334/3334/3334
f 3331/3331/3331 3335/3335/3335 3327/3327/3327
f 3331/3331/3331 3326/3326/3326 3333/3333/3333
f 3334/3334/3334 3328/3328/3328 3327/3327/3327
f 3333/3333/3333 3326/3326/3326 3330/3330/3330
f 3330/3330/3330 3321/3321/3321 3332/3332/3332
f 1686/1686/1686 1654/1654/1654 1687/1687/1687
f 1684/1684/1684 1685/1685/1685 1652/1652/1652
f 1653/1653/1653 1671/1671/1671 1684/1684/1684
f 1667/1667/1667 1683/1683/1683 1700/1700/1700
f 1699/1699/1699 1682/1682/1682 1667/1667/1667
f 1682/1682/1682 1681/1681/1681 1649/1649/1649
f 1681/1681/1681 1698/1698/1698 1665/1665/1665
f 1666/1666/1666 1665/1665/1665 1697/1697/1697
f 3329/3329/3329 3314/3314/3314 3328/3328/3328
f 3327/3327/3327 3322/3322/3322 3331/3331/3331
f 3322/3322/3322 3326/3326/3326 3331/3331/3331
f 3328/3328/3328 3318/3318/3318 3327/3327/3327
f 3326/3326/3326 3321/3321/3321 3330/3330/3330
f 1696/1696/1696 1663/1663/1663 1680/1680/1680
f 1695/1695/1695 1664/1664/1664 1645/1645/1645
f 1661/1661/1661 1666/1666/1666 1679/1679/1679
f 1679/1679/1679 1678/1678/1678 1644/1644/1644
f 1678/1678/1678 1695/1695/1695 1645/1645/1645
f 1677/1677/1677 1694/1694/1694 1642/1642/1642
f 1642/1642/1642 1693/1693/1693 1676/1676/1676
f 1692/1692/1692 1675/1675/1675 1360/1360/1360
f 1675/1675/1675 1674/1674/1674 1630/1630/1630
f 1673/1673/1673 1691/1691/1691 1641/1641/1641
f 1672/1672/1672 1641/1641/1641 1690/1690/1690
f 1672/1672/1672 1671/1671/1671 1640/1640/1640
f 3324/3324/3324 3314/3314/3314 3329/3329/3329
f 3323/3323/3323 3325/3325/3325 3319/3319/3319
f 3314/3314/3314 3318/3318/3318 3328/3328/3328
f 3327/3327/3327 3317/3317/3317 3322/3322/3322
f 3322/3322/3322 3313/3313/3313 3326/3326/3326
f 3318/3318/3318 3317/3317/3317 3327/3327/3327
f 3321/3321/3321 3326/3326/3326 3313/3313/3313
f 1670/1670/1670 1677/1677/1677 1657/1657/1657
f 1669/1669/1669 1689/1689/1689 1656/1656/1656
f 1656/1656/1656 1688/1688/1688 1668/1668/1668
f 1670/1670/1670 1638/1638/1638 1655/1655/1655
f 1668/1668/1668 1687/1687/1687 1654/1654/1654
f 1654/1654/1654 1686/1686/1686 1655/1655/1655
f 1671/1671/1671 1653/1653/1653 1658/1658/1658
f 1650/1650/1650 1652/1652/1652 1685/1685/1685
f 1652/1652/1652 1653/1653/1653 1684/1684/1684
f 1683/1683/1683 1667/1667/1667 1634/1634/1634
f 1667/1667/1667 1682/1682/1682 1649/1649/1649
f 3325/3325/3325 3316/3316/3316 3315/3315/3315
f 3325/3325/3325 3315/3315/3315 3319/3319/3319
f 3323/3323/3323 3309/3309/3309 3320/3320/3320
f 3314/3314/3314 3324/3324/3324 3320/3320/3320
f 3309/3309/3309 3323/3323/3323 3319/3319/3319
f 3314/3314/3314 3308/3308/3308 3318/3318/3318
f 3317/3317/3317 3313/3313/3313 3322/3322/3322
f 3318/3318/3318 3307/3307/3307 3317/3317/3317
f 3313/3313/3313 3312/3312/3312 3321/3321/3321
f 1649/1649/1649 1681/1681/1681 1665/1665/1665
f 1647/1647/1647 1666/1666/1666 1648/1648/1648
f 1665/1665/1665 1666/1666/1666 1647/1647/1647
f 1660/1660/1660 1646/1646/1646 1663/1663/1663
f 1357/1357/1357 1680/1680/1680 1663/1663/1663
f 1662/1662/1662 1664/1664/1664 1633/1633/1633
f 1645/1645/1645 1664/1664/1664 1662/1662/1662
f 1666/1666/1666 1661/1661/1661 1613/1613/1613
f 1679/1679/1679 1644/1644/1644 1661/1661/1661
f 1644/1644/1644 1678/1678/1678 1645/1645/1645
f 1657/1657/1657 1677/1677/1677 1642/1642/1642
f 1642/1642/1642 1676/1676/1676 1643/1643/1643
f 1675/1675/1675 1630/1630/1630 1360/1360/1360
f 3315/3315/3315 3316/3316/3316 3300/3300/3300
f 3315/3315/3315 3310/3310/3310 3319/3319/3319
f 3314/3314/3314 3320/3320/3320 3309/3309/3309
f 3319/3319/3319 3310/3310/3310 3309/3309/3309
f 3308/3308/3308 3314/3314/3314 3304/3304/3304
f 3307/3307/3307 3318/3318/3318 3308/3308/3308
f 3313/3313/3313 3317/3317/3317 3307/3307/3307
f 3302/3302/3302 3312/3312/3312 3313/3313/3313
f 1674/1674/1674 1659/1659/1659 1630/1630/1630
f 1631/1631/1631 1659/1659/1659 1673/1673/1673
f 3306/3306/3306 3301/3301/3301 3312/3312/3312
f 1673/1673/1673 1641/1641/1641 1631/1631/1631
f 1640/1640/1640 1641/1641/1641 1672/1672/1672
f 1658/1658/1658 1640/1640/1640 1671/1671/1671
f 1638/1638/1638 1670/1670/1670 1657/1657/1657
f 1656/1656/1656 1626/1626/1626 1669/1669/1669
f 1656/1656/1656 1668/1668/1668 1623/1623/1623
f 1622/1622/1622 1655/1655/1655 1638/1638/1638
f 1668/1668/1668 1654/1654/1654 1623/1623/1623
f 1655/1655/1655 1621/1621/1621 1654/1654/1654
f 1639/1639/1639 1658/1658/1658 1637/1637/1637
f 3316/3316/3316 3311/3311/3311 3300/3300/3300
f 3310/3310/3310 3315/3315/3315 3300/3300/3300
f 3309/3309/3309 3304/3304/3304 3314/3314/3314
f 3310/3310/3310 3292/3292/3292 3309/3309/3309
f 3304/3304/3304 3303/3303/3303 3308/3308/3308
f 3308/3308/3308 3291/3291/3291 3307/3307/3307
f 3307/3307/3307 3302/3302/3302 3313/3313/3313
f 3302/3302/3302 3306/3306/3306 3312/3312/3312
f 3301/3301/3301 3305/3305/3305 3312/3312/3312
f 1637/1637/1637 1658/1658/1658 1653/1653/1653
f 1652/1652/1652 1650/1650/1650 1636/1636/1636
f 3306/3306/3306 3296/3296/3296 3301/3301/3301
f 1619/1619/1619 1653/1653/1653 1652/1652/1652
f 1651/1651/1651 1618/1618/1618 1650/1650/1650
f 1635/1635/1635 1636/1636/1636 1650/1650/1650
f 1667/1667/1667 1649/1649/1649 1634/1634/1634
f 1649/1649/1649 1665/1665/1665 1617/1617/1617
f 1648/1648/1648 1666/1666/1666 1613/1613/1613
f 1648/1648/1648 1616/1616/1616 1647/1647/1647
f 3311/3311/3311 3299/3299/3299 3300/3300/3300
f 3292/3292/3292 3310/3310/3310 3300/3300/3300
f 3309/3309/3309 3292/3292/3292 3304/3304/3304
f 3304/3304/3304 3298/3298/3298 3303/3303/3303
f 3303/3303/3303 3291/3291/3291 3308/3308/3308
f 3302/3302/3302 3307/3307/3307 3291/3291/3291
f 3302/3302/3302 3296/3296/3296 3306/3306/3306
f 3301/3301/3301 3288/3288/3288 3305/3305/3305
f 1617/1617/1617 1665/1665/1665 1647/1647/1647
f 3296/3296/3296 3297/3297/3297 3301/3301/3301
f 1664/1664/1664 1355/1355/1355 1633/1633/1633
f 1646/1646/1646 1660/1660/1660 1611/1611/1611
f 1646/1646/1646 1357/1357/1357 1663/1663/1663
f 1645/1645/1645 1662/1662/1662 1633/1633/1633
f 1661/1661/1661 1644/1644/1644 1613/1613/1613
f 1644/1644/1644 1645/1645/1645 1612/1612/1612
f 1611/1611/1611 1660/1660/1660 1363/1363/1363
f 1363/1363/1363 1362/1362/1362 1629/1629/1629
f 3299/3299/3299 3286/3286/3286 3300/3300/3300
f 3300/3300/3300 3294/3294/3294 3292/3292/3292
f 3292/3292/3292 3298/3298/3298 3304/3304/3304
f 3291/3291/3291 3303/3303/3303 3298/3298/3298
f 3291/3291/3291 3289/3289/3289 3302/3302/3302
f 3289/3289/3289 3296/3296/3296 3302/3302/3302
f 3288/3288/3288 3301/3301/3301 3297/3297/3297
f 1642/1642/1642 1601/1601/1601 1657/1657/1657
f 3296/3296/3296 3283/3283/3283 3297/3297/3297
f 1632/1632/1632 1642/1642/1642 1643/1643/1643
f 1360/1360/1360 1630/1630/1630 1361/1361/1361
f 1362/1362/1362 1361/1361/1361 1609/1609/1609
f 1631/1631/1631 1630/1630/1630 1659/1659/1659
f 1629/1629/1629 1362/1362/1362 1609/1609/1609
f 1631/1631/1631 1641/1641/1641 1607/1607/1607
f 1641/1641/1641 1640/1640/1640 1628/1628/1628
f 1640/1640/1640 1658/1658/1658 1605/1605/1605
f 3300/3300/3300 3286/3286/3286 3294/3294/3294
f 3293/3293/3293 3286/3286/3286 3299/3299/3299
f 3294/3294/3294 3281/3281/3281 3292/3292/3292
f 3292/3292/3292 3285/3285/3285 3298/3298/3298
f 3298/3298/3298 3285/3285/3285 3291/3291/3291
f 3294/3294/3294 3276/3276/3276 3290/3290/3290
f 3294/3294/3294 3290/3290/3290 3281/3281/3281
f 3291/3291/3291 3275/3275/3275 3289/3289/3289
f 3289/3289/3289 3284/3284/3284 3296/3296/3296
f 3288/3288/3288 3297/3297/3297 3283/3283/3283
f 1605/1605/1605 1658/1658/1658 1639/1639/1639
f 3284/3284/3284 3283/3283/3283 3296/3296/3296
f 1651/1651/1651 1627/1627/1627 1620/1620/1620
f 1638/1638/1638 1657/1657/1657 1601/1601/1601
f 1626/1626/1626 1656/1656/1656 1623/1623/1623
f 1638/1638/1638 1624/1624/1624 1622/1622/1622
f 1621/1621/1621 1655/1655/1655 1622/1622/1622
f 1621/1621/1621 1623/1623/1623 1654/1654/1654
f 1589/1589/1589 1639/1639/1639 1637/1637/1637
f 3278/3278/3278 3295/3295/3295 3287/3287/3287
f 3294/3294/3294 3286/3286/3286 3276/3276/3276
f 3293/3293/3293 3277/3277/3277 3286/3286/3286
f 3292/3292/3292 3281/3281/3281 3285/3285/3285
f 3285/3285/3285 3275/3275/3275 3291/3291/3291
f 3281/3281/3281 3290/3290/3290 3276/3276/3276
f 3284/3284/3284 3289/3289/3289 3275/3275/3275
f 3288/3288/3288 3283/3283/3283 3280/3280/3280
f 3284/3284/3284 3268/3268/3268 3283/3283/3283
f 1619/1619/1619 1637/1637/1637 1653/1653/1653
f 1636/1636/1636 1619/1619/1619 1652/1652/1652
f 1618/1618/1618 1651/1651/1651 1620/1620/1620
f 1635/1635/1635 1650/1650/1650 1618/1618/1618
f 1636/1636/1636 1635/1635/1635 1600/1600/1600
f 1634/1634/1634 1649/1649/1649 1617/1617/1617
f 1616/1616/1616 1648/1648/1648 1613/1613/1613
f 1617/1617/1617 1647/1647/1647 1616/1616/1616
f 3279/3279/3279 3287/3287/3287 3282/3282/3282
f 3287/3287/3287 3279/3279/3279 3278/3278/3278
f 3276/3276/3276 3286/3286/3286 3277/3277/3277
f 3275/3275/3275 3285/3285/3285 3281/3281/3281
f 3281/3281/3281 3276/3276/3276 3274/3274/3274
f 3275/3275/3275 3273/3273/3273 3284/3284/3284
f 3273/3273/3273 3268/3268/3268 3284/3284/3284
f 3280/3280/3280 3283/3283/3283 3268/3268/3268
f 1633/1633/1633 1355/1355/1355 1615/1615/1615
f 1357/1357/1357 1615/1615/1615 1355/1355/1355
f 1357/1357/1357 1646/1646/1646 1611/1611/1611
f 1633/1633/1633 1614/1614/1614 1645/1645/1645
f 1614/1614/1614 1612/1612/1612 1645/1645/1645
f 1613/1613/1613 1644/1644/1644 1612/1612/1612
f 1611/1611/1611 1363/1363/1363 1629/1629/1629
f 1643/1643/1643 1610/1610/1610 1632/1632/1632
f 3282/3282/3282 3272/3272/3272 3279/3279/3279
f 3278/3278/3278 3279/3279/3279 3266/3266/3266
f 3277/3277/3277 3278/3278/3278 3271/3271/3271
f 3277/3277/3277 3265/3265/3265 3276/3276/3276
f 3276/3276/3276 3264/3264/3264 3274/3274/3274
f 3281/3281/3281 3270/3270/3270 3275/3275/3275
f 3270/3270/3270 3281/3281/3281 3274/3274/3274
f 3275/3275/3275 3263/3263/3263 3273/3273/3273
f 3273/3273/3273 3269/3269/3269 3268/3268/3268
f 1642/1642/1642 1632/1632/1632 1601/1601/1601
f 1609/1609/1609 1361/1361/1361 1630/1630/1630
f 1592/1592/1592 1630/1630/1630 1631/1631/1631
f 1629/1629/1629 1609/1609/1609 1608/1608/1608
f 1628/1628/1628 1607/1607/1607 1641/1641/1641
f 1631/1631/1631 1607/1607/1607 1606/1606/1606
f 1628/1628/1628 1640/1640/1640 1605/1605/1605
f 1589/1589/1589 1605/1605/1605 1639/1639/1639
f 3272/3272/3272 3266/3266/3266 3279/3279/3279
f 3271/3271/3271 3278/3278/3278 3266/3266/3266
f 3265/3265/3265 3277/3277/3277 3271/3271/3271
f 3265/3265/3265 3264/3264/3264 3276/3276/3276
f 3258/3258/3258 3274/3274/3274 3264/3264/3264
f 3270/3270/3270 3263/3263/3263 3275/3275/3275
f 3274/3274/3274 3258/3258/3258 3270/3270/3270
f 3263/3263/3263 3269/3269/3269 3273/3273/3273
f 3269/3269/3269 3262/3262/3262 3268/3268/3268
f 1620/1620/1620 1571/1571/1571 1625/1625/1625
f 1620/1620/1620 1627/1627/1627 1604/1604/1604
f 1627/1627/1627 1626/1626/1626 1603/1603/1603
f 1624/1624/1624 1638/1638/1638 1601/1601/1601
f 1623/1623/1623 1587/1587/1587 1626/1626/1626
f 1624/1624/1624 1585/1585/1585 1622/1622/1622
f 1621/1621/1621 1622/1622/1622 1583/1583/1583
f 1621/1621/1621 1584/1584/1584 1623/1623/1623
f 1589/1589/1589 1637/1637/1637 1619/1619/1619
f 1625/1625/1625 1599/1599/1599 1620/1620/1620
f 1600/1600/1600 1619/1619/1619 1636/1636/1636
f 1582/1582/1582 1618/1618/1618 1620/1620/1620
f 3266/3266/3266 3272/3272/3272 3260/3260/3260
f 3266/3266/3266 3259/3259/3259 3271/3271/3271
f 3265/3265/3265 3271/3271/3271 3259/3259/3259
f 3264/3264/3264 3265/3265/3265 3252/3252/3252
f 3264/3264/3264 3251/3251/3251 3258/3258/3258
f 3270/3270/3270 3258/3258/3258 3263/3263/3263
f 3263/3263/3263 3249/3249/3249 3269/3269/3269
f 3269/3269/3269 3249/3249/3249 3262/3262/3262
f 3262/3262/3262 3257/3257/3257 3268/3268/3268
f 1600/1600/1600 1635/1635/1635 1618/1618/1618
f 1625/1625/1625 1602/1602/1602 1599/1599/1599
f 1617/1617/1617 1598/1598/1598 1634/1634/1634
f 1616/1616/1616 1613/1613/1613 1597/1597/1597
f 1617/1617/1617 1616/1616/1616 1581/1581/1581
f 1633/1633/1633 1615/1615/1615 1580/1580/1580
f 1615/1615/1615 1357/1357/1357 1579/1579/1579
f 1611/1611/1611 1579/1579/1579 1357/1357/1357
f 3255/3255/3255 3267/3267/3267 3261/3261/3261
f 3253/3253/3253 3266/3266/3266 3260/3260/3260
f 3266/3266/3266 3253/3253/3253 3259/3259/3259
f 3265/3265/3265 3259/3259/3259 3252/3252/3252
f 3251/3251/3251 3264/3264/3264 3252/3252/3252
f 3251/3251/3251 3250/3250/3250 3258/3258/3258
f 3258/3258/3258 3249/3249/3249 3263/3263/3263
f 3257/3257/3257 3262/3262/3262 3249/3249/3249
f 3239/3239/3239 3256/3256/3256 3257/3257/3257
f 1614/1614/1614 1633/1633/1633 1580/1580/1580
f 1612/1612/1612 1614/1614/1614 1578/1578/1578
f 1613/1613/1613 1612/1612/1612 1596/1596/1596
f 1596/1596/1596 1595/1595/1595 1613/1613/1613
f 1611/1611/1611 1629/1629/1629 1560/1560/1560
f 1594/1594/1594 1632/1632/1632 1610/1610/1610
f 1601/1601/1601 1632/1632/1632 1594/1594/1594
f 3247/3247/3247 3255/3255/3255 3261/3261/3261
f 3261/3261/3261 3254/3254/3254 3247/3247/3247
f 3253/3253/3253 3260/3260/3260 3246/3246/3246
f 3253/3253/3253 3242/3242/3242 3259/3259/3259
f 3259/3259/3259 3242/3242/3242 3252/3252/3252
f 3251/3251/3251 3252/3252/3252 3245/3245/3245
f 3251/3251/3251 3241/3241/3241 3250/3250/3250
f 3250/3250/3250 3240/3240/3240 3258/3258/3258
f 3258/3258/3258 3240/3240/3240 3249/3249/3249
f 3249/3249/3249 3239/3239/3239 3257/3257/3257
f 1606/1606/1606 1592/1592/1592 1631/1631/1631
f 3239/3239/3239 3248/3248/3248 3256/3256/3256
f 1630/1630/1630 1592/1592/1592 1609/1609/1609
f 1608/1608/1608 1560/1560/1560 1629/1629/1629
f 1608/1608/1608 1609/1609/1609 1574/1574/1574
f 1607/1607/1607 1628/1628/1628 1573/1573/1573
f 1606/1606/1606 1607/1607/1607 1591/1591/1591
f 3244/3244/3244 3255/3255/3255 3237/3237/3237
f 3237/3237/3237 3255/3255/3255 3247/3247/3247
f 3243/3243/3243 3247/3247/3247 3254/3254/3254
f 3246/3246/3246 2836/2836/2836 2838/2838/2838
f 3242/3242/3242 3253/3253/3253 3246/3246/3246
f 3242/3242/3242 3245/3245/3245 3252/3252/3252
f 3245/3245/3245 3241/3241/3241 3251/3251/3251
f 3240/3240/3240 3250/3250/3250 3241/3241/3241
f 3240/3240/3240 3239/3239/3239 3249/3249/3249
f 1573/1573/1573 1628/1628/1628 1605/1605/1605
f 1590/1590/1590 1605/1605/1605 1589/1589/1589
f 1625/1625/1625 1571/1571/1571 1586/1586/1586
f 1620/1620/1620 1604/1604/1604 1571/1571/1571
f 1588/1588/1588 1604/1604/1604 1627/1627/1627
f 3238/3238/3238 3244/3244/3244 3237/3237/3237
f 3247/3247/3247 3243/3243/3243 3237/3237/3237
f 3242/3242/3242 3246/3246/3246 2838/2838/2838
f 3242/3242/3242 3231/3231/3231 3245/3245/3245
f 3241/3241/3241 3245/3245/3245 3231/3231/3231
f 3241/3241/3241 3235/3235/3235 3240/3240/3240
f 3239/3239/3239 3240/3240/3240 3226/3226/3226
f 1603/1603/1603 1588/1588/1588 1627/1627/1627
f 1603/1603/1603 1626/1626/1626 1587/1587/1587
f 1625/1625/1625 1586/1586/1586 1602/1602/1602
f 1601/1601/1601 1585/1585/1585 1624/1624/1624
f 1587/1587/1587 1623/1623/1623 1584/1584/1584
f 1583/1583/1583 1622/1622/1622 1585/1585/1585
f 1584/1584/1584 1621/1621/1621 1583/1583/1583
f 3244/3244/3244 3238/3238/3238 3228/3228/3228
f 3238/3238/3238 3237/3237/3237 3232/3232/3232
f 3227/3227/3227 3237/3237/3237 3243/3243/3243
f 2838/2838/2838 3231/3231/3231 3242/3242/3242
f 3231/3231/3231 3236/3236/3236 3241/3241/3241
f 3236/3236/3236 3230/3230/3230 3241/3241/3241
f 3241/3241/3241 3230/3230/3230 3235/3235/3235
f 3235/3235/3235 3226/3226/3226 3240/3240/3240
f 3226/3226/3226 3234/3234/3234 3239/3239/3239
f 1589/1589/1589 1619/1619/1619 1566/1566/1566
f 3229/3229/3229 3233/3233/3233 3234/3234/3234
f 1599/1599/1599 1582/1582/1582 1620/1620/1620
f 1566/1566/1566 1619/1619/1619 1600/1600/1600
f 1582/1582/1582 1600/1600/1600 1618/1618/1618
f 3238/3238/3238 3232/3232/3232 3228/3228/3228
f 3232/3232/3232 3237/3237/3237 3227/3227/3227
f 2838/2838/2838 2837/2837/2837 3231/3231/3231
f 3231/3231/3231 3223/3223/3223 3236/3236/3236
f 3236/3236/3236 3223/3223/3223 3230/3230/3230
f 3230/3230/3230 3226/3226/3226 3235/3235/3235
f 3226/3226/3226 3229/3229/3229 3234/3234/3234
f 3229/3229/3229 3225/3225/3225 3233/3233/3233
f 1599/1599/1599 1602/1602/1602 1570/1570/1570
f 1581/1581/1581 1598/1598/1598 1617/1617/1617
f 2826/2826/2826 3228/3228/3228 3219/3219/3219
f 3232/3232/3232 3224/3224/3224 3228/3228/3228
f 3224/3224/3224 3232/3232/3232 3227/3227/3227
f 3223/3223/3223 3231/3231/3231 2837/2837/2837
f 3226/3226/3226 3230/3230/3230 3223/3223/3223
f 3226/3226/3226 3222/3222/3222 3229/3229/3229
f 3222/3222/3222 3225/3225/3225 3229/3229/3229
f 1597/1597/1597 1613/1613/1613 1565/1565/1565
f 1581/1581/1581 1616/1616/1616 1597/1597/1597
f 1580/1580/1580 1615/1615/1615 1579/1579/1579
f 2826/2826/2826 3219/3219/3219 2831/2831/2831
f 3218/3218/3218 2837/2837/2837 2831/2831/2831
f 3228/3228/3228 3224/3224/3224 3219/3219/3219
f 3213/3213/3213 3224/3224/3224 3227/3227/3227
f 2837/2837/2837 3218/3218/3218 3223/3223/3223
f 3223/3223/3223 3217/3217/3217 3226/3226/3226
f 3217/3217/3217 3222/3222/3222 3226/3226/3226
f 3222/3222/3222 3216/3216/3216 3225/3225/3225
f 3216/3216/3216 3221/3221/3221 3225/3225/3225
f 1579/1579/1579 1611/1611/1611 1577/1577/1577
f 3221/3221/3221 3208/3208/3208 3220/3220/3220
f 3214/3214/3214 2831/2831/2831 3219/3219/3219
f 2831/2831/2831 3214/3214/3214 3218/3218/3218
f 3224/3224/3224 3213/3213/3213 3219/3219/3219
f 3218/3218/3218 3212/3212/3212 3223/3223/3223
f 3212/3212/3212 3217/3217/3217 3223/3223/3223
f 3217/3217/3217 3209/3209/3209 3222/3222/3222
f 3209/3209/3209 3216/3216/3216 3222/3222/3222
f 3208/3208/3208 3221/3221/3221 3216/3216/3216
f 3208/3208/3208 3215/3215/3215 3220/3220/3220
f 3219/3219/3219 3211/3211/3211 3214/3214/3214
f 3214/3214/3214 3206/3206/3206 3218/3218/3218
f 3219/3219/3219 3213/3213/3213 3211/3211/3211
f 3218/3218/3218 3206/3206/3206 3212/3212/3212
f 3212/3212/3212 3210/3210/3210 3217/3217/3217
f 3210/3210/3210 3209/3209/3209 3217/3217/3217
f 3209/3209/3209 3208/3208/3208 3216/3216/3216
f 3207/3207/3207 3215/3215/3215 3208/3208/3208
f 3211/3211/3211 3206/3206/3206 3214/3214/3214
f 3204/3204/3204 3211/3211/3211 3213/3213/3213
f 3210/3210/3210 3212/3212/3212 3206/3206/3206
f 3209/3209/3209 3210/3210/3210 3203/3203/3203
f 3205/3205/3205 3208/3208/3208 3209/3209/3209
f 3208/3208/3208 3202/3202/3202 3207/3207/3207
f 3211/3211/3211 3204/3204/3204 3206/3206/3206
f 3206/3206/3206 3203/3203/3203 3210/3210/3210
f 3203/3203/3203 3205/3205/3205 3209/3209/3209
f 3202/3202/3202 3208/3208/3208 3205/3205/3205
f 3202/3202/3202 3204/3204/3204 3207/3207/3207
f 3203/3203/3203 3206/3206/3206 3204/3204/3204
f 3203/3203/3203 3202/3202/3202 3205/3205/3205
f 3202/3202/3202 3203/3203/3203 3204/3204/3204
f 3201/3201/3201 3197/3197/3197 3200/3200/3200
f 3201/3201/3201 3198/3198/3198 3197/3197/3197
f 3201/3201/3201 3195/3195/3195 3198/3198/3198
f 3197/3197/3197 3194/3194/3194 3200/3200/3200
f 3198/3198/3198 3193/3193/3193 3197/3197/3197
f 3200/3200/3200 3194/3194/3194 3196/3196/3196
f 3196/3196/3196 3192/3192/3192 3199/3199/3199
f 3193/3193/3193 3198/3198/3198 3195/3195/3195
f 3197/3197/3197 3193/3193/3193 3194/3194/3194
f 3194/3194/3194 3192/3192/3192 3196/3196/3196
f 3195/3195/3195 3188/3188/3188 3193/3193/3193
f 3193/3193/3193 3191/3191/3191 3194/3194/3194
f 3194/3194/3194 3191/3191/3191 3192/3192/3192
f 3193/3193/3193 3188/3188/3188 3191/3191/3191
f 3191/3191/3191 3190/3190/3190 3192/3192/3192
f 3190/3190/3190 3191/3191/3191 3188/3188/3188
f 3190/3190/3190 3185/3185/3185 3189/3189/3189
f 3190/3190/3190 3188/3188/3188 3185/3185/3185
f 3189/3189/3189 3185/3185/3185 3187/3187/3187
f 3188/3188/3188 3184/3184/3184 3185/3185/3185
f 3187/3187/3187 3183/3183/3183 3186/3186/3186
f 3187/3187/3187 3185/3185/3185 3183/3183/3183
f 3180/3180/3180 3185/3185/3185 3184/3184/3184
f 3181/3181/3181 3186/3186/3186 3183/3183/3183
f 3185/3185/3185 3180/3180/3180 3183/3183/3183
f 3184/3184/3184 3182/3182/3182 3180/3180/3180
f 3183/3183/3183 3179/3179/3179 3181/3181/3181
f 3183/3183/3183 3180/3180/3180 3179/3179/3179
f 3180/3180/3180 3182/3182/3182 3177/3177/3177
f 3178/3178/3178 3181/3181/3181 3179/3179/3179
f 3180/3180/3180 3177/3177/3177 3179/3179/3179
f 3179/3179/3179 3176/3176/3176 3178/3178/3178
f 3179/3179/3179 3177/3177/3177 3176/3176/3176
f 3176/3176/3176 3175/3175/3175 3178/3178/3178
f 3175/3175/3175 3176/3176/3176 3177/3177/3177
f 2496/2496/2496 3090/3090/3090 2499/2499/2499
f 3171/3171/3171 3174/3174/3174 3172/3172/3172
f 3173/3173/3173 3171/3171/3171 3170/3170/3170
f 3170/3170/3170 3171/3171/3171 3172/3172/3172
f 3169/3169/3169 3167/3167/3167 3168/3168/3168
f 3167/3167/3167 3165/3165/3165 3168/3168/3168
f 3165/3165/3165 3163/3163/3163 3168/3168/3168
f 3166/3166/3166 3162/3162/3162 3167/3167/3167
f 3165/3165/3165 3167/3167/3167 3162/3162/3162
f 3165/3165/3165 3160/3160/3160 3163/3163/3163
f 3166/3166/3166 3159/3159/3159 3162/3162/3162
f 3165/3165/3165 3162/3162/3162 3160/3160/3160
f 3164/3164/3164 3161/3161/3161 1041/1041/1041
f 3163/3163/3163 3160/3160/3160 3161/3161/3161
f 3159/3159/3159 3158/3158/3158 3162/3162/3162
f 3162/3162/3162 3158/3158/3158 3160/3160/3160
f 3160/3160/3160 1041/1041/1041 3161/3161/3161
f 3159/3159/3159 3154/3154/3154 3158/3158/3158
f 3160/3160/3160 3158/3158/3158 1041/1041/1041
f 3157/3157/3157 3154/3154/3154 3159/3159/3159
f 1041/1041/1041 3158/3158/3158 3154/3154/3154
f 3154/3154/3154 3157/3157/3157 3156/3156/3156
f 3154/3154/3154 1040/1040/1040 1041/1041/1041
f 3154/3154/3154 3156/3156/3156 3155/3155/3155
f 3154/3154/3154 3155/3155/3155 1040/1040/1040
f 3152/3152/3152 3153/3153/3153 3151/3151/3151
f 3153/3153/3153 3152/3152/3152 3149/3149/3149
f 3151/3151/3151 3153/3153/3153 3149/3149/3149
f 3152/3152/3152 3150/3150/3150 3149/3149/3149
f 3151/3151/3151 3149/3149/3149 3148/3148/3148
f 3150/3150/3150 3146/3146/3146 3149/3149/3149
f 3148/3148/3148 3149/3149/3149 3147/3147/3147
f 3146/3146/3146 3147/3147/3147 3149/3149/3149
f 3147/3147/3147 3145/3145/3145 3148/3148/3148
f 3146/3146/3146 3144/3144/3144 3147/3147/3147
f 3145/3145/3145 3147/3147/3147 3144/3144/3144
f 3143/3143/3143 3144/3144/3144 3146/3146/3146
f 3144/3144/3144 3142/3142/3142 3145/3145/3145
f 3143/3143/3143 3141/3141/3141 3144/3144/3144
f 3144/3144/3144 3141/3141/3141 3142/3142/3142
f 3141/3141/3141 3143/3143/3143 3140/3140/3140
f 3141/3141/3141 3139/3139/3139 3142/3142/3142
f 3141/3141/3141 3140/3140/3140 3131/3131/3131
f 3139/3139/3139 3141/3141/3141 3131/3131/3131
f 3131/3131/3131 3140/3140/3140 3137/3137/3137
f 3138/3138/3138 3133/3133/3133 3137/3137/3137
f 3139/3139/3139 3131/3131/3131 3136/3136/3136
f 3133/3133/3133 3138/3138/3138 3135/3135/3135
f 3137/3137/3137 3133/3133/3133 3131/3131/3131
f 3136/3136/3136 3131/3131/3131 3134/3134/3134
f 3135/3135/3135 3132/3132/3132 3129/3129/3129
f 3129/3129/3129 3133/3133/3133 3135/3135/3135
f 3128/3128/3128 3132/3132/3132 3135/3135/3135
f 3131/3131/3131 3133/3133/3133 3127/3127/3127
f 3125/3125/3125 3134/3134/3134 3131/3131/3131
f 3130/3130/3130 3134/3134/3134 3125/3125/3125
f 3129/3129/3129 3132/3132/3132 3123/3123/3123
f 3127/3127/3127 3133/3133/3133 3129/3129/3129
f 3123/3123/3123 3132/3132/3132 3128/3128/3128
f 3127/3127/3127 3125/3125/3125 3131/3131/3131
f 3125/3125/3125 3124/3124/3124 3130/3130/3130
f 3127/3127/3127 3129/3129/3129 3123/3123/3123
f 3128/3128/3128 3126/3126/3126 3123/3123/3123
f 3127/3127/3127 3121/3121/3121 3125/3125/3125
f 3122/3122/3122 3124/3124/3124 3125/3125/3125
f 3121/3121/3121 3127/3127/3127 3123/3123/3123
f 3117/3117/3117 3123/3123/3123 3126/3126/3126
f 3121/3121/3121 3122/3122/3122 3125/3125/3125
f 3124/3124/3124 3122/3122/3122 3119/3119/3119
f 3121/3121/3121 3123/3123/3123 3117/3117/3117
f 3121/3121/3121 3114/3114/3114 3122/3122/3122
f 3122/3122/3122 3114/3114/3114 3119/3119/3119
f 3118/3118/3118 3115/3115/3115 3120/3120/3120
f 3114/3114/3114 3121/3121/3121 3117/3117/3117
f 3117/3117/3117 3120/3120/3120 3115/3115/3115
f 3114/3114/3114 3116/3116/3116 3119/3119/3119
f 3115/3115/3115 3118/3118/3118 3116/3116/3116
f 3117/3117/3117 3115/3115/3115 3114/3114/3114
f 3114/3114/3114 3115/3115/3115 3116/3116/3116
f 3109/3109/3109 3113/3113/3113 3112/3112/3112
f 3112/3112/3112 3108/3108/3108 3109/3109/3109
f 3112/3112/3112 3110/3110/3110 3108/3108/3108
f 3109/3109/3109 3107/3107/3107 3111/3111/3111
f 3104/3104/3104 3109/3109/3109 3108/3108/3108
f 3108/3108/3108 3110/3110/3110 3106/3106/3106
f 3107/3107/3107 3109/3109/3109 3104/3104/3104
f 3108/3108/3108 3106/3106/3106 3104/3104/3104
f 3107/3107/3107 3104/3104/3104 3105/3105/3105
f 3106/3106/3106 3100/3100/3100 3104/3104/3104
f 3104/3104/3104 3102/3102/3102 3105/3105/3105
f 3102/3102/3102 3103/3103/3103 3105/3105/3105
f 3100/3100/3100 3102/3102/3102 3104/3104/3104
f 3101/3101/3101 3103/3103/3103 3102/3102/3102
f 3100/3100/3100 3101/3101/3101 3102/3102/3102
f 3098/3098/3098 3099/3099/3099 2794/2794/2794
f 2787/2787/2787 3098/3098/3098 2794/2794/2794
f 3093/3093/3093 3096/3096/3096 3097/3097/3097
f 2499/2499/2499 3092/3092/3092 3095/3095/3095
f 3095/3095/3095 3089/3089/3089 3094/3094/3094
f 3088/3088/3088 3096/3096/3096 3093/3093/3093
f 2499/2499/2499 3090/3090/3090 3092/3092/3092
f 3092/3092/3092 3089/3089/3089 3095/3095/3095
f 3091/3091/3091 3094/3094/3094 3089/3089/3089
f 3093/3093/3093 3091/3091/3091 3088/3088/3088
f 3089/3089/3089 3092/3092/3092 3090/3090/3090
f 3091/3091/3091 3089/3089/3089 3088/3088/3088
f 3088/3088/3088 3089/3089/3089 3090/3090/3090
f 3087/3087/3087 3081/3081/3081 3085/3085/3085
f 3086/3086/3086 3073/3073/3073 3087/3087/3087
f 3085/3085/3085 3075/3075/3075 3083/3083/3083
f 3086/3086/3086 3082/3082/3082 3074/3074/3074
f 3087/3087/3087 3073/3073/3073 3081/3081/3081
f 3081/3081/3081 3064/3064/3064 3085/3085/3085
f 3086/3086/3086 3074/3074/3074 3073/3073/3073
f 3085/3085/3085 3064/3064/3064 3075/3075/3075
f 3079/3079/3079 3084/3084/3084 3061/3061/3061
f 3080/3080/3080 3079/3079/3079 3070/3070/3070
f 3065/3065/3065 3082/3082/3082 3076/3076/3076
f 3076/3076/3076 3077/3077/3077 3059/3059/3059
f 3075/3075/3075 3043/3043/3043 3083/3083/3083
f 3082/3082/3082 3065/3065/3065 3074/3074/3074
f 3064/3064/3064 3081/3081/3081 3073/3073/3073
f 3056/3056/3056 3073/3073/3073 3074/3074/3074
f 3066/3066/3066 3075/3075/3075 3064/3064/3064
f 3062/3062/3062 3071/3071/3071 3080/3080/3080
f 3080/3080/3080 3070/3070/3070 3062/3062/3062
f 3070/3070/3070 3079/3079/3079 3061/3061/3061
f 3058/3058/3058 3078/3078/3078 3069/3069/3069
f 3060/3060/3060 3068/3068/3068 3072/3072/3072
f 3077/3077/3077 3067/3067/3067 3059/3059/3059
f 3076/3076/3076 3059/3059/3059 3065/3065/3065
f 3075/3075/3075 3066/3066/3066 3043/3043/3043
f 3074/3074/3074 3065/3065/3065 3057/3057/3057
f 3056/3056/3056 3074/3074/3074 3057/3057/3057
f 3073/3073/3073 3056/3056/3056 3064/3064/3064
f 3064/3064/3064 3048/3048/3048 3066/3066/3066
f 3047/3047/3047 3063/3063/3063 3071/3071/3071
f 3072/3072/3072 3055/3055/3055 3060/3060/3060
f 3071/3071/3071 3062/3062/3062 3047/3047/3047
f 3070/3070/3070 3053/3053/3053 3062/3062/3062
f 3070/3070/3070 3061/3061/3061 3053/3053/3053
f 3058/3058/3058 3069/3069/3069 3052/3052/3052
f 3068/3068/3068 3060/3060/3060 3051/3051/3051
f 3067/3067/3067 3050/3050/3050 3059/3059/3059
f 3059/3059/3059 3049/3049/3049 3065/3065/3065
f 3050/3050/3050 3067/3067/3067 3058/3058/3058
f 3043/3043/3043 3066/3066/3066 3048/3048/3048
f 3065/3065/3065 3049/3049/3049 3057/3057/3057
f 3057/3057/3057 3041/3041/3041 3056/3056/3056
f 3048/3048/3048 3064/3064/3064 3056/3056/3056
f 3054/3054/3054 3063/3063/3063 3047/3047/3047
f 3055/3055/3055 3040/3040/3040 3060/3060/3060
f 3062/3062/3062 3045/3045/3045 3047/3047/3047
f 3062/3062/3062 3053/3053/3053 3045/3045/3045
f 3037/3037/3037 3053/3053/3053 3061/3061/3061
f 3058/3058/3058 3052/3052/3052 3036/3036/3036
f 3060/3060/3060 3040/3040/3040 3051/3051/3051
f 3044/3044/3044 3059/3059/3059 3050/3050/3050
f 3049/3049/3049 3059/3059/3059 3044/3044/3044
f 3058/3058/3058 3036/3036/3036 3050/3050/3050
f 3048/3048/3048 3042/3042/3042 3043/3043/3043
f 3041/3041/3041 3057/3057/3057 3049/3049/3049
f 3056/3056/3056 3041/3041/3041 3048/3048/3048
f 3054/3054/3054 3047/3047/3047 3039/3039/3039
f 3055/3055/3055 3046/3046/3046 3040/3040/3040
f 3054/3054/3054 3039/3039/3039 3046/3046/3046
f 3047/3047/3047 3045/3045/3045 3038/3038/3038
f 3053/3053/3053 3037/3037/3037 3045/3045/3045
f 3052/3052/3052 3035/3035/3035 3036/3036/3036
f 3051/3051/3051 3040/3040/3040 3035/3035/3035
f 3044/3044/3044 3050/3050/3050 3034/3034/3034
f 3044/3044/3044 3020/3020/3020 3049/3049/3049
f 3050/3050/3050 3036/3036/3036 3034/3034/3034
f 3033/3033/3033 3043/3043/3043 3042/3042/3042
f 3048/3048/3048 3026/3026/3026 3042/3042/3042
f 3049/3049/3049 3020/3020/3020 3041/3041/3041
f 3041/3041/3041 3026/3026/3026 3048/3048/3048
f 3032/3032/3032 3039/3039/3039 3047/3047/3047
f 3032/3032/3032 3047/3047/3047 3038/3038/3038
f 3040/3040/3040 3046/3046/3046 3031/3031/3031
f 3046/3046/3046 3039/3039/3039 3031/3031/3031
f 3045/3045/3045 3030/3030/3030 3038/3038/3038
f 3045/3045/3045 3037/3037/3037 3030/3030/3030
f 3022/3022/3022 3036/3036/3036 3035/3035/3035
f 3040/3040/3040 3028/3028/3028 3035/3035/3035
f 3020/3020/3020 3044/3044/3044 3034/3034/3034
f 3029/3029/3029 3034/3034/3034 3036/3036/3036
f 3042/3042/3042 3027/3027/3027 3033/3033/3033
f 3043/3043/3043 3033/3033/3033 3019/3019/3019
f 3027/3027/3027 3042/3042/3042 3026/3026/3026
f 3026/3026/3026 3041/3041/3041 3020/3020/3020
f 3028/3028/3028 3040/3040/3040 3025/3025/3025
f 3039/3039/3039 3032/3032/3032 3016/3016/3016
f 3024/3024/3024 3032/3032/3032 3038/3038/3038
f 3025/3025/3025 3040/3040/3040 3031/3031/3031
f 3016/3016/3016 3031/3031/3031 3039/3039/3039
f 3038/3038/3038 3030/3030/3030 3024/3024/3024
f 3023/3023/3023 3030/3030/3030 3037/3037/3037
f 3036/3036/3036 3022/3022/3022 3029/3029/3029
f 3035/3035/3035 3021/3021/3021 3022/3022/3022
f 3035/3035/3035 3028/3028/3028 3021/3021/3021
f 3034/3034/3034 3029/3029/3029 3020/3020/3020
f 3019/3019/3019 3033/3033/3033 3027/3027/3027
f 3026/3026/3026 3011/3011/3011 3027/3027/3027
f 3020/3020/3020 3018/3018/3018 3026/3026/3026
f 3017/3017/3017 3028/3028/3028 3025/3025/3025
f 3032/3032/3032 3024/3024/3024 3016/3016/3016
f 3031/3031/3031 3016/3016/3016 3025/3025/3025
f 3015/3015/3015 3024/3024/3024 3030/3030/3030
f 3030/3030/3030 3023/3023/3023 3015/3015/3015
f 3014/3014/3014 3029/3029/3029 3022/3022/3022
f 3008/3008/3008 3022/3022/3022 3021/3021/3021
f 3013/3013/3013 3021/3021/3021 3028/3028/3028
f 3029/3029/3029 3014/3014/3014 3020/3020/3020
f 3028/3028/3028 3017/3017/3017 3013/3013/3013
f 3027/3027/3027 3012/3012/3012 3019/3019/3019
f 1580/1580/1580 1578/1578/1578 1614/1614/1614
f 3011/3011/3011 3012/3012/3012 3027/3027/3027
f 3011/3011/3011 3026/3026/3026 3018/3018/3018
f 1565/1565/1565 1613/1613/1613 1595/1595/1595
f 1578/1578/1578 1596/1596/1596 1612/1612/1612
f 1595/1595/1595 1596/1596/1596 1561/1561/1561
f 3020/3020/3020 3007/3007/3007 3018/3018/3018
f 3017/3017/3017 3025/3025/3025 3010/3010/3010
f 3016/3016/3016 3024/3024/3024 3004/3004/3004
f 3025/3025/3025 3016/3016/3016 3010/3010/3010
f 3024/3024/3024 3015/3015/3015 3004/3004/3004
f 3009/3009/3009 3015/3015/3015 3023/3023/3023
f 3022/3022/3022 3008/3008/3008 3014/3014/3014
f 3021/3021/3021 3013/3013/3013 3008/3008/3008
f 3020/3020/3020 3014/3014/3014 3007/3007/3007
f 3000/3000/3000 3013/3013/3013 3017/3017/3017
f 3012/3012/3012 3005/3005/3005 3006/3006/3006
f 1560/1560/1560 1577/1577/1577 1611/1611/1611
f 1542/1542/1542 1610/1610/1610 1593/1593/1593
f 1610/1610/1610 1542/1542/1542 1594/1594/1594
f 3011/3011/3011 3005/3005/3005 3012/3012/3012
f 3018/3018/3018 3001/3001/3001 3011/3011/3011
f 1568/1568/1568 1601/1601/1601 1594/1594/1594
f 1592/1592/1592 1606/1606/1606 1556/1556/1556
f 1609/1609/1609 1592/1592/1592 1574/1574/1574
f 1608/1608/1608 1574/1574/1574 1560/1560/1560
f 1573/1573/1573 1591/1591/1591 1607/1607/1607
f 3001/3001/3001 3018/3018/3018 3007/3007/3007
f 3000/3000/3000 3017/3017/3017 3010/3010/3010
f 3004/3004/3004 3010/3010/3010 3016/3016/3016
f 3015/3015/3015 3009/3009/3009 3004/3004/3004
f 3008/3008/3008 2999/2999/2999 3014/3014/3014
f 3013/3013/3013 3003/3003/3003 3008/3008/3008
f 3014/3014/3014 2999/2999/2999 3007/3007/3007
f 3013/3013/3013 3000/3000/3000 3003/3003/3003
f 1606/1606/1606 1591/1591/1591 1556/1556/1556
f 1590/1590/1590 1573/1573/1573 1605/1605/1605
f 1554/1554/1554 1590/1590/1590 1589/1589/1589
f 1586/1586/1586 1571/1571/1571 1572/1572/1572
f 1604/1604/1604 1588/1588/1588 1571/1571/1571
f 3011/3011/3011 3001/3001/3001 3005/3005/3005
f 1588/1588/1588 1603/1603/1603 1553/1553/1553
f 1587/1587/1587 1553/1553/1553 1603/1603/1603
f 1570/1570/1570 1602/1602/1602 1569/1569/1569
f 1602/1602/1602 1586/1586/1586 1569/1569/1569
f 1585/1585/1585 1601/1601/1601 1568/1568/1568
f 3007/3007/3007 3002/3002/3002 3001/3001/3001
f 3010/3010/3010 3004/3004/3004 3000/3000/3000
f 3004/3004/3004 3009/3009/3009 2995/2995/2995
f 3008/3008/3008 3003/3003/3003 2999/2999/2999
f 3002/3002/3002 3007/3007/3007 2999/2999/2999
f 2996/2996/2996 3003/3003/3003 3000/3000/3000
f 1552/1552/1552 1587/1587/1587 1584/1584/1584
f 1550/1550/1550 1583/1583/1583 1585/1585/1585
f 1583/1583/1583 1549/1549/1549 1584/1584/1584
f 1566/1566/1566 1567/1567/1567 1589/1589/1589
f 1547/1547/1547 1582/1582/1582 1599/1599/1599
f 1582/1582/1582 1566/1566/1566 1600/1600/1600
f 1570/1570/1570 1547/1547/1547 1599/1599/1599
f 1598/1598/1598 1581/1581/1581 1545/1545/1545
f 1581/1581/1581 1597/1597/1597 1565/1565/1565
f 1580/1580/1580 1579/1579/1579 1544/1544/1544
f 3002/3002/3002 2998/2998/2998 3001/3001/3001
f 3004/3004/3004 2995/2995/2995 3000/3000/3000
f 3003/3003/3003 2996/2996/2996 2999/2999/2999
f 2999/2999/2999 2993/2993/2993 3002/3002/3002
f 3000/3000/3000 2997/2997/2997 2996/2996/2996
f 1564/1564/1564 1579/1579/1579 1577/1577/1577
f 1578/1578/1578 1580/1580/1580 1563/1563/1563
f 1565/1565/1565 1595/1595/1595 1562/1562/1562
f 1596/1596/1596 1578/1578/1578 1561/1561/1561
f 1561/1561/1561 1562/1562/1562 1595/1595/1595
f 1577/1577/1577 1560/1560/1560 1559/1559/1559
f 1542/1542/1542 1593/1593/1593 1557/1557/1557
f 1568/1568/1568 1594/1594/1594 1542/1542/1542
f 1557/1557/1557 1593/1593/1593 1576/1576/1576
f 1574/1574/1574 1592/1592/1592 1556/1556/1556
f 1560/1560/1560 1574/1574/1574 1539/1539/1539
f 3002/3002/3002 2993/2993/2993 2998/2998/2998
f 2994/2994/2994 3001/3001/3001 2998/2998/2998
f 3000/3000/3000 2995/2995/2995 2997/2997/2997
f 2996/2996/2996 2993/2993/2993 2999/2999/2999
f 2992/2992/2992 2996/2996/2996 2997/2997/2997
f 1591/1591/1591 1573/1573/1573 1555/1555/1555
f 1556/1556/1556 1591/1591/1591 1555/1555/1555
f 1554/1554/1554 1573/1573/1573 1590/1590/1590
f 1567/1567/1567 1554/1554/1554 1589/1589/1589
f 1586/1586/1586 1572/1572/1572 1551/1551/1551
f 1536/1536/1536 1572/1572/1572 1571/1571/1571
f 1571/1571/1571 1588/1588/1588 1553/1553/1553
f 1553/1553/1553 1587/1587/1587 1552/1552/1552
f 1535/1535/1535 1570/1570/1570 1569/1569/1569
f 2993/2993/2993 2994/2994/2994 2998/2998/2998
f 2992/2992/2992 2997/2997/2997 2995/2995/2995
f 2996/2996/2996 2992/2992/2992 2993/2993/2993
f 1569/1569/1569 1586/1586/1586 1551/1551/1551
f 1568/1568/1568 1550/1550/1550 1585/1585/1585
f 1552/1552/1552 1584/1584/1584 1549/1549/1549
f 1549/1549/1549 1583/1583/1583 1550/1550/1550
f 1567/1567/1567 1566/1566/1566 1532/1532/1532
f 1566/1566/1566 1582/1582/1582 1547/1547/1547
f 1547/1547/1547 1570/1570/1570 1546/1546/1546
f 1565/1565/1565 1545/1545/1545 1581/1581/1581
f 1563/1563/1563 1580/1580/1580 1544/1544/1544
f 1544/1544/1544 1579/1579/1579 1564/1564/1564
f 1513/1513/1513 1564/1564/1564 1577/1577/1577
f 2995/2995/2995 2990/2990/2990 2992/2992/2992
f 2992/2992/2992 2991/2991/2991 2993/2993/2993
f 1578/1578/1578 1563/1563/1563 1543/1543/1543
f 1529/1529/1529 1565/1565/1565 1562/1562/1562
f 1543/1543/1543 1561/1561/1561 1578/1578/1578
f 1527/1527/1527 1562/1562/1562 1561/1561/1561
f 1559/1559/1559 1513/1513/1513 1577/1577/1577
f 1526/1526/1526 1559/1559/1559 1560/1560/1560
f 1557/1557/1557 1558/1558/1558 1542/1542/1542
f 1519/1519/1519 1568/1568/1568 1542/1542/1542
f 1558/1558/1558 1557/1557/1557 1506/1506/1506
f 2992/2992/2992 2990/2990/2990 2991/2991/2991
f 1557/1557/1557 1576/1576/1576 1541/1541/1541
f 1575/1575/1575 1540/1540/1540 1541/1541/1541
f 1574/1574/1574 1556/1556/1556 1539/1539/1539
f 1538/1538/1538 1560/1560/1560 1539/1539/1539
f 1555/1555/1555 1573/1573/1573 1537/1537/1537
f 1556/1556/1556 1555/1555/1555 1522/1522/1522
f 1554/1554/1554 1537/1537/1537 1573/1573/1573
f 1554/1554/1554 1567/1567/1567 1517/1517/1517
f 1551/1551/1551 1572/1572/1572 1536/1536/1536
f 1553/1553/1553 1536/1536/1536 1571/1571/1571
f 1553/1553/1553 1552/1552/1552 1521/1521/1521
f 1535/1535/1535 1546/1546/1546 1570/1570/1570
f 1551/1551/1551 1535/1535/1535 1569/1569/1569
f 1568/1568/1568 1519/1519/1519 1550/1550/1550
f 1534/1534/1534 1533/1533/1533 1550/1550/1550
f 1552/1552/1552 1549/1549/1549 1518/1518/1518
f 1533/1533/1533 1549/1549/1549 1550/1550/1550
f 1517/1517/1517 1567/1567/1567 1548/1548/1548
f 1532/1532/1532 1548/1548/1548 1567/1567/1567
f 1547/1547/1547 1532/1532/1532 1566/1566/1566
f 1531/1531/1531 1547/1547/1547 1546/1546/1546
f 1516/1516/1516 1547/1547/1547 1531/1531/1531
f 1545/1545/1545 1565/1565/1565 1529/1529/1529
f 1563/1563/1563 1544/1544/1544 1528/1528/1528
f 1564/1564/1564 1513/1513/1513 1544/1544/1544
f 1528/1528/1528 1543/1543/1543 1563/1563/1563
f 1527/1527/1527 1529/1529/1529 1562/1562/1562
f 1543/1543/1543 1527/1527/1527 1561/1561/1561
f 1526/1526/1526 1560/1560/1560 1538/1538/1538
f 1513/1513/1513 1559/1559/1559 1526/1526/1526
f 1542/1542/1542 1558/1558/1558 1506/1506/1506
f 1542/1542/1542 1524/1524/1524 1519/1519/1519
f 1506/1506/1506 1557/1557/1557 1541/1541/1541
f 1523/1523/1523 1541/1541/1541 1540/1540/1540
f 1539/1539/1539 1556/1556/1556 1522/1522/1522
f 1505/1505/1505 1538/1538/1538 1539/1539/1539
f 1537/1537/1537 1522/1522/1522 1555/1555/1555
f 1517/1517/1517 1537/1537/1537 1554/1554/1554
f 1551/1551/1551 1536/1536/1536 1487/1487/1487
f 1536/1536/1536 1553/1553/1553 1521/1521/1521
f 1521/1521/1521 1552/1552/1552 1518/1518/1518
f 1498/1498/1498 1546/1546/1546 1535/1535/1535
f 1535/1535/1535 1551/1551/1551 1487/1487/1487
f 1524/1524/1524 1520/1520/1520 1519/1519/1519
f 1534/1534/1534 1550/1550/1550 1519/1519/1519
f 1533/1533/1533 1534/1534/1534 1501/1501/1501
f 1518/1518/1518 1549/1549/1549 1533/1533/1533
f 1517/1517/1517 1548/1548/1548 1499/1499/1499
f 1548/1548/1548 1532/1532/1532 1499/1499/1499
f 1532/1532/1532 1547/1547/1547 1516/1516/1516
f 1498/1498/1498 1531/1531/1531 1546/1546/1546
f 1516/1516/1516 1531/1531/1531 1515/1515/1515
f 1514/1514/1514 1530/1530/1530 1545/1545/1545
f 2987/2987/2987 2988/2988/2988 2989/2989/2989
f 2986/2986/2986 2989/2989/2989 2988/2988/2988
f 2988/2988/2988 2987/2987/2987 2983/2983/2983
f 2983/2983/2983 2986/2986/2986 2988/2988/2988
f 2983/2983/2983 2987/2987/2987 2984/2984/2984
f 2985/2985/2985 2986/2986/2986 2983/2983/2983
f 2983/2983/2983 2984/2984/2984 2980/2980/2980
f 2985/2985/2985 2983/2983/2983 2973/2973/2973
f 2980/2980/2980 2976/2976/2976 2983/2983/2983
f 2984/2984/2984 2975/2975/2975 2980/2980/2980
f 2981/2981/2981 2971/2971/2971 2979/2979/2979
f 2976/2976/2976 2973/2973/2973 2983/2983/2983
f 2978/2978/2978 2966/2966/2966 2982/2982/2982
f 2982/2982/2982 2966/2966/2966 2977/2977/2977
f 2977/2977/2977 2971/2971/2971 2981/2981/2981
f 2976/2976/2976 2980/2980/2980 2970/2970/2970
f 2970/2970/2970 2980/2980/2980 2969/2969/2969
f 2980/2980/2980 2975/2975/2975 2969/2969/2969
f 2971/2971/2971 2968/2968/2968 2979/2979/2979
f 2974/2974/2974 2979/2979/2979 2968/2968/2968
f 2973/2973/2973 2976/2976/2976 2965/2965/2965
f 2978/2978/2978 2972/2972/2972 2966/2966/2966
f 2971/2971/2971 2977/2977/2977 2966/2966/2966
f 2965/2965/2965 2976/2976/2976 2970/2970/2970
f 2961/2961/2961 2970/2970/2970 2969/2969/2969
f 2964/2964/2964 2969/2969/2969 2975/2975/2975
f 2971/2971/2971 2962/2962/2962 2968/2968/2968
f 2968/2968/2968 2959/2959/2959 2974/2974/2974
f 2958/2958/2958 2972/2972/2972 2967/2967/2967
f 2973/2973/2973 2963/2963/2963 2967/2967/2967
f 2965/2965/2965 2963/2963/2963 2973/2973/2973
f 2972/2972/2972 2958/2958/2958 2966/2966/2966
f 2966/2966/2966 2962/2962/2962 2971/2971/2971
f 2965/2965/2965 2970/2970/2970 2961/2961/2961
f 2969/2969/2969 2964/2964/2964 2961/2961/2961
f 2962/2962/2962 2960/2960/2960 2968/2968/2968
f 2968/2968/2968 2960/2960/2960 2959/2959/2959
f 2958/2958/2958 2967/2967/2967 2963/2963/2963
f 2963/2963/2963 2965/2965/2965 2955/2955/2955
f 2962/2962/2962 2966/2966/2966 2958/2958/2958
f 2955/2955/2955 2965/2965/2965 2961/2961/2961
f 2961/2961/2961 2964/2964/2964 2957/2957/2957
f 2962/2962/2962 2953/2953/2953 2960/2960/2960
f 2960/2960/2960 2956/2956/2956 2959/2959/2959
f 2958/2958/2958 2963/2963/2963 2955/2955/2955
f 2958/2958/2958 2953/2953/2953 2962/2962/2962
f 2955/2955/2955 2961/2961/2961 2954/2954/2954
f 2954/2954/2954 2961/2961/2961 2957/2957/2957
f 2956/2956/2956 2960/2960/2960 2953/2953/2953
f 2956/2956/2956 2951/2951/2951 2959/2959/2959
f 2953/2953/2953 2958/2958/2958 2955/2955/2955
f 2952/2952/2952 2955/2955/2955 2954/2954/2954
f 2954/2954/2954 2957/2957/2957 2950/2950/2950
f 2951/2951/2951 2956/2956/2956 2953/2953/2953
f 2952/2952/2952 2953/2953/2953 2955/2955/2955
f 2950/2950/2950 2952/2952/2952 2954/2954/2954
f 2953/2953/2953 2952/2952/2952 2951/2951/2951
f 2950/2950/2950 2951/2951/2951 2952/2952/2952
f 2944/2944/2944 2948/2948/2948 2949/2949/2949
f 2949/2949/2949 2946/2946/2946 2944/2944/2944
f 2948/2948/2948 2944/2944/2944 2945/2945/2945
f 2942/2942/2942 2947/2947/2947 2945/2945/2945
f 2946/2946/2946 2941/2941/2941 2944/2944/2944
f 2944/2944/2944 2942/2942/2942 2945/2945/2945
f 2941/2941/2941 2942/2942/2942 2944/2944/2944
f 2939/2939/2939 2943/2943/2943 2942/2942/2942
f 2939/2939/2939 2938/2938/2938 2943/2943/2943
f 2939/2939/2939 2942/2942/2942 2941/2941/2941
f 2937/2937/2937 2938/2938/2938 2939/2939/2939
f 2935/2935/2935 2939/2939/2939 2941/2941/2941
f 2936/2936/2936 2935/2935/2935 2941/2941/2941
f 2933/2933/2933 2940/2940/2940 2938/2938/2938
f 2939/2939/2939 2934/2934/2934 2937/2937/2937
f 2938/2938/2938 2937/2937/2937 2932/2932/2932
f 2939/2939/2939 2935/2935/2935 2934/2934/2934
f 2931/2931/2931 2935/2935/2935 2936/2936/2936
f 2932/2932/2932 2933/2933/2933 2938/2938/2938
f 2934/2934/2934 2932/2932/2932 2937/2937/2937
f 499/499/499 2931/2931/2931 2936/2936/2936
f 2931/2931/2931 2934/2934/2934 2935/2935/2935
f 2928/2928/2928 2933/2933/2933 2932/2932/2932
f 2927/2927/2927 2932/2932/2932 2934/2934/2934
f 2931/2931/2931 499/499/499 493/493/493
f 2934/2934/2934 2931/2931/2931 2927/2927/2927
f 2929/2929/2929 2928/2928/2928 2932/2932/2932
f 2928/2928/2928 2930/2930/2930 2933/2933/2933
f 2927/2927/2927 2929/2929/2929 2932/2932/2932
f 493/493/493 2927/2927/2927 2931/2931/2931
f 2929/2929/2929 2924/2924/2924 2928/2928/2928
f 2922/2922/2922 2930/2930/2930 2928/2928/2928
f 2930/2930/2930 2922/2922/2922 2926/2926/2926
f 2927/2927/2927 2925/2925/2925 2929/2929/2929
f 493/493/493 2921/2921/2921 2927/2927/2927
f 2925/2925/2925 2924/2924/2924 2929/2929/2929
f 2924/2924/2924 2922/2922/2922 2928/2928/2928
f 2923/2923/2923 2926/2926/2926 2922/2922/2922
f 2921/2921/2921 2925/2925/2925 2927/2927/2927
f 476/476/476 2921/2921/2921 493/493/493
f 2924/2924/2924 2925/2925/2925 2916/2916/2916
f 2923/2923/2923 2919/2919/2919 2926/2926/2926
f 2922/2922/2922 2924/2924/2924 2918/2918/2918
f 2912/2912/2912 2923/2923/2923 2922/2922/2922
f 2917/2917/2917 476/476/476 483/483/483
f 2921/2921/2921 2916/2916/2916 2925/2925/2925
f 476/476/476 2911/2911/2911 2921/2921/2921
f 2916/2916/2916 2918/2918/2918 2924/2924/2924
f 2910/2910/2910 2920/2920/2920 2919/2919/2919
f 2914/2914/2914 2919/2919/2919 2923/2923/2923
f 483/483/483 2913/2913/2913 2917/2917/2917
f 2912/2912/2912 2914/2914/2914 2923/2923/2923
f 2918/2918/2918 2912/2912/2912 2922/2922/2922
f 476/476/476 2917/2917/2917 2911/2911/2911
f 2921/2921/2921 2911/2911/2911 2916/2916/2916
f 2916/2916/2916 2904/2904/2904 2918/2918/2918
f 2920/2920/2920 2910/2910/2910 2915/2915/2915
f 2919/2919/2919 2914/2914/2914 2910/2910/2910
f 2913/2913/2913 483/483/483 491/491/491
f 2909/2909/2909 2917/2917/2917 2913/2913/2913
f 2914/2914/2914 2912/2912/2912 2908/2908/2908
f 2912/2912/2912 2918/2918/2918 2904/2904/2904
f 2917/2917/2917 2909/2909/2909 2911/2911/2911
f 2911/2911/2911 2904/2904/2904 2916/2916/2916
f 2910/2910/2910 2906/2906/2906 2915/2915/2915
f 2908/2908/2908 2910/2910/2910 2914/2914/2914
f 2905/2905/2905 2913/2913/2913 491/491/491
f 2913/2913/2913 2905/2905/2905 2909/2909/2909
f 2904/2904/2904 2908/2908/2908 2912/2912/2912
f 2909/2909/2909 2904/2904/2904 2911/2911/2911
f 2910/2910/2910 2903/2903/2903 2906/2906/2906
f 2910/2910/2910 2908/2908/2908 2903/2903/2903
f 2902/2902/2902 2907/2907/2907 2906/2906/2906
f 2905/2905/2905 491/491/491 502/502/502
f 2905/2905/2905 2901/2901/2901 2909/2909/2909
f 2908/2908/2908 2904/2904/2904 2898/2898/2898
f 2909/2909/2909 2901/2901/2901 2904/2904/2904
f 2906/2906/2906 2903/2903/2903 2899/2899/2899
f 2908/2908/2908 2898/2898/2898 2903/2903/2903
f 2907/2907/2907 2902/2902/2902 2900/2900/2900
f 2899/2899/2899 2902/2902/2902 2906/2906/2906
f 502/502/502 2901/2901/2901 2905/2905/2905
f 2904/2904/2904 2901/2901/2901 2898/2898/2898
f 2898/2898/2898 2899/2899/2899 2903/2903/2903
f 2902/2902/2902 2897/2897/2897 2900/2900/2900
f 2902/2902/2902 2899/2899/2899 2897/2897/2897
f 2898/2898/2898 2901/2901/2901 502/502/502
f 2895/2895/2895 2899/2899/2899 2898/2898/2898
f 2897/2897/2897 2896/2896/2896 2900/2900/2900
f 2895/2895/2895 2897/2897/2897 2899/2899/2899
f 2898/2898/2898 502/502/502 2895/2895/2895
f 2894/2894/2894 2896/2896/2896 2897/2897/2897
f 2895/2895/2895 2890/2890/2890 2897/2897/2897
f 502/502/502 2891/2891/2891 2895/2895/2895
f 2896/2896/2896 2894/2894/2894 2892/2892/2892
f 2890/2890/2890 2894/2894/2894 2897/2897/2897
f 2892/2892/2892 2893/2893/2893 2896/2896/2896
f 504/504/504 2891/2891/2891 502/502/502
f 2891/2891/2891 2890/2890/2890 2895/2895/2895
f 2890/2890/2890 2892/2892/2892 2894/2894/2894
f 2893/2893/2893 2892/2892/2892 2888/2888/2888
f 506/506/506 2886/2886/2886 504/504/504
f 2893/2893/2893 2888/2888/2888 2889/2889/2889
f 2891/2891/2891 504/504/504 2886/2886/2886
f 2890/2890/2890 2891/2891/2891 2885/2885/2885
f 2892/2892/2892 2890/2890/2890 2888/2888/2888
f 2886/2886/2886 506/506/506 2509/2509/2509
f 2888/2888/2888 2884/2884/2884 2889/2889/2889
f 2886/2886/2886 2885/2885/2885 2891/2891/2891
f 2890/2890/2890 2885/2885/2885 2888/2888/2888
f 2884/2884/2884 2887/2887/2887 2889/2889/2889
f 2509/2509/2509 2880/2880/2880 2886/2886/2886
f 2883/2883/2883 2884/2884/2884 2888/2888/2888
f 2886/2886/2886 2879/2879/2879 2885/2885/2885
f 2885/2885/2885 2883/2883/2883 2888/2888/2888
f 2887/2887/2887 2884/2884/2884 2882/2882/2882
f 2882/2882/2882 2877/2877/2877 2887/2887/2887
f 2886/2886/2886 2880/2880/2880 2879/2879/2879
f 2884/2884/2884 2883/2883/2883 2873/2873/2873
f 2879/2879/2879 2883/2883/2883 2885/2885/2885
f 2873/2873/2873 2882/2882/2882 2884/2884/2884
f 2882/2882/2882 2878/2878/2878 2877/2877/2877
f 2880/2880/2880 2875/2875/2875 2879/2879/2879
f 2879/2879/2879 2873/2873/2873 2883/2883/2883
f 2873/2873/2873 2878/2878/2878 2882/2882/2882
f 2877/2877/2877 2878/2878/2878 2872/2872/2872
f 2870/2870/2870 2881/2881/2881 2876/2876/2876
f 2869/2869/2869 2875/2875/2875 2880/2880/2880
f 2875/2875/2875 2873/2873/2873 2879/2879/2879
f 2878/2878/2878 2873/2873/2873 2872/2872/2872
f 2872/2872/2872 2874/2874/2874 2877/2877/2877
f 2870/2870/2870 2876/2876/2876 2871/2871/2871
f 2869/2869/2869 2873/2873/2873 2875/2875/2875
f 2873/2873/2873 2861/2861/2861 2872/2872/2872
f 2874/2874/2874 2872/2872/2872 2867/2867/2867
f 2871/2871/2871 2863/2863/2863 2870/2870/2870
f 2869/2869/2869 2861/2861/2861 2873/2873/2873
f 2861/2861/2861 2868/2868/2868 2872/2872/2872
f 2868/2868/2868 2860/2860/2860 2872/2872/2872
f 2860/2860/2860 2867/2867/2867 2872/2872/2872
f 2858/2858/2858 2871/2871/2871 2865/2865/2865
f 2863/2863/2863 2871/2871/2871 2858/2858/2858
f 2852/2852/2852 2865/2865/2865 2864/2864/2864
f 2863/2863/2863 2857/2857/2857 2870/2870/2870
f 2857/2857/2857 2862/2862/2862 2870/2870/2870
f 2856/2856/2856 2861/2861/2861 2869/2869/2869
f 2861/2861/2861 2855/2855/2855 2868/2868/2868
f 2860/2860/2860 2868/2868/2868 2855/2855/2855
f 2867/2867/2867 2860/2860/2860 2849/2849/2849
f 2867/2867/2867 2849/2849/2849 2859/2859/2859
f 2854/2854/2854 2866/2866/2866 2859/2859/2859
f 2866/2866/2866 2854/2854/2854 2853/2853/2853
f 2852/2852/2852 2858/2858/2858 2865/2865/2865
f 2858/2858/2858 2847/2847/2847 2863/2863/2863
f 2852/2852/2852 2864/2864/2864 2853/2853/2853
f 2847/2847/2847 2857/2857/2857 2863/2863/2863
f 2851/2851/2851 2862/2862/2862 2857/2857/2857
f 2856/2856/2856 2850/2850/2850 2861/2861/2861
f 2850/2850/2850 2855/2855/2855 2861/2861/2861
f 2855/2855/2855 2849/2849/2849 2860/2860/2860
f 2849/2849/2849 2854/2854/2854 2859/2859/2859
f 2854/2854/2854 2845/2845/2845 2853/2853/2853
f 2847/2847/2847 2858/2858/2858 2852/2852/2852
f 2853/2853/2853 2848/2848/2848 2852/2852/2852
f 2851/2851/2851 2857/2857/2857 2847/2847/2847
f 2850/2850/2850 2856/2856/2856 2846/2846/2846
f 2850/2850/2850 2842/2842/2842 2855/2855/2855
f 2849/2849/2849 2855/2855/2855 2842/2842/2842
f 2845/2845/2845 2854/2854/2854 2849/2849/2849
f 2848/2848/2848 2853/2853/2853 2845/2845/2845
f 2852/2852/2852 2844/2844/2844 2847/2847/2847
f 2844/2844/2844 2852/2852/2852 2848/2848/2848
f 2843/2843/2843 2851/2851/2851 2847/2847/2847
f 2846/2846/2846 2842/2842/2842 2850/2850/2850
f 2842/2842/2842 2845/2845/2845 2849/2849/2849
f 2839/2839/2839 2848/2848/2848 2845/2845/2845
f 2844/2844/2844 2841/2841/2841 2847/2847/2847
f 2839/2839/2839 2844/2844/2844 2848/2848/2848
f 2843/2843/2843 2847/2847/2847 2841/2841/2841
f 2842/2842/2842 2846/2846/2846 2840/2840/2840
f 2842/2842/2842 2839/2839/2839 2845/2845/2845
f 2841/2841/2841 2844/2844/2844 2839/2839/2839
f 2840/2840/2840 2843/2843/2843 2841/2841/2841
f 2840/2840/2840 2839/2839/2839 2842/2842/2842
f 2839/2839/2839 2840/2840/2840 2841/2841/2841
f 139/139/139 131/131/131 1036/1036/1036
f 2834/2834/2834 2837/2837/2837 2838/2838/2838
f 2836/2836/2836 2834/2834/2834 2838/2838/2838
f 2834/2834/2834 2831/2831/2831 2837/2837/2837
f 2834/2834/2834 2836/2836/2836 2829/2829/2829
f 2832/2832/2832 2835/2835/2835 2827/2827/2827
f 2829/2829/2829 2831/2831/2831 2834/2834/2834
f 2833/2833/2833 2830/2830/2830 2827/2827/2827
f 2829/2829/2829 2832/2832/2832 2827/2827/2827
f 2831/2831/2831 2829/2829/2829 2826/2826/2826
f 2830/2830/2830 2828/2828/2828 2827/2827/2827
f 2827/2827/2827 2826/2826/2826 2829/2829/2829
f 2826/2826/2826 2827/2827/2827 2828/2828/2828
f 2819/2819/2819 2825/2825/2825 2823/2823/2823
f 2824/2824/2824 2817/2817/2817 2823/2823/2823
f 2825/2825/2825 2819/2819/2819 2822/2822/2822
f 2821/2821/2821 2822/2822/2822 2816/2816/2816
f 2823/2823/2823 2818/2818/2818 2819/2819/2819
f 2817/2817/2817 2824/2824/2824 2820/2820/2820
f 2823/2823/2823 2817/2817/2817 2818/2818/2818
f 2816/2816/2816 2822/2822/2822 2819/2819/2819
f 2813/2813/2813 2821/2821/2821 2816/2816/2816
f 2821/2821/2821 2813/2813/2813 2815/2815/2815
f 2819/2819/2819 2818/2818/2818 2811/2811/2811
f 2820/2820/2820 2812/2812/2812 2817/2817/2817
f 2817/2817/2817 2808/2808/2808 2818/2818/2818
f 2816/2816/2816 2819/2819/2819 2811/2811/2811
f 2816/2816/2816 2807/2807/2807 2813/2813/2813
f 2815/2815/2815 2813/2813/2813 2806/2806/2806
f 2818/2818/2818 2808/2808/2808 2811/2811/2811
f 2808/2808/2808 2817/2817/2817 2812/2812/2812
f 2816/2816/2816 2811/2811/2811 2807/2807/2807
f 2815/2815/2815 2806/2806/2806 2810/2810/2810
f 2810/2810/2810 2805/2805/2805 2814/2814/2814
f 2814/2814/2814 2805/2805/2805 2809/2809/2809
f 1545/1545/1545 1529/1529/1529 1514/1514/1514
f 1528/1528/1528 1544/1544/1544 1513/1513/1513
f 2807/2807/2807 2804/2804/2804 2813/2813/2813
f 2806/2806/2806 2813/2813/2813 2804/2804/2804
f 2808/2808/2808 2803/2803/2803 2811/2811/2811
f 2812/2812/2812 2802/2802/2802 2808/2808/2808
f 2811/2811/2811 2803/2803/2803 2807/2807/2807
f 2800/2800/2800 2810/2810/2810 2806/2806/2806
f 2810/2810/2810 2800/2800/2800 2805/2805/2805
f 1543/1543/1543 1528/1528/1528 1494/1494/1494
f 1512/1512/1512 1529/1529/1529 1527/1527/1527
f 1527/1527/1527 1543/1543/1543 1494/1494/1494
f 1493/1493/1493 1526/1526/1526 1538/1538/1538
f 2807/2807/2807 2797/2797/2797 2804/2804/2804
f 2804/2804/2804 2801/2801/2801 2806/2806/2806
f 2808/2808/2808 2802/2802/2802 2803/2803/2803
f 2797/2797/2797 2807/2807/2807 2803/2803/2803
f 2800/2800/2800 2806/2806/2806 2801/2801/2801
f 1513/1513/1513 1526/1526/1526 1511/1511/1511
f 1493/1493/1493 1538/1538/1538 1510/1510/1510
f 1524/1524/1524 1542/1542/1542 1506/1506/1506
f 1507/1507/1507 1525/1525/1525 1520/1520/1520
f 2797/2797/2797 2801/2801/2801 2804/2804/2804
f 2797/2797/2797 2803/2803/2803 2802/2802/2802
f 1520/1520/1520 1524/1524/1524 1507/1507/1507
f 2801/2801/2801 2782/2782/2782 2800/2800/2800
f 1506/1506/1506 1541/1541/1541 1523/1523/1523
f 1489/1489/1489 1523/1523/1523 1540/1540/1540
f 1509/1509/1509 1489/1489/1489 1508/1508/1508
f 1505/1505/1505 1539/1539/1539 1522/1522/1522
f 2791/2791/2791 2801/2801/2801 2797/2797/2797
f 2802/2802/2802 2790/2790/2790 2797/2797/2797
f 2790/2790/2790 2802/2802/2802 2796/2796/2796
f 2801/2801/2801 2791/2791/2791 2782/2782/2782
f 1538/1538/1538 1505/1505/1505 1510/1510/1510
f 1522/1522/1522 1537/1537/1537 1504/1504/1504
f 1517/1517/1517 1504/1504/1504 1537/1537/1537
f 1536/1536/1536 1521/1521/1521 1487/1487/1487
f 2781/2781/2781 2798/2798/2798 2795/2795/2795
f 2798/2798/2798 2781/2781/2781 2786/2786/2786
f 2780/2780/2780 2794/2794/2794 2799/2799/2799
f 2799/2799/2799 2793/2793/2793 2780/2780/2780
f 2786/2786/2786 2793/2793/2793 2798/2798/2798
f 2792/2792/2792 2787/2787/2787 2785/2785/2785
f 2777/2777/2777 2792/2792/2792 2785/2785/2785
f 2791/2791/2791 2797/2797/2797 2776/2776/2776
f 2790/2790/2790 2776/2776/2776 2797/2797/2797
f 2796/2796/2796 2784/2784/2784 2790/2790/2790
f 2782/2782/2782 2791/2791/2791 2783/2783/2783
f 1503/1503/1503 1521/1521/1521 1518/1518/1518
f 1487/1487/1487 1498/1498/1498 1535/1535/1535
f 1525/1525/1525 1502/1502/1502 1520/1520/1520
f 1485/1485/1485 1519/1519/1519 1520/1520/1520
f 2772/2772/2772 2789/2789/2789 2795/2795/2795
f 2781/2781/2781 2795/2795/2795 2789/2789/2789
f 2788/2788/2788 2786/2786/2786 2781/2781/2781
f 2787/2787/2787 2794/2794/2794 2780/2780/2780
f 2786/2786/2786 2788/2788/2788 2759/2759/2759
f 2793/2793/2793 2786/2786/2786 2780/2780/2780
f 2787/2787/2787 2771/2771/2771 2785/2785/2785
f 2777/2777/2777 2785/2785/2785 2778/2778/2778
f 2792/2792/2792 2777/2777/2777 2779/2779/2779
f 2776/2776/2776 2783/2783/2783 2791/2791/2791
f 2776/2776/2776 2790/2790/2790 2784/2784/2784
f 2783/2783/2783 2775/2775/2775 2782/2782/2782
f 1501/1501/1501 1534/1534/1534 1519/1519/1519
f 1518/1518/1518 1533/1533/1533 1501/1501/1501
f 1499/1499/1499 1500/1500/1500 1517/1517/1517
f 1499/1499/1499 1532/1532/1532 1516/1516/1516
f 2781/2781/2781 2789/2789/2789 2772/2772/2772
f 2781/2781/2781 2764/2764/2764 2788/2788/2788
f 2787/2787/2787 2780/2780/2780 2771/2771/2771
f 2780/2780/2780 2786/2786/2786 2759/2759/2759
f 2778/2778/2778 2785/2785/2785 2771/2771/2771
f 2777/2777/2777 2778/2778/2778 2769/2769/2769
f 2777/2777/2777 2763/2763/2763 2779/2779/2779
f 2770/2770/2770 2768/2768/2768 2767/2767/2767
f 2776/2776/2776 2766/2766/2766 2783/2783/2783
f 2784/2784/2784 2762/2762/2762 2776/2776/2776
f 2775/2775/2775 2783/2783/2783 2766/2766/2766
f 1498/1498/1498 1515/1515/1515 1531/1531/1531
f 1515/1515/1515 1469/1469/1469 1516/1516/1516
f 1530/1530/1530 1514/1514/1514 1497/1497/1497
f 1514/1514/1514 1529/1529/1529 1496/1496/1496
f 1529/1529/1529 1512/1512/1512 1496/1496/1496
f 1513/1513/1513 1494/1494/1494 1528/1528/1528
f 2764/2764/2764 2781/2781/2781 2772/2772/2772
f 2771/2771/2771 2780/2780/2780 2759/2759/2759
f 2753/2753/2753 2778/2778/2778 2771/2771/2771
f 2779/2779/2779 2763/2763/2763 2770/2770/2770
f 2769/2769/2769 2778/2778/2778 2753/2753/2753
f 2763/2763/2763 2777/2777/2777 2769/2769/2769
f 2770/2770/2770 2758/2758/2758 2768/2768/2768
f 2761/2761/2761 2774/2774/2774 2767/2767/2767
f 2768/2768/2768 2757/2757/2757 2767/2767/2767
f 2774/2774/2774 2765/2765/2765 2762/2762/2762
f 2776/2776/2776 2762/2762/2762 2766/2766/2766
f 1482/1482/1482 1513/1513/1513 1511/1511/1511
f 1512/1512/1512 1527/1527/1527 1495/1495/1495
f 1495/1495/1495 1527/1527/1527 1494/1494/1494
f 1493/1493/1493 1492/1492/1492 1526/1526/1526
f 1511/1511/1511 1526/1526/1526 1492/1492/1492
f 1510/1510/1510 1479/1479/1479 1493/1493/1493
f 2774/2774/2774 2761/2761/2761 2765/2765/2765
f 2755/2755/2755 2773/2773/2773 2764/2764/2764
f 2760/2760/2760 2764/2764/2764 2772/2772/2772
f 2753/2753/2753 2771/2771/2771 2759/2759/2759
f 2763/2763/2763 2758/2758/2758 2770/2770/2770
f 2763/2763/2763 2769/2769/2769 2753/2753/2753
f 2757/2757/2757 2768/2768/2768 2758/2758/2758
f 2767/2767/2767 2757/2757/2757 2761/2761/2761
f 2765/2765/2765 2756/2756/2756 2762/2762/2762
f 1477/1477/1477 1509/1509/1509 1508/1508/1508
f 1502/1502/1502 1525/1525/1525 1476/1476/1476
f 1506/1506/1506 1490/1490/1490 1524/1524/1524
f 1525/1525/1525 1507/1507/1507 1476/1476/1476
f 1507/1507/1507 1524/1524/1524 1490/1490/1490
f 2761/2761/2761 2756/2756/2756 2765/2765/2765
f 2764/2764/2764 2760/2760/2760 2755/2755/2755
f 2759/2759/2759 2754/2754/2754 2753/2753/2753
f 2763/2763/2763 2753/2753/2753 2758/2758/2758
f 2758/2758/2758 2750/2750/2750 2757/2757/2757
f 2757/2757/2757 2752/2752/2752 2761/2761/2761
f 1523/1523/1523 1489/1489/1489 1506/1506/1506
f 1491/1491/1491 1489/1489/1489 1509/1509/1509
f 1505/1505/1505 1522/1522/1522 1474/1474/1474
f 1488/1488/1488 1510/1510/1510 1505/1505/1505
f 1522/1522/1522 1504/1504/1504 1474/1474/1474
f 2761/2761/2761 2752/2752/2752 2756/2756/2756
f 2760/2760/2760 2749/2749/2749 2755/2755/2755
f 2759/2759/2759 2755/2755/2755 2751/2751/2751
f 2754/2754/2754 2759/2759/2759 2751/2751/2751
f 2754/2754/2754 2747/2747/2747 2753/2753/2753
f 2750/2750/2750 2758/2758/2758 2753/2753/2753
f 2752/2752/2752 2757/2757/2757 2750/2750/2750
f 1504/1504/1504 1517/1517/1517 1484/1484/1484
f 1487/1487/1487 1521/1521/1521 1503/1503/1503
f 1503/1503/1503 1518/1518/1518 1471/1471/1471
f 1498/1498/1498 1487/1487/1487 1486/1486/1486
f 1485/1485/1485 1520/1520/1520 1502/1502/1502
f 2755/2755/2755 2749/2749/2749 2751/2751/2751
f 2747/2747/2747 2754/2754/2754 2751/2751/2751
f 2753/2753/2753 2747/2747/2747 2750/2750/2750
f 2750/2750/2750 2748/2748/2748 2752/2752/2752
f 1501/1501/1501 1519/1519/1519 1485/1485/1485
f 1501/1501/1501 1471/1471/1471 1518/1518/1518
f 1484/1484/1484 1517/1517/1517 1500/1500/1500
f 1500/1500/1500 1499/1499/1499 1455/1455/1455
f 1499/1499/1499 1516/1516/1516 1469/1469/1469
f 2747/2747/2747 2751/2751/2751 2749/2749/2749
f 2747/2747/2747 2748/2748/2748 2750/2750/2750
f 1498/1498/1498 1469/1469/1469 1515/1515/1515
f 1483/1483/1483 1497/1497/1497 1514/1514/1514
f 1514/1514/1514 1496/1496/1496 1483/1483/1483
f 1496/1496/1496 1512/1512/1512 1467/1467/1467
f 1494/1494/1494 1513/1513/1513 1482/1482/1482
f 2749/2749/2749 2746/2746/2746 2747/2747/2747
f 2747/2747/2747 2745/2745/2745 2748/2748/2748
f 1482/1482/1482 1511/1511/1511 1464/1464/1464
f 1467/1467/1467 1512/1512/1512 1495/1495/1495
f 1466/1466/1466 1495/1495/1495 1494/1494/1494
f 1492/1492/1492 1493/1493/1493 1465/1465/1465
f 1464/1464/1464 1511/1511/1511 1492/1492/1492
f 1493/1493/1493 1479/1479/1479 1481/1481/1481
f 2747/2747/2747 2746/2746/2746 2745/2745/2745
f 1479/1479/1479 1510/1510/1510 1488/1488/1488
f 1477/1477/1477 1491/1491/1491 1509/1509/1509
f 1477/1477/1477 1508/1508/1508 1478/1478/1478
f 1456/1456/1456 1502/1502/1502 1476/1476/1476
f 1490/1490/1490 1506/1506/1506 1459/1459/1459
f 1476/1476/1476 1507/1507/1507 1490/1490/1490
f 2746/2746/2746 2744/2744/2744 2745/2745/2745
f 1459/1459/1459 1506/1506/1506 1489/1489/1489
f 1475/1475/1475 1489/1489/1489 1491/1491/1491
f 1474/1474/1474 1488/1488/1488 1505/1505/1505
f 1474/1474/1474 1504/1504/1504 1473/1473/1473
f 1473/1473/1473 1504/1504/1504 1484/1484/1484
f 1042/1042/1042 1043/1043/1043 1044/1044/1044
f 1042/1042/1042 1045/1045/1045 1043/1043/1043
f 1046/1046/1046 1045/1045/1045 1042/1042/1042
f 1047/1047/1047 1046/1046/1046 1042/1042/1042
f 1487/1487/1487 1503/1503/1503 1471/1471/1471
f 1498/1498/1498 1486/1486/1486 1472/1472/1472
f 1486/1486/1486 1487/1487/1487 1457/1457/1457
f 1456/1456/1456 1485/1485/1485 1502/1502/1502
f 1471/1471/1471 1501/1501/1501 1485/1485/1485
f 1484/1484/1484 1500/1500/1500 1455/1455/1455
f 1469/1469/1469 1455/1455/1455 1499/1499/1499
f 1472/1472/1472 1469/1469/1469 1498/1498/1498
f 1468/1468/1468 1497/1497/1497 1483/1483/1483
f 1467/1467/1467 1483/1483/1483 1496/1496/1496
f 1494/1494/1494 1482/1482/1482 1451/1451/1451
f 1463/1463/1463 1482/1482/1482 1464/1464/1464
f 1466/1466/1466 1467/1467/1467 1495/1495/1495
f 1466/1466/1466 1494/1494/1494 1451/1451/1451
f 1493/1493/1493 1481/1481/1481 1465/1465/1465
f 1464/1464/1464 1492/1492/1492 1465/1465/1465
f 1463/1463/1463 1464/1464/1464 1480/1480/1480
f 1481/1481/1481 1479/1479/1479 1462/1462/1462
f 1488/1488/1488 1447/1447/1447 1479/1479/1479
f 1491/1491/1491 1477/1477/1477 1461/1461/1461
f 1446/1446/1446 1477/1477/1477 1478/1478/1478
f 1461/1461/1461 1475/1475/1475 1491/1491/1491
f 1460/1460/1460 1456/1456/1456 1476/1476/1476
f 1476/1476/1476 1490/1490/1490 1459/1459/1459
f 2704/2704/2704 2741/2741/2741 2701/2701/2701
f 2704/2704/2704 2743/2743/2743 2741/2741/2741
f 2701/2701/2701 2741/2741/2741 2702/2702/2702
f 2743/2743/2743 2742/2742/2742 2741/2741/2741
f 2740/2740/2740 2702/2702/2702 2741/2741/2741
f 2740/2740/2740 2741/2741/2741 2742/2742/2742
f 2737/2737/2737 2738/2738/2738 2732/2732/2732
f 2023/2023/2023 2734/2734/2734 2738/2738/2738
f 2734/2734/2734 2736/2736/2736 2738/2738/2738
f 2739/2739/2739 2735/2735/2735 2733/2733/2733
f 2738/2738/2738 2736/2736/2736 2732/2732/2732
f 2732/2732/2732 2735/2735/2735 2737/2737/2737
f 2023/2023/2023 2022/2022/2022 2731/2731/2731
f 2731/2731/2731 2734/2734/2734 2023/2023/2023
f 2736/2736/2736 2734/2734/2734 2724/2724/2724
f 2735/2735/2735 2730/2730/2730 2733/2733/2733
f 2732/2732/2732 2736/2736/2736 2724/2724/2724
f 2732/2732/2732 2730/2730/2730 2735/2735/2735
f 2022/2022/2022 2729/2729/2729 2731/2731/2731
f 2731/2731/2731 2724/2724/2724 2734/2734/2734
f 2728/2728/2728 2733/2733/2733 2730/2730/2730
f 2724/2724/2724 2730/2730/2730 2732/2732/2732
f 2022/2022/2022 2727/2727/2727 2729/2729/2729
f 2729/2729/2729 2724/2724/2724 2731/2731/2731
f 2730/2730/2730 2724/2724/2724 2728/2728/2728
f 2724/2724/2724 2729/2729/2729 2727/2727/2727
f 2728/2728/2728 2724/2724/2724 2726/2726/2726
f 2724/2724/2724 2727/2727/2727 2725/2725/2725
f 2724/2724/2724 2723/2723/2723 2726/2726/2726
f 2723/2723/2723 2724/2724/2724 2725/2725/2725
f 2565/2565/2565 2720/2720/2720 2722/2722/2722
f 2721/2721/2721 2722/2722/2722 2720/2720/2720
f 2720/2720/2720 2565/2565/2565 2718/2718/2718
f 2720/2720/2720 2719/2719/2719 2721/2721/2721
f 2718/2718/2718 2719/2719/2719 2720/2720/2720
f 1025/1025/1025 1023/1023/1023 2717/2717/2717
f 2716/2716/2716 2717/2717/2717 1023/1023/1023
f 189/189/189 2168/2168/2168 198/198/198
f 2714/2714/2714 2168/2168/2168 189/189/189
f 2170/2170/2170 2168/2168/2168 2713/2713/2713
f 2713/2713/2713 2171/2171/2171 2170/2170/2170
f 2713/2713/2713 2168/2168/2168 2714/2714/2714
f 2171/2171/2171 2713/2713/2713 2173/2173/2173
f 2173/2173/2173 2712/2712/2712 2177/2177/2177
f 2715/2715/2715 155/155/155 2711/2711/2711
f 2711/2711/2711 2713/2713/2713 2714/2714/2714
f 2713/2713/2713 2708/2708/2708 2173/2173/2173
f 2173/2173/2173 2708/2708/2708 2712/2712/2712
f 2710/2710/2710 142/142/142 171/171/171
f 2711/2711/2711 155/155/155 145/145/145
f 2713/2713/2713 2711/2711/2711 2709/2709/2709
f 2708/2708/2708 2713/2713/2713 2709/2709/2709
f 2710/2710/2710 2712/2712/2712 2708/2708/2708
f 142/142/142 2710/2710/2710 151/151/151
f 2711/2711/2711 145/145/145 2707/2707/2707
f 2711/2711/2711 2707/2707/2707 2709/2709/2709
f 2708/2708/2708 2709/2709/2709 2706/2706/2706
f 2708/2708/2708 151/151/151 2710/2710/2710
f 2707/2707/2707 145/145/145 135/135/135
f 2709/2709/2709 2707/2707/2707 2706/2706/2706
f 2708/2708/2708 2706/2706/2706 151/151/151
f 2706/2706/2706 2707/2707/2707 135/135/135
f 2706/2706/2706 144/144/144 151/151/151
f 144/144/144 2706/2706/2706 135/135/135
f 2705/2705/2705 2183/2183/2183 2193/2193/2193
f 2704/2704/2704 2700/2700/2700 2703/2703/2703
f 2700/2700/2700 2704/2704/2704 2701/2701/2701
f 2699/2699/2699 2703/2703/2703 2700/2700/2700
f 2702/2702/2702 2697/2697/2697 2701/2701/2701
f 2701/2701/2701 2698/2698/2698 2700/2700/2700
f 2700/2700/2700 2696/2696/2696 2699/2699/2699
f 2698/2698/2698 2701/2701/2701 2697/2697/2697
f 2696/2696/2696 2700/2700/2700 2698/2698/2698
f 2699/2699/2699 2696/2696/2696 2695/2695/2695
f 2697/2697/2697 2694/2694/2694 2698/2698/2698
f 2694/2694/2694 2696/2696/2696 2698/2698/2698
f 2695/2695/2695 2696/2696/2696 2692/2692/2692
f 2697/2697/2697 2691/2691/2691 2694/2694/2694
f 2696/2696/2696 2694/2694/2694 2692/2692/2692
f 2695/2695/2695 2692/2692/2692 2693/2693/2693
f 2692/2692/2692 2694/2694/2694 2691/2691/2691
f 2693/2693/2693 2692/2692/2692 2690/2690/2690
f 2691/2691/2691 2683/2683/2683 2692/2692/2692
f 2692/2692/2692 2683/2683/2683 2690/2690/2690
f 2691/2691/2691 2689/2689/2689 2683/2683/2683
f 2686/2686/2686 2690/2690/2690 2683/2683/2683
f 2689/2689/2689 2687/2687/2687 2683/2683/2683
f 2688/2688/2688 2686/2686/2686 2678/2678/2678
f 2688/2688/2688 2678/2678/2678 2685/2685/2685
f 2677/2677/2677 2687/2687/2687 2684/2684/2684
f 2686/2686/2686 2683/2683/2683 2681/2681/2681
f 2687/2687/2687 2677/2677/2677 2683/2683/2683
f 2679/2679/2679 2685/2685/2685 2682/2682/2682
f 2686/2686/2686 2681/2681/2681 2678/2678/2678
f 2685/2685/2685 2678/2678/2678 2682/2682/2682
f 2684/2684/2684 2680/2680/2680 2677/2677/2677
f 2683/2683/2683 2677/2677/2677 2681/2681/2681
f 2682/2682/2682 2676/2676/2676 2679/2679/2679
f 2681/2681/2681 2669/2669/2669 2678/2678/2678
f 2678/2678/2678 2673/2673/2673 2682/2682/2682
f 2676/2676/2676 2682/2682/2682 2673/2673/2673
f 2672/2672/2672 2677/2677/2677 2680/2680/2680
f 2669/2669/2669 2681/2681/2681 2677/2677/2677
f 2680/2680/2680 2674/2674/2674 2672/2672/2672
f 2676/2676/2676 2671/2671/2671 2679/2679/2679
f 2671/2671/2671 2675/2675/2675 2679/2679/2679
f 2669/2669/2669 2673/2673/2673 2678/2678/2678
f 2673/2673/2673 2662/2662/2662 2676/2676/2676
f 2669/2669/2669 2677/2677/2677 2672/2672/2672
f 2668/2668/2668 2672/2672/2672 2674/2674/2674
f 2671/2671/2671 2676/2676/2676 2662/2662/2662
f 2671/2671/2671 2667/2667/2667 2675/2675/2675
f 2674/2674/2674 2666/2666/2666 2668/2668/2668
f 2662/2662/2662 2673/2673/2673 2669/2669/2669
f 2669/2669/2669 2672/2672/2672 2665/2665/2665
f 2665/2665/2665 2672/2672/2672 2668/2668/2668
f 2662/2662/2662 2667/2667/2667 2671/2671/2671
f 2664/2664/2664 2670/2670/2670 2667/2667/2667
f 2668/2668/2668 2666/2666/2666 2663/2663/2663
f 2670/2670/2670 2664/2664/2664 2666/2666/2666
f 2662/2662/2662 2669/2669/2669 2665/2665/2665
f 2668/2668/2668 2663/2663/2663 2665/2665/2665
f 2662/2662/2662 2664/2664/2664 2667/2667/2667
f 2663/2663/2663 2666/2666/2666 2664/2664/2664
f 2662/2662/2662 2665/2665/2665 2663/2663/2663
f 2662/2662/2662 2663/2663/2663 2664/2664/2664
f 2661/2661/2661 2657/2657/2657 2660/2660/2660
f 2658/2658/2658 2660/2660/2660 2651/2651/2651
f 2654/2654/2654 2657/2657/2657 2661/2661/2661
f 2651/2651/2651 2660/2660/2660 2657/2657/2657
f 2659/2659/2659 2649/2649/2649 2656/2656/2656
f 2659/2659/2659 2655/2655/2655 2649/2649/2649
f 2658/2658/2658 2651/2651/2651 2652/2652/2652
f 2651/2651/2651 2657/2657/2657 2654/2654/2654
f 2656/2656/2656 2653/2653/2653 2647/2647/2647
f 2649/2649/2649 2653/2653/2653 2656/2656/2656
f 2655/2655/2655 2652/2652/2652 2649/2649/2649
f 2645/2645/2645 2652/2652/2652 2651/2651/2651
f 2648/2648/2648 2651/2651/2651 2654/2654/2654
f 2648/2648/2648 2654/2654/2654 2650/2650/2650
f 2649/2649/2649 2647/2647/2647 2653/2653/2653
f 2652/2652/2652 2645/2645/2645 2649/2649/2649
f 2651/2651/2651 2648/2648/2648 2645/2645/2645
f 2646/2646/2646 2648/2648/2648 2650/2650/2650
f 2645/2645/2645 2647/2647/2647 2649/2649/2649
f 2648/2648/2648 2646/2646/2646 2645/2645/2645
f 2645/2645/2645 2646/2646/2646 2647/2647/2647
f 2643/2643/2643 2638/2638/2638 2644/2644/2644
f 2644/2644/2644 2638/2638/2638 2642/2642/2642
f 2644/2644/2644 2642/2642/2642 2637/2637/2637
f 2639/2639/2639 2643/2643/2643 2641/2641/2641
f 2643/2643/2643 2639/2639/2639 2638/2638/2638
f 2637/2637/2637 2642/2642/2642 2638/2638/2638
f 2632/2632/2632 2641/2641/2641 2640/2640/2640
f 2641/2641/2641 2632/2632/2632 2639/2639/2639
f 2639/2639/2639 2631/2631/2631 2638/2638/2638
f 2638/2638/2638 2634/2634/2634 2637/2637/2637
f 2640/2640/2640 2636/2636/2636 2632/2632/2632
f 2631/2631/2631 2639/2639/2639 2632/2632/2632
f 2634/2634/2634 2638/2638/2638 2631/2631/2631
f 2628/2628/2628 2637/2637/2637 2634/2634/2634
f 2632/2632/2632 2636/2636/2636 2629/2629/2629
f 2632/2632/2632 2623/2623/2623 2631/2631/2631
f 2631/2631/2631 2624/2624/2624 2634/2634/2634
f 1048/1048/1048 1049/1049/1049 1050/1050/1050
f 1048/1048/1048 1051/1051/1051 1049/1049/1049
f 1048/1048/1048 1052/1052/1052 1051/1051/1051
f 1053/1053/1053 1052/1052/1052 1048/1048/1048
f 1054/1054/1054 1051/1051/1051 1052/1052/1052
f 1055/1055/1055 1053/1053/1053 1048/1048/1048
f 1052/1052/1052 1053/1053/1053 1056/1056/1056
f 1052/1052/1052 1056/1056/1056 1054/1054/1054
f 1054/1054/1054 1057/1057/1057 1051/1051/1051
f 1053/1053/1053 1055/1055/1055 1056/1056/1056
f 1048/1048/1048 1058/1058/1058 1055/1055/1055
f 1054/1054/1054 1056/1056/1056 403/403/403
f 403/403/403 1057/1057/1057 1054/1054/1054
f 1059/1059/1059 1056/1056/1056 1055/1055/1055
f 1059/1059/1059 1055/1055/1055 1058/1058/1058
f 1058/1058/1058 1048/1048/1048 1060/1060/1060
f 1061/1061/1061 403/403/403 1056/1056/1056
f 403/403/403 412/412/412 1057/1057/1057
f 1056/1056/1056 1059/1059/1059 1062/1062/1062
f 1058/1058/1058 1063/1063/1063 1059/1059/1059
f 1064/1064/1064 1058/1058/1058 1060/1060/1060
f 403/403/403 1061/1061/1061 393/393/393
f 1061/1061/1061 1056/1056/1056 1065/1065/1065
f 1056/1056/1056 1062/1062/1062 1065/1065/1065
f 1066/1066/1066 1063/1063/1063 1058/1058/1058
f 1066/1066/1066 1058/1058/1058 1064/1064/1064
f 1060/1060/1060 1067/1067/1067 1064/1064/1064
f 1061/1061/1061 1068/1068/1068 393/393/393
f 1068/1068/1068 1061/1061/1061 1065/1065/1065
f 1069/1069/1069 1066/1066/1066 1064/1064/1064
f 1070/1070/1070 1064/1064/1064 1067/1067/1067
f 393/393/393 1068/1068/1068 391/391/391
f 1065/1065/1065 1071/1071/1071 1068/1068/1068
f 1072/1072/1072 1069/1069/1069 1064/1064/1064
f 1072/1072/1072 1064/1064/1064 1070/1070/1070
f 1073/1073/1073 391/391/391 1068/1068/1068
f 1068/1068/1068 1071/1071/1071 1073/1073/1073
f 1065/1065/1065 1074/1074/1074 1071/1071/1071
f 391/391/391 1073/1073/1073 389/389/389
f 1071/1071/1071 1075/1075/1075 1073/1073/1073
f 1071/1071/1071 1074/1074/1074 1075/1075/1075
f 1076/1076/1076 1077/1077/1077 1078/1078/1078
f 1078/1078/1078 1077/1077/1077 1079/1079/1079
f 1078/1078/1078 1080/1080/1080 1076/1076/1076
f 1077/1077/1077 1081/1081/1081 1079/1079/1079
f 1078/1078/1078 1079/1079/1079 1082/1082/1082
f 1078/1078/1078 1083/1083/1083 1080/1080/1080
f 1084/1084/1084 1076/1076/1076 1080/1080/1080
f 1079/1079/1079 1081/1081/1081 1085/1085/1085
f 1082/1082/1082 1079/1079/1079 1085/1085/1085
f 1078/1078/1078 1082/1082/1082 1086/1086/1086
f 1087/1087/1087 1083/1083/1083 1078/1078/1078
f 1083/1083/1083 1088/1088/1088 1080/1080/1080
f 1088/1088/1088 1084/1084/1084 1080/1080/1080
f 1085/1085/1085 1081/1081/1081 1089/1089/1089
f 1082/1082/1082 1085/1085/1085 1090/1090/1090
f 1086/1086/1086 1082/1082/1082 1091/1091/1091
f 1092/1092/1092 1078/1078/1078 1086/1086/1086
f 1088/1088/1088 1083/1083/1083 1087/1087/1087
f 1092/1092/1092 1087/1087/1087 1078/1078/1078
f 1084/1084/1084 1088/1088/1088 1093/1093/1093
f 1085/1085/1085 1089/1089/1089 1090/1090/1090
f 1090/1090/1090 1091/1091/1091 1082/1082/1082
f 1086/1086/1086 1091/1091/1091 1094/1094/1094
f 1095/1095/1095 1092/1092/1092 1086/1086/1086
f 1092/1092/1092 1088/1088/1088 1087/1087/1087
f 1096/1096/1096 1093/1093/1093 1088/1088/1088
f 1097/1097/1097 1084/1084/1084 1093/1093/1093
f 1090/1090/1090 1089/1089/1089 1098/1098/1098
f 1091/1091/1091 1090/1090/1090 1099/1099/1099
f 1086/1086/1086 1094/1094/1094 1100/1100/1100
f 1094/1094/1094 1091/1091/1091 1099/1099/1099
f 1092/1092/1092 1095/1095/1095 1088/1088/1088
f 1095/1095/1095 1086/1086/1086 1100/1100/1100
f 1101/1101/1101 1093/1093/1093 1096/1096/1096
f 1096/1096/1096 1088/1088/1088 1095/1095/1095
f 1102/1102/1102 1084/1084/1084 1097/1097/1097
f 1097/1097/1097 1093/1093/1093 1101/1101/1101
f 1098/1098/1098 1103/1103/1103 1090/1090/1090
f 1099/1099/1099 1090/1090/1090 1103/1103/1103
f 1100/1100/1100 1094/1094/1094 1104/1104/1104
f 1094/1094/1094 1099/1099/1099 1103/1103/1103
f 1100/1100/1100 1105/1105/1105 1095/1095/1095
f 1101/1101/1101 1096/1096/1096 1106/1106/1106
f 1106/1106/1106 1096/1096/1096 1095/1095/1095
f 1084/1084/1084 1102/1102/1102 1107/1107/1107
f 1097/1097/1097 1108/1108/1108 1102/1102/1102
f 1109/1109/1109 1097/1097/1097 1101/1101/1101
f 1103/1103/1103 1098/1098/1098 1110/1110/1110
f 1103/1103/1103 1104/1104/1104 1094/1094/1094
f 1111/1111/1111 1100/1100/1100 1104/1104/1104
f 1105/1105/1105 1100/1100/1100 1111/1111/1111
f 1112/1112/1112 1095/1095/1095 1105/1105/1105
f 1109/1109/1109 1101/1101/1101 1106/1106/1106
f 1106/1106/1106 1095/1095/1095 1113/1113/1113
f 1114/1114/1114 1107/1107/1107 1102/1102/1102
f 1108/1108/1108 1097/1097/1097 1109/1109/1109
f 1115/1115/1115 1102/1102/1102 1108/1108/1108
f 1104/1104/1104 1103/1103/1103 1110/1110/1110
f 1104/1104/1104 1110/1110/1110 1111/1111/1111
f 1112/1112/1112 1105/1105/1105 1111/1111/1111
f 1113/1113/1113 1095/1095/1095 1112/1112/1112
f 1116/1116/1116 1109/1109/1109 1106/1106/1106
f 1116/1116/1116 1106/1106/1106 1113/1113/1113
f 1114/1114/1114 1117/1117/1117 1107/1107/1107
f 1102/1102/1102 1118/1118/1118 1114/1114/1114
f 1116/1116/1116 1108/1108/1108 1109/1109/1109
f 1119/1119/1119 1102/1102/1102 1115/1115/1115
f 1119/1119/1119 1115/1115/1115 1108/1108/1108
f 1111/1111/1111 1110/1110/1110 1120/1120/1120
f 1112/1112/1112 1111/1111/1111 1121/1121/1121
f 1112/1112/1112 1122/1122/1122 1113/1113/1113
f 1123/1123/1123 1116/1116/1116 1113/1113/1113
f 1124/1124/1124 1117/1117/1117 1114/1114/1114
f 1118/1118/1118 1102/1102/1102 1119/1119/1119
f 1118/1118/1118 1125/1125/1125 1114/1114/1114
f 1119/1119/1119 1108/1108/1108 1116/1116/1116
f 1120/1120/1120 1126/1126/1126 1111/1111/1111
f 1121/1121/1121 1111/1111/1111 1126/1126/1126
f 1127/1127/1127 1112/1112/1112 1121/1121/1121
f 1123/1123/1123 1122/1122/1122 1112/1112/1112
f 1122/1122/1122 1123/1123/1123 1113/1113/1113
f 1128/1128/1128 1116/1116/1116 1123/1123/1123
f 1129/1129/1129 1124/1124/1124 1114/1114/1114
f 1125/1125/1125 1118/1118/1118 1119/1119/1119
f 1130/1130/1130 1114/1114/1114 1125/1125/1125
f 1116/1116/1116 1131/1131/1131 1119/1119/1119
f 1120/1120/1120 1132/1132/1132 1126/1126/1126
f 1121/1121/1121 1126/1126/1126 1132/1132/1132
f 1123/1123/1123 1112/1112/1112 1127/1127/1127
f 1127/1127/1127 1121/1121/1121 1133/1133/1133
f 1134/1134/1134 1116/1116/1116 1128/1128/1128
f 1135/1135/1135 1128/1128/1128 1123/1123/1123
f 1136/1136/1136 1124/1124/1124 1129/1129/1129
f 1129/1129/1129 1114/1114/1114 1130/1130/1130
f 1130/1130/1130 1125/1125/1125 1119/1119/1119
f 1131/1131/1131 1116/1116/1116 1134/1134/1134
f 1131/1131/1131 1137/1137/1137 1119/1119/1119
f 1133/1133/1133 1121/1121/1121 1132/1132/1132
f 1138/1138/1138 1123/1123/1123 1127/1127/1127
f 1139/1139/1139 1127/1127/1127 1133/1133/1133
f 1140/1140/1140 1134/1134/1134 1128/1128/1128
f 1138/1138/1138 1135/1135/1135 1123/1123/1123
f 1135/1135/1135 1140/1140/1140 1128/1128/1128
f 1141/1141/1141 1129/1129/1129 1130/1130/1130
f 1141/1141/1141 1130/1130/1130 1119/1119/1119
f 1134/1134/1134 1140/1140/1140 1131/1131/1131
f 1137/1137/1137 1131/1131/1131 1142/1142/1142
f 1137/1137/1137 1143/1143/1143 1119/1119/1119
f 1132/1132/1132 1144/1144/1144 1133/1133/1133
f 1138/1138/1138 1127/1127/1127 1139/1139/1139
f 1145/1145/1145 1139/1139/1139 1133/1133/1133
f 1138/1138/1138 1146/1146/1146 1135/1135/1135
f 1135/1135/1135 1147/1147/1147 1140/1140/1140
f 1148/1148/1148 1129/1129/1129 1141/1141/1141
f 1119/1119/1119 1143/1143/1143 1141/1141/1141
f 1142/1142/1142 1131/1131/1131 1140/1140/1140
f 1142/1142/1142 1149/1149/1149 1137/1137/1137
f 1150/1150/1150 1143/1143/1143 1137/1137/1137
f 1144/1144/1144 1132/1132/1132 1151/1151/1151
f 1133/1133/1133 1144/1144/1144 1151/1151/1151
f 1139/1139/1139 1152/1152/1152 1138/1138/1138
f 1153/1153/1153 1139/1139/1139 1145/1145/1145
f 1145/1145/1145 1133/1133/1133 1154/1154/1154
f 1146/1146/1146 1138/1138/1138 1155/1155/1155
f 1156/1156/1156 1135/1135/1135 1146/1146/1146
f 1135/1135/1135 1156/1156/1156 1147/1147/1147
f 1142/1142/1142 1140/1140/1140 1147/1147/1147
f 1148/1148/1148 1141/1141/1141 1157/1157/1157
f 1157/1157/1157 1141/1141/1141 1143/1143/1143
f 1149/1149/1149 1142/1142/1142 1147/1147/1147
f 1149/1149/1149 1150/1150/1150 1137/1137/1137
f 1157/1157/1157 1143/1143/1143 1150/1150/1150
f 1151/1151/1151 1154/1154/1154 1133/1133/1133
f 1152/1152/1152 1139/1139/1139 1153/1153/1153
f 1155/1155/1155 1138/1138/1138 1152/1152/1152
f 1153/1153/1153 1145/1145/1145 1158/1158/1158
f 1158/1158/1158 1145/1145/1145 1154/1154/1154
f 1155/1155/1155 1159/1159/1159 1146/1146/1146
f 1156/1156/1156 1146/1146/1146 1160/1160/1160
f 1161/1161/1161 1147/1147/1147 1156/1156/1156
f 1161/1161/1161 1149/1149/1149 1147/1147/1147
f 1149/1149/1149 1162/1162/1162 1150/1150/1150
f 1157/1157/1157 1150/1150/1150 1162/1162/1162
f 1154/1154/1154 1151/1151/1151 1163/1163/1163
f 1164/1164/1164 1152/1152/1152 1153/1153/1153
f 1155/1155/1155 1152/1152/1152 1164/1164/1164
f 1164/1164/1164 1153/1153/1153 1158/1158/1158
f 1158/1158/1158 1154/1154/1154 1165/1165/1165
f 1159/1159/1159 1155/1155/1155 1164/1164/1164
f 1160/1160/1160 1146/1146/1146 1159/1159/1159
f 1166/1166/1166 1156/1156/1156 1160/1160/1160
f 1156/1156/1156 1167/1167/1167 1161/1161/1161
f 1168/1168/1168 1149/1149/1149 1161/1161/1161
f 1168/1168/1168 1162/1162/1162 1149/1149/1149
f 1168/1168/1168 1157/1157/1157 1162/1162/1162
f 1163/1163/1163 1151/1151/1151 1169/1169/1169
f 1154/1154/1154 1163/1163/1163 1170/1170/1170
f 1158/1158/1158 1171/1171/1171 1164/1164/1164
f 1165/1165/1165 1154/1154/1154 1172/1172/1172
f 1171/1171/1171 1158/1158/1158 1165/1165/1165
f 1160/1160/1160 1159/1159/1159 1164/1164/1164
f 1166/1166/1166 1160/1160/1160 1164/1164/1164
f 1173/1173/1173 1156/1156/1156 1166/1166/1166
f 1167/1167/1167 1156/1156/1156 1173/1173/1173
f 1167/1167/1167 1168/1168/1168 1161/1161/1161
f 1174/1174/1174 1157/1157/1157 1168/1168/1168
f 1169/1169/1169 1151/1151/1151 1175/1175/1175
f 1163/1163/1163 1169/1169/1169 1170/1170/1170
f 1170/1170/1170 1176/1176/1176 1154/1154/1154
f 1166/1166/1166 1164/1164/1164 1171/1171/1171
f 1165/1165/1165 1172/1172/1172 1177/1177/1177
f 1172/1172/1172 1154/1154/1154 1176/1176/1176
f 1165/1165/1165 1178/1178/1178 1171/1171/1171
f 1173/1173/1173 1166/1166/1166 1179/1179/1179
f 1180/1180/1180 1167/1167/1167 1173/1173/1173
f 1181/1181/1181 1168/1168/1168 1167/1167/1167
f 1174/1174/1174 1168/1168/1168 1182/1182/1182
f 1175/1175/1175 1151/1151/1151 1183/1183/1183
f 1170/1170/1170 1169/1169/1169 1175/1175/1175
f 1176/1176/1176 1170/1170/1170 1184/1184/1184
f 1166/1166/1166 1171/1171/1171 1185/1185/1185
f 1176/1176/1176 1177/1177/1177 1172/1172/1172
f 1165/1165/1165 1177/1177/1177 1186/1186/1186
f 1178/1178/1178 1165/1165/1165 1187/1187/1187
f 1188/1188/1188 1171/1171/1171 1178/1178/1178
f 1179/1179/1179 1166/1166/1166 1185/1185/1185
f 1180/1180/1180 1173/1173/1173 1179/1179/1179
f 1189/1189/1189 1167/1167/1167 1180/1180/1180
f 1167/1167/1167 1189/1189/1189 1181/1181/1181
f 1182/1182/1182 1168/1168/1168 1181/1181/1181
f 1182/1182/1182 1190/1190/1190 1174/1174/1174
f 1175/1175/1175 1183/1183/1183 1191/1191/1191
f 1170/1170/1170 1175/1175/1175 1191/1191/1191
f 1184/1184/1184 1170/1170/1170 1191/1191/1191
f 1177/1177/1177 1176/1176/1176 1184/1184/1184
f 1185/1185/1185 1171/1171/1171 1188/1188/1188
f 1186/1186/1186 1192/1192/1192 1165/1165/1165
f 1184/1184/1184 1186/1186/1186 1177/1177/1177
f 1193/1193/1193 1178/1178/1178 1187/1187/1187
f 1187/1187/1187 1165/1165/1165 1192/1192/1192
f 1178/1178/1178 1194/1194/1194 1188/1188/1188
f 1185/1185/1185 1195/1195/1195 1179/1179/1179
f 1196/1196/1196 1180/1180/1180 1179/1179/1179
f 1180/1180/1180 1197/1197/1197 1189/1189/1189
f 1182/1182/1182 1181/1181/1181 1189/1189/1189
f 1198/1198/1198 1190/1190/1190 1182/1182/1182
f 1191/1191/1191 1183/1183/1183 1199/1199/1199
f 1200/1200/1200 1184/1184/1184 1191/1191/1191
f 1185/1185/1185 1188/1188/1188 1201/1201/1201
f 1192/1192/1192 1186/1186/1186 1200/1200/1200
f 1186/1186/1186 1184/1184/1184 1200/1200/1200
f 1193/1193/1193 1187/1187/1187 1202/1202/1202
f 1203/1203/1203 1178/1178/1178 1193/1193/1193
f 1187/1187/1187 1192/1192/1192 1200/1200/1200
f 1194/1194/1194 1178/1178/1178 1203/1203/1203
f 1194/1194/1194 1201/1201/1201 1188/1188/1188
f 1195/1195/1195 1185/1185/1185 1204/1204/1204
f 1196/1196/1196 1179/1179/1179 1195/1195/1195
f 1197/1197/1197 1180/1180/1180 1196/1196/1196
f 1205/1205/1205 1189/1189/1189 1197/1197/1197
f 1206/1206/1206 1182/1182/1182 1189/1189/1189
f 1198/1198/1198 1182/1182/1182 1206/1206/1206
f 1191/1191/1191 1199/1199/1199 1207/1207/1207
f 1200/1200/1200 1191/1191/1191 1208/1208/1208
f 1201/1201/1201 1209/1209/1209 1185/1185/1185
f 1200/1200/1200 1202/1202/1202 1187/1187/1187
f 1210/1210/1210 1193/1193/1193 1202/1202/1202
f 1210/1210/1210 1203/1203/1203 1193/1193/1193
f 1203/1203/1203 1201/1201/1201 1194/1194/1194
f 1211/1211/1211 1195/1195/1195 1204/1204/1204
f 1204/1204/1204 1185/1185/1185 1209/1209/1209
f 1195/1195/1195 1212/1212/1212 1196/1196/1196
f 1213/1213/1213 1197/1197/1197 1196/1196/1196
f 1205/1205/1205 1197/1197/1197 1213/1213/1213
f 1206/1206/1206 1189/1189/1189 1205/1205/1205
f 1214/1214/1214 1198/1198/1198 1206/1206/1206
f 1207/1207/1207 1199/1199/1199 1215/1215/1215
f 1208/1208/1208 1191/1191/1191 1207/1207/1207
f 1200/1200/1200 1208/1208/1208 1216/1216/1216
f 1217/1217/1217 1209/1209/1209 1201/1201/1201
f 1200/1200/1200 1218/1218/1218 1202/1202/1202
f 1202/1202/1202 1219/1219/1219 1210/1210/1210
f 1217/1217/1217 1203/1203/1203 1210/1210/1210
f 1203/1203/1203 1217/1217/1217 1201/1201/1201
f 1212/1212/1212 1195/1195/1195 1211/1211/1211
f 1204/1204/1204 1220/1220/1220 1211/1211/1211
f 1204/1204/1204 1209/1209/1209 1221/1221/1221
f 1213/1213/1213 1196/1196/1196 1212/1212/1212
f 1222/1222/1222 1205/1205/1205 1213/1213/1213
f 1214/1214/1214 1206/1206/1206 1205/1205/1205
f 1199/1199/1199 1223/1223/1223 1215/1215/1215
f 1207/1207/1207 1215/1215/1215 1224/1224/1224
f 1225/1225/1225 1208/1208/1208 1207/1207/1207
f 1208/1208/1208 1225/1225/1225 1216/1216/1216
f 1226/1226/1226 1200/1200/1200 1216/1216/1216
f 1209/1209/1209 1217/1217/1217 1221/1221/1221
f 1218/1218/1218 1200/1200/1200 1226/1226/1226
f 1218/1218/1218 1227/1227/1227 1202/1202/1202
f 1227/1227/1227 1219/1219/1219 1202/1202/1202
f 1221/1221/1221 1210/1210/1210 1219/1219/1219
f 1221/1221/1221 1217/1217/1217 1210/1210/1210
f 1228/1228/1228 1212/1212/1212 1211/1211/1211
f 1220/1220/1220 1204/1204/1204 1229/1229/1229
f 1230/1230/1230 1211/1211/1211 1220/1220/1220
f 1204/1204/1204 1221/1221/1221 1231/1231/1231
f 1212/1212/1212 1228/1228/1228 1213/1213/1213
f 1232/1232/1232 1222/1222/1222 1213/1213/1213
f 1233/1233/1233 1205/1205/1205 1222/1222/1222
f 1205/1205/1205 1233/1233/1233 1214/1214/1214
f 1215/1215/1215 1223/1223/1223 1234/1234/1234
f 1234/1234/1234 1224/1224/1224 1215/1215/1215
f 1224/1224/1224 1225/1225/1225 1207/1207/1207
f 1216/1216/1216 1225/1225/1225 1235/1235/1235
f 1226/1226/1226 1216/1216/1216 1236/1236/1236
f 1226/1226/1226 1237/1237/1237 1218/1218/1218
f 1227/1227/1227 1218/1218/1218 1237/1237/1237
f 1227/1227/1227 1238/1238/1238 1219/1219/1219
f 1219/1219/1219 1238/1238/1238 1221/1221/1221
f 1228/1228/1228 1211/1211/1211 1230/1230/1230
f 1230/1230/1230 1220/1220/1220 1229/1229/1229
f 1229/1229/1229 1204/1204/1204 1231/1231/1231
f 1231/1231/1231 1221/1221/1221 1238/1238/1238
f 1228/1228/1228 1232/1232/1232 1213/1213/1213
f 1239/1239/1239 1222/1222/1222 1232/1232/1232
f 1222/1222/1222 1240/1240/1240 1233/1233/1233
f 1241/1241/1241 1224/1224/1224 1234/1234/1234
f 1224/1224/1224 1235/1235/1235 1225/1225/1225
f 1216/1216/1216 1235/1235/1235 1242/1242/1242
f 1236/1236/1236 1216/1216/1216 1243/1243/1243
f 1237/1237/1237 1226/1226/1226 1236/1236/1236
f 1238/1238/1238 1227/1227/1227 1237/1237/1237
f 1244/1244/1244 1228/1228/1228 1230/1230/1230
f 1245/1245/1245 1230/1230/1230 1229/1229/1229
f 1231/1231/1231 1246/1246/1246 1229/1229/1229
f 1231/1231/1231 1238/1238/1238 1247/1247/1247
f 1228/1228/1228 1248/1248/1248 1232/1232/1232
f 1240/1240/1240 1222/1222/1222 1239/1239/1239
f 1239/1239/1239 1232/1232/1232 1248/1248/1248
f 1241/1241/1241 1249/1249/1249 1224/1224/1224
f 1235/1235/1235 1224/1224/1224 1242/1242/1242
f 1242/1242/1242 1243/1243/1243 1216/1216/1216
f 1243/1243/1243 1250/1250/1250 1236/1236/1236
f 1237/1237/1237 1236/1236/1236 1251/1251/1251
f 1247/1247/1247 1238/1238/1238 1237/1237/1237
f 1228/1228/1228 1244/1244/1244 1248/1248/1248
f 1230/1230/1230 1245/1245/1245 1244/1244/1244
f 1252/1252/1252 1245/1245/1245 1229/1229/1229
f 1246/1246/1246 1231/1231/1231 1253/1253/1253
f 1246/1246/1246 1254/1254/1254 1229/1229/1229
f 1231/1231/1231 1247/1247/1247 1255/1255/1255
f 1249/1249/1249 1241/1241/1241 1256/1256/1256
f 1242/1242/1242 1224/1224/1224 1249/1249/1249
f 1250/1250/1250 1243/1243/1243 1242/1242/1242
f 1250/1250/1250 1251/1251/1251 1236/1236/1236
f 1247/1247/1247 1237/1237/1237 1251/1251/1251
f 1245/1245/1245 1257/1257/1257 1244/1244/1244
f 1254/1254/1254 1252/1252/1252 1229/1229/1229
f 1258/1258/1258 1245/1245/1245 1252/1252/1252
f 1253/1253/1253 1231/1231/1231 1255/1255/1255
f 1259/1259/1259 1246/1246/1246 1253/1253/1253
f 1254/1254/1254 1246/1246/1246 1260/1260/1260
f 1255/1255/1255 1247/1247/1247 1261/1261/1261
f 1256/1256/1256 1241/1241/1241 1262/1262/1262
f 1249/1249/1249 1256/1256/1256 1263/1263/1263
f 1242/1242/1242 1249/1249/1249 1263/1263/1263
f 1242/1242/1242 1264/1264/1264 1250/1250/1250
f 1251/1251/1251 1250/1250/1250 1265/1265/1265
f 1251/1251/1251 1261/1261/1261 1247/1247/1247
f 1266/1266/1266 1257/1257/1257 1245/1245/1245
f 1258/1258/1258 1252/1252/1252 1254/1254/1254
f 1267/1267/1267 1245/1245/1245 1258/1258/1258
f 1255/1255/1255 1268/1268/1268 1253/1253/1253
f 1259/1259/1259 1260/1260/1260 1246/1246/1246
f 1259/1259/1259 1253/1253/1253 1269/1269/1269
f 1270/1270/1270 1254/1254/1254 1260/1260/1260
f 1261/1261/1261 1271/1271/1271 1255/1255/1255
f 1262/1262/1262 1241/1241/1241 1272/1272/1272
f 1256/1256/1256 1262/1262/1262 1272/1272/1272
f 1263/1263/1263 1256/1256/1256 1273/1273/1273
f 1263/1263/1263 1274/1274/1274 1242/1242/1242
f 1264/1264/1264 1242/1242/1242 1265/1265/1265
f 1250/1250/1250 1264/1264/1264 1265/1265/1265
f 1265/1265/1265 1275/1275/1275 1251/1251/1251
f 1276/1276/1276 1261/1261/1261 1251/1251/1251
f 1277/1277/1277 1266/1266/1266 1245/1245/1245
f 1266/1266/1266 1278/1278/1278 1257/1257/1257
f 1254/1254/1254 1279/1279/1279 1258/1258/1258
f 1279/1279/1279 1267/1267/1267 1258/1258/1258
f 1277/1277/1277 1245/1245/1245 1267/1267/1267
f 1268/1268/1268 1255/1255/1255 1271/1271/1271
f 1269/1269/1269 1253/1253/1253 1268/1268/1268
f 1260/1260/1260 1259/1259/1259 1269/1269/1269
f 1254/1254/1254 1270/1270/1270 1279/1279/1279
f 1270/1270/1270 1260/1260/1260 1280/1280/1280
f 1271/1271/1271 1261/1261/1261 1276/1276/1276
f 1273/1273/1273 1256/1256/1256 1272/1272/1272
f 1263/1263/1263 1273/1273/1273 1281/1281/1281
f 1265/1265/1265 1242/1242/1242 1274/1274/1274
f 1274/1274/1274 1263/1263/1263 1282/1282/1282
f 1275/1275/1275 1283/1283/1283 1251/1251/1251
f 1275/1275/1275 1265/1265/1265 1284/1284/1284
f 1283/1283/1283 1276/1276/1276 1251/1251/1251
f 1277/1277/1277 1278/1278/1278 1266/1266/1266
f 1278/1278/1278 1285/1285/1285 1257/1257/1257
f 1286/1286/1286 1267/1267/1267 1279/1279/1279
f 1287/1287/1287 1277/1277/1277 1267/1267/1267
f 1269/1269/1269 1268/1268/1268 1271/1271/1271
f 1260/1260/1260 1269/1269/1269 1288/1288/1288
f 1289/1289/1289 1279/1279/1279 1270/1270/1270
f 1280/1280/1280 1260/1260/1260 1290/1290/1290
f 1289/1289/1289 1270/1270/1270 1280/1280/1280
f 1276/1276/1276 1291/1291/1291 1271/1271/1271
f 1273/1273/1273 1272/1272/1272 1292/1292/1292
f 1281/1281/1281 1273/1273/1273 1292/1292/1292
f 1282/1282/1282 1263/1263/1263 1281/1281/1281
f 1265/1265/1265 1274/1274/1274 1282/1282/1282
f 1293/1293/1293 1283/1283/1283 1275/1275/1275
f 1275/1275/1275 1284/1284/1284 1294/1294/1294
f 1284/1284/1284 1265/1265/1265 1282/1282/1282
f 1283/1283/1283 1295/1295/1295 1276/1276/1276
f 1296/1296/1296 1278/1278/1278 1277/1277/1277
f 1297/1297/1297 1285/1285/1285 1278/1278/1278
f 1286/1286/1286 1279/1279/1279 1289/1289/1289
f 1298/1298/1298 1267/1267/1267 1286/1286/1286
f 1277/1277/1277 1287/1287/1287 1299/1299/1299
f 1267/1267/1267 1298/1298/1298 1287/1287/1287
f 1288/1288/1288 1269/1269/1269 1271/1271/1271
f 1290/1290/1290 1260/1260/1260 1288/1288/1288
f 1300/1300/1300 1280/1280/1280 1290/1290/1290
f 1280/1280/1280 1300/1300/1300 1289/1289/1289
f 1291/1291/1291 1276/1276/1276 1301/1301/1301
f 1302/1302/1302 1271/1271/1271 1291/1291/1291
f 1303/1303/1303 1281/1281/1281 1292/1292/1292
f 1284/1284/1284 1282/1282/1282 1281/1281/1281
f 1293/1293/1293 1275/1275/1275 1304/1304/1304
f 1295/1295/1295 1283/1283/1283 1293/1293/1293
f 1281/1281/1281 1294/1294/1294 1284/1284/1284
f 1294/1294/1294 1304/1304/1304 1275/1275/1275
f 1301/1301/1301 1276/1276/1276 1295/1295/1295
f 1305/1305/1305 1296/1296/1296 1277/1277/1277
f 1296/1296/1296 1297/1297/1297 1278/1278/1278
f 1289/1289/1289 1306/1306/1306 1286/1286/1286
f 1286/1286/1286 1307/1307/1307 1298/1298/1298
f 1277/1277/1277 1299/1299/1299 1305/1305/1305
f 1308/1308/1308 1287/1287/1287 1298/1298/1298
f 1302/1302/1302 1288/1288/1288 1271/1271/1271
f 1290/1290/1290 1288/1288/1288 1309/1309/1309
f 1290/1290/1290 1310/1310/1310 1300/1300/1300
f 1311/1311/1311 1289/1289/1289 1300/1300/1300
f 1291/1291/1291 1301/1301/1301 1293/1293/1293
f 1302/1302/1302 1291/1291/1291 1312/1312/1312
f 1294/1294/1294 1281/1281/1281 1303/1303/1303
f 1313/1313/1313 1293/1293/1293 1304/1304/1304
f 1301/1301/1301 1295/1295/1295 1293/1293/1293
f 1314/1314/1314 1304/1304/1304 1294/1294/1294
f 1296/1296/1296 1305/1305/1305 1315/1315/1315
f 1316/1316/1316 1297/1297/1297 1296/1296/1296
f 1317/1317/1317 1286/1286/1286 1306/1306/1306
f 1306/1306/1306 1289/1289/1289 1311/1311/1311
f 1307/1307/1307 1286/1286/1286 1317/1317/1317
f 1307/1307/1307 1308/1308/1308 1298/1298/1298
f 1302/1302/1302 1309/1309/1309 1288/1288/1288
f 1309/1309/1309 1318/1318/1318 1290/1290/1290
f 1319/1319/1319 1310/1310/1310 1290/1290/1290
f 1320/1320/1320 1300/1300/1300 1310/1310/1310
f 1311/1311/1311 1300/1300/1300 1320/1320/1320
f 1293/1293/1293 1312/1312/1312 1291/1291/1291
f 1309/1309/1309 1302/1302/1302 1312/1312/1312
f 1294/1294/1294 1303/1303/1303 1321/1321/1321
f 1293/1293/1293 1313/1313/1313 1322/1322/1322
f 1313/1313/1313 1304/1304/1304 1322/1322/1322
f 1304/1304/1304 1314/1314/1314 1323/1323/1323
f 1314/1314/1314 1294/1294/1294 1321/1321/1321
f 1315/1315/1315 1316/1316/1316 1296/1296/1296
f 1297/1297/1297 1316/1316/1316 508/508/508
f 1317/1317/1317 1306/1306/1306 1324/1324/1324
f 1324/1324/1324 1306/1306/1306 1311/1311/1311
f 1319/1319/1319 1290/1290/1290 1318/1318/1318
f 1325/1325/1325 1318/1318/1318 1309/1309/1309
f 1326/1326/1326 1310/1310/1310 1319/1319/1319
f 1320/1320/1320 1310/1310/1310 1326/1326/1326
f 1320/1320/1320 1327/1327/1327 1311/1311/1311
f 1293/1293/1293 1328/1328/1328 1312/1312/1312
f 1312/1312/1312 1329/1329/1329 1309/1309/1309
f 1328/1328/1328 1293/1293/1293 1322/1322/1322
f 1322/1322/1322 1304/1304/1304 1323/1323/1323
f 1321/1321/1321 1323/1323/1323 1314/1314/1314
f 1316/1316/1316 1315/1315/1315 1330/1330/1330
f 510/510/510 508/508/508 1316/1316/1316
f 508/508/508 507/507/507 1297/1297/1297
f 1324/1324/1324 1331/1331/1331 1317/1317/1317
f 1324/1324/1324 1311/1311/1311 1327/1327/1327
f 1319/1319/1319 1318/1318/1318 1332/1332/1332
f 1329/1329/1329 1325/1325/1325 1309/1309/1309
f 1332/1332/1332 1318/1318/1318 1325/1325/1325
f 1326/1326/1326 1319/1319/1319 1333/1333/1333
f 1328/1328/1328 1334/1334/1334 1312/1312/1312
f 1329/1329/1329 1312/1312/1312 1334/1334/1334
f 1316/1316/1316 1330/1330/1330 510/510/510
f 1331/1331/1331 1324/1324/1324 1327/1327/1327
f 1335/1335/1335 1319/1319/1319 1332/1332/1332
f 1325/1325/1325 1329/1329/1329 1336/1336/1336
f 1332/1332/1332 1325/1325/1325 1337/1337/1337
f 1335/1335/1335 1333/1333/1333 1319/1319/1319
f 1338/1338/1338 1326/1326/1326 1333/1333/1333
f 1334/1334/1334 1336/1336/1336 1329/1329/1329
f 1335/1335/1335 1332/1332/1332 1339/1339/1339
f 1340/1340/1340 1332/1332/1332 1337/1337/1337
f 1338/1338/1338 1333/1333/1333 1335/1335/1335
f 1332/1332/1332 1340/1340/1340 1339/1339/1339
f 1335/1335/1335 1339/1339/1339 1341/1341/1341
f 1335/1335/1335 1342/1342/1342 1338/1338/1338
f 1340/1340/1340 1343/1343/1343 1339/1339/1339
f 1339/1339/1339 1343/1343/1343 1341/1341/1341
f 1341/1341/1341 1342/1342/1342 1335/1335/1335
f 1344/1344/1344 1338/1338/1338 1342/1342/1342
f 1341/1341/1341 1343/1343/1343 1345/1345/1345
f 1341/1341/1341 1345/1345/1345 1342/1342/1342
f 1342/1342/1342 1345/1345/1345 1344/1344/1344
f 2627/2627/2627 2635/2635/2635 2626/2626/2626
f 2634/2634/2634 2624/2624/2624 2628/2628/2628
f 2633/2633/2633 2620/2620/2620 2629/2629/2629
f 2623/2623/2623 2632/2632/2632 2629/2629/2629
f 2631/2631/2631 2623/2623/2623 2624/2624/2624
f 2621/2621/2621 2626/2626/2626 2630/2630/2630
f 2618/2618/2618 2627/2627/2627 2626/2626/2626
f 2622/2622/2622 2630/2630/2630 2625/2625/2625
f 2630/2630/2630 2622/2622/2622 2621/2621/2621
f 2624/2624/2624 2619/2619/2619 2628/2628/2628
f 2623/2623/2623 2629/2629/2629 2620/2620/2620
f 2623/2623/2623 2615/2615/2615 2624/2624/2624
f 2628/2628/2628 2619/2619/2619 905/905/905
f 2620/2620/2620 2627/2627/2627 2618/2618/2618
f 2618/2618/2618 2626/2626/2626 2621/2621/2621
f 2625/2625/2625 2609/2609/2609 2622/2622/2622
f 2621/2621/2621 2622/2622/2622 2617/2617/2617
f 788/788/788 785/785/785 2616/2616/2616
f 2607/2607/2607 785/785/785 797/797/797
f 2619/2619/2619 2624/2624/2624 2615/2615/2615
f 2615/2615/2615 2623/2623/2623 2620/2620/2620
f 1346/1346/1346 1347/1347/1347 1348/1348/1348
f 1348/1348/1348 1347/1347/1347 1349/1349/1349
f 1350/1350/1350 1351/1351/1351 1352/1352/1352
f 1353/1353/1353 1354/1354/1354 1351/1351/1351
f 2619/2619/2619 2614/2614/2614 905/905/905
f 2620/2620/2620 2618/2618/2618 2611/2611/2611
f 2610/2610/2610 2618/2618/2618 2621/2621/2621
f 2622/2622/2622 2609/2609/2609 2617/2617/2617
f 2621/2621/2621 2617/2617/2617 2610/2610/2610
f 2613/2613/2613 788/788/788 2616/2616/2616
f 2616/2616/2616 785/785/785 2607/2607/2607
f 2607/2607/2607 797/797/797 804/804/804
f 2615/2615/2615 2606/2606/2606 2619/2619/2619
f 1355/1355/1355 1356/1356/1356 1357/1357/1357
f 1358/1358/1358 1356/1356/1356 1355/1355/1355
f 1359/1359/1359 1360/1360/1360 1361/1361/1361
f 1361/1361/1361 1362/1362/1362 1359/1359/1359
f 1362/1362/1362 1363/1363/1363 1359/1359/1359
f 2620/2620/2620 2611/2611/2611 2615/2615/2615
f 2619/2619/2619 2606/2606/2606 2614/2614/2614
f 905/905/905 2614/2614/2614 883/883/883
f 2618/2618/2618 2610/2610/2610 2611/2611/2611
f 2617/2617/2617 2609/2609/2609 2610/2610/2610
f 2613/2613/2613 2616/2616/2616 2607/2607/2607
f 804/804/804 2612/2612/2612 2607/2607/2607
f 2612/2612/2612 804/804/804 821/821/821
f 2615/2615/2615 2611/2611/2611 2606/2606/2606
f 883/883/883 2614/2614/2614 2606/2606/2606
f 2602/2602/2602 2611/2611/2611 2610/2610/2610
f 2609/2609/2609 2601/2601/2601 2610/2610/2610
f 2607/2607/2607 2604/2604/2604 2613/2613/2613
f 2608/2608/2608 2613/2613/2613 2604/2604/2604
f 2603/2603/2603 2607/2607/2607 2612/2612/2612
f 2603/2603/2603 2612/2612/2612 821/821/821
f 2611/2611/2611 2602/2602/2602 2606/2606/2606
f 2606/2606/2606 875/875/875 883/883/883
f 2610/2610/2610 2601/2601/2601 2602/2602/2602
f 2609/2609/2609 2605/2605/2605 2601/2601/2601
f 2605/2605/2605 2608/2608/2608 2597/2597/2597
f 2607/2607/2607 2600/2600/2600 2604/2604/2604
f 2608/2608/2608 2604/2604/2604 2597/2597/2597
f 2600/2600/2600 2607/2607/2607 2603/2603/2603
f 2598/2598/2598 2603/2603/2603 821/821/821
f 2602/2602/2602 875/875/875 2606/2606/2606
f 2599/2599/2599 2602/2602/2602 2601/2601/2601
f 2601/2601/2601 2605/2605/2605 2597/2597/2597
f 2597/2597/2597 2604/2604/2604 2600/2600/2600
f 2598/2598/2598 2600/2600/2600 2603/2603/2603
f 821/821/821 837/837/837 2598/2598/2598
f 875/875/875 2602/2602/2602 2599/2599/2599
f 2601/2601/2601 2597/2597/2597 2599/2599/2599
f 2597/2597/2597 2600/2600/2600 2598/2598/2598
f 2596/2596/2596 2598/2598/2598 837/837/837
f 2599/2599/2599 2597/2597/2597 875/875/875
f 2597/2597/2597 2598/2598/2598 2596/2596/2596
f 837/837/837 856/856/856 2596/2596/2596
f 2596/2596/2596 875/875/875 2597/2597/2597
f 875/875/875 2596/2596/2596 856/856/856
f 2261/2261/2261 2595/2595/2595 2268/2268/2268
f 2261/2261/2261 2591/2591/2591 2595/2595/2595
f 2595/2595/2595 2593/2593/2593 2268/2268/2268
f 2257/2257/2257 2592/2592/2592 2259/2259/2259
f 2258/2258/2258 2259/2259/2259 2590/2590/2590
f 2261/2261/2261 2258/2258/2258 2591/2591/2591
f 2257/2257/2257 2594/2594/2594 2592/2592/2592
f 2593/2593/2593 2595/2595/2595 2591/2591/2591
f 2259/2259/2259 2592/2592/2592 2590/2590/2590
f 2591/2591/2591 2258/2258/2258 2590/2590/2590
f 2594/2594/2594 2589/2589/2589 2592/2592/2592
f 2593/2593/2593 2591/2591/2591 2588/2588/2588
f 2590/2590/2590 2592/2592/2592 2584/2584/2584
f 2591/2591/2591 2590/2590/2590 2585/2585/2585
f 2589/2589/2589 2584/2584/2584 2592/2592/2592
f 2591/2591/2591 2585/2585/2585 2588/2588/2588
f 2585/2585/2585 2590/2590/2590 2584/2584/2584
f 2589/2589/2589 2587/2587/2587 2584/2584/2584
f 2581/2581/2581 2587/2587/2587 2586/2586/2586
f 2588/2588/2588 2585/2585/2585 2582/2582/2582
f 2585/2585/2585 2584/2584/2584 2580/2580/2580
f 2587/2587/2587 2581/2581/2581 2584/2584/2584
f 2581/2581/2581 2586/2586/2586 2583/2583/2583
f 2585/2585/2585 2580/2580/2580 2582/2582/2582
f 2584/2584/2584 2581/2581/2581 2580/2580/2580
f 2583/2583/2583 2578/2578/2578 2581/2581/2581
f 2578/2578/2578 2583/2583/2583 2579/2579/2579
f 2582/2582/2582 2580/2580/2580 2576/2576/2576
f 2581/2581/2581 2578/2578/2578 2580/2580/2580
f 2579/2579/2579 2574/2574/2574 2578/2578/2578
f 2580/2580/2580 2578/2578/2578 2576/2576/2576
f 2574/2574/2574 2579/2579/2579 2577/2577/2577
f 2573/2573/2573 2578/2578/2578 2574/2574/2574
f 2578/2578/2578 2573/2573/2573 2576/2576/2576
f 2577/2577/2577 2575/2575/2575 2572/2572/2572
f 2577/2577/2577 2572/2572/2572 2574/2574/2574
f 2573/2573/2573 2574/2574/2574 2569/2569/2569
f 2573/2573/2573 2571/2571/2571 2576/2576/2576
f 2575/2575/2575 2570/2570/2570 2572/2572/2572
f 2574/2574/2574 2572/2572/2572 2569/2569/2569
f 2571/2571/2571 2573/2573/2573 2569/2569/2569
f 2570/2570/2570 2569/2569/2569 2572/2572/2572
f 2569/2569/2569 2570/2570/2570 2571/2571/2571
f 2568/2568/2568 215/215/215 202/202/202
f 2568/2568/2568 202/202/202 204/204/204
f 219/219/219 215/215/215 2568/2568/2568
f 219/219/219 2568/2568/2568 204/204/204
f 2565/2565/2565 2566/2566/2566 2567/2567/2567
f 2563/2563/2563 2240/2240/2240 2564/2564/2564
f 2563/2563/2563 2244/2244/2244 2240/2240/2240
f 2562/2562/2562 387/387/387 388/388/388
f 2561/2561/2561 2558/2558/2558 2560/2560/2560
f 2558/2558/2558 2559/2559/2559 2560/2560/2560
f 2144/2144/2144 2557/2557/2557 2145/2145/2145
f 2144/2144/2144 2555/2555/2555 2557/2557/2557
f 2555/2555/2555 2556/2556/2556 2557/2557/2557
f 2551/2551/2551 1024/1024/1024 1026/1026/1026
f 2550/2550/2550 2553/2553/2553 2554/2554/2554
f 1025/1025/1025 2553/2553/2553 2552/2552/2552
f 1025/1025/1025 2551/2551/2551 1026/1026/1026
f 1022/1022/1022 1024/1024/1024 2551/2551/2551
f 2550/2550/2550 2552/2552/2552 2553/2553/2553
f 1025/1025/1025 2552/2552/2552 2551/2551/2551
f 2550/2550/2550 1022/1022/1022 2551/2551/2551
f 2550/2550/2550 2551/2551/2551 2552/2552/2552
f 2549/2549/2549 2548/2548/2548 2545/2545/2545
f 2545/2545/2545 2548/2548/2548 2547/2547/2547
f 2546/2546/2546 2544/2544/2544 2547/2547/2547
f 2545/2545/2545 2547/2547/2547 2544/2544/2544
f 2544/2544/2544 2546/2546/2546 2543/2543/2543
f 2542/2542/2542 2545/2545/2545 2544/2544/2544
f 2539/2539/2539 2544/2544/2544 2543/2543/2543
f 2539/2539/2539 2542/2542/2542 2544/2544/2544
f 2541/2541/2541 2539/2539/2539 2543/2543/2543
f 2540/2540/2540 2542/2542/2542 2539/2539/2539
f 2541/2541/2541 2538/2538/2538 2539/2539/2539
f 2540/2540/2540 2539/2539/2539 2537/2537/2537
f 2535/2535/2535 2539/2539/2539 2538/2538/2538
f 2537/2537/2537 2539/2539/2539 2535/2535/2535
f 2535/2535/2535 2538/2538/2538 2536/2536/2536
f 2537/2537/2537 2535/2535/2535 2534/2534/2534
f 2534/2534/2534 2535/2535/2535 2536/2536/2536
f 2533/2533/2533 2532/2532/2532 2531/2531/2531
f 2532/2532/2532 2530/2530/2530 2531/2531/2531
f 2532/2532/2532 2528/2528/2528 2530/2530/2530
f 2525/2525/2525 2531/2531/2531 2530/2530/2530
f 2528/2528/2528 2529/2529/2529 2530/2530/2530
f 2525/2525/2525 2530/2530/2530 2529/2529/2529
f 2529/2529/2529 2528/2528/2528 2524/2524/2524
f 2469/2469/2469 2526/2526/2526 2528/2528/2528
f 2525/2525/2525 2529/2529/2529 2527/2527/2527
f 2524/2524/2524 2527/2527/2527 2529/2529/2529
f 2528/2528/2528 2526/2526/2526 2524/2524/2524
f 2526/2526/2526 2455/2455/2455 2523/2523/2523
f 2527/2527/2527 2520/2520/2520 2525/2525/2525
f 2520/2520/2520 2527/2527/2527 2524/2524/2524
f 2526/2526/2526 2523/2523/2523 2524/2524/2524
f 2523/2523/2523 2455/2455/2455 2521/2521/2521
f 2525/2525/2525 2520/2520/2520 2522/2522/2522
f 2524/2524/2524 2523/2523/2523 2520/2520/2520
f 2516/2516/2516 2523/2523/2523 2521/2521/2521
f 2455/2455/2455 2518/2518/2518 2521/2521/2521
f 2520/2520/2520 2517/2517/2517 2522/2522/2522
f 2516/2516/2516 2520/2520/2520 2523/2523/2523
f 2519/2519/2519 2522/2522/2522 2517/2517/2517
f 2516/2516/2516 2521/2521/2521 2518/2518/2518
f 2460/2460/2460 2518/2518/2518 2455/2455/2455
f 2520/2520/2520 2516/2516/2516 2517/2517/2517
f 2517/2517/2517 2515/2515/2515 2519/2519/2519
f 2516/2516/2516 2518/2518/2518 2460/2460/2460
f 2515/2515/2515 2517/2517/2517 2516/2516/2516
f 2460/2460/2460 2514/2514/2514 2516/2516/2516
f 2516/2516/2516 2514/2514/2514 2515/2515/2515
f 2514/2514/2514 2460/2460/2460 2451/2451/2451
f 2515/2515/2515 2514/2514/2514 2463/2463/2463
f 2451/2451/2451 2463/2463/2463 2514/2514/2514
f 484/484/484 2513/2513/2513 477/477/477
f 2513/2513/2513 495/495/495 477/477/477
f 2513/2513/2513 2512/2512/2512 495/495/495
f 2512/2512/2512 501/501/501 495/495/495
f 2512/2512/2512 2511/2511/2511 501/501/501
f 2511/2511/2511 2510/2510/2510 501/501/501
f 501/501/501 2510/2510/2510 503/503/503
f 2508/2508/2508 2509/2509/2509 2505/2505/2505
f 503/503/503 2510/2510/2510 2504/2504/2504
f 505/505/505 503/503/503 2506/2506/2506
f 2505/2505/2505 2509/2509/2509 506/506/506
f 505/505/505 2506/2506/2506 506/506/506
f 2507/2507/2507 2508/2508/2508 2505/2505/2505
f 2506/2506/2506 503/503/503 2504/2504/2504
f 506/506/506 2506/2506/2506 2505/2505/2505
f 2507/2507/2507 2505/2505/2505 2504/2504/2504
f 2504/2504/2504 2505/2505/2505 2506/2506/2506
f 2501/2501/2501 2502/2502/2502 2503/2503/2503
f 1690/1690/1690 1691/1691/1691 1739/1739/1739
f 2500/2500/2500 2498/2498/2498 2499/2499/2499
f 2498/2498/2498 2496/2496/2496 2499/2499/2499
f 2496/2496/2496 2498/2498/2498 2494/2494/2494
f 2495/2495/2495 2494/2494/2494 2497/2497/2497
f 2494/2494/2494 2495/2495/2495 2496/2496/2496
f 2490/2490/2490 2492/2492/2492 2493/2493/2493
f 2491/2491/2491 2492/2492/2492 2490/2490/2490
f 2491/2491/2491 2490/2490/2490 2485/2485/2485
f 2491/2491/2491 2485/2485/2485 2489/2489/2489
f 2489/2489/2489 2487/2487/2487 2486/2486/2486
f 2488/2488/2488 2485/2485/2485 2490/2490/2490
f 2489/2489/2489 2485/2485/2485 2487/2487/2487
f 2487/2487/2487 2482/2482/2482 2486/2486/2486
f 2485/2485/2485 2488/2488/2488 2483/2483/2483
f 2487/2487/2487 2485/2485/2485 2482/2482/2482
f 2486/2486/2486 2482/2482/2482 2484/2484/2484
f 2483/2483/2483 2482/2482/2482 2485/2485/2485
f 2482/2482/2482 2483/2483/2483 2484/2484/2484
f 2481/2481/2481 2479/2479/2479 2480/2480/2480
f 2481/2481/2481 2478/2478/2478 2479/2479/2479
f 2480/2480/2480 2479/2479/2479 2476/2476/2476
f 1043/1043/1043 1364/1364/1364 1365/1365/1365
f 1044/1044/1044 1043/1043/1043 1365/1365/1365
f 1044/1044/1044 1365/1365/1365 1366/1366/1366
f 2478/2478/2478 2477/2477/2477 2479/2479/2479
f 2479/2479/2479 2477/2477/2477 2476/2476/2476
f 2477/2477/2477 2478/2478/2478 2475/2475/2475
f 2476/2476/2476 2477/2477/2477 2472/2472/2472
f 2477/2477/2477 2475/2475/2475 2472/2472/2472
f 2472/2472/2472 2473/2473/2473 2476/2476/2476
f 2472/2472/2472 2475/2475/2475 2474/2474/2474
f 2473/2473/2473 2472/2472/2472 2471/2471/2471
f 2474/2474/2474 2466/2466/2466 2472/2472/2472
f 2471/2471/2471 2470/2470/2470 2473/2473/2473
f 2466/2466/2466 2471/2471/2471 2472/2472/2472
f 2470/2470/2470 2471/2471/2471 2468/2468/2468
f 2466/2466/2466 2468/2468/2468 2471/2471/2471
f 2468/2468/2468 2465/2465/2465 2470/2470/2470
f 2466/2466/2466 2462/2462/2462 2468/2468/2468
f 2469/2469/2469 2465/2465/2465 2467/2467/2467
f 2462/2462/2462 2466/2466/2466 2464/2464/2464
f 2468/2468/2468 2462/2462/2462 2465/2465/2465
f 2465/2465/2465 2458/2458/2458 2467/2467/2467
f 2464/2464/2464 2466/2466/2466 2461/2461/2461
f 2462/2462/2462 2464/2464/2464 2454/2454/2454
f 2465/2465/2465 2462/2462/2462 2458/2458/2458
f 2464/2464/2464 2461/2461/2461 2454/2454/2454
f 2463/2463/2463 2451/2451/2451 2459/2459/2459
f 2462/2462/2462 2454/2454/2454 2458/2458/2458
f 2461/2461/2461 2457/2457/2457 2454/2454/2454
f 2459/2459/2459 2452/2452/2452 2456/2456/2456
f 2460/2460/2460 2455/2455/2455 2451/2451/2451
f 2451/2451/2451 2452/2452/2452 2459/2459/2459
f 2454/2454/2454 2450/2450/2450 2458/2458/2458
f 2447/2447/2447 2454/2454/2454 2457/2457/2457
f 2457/2457/2457 2453/2453/2453 2447/2447/2447
f 2449/2449/2449 2456/2456/2456 2452/2452/2452
f 2448/2448/2448 2451/2451/2451 2455/2455/2455
f 2451/2451/2451 2445/2445/2445 2452/2452/2452
f 2454/2454/2454 2447/2447/2447 2450/2450/2450
f 2453/2453/2453 2449/2449/2449 2447/2447/2447
f 2449/2449/2449 2452/2452/2452 2445/2445/2445
f 2445/2445/2445 2451/2451/2451 2448/2448/2448
f 2444/2444/2444 2450/2450/2450 2447/2447/2447
f 2447/2447/2447 2449/2449/2449 2445/2445/2445
f 2448/2448/2448 2446/2446/2446 2445/2445/2445
f 2447/2447/2447 2445/2445/2445 2444/2444/2444
f 2444/2444/2444 2445/2445/2445 2446/2446/2446
f 2441/2441/2441 2442/2442/2442 2443/2443/2443
f 2436/2436/2436 2440/2440/2440 2439/2439/2439
f 2436/2436/2436 2439/2439/2439 2437/2437/2437
f 2436/2436/2436 2437/2437/2437 2438/2438/2438
f 1489/1489/1489 1475/1475/1475 1459/1459/1459
f 1474/1474/1474 1447/1447/1447 1488/1488/1488
f 1442/1442/1442 1474/1474/1474 1473/1473/1473
f 1473/1473/1473 1484/1484/1484 1458/1458/1458
f 1458/1458/1458 1484/1484/1484 1470/1470/1470
f 1471/1471/1471 1457/1457/1457 1487/1487/1487
f 1457/1457/1457 1472/1472/1472 1486/1486/1486
f 2435/2435/2435 2434/2434/2434 2433/2433/2433
f 1485/1485/1485 1456/1456/1456 1471/1471/1471
f 1455/1455/1455 1470/1470/1470 1484/1484/1484
f 2433/2433/2433 2434/2434/2434 2432/2432/2432
f 1455/1455/1455 1469/1469/1469 1454/1454/1454
f 1441/1441/1441 1469/1469/1469 1472/1472/1472
f 2432/2432/2432 2429/2429/2429 2433/2433/2433
f 1452/1452/1452 1468/1468/1468 1483/1483/1483
f 2431/2431/2431 2430/2430/2430 2425/2425/2425
f 1467/1467/1467 1452/1452/1452 1483/1483/1483
f 2429/2429/2429 2426/2426/2426 2428/2428/2428
f 2425/2425/2425 2427/2427/2427 2431/2431/2431
f 2424/2424/2424 2425/2425/2425 2430/2430/2430
f 2426/2426/2426 2419/2419/2419 2428/2428/2428
f 1451/1451/1451 1482/1482/1482 1463/1463/1463
f 1467/1467/1467 1466/1466/1466 1434/1434/1434
f 2423/2423/2423 2426/2426/2426 2429/2429/2429
f 2427/2427/2427 2425/2425/2425 2421/2421/2421
f 2425/2425/2425 2424/2424/2424 2417/2417/2417
f 2428/2428/2428 2419/2419/2419 2424/2424/2424
f 2421/2421/2421 2420/2420/2420 2427/2427/2427
f 2426/2426/2426 2422/2422/2422 2419/2419/2419
f 1466/1466/1466 1451/1451/1451 1450/1450/1450
f 1481/1481/1481 1462/1462/1462 1449/1449/1449
f 2426/2426/2426 2423/2423/2423 2418/2418/2418
f 2418/2418/2418 2422/2422/2422 2426/2426/2426
f 2417/2417/2417 2421/2421/2421 2425/2425/2425
f 2419/2419/2419 2417/2417/2417 2424/2424/2424
f 2420/2420/2420 2421/2421/2421 2410/2410/2410
f 2422/2422/2422 2415/2415/2415 2419/2419/2419
f 1465/1465/1465 1481/1481/1481 1449/1449/1449
f 2411/2411/2411 2415/2415/2415 2422/2422/2422
f 2412/2412/2412 2418/2418/2418 2423/2423/2423
f 2422/2422/2422 2418/2418/2418 2411/2411/2411
f 2421/2421/2421 2417/2417/2417 2410/2410/2410
f 2417/2417/2417 2419/2419/2419 2413/2413/2413
f 2410/2410/2410 2416/2416/2416 2420/2420/2420
f 2419/2419/2419 2415/2415/2415 2413/2413/2413
f 1480/1480/1480 1464/1464/1464 1433/1433/1433
f 1465/1465/1465 1448/1448/1448 1464/1464/1464
f 2411/2411/2411 2408/2408/2408 2415/2415/2415
f 2412/2412/2412 2411/2411/2411 2418/2418/2418
f 1463/1463/1463 1480/1480/1480 1433/1433/1433
f 2417/2417/2417 2413/2413/2413 2410/2410/2410
f 2410/2410/2410 2414/2414/2414 2416/2416/2416
f 2413/2413/2413 2415/2415/2415 2408/2408/2408
f 1479/1479/1479 1447/1447/1447 1462/1462/1462
f 2405/2405/2405 2408/2408/2408 2411/2411/2411
f 2412/2412/2412 2403/2403/2403 2411/2411/2411
f 1477/1477/1477 1446/1446/1446 1461/1461/1461
f 2413/2413/2413 2401/2401/2401 2410/2410/2410
f 2404/2404/2404 2414/2414/2414 2410/2410/2410
f 2404/2404/2404 2409/2409/2409 2414/2414/2414
f 2408/2408/2408 2405/2405/2405 2400/2400/2400
f 2408/2408/2408 2401/2401/2401 2413/2413/2413
f 2407/2407/2407 2403/2403/2403 2412/2412/2412
f 2403/2403/2403 2405/2405/2405 2411/2411/2411
f 1444/1444/1444 1475/1475/1475 1461/1461/1461
f 2406/2406/2406 2399/2399/2399 2407/2407/2407
f 1460/1460/1460 1476/1476/1476 1431/1431/1431
f 2401/2401/2401 2404/2404/2404 2410/2410/2410
f 2397/2397/2397 2409/2409/2409 2404/2404/2404
f 2405/2405/2405 2402/2402/2402 2400/2400/2400
f 2401/2401/2401 2408/2408/2408 2400/2400/2400
f 2407/2407/2407 2399/2399/2399 2403/2403/2403
f 2405/2405/2405 2403/2403/2403 2394/2394/2394
f 1445/1445/1445 1456/1456/1456 1460/1460/1460
f 2399/2399/2399 2406/2406/2406 2398/2398/2398
f 1431/1431/1431 1476/1476/1476 1459/1459/1459
f 2394/2394/2394 2402/2402/2402 2405/2405/2405
f 2404/2404/2404 2401/2401/2401 2397/2397/2397
f 2402/2402/2402 2396/2396/2396 2400/2400/2400
f 2393/2393/2393 2401/2401/2401 2400/2400/2400
f 1444/1444/1444 1459/1459/1459 1475/1475/1475
f 2399/2399/2399 2394/2394/2394 2403/2403/2403
f 1474/1474/1474 1442/1442/1442 1447/1447/1447
f 2398/2398/2398 2391/2391/2391 2399/2399/2399
f 1443/1443/1443 1456/1456/1456 1445/1445/1445
f 2394/2394/2394 2396/2396/2396 2402/2402/2402
f 2401/2401/2401 2393/2393/2393 2397/2397/2397
f 2396/2396/2396 2388/2388/2388 2400/2400/2400
f 2393/2393/2393 2400/2400/2400 2388/2388/2388
f 1458/1458/1458 1442/1442/1442 1473/1473/1473
f 2394/2394/2394 2399/2399/2399 2391/2391/2391
f 2391/2391/2391 2398/2398/2398 2395/2395/2395
f 1470/1470/1470 1429/1429/1429 1458/1458/1458
f 2396/2396/2396 2394/2394/2394 2390/2390/2390
f 2393/2393/2393 2385/2385/2385 2397/2397/2397
f 2396/2396/2396 2390/2390/2390 2388/2388/2388
f 2388/2388/2388 2389/2389/2389 2393/2393/2393
f 1457/1457/1457 1471/1471/1471 1428/1428/1428
f 2391/2391/2391 2386/2386/2386 2394/2394/2394
f 2395/2395/2395 2387/2387/2387 2391/2391/2391
f 1457/1457/1457 1441/1441/1441 1472/1472/1472
f 2394/2394/2394 2386/2386/2386 2390/2390/2390
f 2389/2389/2389 2385/2385/2385 2393/2393/2393
f 2385/2385/2385 2384/2384/2384 2392/2392/2392
f 2390/2390/2390 2381/2381/2381 2388/2388/2388
f 2388/2388/2388 2379/2379/2379 2389/2389/2389
f 1428/1428/1428 1471/1471/1471 1456/1456/1456
f 1440/1440/1440 1456/1456/1456 1443/1443/1443
f 1429/1429/1429 1470/1470/1470 1455/1455/1455
f 2391/2391/2391 2382/2382/2382 2386/2386/2386
f 2391/2391/2391 2387/2387/2387 2382/2382/2382
f 1454/1454/1454 1427/1427/1427 1455/1455/1455
f 1439/1439/1439 1454/1454/1454 1469/1469/1469
f 2386/2386/2386 2381/2381/2381 2390/2390/2390
f 2385/2385/2385 2389/2389/2389 2379/2379/2379
f 2377/2377/2377 2384/2384/2384 2385/2385/2385
f 2379/2379/2379 2388/2388/2388 2381/2381/2381
f 1439/1439/1439 1469/1469/1469 1441/1441/1441
f 1437/1437/1437 1453/1453/1453 1468/1468/1468
f 2386/2386/2386 2382/2382/2382 2375/2375/2375
f 2387/2387/2387 2378/2378/2378 2382/2382/2382
f 1437/1437/1437 1468/1468/1468 1452/1452/1452
f 1452/1452/1452 1467/1467/1467 1436/1436/1436
f 2381/2381/2381 2386/2386/2386 2375/2375/2375
f 2379/2379/2379 2377/2377/2377 2385/2385/2385
f 2384/2384/2384 2377/2377/2377 2376/2376/2376
f 2380/2380/2380 2151/2151/2151 2383/2383/2383
f 2379/2379/2379 2381/2381/2381 2374/2374/2374
f 1467/1467/1467 1434/1434/1434 1436/1436/1436
f 1451/1451/1451 1463/1463/1463 1435/1435/1435
f 1466/1466/1466 1450/1450/1450 1434/1434/1434
f 2375/2375/2375 2382/2382/2382 2378/2378/2378
f 1450/1450/1450 1451/1451/1451 1425/1425/1425
f 1448/1448/1448 1465/1465/1465 1424/1424/1424
f 2375/2375/2375 2374/2374/2374 2381/2381/2381
f 2379/2379/2379 2373/2373/2373 2377/2377/2377
f 2376/2376/2376 2377/2377/2377 2371/2371/2371
f 2380/2380/2380 2376/2376/2376 2151/2151/2151
f 2374/2374/2374 2373/2373/2373 2379/2379/2379
f 1449/1449/1449 1462/1462/1462 1422/1422/1422
f 1465/1465/1465 1449/1449/1449 1424/1424/1424
f 1433/1433/1433 1464/1464/1464 1448/1448/1448
f 1433/1433/1433 1435/1435/1435 1463/1463/1463
f 2375/2375/2375 2378/2378/2378 2369/2369/2369
f 1462/1462/1462 1447/1447/1447 1422/1422/1422
f 2374/2374/2374 2375/2375/2375 2372/2372/2372
f 2377/2377/2377 2373/2373/2373 2371/2371/2371
f 2371/2371/2371 2151/2151/2151 2376/2376/2376
f 2368/2368/2368 2373/2373/2373 2374/2374/2374
f 1432/1432/1432 1461/1461/1461 1446/1446/1446
f 1461/1461/1461 1432/1432/1432 1444/1444/1444
f 1445/1445/1445 1460/1460/1460 1431/1431/1431
f 2375/2375/2375 2369/2369/2369 2372/2372/2372
f 1431/1431/1431 1459/1459/1459 1444/1444/1444
f 2372/2372/2372 2368/2368/2368 2374/2374/2374
f 2365/2365/2365 2371/2371/2371 2373/2373/2373
f 2371/2371/2371 2152/2152/2152 2151/2151/2151
f 2368/2368/2368 2365/2365/2365 2373/2373/2373
f 1447/1447/1447 1442/1442/1442 1430/1430/1430
f 1443/1443/1443 1445/1445/1445 1420/1420/1420
f 1419/1419/1419 1440/1440/1440 1443/1443/1443
f 2372/2372/2372 2369/2369/2369 2363/2363/2363
f 2369/2369/2369 2370/2370/2370 2367/2367/2367
f 2368/2368/2368 2372/2372/2372 2363/2363/2363
f 2365/2365/2365 2152/2152/2152 2371/2371/2371
f 2366/2366/2366 2365/2365/2365 2368/2368/2368
f 1442/1442/1442 1458/1458/1458 1429/1429/1429
f 1441/1441/1441 1457/1457/1457 1428/1428/1428
f 2370/2370/2370 2364/2364/2364 2367/2367/2367
f 2369/2369/2369 2367/2367/2367 2363/2363/2363
f 2363/2363/2363 2366/2366/2366 2368/2368/2368
f 2365/2365/2365 2362/2362/2362 2152/2152/2152
f 2366/2366/2366 2358/2358/2358 2365/2365/2365
f 2152/2152/2152 2362/2362/2362 1996/1996/1996
f 1456/1456/1456 1440/1440/1440 1428/1428/1428
f 1455/1455/1455 1427/1427/1427 1429/1429/1429
f 1427/1427/1427 1454/1454/1454 1439/1439/1439
f 2364/2364/2364 2360/2360/2360 2367/2367/2367
f 2363/2363/2363 2367/2367/2367 2360/2360/2360
f 2363/2363/2363 2359/2359/2359 2366/2366/2366
f 2359/2359/2359 2358/2358/2358 2366/2366/2366
f 2365/2365/2365 2358/2358/2358 2362/2362/2362
f 2362/2362/2362 1994/1994/1994 1996/1996/1996
f 1439/1439/1439 1441/1441/1441 1417/1417/1417
f 1438/1438/1438 1453/1453/1453 1408/1408/1408
f 1453/1453/1453 1437/1437/1437 1408/1408/1408
f 1426/1426/1426 1437/1437/1437 1452/1452/1452
f 1436/1436/1436 1426/1426/1426 1452/1452/1452
f 1436/1436/1436 1434/1434/1434 1415/1415/1415
f 2361/2361/2361 2357/2357/2357 2364/2364/2364
f 2364/2364/2364 2357/2357/2357 2360/2360/2360
f 2360/2360/2360 2356/2356/2356 2363/2363/2363
f 2356/2356/2356 2359/2359/2359 2363/2363/2363
f 2358/2358/2358 2359/2359/2359 2349/2349/2349
f 2358/2358/2358 2355/2355/2355 2362/2362/2362
f 2355/2355/2355 1994/1994/1994 2362/2362/2362
f 1435/1435/1435 1425/1425/1425 1451/1451/1451
f 1425/1425/1425 1434/1434/1434 1450/1450/1450
f 1448/1448/1448 1424/1424/1424 1423/1423/1423
f 1422/1422/1422 1424/1424/1424 1449/1449/1449
f 1433/1433/1433 1448/1448/1448 1423/1423/1423
f 2357/2357/2357 2361/2361/2361 2354/2354/2354
f 2357/2357/2357 2353/2353/2353 2360/2360/2360
f 2360/2360/2360 2353/2353/2353 2356/2356/2356
f 2356/2356/2356 2349/2349/2349 2359/2359/2359
f 2349/2349/2349 2355/2355/2355 2358/2358/2358
f 2355/2355/2355 2352/2352/2352 1994/1994/1994
f 1435/1435/1435 1433/1433/1433 1397/1397/1397
f 1430/1430/1430 1422/1422/1422 1447/1447/1447
f 1446/1446/1446 1421/1421/1421 1432/1432/1432
f 1432/1432/1432 1411/1411/1411 1444/1444/1444
f 1431/1431/1431 1420/1420/1420 1445/1445/1445
f 1411/1411/1411 1431/1431/1431 1444/1444/1444
f 1418/1418/1418 1430/1430/1430 1442/1442/1442
f 2354/2354/2354 2350/2350/2350 2357/2357/2357
f 2353/2353/2353 2357/2357/2357 2350/2350/2350
f 2353/2353/2353 2349/2349/2349 2356/2356/2356
f 2349/2349/2349 2352/2352/2352 2355/2355/2355
f 1419/1419/1419 1443/1443/1443 1420/1420/1420
f 1409/1409/1409 1440/1440/1440 1419/1419/1419
f 1418/1418/1418 1442/1442/1442 1429/1429/1429
f 1417/1417/1417 1441/1441/1441 1428/1428/1428
f 1409/1409/1409 1428/1428/1428 1440/1440/1440
f 2350/2350/2350 2354/2354/2354 2348/2348/2348
f 2347/2347/2347 2351/2351/2351 2352/2352/2352
f 2350/2350/2350 2345/2345/2345 2353/2353/2353
f 2349/2349/2349 2353/2353/2353 2345/2345/2345
f 2344/2344/2344 2347/2347/2347 2352/2352/2352
f 2352/2352/2352 2349/2349/2349 2344/2344/2344
f 1429/1429/1429 1427/1427/1427 1400/1400/1400
f 1427/1427/1427 1439/1439/1439 1417/1417/1417
f 1437/1437/1437 1426/1426/1426 1408/1408/1408
f 1426/1426/1426 1436/1436/1436 1415/1415/1415
f 2350/2350/2350 2348/2348/2348 2340/2340/2340
f 2351/2351/2351 2347/2347/2347 2342/2342/2342
f 2342/2342/2342 2346/2346/2346 2351/2351/2351
f 2345/2345/2345 2350/2350/2350 2340/2340/2340
f 2345/2345/2345 2338/2338/2338 2349/2349/2349
f 2347/2347/2347 2344/2344/2344 2339/2339/2339
f 2338/2338/2338 2344/2344/2344 2349/2349/2349
f 1414/1414/1414 1415/1415/1415 1434/1434/1434
f 1425/1425/1425 1435/1435/1435 1397/1397/1397
f 1434/1434/1434 1425/1425/1425 1414/1414/1414
f 2337/2337/2337 2343/2343/2343 2348/2348/2348
f 2348/2348/2348 2343/2343/2343 2340/2340/2340
f 1423/1423/1423 1424/1424/1424 1413/1413/1413
f 2339/2339/2339 2342/2342/2342 2347/2347/2347
f 2346/2346/2346 2342/2342/2342 2334/2334/2334
f 2334/2334/2334 2341/2341/2341 2346/2346/2346
f 2338/2338/2338 2345/2345/2345 2340/2340/2340
f 2338/2338/2338 2339/2339/2339 2344/2344/2344
f 1424/1424/1424 1422/1422/1422 1412/1412/1412
f 1423/1423/1423 1397/1397/1397 1433/1433/1433
f 1422/1422/1422 1430/1430/1430 1404/1404/1404
f 1421/1421/1421 1411/1411/1411 1432/1432/1432
f 1420/1420/1420 1431/1431/1431 1411/1411/1411
f 1430/1430/1430 1418/1418/1418 1404/1404/1404
f 1391/1391/1391 1419/1419/1419 1420/1420/1420
f 2336/2336/2336 2343/2343/2343 2337/2337/2337
f 2343/2343/2343 2336/2336/2336 2340/2340/2340
f 1419/1419/1419 1410/1410/1410 1409/1409/1409
f 1418/1418/1418 1429/1429/1429 1400/1400/1400
f 2339/2339/2339 2334/2334/2334 2342/2342/2342
f 1409/1409/1409 1417/1417/1417 1428/1428/1428
f 1427/1427/1427 1417/1417/1417 1400/1400/1400
f 1407/1407/1407 1408/1408/1408 1426/1426/1426
f 2334/2334/2334 2333/2333/2333 2341/2341/2341
f 2340/2340/2340 2330/2330/2330 2338/2338/2338
f 2338/2338/2338 2332/2332/2332 2339/2339/2339
f 1426/1426/1426 1415/1415/1415 1407/1407/1407
f 1415/1415/1415 1414/1414/1414 1398/1398/1398
f 1397/1397/1397 1414/1414/1414 1425/1425/1425
f 1412/1412/1412 1406/1406/1406 1424/1424/1424
f 1423/1423/1423 1413/1413/1413 1386/1386/1386
f 1413/1413/1413 1424/1424/1424 1406/1406/1406
f 1412/1412/1412 1422/1422/1422 1405/1405/1405
f 1386/1386/1386 1397/1397/1397 1423/1423/1423
f 1404/1404/1404 1405/1405/1405 1422/1422/1422
f 1421/1421/1421 1394/1394/1394 1411/1411/1411
f 1403/1403/1403 1420/1420/1420 1411/1411/1411
f 1402/1402/1402 1420/1420/1420 1403/1403/1403
f 1402/1402/1402 1391/1391/1391 1420/1420/1420
f 1404/1404/1404 1418/1418/1418 1401/1401/1401
f 1410/1410/1410 1419/1419/1419 1391/1391/1391
f 1410/1410/1410 1392/1392/1392 1409/1409/1409
f 1400/1400/1400 1401/1401/1401 1418/1418/1418
f 1409/1409/1409 1400/1400/1400 1417/1417/1417
f 1399/1399/1399 1416/1416/1416 1408/1408/1408
f 1408/1408/1408 1407/1407/1407 1389/1389/1389
f 1398/1398/1398 1407/1407/1407 1415/1415/1415
f 1414/1414/1414 1397/1397/1397 1398/1398/1398
f 1406/1406/1406 1412/1412/1412 1396/1396/1396
f 1413/1413/1413 1406/1406/1406 1386/1386/1386
f 1395/1395/1395 1396/1396/1396 1412/1412/1412
f 1412/1412/1412 1405/1405/1405 1395/1395/1395
f 1388/1388/1388 1397/1397/1397 1386/1386/1386
f 1405/1405/1405 1404/1404/1404 1384/1384/1384
f 1403/1403/1403 1411/1411/1411 1394/1394/1394
f 1402/1402/1402 1403/1403/1403 1383/1383/1383
f 1382/1382/1382 1391/1391/1391 1402/1402/1402
f 1404/1404/1404 1401/1401/1401 1393/1393/1393
f 1392/1392/1392 1410/1410/1410 1391/1391/1391
f 1390/1390/1390 1409/1409/1409 1392/1392/1392
f 1401/1401/1401 1400/1400/1400 1379/1379/1379
f 1409/1409/1409 1390/1390/1390 1400/1400/1400
f 1389/1389/1389 1399/1399/1399 1408/1408/1408
f 1407/1407/1407 1398/1398/1398 1389/1389/1389
f 1398/1398/1398 1397/1397/1397 1378/1378/1378
f 1388/1388/1388 1387/1387/1387 1397/1397/1397
f 1386/1386/1386 1406/1406/1406 1396/1396/1396
f 1396/1396/1396 1395/1395/1395 1376/1376/1376
f 1395/1395/1395 1405/1405/1405 1384/1384/1384
f 1386/1386/1386 1385/1385/1385 1388/1388/1388
f 1393/1393/1393 1384/1384/1384 1404/1404/1404
f 1394/1394/1394 1383/1383/1383 1403/1403/1403
f 1382/1382/1382 1402/1402/1402 1383/1383/1383
f 1382/1382/1382 1381/1381/1381 1391/1391/1391
f 1379/1379/1379 1393/1393/1393 1401/1401/1401
f 1391/1391/1391 1380/1380/1380 1392/1392/1392
f 1390/1390/1390 1392/1392/1392 1373/1373/1373
f 1400/1400/1400 1390/1390/1390 1379/1379/1379
f 1378/1378/1378 1389/1389/1389 1398/1398/1398
f 1378/1378/1378 1397/1397/1397 1387/1387/1387
f 1387/1387/1387 1388/1388/1388 1377/1377/1377
f 1396/1396/1396 1376/1376/1376 1386/1386/1386
f 1384/1384/1384 1376/1376/1376 1395/1395/1395
f 1385/1385/1385 1372/1372/1372 1388/1388/1388
f 1385/1385/1385 1386/1386/1386 1371/1371/1371
f 1393/1393/1393 1374/1374/1374 1384/1384/1384
f 1369/1369/1369 1391/1391/1391 1381/1381/1381
f 1374/1374/1374 1393/1393/1393 1379/1379/1379
f 1373/1373/1373 1392/1392/1392 1380/1380/1380
f 1369/1369/1369 1380/1380/1380 1391/1391/1391
f 1373/1373/1373 1379/1379/1379 1390/1390/1390
f 1372/1372/1372 1377/1377/1377 1388/1388/1388
f 1386/1386/1386 1376/1376/1376 1371/1371/1371
f 1376/1376/1376 1384/1384/1384 1368/1368/1368
f 1371/1371/1371 1372/1372/1372 1385/1385/1385
f 1368/1368/1368 1384/1384/1384 1374/1374/1374
f 1375/1375/1375 1369/1369/1369 1381/1381/1381
f 1374/1374/1374 1379/1379/1379 1367/1367/1367
f 1380/1380/1380 1369/1369/1369 1373/1373/1373
f 1367/1367/1367 1379/1379/1379 1373/1373/1373
f 1371/1371/1371 1376/1376/1376 1368/1368/1368
f 1370/1370/1370 1368/1368/1368 1374/1374/1374
f 1367/1367/1367 1370/1370/1370 1374/1374/1374
f 1369/1369/1369 1367/1367/1367 1373/1373/1373

