mtllib vita_bottle.mtl
v -0.022459 0.026363 -0.011057
v -0.022969 0.026363 -0.013579
v -0.024109 0.025013 -0.013525
v -0.021568 0.027061 -0.013646
v -0.024456 0.024241 -0.016054
v -0.023988 0.024933 -0.010984
v -0.021733 0.026378 -0.017707
v -0.021447 0.026830 -0.011105
v -0.024621 0.023819 -0.013500
v -0.024473 0.023819 -0.010961
v -0.020863 0.026302 -0.008778
v -0.019548 0.027129 -0.014888
v -0.025090 0.021276 -0.016024
v -0.024456 0.023924 -0.019079
v -0.023697 0.023819 -0.008917
v -0.019119 0.026448 -0.019610
v -0.018907 0.026963 -0.011226
v -0.024394 0.021536 -0.011432
v -0.022180 0.024536 -0.021727
v -0.023482 0.021109 -0.008512
v -0.021251 0.023905 -0.005910
v -0.018373 0.026758 -0.008829
v -0.025328 0.021276 -0.018559
v -0.024791 0.018733 -0.016038
v -0.024312 0.023275 -0.020982
v -0.020009 0.021105 -0.003862
v -0.018398 0.026302 -0.006641
v -0.025834 0.018733 -0.018535
v -0.024130 0.018733 -0.013146
v -0.023907 0.019210 -0.010988
v -0.024347 0.021160 -0.022809
v -0.021451 0.018733 -0.005576
v -0.018526 0.024201 -0.003241
v -0.015116 0.026446 -0.005856
v -0.025584 0.018733 -0.021093
v -0.025344 0.021276 -0.021104
v -0.025205 0.016189 -0.016019
v -0.024780 0.016189 -0.013493
v -0.023077 0.018733 -0.008482
v -0.019031 0.018383 -0.002907
v -0.018487 0.021276 -0.002403
v -0.015981 0.025580 -0.003753
v -0.024686 0.016189 -0.018589
v -0.023692 0.015985 -0.010701
v -0.024219 0.018733 -0.023367
v -0.018950 0.016189 -0.003330
v -0.021307 0.015102 -0.005609
v -0.015750 0.021276 -0.001231
v -0.015923 0.023819 -0.002040
v -0.024497 0.016189 -0.021227
v -0.025263 0.013646 -0.016016
v -0.024837 0.013732 -0.013612
v -0.015597 0.018733 -0.001342
v -0.024495 0.013320 -0.021162
v -0.025169 0.013646 -0.018566
v -0.022958 0.013646 -0.008487
v -0.014943 0.016311 -0.001295
v -0.019100 0.013486 -0.003226
v -0.013121 0.016581 -0.000693
v -0.023511 0.015582 -0.023652
v -0.024636 0.011103 -0.016046
v -0.023132 0.011416 -0.010324
v -0.021216 0.011103 -0.006006
v -0.022373 0.011726 -0.024227
v -0.024026 0.008745 -0.018495
v -0.024108 0.011098 -0.013501
v -0.019407 0.011103 -0.003564
v -0.023278 0.008560 -0.021203
v -0.024352 0.008560 -0.015615
v -0.022388 0.008524 -0.011500
v -0.021186 0.008549 -0.006083
v -0.022293 0.008560 -0.024069
v -0.024351 0.007358 -0.018605
v -0.022011 0.008560 -0.008532
v -0.018564 0.008560 -0.003580
v -0.023067 0.005339 -0.023546
v -0.024379 0.005792 -0.020849
v -0.024766 0.006047 -0.013472
v -0.026435 0.006016 -0.015960
v -0.023986 0.006014 -0.010999
v -0.021336 0.006290 -0.005249
v -0.025579 0.006016 -0.018547
v -0.023085 0.006016 -0.008481
v -0.024764 0.003212 -0.021415
v -0.025815 0.003473 -0.018536
v -0.024146 0.003506 -0.009502
v -0.025748 0.003473 -0.013447
v -0.026177 0.003473 -0.015972
v -0.025585 0.000930 -0.018547
v -0.025354 0.000930 -0.016011
v -0.025619 -0.001613 -0.018545
v -0.025536 -0.002856 -0.021197
v -0.037545 -0.126263 -0.032866
v -0.035283 -0.126215 -0.034353
v -0.040398 -0.125872 -0.024778
v -0.037557 -0.125257 -0.026542
v -0.035117 -0.124823 -0.030823
v -0.032632 -0.126144 -0.036253
v -0.042133 -0.125990 -0.017758
v -0.032698 -0.124742 -0.033485
v -0.037295 -0.125204 -0.023081
v -0.034764 -0.123842 -0.025747
v -0.039543 -0.125790 -0.018048
v -0.043393 -0.126233 -0.015152
v -0.032446 -0.123740 -0.030620
v -0.030134 -0.123986 -0.033103
v -0.034683 -0.123841 -0.023011
v -0.033540 -0.123690 -0.028352
v -0.044705 -0.126363 -0.013240
v -0.037174 -0.125245 -0.020541
v -0.035210 -0.123690 -0.020634
v -0.033713 -0.121146 -0.025798
v -0.042050 -0.126200 -0.011875
v -0.032392 -0.121859 -0.028372
v -0.030062 -0.120737 -0.031083
v -0.037053 -0.125011 -0.018000
v -0.034772 -0.120952 -0.022604
v -0.039350 -0.125684 -0.012512
v -0.036620 -0.124066 -0.015475
v -0.035755 -0.123690 -0.018062
v -0.034497 -0.118618 -0.025529
v -0.032615 -0.118603 -0.028566
v -0.042797 -0.126233 -0.010088
v -0.041651 -0.125917 -0.005033
v -0.035970 -0.121146 -0.018052
v -0.035754 -0.118730 -0.021994
v -0.043728 -0.126286 -0.007498
v -0.038923 -0.125409 -0.005931
v -0.036490 -0.124036 -0.012935
v -0.035828 -0.121146 -0.015513
v -0.037227 -0.116900 -0.018029
v -0.034590 -0.116060 -0.025359
v -0.032383 -0.116218 -0.028284
v -0.036557 -0.123763 -0.008618
v -0.038785 -0.125525 -0.002168
v -0.036863 -0.116054 -0.020029
v -0.035680 -0.116060 -0.023158
v -0.035984 -0.124046 -0.005321
v -0.036326 -0.124955 -0.002758
v -0.035532 -0.121146 -0.010434
v -0.035517 -0.121146 -0.012981
v -0.037078 -0.116592 -0.015646
v -0.037142 -0.113300 -0.018327
v -0.031889 -0.113370 -0.027996
v -0.035103 -0.113517 -0.023644
v -0.033913 -0.121084 -0.004027
v -0.036205 -0.125490 -0.000218
v -0.035173 -0.121146 -0.007905
v -0.036512 -0.110997 -0.020554
v -0.033885 -0.123483 -0.002384
v -0.037447 -0.125674 0.002309
v -0.035983 -0.118380 -0.010991
v -0.031424 -0.121146 0.000067
v -0.034472 -0.118590 -0.005331
v -0.033300 -0.124051 -0.000356
v -0.033544 -0.125417 0.002202
v -0.036820 -0.116157 -0.012494
v -0.033840 -0.117927 -0.003510
v -0.035680 -0.116060 -0.007881
v -0.036584 -0.113558 -0.008684
v -0.031041 -0.123574 0.002125
v -0.029713 -0.118225 0.001687
v -0.029147 -0.121117 0.002679
v -0.013877 -0.004157 -0.003485
v -0.013679 -0.006700 -0.003603
v -0.010708 -0.004448 -0.001947
v -0.016525 -0.004157 -0.005917
v -0.011707 -0.009243 -0.001385
v -0.010805 -0.001425 -0.001496
v -0.015641 -0.001419 -0.003938
v -0.016439 -0.006700 -0.005978
v -0.010524 -0.011745 0.000566
v -0.013566 -0.009187 -0.003215
v -0.013401 -0.001613 -0.002538
v -0.009767 -0.004157 -0.001477
v -0.018601 -0.001541 -0.006194
v -0.018719 -0.004157 -0.007272
v -0.008209 -0.006700 -0.000455
v -0.013436 -0.011587 -0.001192
v -0.013821 0.000753 -0.001159
v -0.008262 -0.001649 -0.001557
v -0.018827 0.000822 -0.003504
v -0.015933 0.000930 -0.002244
v -0.016072 -0.008868 -0.006323
v -0.020311 -0.006675 -0.008292
v -0.008171 -0.009243 0.000352
v -0.013221 -0.012920 0.001234
v -0.014601 -0.011786 -0.003793
v -0.010767 0.000930 -0.000707
v -0.008231 -0.004157 -0.000912
v -0.008630 0.000930 -0.001736
v -0.021298 -0.001546 -0.008611
v -0.021333 0.000795 -0.005912
v -0.021228 -0.004152 -0.009638
v -0.008131 -0.011328 0.001178
v -0.005645 -0.005955 0.000068
v -0.015882 -0.013554 -0.001186
v -0.010569 -0.014543 0.003466
v -0.016295 -0.014048 -0.003712
v -0.010742 0.003473 -0.000182
v -0.015882 0.002089 -0.001186
v -0.005725 -0.001824 -0.001765
v -0.020533 0.003630 -0.003887
v -0.018472 0.003473 -0.002099
v -0.015960 -0.012220 -0.006274
v -0.018893 -0.009327 -0.008522
v -0.021384 -0.006700 -0.009775
v -0.008058 -0.014331 0.002768
v -0.005653 -0.009575 0.000773
v -0.015741 -0.014345 0.001242
v -0.013192 -0.014830 0.003521
v -0.013274 0.003473 0.000129
v -0.022380 -0.001613 -0.011061
v -0.023825 0.000993 -0.010732
v -0.017533 -0.011786 -0.008746
v -0.021706 -0.009030 -0.010844
v -0.005310 -0.011786 0.000969
v -0.018076 -0.015302 -0.001108
v -0.010504 -0.016873 0.004812
v -0.017050 -0.014330 -0.006223
v -0.013476 0.007176 -0.000134
v -0.016026 0.003441 -0.000591
v -0.023569 -0.004157 -0.013550
v -0.016981 0.005575 -0.001200
v -0.018831 -0.011786 -0.009637
v -0.024002 -0.006700 -0.013787
v -0.018544 -0.015814 -0.003605
v -0.018302 -0.016210 0.001476
v -0.015640 -0.016183 0.003895
v -0.007628 -0.018189 0.004916
v -0.013048 -0.016873 0.004877
v -0.018665 -0.015691 -0.006146
v -0.015856 0.006016 -0.000636
v -0.023370 -0.001613 -0.013560
v -0.019245 -0.014264 -0.008534
v -0.023678 -0.009170 -0.013927
v -0.020695 -0.017126 -0.003503
v -0.020090 -0.017090 0.001566
v -0.013005 -0.019652 0.006332
v -0.015990 0.008560 -0.001106
v -0.024295 -0.004157 -0.015811
v -0.024441 -0.001613 -0.015621
v -0.024318 0.000650 -0.013515
v -0.021714 -0.011786 -0.010796
v -0.021328 -0.015054 -0.008873
v -0.026190 -0.009243 -0.015972
v -0.020696 -0.017036 -0.000957
v -0.018208 -0.016843 0.004045
v -0.015600 -0.016873 0.004747
v -0.008745 -0.022043 0.006835
v -0.015514 -0.019186 0.006551
v -0.013537 0.011640 -0.000193
v -0.025057 -0.006700 -0.016026
v -0.026635 -0.011786 -0.016435
v -0.023849 -0.011786 -0.013848
v -0.021163 -0.016930 -0.006098
v -0.023659 -0.019261 -0.000815
v -0.023293 -0.019720 0.001206
v -0.020651 -0.019896 0.004049
v -0.012928 -0.021959 0.007380
v -0.015487 -0.021959 0.007116
v -0.015854 0.011103 -0.000583
v -0.025554 -0.004157 -0.018548
v -0.017464 0.011214 -0.001611
v -0.022861 -0.014330 -0.011038
v -0.026764 -0.009542 -0.018705
v -0.023648 -0.019393 -0.003362
v -0.018092 -0.019416 0.005879
v -0.016788 -0.019416 0.006496
v -0.010368 -0.024503 0.007681
v -0.017003 -0.021959 0.006506
v -0.023204 -0.016941 -0.008821
v -0.015951 0.013872 -0.001140
v -0.025527 -0.006700 -0.018549
v -0.027183 -0.014246 -0.018909
v -0.026724 -0.014954 -0.016011
v -0.024064 -0.014512 -0.013561
v -0.024030 -0.019133 -0.005890
v -0.025135 -0.021959 -0.000745
v -0.025904 -0.022288 -0.003255
v -0.023543 -0.021959 0.001900
v -0.018102 -0.021959 0.005666
v -0.015354 -0.024382 0.006219
v -0.007739 -0.025424 0.007774
v -0.012941 -0.024503 0.007112
v -0.025891 -0.006700 -0.021078
v -0.023992 -0.016852 -0.010880
v -0.026405 -0.014105 -0.021085
v -0.026440 -0.009243 -0.021052
v -0.020769 -0.022038 0.004157
v -0.010323 -0.027344 0.008611
v -0.012979 -0.025612 0.006314
v -0.018165 -0.024494 0.004010
v -0.025454 -0.019455 -0.009331
v -0.027123 -0.016470 -0.021679
v -0.028149 -0.016873 -0.018425
v -0.024450 -0.016873 -0.013508
v -0.026213 -0.021591 -0.007294
v -0.026105 -0.024414 -0.000641
v -0.024655 -0.024503 0.001778
v -0.023326 -0.024503 0.002900
v -0.012225 -0.027046 0.006278
v -0.015484 -0.026941 0.003801
v -0.026558 -0.019691 -0.013662
v -0.026902 -0.016873 -0.015811
v -0.027234 -0.024503 -0.005737
v -0.027450 -0.024503 -0.003181
v -0.020751 -0.024503 0.003508
v -0.012416 -0.029876 0.008834
v -0.013055 -0.027046 0.004729
v -0.018212 -0.027046 0.003360
v -0.028817 -0.022488 -0.013065
v -0.029127 -0.019416 -0.018378
v -0.026668 -0.028889 -0.000553
v -0.025532 -0.027070 0.001519
v -0.020760 -0.027046 0.003312
v -0.012894 -0.029589 0.006211
v -0.015640 -0.028895 0.003895
v -0.027757 -0.019447 -0.015809
v -0.028214 -0.027046 -0.003145
v -0.023333 -0.027046 0.002760
v -0.015545 -0.029839 0.005888
v -0.018181 -0.028668 0.004016
v -0.028940 -0.028975 -0.007959
v -0.028137 -0.029589 -0.003148
v -0.023233 -0.029340 0.001607
v -0.028873 -0.029518 -0.005557
v -0.026496 -0.032200 -0.003153
v -0.023465 -0.032080 -0.000858
v -0.030326 -0.032132 -0.005590
v -0.028736 -0.032132 -0.003769
v 0.007043 -0.085053 -0.002448
v 0.008060 -0.079237 -0.004981
v 0.007017 -0.077885 -0.002135
v 0.008582 -0.082998 -0.007444
v 0.008514 -0.070952 -0.005643
v 0.004800 -0.079003 0.000826
v 0.009308 -0.084078 -0.009626
v 0.009342 -0.080539 -0.009583
v 0.009094 -0.077672 -0.008287
v 0.007074 -0.070878 -0.002192
v 0.004884 -0.085676 0.000676
v 0.005294 -0.077911 0.000352
v 0.009187 -0.089864 -0.009424
v 0.009533 -0.076468 -0.009983
v 0.007325 -0.066402 -0.002845
v 0.004765 -0.074348 0.000746
v 0.002285 -0.085358 0.003209
v 0.006885 -0.089507 -0.002403
v 0.008446 -0.093044 -0.007505
v 0.009853 -0.089795 -0.012612
v 0.009881 -0.079230 -0.012609
v 0.009799 -0.067432 -0.010050
v 0.009190 -0.067738 -0.007691
v 0.005138 -0.069920 0.000608
v 0.002313 -0.089859 0.002912
v 0.002363 -0.080454 0.003199
v 0.004739 -0.096334 0.000654
v 0.007732 -0.090627 -0.004857
v 0.002439 -0.074250 0.003331
v 0.009059 -0.093171 -0.010259
v 0.009598 -0.095280 -0.012684
v 0.010000 -0.084849 -0.012605
v 0.009913 -0.071523 -0.012540
v 0.009238 -0.063180 -0.007616
v 0.005579 -0.063201 0.000279
v -0.000742 -0.087488 0.005458
v 0.002424 -0.077911 0.003250
v -0.000701 -0.080442 0.005536
v 0.006878 -0.093171 -0.002453
v 0.007945 -0.098589 -0.005100
v 0.010148 -0.063165 -0.012751
v 0.008300 -0.062344 -0.004893
v 0.007114 -0.060279 -0.002004
v 0.004565 -0.066271 0.001326
v -0.000305 -0.090627 0.005130
v 0.002265 -0.098138 0.003256
v 0.006852 -0.096469 -0.002514
v 0.008516 -0.095714 -0.007440
v 0.009860 -0.062652 -0.010051
v 0.009783 -0.058460 -0.009509
v 0.005223 -0.059964 0.000872
v 0.003138 -0.065584 0.002841
v -0.001139 -0.090627 0.005750
v -0.000505 -0.097539 0.005477
v -0.004925 -0.085565 0.007708
v 0.002350 -0.102748 0.003083
v 0.006810 -0.103075 -0.002556
v -0.000518 -0.074329 0.005595
v 0.008662 -0.098257 -0.007447
v 0.008673 -0.053366 -0.004782
v 0.009241 -0.057381 -0.007527
v 0.007268 -0.053053 -0.001561
v 0.002070 -0.066121 0.003809
v -0.003074 -0.091126 0.006986
v -0.002776 -0.088084 0.006701
v 0.004696 -0.106064 0.000480
v -0.000458 -0.068130 0.005627
v -0.002600 -0.073920 0.006794
v 0.009173 -0.100717 -0.009145
v 0.010353 -0.053096 -0.012590
v 0.009934 -0.054852 -0.009374
v 0.005903 -0.055022 0.000323
v 0.003154 -0.060059 0.002980
v -0.001059 -0.107252 0.005651
v 0.002104 -0.110060 0.002877
v 0.006719 -0.108012 -0.002683
v 0.007946 -0.103886 -0.005322
v 0.009551 -0.100599 -0.012589
v 0.007145 -0.047641 -0.001961
v 0.005926 -0.052531 0.000421
v 0.003105 -0.057875 0.003101
v -0.001229 -0.065977 0.006118
v -0.002769 -0.095714 0.006843
v -0.007761 -0.093119 0.008911
v -0.002888 -0.102758 0.006842
v -0.000292 -0.108122 0.005044
v 0.004651 -0.111715 0.000347
v 0.007593 -0.107667 -0.004764
v 0.009127 -0.104805 -0.010498
v 0.010444 -0.049811 -0.013433
v 0.009412 -0.052478 -0.007149
v 0.008794 -0.045047 -0.005053
v 0.005565 -0.048010 0.000490
v -0.000462 -0.058898 0.005602
v -0.003445 -0.097913 0.007186
v -0.005892 -0.093497 0.008270
v -0.002760 -0.108548 0.006680
v -0.001743 -0.110973 0.005779
v -0.002121 -0.113366 0.005892
v 0.001863 -0.115927 0.003030
v 0.006608 -0.110641 -0.002404
v 0.007719 -0.108608 -0.005358
v -0.006187 -0.067709 0.008403
v 0.010010 -0.049599 -0.009347
v 0.009527 -0.044939 -0.007201
v 0.007485 -0.044679 -0.001661
v 0.004521 -0.051484 0.001889
v 0.002310 -0.056222 0.003785
v -0.002561 -0.058166 0.006638
v -0.006641 -0.095714 0.008558
v -0.005293 -0.103051 0.008066
v -0.005188 -0.107433 0.007765
v 0.004363 -0.117166 0.000384
v 0.006525 -0.114472 -0.002624
v 0.010193 -0.044802 -0.010064
v 0.008512 -0.040785 -0.004830
v 0.007267 -0.042463 -0.001757
v 0.004957 -0.043599 0.001172
v 0.002454 -0.052466 0.003717
v -0.000459 -0.051328 0.005701
v -0.007332 -0.098257 0.008721
v -0.005333 -0.113153 0.007568
v -0.000323 -0.116060 0.004744
v 0.010541 -0.043987 -0.012551
v 0.003057 -0.045315 0.003231
v -0.002783 -0.050778 0.007051
v -0.002352 -0.116060 0.006025
v 0.000375 -0.121092 0.003458
v 0.010104 -0.042305 -0.010062
v 0.006994 -0.039697 -0.002398
v 0.004689 -0.039762 0.000533
v 0.002331 -0.039840 0.003093
v 0.002181 -0.049935 0.003861
v -0.000044 -0.043690 0.005696
v -0.006500 -0.052545 0.008478
v -0.005306 -0.116060 0.007035
v 0.009766 -0.039580 -0.009873
v 0.008252 -0.036557 -0.004738
v 0.002259 -0.045227 0.003936
v -0.003243 -0.045260 0.007377
v -0.005407 -0.047971 0.008303
v -0.002905 -0.121119 0.005167
v 0.004625 -0.037219 0.000461
v 0.006689 -0.034676 -0.002614
v 0.002249 -0.037219 0.003121
v -0.002903 -0.042226 0.007198
v -0.007768 -0.049935 0.008807
v 0.010209 -0.034866 -0.010058
v 0.006676 -0.032047 -0.002825
v -0.000591 -0.039762 0.005518
v -0.005825 -0.042265 0.008328
v -0.007384 -0.045068 0.008729
v -0.010067 -0.050319 0.009125
v 0.009396 -0.034676 -0.007216
v 0.004755 -0.032295 0.001804
v 0.005271 -0.034676 0.000353
v 0.008754 -0.032132 -0.004906
v -0.001816 -0.037233 0.006186
v -0.005257 -0.039762 0.008080
v 0.010016 -0.032132 -0.010058
v 0.009471 -0.032016 -0.006582
v 0.002484 -0.034676 0.003252
v 0.006959 -0.029436 -0.004657
v 0.005844 -0.032132 0.000325
v -0.007623 -0.039762 0.008616
v -0.007935 -0.042415 0.008877
v 0.002734 -0.032176 0.003339
v 0.006412 -0.029589 -0.002248
v 0.005487 -0.029589 0.000342
v -0.000336 -0.034676 0.005673
v -0.007535 -0.037140 0.008556
v -0.013058 -0.045045 0.009273
v 0.009365 -0.029193 -0.010027
v 0.004615 -0.029589 0.001503
v -0.000491 -0.030188 0.005603
v 0.002294 -0.029260 0.003145
v 0.009346 -0.029388 -0.007367
v 0.004416 -0.026843 -0.004699
v -0.002754 -0.034676 0.007163
v -0.010283 -0.040384 0.008730
v 0.006739 -0.027878 -0.007356
v 0.004562 -0.028269 0.000386
v 0.004529 -0.027046 -0.007250
v 0.004451 -0.027037 -0.002121
v -0.003119 -0.032171 0.007431
v -0.010322 -0.037029 0.008641
v -0.005516 -0.034495 0.008450
v -0.015326 -0.042334 0.008968
v 0.002021 -0.027948 0.000507
v 0.000863 -0.027046 0.003109
v 0.004209 -0.024487 -0.007213
v 0.001918 -0.026690 -0.001663
v -0.005390 -0.029733 0.008422
v -0.012880 -0.039762 0.008386
v -0.007747 -0.034676 0.009249
v -0.016736 -0.039898 0.008003
v 0.006432 -0.027095 -0.009887
v 0.001168 -0.027046 0.000548
v -0.000371 -0.025929 0.004347
v 0.002685 -0.024503 -0.004616
v 0.004121 -0.024374 -0.009777
v -0.007706 -0.032132 0.010118
v -0.003521 -0.026923 0.006511
v -0.012902 -0.037219 0.007930
v -0.010360 -0.034570 0.009681
v 0.000629 -0.024503 0.003120
v 0.004335 -0.021812 -0.002997
v 0.003266 -0.021959 -0.007190
v 0.001868 -0.024490 -0.002354
v -0.007736 -0.029589 0.009488
v -0.007739 -0.025424 0.007774
v -0.010259 -0.032132 0.009955
v 0.002014 -0.024497 0.000508
v -0.002264 -0.022090 0.004917
v 0.000568 -0.021748 0.003208
v 0.002775 -0.019705 -0.009699
v -0.010282 -0.029589 0.009477
v -0.005324 -0.024503 0.006671
v 0.002092 -0.021959 0.001986
v 0.002841 -0.019416 -0.007170
v 0.003169 -0.021933 0.000373
v -0.010323 -0.027344 0.008611
v -0.005158 -0.021668 0.005995
v -0.012416 -0.029876 0.008834
v -0.002555 -0.019193 0.003382
v -0.000769 -0.018545 0.001404
v 0.003006 -0.019416 -0.004632
v 0.001588 -0.017587 -0.002096
v 0.002648 -0.016929 -0.007286
v -0.008745 -0.022043 0.006835
v 0.001820 -0.019514 0.000185
v -0.005540 -0.019179 0.004926
v 0.001699 -0.016957 -0.004653
v -0.007628 -0.018189 0.004916
v -0.002983 -0.016873 0.002362
v 0.001436 -0.012585 -0.004789
v -0.008058 -0.014331 0.002768
v -0.005551 -0.014330 0.001908
v -0.000950 -0.016873 0.000271
v -0.000486 -0.013694 -0.001785
v 0.002092 -0.013035 -0.007108
v -0.003149 -0.014516 0.000700
v -0.000914 -0.011788 -0.002128
v 0.001670 -0.010041 -0.006163
v -0.005310 -0.011786 0.000969
v -0.003211 -0.011894 -0.000173
v 0.000479 -0.009166 -0.004128
v 0.002139 -0.009243 -0.007137
v -0.003077 -0.006719 -0.000824
v 0.001710 -0.006527 -0.005316
v -0.005653 -0.009575 0.000773
v -0.000550 -0.005834 -0.003408
v 0.002745 -0.006700 -0.007165
v -0.005645 -0.005955 0.000068
v -0.003171 -0.004148 -0.001787
v 0.000665 -0.004139 -0.004581
v 0.003261 -0.006700 -0.009736
v 0.001740 -0.004157 -0.005403
v -0.003237 -0.001613 -0.002971
v 0.002694 -0.004157 -0.009709
v 0.002504 -0.004157 -0.007154
v -0.005725 -0.001824 -0.001765
v -0.003090 0.001001 -0.004159
v 0.001620 -0.001674 -0.007261
v 0.003975 -0.004212 -0.012325
v -0.005763 0.000930 -0.002562
v 0.003956 -0.002819 -0.012315
v -0.008630 0.000930 -0.001736
v -0.005776 0.003473 -0.002823
v 0.001806 0.000930 -0.009221
v 0.002412 -0.001613 -0.009696
v -0.008586 0.003473 -0.001729
v -0.003241 0.003473 -0.004294
v -0.000640 0.003473 -0.006790
v 0.002296 0.000930 -0.012236
v -0.010767 0.000930 -0.000707
v -0.005761 0.006016 -0.002500
v -0.008479 0.006472 -0.001620
v 0.001527 0.003352 -0.009670
v -0.010742 0.003473 -0.000182
v -0.001219 0.006016 -0.004808
v -0.003252 0.006016 -0.003289
v 0.000534 0.006016 -0.007060
v -0.005813 0.008560 -0.001689
v -0.010769 0.006016 -0.000738
v 0.002316 0.005992 -0.012201
v 0.001570 0.005997 -0.009537
v -0.000895 0.008560 -0.004564
v -0.003195 0.008560 -0.002090
v -0.008232 0.008560 -0.000931
v -0.013476 0.007176 -0.000134
v -0.010762 0.008560 -0.000594
v 0.001733 0.008560 -0.009180
v 0.000952 0.008560 -0.007080
v -0.005973 0.011409 -0.001705
v 0.002109 0.008560 -0.012227
v 0.000744 0.011103 -0.007070
v -0.001042 0.011103 -0.004708
v -0.003236 0.011103 -0.002947
v -0.008328 0.011137 -0.000806
v -0.013537 0.011640 -0.000193
v 0.001473 0.012405 -0.012336
v -0.003279 0.014191 -0.003362
v -0.010858 0.011076 -0.000390
v -0.006159 0.016634 -0.001913
v 0.001658 0.011329 -0.009379
v -0.000611 0.015625 -0.006593
v -0.008119 0.019962 -0.001370
v -0.010371 0.016801 -0.000768
v 0.000788 0.015730 -0.009622
v -0.002301 0.015201 -0.004338
v -0.003001 0.019737 -0.004105
v -0.005323 0.023807 -0.002996
v -0.013121 0.016581 -0.000693
v -0.010772 0.021276 -0.000811
v -0.008156 0.023764 -0.001806
v -0.000707 0.020039 -0.006837
v -0.003218 0.024210 -0.004274
v -0.008551 0.026429 -0.004173
v -0.013317 0.021276 -0.000788
v -0.005863 0.026116 -0.004652
v -0.010803 0.023769 -0.001448
v -0.013350 0.023431 -0.001482
v -0.015750 0.021276 -0.001231
v -0.008375 0.027072 -0.007046
v -0.015981 0.025580 -0.003753
v -0.015116 0.026446 -0.005856
v -0.015923 0.023819 -0.002040
v 0.008681 -0.113205 -0.015941
v 0.008105 -0.120429 -0.019984
v 0.008009 -0.110082 -0.020157
v 0.008740 -0.120173 -0.016476
v 0.006739 -0.111743 -0.023602
v 0.008599 -0.108430 -0.017629
v 0.008742 -0.114742 -0.011979
v 0.008780 -0.123727 -0.017638
v 0.007320 -0.120762 -0.022164
v 0.007674 -0.105852 -0.022094
v 0.009097 -0.103660 -0.017546
v 0.008982 -0.108235 -0.015496
v 0.008936 -0.118766 -0.011656
v 0.008875 -0.110973 -0.012550
v 0.008909 -0.123711 -0.015098
v 0.008174 -0.124015 -0.020628
v 0.005993 -0.120276 -0.024580
v 0.006058 -0.107331 -0.025053
v 0.008595 -0.123841 -0.010859
v 0.008115 -0.120296 -0.007607
v 0.008747 -0.109616 -0.009970
v 0.010934 -0.126477 -0.014389
v 0.011053 -0.126370 -0.018099
v 0.004383 -0.113742 -0.027691
v 0.006145 -0.103023 -0.025565
v 0.008622 -0.102258 -0.019739
v 0.009518 -0.102521 -0.015119
v 0.009431 -0.104755 -0.012569
v 0.007719 -0.108608 -0.005358
v 0.009146 -0.125181 -0.010986
v 0.008687 -0.126143 -0.023269
v 0.005816 -0.124086 -0.024986
v 0.004024 -0.118603 -0.027596
v 0.003920 -0.106432 -0.027938
v 0.007849 -0.098660 -0.022826
v 0.008662 -0.098002 -0.020360
v 0.009665 -0.095201 -0.015250
v 0.008056 -0.123592 -0.006037
v 0.007444 -0.115848 -0.004870
v 0.009127 -0.104805 -0.010498
v 0.013946 -0.126955 -0.019641
v 0.011278 -0.126563 -0.012375
v 0.011200 -0.126848 -0.021432
v 0.003539 -0.123690 -0.027981
v 0.002349 -0.120666 -0.029600
v 0.003357 -0.113675 -0.028890
v 0.002504 -0.105480 -0.030093
v 0.006813 -0.096482 -0.025270
v 0.009551 -0.100599 -0.012589
v 0.007095 -0.121231 -0.004675
v 0.006525 -0.114472 -0.002624
v 0.009279 -0.125082 -0.007477
v 0.014142 -0.126741 -0.013149
v 0.011750 -0.126254 -0.007594
v 0.008023 -0.126413 -0.025240
v 0.010973 -0.126680 -0.025380
v 0.005701 -0.126254 -0.027629
v 0.002216 -0.108957 -0.030173
v 0.005383 -0.100417 -0.027251
v 0.007976 -0.095714 -0.022691
v 0.008794 -0.093286 -0.020109
v 0.009598 -0.095280 -0.012684
v 0.009400 -0.125328 -0.004936
v 0.013634 -0.126938 -0.022961
v 0.014332 -0.126551 -0.009726
v 0.002898 -0.126050 -0.030825
v 0.001303 -0.123700 -0.030235
v 0.000160 -0.116387 -0.031897
v 0.000342 -0.108769 -0.032147
v 0.003124 -0.099806 -0.030065
v 0.005614 -0.096522 -0.027255
v 0.007998 -0.092940 -0.022802
v 0.009836 -0.088400 -0.015102
v 0.011627 -0.126293 -0.004418
v 0.011811 -0.126596 -0.029247
v 0.008311 -0.126765 -0.027800
v 0.005650 -0.126885 -0.030219
v 0.006841 -0.090494 -0.025379
v 0.008945 -0.088031 -0.020339
v 0.009853 -0.089795 -0.012612
v 0.016779 -0.126618 -0.010380
v 0.014892 -0.126557 -0.005028
v 0.008190 -0.126768 -0.030340
v 0.005902 -0.126756 -0.033303
v -0.001941 -0.123670 -0.033041
v -0.001634 -0.121126 -0.032855
v -0.002235 -0.118207 -0.033656
v 0.003272 -0.091242 -0.030460
v 0.008349 -0.087172 -0.022428
v 0.009960 -0.084405 -0.015634
v 0.010000 -0.084849 -0.012605
v 0.002640 -0.126330 -0.032622
v -0.002213 -0.125355 -0.034937
v 0.004214 -0.086278 -0.029787
v 0.007196 -0.084558 -0.025217
v 0.010003 -0.083428 -0.015621
v -0.000064 -0.126174 -0.036708
v 0.002992 -0.126699 -0.037076
v -0.004963 -0.120882 -0.034764
v -0.005263 -0.123904 -0.034661
v 0.005674 -0.085071 -0.027748
v 0.008342 -0.082541 -0.022556
v 0.009367 -0.080653 -0.018798
v 0.005345 -0.126888 -0.036986
v -0.002430 -0.126082 -0.037831
v 0.005859 -0.076804 -0.027588
v 0.008010 -0.077135 -0.023720
v 0.009114 -0.077010 -0.020041
v 0.009881 -0.079230 -0.012609
v 0.003577 -0.078984 -0.030397
v 0.009896 -0.077115 -0.015413
v 0.002699 -0.079330 -0.031234
v 0.003458 -0.073432 -0.030845
v 0.007852 -0.071383 -0.024389
v 0.009696 -0.070136 -0.018791
v 0.009913 -0.071523 -0.012540
v 0.001816 -0.072439 -0.032417
v 0.004289 -0.069785 -0.030149
v 0.006424 -0.068881 -0.027269
v 0.009988 -0.070968 -0.015211
v 0.003044 -0.070281 -0.031461
v 0.008327 -0.066103 -0.023857
v 0.010068 -0.067738 -0.015153
v 0.003041 -0.067738 -0.031525
v 0.004156 -0.062934 -0.030600
v 0.008931 -0.062255 -0.022919
v 0.009448 -0.067417 -0.020230
v 0.010149 -0.064772 -0.016634
v 0.010148 -0.063165 -0.012751
v 0.002551 -0.064724 -0.032129
v 0.007042 -0.062666 -0.026454
v -0.001195 -0.067521 -0.034759
v 0.001981 -0.062652 -0.032590
v 0.005909 -0.056594 -0.027826
v 0.010007 -0.062523 -0.018901
v 0.010393 -0.054798 -0.015098
v -0.000132 -0.065198 -0.033982
v -0.000088 -0.061684 -0.034138
v 0.002054 -0.057572 -0.032622
v 0.004443 -0.060108 -0.030162
v 0.009660 -0.059886 -0.020282
v 0.008057 -0.057739 -0.023899
v 0.010353 -0.053096 -0.012590
v -0.004828 -0.065195 -0.036378
v 0.004019 -0.057022 -0.030497
v 0.010145 -0.055538 -0.017417
v 0.007293 -0.055022 -0.025205
v 0.010444 -0.049811 -0.013433
v -0.000539 -0.057581 -0.034630
v 0.002813 -0.053070 -0.031666
v 0.004159 -0.049848 -0.030313
v 0.009451 -0.054300 -0.020044
v 0.008426 -0.052384 -0.023263
v 0.010165 -0.052111 -0.017741
v -0.004978 -0.062710 -0.036420
v -0.001787 -0.060108 -0.035218
v 0.000422 -0.051371 -0.033511
v 0.006068 -0.051873 -0.027823
v 0.010490 -0.045043 -0.015580
v -0.004800 -0.057115 -0.036552
v -0.001989 -0.053362 -0.035081
v 0.004779 -0.044993 -0.030306
v 0.009831 -0.049935 -0.020234
v 0.008388 -0.048945 -0.024537
v 0.009052 -0.049977 -0.022922
v 0.009935 -0.045245 -0.019993
v 0.010541 -0.043987 -0.012551
v -0.001987 -0.047603 -0.035325
v 0.001607 -0.049935 -0.032573
v 0.001148 -0.045584 -0.033469
v 0.006669 -0.045345 -0.027815
v 0.010200 -0.039571 -0.016198
v 0.010245 -0.039819 -0.012610
v -0.004779 -0.048219 -0.036688
v 0.002707 -0.044849 -0.032365
v 0.006252 -0.040515 -0.027746
v 0.009239 -0.045191 -0.022693
v 0.008313 -0.044111 -0.024831
v 0.008874 -0.039721 -0.022033
v 0.009766 -0.039580 -0.009873
v -0.004606 -0.042464 -0.036091
v -0.001906 -0.044849 -0.035126
v 0.000798 -0.040864 -0.033160
v 0.002748 -0.042571 -0.032153
v 0.004939 -0.042161 -0.029898
v 0.009697 -0.036813 -0.018607
v 0.010412 -0.035050 -0.014966
v 0.010414 -0.034676 -0.012623
v 0.007560 -0.039946 -0.025362
v 0.005831 -0.037219 -0.027765
v 0.008431 -0.035321 -0.022828
v 0.010209 -0.034866 -0.010058
v -0.002199 -0.042144 -0.034946
v 0.003345 -0.037753 -0.030572
v 0.007647 -0.035019 -0.025119
v 0.009021 -0.033021 -0.019900
v 0.010121 -0.032132 -0.017701
v 0.010076 -0.032122 -0.013823
v -0.002393 -0.039762 -0.034816
v 0.000857 -0.035471 -0.032424
v 0.003364 -0.034676 -0.030357
v 0.005940 -0.034676 -0.027911
v 0.007380 -0.032132 -0.022663
v 0.010016 -0.032132 -0.010058
v -0.002697 -0.034738 -0.034483
v 0.006757 -0.032132 -0.025180
v 0.005794 -0.032112 -0.027696
v 0.008660 -0.029917 -0.020160
v 0.008968 -0.029699 -0.013608
v 0.003006 -0.032336 -0.029891
v 0.005839 -0.029710 -0.022296
v 0.009099 -0.029178 -0.017653
v 0.009365 -0.029193 -0.010027
v -0.001462 -0.031979 -0.033097
v 0.005892 -0.030929 -0.025138
v 0.003229 -0.029602 -0.027384
v 0.006001 -0.027146 -0.019676
v 0.004694 -0.024963 -0.017496
v 0.006283 -0.027189 -0.012426
v 0.000814 -0.029589 -0.030251
v 0.003549 -0.027046 -0.020878
v 0.003537 -0.029445 -0.025026
v 0.006440 -0.026975 -0.014614
v 0.006432 -0.027095 -0.009887
v 0.000614 -0.027046 -0.030029
v 0.003472 -0.028590 -0.022477
v 0.003535 -0.024650 -0.019658
v 0.004276 -0.024231 -0.013142
v 0.004121 -0.024374 -0.009777
v 0.002313 -0.027046 -0.027514
v 0.001680 -0.027046 -0.022392
v 0.001951 -0.024503 -0.022405
v 0.001148 -0.027046 -0.024912
v 0.003714 -0.023303 -0.017396
v 0.000606 -0.024359 -0.030011
v 0.002392 -0.021959 -0.022426
v 0.003028 -0.021869 -0.018801
v 0.003641 -0.022321 -0.014889
v 0.002775 -0.019705 -0.009699
v 0.002055 -0.024503 -0.027502
v 0.001885 -0.024503 -0.024947
v 0.002258 -0.021959 -0.024965
v 0.000050 -0.021912 -0.029895
v 0.002534 -0.018797 -0.021115
v 0.003434 -0.019415 -0.015058
v 0.002780 -0.016590 -0.012056
v 0.001710 -0.021959 -0.027485
v 0.002040 -0.019433 -0.027145
v 0.002648 -0.016929 -0.007286
v 0.000542 -0.019416 -0.029943
v 0.002128 -0.016873 -0.022413
v 0.003109 -0.015165 -0.017692
v 0.003103 -0.015262 -0.014435
v 0.002092 -0.013035 -0.007108
v 0.001817 -0.016873 -0.024944
v 0.002511 -0.014330 -0.019885
v 0.001951 -0.011786 -0.009674
v 0.000799 -0.016680 -0.027921
v 0.000583 -0.014663 -0.024812
v 0.000902 -0.014319 -0.023365
v 0.002025 -0.011651 -0.020226
v 0.003091 -0.011786 -0.014820
v 0.002776 -0.010318 -0.012349
v 0.002139 -0.009243 -0.007137
v 0.001040 -0.011786 -0.022822
v 0.002677 -0.009243 -0.009708
v 0.000307 -0.009249 -0.024868
v 0.002812 -0.009353 -0.015022
v 0.003078 -0.006700 -0.012274
v 0.003261 -0.006700 -0.009736
v 0.001006 -0.005753 -0.022622
v 0.001888 -0.007009 -0.019036
v 0.000075 -0.006700 -0.024861
v 0.001855 -0.003995 -0.019767
v 0.003095 -0.006700 -0.014821
v 0.003975 -0.004212 -0.012325
v 0.000171 -0.004157 -0.024866
v 0.003710 -0.004157 -0.014850
v -0.000446 -0.001613 -0.024836
v 0.002736 -0.001426 -0.017261
v 0.003956 -0.002819 -0.012315
v -0.001798 -0.001613 -0.026215
v 0.001163 0.001996 -0.022474
v 0.002124 0.000930 -0.019867
v -0.001367 0.000930 -0.025060
v 0.002130 0.000930 -0.017321
v 0.002296 0.000930 -0.012236
v 0.002111 0.004370 -0.019609
v -0.001637 0.004380 -0.024744
v 0.001847 0.000930 -0.014761
v 0.000821 0.006016 -0.022037
v 0.002217 0.005833 -0.017196
v 0.001923 0.003473 -0.014765
v 0.000978 0.008552 -0.019371
v 0.000065 0.008560 -0.022315
v 0.002316 0.005992 -0.012201
v -0.000181 0.011103 -0.022303
v 0.001976 0.008560 -0.014767
v 0.002461 0.006016 -0.014790
v -0.001884 0.011797 -0.024526
v 0.001623 0.010826 -0.016841
v 0.000755 0.013646 -0.019801
v -0.004360 0.010813 -0.026611
v -0.000437 0.014702 -0.022163
v 0.001384 0.013700 -0.017471
v 0.001473 0.012405 -0.012336
v 0.002109 0.008560 -0.012227
v -0.001823 0.016426 -0.023287
v 0.001519 0.014625 -0.014489
v 0.000543 0.016189 -0.019791
v -0.004307 0.016189 -0.025445
v -0.001356 0.018733 -0.022567
v 0.001092 0.018707 -0.016546
v 0.001348 0.016189 -0.013623
v 0.000447 0.018733 -0.019787
v -0.004053 0.021930 -0.024660
v 0.000974 0.018733 -0.012173
v -0.001105 0.021311 -0.022630
v 0.001247 0.021355 -0.016233
v 0.000788 0.015730 -0.009622
v 0.000489 0.021276 -0.019789
v -0.004970 0.023837 -0.024378
v 0.001172 0.021276 -0.012183
v 0.000621 0.021276 -0.009610
v -0.000099 0.023819 -0.019735
v -0.001590 0.023857 -0.022254
v 0.000961 0.023819 -0.014719
v -0.000707 0.020039 -0.006837
v -0.004149 0.025241 -0.022114
v 0.000966 0.023819 -0.012173
v 0.000337 0.023819 -0.009597
v -0.001487 0.025109 -0.019695
v -0.006886 0.026029 -0.021971
v -0.001272 0.025904 -0.015068
v -0.000868 0.023876 -0.006976
v -0.005052 0.026400 -0.019449
v -0.009350 0.025221 -0.024412
v -0.001124 0.025878 -0.012073
v -0.001003 0.025535 -0.009533
v -0.003218 0.024210 -0.004274
v -0.003666 0.026456 -0.017382
v -0.008933 0.026678 -0.019405
v -0.009216 0.026302 -0.021581
v -0.003232 0.026657 -0.010633
v -0.003430 0.026361 -0.006877
v -0.003545 0.026738 -0.014606
v -0.006062 0.027007 -0.014840
v -0.014253 0.025496 -0.024265
v -0.005863 0.026116 -0.004652
v -0.008866 0.026918 -0.014251
v -0.012453 0.026213 -0.021499
v -0.006205 0.026993 -0.011831
v -0.005963 0.026896 -0.006751
v -0.013079 0.026617 -0.017555
v -0.011954 0.026931 -0.009265
v -0.019119 0.026448 -0.019610
v -0.006084 0.027072 -0.009291
v -0.008375 0.027072 -0.007046
v -0.014035 0.026356 -0.018992
v -0.016210 0.026370 -0.019582
v -0.014895 0.026760 -0.011959
v -0.015116 0.026446 -0.005856
v -0.019548 0.027129 -0.014888
v -0.016475 0.026761 -0.015328
v -0.018373 0.026758 -0.008829
v -0.018907 0.026963 -0.011226
v -0.019475 0.011509 -0.026390
v -0.019974 0.013646 -0.026643
v -0.017160 0.013646 -0.028014
v -0.022373 0.011726 -0.024227
v -0.019663 0.016189 -0.027090
v -0.014623 0.011103 -0.028193
v -0.020782 0.016189 -0.026414
v -0.017157 0.016189 -0.027946
v -0.014634 0.013646 -0.028435
v -0.022117 0.016189 -0.025174
v -0.014615 0.016189 -0.028023
v -0.017133 0.018733 -0.027447
v -0.019655 0.018733 -0.026929
v -0.011939 0.013839 -0.028306
v -0.023511 0.015582 -0.023652
v -0.022173 0.017465 -0.026348
v -0.024219 0.018733 -0.023367
v -0.014671 0.020893 -0.027633
v -0.018781 0.021483 -0.026667
v -0.022252 0.019260 -0.026394
v -0.012468 0.020642 -0.027596
v -0.022251 0.021788 -0.024838
v -0.014545 0.023600 -0.026569
v -0.024347 0.021160 -0.022809
v -0.012004 0.023500 -0.026675
v -0.017077 0.023279 -0.026261
v -0.019956 0.023921 -0.024041
v -0.022180 0.024536 -0.021727
v -0.014253 0.025496 -0.024265
v -0.016972 0.025311 -0.024049
v -0.019391 0.025731 -0.021388
v -0.019119 0.026448 -0.019610
v -0.025071 -0.046706 -0.034809
v -0.022288 -0.051971 -0.036211
v -0.025118 -0.049935 -0.034721
v -0.027388 -0.053540 -0.032909
v -0.027071 -0.045029 -0.033471
v -0.022671 -0.057332 -0.036018
v -0.027141 -0.050047 -0.033383
v -0.026381 -0.042222 -0.033993
v -0.026162 -0.055022 -0.033796
v -0.028816 -0.049139 -0.031898
v -0.030010 -0.042396 -0.031022
v -0.026332 -0.057973 -0.033747
v -0.032255 -0.053066 -0.028040
v -0.028969 -0.039642 -0.031372
v -0.030149 -0.044849 -0.031146
v -0.029969 -0.046905 -0.031022
v -0.030071 -0.060289 -0.030589
v -0.024910 -0.061106 -0.034601
v -0.032419 -0.048106 -0.028590
v -0.031547 -0.039762 -0.028447
v -0.032509 -0.044725 -0.028275
v -0.027773 -0.060896 -0.032594
v -0.022641 -0.063316 -0.035942
v -0.033812 -0.052182 -0.025899
v -0.033728 -0.060775 -0.025739
v -0.031354 -0.037145 -0.028671
v -0.029972 -0.063439 -0.030872
v -0.025241 -0.064430 -0.034287
v -0.027425 -0.066072 -0.032795
v -0.033912 -0.055022 -0.025788
v -0.034211 -0.047740 -0.025055
v -0.033909 -0.068191 -0.025858
v -0.033027 -0.040082 -0.025743
v -0.032395 -0.068257 -0.028273
v -0.022767 -0.074560 -0.035950
v -0.034739 -0.053522 -0.023543
v -0.035335 -0.067148 -0.021143
v -0.032756 -0.037284 -0.026253
v -0.033719 -0.043996 -0.025635
v -0.029696 -0.070281 -0.030826
v -0.025741 -0.074956 -0.033990
v -0.026210 -0.071449 -0.033686
v -0.035467 -0.044875 -0.020703
v -0.034043 -0.072865 -0.025782
v -0.035554 -0.070281 -0.020618
v -0.036093 -0.064985 -0.018157
v -0.035334 -0.056769 -0.020691
v -0.033860 -0.036431 -0.022950
v -0.032151 -0.034676 -0.028093
v -0.034849 -0.043996 -0.022732
v -0.032141 -0.075297 -0.028499
v -0.022585 -0.080096 -0.036309
v -0.035559 -0.052168 -0.020622
v -0.034940 -0.075320 -0.023068
v -0.035597 -0.074507 -0.020613
v -0.036037 -0.072601 -0.018339
v -0.036066 -0.059372 -0.018535
v -0.036371 -0.067738 -0.018033
v -0.033432 -0.034676 -0.025811
v -0.034460 -0.038839 -0.020567
v -0.029071 -0.034462 -0.030982
v -0.025781 -0.079879 -0.034402
v -0.028046 -0.075875 -0.032254
v -0.035315 -0.041813 -0.019696
v -0.035790 -0.045576 -0.018028
v -0.033904 -0.075368 -0.025789
v -0.036590 -0.057088 -0.015051
v -0.036527 -0.068191 -0.015534
v -0.036138 -0.052206 -0.018050
v -0.036151 -0.056725 -0.017936
v -0.034301 -0.032191 -0.022592
v -0.034299 -0.034676 -0.020678
v -0.032572 -0.032737 -0.028532
v -0.025141 -0.080502 -0.034890
v -0.032819 -0.080489 -0.028713
v -0.034372 -0.077864 -0.025580
v -0.036090 -0.080065 -0.021001
v -0.036386 -0.077201 -0.017653
v -0.036560 -0.063346 -0.015298
v -0.034260 -0.032132 -0.025772
v -0.034512 -0.035783 -0.018207
v -0.029894 -0.031887 -0.030970
v -0.025112 -0.085291 -0.034624
v -0.029799 -0.082527 -0.031402
v -0.035688 -0.042305 -0.018065
v -0.036369 -0.050448 -0.015470
v -0.035295 -0.077911 -0.023176
v -0.036461 -0.071959 -0.013693
v -0.036540 -0.054733 -0.015308
v -0.036474 -0.068684 -0.010533
v -0.033886 -0.029589 -0.023244
v -0.033955 -0.029589 -0.025786
v -0.031239 -0.029589 -0.031008
v -0.027560 -0.032132 -0.032520
v -0.035455 -0.039762 -0.015530
v -0.029997 -0.080217 -0.031191
v -0.035899 -0.042217 -0.013540
v -0.034962 -0.080308 -0.025798
v -0.035881 -0.080454 -0.023148
v -0.036584 -0.079285 -0.017093
v -0.034726 -0.032132 -0.018111
v -0.034329 -0.029589 -0.020676
v -0.032733 -0.029589 -0.028818
v -0.030083 -0.029589 -0.032047
v -0.035068 -0.037219 -0.015549
v -0.029663 -0.085829 -0.031147
v -0.035910 -0.044829 -0.011924
v -0.032770 -0.082998 -0.028661
v -0.036292 -0.083521 -0.018820
v -0.036692 -0.077192 -0.013088
v -0.036547 -0.075413 -0.010386
v -0.034527 -0.029535 -0.018249
v -0.034292 -0.032132 -0.015909
v -0.032588 -0.026805 -0.025215
v -0.032322 -0.027236 -0.027865
v -0.030190 -0.026963 -0.031134
v -0.027576 -0.029589 -0.032859
v -0.035700 -0.039762 -0.012973
v -0.034458 -0.034531 -0.015829
v -0.035007 -0.037219 -0.013006
v -0.029944 -0.088391 -0.030929
v -0.032369 -0.087394 -0.028477
v -0.035406 -0.042281 -0.008409
v -0.035093 -0.082998 -0.026028
v -0.035873 -0.082998 -0.023149
v -0.036642 -0.083080 -0.014439
v -0.036668 -0.078337 -0.010461
v -0.034279 -0.029568 -0.015640
v -0.033622 -0.026873 -0.020562
v -0.026162 -0.028601 -0.033850
v -0.034270 -0.036197 -0.013041
v -0.035172 -0.087771 -0.023033
v -0.036317 -0.086641 -0.017903
v -0.031601 -0.032132 -0.013380
v -0.032073 -0.024517 -0.020784
v -0.031133 -0.024503 -0.025921
v -0.029730 -0.024595 -0.028317
v -0.027591 -0.027046 -0.033172
v -0.035371 -0.039762 -0.010442
v -0.033986 -0.037251 -0.010557
v -0.032504 -0.092719 -0.028374
v -0.034414 -0.088064 -0.025648
v -0.036609 -0.085541 -0.015475
v -0.036705 -0.084940 -0.010068
v -0.036292 -0.080081 -0.007868
v -0.033045 -0.027046 -0.015645
v -0.031571 -0.029589 -0.013319
v -0.031666 -0.024503 -0.023349
v -0.031972 -0.024995 -0.018242
v -0.027433 -0.024563 -0.030908
v -0.025286 -0.024336 -0.033909
v -0.034225 -0.039610 -0.007747
v -0.029991 -0.097074 -0.031217
v -0.034714 -0.091952 -0.025383
v -0.036854 -0.092706 -0.018175
v -0.036891 -0.086952 -0.013096
v -0.031779 -0.027046 -0.014191
v -0.030658 -0.032027 -0.010863
v -0.030479 -0.021959 -0.020860
v -0.030735 -0.024503 -0.018301
v -0.030701 -0.022221 -0.023668
v -0.027501 -0.021595 -0.028848
v -0.032270 -0.099500 -0.028497
v -0.035725 -0.091097 -0.022710
v -0.037089 -0.089877 -0.013423
v -0.031851 -0.025925 -0.015702
v -0.030221 -0.024799 -0.013291
v -0.029463 -0.021389 -0.018120
v -0.026304 -0.021779 -0.031102
v -0.030468 -0.102408 -0.031377
v -0.035789 -0.093376 -0.023038
v -0.036472 -0.093198 -0.020317
v -0.029017 -0.027250 -0.010745
v -0.029397 -0.019677 -0.020911
v -0.030363 -0.024503 -0.015773
v -0.027845 -0.019500 -0.024268
v -0.032674 -0.103344 -0.028637
v -0.034659 -0.096685 -0.025440
v -0.037020 -0.097436 -0.016210
v -0.028940 -0.028975 -0.007959
v -0.028894 -0.024503 -0.011069
v -0.029127 -0.019416 -0.018378
v -0.027757 -0.019447 -0.015809
v -0.032544 -0.106077 -0.028437
v -0.034560 -0.100818 -0.025308
v -0.036301 -0.098885 -0.020043
v -0.035560 -0.100104 -0.023131
v -0.027999 -0.027046 -0.008247
v -0.028817 -0.022488 -0.013065
v -0.027123 -0.016470 -0.021679
v -0.029819 -0.107960 -0.030967
v -0.034751 -0.103344 -0.025567
v -0.036988 -0.102769 -0.017699
v -0.027234 -0.024503 -0.005737
v -0.027466 -0.024503 -0.008272
v -0.026213 -0.021591 -0.007294
v -0.030675 -0.110030 -0.029774
v -0.034757 -0.106836 -0.025714
v -0.035885 -0.103344 -0.023148
v -0.036706 -0.103457 -0.020365
v -0.034656 -0.111065 -0.024788
v -0.035958 -0.108249 -0.023222
v -0.036621 -0.107330 -0.020683
v -0.031889 -0.113370 -0.027996
v -0.036992 -0.107865 -0.016547
v -0.035103 -0.113517 -0.023644
v -0.036512 -0.110997 -0.020554
v -0.037142 -0.113300 -0.018327
v -0.015545 -0.029839 0.005888
v -0.014039 -0.032105 0.009041
v -0.012416 -0.029876 0.008834
v -0.018085 -0.032089 0.006568
v -0.010259 -0.032132 0.009955
v -0.018124 -0.029589 0.005207
v -0.015449 -0.034676 0.007919
v -0.010360 -0.034570 0.009681
v -0.018181 -0.028668 0.004016
v -0.019947 -0.032132 0.004100
v -0.018273 -0.034676 0.006729
v -0.019798 -0.029589 0.004093
v -0.012902 -0.037219 0.007930
v -0.015474 -0.037219 0.007397
v -0.020760 -0.027046 0.003312
v -0.019969 -0.034676 0.004101
v -0.020756 -0.029589 0.003412
v -0.018036 -0.037219 0.007050
v -0.020651 -0.037219 0.005604
v -0.020763 -0.032062 0.001521
v -0.016736 -0.039898 0.008003
v -0.020262 -0.038739 0.006522
v -0.023233 -0.029340 0.001607
v -0.020785 -0.036935 0.003155
v -0.020090 -0.034676 0.001561
v -0.022403 -0.039762 0.004217
v -0.021043 -0.034676 -0.000768
v -0.023465 -0.032080 -0.000858
v -0.020568 -0.042305 0.007357
v -0.021558 -0.039762 0.001631
v -0.022718 -0.044706 0.006492
v -0.017975 -0.042305 0.008329
v -0.020962 -0.037219 -0.000771
v -0.023338 -0.042975 0.001172
v -0.023594 -0.034575 -0.003396
v -0.020381 -0.045538 0.007864
v -0.015326 -0.042334 0.008968
v -0.021243 -0.039762 -0.000930
v -0.022176 -0.042305 -0.000886
v -0.025448 -0.044849 0.004362
v -0.022777 -0.047737 0.006628
v -0.015999 -0.045268 0.009092
v -0.017776 -0.045628 0.008733
v -0.023578 -0.040055 -0.003415
v -0.023587 -0.042305 -0.002569
v -0.023222 -0.037219 -0.003770
v -0.025021 -0.044849 0.001796
v -0.020543 -0.049935 0.007886
v -0.018180 -0.052684 0.008544
v -0.024796 -0.042305 -0.003307
v -0.024923 -0.047392 0.004337
v -0.025103 -0.044849 -0.000747
v -0.023177 -0.052317 0.006782
v -0.025079 -0.049935 0.004345
v -0.024761 -0.047392 -0.000763
v -0.024890 -0.047392 0.001789
v -0.020683 -0.053831 0.007939
v -0.026574 -0.039762 -0.005652
v -0.026179 -0.044797 -0.003180
v -0.024646 -0.052394 0.001737
v -0.020365 -0.059598 0.008319
v -0.024966 -0.057431 0.004303
v -0.028025 -0.044135 -0.005712
v -0.026214 -0.047392 -0.003202
v -0.023860 -0.049935 -0.000806
v -0.023074 -0.062052 0.006665
v -0.028775 -0.047392 -0.004578
v -0.024816 -0.055022 0.001786
v -0.024626 -0.052478 -0.000769
v -0.020516 -0.065109 0.008073
v -0.024886 -0.060108 0.004335
v -0.031315 -0.047392 -0.004459
v -0.025291 -0.054789 -0.000925
v -0.024970 -0.057565 0.001793
v -0.026468 -0.049935 -0.003047
v -0.022911 -0.065195 0.006482
v -0.024091 -0.062652 0.004297
v -0.024014 -0.060108 0.001748
v -0.028768 -0.049935 -0.004435
v -0.034109 -0.044690 -0.005189
v -0.026105 -0.057075 -0.000619
v -0.026410 -0.053138 -0.002461
v -0.023089 -0.068170 0.006751
v -0.023379 -0.062369 0.001725
v -0.031309 -0.049935 -0.004334
v -0.034168 -0.047392 -0.005096
v -0.028467 -0.057565 -0.003358
v -0.025915 -0.059778 -0.000849
v -0.028621 -0.052535 -0.003679
v -0.020497 -0.069984 0.008332
v -0.024445 -0.067738 0.004314
v -0.023911 -0.065195 0.004289
v -0.023516 -0.064564 0.001724
v -0.025641 -0.062652 -0.001003
v -0.033991 -0.049935 -0.005325
v -0.035313 -0.044797 -0.007906
v -0.028736 -0.055022 -0.003757
v -0.023371 -0.071190 0.007001
v -0.025371 -0.070281 0.004358
v -0.031302 -0.052478 -0.004171
v -0.033914 -0.042688 -0.005563
v -0.035409 -0.050539 -0.007821
v -0.028592 -0.060108 -0.003226
v -0.031279 -0.055347 -0.004627
v -0.020486 -0.073707 0.008372
v -0.024030 -0.067738 0.001748
v -0.026259 -0.065003 -0.000626
v -0.033892 -0.054531 -0.005429
v -0.036225 -0.047934 -0.011362
v -0.028576 -0.062762 -0.003173
v -0.023184 -0.076194 0.007017
v -0.025789 -0.072825 0.004263
v -0.025103 -0.070281 0.001800
v -0.030302 -0.065362 -0.003032
v -0.036201 -0.053382 -0.010948
v -0.035584 -0.055022 -0.007886
v -0.031133 -0.062124 -0.004329
v -0.020390 -0.083604 0.008342
v -0.025923 -0.071700 0.001839
v -0.026216 -0.067738 -0.000514
v -0.029348 -0.067950 -0.002752
v -0.033750 -0.058981 -0.005593
v -0.036382 -0.049935 -0.012940
v -0.023289 -0.080454 0.006932
v -0.025183 -0.075368 0.004349
v -0.026151 -0.072825 0.001849
v -0.025999 -0.070281 0.000241
v -0.031299 -0.067738 -0.004118
v -0.036309 -0.058243 -0.010966
v -0.035529 -0.058723 -0.007940
v -0.033870 -0.063417 -0.005228
v -0.023216 -0.082998 0.006868
v -0.025757 -0.080454 0.004188
v -0.025225 -0.077911 0.004351
v -0.025929 -0.075368 0.001861
v -0.026977 -0.072750 -0.000722
v -0.028852 -0.070281 -0.003005
v -0.035669 -0.063304 -0.007824
v -0.023351 -0.087535 0.006957
v -0.025808 -0.082995 0.004384
v -0.025895 -0.078278 0.001840
v -0.028491 -0.075491 -0.000649
v -0.031334 -0.070281 -0.004861
v -0.033903 -0.067662 -0.005422
v -0.020552 -0.089545 0.008704
v -0.024998 -0.085310 0.004435
v -0.027338 -0.082998 0.001906
v -0.028781 -0.072825 -0.003058
v -0.031294 -0.072825 -0.004018
v -0.036338 -0.063121 -0.010497
v -0.035822 -0.068627 -0.008021
v -0.023432 -0.090627 0.007148
v -0.024762 -0.088084 0.004329
v -0.026660 -0.080454 0.001874
v -0.028729 -0.077911 -0.000363
v -0.030883 -0.075368 -0.003217
v -0.034102 -0.070281 -0.005257
v -0.023519 -0.093220 0.007093
v -0.025176 -0.092617 0.004358
v -0.026082 -0.085710 0.001952
v -0.028614 -0.080454 -0.000534
v -0.034274 -0.072825 -0.005060
v -0.035921 -0.073764 -0.007756
v -0.020435 -0.102343 0.008824
v -0.025986 -0.090314 0.002090
v -0.025652 -0.088084 0.001665
v -0.028587 -0.082998 -0.000575
v -0.031153 -0.080698 -0.003227
v -0.023542 -0.100172 0.007094
v -0.025828 -0.095391 0.004431
v -0.026105 -0.093171 0.002263
v -0.028713 -0.088084 -0.000444
v -0.031223 -0.085603 -0.002900
v -0.033874 -0.076074 -0.004409
v -0.034839 -0.075368 -0.005375
v -0.023388 -0.104757 0.007199
v -0.025815 -0.098416 0.004390
v -0.028588 -0.090845 -0.000454
v -0.033865 -0.080454 -0.004531
v -0.025793 -0.103545 0.004365
v -0.027642 -0.100964 0.001918
v -0.026972 -0.098257 0.001889
v -0.026879 -0.095714 0.001884
v -0.031158 -0.087663 -0.003087
v -0.033820 -0.085541 -0.003593
v -0.035002 -0.079928 -0.005439
v -0.033828 -0.082998 -0.003761
v -0.025962 -0.105887 0.004645
v -0.028215 -0.103246 0.001495
v -0.028707 -0.096485 0.000283
v -0.031380 -0.090275 -0.002941
v -0.035280 -0.084353 -0.005236
v -0.027503 -0.105874 0.001965
v -0.029915 -0.100800 -0.000517
v -0.031206 -0.093171 -0.002175
v -0.033833 -0.088084 -0.003869
v -0.036290 -0.082998 -0.007852
v -0.028821 -0.110646 0.002247
v -0.030776 -0.106224 -0.001319
v -0.031280 -0.100013 -0.001950
v -0.031206 -0.095753 -0.001951
v -0.033766 -0.093171 -0.002892
v -0.033822 -0.090627 -0.003635
v -0.036523 -0.086839 -0.007844
v -0.031547 -0.103269 -0.002050
v -0.029598 -0.098257 -0.000533
v -0.035630 -0.089273 -0.005415
v -0.031264 -0.112822 -0.000517
v -0.033504 -0.105887 -0.003090
v -0.033930 -0.102841 -0.003850
v -0.033814 -0.095966 -0.003513
v -0.035424 -0.093171 -0.005347
v -0.037213 -0.091389 -0.010265
v -0.036660 -0.092451 -0.007662
v -0.028713 -0.115393 0.002510
v -0.033769 -0.108729 -0.002895
v -0.029713 -0.118225 0.001687
v -0.033867 -0.112893 -0.002726
v -0.035851 -0.105484 -0.005446
v -0.035734 -0.109641 -0.005299
v -0.035573 -0.100678 -0.005430
v -0.035556 -0.095714 -0.005341
v -0.037284 -0.093164 -0.012884
v -0.037520 -0.100107 -0.010357
v -0.036716 -0.100691 -0.007466
v -0.033774 -0.115846 -0.002906
v -0.036677 -0.110986 -0.007310
v -0.036556 -0.104656 -0.006473
v -0.037519 -0.098569 -0.012795
v -0.037175 -0.103795 -0.007760
v -0.033840 -0.117927 -0.003510
v -0.037423 -0.103344 -0.012890
v -0.037730 -0.108265 -0.010395
v -0.036584 -0.113558 -0.008684
v -0.037145 -0.104982 -0.015167
v -0.037693 -0.108417 -0.012786
v -0.037517 -0.110953 -0.010339
v -0.037204 -0.113517 -0.012901
v -0.037640 -0.110973 -0.012880
v -0.036820 -0.116157 -0.012494
v -0.037431 -0.110973 -0.015436
v -0.037078 -0.116592 -0.015646
v -0.037414 -0.113517 -0.015437
v -0.034109 -0.044690 -0.005189
v -0.031424 -0.043360 -0.005566
v -0.033914 -0.042688 -0.005563
v -0.028025 -0.044135 -0.005712
v -0.032169 -0.039762 -0.005502
v -0.028881 -0.042305 -0.006805
v -0.034225 -0.039610 -0.007747
v -0.031040 -0.039762 -0.005399
v -0.026574 -0.039762 -0.005652
v -0.032134 -0.037081 -0.008244
v -0.031517 -0.037219 -0.005251
v -0.028835 -0.039429 -0.005835
v -0.033986 -0.037251 -0.010557
v -0.026266 -0.037219 -0.005368
v -0.031609 -0.035932 -0.010621
v -0.031327 -0.034861 -0.005542
v -0.028774 -0.037219 -0.004560
v -0.023578 -0.040055 -0.003415
v -0.034270 -0.036197 -0.013041
v -0.031255 -0.034676 -0.010638
v -0.030302 -0.032132 -0.008137
v -0.023222 -0.037219 -0.003770
v -0.026228 -0.034676 -0.004568
v -0.031731 -0.034671 -0.013151
v -0.028713 -0.034676 -0.003287
v -0.023594 -0.034575 -0.003396
v -0.034458 -0.034531 -0.015829
v -0.030658 -0.032027 -0.010863
v -0.031601 -0.032132 -0.013380
v 0.013813 -0.126957 0.001557
v 0.010024 -0.126920 0.005452
v 0.014892 -0.126557 -0.005028
v 0.011627 -0.126293 -0.004418
v 0.009424 -0.126478 0.002624
v 0.009521 -0.125913 -0.002396
v 0.007113 -0.126508 0.006126
v 0.009400 -0.125328 -0.004936
v 0.004449 -0.124795 0.003073
v 0.005100 -0.126901 0.010341
v 0.006839 -0.123822 -0.002647
v 0.002502 -0.126460 0.009652
v 0.002263 -0.124806 0.005588
v 0.002626 -0.126951 0.013209
v 0.008056 -0.123592 -0.006037
v 0.004494 -0.123722 0.000355
v 0.002192 -0.123650 0.003140
v 0.007095 -0.121231 -0.004675
v 0.004182 -0.121146 0.000071
v 0.000103 -0.126810 0.013136
v -0.000953 -0.125997 0.010006
v -0.000241 -0.123877 0.005216
v 0.005988 -0.121132 -0.002313
v 0.001758 -0.121164 0.002440
v 0.000375 -0.121092 0.003458
v -0.002607 -0.126820 0.016948
v 0.006525 -0.114472 -0.002624
v 0.004363 -0.117166 0.000384
v -0.005112 -0.125889 0.011920
v -0.004120 -0.124849 0.008517
v -0.002905 -0.121119 0.005167
v 0.001863 -0.115927 0.003030
v -0.005305 -0.123690 0.007053
v -0.005455 -0.120812 0.005962
v -0.009203 -0.126445 0.017044
v -0.008885 -0.125359 0.011208
v -0.008073 -0.123867 0.007935
v -0.005306 -0.116060 0.007035
v -0.008832 -0.126177 0.015002
v -0.007957 -0.121004 0.006348
v -0.010330 -0.123900 0.008469
v -0.012867 -0.125967 0.014220
v -0.007823 -0.116060 0.007654
v -0.012642 -0.126389 0.018857
v -0.012531 -0.121070 0.007308
v -0.012737 -0.125326 0.011395
v -0.010605 -0.118485 0.007333
v -0.005333 -0.113153 0.007568
v -0.013979 -0.123921 0.008643
v -0.018841 -0.125780 0.011648
v -0.008966 -0.113587 0.008670
v -0.015509 -0.121094 0.007214
v -0.017596 -0.126258 0.016356
v -0.012537 -0.114780 0.008455
v -0.007777 -0.111545 0.008689
v -0.019918 -0.126229 0.017082
v -0.016898 -0.114700 0.007976
v -0.017982 -0.123690 0.008196
v -0.022328 -0.124983 0.009339
v -0.010290 -0.110973 0.009315
v -0.005188 -0.107433 0.007765
v -0.018036 -0.118603 0.007061
v -0.019636 -0.121348 0.006723
v -0.022899 -0.125696 0.011879
v -0.022637 -0.126115 0.015029
v -0.018071 -0.110969 0.008746
v -0.013874 -0.109707 0.009388
v -0.009888 -0.108531 0.009406
v -0.020300 -0.118441 0.006311
v -0.020543 -0.123690 0.007872
v -0.025574 -0.125589 0.009627
v -0.017986 -0.113517 0.008106
v -0.007590 -0.105435 0.008662
v -0.023520 -0.123617 0.006941
v -0.018250 -0.107526 0.009266
v -0.013156 -0.105415 0.009571
v -0.010444 -0.105260 0.009287
v -0.005293 -0.103051 0.008066
v -0.023209 -0.121146 0.005360
v -0.028190 -0.125423 0.006958
v -0.025833 -0.126218 0.015106
v -0.020558 -0.110198 0.008430
v -0.015147 -0.104920 0.009601
v -0.010383 -0.098974 0.009388
v -0.007332 -0.098257 0.008721
v -0.023738 -0.118603 0.004357
v -0.025727 -0.123690 0.005959
v -0.028859 -0.125903 0.008799
v -0.028603 -0.126201 0.011443
v -0.020503 -0.105887 0.008714
v -0.018355 -0.099061 0.009394
v -0.023421 -0.111023 0.007113
v -0.014678 -0.100878 0.009490
v -0.023200 -0.116060 0.005556
v -0.025875 -0.120204 0.004342
v -0.033049 -0.125851 0.005016
v -0.028237 -0.123731 0.004456
v -0.029258 -0.126358 0.014879
v -0.023099 -0.108430 0.007667
v -0.019194 -0.103344 0.009156
v -0.007761 -0.093119 0.008911
v -0.025833 -0.116060 0.004397
v -0.033544 -0.125417 0.002202
v -0.031041 -0.123574 0.002125
v -0.015809 -0.094348 0.009603
v -0.025875 -0.113517 0.004422
v -0.025514 -0.108343 0.005951
v -0.010283 -0.093171 0.009453
v -0.028418 -0.118603 0.002913
v -0.029147 -0.121117 0.002679
v -0.037447 -0.125674 0.002309
v -0.033181 -0.125941 0.009823
v -0.033060 -0.126063 0.012363
v -0.017923 -0.095714 0.009431
v -0.018811 -0.093001 0.009147
v -0.026482 -0.110897 0.004667
v -0.012827 -0.093473 0.009722
v -0.010289 -0.088511 0.009461
v -0.026950 -0.108430 0.004434
v -0.015980 -0.087791 0.009538
v -0.007763 -0.088084 0.008922
v -0.028422 -0.113517 0.002829
v -0.018303 -0.087687 0.009224
v -0.012818 -0.090627 0.009700
v -0.004925 -0.085565 0.007708
v -0.017926 -0.090627 0.009363
v -0.012770 -0.087486 0.009655
v -0.009858 -0.082856 0.009430
v -0.016368 -0.082623 0.009300
v -0.012803 -0.082612 0.009640
v -0.005153 -0.077862 0.007891
v -0.017577 -0.080454 0.008999
v -0.003080 -0.081979 0.006961
v -0.007458 -0.076191 0.008652
v -0.017178 -0.076530 0.009012
v -0.010261 -0.078557 0.009226
v -0.000701 -0.080442 0.005536
v -0.002600 -0.073920 0.006794
v -0.006015 -0.072136 0.008358
v -0.012802 -0.077801 0.009352
v -0.010279 -0.073165 0.009270
v -0.007765 -0.072825 0.008880
v -0.017343 -0.074661 0.009035
v -0.005258 -0.070281 0.008057
v -0.008702 -0.069266 0.009079
v -0.017054 -0.070519 0.009157
v -0.013220 -0.070658 0.009455
v -0.006187 -0.067709 0.008403
v -0.017207 -0.065767 0.008954
v -0.012836 -0.064107 0.009435
v -0.010292 -0.067744 0.009291
v -0.015386 -0.065195 0.009242
v -0.010294 -0.062652 0.009228
v -0.017825 -0.062661 0.008804
v -0.010287 -0.057972 0.009207
v -0.018127 -0.058410 0.008867
v -0.007384 -0.060368 0.008558
v -0.012834 -0.058542 0.009297
v -0.006500 -0.052545 0.008478
v -0.002561 -0.058166 0.006638
v -0.012707 -0.054501 0.009329
v -0.015619 -0.055447 0.009137
v -0.005267 -0.057565 0.007868
v -0.010067 -0.050319 0.009125
v -0.013058 -0.045045 0.009273
v -0.004828 -0.065195 -0.036378
v -0.001195 -0.067521 -0.034759
v -0.004839 -0.068028 -0.036743
v -0.001899 -0.070147 -0.035036
v -0.007311 -0.068688 -0.037180
v 0.001816 -0.072439 -0.032417
v -0.004872 -0.073843 -0.036285
v -0.007847 -0.072988 -0.037115
v -0.004978 -0.062710 -0.036420
v -0.001949 -0.073984 -0.034791
v -0.010531 -0.070292 -0.037563
v -0.008518 -0.062652 -0.037183
v 0.000407 -0.075368 -0.033372
v -0.007803 -0.078562 -0.037092
v -0.002490 -0.081801 -0.034969
v -0.014611 -0.073221 -0.037924
v -0.010169 -0.061849 -0.037447
v -0.007284 -0.057148 -0.037176
v 0.000492 -0.080000 -0.033064
v -0.004861 -0.082110 -0.036126
v -0.012530 -0.070281 -0.037714
v -0.012994 -0.061821 -0.037659
v -0.004800 -0.057115 -0.036552
v 0.002699 -0.079330 -0.031234
v -0.007344 -0.086562 -0.036835
v -0.009688 -0.080799 -0.037299
v 0.000832 -0.088455 -0.033022
v -0.004815 -0.086230 -0.036042
v -0.015012 -0.067794 -0.037660
v -0.012671 -0.058835 -0.037643
v -0.015072 -0.064555 -0.037687
v -0.010675 -0.055571 -0.037596
v -0.007154 -0.048295 -0.037326
v 0.002424 -0.087382 -0.031723
v -0.008713 -0.084411 -0.037150
v -0.012200 -0.079492 -0.037447
v -0.002336 -0.088084 -0.034862
v -0.017757 -0.074234 -0.037519
v -0.015577 -0.055575 -0.037504
v -0.017440 -0.062991 -0.037481
v -0.004779 -0.048219 -0.036688
v 0.003068 -0.082998 -0.030970
v -0.005009 -0.093150 -0.036019
v -0.008659 -0.088084 -0.037176
v -0.010115 -0.088814 -0.037524
v -0.015075 -0.075368 -0.037691
v -0.002450 -0.090627 -0.034785
v 0.003272 -0.091242 -0.030460
v -0.019970 -0.068274 -0.037119
v -0.010437 -0.052822 -0.037570
v -0.004606 -0.042464 -0.036091
v 0.004214 -0.086278 -0.029787
v -0.007617 -0.090844 -0.036974
v -0.012627 -0.086593 -0.037800
v -0.014788 -0.078075 -0.037588
v 0.000733 -0.092749 -0.032703
v -0.020127 -0.071549 -0.037088
v -0.017595 -0.056660 -0.037417
v -0.010028 -0.044207 -0.037678
v -0.007559 -0.044349 -0.037251
v -0.007582 -0.092924 -0.036950
v -0.012763 -0.095548 -0.037731
v -0.015092 -0.085716 -0.037712
v -0.002265 -0.093285 -0.034579
v 0.003124 -0.099806 -0.030065
v -0.020137 -0.075368 -0.037047
v -0.021543 -0.070281 -0.036562
v -0.020126 -0.062678 -0.036984
v -0.016839 -0.083171 -0.037526
v -0.017641 -0.049197 -0.037501
v -0.020146 -0.056394 -0.037039
v -0.013871 -0.045254 -0.037645
v -0.007330 -0.039624 -0.036958
v -0.007312 -0.099785 -0.036702
v -0.009520 -0.100495 -0.037198
v -0.015363 -0.090783 -0.037618
v -0.002608 -0.098993 -0.034675
v 0.000533 -0.098257 -0.032600
v -0.020470 -0.079472 -0.037013
v -0.021399 -0.075067 -0.036560
v -0.021624 -0.067806 -0.036540
v -0.015072 -0.049935 -0.037622
v -0.009619 -0.039804 -0.037436
v -0.013194 -0.042518 -0.037533
v -0.004364 -0.035612 -0.035537
v -0.004867 -0.099854 -0.035798
v -0.013131 -0.105661 -0.037243
v -0.015079 -0.095714 -0.037777
v -0.020642 -0.087105 -0.036622
v 0.000414 -0.103066 -0.032515
v -0.022767 -0.074560 -0.035950
v -0.021161 -0.062652 -0.036580
v -0.015072 -0.047392 -0.037616
v -0.020269 -0.050261 -0.037089
v -0.002697 -0.034738 -0.034483
v -0.007725 -0.034676 -0.037096
v -0.009988 -0.034676 -0.037787
v -0.007391 -0.105822 -0.036377
v -0.015073 -0.101145 -0.037532
v -0.010094 -0.103212 -0.037096
v -0.017582 -0.095699 -0.037433
v -0.020326 -0.090627 -0.036664
v -0.004329 -0.105635 -0.035089
v 0.002504 -0.105480 -0.030093
v -0.022641 -0.063316 -0.035942
v -0.021307 -0.060108 -0.036573
v -0.021464 -0.082998 -0.036566
v -0.020533 -0.047733 -0.036903
v -0.021336 -0.055022 -0.036572
v -0.013365 -0.039747 -0.037560
v -0.017645 -0.039824 -0.037078
v -0.004706 -0.032115 -0.035400
v -0.012608 -0.034729 -0.038101
v -0.015189 -0.109864 -0.037214
v -0.009754 -0.106574 -0.036777
v -0.019145 -0.098797 -0.037165
v -0.020442 -0.095462 -0.036714
v -0.022707 -0.090847 -0.035996
v -0.002177 -0.103344 -0.034173
v 0.000342 -0.108769 -0.032147
v -0.022585 -0.080096 -0.036309
v -0.021511 -0.057565 -0.036564
v -0.020262 -0.044659 -0.036659
v -0.022288 -0.051971 -0.036211
v -0.001462 -0.031979 -0.033097
v -0.007397 -0.032132 -0.036865
v -0.010024 -0.032148 -0.037096
v -0.002782 -0.110028 -0.034319
v -0.017572 -0.104503 -0.037164
v -0.012008 -0.108430 -0.037088
v -0.002166 -0.105887 -0.033941
v -0.022680 -0.046300 -0.036022
v -0.022671 -0.057332 -0.036018
v -0.015076 -0.037219 -0.037700
v -0.020196 -0.039449 -0.036648
v -0.005605 -0.029449 -0.034497
v -0.012653 -0.032126 -0.036994
v -0.002161 -0.108430 -0.033828
v -0.007376 -0.109489 -0.036236
v -0.017558 -0.111603 -0.036842
v -0.010730 -0.111653 -0.037182
v -0.020615 -0.101857 -0.036826
v -0.022798 -0.100223 -0.036195
v -0.025112 -0.085291 -0.034624
v -0.022634 -0.041171 -0.035837
v -0.025071 -0.046706 -0.034809
v -0.017912 -0.035489 -0.036615
v -0.015080 -0.034676 -0.037796
v -0.003897 -0.027064 -0.032489
v -0.010004 -0.029241 -0.034688
v -0.007290 -0.028539 -0.034689
v -0.015027 -0.032376 -0.036678
v -0.012375 -0.030637 -0.034453
v -0.004276 -0.111585 -0.035102
v -0.015751 -0.115992 -0.036878
v -0.019191 -0.110194 -0.036533
v -0.012506 -0.113517 -0.037198
v -0.021631 -0.100800 -0.036558
v -0.025372 -0.097742 -0.035076
v -0.025398 -0.090044 -0.034600
v -0.026381 -0.042222 -0.033993
v -0.022856 -0.035112 -0.034966
v -0.007266 -0.027046 -0.034100
v -0.002058 -0.027046 -0.031674
v -0.002235 -0.118207 -0.033656
v -0.007458 -0.115640 -0.036231
v -0.017261 -0.116666 -0.036673
v -0.020202 -0.116122 -0.036161
v -0.012632 -0.115930 -0.036979
v -0.022488 -0.107224 -0.035660
v -0.023417 -0.103836 -0.035808
v -0.029944 -0.088391 -0.030929
v -0.025260 -0.038165 -0.033996
v -0.020074 -0.034676 -0.035720
v -0.004412 -0.024674 -0.032840
v 0.000814 -0.029589 -0.030251
v -0.012338 -0.029589 -0.033669
v -0.009808 -0.027046 -0.034017
v -0.014990 -0.029651 -0.034292
v -0.004618 -0.118677 -0.034914
v -0.009654 -0.116039 -0.036760
v -0.015422 -0.121135 -0.035955
v -0.022415 -0.111731 -0.035354
v -0.027765 -0.101052 -0.033766
v -0.027273 -0.093178 -0.033512
v -0.028969 -0.039642 -0.031372
v -0.017550 -0.032132 -0.036198
v -0.024738 -0.032404 -0.034224
v -0.022603 -0.032132 -0.035375
v -0.007264 -0.024503 -0.034054
v 0.000614 -0.027046 -0.030029
v -0.002051 -0.024503 -0.031538
v -0.012361 -0.026550 -0.034157
v -0.009733 -0.024523 -0.034594
v -0.017517 -0.029843 -0.036801
v -0.004963 -0.120882 -0.034764
v -0.021787 -0.121014 -0.035094
v -0.022756 -0.117891 -0.035204
v -0.012489 -0.120988 -0.036135
v -0.025049 -0.110297 -0.034012
v -0.026836 -0.103690 -0.033863
v -0.027786 -0.098257 -0.033837
v -0.027528 -0.096247 -0.033671
v -0.029991 -0.097074 -0.031217
v -0.028048 -0.037276 -0.031881
v -0.027566 -0.034676 -0.032645
v -0.020087 -0.032132 -0.035993
v -0.004685 -0.021959 -0.033375
v -0.002526 -0.021938 -0.032072
v -0.017560 -0.027287 -0.036605
v -0.017544 -0.123690 -0.036061
v -0.025172 -0.115545 -0.033900
v -0.009186 -0.121297 -0.035646
v -0.024939 -0.113517 -0.033759
v -0.030468 -0.102408 -0.031377
v -0.031354 -0.037145 -0.028671
v -0.027560 -0.032132 -0.032520
v -0.025128 -0.029589 -0.034924
v -0.022764 -0.029662 -0.036575
v -0.007853 -0.022242 -0.034411
v 0.000606 -0.024359 -0.030011
v 0.000050 -0.021912 -0.029895
v -0.014972 -0.026903 -0.034274
v -0.012421 -0.024503 -0.035424
v -0.020122 -0.029668 -0.037042
v -0.012460 -0.123690 -0.036235
v -0.015024 -0.124144 -0.036617
v -0.021560 -0.123659 -0.035639
v -0.026006 -0.121184 -0.033766
v -0.025363 -0.118449 -0.034202
v -0.007307 -0.123665 -0.035355
v -0.028517 -0.111052 -0.031311
v -0.027388 -0.107177 -0.033123
v -0.029071 -0.034462 -0.030982
v -0.026162 -0.028601 -0.033850
v -0.009874 -0.021959 -0.035407
v -0.004468 -0.018958 -0.032236
v -0.002034 -0.019416 -0.031164
v -0.014963 -0.024503 -0.035331
v -0.017497 -0.024503 -0.035075
v -0.022583 -0.027017 -0.036527
v -0.026875 -0.123792 -0.033841
v -0.028346 -0.116138 -0.031614
v -0.029301 -0.113606 -0.030389
v -0.029819 -0.107960 -0.030967
v -0.025107 -0.027046 -0.034492
v -0.009866 -0.019416 -0.035233
v -0.008718 -0.018760 -0.034455
v 0.000542 -0.019416 -0.029943
v -0.012428 -0.021959 -0.035567
v -0.014951 -0.021959 -0.035084
v -0.020053 -0.024503 -0.035290
v -0.005263 -0.123904 -0.034661
v -0.012496 -0.124783 -0.036993
v -0.021214 -0.124642 -0.036645
v -0.030062 -0.120737 -0.031083
v -0.029020 -0.118771 -0.031770
v -0.030675 -0.110030 -0.029774
v -0.025286 -0.024336 -0.033909
v -0.012513 -0.019203 -0.034498
v -0.002455 -0.017077 -0.030226
v -0.007749 -0.014424 -0.031969
v -0.017329 -0.021717 -0.034583
v -0.020102 -0.021284 -0.034242
v -0.022600 -0.024503 -0.035309
v -0.007465 -0.125433 -0.037291
v -0.009955 -0.125356 -0.037114
v -0.011334 -0.125686 -0.039536
v -0.017056 -0.125403 -0.039324
v -0.025657 -0.125305 -0.036259
v -0.030134 -0.123986 -0.033103
v -0.032615 -0.118603 -0.028566
v -0.031889 -0.113370 -0.027996
v -0.009757 -0.014307 -0.032345
v 0.000799 -0.016680 -0.027921
v -0.014892 -0.020345 -0.034276
v -0.022617 -0.021840 -0.033991
v -0.002430 -0.126082 -0.037831
v -0.020238 -0.125502 -0.039171
v -0.032632 -0.126144 -0.036253
v -0.025920 -0.125867 -0.038841
v -0.032383 -0.116218 -0.028284
v -0.012326 -0.016873 -0.033420
v -0.004165 -0.014330 -0.029975
v -0.009710 -0.011147 -0.031518
v -0.000515 -0.014298 -0.027461
v -0.019842 -0.018231 -0.033013
v -0.022476 -0.019416 -0.032695
v -0.003425 -0.126607 -0.040496
v -0.013514 -0.125883 -0.042064
v -0.022945 -0.125829 -0.039437
v -0.028859 -0.126180 -0.038528
v -0.025020 -0.021959 -0.032650
v -0.001817 -0.011839 -0.028627
v -0.012260 -0.013997 -0.032044
v -0.014741 -0.011756 -0.030914
v -0.007105 -0.007145 -0.029722
v 0.000583 -0.014663 -0.024812
v -0.014336 -0.015515 -0.032216
v -0.017374 -0.016873 -0.032502
v -0.008861 -0.126357 -0.042191
v -0.025460 -0.126231 -0.041477
v -0.026304 -0.021779 -0.031102
v -0.005153 -0.009157 -0.029519
v -0.012185 -0.009243 -0.030459
v -0.009620 -0.006700 -0.030076
v -0.000453 -0.011786 -0.027382
v -0.022420 -0.016862 -0.031431
v -0.018922 -0.014188 -0.031519
v -0.024764 -0.019569 -0.030851
v -0.001666 -0.009243 -0.027482
v -0.014717 -0.009243 -0.030173
v -0.004467 -0.006700 -0.028792
v -0.009776 -0.004698 -0.029308
v 0.000307 -0.009249 -0.024868
v -0.024112 -0.017386 -0.028962
v -0.017277 -0.011786 -0.030465
v -0.015946 -0.009243 -0.029190
v -0.014918 -0.007047 -0.027963
v -0.012172 -0.006700 -0.030191
v -0.006987 -0.004097 -0.028041
v -0.022301 -0.014307 -0.028897
v -0.027845 -0.019500 -0.024268
v -0.001718 -0.006700 -0.027419
v -0.017214 -0.010416 -0.029130
v -0.004431 -0.004157 -0.028050
v -0.012316 -0.004122 -0.029393
v -0.009627 -0.001952 -0.026855
v -0.019845 -0.011755 -0.029053
v -0.024729 -0.016723 -0.026258
v -0.017090 -0.009293 -0.026546
v -0.004381 -0.002007 -0.026986
v -0.012040 -0.001613 -0.027431
v -0.006857 -0.001613 -0.025527
v 0.000075 -0.006700 -0.024861
v -0.022254 -0.011705 -0.026501
v -0.027123 -0.016470 -0.021679
v -0.001510 -0.004157 -0.027546
v -0.019715 -0.009285 -0.026500
v -0.017063 -0.006700 -0.025973
v -0.014589 -0.004157 -0.027493
v -0.012053 0.000930 -0.027688
v -0.008321 0.000788 -0.026963
v -0.024795 -0.014258 -0.024615
v -0.017048 -0.004112 -0.026578
v -0.001850 -0.002863 -0.027316
v -0.006923 0.001288 -0.026900
v -0.014566 -0.001613 -0.026996
v -0.014552 0.002084 -0.027799
v 0.000171 -0.004157 -0.024866
v -0.022125 -0.009243 -0.025328
v -0.026405 -0.014105 -0.021085
v -0.019595 -0.006700 -0.025676
v -0.001798 -0.001613 -0.026215
v -0.004353 0.000930 -0.026405
v -0.011943 0.003414 -0.028458
v -0.006962 0.003473 -0.027718
v -0.024712 -0.011786 -0.023823
v -0.022122 -0.006700 -0.025268
v -0.019605 -0.004157 -0.025891
v -0.017162 0.000930 -0.028050
v -0.001367 0.000930 -0.025060
v -0.004891 0.004229 -0.027131
v -0.014631 0.006016 -0.028364
v -0.024643 -0.009177 -0.023704
v -0.024227 -0.006700 -0.023480
v -0.022143 -0.004157 -0.025702
v -0.020121 0.000569 -0.026567
v -0.001637 0.004380 -0.024744
v -0.017105 0.005938 -0.028230
v -0.009661 0.006308 -0.028351
v -0.006971 0.006016 -0.027902
v -0.026440 -0.009243 -0.021052
v -0.022113 -0.001613 -0.025084
v -0.019684 0.003473 -0.027537
v -0.004360 0.010813 -0.026611
v -0.012324 0.008520 -0.028773
v -0.017125 0.008560 -0.027275
v -0.006542 0.008608 -0.027505
v -0.025891 -0.006700 -0.021078
v -0.024458 -0.001883 -0.023596
v -0.022046 0.001034 -0.024429
v -0.020967 0.003473 -0.026405
v -0.019675 0.006016 -0.027360
v -0.012101 0.011103 -0.028707
v -0.025536 -0.002856 -0.021197
v -0.023141 0.000930 -0.023755
v -0.006680 0.011368 -0.027771
v -0.009470 0.011358 -0.028462
v -0.019589 0.008499 -0.026453
v -0.024764 0.003212 -0.021415
v -0.023067 0.005339 -0.023546
v -0.021281 0.006237 -0.026226
v -0.006534 0.013919 -0.027309
v -0.004307 0.016189 -0.025445
v -0.009504 0.017536 -0.027702
v -0.022293 0.008560 -0.024069
v -0.007067 0.021209 -0.026459
v -0.004053 0.021930 -0.024660
v -0.009338 0.021346 -0.026977
v -0.004970 0.023837 -0.024378
v -0.009431 0.023819 -0.026107
v -0.009350 0.025221 -0.024412
v -0.037622 -0.126267 -0.032931
v -0.040052 -0.126213 -0.029699
v -0.035598 -0.126408 -0.035077
v -0.041817 -0.126096 -0.026643
v -0.043995 -0.126240 -0.021079
v -0.034438 -0.126422 -0.036141
v -0.033474 -0.126320 -0.036950
v -0.045188 -0.126379 -0.013432
v -0.045136 -0.126335 -0.010446
v -0.044900 -0.126334 -0.008107
v -0.044007 -0.126233 -0.003866
v -0.043081 -0.126127 -0.001103
v -0.042505 -0.126051 0.000281
v -0.041213 -0.126091 0.002869
v 0.016480 -0.126747 -0.021097
v 0.016758 -0.126689 -0.020052
v 0.014996 -0.126801 -0.025191
v 0.017528 -0.126721 -0.015646
v 0.017623 -0.126641 -0.014508
v 0.014126 -0.126705 -0.026999
v 0.017560 -0.126656 -0.009559
v 0.017440 -0.126669 -0.008489
v 0.017106 -0.126649 -0.006412
v 0.012789 -0.126581 -0.029317
v 0.012183 -0.126696 -0.030234
v 0.009018 -0.126935 -0.034138
v 0.007901 -0.126887 -0.035254
v 0.001739 -0.126807 -0.039816
v 0.005725 -0.126905 -0.037141
v 0.004016 -0.126778 -0.038397
v 0.014197 -0.126979 0.001958
v 0.015540 -0.126886 -0.001016
v 0.012180 -0.126989 0.005332
v 0.017106 -0.126649 -0.006412
v 0.016841 -0.126673 -0.005185
v 0.010835 -0.126964 0.007149
v 0.010079 -0.127006 0.008062
v 0.006614 -0.127063 0.011505
v 0.005401 -0.127046 0.012486
v 0.004251 -0.127039 0.013330
v 0.002384 -0.126970 0.014537
v 0.000610 -0.126895 0.015521
v -0.002601 -0.126821 0.016951
v -0.006385 -0.126654 0.018118
v -0.012053 -0.126388 0.018946
v -0.015549 -0.126378 0.018944
v -0.016765 -0.126362 0.018846
v -0.018984 -0.126252 0.018557
v -0.022327 -0.126110 0.017802
v -0.023857 -0.126137 0.017326
v -0.025567 -0.126197 0.016691
v -0.029228 -0.126357 0.014926
v -0.031803 -0.126207 0.013297
v -0.033064 -0.126063 0.012369
v -0.035886 -0.125878 0.009885
v -0.038350 -0.126024 0.007140
v -0.040774 -0.126095 0.003632
v -0.017904 -0.126313 -0.043623
v 0.001560 -0.126803 -0.039917
v -0.031449 -0.126382 -0.038450
v -0.033474 -0.126320 -0.036950
v -0.002606 -0.126843 -0.041857
v -0.004521 -0.126890 -0.042514
v -0.005766 -0.126826 -0.042868
v -0.012896 -0.126316 -0.043888
v -0.022292 -0.126282 -0.042717
v -0.029511 -0.126252 -0.039668
v -0.025601 -0.126245 -0.041585
v -0.028507 -0.126285 -0.040225
v -0.008598 -0.126585 -0.043475
vt 0.003702 0.122676
vt 0.003339 0.134641
vt 0.004923 0.136798
vt 0.002170 0.132263
vt 0.005107 0.148656
vt 0.005523 0.125457
vt 0.001869 0.150395
vt 0.002884 0.120991
vt 0.006103 0.137922
vt 0.006628 0.126540
vt 0.003595 0.109951
vt 0.000996 0.134101
vt 0.007730 0.150345
vt 0.004665 0.161829
vt 0.006765 0.116219
vt 0.000315 0.153834
vt 0.001688 0.117136
vt 0.008288 0.129138
vt 0.002622 0.168859
vt 0.008901 0.114988
vt 0.006333 0.098878
vt 0.002172 0.105855
vt 0.007249 0.161698
vt 0.009573 0.150432
vt 0.004684 0.169862
vt 0.008462 0.089047
vt 0.003043 0.096499
vt 0.009452 0.162994
vt 0.009952 0.136864
vt 0.009987 0.127055
vt 0.005947 0.178035
vt 0.010527 0.099738
vt 0.005542 0.082674
vt 0.001743 0.087769
vt 0.008754 0.173418
vt 0.006671 0.172635
vt 0.011704 0.151643
vt 0.012102 0.140141
vt 0.010571 0.114972
vt 0.010350 0.084523
vt 0.008005 0.080244
vt 0.003260 0.080337
vt 0.010882 0.161593
vt 0.012422 0.126406
vt 0.007647 0.180463
vt 0.011877 0.087133
vt 0.013208 0.101010
vt 0.007099 0.070991
vt 0.005011 0.073576
vt 0.010195 0.172339
vt 0.013644 0.152277
vt 0.013948 0.141357
vt 0.008956 0.072415
vt 0.012363 0.172494
vt 0.013013 0.162830
vt 0.014363 0.116465
vt 0.010928 0.074553
vt 0.014066 0.091297
vt 0.010169 0.067227
vt 0.009678 0.180719
vt 0.015241 0.151833
vt 0.015663 0.125208
vt 0.016034 0.104009
vt 0.011928 0.181450
vt 0.016124 0.161367
vt 0.015597 0.140279
vt 0.015962 0.093920
vt 0.015309 0.171163
vt 0.017066 0.150087
vt 0.017161 0.129705
vt 0.017855 0.105190
vt 0.014231 0.181035
vt 0.017242 0.162640
vt 0.017652 0.116733
vt 0.017704 0.093115
vt 0.016986 0.180703
vt 0.017858 0.172098
vt 0.019554 0.142505
vt 0.019757 0.155670
vt 0.019797 0.130971
vt 0.019925 0.105403
vt 0.018767 0.164805
vt 0.019970 0.119055
vt 0.019721 0.175433
vt 0.020676 0.165599
vt 0.021799 0.127432
vt 0.021465 0.145526
vt 0.021437 0.155769
vt 0.022340 0.165657
vt 0.022571 0.152808
vt 0.023974 0.160857
vt 0.024577 0.167713
vt 0.541975 0.058955
vt 0.541490 0.051793
vt 0.546363 0.070615
vt 0.545734 0.060459
vt 0.543534 0.050599
vt 0.540836 0.043412
vt 0.550423 0.079664
vt 0.542363 0.042418
vt 0.547893 0.061440
vt 0.546603 0.050426
vt 0.550658 0.071620
vt 0.551862 0.085239
vt 0.544050 0.041328
vt 0.542991 0.034230
vt 0.548286 0.051612
vt 0.545222 0.045404
vt 0.552861 0.090429
vt 0.549476 0.062511
vt 0.549645 0.054048
vt 0.546564 0.042470
vt 0.554134 0.083033
vt 0.545278 0.038829
vt 0.543968 0.028996
vt 0.551047 0.063081
vt 0.548329 0.046715
vt 0.554130 0.073858
vt 0.552625 0.061450
vt 0.551140 0.056933
vt 0.546415 0.040054
vt 0.544882 0.033242
vt 0.555145 0.086290
vt 0.558505 0.085135
vt 0.550957 0.052836
vt 0.548391 0.045632
vt 0.556646 0.090600
vt 0.558313 0.075692
vt 0.554222 0.062374
vt 0.552560 0.053767
vt 0.550500 0.048449
vt 0.546321 0.035550
vt 0.544919 0.028214
vt 0.556896 0.064367
vt 0.560718 0.077563
vt 0.549250 0.044745
vt 0.547498 0.039758
vt 0.559064 0.065003
vt 0.560667 0.069038
vt 0.555783 0.055606
vt 0.554190 0.054214
vt 0.552007 0.048700
vt 0.550097 0.041163
vt 0.544973 0.021523
vt 0.547117 0.032999
vt 0.560051 0.054246
vt 0.562308 0.071040
vt 0.557426 0.055916
vt 0.548642 0.033719
vt 0.561185 0.059501
vt 0.563750 0.076366
vt 0.555221 0.051410
vt 0.562981 0.049426
vt 0.559041 0.050470
vt 0.562563 0.059954
vt 0.564187 0.064530
vt 0.554019 0.048801
vt 0.560260 0.048363
vt 0.557124 0.047783
vt 0.556350 0.045162
vt 0.564407 0.053945
vt 0.564137 0.039905
vt 0.564926 0.044292
vt 0.026055 0.075300
vt 0.027778 0.074450
vt 0.025770 0.060751
vt 0.026120 0.090607
vt 0.029653 0.061548
vt 0.023744 0.060322
vt 0.024465 0.082945
vt 0.027893 0.089852
vt 0.031641 0.052003
vt 0.029619 0.072515
vt 0.024351 0.071649
vt 0.025418 0.056472
vt 0.024769 0.098926
vt 0.026375 0.101494
vt 0.027074 0.048283
vt 0.031886 0.066096
vt 0.023150 0.069634
vt 0.023129 0.052278
vt 0.023914 0.092928
vt 0.023332 0.079735
vt 0.029205 0.089051
vt 0.028351 0.108750
vt 0.029103 0.045560
vt 0.033514 0.058488
vt 0.031570 0.076852
vt 0.022234 0.058369
vt 0.025126 0.049992
vt 0.021295 0.054361
vt 0.024860 0.114488
vt 0.023966 0.108043
vt 0.026415 0.116146
vt 0.030801 0.042863
vt 0.025931 0.038852
vt 0.034019 0.073503
vt 0.034509 0.043669
vt 0.033681 0.081548
vt 0.020482 0.057213
vt 0.022771 0.076845
vt 0.022446 0.044780
vt 0.022210 0.100574
vt 0.022242 0.088488
vt 0.031515 0.087745
vt 0.029713 0.103928
vt 0.028241 0.116209
vt 0.033349 0.037838
vt 0.028698 0.036495
vt 0.035305 0.066240
vt 0.035563 0.051727
vt 0.021334 0.064681
vt 0.024496 0.124620
vt 0.023118 0.129594
vt 0.030934 0.099430
vt 0.029651 0.119315
vt 0.030190 0.034658
vt 0.035944 0.079955
vt 0.036517 0.039417
vt 0.033315 0.090580
vt 0.018492 0.066832
vt 0.021977 0.075938
vt 0.025942 0.134209
vt 0.020459 0.081392
vt 0.031056 0.105946
vt 0.027811 0.135330
vt 0.035632 0.088051
vt 0.037491 0.073447
vt 0.037407 0.058247
vt 0.036521 0.030113
vt 0.037359 0.047192
vt 0.034771 0.095201
vt 0.019949 0.076066
vt 0.024045 0.134505
vt 0.033225 0.103703
vt 0.029404 0.133708
vt 0.037245 0.094376
vt 0.038709 0.078780
vt 0.039712 0.042619
vt 0.017885 0.078449
vt 0.025481 0.142447
vt 0.023752 0.143448
vt 0.022688 0.138468
vt 0.031584 0.118325
vt 0.034306 0.111082
vt 0.029594 0.147204
vt 0.038026 0.087593
vt 0.038753 0.065935
vt 0.038150 0.055629
vt 0.040084 0.027815
vt 0.040302 0.049958
vt 0.015009 0.068104
vt 0.027451 0.144554
vt 0.031347 0.148832
vt 0.031292 0.133128
vt 0.036416 0.102779
vt 0.040556 0.096275
vt 0.041434 0.089535
vt 0.041643 0.073194
vt 0.041585 0.039173
vt 0.042349 0.047905
vt 0.016005 0.077056
vt 0.025042 0.153596
vt 0.016096 0.085616
vt 0.033607 0.121867
vt 0.029141 0.155802
vt 0.039781 0.102958
vt 0.041089 0.060002
vt 0.040864 0.054122
vt 0.042520 0.030186
vt 0.042648 0.054383
vt 0.036192 0.116456
vt 0.013669 0.079662
vt 0.026832 0.152458
vt 0.032426 0.155742
vt 0.033666 0.146823
vt 0.033311 0.132139
vt 0.038889 0.110888
vt 0.042881 0.100168
vt 0.042493 0.109177
vt 0.043259 0.087927
vt 0.042728 0.060193
vt 0.043600 0.049646
vt 0.042289 0.021887
vt 0.043179 0.039671
vt 0.026188 0.159927
vt 0.035719 0.124315
vt 0.031427 0.158523
vt 0.028128 0.160606
vt 0.043157 0.072840
vt 0.044672 0.027214
vt 0.043645 0.041870
vt 0.043855 0.064494
vt 0.038430 0.124268
vt 0.033048 0.161311
vt 0.034640 0.156657
vt 0.035040 0.132432
vt 0.040769 0.120838
vt 0.044867 0.102364
vt 0.045280 0.091223
vt 0.045220 0.083929
vt 0.044314 0.039492
vt 0.044483 0.056287
vt 0.037531 0.138660
vt 0.035076 0.146168
vt 0.043545 0.119234
vt 0.044497 0.113351
vt 0.044558 0.074045
vt 0.047080 0.032724
vt 0.044061 0.046274
vt 0.045310 0.065943
vt 0.040288 0.143504
vt 0.036648 0.158702
vt 0.047999 0.102704
vt 0.047168 0.094091
vt 0.046154 0.074083
vt 0.046148 0.041423
vt 0.045824 0.056212
vt 0.037059 0.147957
vt 0.046425 0.114955
vt 0.046837 0.083737
vt 0.047086 0.050379
vt 0.046574 0.063787
vt 0.046335 0.128597
vt 0.048033 0.113933
vt 0.047876 0.085953
vt 0.047393 0.122457
vt 0.049051 0.108337
vt 0.048835 0.094317
vt 0.049480 0.124190
vt 0.049550 0.116331
vt 0.647268 0.052878
vt 0.643517 0.045646
vt 0.643741 0.055159
vt 0.644534 0.038181
vt 0.639032 0.044493
vt 0.644953 0.067920
vt 0.644362 0.031318
vt 0.642597 0.031890
vt 0.641601 0.035837
vt 0.640054 0.056404
vt 0.648302 0.065749
vt 0.644328 0.065686
vt 0.647291 0.031144
vt 0.640387 0.031163
vt 0.637441 0.055194
vt 0.642488 0.068986
vt 0.648477 0.078855
vt 0.649458 0.052507
vt 0.649448 0.036688
vt 0.646103 0.022745
vt 0.640813 0.024222
vt 0.635657 0.031742
vt 0.636638 0.038617
vt 0.640190 0.068673
vt 0.650591 0.076957
vt 0.646013 0.079909
vt 0.653475 0.063654
vt 0.649197 0.044671
vt 0.642879 0.081666
vt 0.648514 0.029286
vt 0.648665 0.022551
vt 0.643694 0.023050
vt 0.636840 0.025446
vt 0.634204 0.039489
vt 0.636530 0.068289
vt 0.649623 0.091860
vt 0.644745 0.080529
vt 0.646121 0.093975
vt 0.651229 0.051670
vt 0.653001 0.042081
vt 0.632322 0.025596
vt 0.634626 0.048537
vt 0.634372 0.059126
vt 0.638368 0.072943
vt 0.651158 0.089013
vt 0.654736 0.075743
vt 0.652787 0.050952
vt 0.650786 0.036162
vt 0.633073 0.032375
vt 0.630951 0.034532
vt 0.634888 0.071562
vt 0.638237 0.080871
vt 0.651180 0.092723
vt 0.654591 0.088419
vt 0.648405 0.109225
vt 0.656861 0.074001
vt 0.655885 0.049678
vt 0.643038 0.095411
vt 0.652043 0.035303
vt 0.629726 0.049547
vt 0.631019 0.040784
vt 0.630512 0.061392
vt 0.638639 0.086137
vt 0.651386 0.100718
vt 0.649855 0.100172
vt 0.657968 0.061255
vt 0.639779 0.097213
vt 0.642736 0.104304
vt 0.652630 0.030027
vt 0.626813 0.026936
vt 0.629013 0.035016
vt 0.632057 0.069496
vt 0.635257 0.082704
vt 0.659042 0.087676
vt 0.660065 0.072486
vt 0.658088 0.048718
vt 0.655399 0.040676
vt 0.651221 0.022125
vt 0.627161 0.062164
vt 0.630677 0.070305
vt 0.634071 0.083764
vt 0.638606 0.101298
vt 0.653635 0.098187
vt 0.651796 0.117262
vt 0.656931 0.096460
vt 0.659407 0.084068
vt 0.660477 0.059890
vt 0.657284 0.042125
vt 0.653949 0.026843
vt 0.624608 0.025338
vt 0.628433 0.042065
vt 0.624788 0.050364
vt 0.627974 0.072793
vt 0.634705 0.100087
vt 0.654632 0.100148
vt 0.652256 0.110610
vt 0.659569 0.094125
vt 0.660584 0.088801
vt 0.661594 0.089414
vt 0.662695 0.072078
vt 0.659376 0.049088
vt 0.657495 0.040410
vt 0.639100 0.120465
vt 0.626025 0.035804
vt 0.624035 0.043109
vt 0.625624 0.062537
vt 0.630304 0.078396
vt 0.633205 0.088275
vt 0.634145 0.109037
vt 0.653224 0.112582
vt 0.656877 0.105553
vt 0.658798 0.103297
vt 0.662843 0.059607
vt 0.660981 0.048147
vt 0.622964 0.034501
vt 0.622246 0.052739
vt 0.624196 0.063555
vt 0.625477 0.077551
vt 0.631071 0.088807
vt 0.630444 0.102803
vt 0.654299 0.113994
vt 0.661255 0.101581
vt 0.662840 0.081488
vt 0.621572 0.027954
vt 0.626847 0.087957
vt 0.630052 0.113286
vt 0.662782 0.089591
vt 0.664696 0.075732
vt 0.621453 0.035252
vt 0.622183 0.063591
vt 0.622820 0.077937
vt 0.623299 0.091585
vt 0.629590 0.090761
vt 0.626066 0.104114
vt 0.630642 0.127169
vt 0.662321 0.099540
vt 0.619798 0.037283
vt 0.619630 0.054766
vt 0.626873 0.092174
vt 0.626834 0.117483
vt 0.628225 0.125262
vt 0.664453 0.087933
vt 0.621215 0.078695
vt 0.618921 0.065338
vt 0.621684 0.092748
vt 0.625041 0.117130
vt 0.628932 0.132728
vt 0.616946 0.036342
vt 0.617185 0.065555
vt 0.623475 0.106714
vt 0.624746 0.128801
vt 0.626160 0.133345
vt 0.628659 0.140072
vt 0.617757 0.045646
vt 0.618734 0.083067
vt 0.619765 0.077114
vt 0.616932 0.053788
vt 0.621879 0.113089
vt 0.623289 0.127449
vt 0.615192 0.037497
vt 0.616367 0.047480
vt 0.620224 0.093159
vt 0.614868 0.060864
vt 0.618308 0.075943
vt 0.622879 0.135936
vt 0.624498 0.136440
vt 0.618760 0.093401
vt 0.615794 0.068476
vt 0.616608 0.077874
vt 0.620478 0.108123
vt 0.621284 0.136605
vt 0.624856 0.151340
vt 0.613188 0.040278
vt 0.616856 0.083590
vt 0.617587 0.110057
vt 0.616715 0.095274
vt 0.614358 0.046598
vt 0.612560 0.069649
vt 0.620454 0.119437
vt 0.622599 0.143868
vt 0.612751 0.055449
vt 0.615542 0.081362
vt 0.611720 0.063032
vt 0.613715 0.075834
vt 0.618903 0.122233
vt 0.620523 0.145200
vt 0.620143 0.131311
vt 0.622543 0.158303
vt 0.614738 0.089905
vt 0.614912 0.100492
vt 0.610014 0.064813
vt 0.613041 0.085192
vt 0.617178 0.132819
vt 0.621409 0.150875
vt 0.619997 0.140083
vt 0.620351 0.160981
vt 0.611192 0.050579
vt 0.613961 0.093014
vt 0.614378 0.107993
vt 0.610662 0.076063
vt 0.608938 0.058933
vt 0.618780 0.143340
vt 0.615089 0.123160
vt 0.619687 0.150887
vt 0.619427 0.149103
vt 0.613211 0.102152
vt 0.609941 0.075533
vt 0.608157 0.068576
vt 0.611338 0.084304
vt 0.616915 0.142883
vt 0.613564 0.140172
vt 0.618052 0.150617
vt 0.612510 0.091043
vt 0.611627 0.116920
vt 0.611427 0.103555
vt 0.605617 0.064635
vt 0.616258 0.150573
vt 0.613135 0.130177
vt 0.611458 0.095412
vt 0.606396 0.070695
vt 0.611066 0.087799
vt 0.614479 0.149417
vt 0.611059 0.129049
vt 0.615642 0.155129
vt 0.609034 0.114933
vt 0.608262 0.104304
vt 0.607405 0.076462
vt 0.606828 0.088022
vt 0.604657 0.071725
vt 0.610753 0.142247
vt 0.609058 0.092478
vt 0.608904 0.128439
vt 0.605453 0.081377
vt 0.607740 0.135349
vt 0.606985 0.114502
vt 0.602390 0.083230
vt 0.604240 0.132608
vt 0.604495 0.122448
vt 0.606660 0.102542
vt 0.603837 0.096827
vt 0.601978 0.075090
vt 0.604720 0.111564
vt 0.602310 0.097983
vt 0.600187 0.079746
vt 0.602470 0.120213
vt 0.602594 0.110457
vt 0.600073 0.089146
vt 0.599382 0.075972
vt 0.598804 0.110252
vt 0.598068 0.082871
vt 0.600803 0.121669
vt 0.597787 0.095513
vt 0.597737 0.074642
vt 0.598032 0.121217
vt 0.596621 0.108970
vt 0.596427 0.089011
vt 0.596911 0.066421
vt 0.596372 0.083296
vt 0.594377 0.106983
vt 0.595016 0.069080
vt 0.595899 0.076230
vt 0.594433 0.118215
vt 0.592106 0.104306
vt 0.593905 0.079655
vt 0.594390 0.058218
vt 0.592170 0.117292
vt 0.593406 0.058662
vt 0.591870 0.128768
vt 0.590234 0.117643
vt 0.591375 0.074764
vt 0.593157 0.070775
vt 0.590047 0.129727
vt 0.590233 0.105360
vt 0.589885 0.090089
vt 0.590419 0.065416
vt 0.591793 0.138380
vt 0.588486 0.119499
vt 0.587914 0.130975
vt 0.589404 0.075263
vt 0.590151 0.140886
vt 0.588593 0.098181
vt 0.588715 0.109068
vt 0.588157 0.086278
vt 0.586870 0.122954
vt 0.588100 0.140591
vt 0.586751 0.066838
vt 0.587517 0.076259
vt 0.586846 0.098668
vt 0.587252 0.113153
vt 0.586655 0.132994
vt 0.586925 0.151441
vt 0.586275 0.142135
vt 0.585766 0.077429
vt 0.586338 0.085647
vt 0.584689 0.124647
vt 0.584800 0.068196
vt 0.584381 0.087230
vt 0.584846 0.099703
vt 0.585026 0.111937
vt 0.584747 0.134806
vt 0.583583 0.153634
vt 0.581753 0.071199
vt 0.582515 0.112163
vt 0.584448 0.144191
vt 0.580574 0.126941
vt 0.583597 0.078019
vt 0.580816 0.094727
vt 0.577795 0.136544
vt 0.580051 0.144241
vt 0.579983 0.081759
vt 0.581589 0.106539
vt 0.577990 0.111370
vt 0.574696 0.124168
vt 0.579745 0.153310
vt 0.576471 0.147600
vt 0.574626 0.137187
vt 0.577262 0.095981
vt 0.574321 0.113461
vt 0.571662 0.132918
vt 0.576035 0.156028
vt 0.572209 0.122276
vt 0.574282 0.147076
vt 0.574109 0.155213
vt 0.575476 0.162629
vt 0.570280 0.124403
vt 0.571266 0.158289
vt 0.570076 0.149855
vt 0.573197 0.162163
vt 0.893413 0.391901
vt 0.897101 0.377124
vt 0.892476 0.379400
vt 0.896626 0.388330
vt 0.893272 0.366824
vt 0.891532 0.388268
vt 0.893390 0.403016
vt 0.898412 0.383987
vt 0.897287 0.369522
vt 0.890744 0.374321
vt 0.889558 0.390740
vt 0.891227 0.395208
vt 0.895197 0.402945
vt 0.891872 0.402789
vt 0.897983 0.391496
vt 0.898818 0.374360
vt 0.896899 0.360657
vt 0.891211 0.362643
vt 0.897091 0.403080
vt 0.894730 0.412715
vt 0.890725 0.410525
vt 0.900006 0.395688
vt 0.900735 0.385219
vt 0.893820 0.350745
vt 0.889354 0.362346
vt 0.889088 0.383870
vt 0.888779 0.398981
vt 0.889303 0.405649
vt 0.888960 0.422527
vt 0.897951 0.403120
vt 0.900494 0.366829
vt 0.898551 0.358274
vt 0.895795 0.349392
vt 0.890322 0.351081
vt 0.887603 0.374407
vt 0.887219 0.383337
vt 0.885421 0.401232
vt 0.895837 0.415928
vt 0.891975 0.420926
vt 0.888806 0.411224
vt 0.902708 0.384830
vt 0.899821 0.401929
vt 0.901664 0.375614
vt 0.897861 0.346430
vt 0.896284 0.340691
vt 0.893527 0.345737
vt 0.889615 0.342765
vt 0.886529 0.365975
vt 0.887434 0.407178
vt 0.894127 0.419075
vt 0.890546 0.426297
vt 0.897313 0.413249
vt 0.901432 0.403979
vt 0.899002 0.416287
vt 0.900671 0.360051
vt 0.902259 0.363746
vt 0.899940 0.349846
vt 0.891091 0.341346
vt 0.888085 0.356757
vt 0.886235 0.375856
vt 0.884980 0.385742
vt 0.884962 0.408796
vt 0.897002 0.420458
vt 0.903208 0.374645
vt 0.900777 0.414114
vt 0.899117 0.336676
vt 0.897229 0.336767
vt 0.893790 0.331797
vt 0.890489 0.332834
vt 0.887251 0.345021
vt 0.886347 0.358078
vt 0.884932 0.376358
vt 0.882185 0.404259
vt 0.898361 0.424989
vt 0.903413 0.353478
vt 0.901464 0.352835
vt 0.900689 0.341998
vt 0.883670 0.367325
vt 0.882533 0.386907
vt 0.882427 0.411346
vt 0.902127 0.416009
vt 0.900143 0.428267
vt 0.901906 0.345139
vt 0.901360 0.333207
vt 0.896211 0.324224
vt 0.895214 0.325648
vt 0.893798 0.323023
vt 0.883286 0.346014
vt 0.882209 0.379769
vt 0.880367 0.404214
vt 0.880066 0.413376
vt 0.899459 0.330966
vt 0.897166 0.317973
vt 0.881163 0.350710
vt 0.880876 0.370042
vt 0.879898 0.404664
vt 0.898877 0.315333
vt 0.900652 0.318086
vt 0.893907 0.315735
vt 0.895062 0.315149
vt 0.880877 0.359623
vt 0.879922 0.380767
vt 0.878776 0.394743
vt 0.901870 0.321403
vt 0.897923 0.308996
vt 0.876749 0.362651
vt 0.877231 0.378226
vt 0.877026 0.391650
vt 0.877202 0.415222
vt 0.877308 0.349641
vt 0.876625 0.407357
vt 0.877227 0.345577
vt 0.874471 0.349416
vt 0.874291 0.377600
vt 0.873507 0.398876
vt 0.873252 0.418372
vt 0.873476 0.342117
vt 0.872818 0.353874
vt 0.872818 0.366790
vt 0.873457 0.410364
vt 0.872739 0.347586
vt 0.871619 0.381732
vt 0.871785 0.411877
vt 0.871402 0.348010
vt 0.869169 0.354000
vt 0.869658 0.387017
vt 0.872206 0.394814
vt 0.870496 0.408418
vt 0.868976 0.421343
vt 0.869669 0.346042
vt 0.869626 0.372263
vt 0.869927 0.331175
vt 0.868371 0.344167
vt 0.866011 0.367731
vt 0.869607 0.401733
vt 0.864902 0.417558
vt 0.869031 0.335806
vt 0.867179 0.336164
vt 0.865627 0.345439
vt 0.867683 0.356660
vt 0.868248 0.397617
vt 0.866954 0.383850
vt 0.863524 0.426252
vt 0.867349 0.321112
vt 0.865847 0.355722
vt 0.865587 0.409337
vt 0.865319 0.379159
vt 0.861854 0.425039
vt 0.864813 0.334801
vt 0.863294 0.350976
vt 0.861842 0.358548
vt 0.865023 0.400027
vt 0.864023 0.388352
vt 0.863733 0.409613
vt 0.865956 0.321253
vt 0.865747 0.330416
vt 0.861582 0.341487
vt 0.863433 0.369413
vt 0.859490 0.420058
vt 0.863005 0.322203
vt 0.861903 0.332072
vt 0.859316 0.360964
vt 0.862761 0.401651
vt 0.862260 0.385211
vt 0.862880 0.391378
vt 0.860073 0.404378
vt 0.858420 0.430520
vt 0.858678 0.332561
vt 0.861134 0.346853
vt 0.858576 0.344208
vt 0.859953 0.372446
vt 0.856262 0.419718
vt 0.855869 0.431566
vt 0.858048 0.323615
vt 0.858653 0.350638
vt 0.856922 0.373505
vt 0.860171 0.394153
vt 0.859478 0.385732
vt 0.856692 0.397715
vt 0.855102 0.439742
vt 0.854710 0.327135
vt 0.857093 0.333997
vt 0.855616 0.345926
vt 0.857306 0.352043
vt 0.857662 0.363451
vt 0.854779 0.411854
vt 0.853465 0.426105
vt 0.852884 0.434080
vt 0.856779 0.384055
vt 0.854777 0.373781
vt 0.853990 0.395848
vt 0.852523 0.442089
vt 0.855365 0.334795
vt 0.854461 0.359802
vt 0.853824 0.386733
vt 0.852398 0.407751
vt 0.851991 0.417583
vt 0.851378 0.430564
vt 0.853862 0.335504
vt 0.852312 0.349986
vt 0.852583 0.361477
vt 0.853312 0.374280
vt 0.851577 0.395715
vt 0.850797 0.442972
vt 0.850688 0.337386
vt 0.851694 0.385973
vt 0.851653 0.375609
vt 0.850384 0.407425
vt 0.849403 0.430265
vt 0.850937 0.363193
vt 0.849386 0.395123
vt 0.849737 0.417077
vt 0.848733 0.443185
vt 0.849325 0.344846
vt 0.850582 0.385018
vt 0.848980 0.373105
vt 0.847485 0.405331
vt 0.845282 0.411230
vt 0.846586 0.430282
vt 0.848388 0.359101
vt 0.846589 0.396878
vt 0.848665 0.381815
vt 0.846831 0.423340
vt 0.846230 0.439037
vt 0.846699 0.360289
vt 0.847741 0.390730
vt 0.844923 0.401904
vt 0.844051 0.425428
vt 0.843615 0.436270
vt 0.847036 0.371907
vt 0.846044 0.388432
vt 0.844576 0.389759
vt 0.846186 0.378890
vt 0.843837 0.410444
vt 0.845013 0.361135
vt 0.843160 0.391374
vt 0.842856 0.404981
vt 0.842848 0.419188
vt 0.840170 0.436075
vt 0.845339 0.372323
vt 0.844907 0.380893
vt 0.843459 0.382348
vt 0.843226 0.361336
vt 0.841029 0.397312
vt 0.840957 0.419441
vt 0.838508 0.429570
vt 0.843591 0.372608
vt 0.842065 0.375201
vt 0.838055 0.445110
vt 0.841839 0.362759
vt 0.839809 0.392797
vt 0.838462 0.411587
vt 0.838093 0.422689
vt 0.835338 0.446452
vt 0.840027 0.383403
vt 0.837976 0.403235
vt 0.834800 0.438164
vt 0.839901 0.371206
vt 0.838090 0.382450
vt 0.837801 0.388205
vt 0.836082 0.402201
vt 0.835885 0.422838
vt 0.834490 0.431340
vt 0.832903 0.448246
vt 0.836127 0.391274
vt 0.833419 0.440618
vt 0.834430 0.383654
vt 0.834206 0.422664
vt 0.832206 0.433812
vt 0.831963 0.442854
vt 0.832073 0.394163
vt 0.832803 0.407946
vt 0.832636 0.384165
vt 0.830852 0.406532
vt 0.832527 0.425053
vt 0.830882 0.436528
vt 0.830955 0.385232
vt 0.831054 0.427265
vt 0.828984 0.385132
vt 0.829127 0.418126
vt 0.829933 0.437175
vt 0.828649 0.377734
vt 0.826803 0.397962
vt 0.827590 0.408700
vt 0.826919 0.383566
vt 0.827292 0.417762
vt 0.826761 0.435928
vt 0.825156 0.411033
vt 0.824380 0.385460
vt 0.826890 0.426229
vt 0.823804 0.400486
vt 0.823889 0.420515
vt 0.825160 0.427507
vt 0.821761 0.411468
vt 0.821756 0.399056
vt 0.823254 0.438477
vt 0.819839 0.399646
vt 0.821604 0.429930
vt 0.823577 0.429638
vt 0.818980 0.388547
vt 0.820084 0.422843
vt 0.818054 0.411648
vt 0.819052 0.375962
vt 0.817115 0.401123
vt 0.817988 0.421387
vt 0.818421 0.439382
vt 0.821375 0.439198
vt 0.815489 0.395010
vt 0.817053 0.432846
vt 0.816114 0.412363
vt 0.815041 0.382263
vt 0.813863 0.399494
vt 0.814111 0.426455
vt 0.815764 0.436360
vt 0.814195 0.413299
vt 0.810777 0.387794
vt 0.813626 0.442044
vt 0.812019 0.400805
vt 0.812153 0.429158
vt 0.815513 0.449248
vt 0.812302 0.414495
vt 0.809014 0.387827
vt 0.811803 0.443690
vt 0.811383 0.451779
vt 0.810175 0.414641
vt 0.809894 0.402308
vt 0.810057 0.435297
vt 0.811613 0.458195
vt 0.808006 0.398396
vt 0.809825 0.444580
vt 0.809391 0.452552
vt 0.808739 0.412578
vt 0.806537 0.393960
vt 0.807790 0.430427
vt 0.808735 0.459391
vt 0.806609 0.406980
vt 0.806595 0.379974
vt 0.807595 0.441619
vt 0.807671 0.450855
vt 0.807526 0.464136
vt 0.806820 0.417355
vt 0.805206 0.399732
vt 0.805583 0.391071
vt 0.806229 0.442838
vt 0.806077 0.455674
vt 0.806406 0.427874
vt 0.805452 0.422089
vt 0.804893 0.371647
vt 0.805346 0.458304
vt 0.804627 0.418629
vt 0.804670 0.385286
vt 0.805171 0.432636
vt 0.804905 0.451135
vt 0.803870 0.398545
vt 0.803322 0.430268
vt 0.802413 0.380049
vt 0.804942 0.441986
vt 0.804085 0.445257
vt 0.803898 0.391493
vt 0.803301 0.385376
vt 0.802810 0.415054
vt 0.802522 0.435698
vt 0.801447 0.396235
vt 0.802613 0.400203
vt 0.801605 0.419356
vt 0.801481 0.410141
vt 0.583249 0.255217
vt 0.581865 0.254805
vt 0.582324 0.267262
vt 0.582467 0.243605
vt 0.580227 0.257543
vt 0.584411 0.274281
vt 0.579997 0.252440
vt 0.580499 0.268333
vt 0.582432 0.277631
vt 0.579565 0.245959
vt 0.580481 0.278449
vt 0.578498 0.269047
vt 0.578350 0.258494
vt 0.582587 0.286670
vt 0.579463 0.238799
vt 0.579088 0.247368
vt 0.577133 0.236931
vt 0.576970 0.280017
vt 0.576255 0.262905
vt 0.577817 0.247823
vt 0.577003 0.287715
vt 0.575429 0.247352
vt 0.574623 0.280640
vt 0.575194 0.236834
vt 0.574530 0.290025
vt 0.574781 0.270082
vt 0.573569 0.256612
vt 0.572347 0.245756
vt 0.572422 0.280560
vt 0.572523 0.269103
vt 0.571333 0.256982
vt 0.570213 0.256599
vt 0.416831 0.159111
vt 0.415180 0.171671
vt 0.417139 0.168887
vt 0.419489 0.181368
vt 0.418417 0.155815
vt 0.415846 0.188004
vt 0.418847 0.171157
vt 0.417589 0.146558
vt 0.418514 0.184720
vt 0.420451 0.169366
vt 0.421096 0.149543
vt 0.418811 0.193695
vt 0.424636 0.181837
vt 0.420243 0.139333
vt 0.421229 0.157682
vt 0.421365 0.163443
vt 0.422504 0.202958
vt 0.417905 0.201272
vt 0.424069 0.168094
vt 0.423297 0.140065
vt 0.424119 0.157313
vt 0.420322 0.203290
vt 0.416308 0.205129
vt 0.426629 0.178780
vt 0.427131 0.203771
vt 0.422907 0.131721
vt 0.422469 0.212359
vt 0.418458 0.210986
vt 0.420379 0.217755
vt 0.426888 0.187308
vt 0.427115 0.164672
vt 0.427498 0.225644
vt 0.425743 0.139555
vt 0.425370 0.226793
vt 0.417123 0.236894
vt 0.428596 0.180708
vt 0.430951 0.217520
vt 0.425132 0.130967
vt 0.426328 0.153068
vt 0.422783 0.231099
vt 0.419519 0.241001
vt 0.419673 0.231801
vt 0.430321 0.151069
vt 0.427826 0.238907
vt 0.431492 0.225904
vt 0.433007 0.207816
vt 0.430791 0.186719
vt 0.427748 0.124977
vt 0.423491 0.124428
vt 0.428705 0.150490
vt 0.425493 0.246265
vt 0.417200 0.252137
vt 0.430734 0.173371
vt 0.429963 0.242852
vt 0.431682 0.237725
vt 0.433157 0.229437
vt 0.432550 0.192208
vt 0.433305 0.216013
vt 0.425578 0.123211
vt 0.429681 0.129907
vt 0.420204 0.122340
vt 0.419587 0.255192
vt 0.421559 0.245498
vt 0.430759 0.139549
vt 0.432191 0.149418
vt 0.427882 0.245531
vt 0.434368 0.177878
vt 0.434885 0.213318
vt 0.432599 0.170324
vt 0.432852 0.183601
vt 0.427965 0.111562
vt 0.429341 0.116475
vt 0.423264 0.119712
vt 0.419078 0.256323
vt 0.425905 0.262303
vt 0.428320 0.253028
vt 0.431879 0.254649
vt 0.433879 0.241634
vt 0.434689 0.197821
vt 0.425832 0.116538
vt 0.431085 0.116422
vt 0.420392 0.115601
vt 0.419528 0.268532
vt 0.423159 0.265857
vt 0.431987 0.139135
vt 0.433466 0.156082
vt 0.430158 0.250918
vt 0.436066 0.220548
vt 0.433971 0.170420
vt 0.438292 0.210996
vt 0.427211 0.103279
vt 0.425542 0.107588
vt 0.420796 0.110806
vt 0.418358 0.114305
vt 0.433382 0.126544
vt 0.423239 0.259716
vt 0.434924 0.131855
vt 0.428546 0.261364
vt 0.430528 0.259061
vt 0.434365 0.246738
vt 0.431085 0.104919
vt 0.429111 0.099976
vt 0.422947 0.110165
vt 0.419582 0.110214
vt 0.433095 0.117781
vt 0.423441 0.273868
vt 0.435586 0.136028
vt 0.426043 0.268838
vt 0.433379 0.260498
vt 0.436678 0.234355
vt 0.438405 0.227882
vt 0.430788 0.096275
vt 0.432305 0.100551
vt 0.425154 0.094716
vt 0.423267 0.099957
vt 0.420075 0.100197
vt 0.417952 0.106564
vt 0.435100 0.122881
vt 0.432531 0.108470
vt 0.434671 0.113575
vt 0.423822 0.280838
vt 0.426210 0.279258
vt 0.437940 0.124846
vt 0.428584 0.269309
vt 0.430630 0.265876
vt 0.436053 0.252405
vt 0.438212 0.232904
vt 0.432366 0.091754
vt 0.428731 0.089446
vt 0.416601 0.102140
vt 0.434273 0.108976
vt 0.430603 0.276745
vt 0.434032 0.267188
vt 0.432686 0.091481
vt 0.427759 0.078995
vt 0.423891 0.085329
vt 0.421647 0.086783
vt 0.417557 0.098684
vt 0.436520 0.118189
vt 0.435730 0.107839
vt 0.426584 0.293233
vt 0.428758 0.280517
vt 0.435520 0.260660
vt 0.439087 0.256414
vt 0.440448 0.244348
vt 0.431688 0.081152
vt 0.432609 0.083117
vt 0.425863 0.082240
vt 0.429413 0.076408
vt 0.418871 0.086413
vt 0.415867 0.086331
vt 0.437997 0.112195
vt 0.424127 0.303812
vt 0.429208 0.290837
vt 0.434121 0.283735
vt 0.437042 0.260827
vt 0.432043 0.076544
vt 0.433835 0.085516
vt 0.426852 0.067537
vt 0.428788 0.072560
vt 0.425086 0.073232
vt 0.420110 0.073247
vt 0.426742 0.310177
vt 0.431154 0.286078
vt 0.436823 0.272031
vt 0.431055 0.075319
vt 0.431813 0.064928
vt 0.428177 0.059530
vt 0.418054 0.075174
vt 0.424494 0.318574
vt 0.431080 0.292701
vt 0.432932 0.288877
vt 0.432982 0.066959
vt 0.426206 0.057899
vt 0.430266 0.067981
vt 0.423246 0.059620
vt 0.426999 0.320950
vt 0.429355 0.302948
vt 0.435744 0.295706
vt 0.434751 0.068250
vt 0.432612 0.058242
vt 0.427755 0.052657
vt 0.428825 0.046458
vt 0.427190 0.327024
vt 0.429566 0.312902
vt 0.433221 0.302466
vt 0.431196 0.309433
vt 0.434076 0.060786
vt 0.431220 0.054420
vt 0.424491 0.044008
vt 0.424762 0.329987
vt 0.429599 0.320103
vt 0.434958 0.310623
vt 0.435194 0.047540
vt 0.433723 0.051618
vt 0.433657 0.038500
vt 0.425879 0.334793
vt 0.429662 0.328992
vt 0.431443 0.318285
vt 0.433381 0.314211
vt 0.430320 0.337332
vt 0.431617 0.330642
vt 0.433284 0.325285
vt 0.427516 0.342358
vt 0.436229 0.321230
vt 0.431236 0.342151
vt 0.433438 0.333697
vt 0.435230 0.335707
vt 0.455781 0.029694
vt 0.458936 0.035687
vt 0.459085 0.022971
vt 0.455801 0.045603
vt 0.460605 0.025797
vt 0.454516 0.035718
vt 0.457708 0.048127
vt 0.460408 0.034515
vt 0.453429 0.031707
vt 0.453176 0.049514
vt 0.455983 0.055538
vt 0.453101 0.039825
vt 0.458407 0.049778
vt 0.457336 0.056804
vt 0.452042 0.032735
vt 0.453278 0.058712
vt 0.452247 0.042165
vt 0.456406 0.064070
vt 0.454496 0.070849
vt 0.450717 0.049868
vt 0.457626 0.070257
vt 0.455444 0.075682
vt 0.449961 0.047337
vt 0.452344 0.068497
vt 0.451061 0.057289
vt 0.452945 0.084108
vt 0.448801 0.058477
vt 0.447887 0.056301
vt 0.456208 0.089626
vt 0.450959 0.079662
vt 0.455010 0.103873
vt 0.457675 0.082483
vt 0.448954 0.067244
vt 0.450236 0.095901
vt 0.445802 0.063870
vt 0.456795 0.100498
vt 0.458716 0.073158
vt 0.448872 0.076874
vt 0.448780 0.088531
vt 0.452475 0.111336
vt 0.455222 0.114458
vt 0.459153 0.085173
vt 0.458164 0.093503
vt 0.446116 0.083163
vt 0.446959 0.091609
vt 0.445751 0.071882
vt 0.450394 0.108045
vt 0.456916 0.115802
vt 0.458030 0.116438
vt 0.445984 0.094786
vt 0.452703 0.118327
vt 0.448210 0.106389
vt 0.455417 0.131135
vt 0.452777 0.127395
vt 0.448427 0.113951
vt 0.450547 0.116285
vt 0.456557 0.126442
vt 0.443298 0.089706
vt 0.445834 0.107758
vt 0.450805 0.132191
vt 0.457124 0.143103
vt 0.453083 0.151656
vt 0.443093 0.109394
vt 0.445958 0.116679
vt 0.448774 0.119630
vt 0.455685 0.162162
vt 0.444039 0.123779
vt 0.450922 0.141397
vt 0.448724 0.130494
vt 0.457269 0.162585
vt 0.453239 0.160017
vt 0.443368 0.132115
vt 0.448530 0.140063
vt 0.451004 0.150144
vt 0.446164 0.126150
vt 0.455682 0.171344
vt 0.453510 0.165478
vt 0.451332 0.155190
vt 0.444323 0.132445
vt 0.441679 0.131479
vt 0.448677 0.150337
vt 0.446852 0.137043
vt 0.455958 0.181324
vt 0.451578 0.160299
vt 0.443643 0.140809
vt 0.441932 0.141061
vt 0.445773 0.157432
vt 0.448677 0.158228
vt 0.445162 0.141221
vt 0.457642 0.180141
vt 0.453633 0.182480
vt 0.453648 0.172851
vt 0.451637 0.167606
vt 0.448771 0.166331
vt 0.441970 0.148932
vt 0.438940 0.133682
vt 0.445213 0.149720
vt 0.456192 0.191653
vt 0.453537 0.193339
vt 0.443948 0.149423
vt 0.441272 0.123554
vt 0.439426 0.153714
vt 0.445993 0.166121
vt 0.443754 0.158455
vt 0.457811 0.192930
vt 0.451661 0.179102
vt 0.449028 0.176005
vt 0.442229 0.163871
vt 0.435916 0.144735
vt 0.446192 0.174539
vt 0.456409 0.206044
vt 0.453454 0.202351
vt 0.451538 0.190409
vt 0.445968 0.188556
vt 0.436732 0.163348
vt 0.439653 0.169209
vt 0.444470 0.180077
vt 0.458339 0.227233
vt 0.451422 0.197440
vt 0.449265 0.184425
vt 0.446610 0.193629
vt 0.442437 0.177796
vt 0.434691 0.150774
vt 0.456451 0.218823
vt 0.453771 0.208028
vt 0.451421 0.201595
vt 0.450052 0.192101
vt 0.444934 0.198409
vt 0.437077 0.179672
vt 0.439899 0.181079
vt 0.442998 0.192704
vt 0.456497 0.225880
vt 0.453693 0.224782
vt 0.453857 0.215699
vt 0.451595 0.208485
vt 0.449139 0.202025
vt 0.446671 0.198921
vt 0.440285 0.196350
vt 0.456674 0.239312
vt 0.453930 0.232472
vt 0.451711 0.216957
vt 0.448931 0.215348
vt 0.444471 0.205736
vt 0.443102 0.205962
vt 0.458596 0.248374
vt 0.454249 0.236430
vt 0.451600 0.235574
vt 0.446785 0.206352
vt 0.445314 0.214031
vt 0.437843 0.195826
vt 0.440454 0.213388
vt 0.456896 0.248391
vt 0.454321 0.243403
vt 0.451637 0.225902
vt 0.449215 0.223563
vt 0.446219 0.220942
vt 0.443346 0.214869
vt 0.456911 0.255808
vt 0.454405 0.257440
vt 0.452060 0.239149
vt 0.449231 0.230486
vt 0.443617 0.223390
vt 0.440998 0.229663
vt 0.459028 0.294447
vt 0.452375 0.251898
vt 0.452037 0.244188
vt 0.449326 0.237733
vt 0.446429 0.237590
vt 0.457108 0.274717
vt 0.454406 0.267310
vt 0.452592 0.260354
vt 0.449634 0.252768
vt 0.446931 0.252259
vt 0.444459 0.232331
vt 0.443355 0.232755
vt 0.456601 0.294402
vt 0.454483 0.275427
vt 0.449784 0.260064
vt 0.444624 0.245146
vt 0.454643 0.288989
vt 0.452265 0.286396
vt 0.452296 0.276829
vt 0.452215 0.269621
vt 0.446910 0.257727
vt 0.445675 0.260518
vt 0.443540 0.246802
vt 0.445396 0.253083
vt 0.454597 0.296045
vt 0.451897 0.294055
vt 0.450573 0.276608
vt 0.447101 0.265963
vt 0.443894 0.260822
vt 0.452523 0.298906
vt 0.449851 0.291713
vt 0.447889 0.274061
vt 0.445596 0.267560
vt 0.441433 0.258195
vt 0.453259 0.308284
vt 0.449273 0.308331
vt 0.448378 0.293122
vt 0.448190 0.281340
vt 0.446657 0.282400
vt 0.445923 0.274877
vt 0.441624 0.270063
vt 0.448390 0.302631
vt 0.449805 0.283778
vt 0.443948 0.275915
vt 0.450048 0.327720
vt 0.447228 0.315502
vt 0.446382 0.308327
vt 0.446309 0.289709
vt 0.444288 0.286125
vt 0.439824 0.283205
vt 0.442089 0.286490
vt 0.453685 0.320415
vt 0.447449 0.324006
vt 0.453185 0.329962
vt 0.447755 0.335177
vt 0.444798 0.320736
vt 0.445170 0.331248
vt 0.444615 0.307017
vt 0.444405 0.293597
vt 0.437893 0.286078
vt 0.440253 0.308077
vt 0.442737 0.309336
vt 0.447786 0.342135
vt 0.443478 0.336293
vt 0.443777 0.320177
vt 0.438279 0.301762
vt 0.442573 0.318982
vt 0.447421 0.347026
vt 0.438569 0.314093
vt 0.440698 0.330309
vt 0.442625 0.341272
vt 0.437049 0.315394
vt 0.438919 0.328423
vt 0.440971 0.336515
vt 0.439314 0.339615
vt 0.439036 0.334726
vt 0.439896 0.345245
vt 0.437194 0.331692
vt 0.437536 0.344441
vt 0.437378 0.338099
vt 0.057231 0.120603
vt 0.055560 0.114283
vt 0.056036 0.122809
vt 0.054793 0.103045
vt 0.054015 0.120741
vt 0.053771 0.109174
vt 0.053821 0.130087
vt 0.053682 0.117079
vt 0.052135 0.103448
vt 0.051687 0.127180
vt 0.052594 0.121394
vt 0.052640 0.111122
vt 0.051581 0.135514
vt 0.050831 0.105043
vt 0.050122 0.129788
vt 0.051217 0.123975
vt 0.051933 0.111885
vt 0.052081 0.090803
vt 0.050300 0.140567
vt 0.049359 0.130203
vt 0.048577 0.127222
vt 0.050381 0.093372
vt 0.049776 0.106838
vt 0.048673 0.134681
vt 0.051041 0.113059
vt 0.049255 0.097071
vt 0.048592 0.146350
vt 0.047727 0.131779
vt 0.047256 0.137588
vt 0.491303 0.364816
vt 0.487904 0.378066
vt 0.492253 0.340355
vt 0.489439 0.340802
vt 0.487422 0.366000
vt 0.487597 0.346185
vt 0.485292 0.378470
vt 0.487539 0.335484
vt 0.483020 0.361069
vt 0.483353 0.395244
vt 0.485285 0.338207
vt 0.481032 0.390389
vt 0.480983 0.369782
vt 0.480990 0.405920
vt 0.486415 0.326065
vt 0.483151 0.347920
vt 0.481018 0.357146
vt 0.485565 0.323265
vt 0.482879 0.338882
vt 0.478692 0.404364
vt 0.477899 0.389253
vt 0.478767 0.364799
vt 0.484539 0.330882
vt 0.480644 0.346794
vt 0.479369 0.349884
vt 0.475980 0.418877
vt 0.485027 0.309023
vt 0.483014 0.327594
vt 0.474027 0.395052
vt 0.475132 0.379034
vt 0.476357 0.355305
vt 0.480664 0.332492
vt 0.474152 0.369576
vt 0.474026 0.356554
vt 0.469905 0.415864
vt 0.470677 0.389453
vt 0.471630 0.372610
vt 0.473962 0.345602
vt 0.470419 0.406926
vt 0.471775 0.357850
vt 0.469581 0.374041
vt 0.466836 0.401841
vt 0.471636 0.347181
vt 0.466572 0.421940
vt 0.467630 0.360280
vt 0.467214 0.388859
vt 0.469244 0.352854
vt 0.473823 0.338238
vt 0.466332 0.373654
vt 0.461781 0.389301
vt 0.470429 0.342707
vt 0.465005 0.359125
vt 0.462343 0.409684
vt 0.467250 0.344704
vt 0.471447 0.336488
vt 0.460153 0.411741
vt 0.463368 0.341398
vt 0.462843 0.370059
vt 0.458961 0.376989
vt 0.469061 0.336243
vt 0.473791 0.320207
vt 0.462665 0.350050
vt 0.461443 0.356888
vt 0.458161 0.388659
vt 0.457984 0.402301
vt 0.462017 0.331863
vt 0.465708 0.331320
vt 0.469330 0.328648
vt 0.460749 0.346135
vt 0.460637 0.368081
vt 0.456125 0.378931
vt 0.462312 0.337770
vt 0.471424 0.316172
vt 0.458160 0.363527
vt 0.461594 0.322408
vt 0.466152 0.317924
vt 0.468699 0.317106
vt 0.473551 0.306519
vt 0.458489 0.350246
vt 0.454241 0.367710
vt 0.455133 0.401876
vt 0.459758 0.327466
vt 0.464276 0.315804
vt 0.468493 0.295962
vt 0.471425 0.291827
vt 0.458006 0.338585
vt 0.456390 0.359502
vt 0.453420 0.375782
vt 0.453255 0.386738
vt 0.459504 0.314276
vt 0.460985 0.294124
vt 0.457415 0.324525
vt 0.464521 0.301758
vt 0.458154 0.335073
vt 0.456260 0.342906
vt 0.450429 0.360514
vt 0.454455 0.353461
vt 0.452143 0.400297
vt 0.457453 0.318159
vt 0.460493 0.307707
vt 0.470820 0.274206
vt 0.456010 0.330172
vt 0.450434 0.349034
vt 0.452413 0.343896
vt 0.463092 0.279019
vt 0.455796 0.322181
vt 0.455528 0.311002
vt 0.468341 0.275715
vt 0.454167 0.332149
vt 0.453757 0.338882
vt 0.447171 0.349105
vt 0.449524 0.378422
vt 0.449204 0.388451
vt 0.461187 0.282672
vt 0.460218 0.271772
vt 0.455041 0.314473
vt 0.465883 0.277119
vt 0.468137 0.258817
vt 0.454486 0.305498
vt 0.462566 0.255004
vt 0.470637 0.255925
vt 0.453809 0.315858
vt 0.460358 0.252910
vt 0.465756 0.266777
vt 0.473439 0.242910
vt 0.460884 0.264238
vt 0.465653 0.255114
vt 0.468320 0.237695
vt 0.461916 0.234773
vt 0.465377 0.236811
vt 0.472967 0.214141
vt 0.460637 0.225171
vt 0.475219 0.227182
vt 0.470524 0.209768
vt 0.460779 0.210151
vt 0.467752 0.220385
vt 0.477641 0.216861
vt 0.475516 0.195375
vt 0.471867 0.192943
vt 0.465164 0.217305
vt 0.467482 0.199317
vt 0.470062 0.197145
vt 0.460491 0.202861
vt 0.472605 0.184570
vt 0.468936 0.183253
vt 0.460491 0.186826
vt 0.464346 0.189248
vt 0.471530 0.175056
vt 0.460048 0.166665
vt 0.464376 0.162266
vt 0.467210 0.177410
vt 0.461836 0.165641
vt 0.466968 0.155929
vt 0.459221 0.153063
vt 0.466744 0.135773
vt 0.458592 0.135102
vt 0.469987 0.144481
vt 0.464078 0.138079
vt 0.470618 0.110034
vt 0.475172 0.129466
vt 0.463971 0.120502
vt 0.460971 0.123537
vt 0.472184 0.130443
vt 0.466595 0.101501
vt 0.463020 0.077178
vt 0.645494 0.285501
vt 0.646950 0.300740
vt 0.647518 0.284387
vt 0.648667 0.297061
vt 0.647722 0.274228
vt 0.649650 0.313406
vt 0.651098 0.283425
vt 0.650401 0.271338
vt 0.643833 0.285459
vt 0.651035 0.296166
vt 0.648390 0.261142
vt 0.643526 0.270868
vt 0.651703 0.306273
vt 0.653968 0.270372
vt 0.655982 0.292017
vt 0.649754 0.244740
vt 0.642826 0.264341
vt 0.640014 0.276882
vt 0.654517 0.305690
vt 0.656284 0.281769
vt 0.648112 0.253364
vt 0.642430 0.253202
vt 0.640143 0.287349
vt 0.653667 0.316018
vt 0.658944 0.270738
vt 0.655148 0.262600
vt 0.659802 0.304818
vt 0.658821 0.281118
vt 0.646050 0.244458
vt 0.640469 0.255022
vt 0.643919 0.244740
vt 0.638557 0.263465
vt 0.633974 0.279244
vt 0.658833 0.312321
vt 0.657512 0.265714
vt 0.653956 0.253275
vt 0.659860 0.291214
vt 0.649701 0.233323
vt 0.637733 0.244555
vt 0.642409 0.236256
vt 0.634049 0.289465
vt 0.655903 0.316650
vt 0.663012 0.278918
vt 0.659807 0.265162
vt 0.660159 0.259234
vt 0.650952 0.242935
vt 0.661361 0.290274
vt 0.660756 0.315649
vt 0.645318 0.226430
vt 0.636696 0.264988
vt 0.629770 0.292293
vt 0.657596 0.321150
vt 0.661590 0.268702
vt 0.658476 0.250027
vt 0.652679 0.243696
vt 0.662248 0.303680
vt 0.647399 0.225443
vt 0.638112 0.236730
vt 0.630769 0.268287
vt 0.631094 0.278633
vt 0.662850 0.268446
vt 0.663875 0.248103
vt 0.657465 0.241195
vt 0.662910 0.290555
vt 0.665651 0.313197
vt 0.649824 0.224952
vt 0.646130 0.221047
vt 0.641564 0.226794
vt 0.655501 0.235390
vt 0.633018 0.237623
vt 0.637377 0.227521
vt 0.630899 0.252878
vt 0.627633 0.281015
vt 0.666896 0.268357
vt 0.667154 0.259639
vt 0.660483 0.239533
vt 0.666312 0.287883
vt 0.665460 0.301671
vt 0.652346 0.223234
vt 0.649216 0.220977
vt 0.644505 0.221092
vt 0.633981 0.247343
vt 0.627589 0.271183
vt 0.629020 0.256220
vt 0.624650 0.295688
vt 0.666949 0.278249
vt 0.669554 0.245709
vt 0.663584 0.239616
vt 0.656877 0.222142
vt 0.668230 0.300143
vt 0.648411 0.216822
vt 0.641217 0.223437
vt 0.632204 0.247802
vt 0.633188 0.227854
vt 0.623882 0.303890
vt 0.624020 0.280433
vt 0.623928 0.270401
vt 0.670272 0.267257
vt 0.666699 0.239117
vt 0.668602 0.257191
vt 0.662974 0.231012
vt 0.659094 0.222784
vt 0.670100 0.279739
vt 0.668860 0.309457
vt 0.641162 0.218666
vt 0.639502 0.223235
vt 0.654183 0.219746
vt 0.631325 0.227444
vt 0.636078 0.223806
vt 0.627019 0.256045
vt 0.626249 0.239692
vt 0.621980 0.295376
vt 0.623685 0.259392
vt 0.671593 0.237795
vt 0.670473 0.258178
vt 0.664418 0.225341
vt 0.662003 0.221703
vt 0.658520 0.215089
vt 0.668715 0.288990
vt 0.671343 0.298875
vt 0.652079 0.216360
vt 0.637763 0.222815
vt 0.629128 0.229270
vt 0.633714 0.221075
vt 0.621550 0.311221
vt 0.622111 0.282659
vt 0.621813 0.271669
vt 0.672546 0.285171
vt 0.668044 0.230179
vt 0.671286 0.249448
vt 0.670087 0.288696
vt 0.629673 0.220576
vt 0.637211 0.219200
vt 0.624985 0.249521
vt 0.625444 0.230311
vt 0.619557 0.293433
vt 0.621370 0.261148
vt 0.671503 0.288262
vt 0.672328 0.266764
vt 0.671979 0.229673
vt 0.673415 0.253347
vt 0.665802 0.220171
vt 0.664172 0.213464
vt 0.654142 0.208904
vt 0.626015 0.221689
vt 0.629151 0.213066
vt 0.622920 0.239976
vt 0.623166 0.249849
vt 0.617346 0.303323
vt 0.618827 0.275353
vt 0.618700 0.286556
vt 0.621094 0.251949
vt 0.619435 0.265769
vt 0.673544 0.278664
vt 0.674807 0.235345
vt 0.670735 0.224522
vt 0.674159 0.246734
vt 0.664881 0.217048
vt 0.661763 0.206136
vt 0.656967 0.207435
vt 0.625549 0.209739
vt 0.621354 0.222847
vt 0.617390 0.287723
vt 0.617323 0.311748
vt 0.676949 0.286022
vt 0.675815 0.265316
vt 0.674811 0.230243
vt 0.673727 0.220747
vt 0.675393 0.246164
vt 0.668040 0.214468
vt 0.665992 0.211404
vt 0.653656 0.196503
vt 0.622856 0.214497
vt 0.621701 0.232775
vt 0.615599 0.301484
vt 0.619141 0.324215
vt 0.618404 0.267113
vt 0.616997 0.277469
vt 0.618279 0.255694
vt 0.677394 0.276195
vt 0.675895 0.256885
vt 0.677283 0.236856
vt 0.670477 0.214614
vt 0.662702 0.199225
vt 0.658052 0.201970
vt 0.622472 0.203907
vt 0.620380 0.242539
vt 0.618880 0.216909
vt 0.619371 0.223678
vt 0.615466 0.288431
vt 0.617156 0.324418
vt 0.615377 0.312670
vt 0.616311 0.267069
vt 0.615308 0.277668
vt 0.618904 0.242265
vt 0.678483 0.274695
vt 0.675643 0.216076
vt 0.673796 0.212971
vt 0.677829 0.246838
vt 0.668578 0.207399
vt 0.664430 0.202072
vt 0.661102 0.199301
vt 0.659893 0.200592
vt 0.658898 0.195252
vt 0.621113 0.206919
vt 0.619590 0.207958
vt 0.619942 0.232746
vt 0.613682 0.300511
vt 0.613548 0.310892
vt 0.616933 0.242795
vt 0.678352 0.229082
vt 0.671449 0.206615
vt 0.678368 0.258858
vt 0.670292 0.207785
vt 0.661974 0.192997
vt 0.619507 0.199031
vt 0.617728 0.208440
vt 0.617007 0.214748
vt 0.617941 0.221705
vt 0.613788 0.286159
vt 0.615144 0.325252
vt 0.613188 0.323848
vt 0.616242 0.256328
vt 0.615185 0.265679
vt 0.618481 0.231552
vt 0.679375 0.246405
vt 0.679340 0.237029
vt 0.677397 0.215888
vt 0.674352 0.203445
vt 0.673167 0.205311
vt 0.679879 0.265313
vt 0.667174 0.199000
vt 0.665998 0.200829
vt 0.618683 0.204604
vt 0.615791 0.212362
vt 0.613611 0.276705
vt 0.611058 0.303528
vt 0.611406 0.314663
vt 0.614795 0.255475
vt 0.614356 0.245587
vt 0.615993 0.222856
vt 0.675654 0.200205
vt 0.670169 0.198758
vt 0.668049 0.197335
vt 0.665061 0.195303
vt 0.615001 0.215761
vt 0.611610 0.277556
vt 0.611018 0.283408
vt 0.611377 0.326634
vt 0.613304 0.266020
vt 0.612797 0.256346
vt 0.614069 0.235042
vt 0.680044 0.273155
vt 0.680347 0.245243
vt 0.678488 0.215718
vt 0.672149 0.193360
vt 0.671572 0.196094
vt 0.665551 0.193812
vt 0.612786 0.216231
vt 0.610848 0.267623
vt 0.609266 0.314624
vt 0.607037 0.291475
vt 0.612125 0.247422
vt 0.611311 0.236802
vt 0.613722 0.224855
vt 0.681797 0.262332
vt 0.681197 0.253843
vt 0.682350 0.246224
vt 0.681007 0.226613
vt 0.677853 0.201090
vt 0.674836 0.190287
vt 0.669414 0.188328
vt 0.666418 0.191817
vt 0.606790 0.282755
vt 0.608699 0.330635
vt 0.611323 0.257957
vt 0.611311 0.227016
vt 0.683389 0.279362
vt 0.680390 0.215828
vt 0.677051 0.177716
vt 0.679375 0.196827
vt 0.668026 0.189618
vt 0.608752 0.270260
vt 0.606846 0.308619
vt 0.604094 0.284728
vt 0.606560 0.326427
vt 0.608659 0.240017
vt 0.609110 0.229738
vt 0.684876 0.272901
vt 0.683345 0.235586
vt 0.680199 0.206189
vt 0.678853 0.187287
vt 0.610665 0.219374
vt 0.604828 0.320585
vt 0.606130 0.272891
vt 0.603744 0.264652
vt 0.600778 0.298714
vt 0.606207 0.333496
vt 0.607076 0.263853
vt 0.607799 0.250882
vt 0.684573 0.251765
vt 0.680973 0.194917
vt 0.609893 0.216548
vt 0.602555 0.306514
vt 0.601986 0.276258
vt 0.600205 0.287951
vt 0.604605 0.327572
vt 0.606812 0.232091
vt 0.605253 0.246429
vt 0.608375 0.223228
vt 0.602496 0.323232
vt 0.601586 0.266225
vt 0.600504 0.310907
vt 0.598393 0.288730
vt 0.602023 0.334098
vt 0.606276 0.228706
vt 0.603316 0.254912
vt 0.601162 0.262463
vt 0.599249 0.268654
vt 0.599916 0.277241
vt 0.597925 0.301970
vt 0.604167 0.236413
vt 0.606046 0.220381
vt 0.600474 0.323889
vt 0.601894 0.257165
vt 0.598291 0.312630
vt 0.597645 0.278239
vt 0.595593 0.292946
vt 0.602574 0.246426
vt 0.604939 0.230071
vt 0.600345 0.261176
vt 0.596304 0.314652
vt 0.595180 0.282371
vt 0.595319 0.306032
vt 0.600003 0.333991
vt 0.601542 0.240232
vt 0.603212 0.227036
vt 0.598519 0.325452
vt 0.600005 0.250739
vt 0.598197 0.262540
vt 0.596902 0.271224
vt 0.593209 0.282640
vt 0.593586 0.298998
vt 0.602645 0.232389
vt 0.596339 0.262376
vt 0.597384 0.324676
vt 0.593333 0.305062
vt 0.594771 0.272512
vt 0.592016 0.272416
vt 0.598015 0.335245
vt 0.599374 0.242711
vt 0.601403 0.230907
vt 0.597816 0.252766
vt 0.596105 0.326449
vt 0.593804 0.316297
vt 0.591402 0.282780
vt 0.591758 0.304607
vt 0.600595 0.234152
vt 0.597411 0.243239
vt 0.595897 0.252932
vt 0.592699 0.261082
vt 0.593824 0.330293
vt 0.591242 0.314253
vt 0.588949 0.272287
vt 0.598605 0.234984
vt 0.596714 0.237303
vt 0.595552 0.243022
vt 0.592287 0.250866
vt 0.590927 0.330624
vt 0.588701 0.262146
vt 0.589275 0.293260
vt 0.589719 0.305101
vt 0.597776 0.231539
vt 0.593422 0.244406
vt 0.590245 0.251922
vt 0.585745 0.319149
vt 0.587242 0.282073
vt 0.586341 0.263859
vt 0.587536 0.308142
vt 0.595932 0.234012
vt 0.593009 0.237018
vt 0.591197 0.246014
vt 0.589838 0.248191
vt 0.588151 0.252686
vt 0.585103 0.283754
vt 0.593074 0.235832
vt 0.591000 0.242508
vt 0.585278 0.308077
vt 0.585128 0.295325
vt 0.585941 0.254730
vt 0.588507 0.239565
vt 0.587477 0.243854
vt 0.587541 0.247665
vt 0.583048 0.310001
vt 0.580981 0.322378
vt 0.579736 0.297816
vt 0.585090 0.246858
vt 0.576593 0.310900
vt 0.575944 0.326231
vt 0.576340 0.300486
vt 0.574151 0.323180
vt 0.574029 0.301831
vt 0.572528 0.304573
vt 0.541921 0.059146
vt 0.543438 0.067633
vt 0.541014 0.052647
vt 0.544979 0.074112
vt 0.548056 0.083756
vt 0.540592 0.048946
vt 0.540280 0.045689
vt 0.552660 0.091800
vt 0.554562 0.093302
vt 0.556079 0.093867
vt 0.558917 0.093388
vt 0.560823 0.092005
vt 0.561783 0.090950
vt 0.563623 0.088588
vt 0.904180 0.384388
vt 0.904088 0.387838
vt 0.904284 0.370067
vt 0.903592 0.401936
vt 0.903376 0.405415
vt 0.904170 0.363474
vt 0.902365 0.419569
vt 0.902105 0.422456
vt 0.901531 0.427809
vt 0.903912 0.354659
vt 0.903847 0.350997
vt 0.903173 0.334903
vt 0.902819 0.329956
vt 0.900623 0.308218
vt 0.902100 0.321433
vt 0.901457 0.315398
vt 0.491647 0.366492
vt 0.492799 0.355878
vt 0.489835 0.378480
vt 0.494143 0.336440
vt 0.493932 0.340687
vt 0.488627 0.385103
vt 0.487911 0.388391
vt 0.484668 0.400967
vt 0.483554 0.404276
vt 0.482473 0.407210
vt 0.480702 0.411336
vt 0.479034 0.414556
vt 0.475985 0.418894
vt 0.472415 0.421891
vt 0.467095 0.422548
vt 0.463901 0.421263
vt 0.462797 0.420400
vt 0.460819 0.418213
vt 0.457870 0.413711
vt 0.456551 0.411198
vt 0.455128 0.408270
vt 0.452162 0.400490
vt 0.450136 0.392905
vt 0.449199 0.388475
vt 0.447177 0.377747
vt 0.445580 0.367216
vt 0.444191 0.354116
vt 0.683555 0.218257
vt 0.685652 0.291290
vt 0.678455 0.178727
vt 0.677330 0.173963
vt 0.685889 0.274320
vt 0.685887 0.266734
vt 0.685796 0.261932
vt 0.684658 0.235507
vt 0.682250 0.204148
vt 0.679335 0.183553
vt 0.681008 0.194288
vt 0.679821 0.186200
vt 0.685432 0.251180
vn -0.575321 0.762060 0.193763
vn -0.624933 0.747142 -0.086403
vn -0.804723 0.562139 0.039080
vn -0.251215 0.939414 -0.040097
vn -0.799033 0.518117 -0.088035
vn -0.684731 0.616644 0.300813
vn -0.423703 0.843239 -0.210728
vn -0.107279 0.968306 0.132257
vn -0.972532 0.138913 0.062655
vn -0.941769 0.089212 0.204016
vn -0.418795 0.774958 0.377960
vn -0.088402 0.986155 -0.062631
vn -0.968927 0.089218 0.114806
vn -0.747051 0.553384 -0.134063
vn -0.736409 0.292181 0.512137
vn -0.219438 0.927485 -0.267179
vn -0.082700 0.984343 0.123465
vn -0.971725 -0.101490 0.182753
vn -0.465995 0.770045 -0.383767
vn -0.868812 -0.043144 0.459741
vn -0.604606 0.492765 0.545690
vn -0.142517 0.972488 0.175907
vn -0.955380 0.254048 -0.007197
vn -0.951132 -0.005702 0.241898
vn -0.734955 0.497627 -0.322827
vn -0.754469 0.076255 0.643962
vn -0.321707 0.828802 0.395470
vn -0.930395 -0.071555 0.079775
vn -0.953998 -0.004352 0.218523
vn -0.962053 -0.107222 0.229800
vn -0.698025 0.377767 -0.552395
vn -0.784481 -0.044087 0.604182
vn -0.470824 0.468726 0.658327
vn -0.106895 0.953749 0.271845
vn -0.909556 -0.135464 -0.208461
vn -0.881311 0.212693 -0.281220
vn -0.948384 -0.015248 0.063807
vn -0.954133 0.104671 0.248857
vn -0.903865 -0.096498 0.405593
vn -0.581343 -0.093379 0.779784
vn -0.486857 0.053710 0.844457
vn -0.239657 0.813760 0.492745
vn -0.946862 -0.122771 -0.129314
vn -0.925828 0.007451 0.351233
vn -0.865713 -0.107053 -0.450347
vn -0.566084 -0.050490 0.799243
vn -0.818652 -0.033204 0.548232
vn -0.365626 0.108800 0.910013
vn -0.303654 0.453888 0.802403
vn -0.917703 -0.176828 -0.265779
vn -0.976243 -0.038768 0.037581
vn -0.938398 -0.123924 0.287788
vn -0.387497 -0.097544 0.913965
vn -0.912913 -0.139460 -0.329093
vn -0.963330 -0.107896 -0.120695
vn -0.897804 -0.071012 0.404298
vn -0.400615 0.078725 0.895802
vn -0.639679 0.067926 0.740743
vn -0.314178 0.023329 0.944539
vn -0.892045 -0.132613 -0.417482
vn -0.968616 -0.197437 0.052629
vn -0.914905 -0.212571 0.317225
vn -0.839694 -0.079098 0.517743
vn -0.873747 -0.159445 -0.447030
vn -0.957387 -0.147778 -0.161923
vn -0.911865 -0.248708 0.302886
vn -0.731858 -0.103520 0.659657
vn -0.902994 0.004981 -0.348904
vn -0.842586 0.212473 0.189354
vn -0.853323 0.096964 0.280359
vn -0.815116 -0.005536 0.512918
vn -0.938141 0.067471 -0.322577
vn -0.813617 0.475410 -0.249557
vn -0.887434 0.172376 0.260307
vn -0.664146 0.040981 0.707361
vn -0.881334 0.223938 -0.406478
vn -0.859996 0.270711 -0.394857
vn -0.813858 0.408454 0.383962
vn -0.806635 0.335485 0.082065
vn -0.862164 0.406511 0.249375
vn -0.757245 0.192049 0.588835
vn -0.862692 0.214797 -0.312097
vn -0.868490 0.292715 0.386232
vn -0.942491 0.103975 -0.261171
vn -0.940771 -0.011714 -0.230463
vn -0.862581 -0.014345 0.439310
vn -0.879631 -0.117594 0.308128
vn -0.958450 -0.144703 -0.054313
vn -0.970626 -0.037115 -0.121783
vn -0.925662 -0.246689 0.183650
vn -0.963533 -0.006765 0.055492
vn -0.992661 0.083740 -0.035852
vn -0.275615 0.931621 -0.189239
vn -0.291938 0.888728 -0.330752
vn -0.155876 0.984456 -0.019368
vn -0.334556 0.928184 -0.087643
vn -0.376426 0.895949 -0.213247
vn -0.241167 0.881035 -0.377218
vn -0.103933 0.993846 0.004917
vn -0.301235 0.878191 -0.356776
vn -0.326088 0.929616 -0.002156
vn -0.583287 0.711974 -0.129154
vn -0.219789 0.960579 -0.012158
vn -0.098559 0.994226 0.024552
vn -0.524175 0.672145 -0.396284
vn -0.393662 0.693513 -0.489118
vn -0.698144 0.513922 -0.101653
vn -0.624455 0.622531 -0.314112
vn -0.064261 0.997633 0.002828
vn -0.475359 0.846571 -0.034243
vn -0.733489 0.477662 -0.137442
vn -0.881046 0.062249 -0.346408
vn -0.131281 0.989291 -0.006384
vn -0.778070 0.208402 -0.499601
vn -0.706261 0.272254 -0.584210
vn -0.463205 0.834624 -0.143719
vn -0.938538 -0.173911 -0.258603
vn -0.371286 0.910240 -0.017171
vn -0.623576 0.676592 -0.081144
vn -0.871307 0.244250 -0.162481
vn -0.871715 -0.102496 -0.432921
vn -0.821095 -0.064685 -0.543710
vn -0.093942 0.994273 -0.016351
vn -0.163444 0.985819 -0.013513
vn -0.951208 -0.205501 -0.147189
vn -0.919511 -0.191501 -0.312033
vn -0.095969 0.993795 -0.016378
vn -0.352645 0.912835 0.051927
vn -0.773975 0.528022 -0.000187
vn -0.957162 -0.051224 0.038196
vn -0.951096 -0.213819 -0.103757
vn -0.835908 0.087395 -0.511949
vn -0.803572 0.119477 -0.576038
vn -0.699952 0.636464 0.076121
vn -0.130874 0.987613 0.051729
vn -0.936311 -0.009194 -0.322175
vn -0.909827 -0.009317 -0.387990
vn -0.625814 0.666156 0.260452
vn -0.378980 0.889781 0.177098
vn -0.947276 0.188754 0.033111
vn -0.958180 -0.070829 0.085292
vn -0.964212 -0.217333 0.106942
vn -0.984048 0.029020 -0.119214
vn -0.783029 0.213961 -0.583664
vn -0.870987 0.116453 -0.458943
vn -0.859347 0.210700 0.383902
vn -0.255936 0.913043 0.201107
vn -0.934589 0.121972 0.237748
vn -0.928243 0.027475 -0.357114
vn -0.667263 0.565462 0.374364
vn -0.078487 0.995191 0.053323
vn -0.957557 -0.183069 0.185340
vn -0.778085 0.201061 0.558230
vn -0.950447 -0.079774 0.285701
vn -0.576333 0.646575 0.419095
vn -0.321890 0.866989 0.257635
vn -0.953244 -0.241841 0.173121
vn -0.856683 -0.034893 0.476788
vn -0.935230 -0.205524 0.280407
vn -0.937839 -0.234620 0.252610
vn -0.657765 0.502655 0.517660
vn -0.767564 0.098751 0.632856
vn -0.723903 0.231167 0.628580
vn -0.519096 -0.178596 0.819080
vn -0.612647 0.047911 0.773807
vn -0.465167 0.129706 0.841007
vn -0.599021 -0.199158 0.759223
vn -0.604307 0.273003 0.730847
vn -0.159559 -0.207752 0.908948
vn -0.488276 -0.464028 0.705798
vn -0.599526 -0.077450 0.777437
vn -0.278326 0.462470 0.775994
vn -0.730080 0.132443 0.618830
vn -0.410086 -0.414469 0.791220
vn -0.253581 0.071158 0.936505
vn -0.518265 -0.514356 0.647463
vn -0.589633 -0.129642 0.773100
vn -0.278808 0.253569 0.921315
vn -0.585596 0.582702 0.427528
vn -0.194104 -0.405630 0.863643
vn 0.004916 0.122238 0.977875
vn -0.478561 -0.507875 0.676198
vn -0.402186 -0.524402 0.740372
vn -0.685836 -0.146804 0.661377
vn -0.594581 -0.142928 0.751325
vn -0.201797 0.284127 0.932027
vn -0.305660 0.754779 0.533917
vn -0.806457 0.287064 0.438137
vn 0.020684 -0.266034 0.930671
vn -0.138925 0.273021 0.933068
vn 0.168846 -0.038165 0.953383
vn -0.706127 -0.410924 0.521362
vn -0.716449 -0.397620 0.513691
vn -0.803319 -0.052224 0.561170
vn -0.079287 0.362510 0.898700
vn -0.161778 0.276456 0.938124
vn -0.574768 0.767739 0.187009
vn 0.007791 0.652098 0.734018
vn -0.685896 0.689372 0.104632
vn 0.037373 -0.170391 0.953053
vn -0.366470 -0.456271 0.789190
vn 0.018247 0.277050 0.947495
vn -0.740218 -0.056953 0.632629
vn -0.522089 -0.246894 0.770974
vn -0.820414 0.236828 0.432050
vn -0.591164 -0.342967 0.721916
vn -0.733785 -0.204010 0.589315
vn 0.083062 0.525581 0.818997
vn -0.063552 0.210902 0.964945
vn -0.468208 0.758986 0.418440
vn -0.178714 0.648764 0.702477
vn -0.105685 -0.139706 0.939811
vn -0.853427 -0.235367 0.403670
vn -0.840614 -0.402849 0.342666
vn -0.652295 0.082978 0.644782
vn -0.721083 -0.110873 0.635435
vn 0.120659 0.324379 0.919148
vn -0.557495 0.810106 0.088744
vn 0.104471 0.469821 0.869786
vn -0.680062 0.536589 0.426486
vn -0.190315 0.064161 0.959720
vn -0.380552 -0.118428 0.882616
vn -0.891460 0.025580 0.432121
vn -0.620923 0.169411 0.757002
vn -0.436945 0.107295 0.810793
vn -0.819742 0.034169 0.527741
vn -0.570865 0.816439 0.003566
vn -0.428130 0.826607 0.315068
vn -0.287425 0.748284 0.539528
vn 0.147845 0.424943 0.891055
vn 0.003642 0.540801 0.827683
vn -0.487644 0.783611 0.292360
vn -0.300949 0.081255 0.943393
vn -0.869668 -0.229701 0.349778
vn -0.483642 0.553692 0.642650
vn -0.743339 -0.019452 0.648281
vn -0.555396 0.823325 0.030249
vn -0.571030 0.710515 0.341459
vn 0.100786 0.396432 0.906771
vn -0.468962 -0.007597 0.836742
vn -0.910396 0.087676 0.373936
vn -0.900429 -0.143471 0.382318
vn -0.870119 -0.384916 0.288798
vn -0.643022 0.194183 0.671433
vn -0.468813 0.552071 0.636001
vn -0.785201 0.142958 0.468619
vn -0.583697 0.794968 0.105776
vn -0.433306 0.647620 0.523996
vn -0.156665 0.630763 0.746719
vn 0.116699 0.356456 0.923351
vn -0.015216 0.375475 0.882415
vn -0.268159 0.062762 0.949678
vn -0.898495 0.276990 0.282216
vn -0.815302 0.072001 0.466386
vn -0.747533 0.133305 0.631137
vn -0.528642 0.762907 0.317870
vn -0.703676 0.666234 0.087606
vn -0.668021 0.541928 0.417653
vn -0.605247 0.332751 0.664079
vn -0.046764 0.126825 0.933969
vn -0.121746 0.039468 0.924569
vn -0.328630 0.008288 0.907646
vn -0.954060 0.030148 0.220506
vn -0.621316 -0.053322 0.755800
vn -0.778609 0.337930 0.488179
vn -0.949138 0.188381 -0.006382
vn -0.671181 0.718043 0.088005
vn -0.435324 0.330147 0.767053
vn -0.314736 0.277391 0.823281
vn -0.153178 0.104075 0.887658
vn -0.439919 -0.225203 0.806532
vn -0.666683 0.612187 0.384907
vn -0.422158 0.193855 0.866099
vn -0.949389 0.207921 0.109548
vn -0.942425 0.186864 -0.049579
vn -0.775511 0.148437 0.544844
vn -0.800159 0.182973 0.508103
vn -0.707610 0.646488 0.240070
vn -0.839490 0.369815 0.364983
vn -0.821875 0.525456 0.146230
vn -0.700643 0.238993 0.650837
vn -0.502249 -0.180632 0.807729
vn -0.381602 -0.451560 0.768154
vn 0.070851 0.297804 0.951883
vn -0.268953 -0.257493 0.895699
vn -0.985683 0.097570 0.096559
vn -0.827021 0.477638 0.235061
vn -0.949997 0.106765 -0.244470
vn -0.962148 0.167700 -0.047658
vn -0.439599 -0.095484 0.832493
vn -0.447510 0.363043 0.704346
vn -0.360697 -0.537352 0.717493
vn -0.368162 -0.405832 0.799735
vn -0.775518 0.583003 0.231029
vn -0.908621 0.324722 -0.260247
vn -0.895767 0.305753 0.073859
vn -0.736509 0.315038 0.486888
vn -0.815725 0.525469 0.215789
vn -0.852687 0.258840 0.416509
vn -0.762679 0.269912 0.566454
vn -0.422166 0.026047 0.863757
vn -0.717353 0.195534 0.535226
vn -0.358606 -0.235054 0.716204
vn -0.743772 0.542052 0.309150
vn -0.772486 0.283605 0.534708
vn -0.912590 0.389021 0.012330
vn -0.833725 0.315141 0.306391
vn -0.168866 -0.179258 0.962381
vn -0.564309 0.587650 0.328388
vn -0.381381 0.168730 0.694620
vn -0.087479 -0.006942 0.960405
vn -0.748587 0.595922 0.263117
vn -0.869606 0.321344 0.182255
vn -0.682568 -0.233942 0.575315
vn -0.657256 -0.088846 0.641482
vn -0.141689 -0.086804 0.950221
vn -0.475577 0.506339 0.423192
vn -0.194943 0.382794 0.628422
vn -0.766306 0.408773 0.457732
vn -0.907436 0.209688 0.197338
vn -0.329262 -0.241484 0.879656
vn -0.229602 0.636205 0.522739
vn 0.057298 0.578628 0.730414
vn -0.924298 0.362900 0.051394
vn -0.757069 -0.130217 0.507662
vn -0.432678 -0.495955 0.737443
vn -0.888512 0.241084 0.273744
vn -0.346734 -0.423166 0.729339
vn -0.480654 -0.575644 0.660450
vn -0.835596 0.377209 0.251028
vn -0.603626 0.163463 0.691680
vn 0.909371 -0.017728 0.390076
vn 0.950247 -0.032625 0.307376
vn 0.869245 -0.009924 0.474641
vn 0.956332 -0.030519 0.288721
vn 0.946840 -0.014070 0.315576
vn 0.751589 -0.011644 0.653921
vn 0.965037 -0.005727 0.256566
vn 0.968144 -0.031408 0.240475
vn 0.962612 -0.027205 0.268408
vn 0.855799 -0.002848 0.502722
vn 0.757067 -0.013976 0.643326
vn 0.792308 0.016136 0.599507
vn 0.960354 -0.032595 0.270802
vn 0.978517 -0.021528 0.192907
vn 0.897128 -0.012715 0.431276
vn 0.775518 -0.005567 0.627735
vn 0.650317 -0.019605 0.756884
vn 0.870528 -0.010000 0.477021
vn 0.963766 -0.007958 0.260493
vn 0.976502 -0.029959 0.212471
vn 0.984308 -0.003984 0.172186
vn 0.979480 -0.024221 0.182739
vn 0.943867 -0.005430 0.324902
vn 0.794441 -0.021958 0.599964
vn 0.661111 0.001393 0.748425
vn 0.651375 -0.016293 0.755820
vn 0.771424 -0.007974 0.628287
vn 0.956634 0.007354 0.287546
vn 0.664606 -0.017490 0.742176
vn 0.963973 -0.075548 0.246993
vn 0.978191 0.005633 0.194673
vn 0.973612 -0.002646 0.226759
vn 0.993984 -0.020400 0.104870
vn 0.950285 -0.014733 0.305801
vn 0.831009 -0.029234 0.550830
vn 0.553173 -0.004974 0.828645
vn 0.652199 -0.024050 0.754412
vn 0.560940 -0.017151 0.824465
vn 0.867702 -0.011900 0.488073
vn 0.942728 0.002599 0.327864
vn 0.992635 -0.017924 0.116956
vn 0.938454 -0.031676 0.337762
vn 0.882143 -0.038987 0.462449
vn 0.730621 -0.022175 0.682113
vn 0.632650 0.016337 0.773820
vn 0.673941 0.011706 0.735649
vn 0.868171 -0.011093 0.488018
vn 0.971276 0.042859 0.230397
vn 0.982166 -0.008785 0.174117
vn 0.975660 -0.018484 0.200376
vn 0.765614 -0.031473 0.636076
vn 0.707060 -0.019635 0.706305
vn 0.554511 0.014612 0.831323
vn 0.583314 0.000806 0.809348
vn 0.435111 0.008593 0.898352
vn 0.673531 -0.025083 0.735469
vn 0.868077 -0.016881 0.486889
vn 0.564269 -0.017221 0.822786
vn 0.970288 0.048223 0.232522
vn 0.932175 -0.020432 0.350770
vn 0.960469 -0.045270 0.274354
vn 0.865593 -0.005301 0.490885
vn 0.598598 -0.007536 0.799272
vn 0.446462 0.016119 0.891096
vn 0.490649 0.050503 0.869155
vn 0.773094 -0.022849 0.627152
vn 0.567797 -0.010769 0.821275
vn 0.458078 -0.005091 0.887599
vn 0.974187 -0.018246 0.206096
vn 0.990553 -0.022531 0.133351
vn 0.977290 -0.030818 0.191279
vn 0.821180 -0.043175 0.567491
vn 0.702952 -0.020959 0.710588
vn 0.574801 -0.023755 0.815885
vn 0.658562 -0.034209 0.748386
vn 0.860465 -0.018558 0.498988
vn 0.952921 -0.041332 0.291438
vn 0.993661 -0.024328 0.107948
vn 0.881409 -0.010727 0.460307
vn 0.734999 -0.002509 0.671764
vn 0.641160 -0.012907 0.762531
vn 0.464922 0.006034 0.881987
vn 0.502312 -0.002110 0.864046
vn 0.357577 0.016225 0.932502
vn 0.480813 -0.016621 0.875149
vn 0.624224 -0.058529 0.777399
vn 0.766704 -0.023784 0.633939
vn 0.926061 -0.036811 0.373385
vn 0.975477 -0.062080 0.203001
vn 0.993045 -0.018903 0.114953
vn 0.962057 -0.015396 0.269030
vn 0.916600 0.003995 0.389217
vn 0.796084 0.011585 0.597166
vn 0.538573 -0.006010 0.840053
vn 0.424321 -0.001995 0.903412
vn 0.385755 0.015753 0.921115
vn 0.458982 -0.045609 0.883663
vn 0.558799 -0.064464 0.826248
vn 0.534818 -0.044274 0.835198
vn 0.647152 -0.021557 0.756798
vn 0.877046 -0.022065 0.459716
vn 0.956553 -0.041980 0.282073
vn 0.416332 0.007978 0.909174
vn 0.977475 -0.014050 0.195655
vn 0.960159 0.011663 0.272845
vn 0.829505 -0.021872 0.525477
vn 0.710144 0.002820 0.701060
vn 0.639174 -0.018661 0.764652
vn 0.425726 -0.010302 0.903495
vn 0.353139 -0.018318 0.934198
vn 0.415019 -0.003335 0.907875
vn 0.413779 -0.035058 0.909066
vn 0.772656 -0.036553 0.627769
vn 0.858434 -0.042781 0.497514
vn 0.979658 0.011947 0.182607
vn 0.936140 0.070642 0.325999
vn 0.829546 0.131883 0.519286
vn 0.733899 0.077160 0.670426
vn 0.596568 -0.005179 0.799859
vn 0.525097 -0.019924 0.848718
vn 0.354324 0.002674 0.933990
vn 0.431726 -0.087130 0.896036
vn 0.576652 -0.068351 0.808285
vn 0.989965 0.015382 0.124513
vn 0.679192 0.037845 0.729176
vn 0.436873 -0.031864 0.896936
vn 0.423946 -0.135534 0.886105
vn 0.525227 -0.155776 0.832031
vn 0.968329 0.071065 0.225022
vn 0.816019 0.098476 0.562242
vn 0.747958 0.114879 0.648603
vn 0.673828 0.098597 0.728838
vn 0.587917 -0.018139 0.807812
vn 0.551395 0.023296 0.827271
vn 0.330038 -0.042424 0.938903
vn 0.358388 -0.131133 0.918045
vn 0.958233 0.020592 0.266535
vn 0.889305 -0.021711 0.416784
vn 0.635351 0.048876 0.767003
vn 0.396720 0.000671 0.914399
vn 0.322684 -0.006775 0.941627
vn 0.391546 -0.194927 0.896183
vn 0.782479 -0.059795 0.600469
vn 0.838738 0.023151 0.529129
vn 0.667566 -0.048129 0.730574
vn 0.450782 0.052432 0.886879
vn 0.179162 -0.011784 0.982773
vn 0.946037 -0.066243 0.306107
vn 0.848246 0.044887 0.452058
vn 0.587969 0.079852 0.801523
vn 0.301788 0.008942 0.951160
vn 0.235455 0.005165 0.968641
vn 0.107752 -0.000811 0.992987
vn 0.955890 -0.069145 0.259559
vn 0.685345 -0.064247 0.700966
vn 0.880062 -0.138968 0.423003
vn 0.757056 0.131013 0.564324
vn 0.494827 -0.020124 0.849122
vn 0.354471 0.086742 0.925322
vn 0.971014 0.078127 0.184973
vn 0.904612 0.092055 0.298471
vn 0.609261 -0.077628 0.783418
vn 0.660242 0.530869 0.369352
vn 0.883479 -0.018480 0.399938
vn 0.142681 0.048893 0.982974
vn 0.096580 0.036814 0.990513
vn 0.591126 0.036423 0.796170
vn 0.818294 0.441032 0.211839
vn 0.878938 0.199314 0.355381
vn 0.589393 -0.039063 0.797637
vn 0.257045 -0.075252 0.934831
vn 0.042083 0.059898 0.995716
vn 0.760741 0.488107 0.108943
vn 0.535256 0.398892 0.611389
vn 0.567691 0.137664 0.796639
vn 0.599380 0.363502 0.600157
vn 0.656650 0.492760 0.316550
vn 0.687295 0.590327 0.201260
vn 0.429921 -0.149793 0.882850
vn -0.017780 0.123518 0.984912
vn 0.455470 0.830324 0.267664
vn 0.432668 0.698353 0.425957
vn 0.677125 0.551303 0.206774
vn 0.507564 0.747492 0.195095
vn 0.506434 0.021160 0.855624
vn -0.068376 -0.123133 0.955776
vn 0.415561 -0.186220 0.883025
vn -0.036568 0.212954 0.969378
vn 0.353343 0.762610 0.452556
vn 0.755797 0.263739 0.474652
vn 0.854186 0.111527 0.093721
vn 0.570110 0.472653 0.318979
vn 0.453559 0.234642 0.853035
vn -0.151438 0.121414 0.976097
vn 0.149632 -0.273444 0.933986
vn -0.091149 0.253237 0.959295
vn 0.564943 0.725600 0.313170
vn 0.858143 0.130481 0.250573
vn 0.580688 0.145972 0.784909
vn 0.730724 -0.040121 0.403956
vn 0.879645 0.343597 0.150795
vn 0.287730 -0.001098 0.899626
vn 0.447437 0.227313 0.858878
vn -0.186594 0.008316 0.945855
vn 0.020721 -0.299308 0.929053
vn 0.818733 -0.099062 0.486714
vn 0.821645 0.038459 0.105261
vn 0.946310 0.260783 -0.108602
vn 0.841432 -0.381078 0.153593
vn 0.178564 0.322083 0.904800
vn 0.276559 0.310027 0.895993
vn -0.061035 -0.029022 0.961205
vn 0.885642 -0.271564 0.257820
vn 0.433787 0.264627 0.845741
vn 0.530932 0.321299 0.734180
vn 0.975425 0.196808 0.009305
vn -0.128391 0.256308 0.944249
vn 0.354680 0.200107 0.913250
vn 0.666611 0.190598 0.585330
vn 0.940848 0.231383 -0.038412
vn 0.806891 0.018542 0.278350
vn -0.065640 0.364860 0.918285
vn 0.256458 0.326379 0.900340
vn -0.309316 0.252109 0.912956
vn 0.460880 0.471637 0.743673
vn 0.559824 0.544355 0.614263
vn 0.868331 0.484980 0.039545
vn 0.769222 0.475714 0.344819
vn 0.954628 0.088576 0.246490
vn 0.176758 0.358847 0.915340
vn 0.615074 0.556691 0.520517
vn 0.328025 0.468772 0.815655
vn 0.883977 0.237327 0.290461
vn 0.191989 0.430820 0.879952
vn 0.474235 0.476941 0.725072
vn 0.866107 0.107838 0.453853
vn 0.271436 0.456969 0.841738
vn 0.346884 0.449569 0.813356
vn 0.637384 0.407552 0.646355
vn 0.720948 0.282199 0.576551
vn 0.950151 0.074392 0.288790
vn 0.530197 0.372871 0.745999
vn 0.702382 0.141482 0.689238
vn 0.895030 -0.001361 0.416031
vn 0.422269 0.260033 0.863358
vn 0.549498 0.165320 0.807161
vn 0.744316 0.070672 0.648841
vn 0.910325 -0.148581 0.354521
vn 0.582164 0.146927 0.778127
vn 0.764419 -0.044752 0.609023
vn 0.423380 0.135482 0.894002
vn 0.627566 0.171116 0.744938
vn 0.928598 -0.003491 0.287103
vn 0.371281 0.301387 0.872880
vn 0.479693 0.350937 0.789223
vn 0.585738 0.313873 0.725150
vn 0.930481 0.063738 0.275955
vn 0.778740 0.191930 0.520612
vn 0.496370 0.311333 0.801973
vn 0.927152 0.157420 0.281209
vn 0.933128 0.212855 0.206713
vn 0.348787 0.334072 0.871421
vn 0.616732 0.263041 0.712620
vn 0.740703 0.362536 0.500751
vn 0.888217 0.128276 0.432306
vn 0.382685 0.180424 0.891554
vn 0.873888 0.217449 0.399901
vn 0.315600 0.099411 0.930706
vn 0.418644 -0.002638 0.898480
vn 0.785858 0.212422 0.503263
vn 0.911983 0.207990 0.317834
vn 0.428177 -0.030094 0.890552
vn 0.542356 -0.164020 0.785298
vn 0.723021 -0.090758 0.648326
vn 0.936308 0.169397 0.253138
vn 0.508425 -0.095493 0.847611
vn 0.322097 -0.230796 0.907917
vn 0.332297 -0.118605 0.912110
vn 0.892181 -0.009194 0.383466
vn 0.447725 0.043736 0.865411
vn 0.669886 -0.263769 0.678911
vn 0.433707 -0.309238 0.810604
vn 0.828948 -0.172111 0.508644
vn 0.231353 -0.210655 0.930729
vn 0.291234 0.077460 0.942167
vn 0.958903 0.009950 0.280162
vn 0.951125 -0.035534 0.281921
vn 0.744055 -0.077326 0.640255
vn 0.469750 -0.018924 0.795546
vn 0.242779 -0.127066 0.944700
vn 0.206438 0.049179 0.969984
vn 0.169655 -0.071571 0.974391
vn 0.958064 0.012895 0.210117
vn 0.855826 -0.034407 0.487254
vn 0.374735 0.075217 0.913451
vn 0.976885 0.071161 0.160261
vn 0.848371 0.129857 0.492038
vn 0.717547 0.148696 0.669722
vn 0.513772 0.193948 0.824077
vn 0.257572 0.027007 0.959464
vn 0.081791 0.039717 0.992863
vn 0.984339 0.142339 0.034551
vn 0.533729 0.089611 0.834799
vn 0.137438 0.028633 0.987476
vn 0.443746 0.067838 0.889800
vn 0.932879 0.159987 0.236765
vn 0.828188 0.133899 0.525832
vn 0.281888 0.069514 0.951333
vn 0.103807 0.050989 0.989474
vn 0.922297 0.143503 0.293995
vn 0.734408 0.120608 0.659916
vn 0.632814 0.069881 0.753674
vn 0.408392 0.234325 0.837217
vn -0.028008 0.038052 0.994614
vn 0.096498 0.106623 0.977443
vn 0.245048 0.358107 0.848605
vn 0.807309 0.052311 0.574359
vn 0.590746 0.170130 0.732190
vn 0.032640 0.808399 0.509669
vn -0.082415 0.109740 0.976699
vn 0.225085 0.727064 0.567722
vn -0.008218 0.599488 0.763576
vn -0.087409 0.431716 0.868355
vn -0.172260 0.157966 0.961811
vn 0.006303 0.971544 0.217791
vn -0.065646 0.775711 0.598183
vn -0.068186 0.956112 0.275749
vn -0.108094 0.483507 0.835040
vn 0.990477 -0.010820 -0.111080
vn 0.964885 0.020207 -0.244447
vn 0.964451 -0.027097 -0.246428
vn 0.993558 0.016054 -0.058815
vn 0.902528 -0.017974 -0.421936
vn 0.981264 -0.072434 -0.176219
vn 0.988773 -0.002291 0.097979
vn 0.873032 0.344177 -0.108439
vn 0.905482 0.005089 -0.415979
vn 0.925783 -0.058001 -0.362194
vn 0.976821 -0.051066 -0.199206
vn 0.991242 -0.078406 -0.085492
vn 0.988837 -0.007359 0.069538
vn 0.995962 -0.064417 0.008378
vn 0.899570 0.324270 0.059382
vn 0.822415 0.302992 -0.352602
vn 0.846692 -0.019329 -0.527276
vn 0.846095 -0.026514 -0.525424
vn 0.982070 0.045322 0.079458
vn 0.975428 0.008411 0.200886
vn 0.979816 -0.068206 0.172744
vn 0.446193 0.813057 0.025888
vn 0.523175 0.769743 -0.125398
vn 0.828098 -0.020654 -0.554201
vn 0.853092 -0.087608 -0.507368
vn 0.957304 -0.058347 -0.281609
vn 0.993536 -0.047434 -0.068765
vn 0.993287 -0.071062 0.035110
vn 0.971407 -0.023617 0.219874
vn 0.667281 0.685389 0.017585
vn 0.517226 0.756854 -0.229357
vn 0.744529 0.340401 -0.473969
vn 0.809583 -0.077456 -0.581674
vn 0.794708 -0.019879 -0.602966
vn 0.920079 -0.055867 -0.380170
vn 0.972772 -0.023215 -0.223817
vn 0.988359 -0.018828 -0.119955
vn 0.904517 0.278098 0.123667
vn 0.940392 -0.028430 0.333364
vn 0.979447 -0.049315 0.190523
vn 0.033774 0.991884 -0.022595
vn 0.225485 0.944836 -0.061782
vn 0.166205 0.975311 -0.036657
vn 0.731330 0.212643 -0.583293
vn 0.743478 -0.047742 -0.660376
vn 0.727479 -0.018258 -0.683654
vn 0.786099 -0.094512 -0.607606
vn 0.886123 -0.039057 -0.458399
vn 0.997906 -0.020048 0.033814
vn 0.929032 -0.000019 0.357110
vn 0.919740 -0.024275 0.391257
vn 0.569483 0.793234 -0.004601
vn -0.000889 0.996560 -0.027998
vn 0.310616 0.930134 -0.031500
vn 0.243413 0.870195 -0.198472
vn 0.085494 0.991188 0.020966
vn 0.429836 0.735121 -0.347449
vn 0.764098 -0.014668 -0.641249
vn 0.806738 -0.082668 -0.580200
vn 0.940057 -0.019411 -0.335505
vn 0.975796 -0.024942 -0.210873
vn 0.999142 -0.026704 0.007617
vn 0.508616 0.834104 0.039641
vn 0.023073 0.997543 0.035838
vn 0.043994 0.997167 -0.024069
vn 0.426989 0.741006 -0.365097
vn 0.630048 0.090026 -0.718562
vn 0.660809 -0.051144 -0.746849
vn 0.682133 -0.036319 -0.727650
vn 0.771271 -0.055160 -0.633878
vn 0.805711 -0.021263 -0.588646
vn 0.929649 -0.027124 -0.360300
vn 0.989849 -0.033778 -0.109212
vn 0.168845 0.976419 0.006995
vn 0.003407 0.995447 -0.021265
vn 0.037479 0.985823 -0.067270
vn 0.137582 0.960590 -0.080221
vn 0.855028 -0.031828 -0.511159
vn 0.971604 -0.022445 -0.229667
vn 0.998816 -0.038266 -0.028497
vn 0.032214 0.999423 0.005519
vn 0.057758 0.998113 -0.005480
vn -0.009803 0.990197 -0.023786
vn 0.065672 0.990761 -0.037044
vn 0.509041 0.294848 -0.726581
vn 0.587874 -0.067874 -0.800891
vn 0.584167 -0.074634 -0.804393
vn 0.803364 -0.033668 -0.592130
vn 0.924997 -0.027131 -0.372921
vn 0.989317 -0.045382 -0.116194
vn 0.999422 -0.012111 -0.008462
vn 0.152301 0.979356 -0.099442
vn 0.343613 0.812780 -0.362086
vn 0.796144 -0.030656 -0.599656
vn 0.886495 -0.017420 -0.458244
vn 0.988189 0.005952 -0.117377
vn 0.188993 0.968593 -0.137138
vn 0.117606 0.989448 -0.067416
vn 0.473822 -0.072214 -0.875386
vn 0.378654 0.470129 -0.609461
vn 0.841036 -0.026598 -0.538698
vn 0.936592 -0.012803 -0.345031
vn 0.968858 -0.008225 -0.244827
vn 0.073994 0.996290 -0.031677
vn 0.229281 0.938173 -0.211429
vn 0.830236 -0.020199 -0.551406
vn 0.925611 -0.010828 -0.362463
vn 0.968977 -0.017805 -0.236001
vn 0.999820 0.009938 0.009690
vn 0.743260 -0.014324 -0.665079
vn 0.992780 -0.009797 -0.081375
vn 0.693183 -0.016769 -0.720356
vn 0.746091 -0.044511 -0.660533
vn 0.920303 -0.033243 -0.377636
vn 0.972335 -0.038106 -0.206781
vn 0.999641 -0.016918 0.015626
vn 0.635692 -0.033471 -0.768824
vn 0.774754 -0.033946 -0.628306
vn 0.846643 -0.026705 -0.527202
vn 0.997629 -0.017239 -0.038499
vn 0.694503 -0.034769 -0.716479
vn 0.925025 -0.051631 -0.366549
vn 0.998248 -0.031995 -0.016983
vn 0.689640 -0.025516 -0.722003
vn 0.775234 -0.000684 -0.624915
vn 0.912057 0.009526 -0.394321
vn 0.965786 -0.052694 -0.242122
vn 0.995249 -0.030622 -0.057730
vn 0.999509 -0.024562 0.017507
vn 0.625651 -0.023071 -0.775928
vn 0.846967 0.011584 -0.527528
vn 0.552883 0.006863 -0.829343
vn 0.637854 -0.008689 -0.768259
vn 0.847651 0.016117 -0.524399
vn 0.982882 -0.019350 -0.163686
vn 0.997891 -0.013254 -0.030885
vn 0.497239 -0.002451 -0.863252
vn 0.516366 -0.038541 -0.850126
vn 0.654465 0.017286 -0.752001
vn 0.812208 0.028902 -0.579178
vn 0.950161 0.047371 -0.296826
vn 0.909098 0.064508 -0.407722
vn 0.999347 -0.020620 0.029656
vn 0.443573 0.009026 -0.894345
vn 0.762547 0.017427 -0.642411
vn 0.980522 0.011077 -0.182937
vn 0.907626 -0.014109 -0.408991
vn 0.998585 -0.014300 -0.034627
vn 0.511978 0.027551 -0.851748
vn 0.673642 0.036392 -0.735615
vn 0.719321 -0.037362 -0.685179
vn 0.939031 -0.025795 -0.323365
vn 0.890294 -0.108343 -0.435882
vn 0.990085 -0.020782 -0.119431
vn 0.406650 -0.044299 -0.910366
vn 0.418369 -0.046399 -0.904427
vn 0.589169 0.009469 -0.802956
vn 0.826835 -0.075116 -0.548691
vn 0.995612 0.012021 -0.069836
vn 0.428291 -0.000930 -0.902041
vn 0.477987 0.003715 -0.875496
vn 0.742279 -0.036398 -0.657590
vn 0.969202 -0.045218 -0.233539
vn 0.875369 -0.072594 -0.470954
vn 0.932276 -0.084414 -0.337772
vn 0.980140 0.041144 -0.179304
vn 0.994224 0.036077 0.029441
vn 0.481750 -0.001423 -0.871592
vn 0.666429 -0.078228 -0.741351
vn 0.585336 -0.029793 -0.799245
vn 0.834113 -0.012347 -0.543866
vn 0.984120 0.036478 -0.140249
vn 0.994079 0.013653 0.040656
vn 0.453861 0.005185 -0.889391
vn 0.592875 0.028404 -0.785850
vn 0.834865 0.070773 -0.541599
vn 0.946225 0.028605 -0.310424
vn 0.892972 0.062367 -0.437099
vn 0.953648 0.071447 -0.281237
vn 0.986782 -0.018857 0.139808
vn 0.413156 0.081696 -0.906737
vn 0.458320 0.083594 -0.883244
vn 0.533596 0.110236 -0.834312
vn 0.647224 0.120975 -0.744866
vn 0.742192 0.116063 -0.653557
vn 0.963177 0.012112 -0.250513
vn 0.991277 0.002008 -0.073905
vn 0.990439 -0.000909 0.075813
vn 0.908496 0.050471 -0.405595
vn 0.759303 0.060843 -0.637297
vn 0.933733 0.119703 -0.307462
vn 0.991926 0.025575 0.056672
vn 0.451796 0.097192 -0.886094
vn 0.671793 0.119283 -0.725423
vn 0.874075 0.081404 -0.447583
vn 0.898967 0.103704 -0.400844
vn 0.938187 0.155226 -0.156366
vn 0.961710 0.224012 0.018193
vn 0.474796 0.093936 -0.873936
vn 0.558039 0.138839 -0.812325
vn 0.664870 0.092278 -0.727845
vn 0.730429 0.059140 -0.653651
vn 0.802509 0.326627 -0.417611
vn 0.958601 0.231456 -0.037671
vn 0.488115 0.113893 -0.862582
vn 0.866643 0.395786 -0.261761
vn 0.685151 0.379920 -0.520141
vn 0.713458 0.384822 -0.483292
vn 0.794430 0.549508 0.014866
vn 0.588089 0.321934 -0.722027
vn 0.523388 0.640420 -0.489235
vn 0.749876 0.589159 -0.080511
vn 0.725323 0.595973 -0.132971
vn 0.558319 0.259367 -0.784095
vn 0.612216 0.720036 -0.276189
vn 0.673722 0.464877 -0.469534
vn 0.553502 0.632096 -0.481033
vn 0.724739 0.656932 -0.063112
vn 0.713523 0.679669 -0.016174
vn 0.651513 0.326292 -0.662205
vn 0.517931 0.422181 -0.663057
vn 0.622815 0.703131 -0.120511
vn 0.756989 0.645758 0.046130
vn 0.668300 0.730744 -0.066172
vn 0.794186 0.125734 -0.583627
vn 0.537508 0.723762 -0.349963
vn 0.790441 0.289922 -0.395955
vn 0.880427 0.440055 0.019863
vn 0.865834 0.460420 0.027625
vn 0.827773 0.250734 -0.166314
vn 0.760109 0.146800 -0.330430
vn 0.882156 -0.058943 -0.317564
vn 0.795622 0.304011 0.047574
vn 0.902151 0.372172 -0.127644
vn 0.847313 0.100076 -0.512884
vn 0.956605 0.003374 -0.193660
vn 0.973811 0.120914 -0.157831
vn 0.973180 0.167044 0.018036
vn 0.975101 0.170275 0.058929
vn 0.905439 0.036451 -0.179985
vn 0.973575 -0.190959 -0.024771
vn 0.987477 -0.047449 -0.080996
vn 0.826320 0.052300 -0.534709
vn 0.986677 0.036251 -0.140914
vn 0.989102 0.041378 -0.053046
vn 0.988353 0.093533 0.093613
vn 0.886011 -0.016122 -0.413740
vn 0.944977 0.108851 -0.222468
vn 0.993721 0.088734 0.033746
vn 0.848839 0.025875 -0.492684
vn 0.935516 0.224888 -0.201115
vn 0.982908 0.064537 -0.128591
vn 0.984304 0.028720 0.132197
vn 0.990515 0.112772 0.010553
vn 0.893057 0.371745 -0.202567
vn 0.933950 0.118111 -0.312620
vn 0.973409 -0.015049 0.131982
vn 0.864886 0.349224 -0.335943
vn 0.906597 0.264485 -0.235733
vn 0.903357 0.163900 -0.364521
vn 0.962461 0.085070 -0.241666
vn 0.982645 0.090635 -0.078904
vn 0.979600 -0.058948 0.128157
vn 0.969507 -0.147341 0.091124
vn 0.936556 0.042981 -0.338441
vn 0.965362 -0.203624 0.107640
vn 0.939963 0.032339 -0.336217
vn 0.977653 0.005702 -0.156728
vn 0.975498 -0.181620 -0.006760
vn 0.955167 -0.260172 0.022185
vn 0.949969 0.033028 -0.299222
vn 0.973563 0.034561 -0.215006
vn 0.917449 0.024763 -0.391861
vn 0.931287 -0.039948 -0.336991
vn 0.947270 -0.182358 -0.196916
vn 0.955221 -0.256998 -0.062977
vn 0.898000 0.127261 -0.378231
vn 0.943204 -0.049598 -0.264156
vn 0.828094 0.067756 -0.503013
vn 0.934364 0.209189 -0.170343
vn 0.934404 0.295843 -0.133081
vn 0.701601 0.185845 -0.687867
vn 0.823528 0.034894 -0.521945
vn 0.955735 0.005779 -0.232507
vn 0.680699 0.154139 -0.715217
vn 0.989415 0.048458 0.042397
vn 0.933898 0.243367 -0.136169
vn 0.949296 0.115159 -0.219458
vn 0.705450 0.081988 -0.697332
vn 0.948536 0.173221 -0.030935
vn 0.815427 0.173340 -0.503184
vn 0.970849 0.095112 -0.086702
vn 0.986981 -0.065366 -0.025060
vn 0.945541 0.124601 -0.267342
vn 0.819858 0.135097 -0.503945
vn 0.986145 0.010487 -0.046781
vn 0.852983 0.056138 -0.496927
vn 0.975978 0.142212 -0.095231
vn 0.977223 -0.010298 -0.018957
vn 0.702119 0.092792 -0.691900
vn 0.986370 0.042968 -0.090895
vn 0.935001 0.044195 -0.342826
vn 0.621795 0.120409 -0.770357
vn 0.826792 0.101364 -0.536496
vn 0.975724 0.058841 -0.188602
vn 0.990180 0.086108 0.057363
vn 0.989469 0.128976 -0.051759
vn 0.652335 0.132550 -0.742215
vn 0.996257 0.057044 -0.013696
vn 0.932311 0.057463 -0.349409
vn 0.644525 0.114586 -0.754802
vn 0.726568 0.037084 -0.660284
vn 0.989601 0.036565 -0.063751
vn 0.991868 0.098778 0.058243
vn 0.918053 0.031398 -0.351822
vn 0.625368 0.095505 -0.759822
vn 0.989188 0.035074 0.105722
vn 0.714013 0.115437 -0.634543
vn 0.974867 0.083316 -0.127493
vn 0.956241 0.043746 0.243640
vn 0.916722 0.101999 -0.337792
vn 0.372853 0.597166 -0.640331
vn 0.988030 0.013509 0.086572
vn 0.940075 0.035146 0.295483
vn 0.806010 0.435139 -0.263192
vn 0.541646 0.509354 -0.565800
vn 0.849105 0.401279 -0.088164
vn 0.858150 0.051391 0.497174
vn 0.307593 0.835207 -0.426423
vn 0.795529 0.489300 0.069993
vn 0.857360 0.285376 0.287400
vn 0.434335 0.842095 -0.259007
vn 0.163778 0.891477 -0.376864
vn 0.530123 0.816537 -0.089116
vn 0.740101 0.349754 0.474451
vn 0.169211 0.955951 -0.195391
vn 0.124498 0.885965 -0.422190
vn 0.590931 0.772929 0.053247
vn 0.585465 0.740866 0.206290
vn 0.624597 0.419051 0.565652
vn 0.260290 0.944982 -0.150709
vn -0.001915 0.991535 -0.103734
vn 0.020264 0.955462 -0.278157
vn 0.256966 0.956725 0.037055
vn 0.443063 0.785826 0.322605
vn 0.196441 0.971998 -0.031676
vn 0.020280 0.995652 -0.048095
vn -0.008379 0.959685 -0.271899
vn 0.265683 0.828156 0.437774
vn -0.040993 0.998421 -0.037169
vn -0.033722 0.983447 -0.158434
vn 0.080783 0.995098 -0.005305
vn 0.147201 0.965059 0.158934
vn -0.030374 0.996578 -0.056206
vn -0.037705 0.997526 0.004409
vn -0.003854 0.981700 -0.173915
vn 0.090298 0.991852 0.014752
vn -0.024388 0.993416 0.037761
vn -0.011407 0.990371 -0.103286
vn 0.035404 0.992643 -0.096588
vn 0.008662 0.998599 -0.014416
vn -0.048356 0.993255 0.096535
vn 0.082948 0.990827 -0.071937
vn 0.054448 0.995567 -0.039020
vn -0.005761 0.995412 0.054636
vn 0.075263 0.995736 0.018370
vn -0.467827 -0.094639 -0.855649
vn -0.535079 -0.158138 -0.820673
vn -0.286400 -0.095670 -0.930525
vn -0.643252 -0.123211 -0.751374
vn -0.361817 0.026420 -0.919162
vn -0.249540 -0.062504 -0.948771
vn -0.544773 -0.143495 -0.787986
vn -0.178077 0.108354 -0.963347
vn -0.056227 0.032960 -0.984315
vn -0.712140 -0.204174 -0.636577
vn -0.044162 0.108598 -0.989503
vn -0.181599 0.133277 -0.969777
vn -0.219387 0.059151 -0.963110
vn 0.024286 0.103886 -0.989152
vn -0.712928 -0.102698 -0.693661
vn -0.551510 -0.208903 -0.681477
vn -0.782698 0.010539 -0.560670
vn -0.101867 0.198793 -0.960492
vn -0.260849 0.370936 -0.860631
vn -0.503486 0.225603 -0.730905
vn 0.056712 0.173650 -0.976346
vn -0.540096 0.484685 -0.626326
vn -0.082777 0.490881 -0.826969
vn -0.673744 0.398552 -0.572499
vn 0.059513 0.506248 -0.809776
vn -0.251599 0.652135 -0.686599
vn -0.361553 0.695428 -0.604803
vn -0.452909 0.712588 -0.494405
vn -0.046203 0.808066 -0.558913
vn -0.218709 0.823960 -0.473670
vn -0.313692 0.843652 -0.422004
vn -0.177804 0.929589 -0.303371
vn -0.529338 -0.015514 -0.846747
vn -0.525433 -0.027466 -0.848550
vn -0.528505 -0.048667 -0.845853
vn -0.633383 -0.014301 -0.765593
vn -0.605146 -0.007221 -0.793479
vn -0.530884 0.006941 -0.846777
vn -0.608472 -0.029405 -0.788825
vn -0.615978 0.054708 -0.781922
vn -0.530251 0.033512 -0.845454
vn -0.684572 -0.063141 -0.724796
vn -0.697101 0.107101 -0.698168
vn -0.589927 -0.002327 -0.804524
vn -0.746471 -0.030833 -0.658548
vn -0.701401 0.116784 -0.694178
vn -0.683574 -0.006394 -0.714953
vn -0.681319 -0.041305 -0.724480
vn -0.749491 0.022148 -0.652901
vn -0.545640 -0.017051 -0.837275
vn -0.780523 -0.038671 -0.602826
vn -0.805965 0.112578 -0.568074
vn -0.828064 0.077259 -0.537502
vn -0.606675 0.000004 -0.793391
vn -0.531858 -0.004172 -0.846656
vn -0.877416 -0.018811 -0.467261
vn -0.895345 -0.002165 -0.410688
vn -0.793479 -0.034900 -0.590353
vn -0.666906 -0.008966 -0.740866
vn -0.546759 0.000129 -0.837104
vn -0.600704 -0.013288 -0.798396
vn -0.864067 -0.017295 -0.479203
vn -0.926550 0.019656 -0.367053
vn -0.898094 0.032232 -0.409167
vn -0.914345 0.104478 -0.371431
vn -0.769654 0.013277 -0.627667
vn -0.546648 0.011313 -0.837152
vn -0.955225 -0.015925 -0.291384
vn -0.956389 0.025307 -0.287264
vn -0.899204 -0.087591 -0.403339
vn -0.909387 0.104869 -0.397745
vn -0.659251 -0.024845 -0.750293
vn -0.556321 0.028741 -0.828823
vn -0.625284 -0.003874 -0.778029
vn -0.969327 0.026519 -0.229086
vn -0.869504 -0.007606 -0.477325
vn -0.963094 0.015338 -0.263602
vn -0.968904 0.013983 -0.230832
vn -0.961190 -0.023212 -0.271589
vn -0.966298 -0.050123 -0.232811
vn -0.757466 -0.173971 -0.602864
vn -0.937289 0.140010 -0.309678
vn -0.715944 0.031509 -0.684482
vn -0.516220 0.031669 -0.853367
vn -0.974191 0.002211 -0.215189
vn -0.949620 0.066038 -0.296908
vn -0.965643 0.048555 -0.247506
vn -0.981598 -0.004491 -0.159651
vn -0.962502 -0.002874 -0.260745
vn -0.967681 -0.002143 -0.206203
vn -0.915300 -0.200977 -0.288857
vn -0.953887 0.115366 -0.249745
vn -0.632235 -0.173109 -0.747508
vn -0.585810 0.067454 -0.804836
vn -0.639525 0.070543 -0.763205
vn -0.968067 0.149422 -0.164609
vn -0.989876 0.049766 -0.118149
vn -0.864824 0.074169 -0.480865
vn -0.992976 0.004775 -0.037754
vn -0.995954 -0.016966 -0.048740
vn -0.979107 0.017032 -0.186780
vn -0.978836 0.010922 -0.188819
vn -0.984103 -0.031966 -0.103899
vn -0.987234 -0.017030 -0.133355
vn -0.756588 -0.180525 -0.582962
vn -0.552620 -0.034209 -0.829405
vn -0.727939 0.095058 -0.663809
vn -0.877075 0.181000 -0.424819
vn -0.977905 0.072852 -0.171418
vn -0.986112 0.067167 -0.143364
vn -0.995928 0.004327 -0.006367
vn -0.920498 -0.049110 -0.208174
vn -0.981512 0.076030 -0.087746
vn -0.580914 -0.285734 -0.755151
vn -0.572842 -0.049360 -0.815861
vn -0.623930 -0.027773 -0.777055
vn -0.977736 0.084852 -0.087281
vn -0.994278 0.047402 -0.041770
vn -0.941572 0.176752 -0.268332
vn -0.996895 0.019712 -0.044820
vn -0.992929 0.031646 -0.022232
vn -0.987792 0.011615 0.105086
vn -0.957085 0.234968 -0.056335
vn -0.899856 0.210375 -0.246472
vn -0.720532 0.018931 -0.610943
vn -0.477091 -0.213973 -0.834837
vn -0.982729 0.150369 -0.089402
vn -0.634704 0.069305 -0.765248
vn -0.991223 0.076785 -0.013338
vn -0.850208 0.102348 -0.471441
vn -0.960393 0.094006 -0.205735
vn -0.996323 0.008117 -0.062729
vn -0.989504 -0.002683 0.014208
vn -0.959191 0.212239 -0.152408
vn -0.859406 0.093149 -0.447054
vn -0.450143 -0.067415 -0.821255
vn -0.955655 0.229353 0.008528
vn -0.636142 -0.046046 -0.766706
vn -0.991892 0.065677 0.078766
vn -0.720789 -0.044901 -0.684724
vn -0.989722 -0.049757 -0.115750
vn -0.998575 0.027221 -0.010253
vn -0.988902 0.031143 0.102313
vn -0.973218 0.162750 -0.022065
vn -0.839707 -0.006671 0.418544
vn -0.884629 0.422764 -0.151837
vn -0.786279 0.453745 -0.369395
vn -0.594539 0.417377 -0.596571
vn -0.445449 -0.014865 -0.864656
vn -0.979636 0.145543 0.042566
vn -0.883340 0.146632 0.250721
vn -0.899744 0.344576 0.120504
vn -0.697665 0.014628 -0.713570
vn -0.733127 -0.058745 -0.670131
vn -0.944994 0.110991 0.233600
vn -0.830908 -0.075405 -0.502814
vn -0.968285 -0.089300 -0.201538
vn -0.997864 0.007497 -0.038292
vn -0.996578 0.007769 0.033275
vn -0.800551 0.184544 0.417813
vn -0.879860 0.431524 -0.013005
vn -0.445759 -0.026814 -0.886598
vn -0.873124 0.393749 0.190870
vn -0.965171 0.008538 -0.223979
vn -0.982797 0.050382 -0.155710
vn -0.725002 -0.003769 0.660447
vn -0.808189 0.510494 0.056784
vn -0.792391 0.508046 -0.288755
vn -0.688729 0.549463 -0.454538
vn -0.554444 0.256329 -0.702352
vn -0.886896 0.332729 0.265188
vn -0.808917 0.483048 0.332390
vn -0.765927 0.004742 -0.639828
vn -0.866682 -0.064308 -0.452216
vn -0.992547 0.023315 -0.117013
vn -0.993923 0.043644 0.059387
vn -0.938972 0.035425 0.310204
vn -0.791092 0.511915 0.233698
vn -0.746917 0.136563 0.616015
vn -0.880266 0.447440 -0.118144
vn -0.683069 0.661536 0.179465
vn -0.670339 0.469828 -0.538123
vn -0.652474 0.298659 -0.625852
vn -0.848393 0.337754 0.390519
vn -0.756759 0.028618 -0.650225
vn -0.850672 0.020788 -0.505662
vn -0.983919 0.063700 -0.145353
vn -0.994520 0.057173 -0.053785
vn -0.688215 0.310504 0.618858
vn -0.845743 0.227814 0.440657
vn -0.871609 0.461063 0.075678
vn -0.718939 0.537117 0.255694
vn -0.764824 0.539481 -0.281553
vn -0.716800 0.524596 -0.427016
vn -0.795207 0.024795 -0.602152
vn -0.951258 0.112276 -0.271331
vn -0.994089 0.073875 -0.059816
vn -0.648337 0.672943 0.263287
vn -0.804592 0.341706 0.406305
vn -0.872744 0.373520 0.264885
vn -0.749409 0.404864 -0.474158
vn -0.767205 -0.007720 -0.630105
vn -0.946216 -0.011336 -0.308442
vn -0.977986 -0.013074 -0.198618
vn -0.854315 0.244413 0.410316
vn -0.817105 0.500993 -0.101026
vn -0.838270 0.495167 0.157759
vn -0.704141 0.617638 -0.333694
vn -0.807235 0.044017 -0.580030
vn -0.858769 -0.020417 -0.498536
vn -0.985118 -0.000915 -0.165895
vn -0.899200 0.367181 0.152194
vn -0.867346 0.248745 0.407084
vn -0.866926 0.380770 0.161069
vn -0.864183 0.424333 0.227763
vn -0.753922 -0.091951 -0.645881
vn -0.841491 0.043228 -0.527354
vn -0.973994 0.020821 -0.212120
vn -0.934842 0.014498 -0.336623
vn -0.902803 0.255299 0.229112
vn -0.845984 0.416293 0.319814
vn -0.806943 0.528145 -0.183288
vn -0.719720 -0.124043 -0.682893
vn -0.846653 0.041379 -0.517416
vn -0.989516 0.018633 -0.129647
vn -0.932659 0.331181 0.016906
vn -0.905829 0.247412 0.282143
vn -0.882072 0.326184 0.305181
vn -0.753450 -0.117162 -0.645013
vn -0.809784 -0.078004 -0.563846
vn -0.937538 0.049381 -0.332370
vn -0.982078 0.024003 -0.156412
vn -0.791064 -0.116573 -0.595508
vn -0.918507 -0.056782 -0.368988
vn -0.979577 -0.012810 -0.179871
vn -0.783259 -0.085146 -0.614292
vn -0.988696 0.024668 -0.131189
vn -0.866711 -0.120774 -0.463549
vn -0.969932 -0.025206 -0.209703
vn -0.984886 0.032250 -0.147572
vn -0.379745 0.577132 0.687210
vn -0.388729 0.164667 0.818868
vn -0.428510 0.384030 0.773533
vn -0.501099 0.265180 0.739413
vn -0.230275 0.071532 0.954409
vn -0.432437 0.406090 0.706660
vn -0.357174 -0.169829 0.905091
vn -0.291318 -0.225138 0.925436
vn -0.160187 0.536958 0.758631
vn -0.801045 0.045147 0.532755
vn -0.541473 0.124054 0.748050
vn -0.413476 0.192259 0.825866
vn -0.251978 -0.122486 0.924109
vn -0.211994 0.060911 0.945791
vn -0.427036 0.104622 0.859680
vn -0.887250 0.153276 0.275381
vn -0.651421 -0.192416 0.646016
vn -0.226724 0.165612 0.952424
vn -0.783040 0.372561 0.395640
vn -0.734251 -0.355355 0.465192
vn -0.262961 0.250280 0.927608
vn -0.533814 0.233624 0.769479
vn -0.560478 -0.369604 0.695417
vn -0.919165 0.300564 0.038699
vn -0.906402 0.071109 0.199939
vn -0.859850 0.303179 0.181660
vn -0.750936 -0.193912 0.458383
vn -0.578895 -0.528209 0.619597
vn -0.399100 0.202092 0.884439
vn -0.897378 0.356867 -0.173950
vn -0.656331 0.281136 0.528197
vn -0.283271 0.154412 0.941541
vn -0.850907 0.048632 0.371243
vn -0.698488 0.534743 0.090964
vn -0.700205 -0.271807 0.615419
vn -0.370283 0.046846 0.921564
vn -0.169406 0.124221 0.971141
vn -0.826522 0.190105 0.319871
vn -0.716173 0.437028 0.186956
vn -0.606648 0.327372 0.355720
vn -0.599402 0.032507 0.780391
vn -0.133137 0.014675 0.987201
vn -0.270366 0.025207 0.959304
vn -0.687954 0.215825 0.674137
vn -0.393765 0.636830 0.425988
vn -0.785048 -0.004284 0.591703
vn -0.909931 0.141071 -0.049588
vn -0.368110 0.031667 0.923404
vn -0.240540 0.013847 0.969067
vn -0.647012 0.393885 0.561155
vn -0.902489 -0.056736 0.163251
vn -0.851788 0.288312 0.250458
vn -0.618042 0.012329 0.754839
vn -0.846460 0.019627 0.342443
vn -0.915897 -0.157260 0.233675
vn -0.973418 -0.089919 -0.117435
vn -0.315349 0.039309 0.944942
vn -0.615488 0.253333 0.741607
vn -0.731026 0.212482 0.568970
vn -0.976388 0.043154 -0.101656
vn -0.390072 -0.005010 0.910494
vn -0.874506 -0.028475 0.293628
vn -0.358838 0.311250 0.785387
vn -0.653697 -0.012845 0.704155
vn -0.825405 -0.008138 0.228419
vn -0.661744 -0.042860 0.710918
vn -0.364655 0.171871 0.843263
vn -0.958227 0.119619 0.164292
vn -0.780359 0.204382 0.450404
vn -0.392753 0.007681 0.905645
vn -0.884719 -0.166447 0.039735
vn -0.061735 0.145953 0.963066
vn -0.817013 0.227896 0.424612
vn -0.899042 -0.137703 0.296072
vn -0.566988 0.136555 0.802093
vn -0.762213 0.026924 0.585094
vn -0.921242 -0.122837 0.103353
vn -0.847692 -0.206582 0.236754
vn -0.186733 0.132224 0.926915
vn -0.330670 0.181979 0.764949
vn -0.829898 0.099401 0.475961
vn -0.601284 0.120474 0.775120
vn -0.638098 0.119812 0.722201
vn -0.851342 -0.132449 0.132238
vn -0.165375 0.098794 0.961492
vn -0.683440 -0.012304 0.598809
vn -0.601581 0.105944 0.756058
vn -0.753308 -0.106227 0.623951
vn -0.296444 0.075417 0.921957
vn -0.334439 0.041039 0.932949
vn -0.889141 0.223437 0.233612
vn -0.949396 0.088241 0.058185
vn -0.810428 0.109595 0.329078
vn -0.651237 0.083103 0.713501
vn -0.534612 -0.027958 0.775717
vn -0.944979 0.048732 0.294650
vn -0.420169 0.044608 0.899009
vn -0.599092 0.035991 0.770940
vn -0.853045 0.247122 0.279406
vn -0.308883 -0.045370 0.940299
vn -0.870981 0.164678 0.453428
vn -0.923387 0.006556 0.353219
vn -0.511290 0.014827 0.845690
vn -0.351907 -0.006605 0.929947
vn -0.314681 -0.005918 0.941159
vn -0.818877 0.203754 0.283402
vn -0.595005 0.095087 0.779902
vn -0.617129 -0.038882 0.720899
vn -0.981384 0.050944 0.144800
vn -0.483176 0.187834 0.827520
vn -0.605805 -0.009729 0.762993
vn -0.843456 -0.024632 0.458835
vn -0.812961 0.331887 0.296552
vn -0.494855 0.119641 0.829380
vn -0.988015 0.018417 0.128293
vn -0.898414 0.000857 0.391842
vn -0.391769 0.096659 0.909155
vn -0.345157 0.021530 0.929222
vn -0.917031 0.280415 0.184374
vn -0.688591 0.051530 0.698369
vn -0.553547 -0.107644 0.820163
vn -0.602347 0.018960 0.744572
vn -0.996735 -0.001535 0.035994
vn -0.620221 -0.000486 0.764675
vn -0.887686 -0.073391 0.410254
vn -0.847385 0.136238 0.376771
vn -0.854724 0.198528 0.440927
vn -0.526311 -0.147180 0.830585
vn -0.985992 0.012140 0.139153
vn -0.884190 0.012266 0.422735
vn -0.578592 0.032100 0.768574
vn -0.625369 -0.029212 0.749146
vn -0.822423 0.115520 0.518697
vn -0.878827 0.085808 0.425662
vn -0.831771 -0.068340 0.473058
vn -0.792022 0.204408 0.516938
vn -0.616640 -0.031544 0.754904
vn -0.888160 0.024076 0.418509
vn -0.673500 0.042405 0.686638
vn -0.749119 -0.074860 0.633842
vn -0.784192 0.111445 0.522536
vn -0.697744 0.226018 0.623841
vn -0.383904 0.031047 0.866342
vn -0.627652 -0.018548 0.716053
vn -0.396939 0.025226 0.908487
vn -0.817973 -0.147680 0.523813
vn -0.836826 -0.085078 0.471487
vn -0.585381 0.242246 0.702908
vn -0.347191 0.185040 0.901160
vn -0.988100 0.020571 0.117671
vn -0.876307 0.039427 0.449698
vn -0.673170 0.036433 0.690542
vn -0.901203 0.009073 0.409484
vn -0.767588 0.172030 0.566985
vn -0.710140 0.060892 0.685817
vn -0.534801 0.151638 0.783159
vn -0.463541 0.133101 0.791729
vn -0.605037 0.016738 0.767914
vn -0.877775 0.099464 0.458503
vn -0.744465 -0.115390 0.601054
vn -0.768834 0.001067 0.622280
vn -0.625383 0.109704 0.704485
vn -0.929419 0.045621 0.337826
vn -0.399058 0.000370 0.909377
vn -0.774711 0.094731 0.574530
vn -0.714971 0.002846 0.591862
vn -0.736450 -0.024378 0.645351
vn -0.537638 0.036606 0.804017
vn -0.677937 0.003028 0.713148
vn -0.859460 0.101668 0.468772
vn -0.800468 0.127665 0.543683
vn -0.662754 0.004130 0.735219
vn -0.591129 0.025635 0.775579
vn -0.476925 0.027794 0.863837
vn -0.844831 0.051134 0.513797
vn -0.598039 0.053335 0.777473
vn -0.797268 0.013491 0.587914
vn -0.665290 0.077400 0.738436
vn -0.538691 0.077187 0.814013
vn -0.771403 0.014278 0.628179
vn -0.753213 0.074460 0.636968
vn -0.798776 0.086371 0.543043
vn -0.753383 0.102615 0.614569
vn -0.482775 -0.010338 0.828739
vn -0.382660 -0.001455 0.885085
vn -0.778312 0.038219 0.595408
vn -0.514858 0.142658 0.798116
vn -0.790930 0.210409 0.560476
vn -0.742508 0.004894 0.665676
vn -0.662450 0.086930 0.739997
vn -0.485324 0.119902 0.830943
vn -0.818162 0.048423 0.535785
vn -0.758829 0.124919 0.611984
vn -0.722497 0.079019 0.685966
vn -0.527521 0.129599 0.817446
vn -0.496994 0.014534 0.830214
vn -0.952954 0.033522 0.276973
vn -0.746445 0.111597 0.627862
vn -0.668624 0.105908 0.717695
vn -0.616495 0.015424 0.779881
vn -0.545523 -0.004437 0.820992
vn -0.505385 0.061234 0.789341
vn -0.575770 0.097674 0.761745
vn -0.952571 0.050383 0.277096
vn -0.654400 0.038381 0.746773
vn -0.679255 0.033512 0.729776
vn -0.816514 0.018076 0.539789
vn -0.688585 0.094465 0.707371
vn -0.646762 0.075796 0.747314
vn -0.632430 0.018429 0.768524
vn -0.635807 -0.037443 0.755200
vn -0.807375 0.002266 0.572808
vn -0.988281 0.049728 0.098624
vn -0.937899 0.019958 0.328055
vn -0.664340 0.023917 0.734436
vn -0.643929 0.094375 0.744914
vn -0.719328 0.008864 0.682531
vn -0.753941 0.001325 0.636823
vn -0.722053 0.032875 0.685398
vn -0.808095 -0.003622 0.573385
vn -0.763727 0.013907 0.631079
vn -0.831299 0.012373 0.539792
vn -0.997489 0.043010 -0.035372
vn -0.983889 0.029600 0.115065
vn -0.914423 0.036048 0.387057
vn -0.818030 -0.091612 0.559437
vn -0.911925 -0.096992 0.381608
vn -0.871982 0.011770 0.481406
vn -0.994579 0.012130 -0.081388
vn -0.952928 0.008924 0.279065
vn -0.870101 -0.161509 0.443498
vn -0.995588 0.008642 -0.075524
vn -0.981804 -0.005084 0.112821
vn -0.948679 -0.192226 0.231687
vn -0.991156 0.002602 -0.122283
vn -0.990191 0.014098 -0.098124
vn -0.971299 -0.140808 0.137633
vn -0.980928 -0.145063 0.085240
vn -0.987377 -0.042918 -0.063012
vn -0.984234 -0.124080 0.123997
vn -0.989018 0.015783 -0.080939
vn -0.988882 -0.114259 0.022978
vn -0.992679 -0.061782 -0.013743
vn 0.062583 0.153128 0.985892
vn 0.147718 0.108076 0.935224
vn -0.270002 0.194112 0.844257
vn -0.151396 0.288366 0.854283
vn -0.476089 0.250637 0.670379
vn 0.040926 0.003397 0.865134
vn -0.626437 0.528190 0.557955
vn 0.226994 -0.119403 0.936299
vn -0.393664 -0.045548 0.863468
vn -0.809211 0.419823 0.207780
vn -0.446702 -0.008307 0.641510
vn 0.040230 -0.298220 0.915535
vn -0.521973 0.740191 0.395658
vn -0.252944 -0.146219 0.873454
vn -0.562659 0.688073 0.302173
vn -0.746318 0.149236 0.421565
vn -0.034960 -0.319673 0.839567
vn -0.527890 0.076197 0.837142
vn -0.442735 0.783248 0.434155
vn -0.947439 0.247726 0.124384
vn -0.934360 0.345381 0.035209
vn -0.457497 -0.004345 0.871417
vn 0.073991 -0.381109 0.840402
vn -0.649345 0.426931 0.448917
vn -0.162617 -0.185396 0.795598
vn -0.414942 -0.412966 0.781803
vn -0.567638 0.422846 0.600270
vn -0.928773 0.291732 0.194239
vn -0.841455 0.132425 0.449083
vn 0.077140 0.994282 0.068080
vn 0.102199 0.988094 0.079527
vn 0.081921 0.993922 0.071292
vn 0.156902 0.977929 0.093763
vn 0.289605 0.943976 0.138242
vn 0.419466 0.866956 0.194976
vn 0.244516 0.934181 0.234021
vn 0.557049 0.786262 0.211742
vn 0.394336 0.869349 0.254519
vn 0.112373 0.984266 0.118460
vn 0.683594 0.512845 0.383217
vn 0.169429 0.944591 0.249326
vn 0.265740 0.891472 0.355692
vn 0.074409 0.991356 0.088778
vn 0.796040 0.427736 0.314738
vn 0.637610 0.422315 0.531793
vn 0.518852 0.567601 0.535192
vn 0.904497 0.068837 0.399271
vn 0.747278 0.043314 0.647206
vn 0.110974 0.981762 0.131410
vn 0.164503 0.922978 0.331469
vn 0.296938 0.634689 0.619412
vn 0.842260 0.002966 0.520424
vn 0.679056 0.028035 0.709770
vn 0.530267 0.242099 0.779811
vn 0.090990 0.986431 0.124409
vn 0.860443 -0.045969 0.501765
vn 0.760607 -0.072361 0.638227
vn 0.102348 0.971023 0.195962
vn 0.143903 0.895308 0.410784
vn 0.332202 0.131552 0.880643
vn 0.663853 -0.096304 0.738246
vn 0.255453 0.548772 0.733867
vn 0.247694 0.144440 0.908420
vn 0.060595 0.989165 0.124174
vn 0.068968 0.937390 0.318001
vn 0.160391 0.630367 0.697897
vn 0.224172 -0.222689 0.947577
vn 0.048482 0.984282 0.154797
vn 0.168028 -0.007860 0.928379
vn 0.063192 0.723179 0.613035
vn -0.006887 0.988226 0.135169
vn 0.203232 -0.250707 0.943081
vn 0.020124 0.995924 0.085101
vn 0.050928 0.070094 0.940332
vn -0.017368 0.921640 0.364476
vn 0.139206 -0.235744 0.957492
vn 0.326268 -0.141604 0.929114
vn -0.038013 0.715923 0.625738
vn -0.024082 0.956861 0.237973
vn 0.148459 -0.241283 0.950049
vn -0.097831 0.121365 0.944667
vn -0.003870 0.995911 0.081586
vn -0.034232 -0.208987 0.971559
vn 0.318271 -0.060511 0.941408
vn 0.020287 0.997236 0.049987
vn -0.136460 -0.179524 0.969482
vn -0.088025 0.543334 0.813796
vn -0.077038 0.870951 0.454458
vn 0.044213 -0.149655 0.979441
vn 0.343323 -0.025722 0.937927
vn -0.229493 -0.086794 0.962538
vn -0.219717 0.287825 0.892716
vn -0.030137 0.975429 0.192554
vn -0.014708 0.994726 0.078186
vn -0.137772 -0.211091 0.965742
vn -0.048661 -0.119056 0.988223
vn 0.181288 -0.007035 0.972445
vn -0.334374 -0.165857 0.906417
vn -0.155456 0.635157 0.722616
vn -0.140052 0.947891 0.221010
vn -0.184840 -0.254155 0.949010
vn 0.252919 -0.013169 0.965699
vn -0.255229 0.705229 0.615456
vn -0.144277 -0.063412 0.982706
vn 0.041052 -0.002532 0.997642
vn 0.160893 0.010147 0.984564
vn 0.283304 -0.033649 0.958028
vn -0.321394 0.336711 0.859124
vn -0.304829 0.836190 0.391200
vn -0.064179 0.993089 0.072566
vn -0.283710 -0.180635 0.935247
vn -0.045409 -0.016048 0.997377
vn 0.112283 -0.016122 0.988902
vn 0.232418 -0.016972 0.972172
vn -0.327340 -0.026451 0.887826
vn -0.336988 0.533446 0.736466
vn -0.131287 0.977679 0.157437
vn -0.028026 0.993573 0.066977
vn -0.361082 -0.014969 0.926397
vn -0.120142 -0.003037 0.987511
vn -0.485117 -0.221257 0.834456
vn 0.003420 0.002725 0.999421
vn -0.473916 -0.252067 0.834520
vn -0.358343 0.211314 0.871205
vn -0.029487 0.990315 0.079820
vn -0.469437 0.486107 0.691666
vn -0.011080 0.998312 0.042661
vn -0.454140 -0.021771 0.878653
vn -0.237998 -0.017603 0.970031
vn 0.251553 -0.008109 0.964557
vn -0.404828 -0.043041 0.884601
vn -0.271185 0.851639 0.330997
vn -0.492247 0.599583 0.591964
vn -0.043933 -0.011684 0.996708
vn -0.568474 -0.127115 0.795027
vn -0.649129 0.026451 0.739539
vn 0.158485 -0.008324 0.985904
vn -0.543275 0.041191 0.831862
vn -0.541744 0.234721 0.791794
vn -0.044742 0.994207 0.056720
vn 0.038062 0.998709 0.028937
vn 0.034273 0.998294 0.046564
vn -0.136532 0.029874 0.987620
vn -0.207720 0.010938 0.974972
vn -0.669660 -0.157450 0.719935
vn 0.022999 -0.014790 0.996839
vn 0.190720 0.010088 0.974365
vn -0.751722 0.080785 0.620856
vn -0.080545 0.014429 0.995056
vn 0.285246 0.043526 0.945916
vn -0.567259 0.032037 0.810599
vn -0.219504 0.048216 0.972286
vn 0.014779 0.011159 0.997846
vn 0.348770 -0.005333 0.931004
vn -0.132749 -0.001487 0.982581
vn 0.029613 0.005496 0.997962
vn 0.234415 0.002751 0.965060
vn -0.157601 0.041168 0.983951
vn -0.024662 0.036407 0.996247
vn 0.353018 -0.011465 0.934299
vn -0.235149 0.014764 0.971693
vn 0.455998 -0.021516 0.885595
vn 0.241179 -0.005926 0.967405
vn -0.145880 0.017473 0.986375
vn 0.112996 0.029746 0.990656
vn 0.531692 -0.039874 0.844293
vn 0.444434 -0.007199 0.893621
vn 0.345335 -0.010725 0.935957
vn -0.018720 0.008487 0.997052
vn 0.108230 -0.009290 0.991944
vn 0.213549 -0.021694 0.974043
vn -0.115526 -0.020330 0.991404
vn 0.351930 0.004120 0.931237
vn 0.179269 0.007462 0.979085
vn -0.145579 0.007113 0.986590
vn -0.012143 -0.008262 0.997050
vn 0.275826 0.023265 0.957154
vn -0.222644 0.030565 0.973557
vn -0.036758 0.011231 0.996133
vn 0.128122 0.008850 0.988753
vn -0.121492 0.032670 0.991012
vn 0.157458 0.008443 0.985399
vn -0.182494 -0.009415 0.980956
vn 0.146875 0.004728 0.986184
vn -0.155277 0.015108 0.984457
vn 0.301820 0.003260 0.949805
vn -0.044299 0.007021 0.997503
vn 0.258377 -0.009269 0.961273
vn 0.373750 0.010544 0.926141
vn -0.009275 0.003089 0.998049
vn -0.126812 0.003314 0.989094
vn 0.382610 -0.033844 0.922324
vn 0.108600 0.007285 0.992376
vn -0.009216 0.012841 0.997773
vn 0.331138 0.085776 -0.927443
vn 0.501773 0.003001 -0.860490
vn 0.347342 -0.017673 -0.923596
vn 0.500018 -0.060401 -0.862363
vn 0.168149 0.016410 -0.983225
vn 0.583008 -0.041762 -0.808748
vn 0.374291 -0.033738 -0.921183
vn 0.168633 -0.027707 -0.982908
vn 0.228472 -0.006833 -0.972289
vn 0.504979 -0.028313 -0.860868
vn 0.078908 -0.003343 -0.995554
vn 0.193739 -0.000171 -0.979857
vn 0.538502 -0.022400 -0.839493
vn 0.198221 -0.009246 -0.976489
vn 0.486194 -0.005895 -0.872209
vn 0.050421 -0.013038 -0.993408
vn 0.103334 -0.000933 -0.993920
vn 0.173873 -0.025231 -0.982636
vn 0.581505 -0.007015 -0.810306
vn 0.347167 -0.015841 -0.934710
vn 0.050712 0.052135 -0.996711
vn 0.007055 0.008535 -0.998503
vn 0.249952 -0.020869 -0.967983
vn 0.656116 -0.003279 -0.752106
vn 0.286427 -0.007772 -0.956855
vn 0.101142 -0.005431 -0.992993
vn 0.562925 -0.022936 -0.820469
vn 0.378927 -0.011801 -0.922953
vn -0.073330 0.017276 -0.994441
vn 0.015615 0.004326 -0.998693
vn -0.008647 0.003046 -0.998786
vn 0.064810 -0.005300 -0.996091
vn 0.188096 0.003945 -0.977691
vn 0.670821 -0.004750 -0.737293
vn 0.191089 -0.000573 -0.980537
vn 0.050032 0.005758 -0.995921
vn 0.461011 -0.016044 -0.886102
vn -0.123077 0.000522 -0.990563
vn -0.028013 0.005166 -0.999443
vn -0.104413 0.004221 -0.992834
vn 0.258243 0.026912 -0.964271
vn 0.729111 0.016642 -0.683552
vn 0.389903 -0.017066 -0.918197
vn 0.231377 0.012783 -0.972761
vn 0.145759 0.000496 -0.987840
vn -0.050500 -0.066946 -0.994841
vn 0.499185 -0.051279 -0.864335
vn 0.689609 -0.059524 -0.720441
vn -0.169255 0.008164 -0.981529
vn 0.013976 -0.011224 -0.998391
vn 0.359858 0.060316 -0.926865
vn 0.743099 -0.014271 -0.667975
vn 0.289794 0.005686 -0.954807
vn 0.029870 0.011328 -0.995752
vn -0.011116 -0.000617 -0.998111
vn 0.606835 -0.043857 -0.787831
vn -0.269065 -0.005346 -0.959038
vn -0.100526 -0.002913 -0.993508
vn 0.053422 0.011529 -0.995220
vn 0.254895 0.044259 -0.962468
vn 0.250408 -0.018520 -0.965669
vn 0.060294 -0.025446 -0.995666
vn -0.082730 0.001388 -0.991450
vn 0.500691 -0.020828 -0.864421
vn 0.690746 -0.047298 -0.721048
vn -0.254164 0.001797 -0.963560
vn -0.374358 -0.005947 -0.926378
vn -0.249339 0.006173 -0.964517
vn -0.130411 -0.021496 -0.988926
vn -0.101964 0.017606 -0.991029
vn -0.209955 -0.007614 -0.973261
vn -0.016170 0.005822 -0.998929
vn 0.320209 0.022084 -0.942683
vn 0.302455 -0.034887 -0.950731
vn 0.154401 -0.036753 -0.985573
vn -0.138806 0.009661 -0.986806
vn 0.505414 -0.033148 -0.860429
vn 0.621285 -0.033371 -0.778261
vn -0.231207 -0.013591 -0.968732
vn -0.379220 -0.001481 -0.924817
vn -0.403069 0.012481 -0.912297
vn -0.015493 -0.021689 -0.997722
vn 0.097740 -0.019830 -0.989374
vn -0.055916 0.035265 -0.996450
vn 0.431957 0.051587 -0.897805
vn 0.398374 -0.048179 -0.914066
vn 0.076291 -0.046589 -0.995373
vn -0.072670 -0.015270 -0.994156
vn -0.211033 -0.027626 -0.976041
vn 0.633864 -0.048952 -0.764044
vn -0.411988 0.015157 -0.908245
vn -0.374300 0.005988 -0.926627
vn -0.045295 0.006768 -0.998864
vn -0.272632 0.002537 -0.953868
vn 0.530156 0.093696 -0.840717
vn 0.358655 0.053360 -0.921053
vn 0.199420 0.038390 -0.966937
vn 0.312640 -0.052891 -0.943853
vn -0.041063 -0.040066 -0.995541
vn 0.146759 -0.073844 -0.985493
vn -0.192406 0.035418 -0.978809
vn -0.215611 0.005497 -0.975591
vn 0.435215 -0.049787 -0.896834
vn 0.722828 -0.064463 -0.687880
vn -0.434178 0.000399 -0.899398
vn -0.352380 -0.021165 -0.934999
vn -0.304113 -0.041770 -0.951127
vn -0.290039 0.052077 -0.948693
vn -0.381670 -0.003799 -0.923935
vn -0.036021 -0.077094 -0.993018
vn -0.152846 0.027526 -0.982962
vn 0.488309 0.204630 -0.829192
vn -0.005850 0.076986 -0.966886
vn -0.041196 -0.029008 -0.995741
vn 0.167142 -0.013212 -0.982507
vn -0.167696 -0.013083 -0.982934
vn -0.238951 0.029448 -0.969873
vn -0.375690 0.010181 -0.919054
vn 0.510200 -0.060157 -0.856509
vn 0.593508 -0.040471 -0.798114
vn -0.386026 -0.012120 -0.912173
vn -0.384019 -0.006454 -0.921840
vn -0.242984 0.040967 -0.966672
vn -0.406812 0.000600 -0.912737
vn 0.519757 0.304098 -0.788917
vn 0.189876 0.386449 -0.841260
vn -0.012062 0.467215 -0.808545
vn 0.482549 -0.012264 -0.869488
vn -0.137575 -0.043085 -0.988722
vn 0.069388 0.017650 -0.995890
vn 0.503803 -0.056746 -0.860522
vn -0.401375 0.029480 -0.912091
vn -0.405631 -0.003658 -0.913485
vn -0.196235 -0.040221 -0.968392
vn -0.276696 0.092707 -0.949494
vn 0.438745 0.398176 -0.800973
vn -0.087207 0.629683 -0.700751
vn 0.531063 -0.001787 -0.845264
vn 0.308457 0.000226 -0.948144
vn -0.161374 -0.040963 -0.985118
vn 0.151845 -0.003515 -0.981292
vn -0.239388 -0.069703 -0.964690
vn -0.324908 0.014124 -0.942911
vn -0.548582 0.009280 -0.832348
vn -0.408105 0.073736 -0.905238
vn -0.453851 0.012239 -0.890864
vn -0.291945 0.150464 -0.933321
vn -0.278990 0.192294 -0.897788
vn 0.429083 0.242130 -0.850542
vn -0.166334 0.407325 -0.831598
vn 0.042500 0.431577 -0.871268
vn -0.014595 0.415951 -0.783613
vn -0.098702 0.696200 -0.645381
vn 0.412881 -0.020882 -0.907369
vn -0.067574 -0.095086 -0.990541
vn -0.269043 -0.052705 -0.958310
vn -0.019720 -0.046999 -0.996796
vn -0.286982 -0.014186 -0.956455
vn -0.450501 0.022943 -0.889034
vn -0.546605 0.050421 -0.830868
vn -0.496839 0.090749 -0.856784
vn -0.371132 0.079775 -0.915328
vn 0.272356 0.105960 -0.910469
vn 0.510266 0.169877 -0.826391
vn 0.525210 -0.043193 -0.847557
vn 0.314529 -0.035189 -0.945774
vn -0.145698 -0.143709 -0.975335
vn -0.263763 -0.052191 -0.958567
vn 0.012547 -0.139807 -0.987622
vn -0.354660 -0.095273 -0.926616
vn -0.420913 -0.087760 -0.897784
vn -0.635037 0.046134 -0.769916
vn -0.514221 0.063720 -0.845569
vn -0.235915 -0.007492 -0.957590
vn 0.439732 -0.054523 -0.892524
vn 0.586141 0.231694 -0.769228
vn -0.075728 0.064400 -0.885304
vn -0.003449 0.070228 -0.959194
vn 0.408502 0.232612 -0.779429
vn 0.384677 -0.079039 -0.914424
vn 0.174478 -0.142988 -0.969142
vn -0.080770 -0.063497 -0.977628
vn -0.411580 -0.021073 -0.904890
vn -0.566341 -0.038160 -0.804485
vn -0.623006 0.060254 -0.775256
vn -0.630508 0.125499 -0.762902
vn -0.180577 -0.035740 -0.961634
vn -0.488690 -0.064770 -0.853877
vn -0.354468 -0.234572 -0.881391
vn 0.313063 -0.056204 -0.942481
vn 0.513997 0.055083 -0.854712
vn 0.523389 0.019314 -0.845495
vn 0.038725 -0.207451 -0.925605
vn 0.188656 -0.227371 -0.931552
vn 0.262936 0.028542 -0.825860
vn 0.267155 -0.108683 -0.950070
vn -0.206856 -0.023414 -0.960700
vn -0.360654 -0.033298 -0.925913
vn 0.069668 -0.098669 -0.983726
vn -0.505844 -0.118823 -0.850387
vn -0.526276 -0.119619 -0.839261
vn -0.623381 0.045619 -0.754055
vn -0.620534 0.111507 -0.762055
vn -0.696241 0.055389 -0.712371
vn -0.666323 0.000583 -0.738135
vn -0.585585 -0.015147 -0.797826
vn -0.119618 -0.285451 -0.934816
vn 0.383895 0.073663 -0.890432
vn 0.540348 0.072077 -0.818559
vn 0.280857 0.247790 -0.849523
vn -0.128912 0.192292 -0.967494
vn -0.536585 0.096154 -0.830830
vn 0.178473 -0.123868 -0.970294
vn -0.583372 -0.022494 -0.804075
vn -0.629247 -0.063456 -0.766476
vn -0.693469 0.040146 -0.716009
vn -0.565992 -0.030755 -0.812008
vn -0.570877 -0.153008 -0.758871
vn -0.390242 -0.160519 -0.846150
vn 0.379495 0.060732 -0.901575
vn 0.492144 0.076528 -0.864112
vn 0.556244 0.042419 -0.814858
vn 0.313754 -0.039086 -0.838065
vn 0.063636 -0.219781 -0.927963
vn -0.034247 -0.058399 -0.960334
vn 0.092254 0.209300 -0.941685
vn -0.008733 0.708949 -0.583639
vn -0.191521 0.377503 -0.858159
vn -0.429172 0.027124 -0.885677
vn -0.504949 0.080763 -0.847386
vn 0.167495 0.272113 -0.878758
vn -0.602391 -0.139456 -0.784036
vn -0.583020 -0.138650 -0.796752
vn -0.718088 -0.018889 -0.694169
vn -0.613142 -0.062949 -0.760030
vn 0.150249 -0.009576 -0.931789
vn 0.431726 0.300360 -0.841149
vn 0.469642 0.212680 -0.830233
vn -0.058544 -0.155481 -0.937797
vn 0.105337 0.214238 -0.892298
vn -0.196865 0.264357 -0.885091
vn -0.245697 0.532580 -0.720928
vn -0.616560 0.163394 -0.768233
vn -0.627530 0.002175 -0.767670
vn -0.628319 -0.153786 -0.762216
vn -0.574835 0.169099 -0.789449
vn 0.146619 0.200225 -0.851051
vn 0.252973 0.345587 -0.854018
vn 0.431818 0.310163 -0.804577
vn -0.091816 0.202503 -0.940663
vn -0.144346 0.172591 -0.951057
vn 0.002572 0.401979 -0.909668
vn 0.158806 0.610287 -0.650210
vn 0.144365 0.742484 -0.564120
vn -0.112770 0.867356 -0.435987
vn -0.473985 0.221252 -0.811378
vn -0.593213 0.102613 -0.790562
vn -0.644556 -0.136192 -0.750488
vn -0.495982 0.320251 -0.784260
vn -0.137277 0.371217 -0.883749
vn 0.462029 0.403701 -0.786975
vn 0.374569 0.287233 -0.868493
vn -0.101845 0.278892 -0.946252
vn -0.113227 0.334807 -0.923689
vn -0.303752 0.355120 -0.840873
vn 0.083499 0.915405 -0.329169
vn 0.077944 0.819075 -0.470982
vn 0.073791 0.959973 -0.233463
vn -0.016651 0.951053 -0.280307
vn -0.129828 0.893356 -0.379220
vn -0.186770 0.701144 -0.640526
vn -0.644236 0.155500 -0.747185
vn -0.655467 0.055252 -0.739081
vn -0.009610 0.361957 -0.918575
vn 0.563196 0.472079 -0.625634
vn -0.146888 0.399967 -0.899820
vn -0.275919 0.416176 -0.844980
vn 0.070832 0.922434 -0.341845
vn -0.064595 0.960676 -0.260634
vn -0.115382 0.896535 -0.385177
vn -0.110030 0.966819 -0.213635
vn -0.629075 0.169895 -0.758361
vn -0.134485 0.419405 -0.891305
vn 0.504232 0.187112 -0.814512
vn 0.018364 0.282282 -0.941338
vn 0.632609 0.231327 -0.650767
vn -0.150886 0.386886 -0.899818
vn -0.399160 0.436558 -0.784957
vn 0.090443 0.973942 -0.204530
vn 0.033591 0.981332 -0.177813
vn -0.058851 0.968820 -0.217387
vn -0.100776 0.979643 -0.159787
vn -0.539841 0.473614 -0.684061
vn 0.490464 0.145968 -0.840564
vn -0.127258 0.385260 -0.909302
vn -0.183761 0.328670 -0.908655
vn 0.259389 0.316158 -0.905549
vn 0.905434 0.153367 -0.327480
vn -0.126634 0.370804 -0.914685
vn -0.052979 0.378276 -0.922396
vn 0.092699 0.976425 -0.192320
vn -0.080482 0.981957 -0.144789
vn -0.732928 0.530313 -0.409762
vn 0.408660 0.223218 -0.879888
vn -0.195939 0.303361 -0.883291
vn 0.044027 0.287814 -0.941554
vn 0.829505 0.123049 -0.486161
vn -0.523103 0.480103 -0.648763
vn -0.266455 0.453386 -0.805039
vn -0.644534 0.500629 -0.551698
vn 0.594280 0.188986 -0.747389
vn -0.261016 0.474989 -0.773866
vn 0.331364 0.223469 -0.889516
vn 0.190440 0.504188 -0.824151
vn 0.844580 0.112950 -0.488587
vn -0.759777 0.539604 -0.357411
vn -0.181383 0.483145 -0.824735
vn -0.603664 0.496474 -0.540860
vn -0.554074 0.256195 -0.707297
vn -0.282500 0.195920 -0.859666
vn 0.110461 0.540080 -0.794084
vn -0.672594 0.498450 -0.507282
vn -0.747524 0.553938 -0.363923
vn 0.585250 0.039120 -0.744915
vn -0.303574 0.684481 -0.586612
vn 0.166346 0.258902 -0.918404
vn -0.338567 0.367111 -0.764472
vn 0.253882 0.279384 -0.818653
vn -0.489564 0.582041 -0.635076
vn -0.785057 0.441427 -0.411125
vn -0.411385 0.496285 -0.557234
vn 0.017817 0.279164 -0.846478
vn -0.043717 0.248097 -0.849377
vn -0.009939 0.139154 -0.758788
vn 0.826189 -0.017413 -0.558142
vn -0.675731 0.412173 -0.575328
vn -0.797443 0.409693 -0.425017
vn 0.498148 0.088287 -0.729206
vn -0.279040 0.458731 -0.749486
vn -0.332038 0.058538 -0.860517
vn -0.421443 0.273917 -0.824802
vn 0.110523 -0.187645 -0.964774
vn 0.211253 -0.277273 -0.926543
vn -0.812738 0.280141 -0.494036
vn -0.270419 -0.138640 -0.908667
vn 0.479740 0.387727 -0.636943
vn 0.040668 -0.214762 -0.893735
vn -0.034133 -0.114153 -0.954742
vn -0.018595 -0.152490 -0.976238
vn 0.823542 0.174604 -0.504220
vn -0.549630 0.176824 -0.789052
vn -0.853859 0.124490 -0.480206
vn -0.144386 0.012695 -0.963355
vn 0.384195 0.444915 -0.718965
vn 0.384046 0.035374 -0.895712
vn 0.058761 -0.161029 -0.967567
vn 0.194359 -0.215254 -0.943869
vn -0.749502 0.173211 -0.600340
vn -0.410758 0.010300 -0.864082
vn -0.256264 -0.083350 -0.940877
vn -0.118332 -0.176112 -0.937755
vn 0.357552 0.200376 -0.902306
vn 0.449596 -0.039288 -0.870047
vn -0.096597 -0.009886 -0.974745
vn -0.748261 0.086823 -0.625727
vn -0.738985 0.014927 -0.641702
vn -0.426303 -0.005835 -0.841573
vn -0.476784 -0.163152 -0.832053
vn 0.550673 0.012771 -0.827316
vn -0.119851 0.051244 -0.962926
vn 0.135771 -0.032899 -0.981505
vn 0.215867 -0.016057 -0.967690
vn -0.824359 0.057826 -0.557020
vn -0.476165 0.105107 -0.831044
vn -0.393444 -0.068977 -0.890495
vn 0.496135 0.058761 -0.856063
vn -0.145882 -0.016639 -0.967415
vn -0.286611 0.119416 -0.934834
vn 0.330965 0.019409 -0.936844
vn -0.816259 0.127799 -0.560142
vn -0.745329 0.088594 -0.605258
vn -0.735322 -0.013517 -0.646518
vn -0.711795 -0.083644 -0.678615
vn -0.419052 0.192343 -0.861516
vn 0.007947 0.051073 -0.984990
vn -0.886974 0.040370 -0.445869
vn -0.647817 0.149914 -0.724989
vn 0.319616 0.010561 -0.937613
vn 0.171411 0.072339 -0.975273
vn -0.500639 0.201795 -0.807560
vn -0.808935 0.128793 -0.537425
vn -0.780291 0.018134 -0.604271
vn -0.734640 0.087310 -0.626816
vn 0.392506 0.139373 -0.897701
vn 0.522140 0.132156 -0.841425
vn 0.183436 0.133079 -0.969017
vn -0.674932 0.106757 -0.698356
vn 0.392476 0.196085 -0.881800
vn 0.474072 0.160808 -0.858790
vn 0.174885 0.245860 -0.949660
vn 0.323136 0.497135 -0.776977
vn 0.176171 0.581819 -0.748077
vn 0.127507 0.756669 -0.631967
vn -0.012185 0.998670 -0.046271
vn -0.182367 0.973207 -0.111875
vn -0.140135 0.971751 -0.181502
vn -0.100266 0.993238 -0.042712
vn -0.114097 0.992879 -0.004581
vn -0.159695 0.972880 -0.158257
vn -0.155706 0.985900 -0.061297
vn -0.034931 0.999298 0.005143
vn -0.045627 0.998873 -0.005393
vn -0.035468 0.999264 -0.009399
vn -0.115054 0.992182 -0.012036
vn -0.136062 0.990688 0.003495
vn -0.111549 0.992201 0.043386
vn -0.099512 0.993007 0.063496
vn -0.089323 0.995616 -0.013703
vn -0.021740 0.998826 -0.000628
vn -0.014864 0.997777 0.033760
vn -0.010969 0.999270 -0.006831
vn -0.012967 0.998182 -0.030144
vn -0.009808 0.998240 0.058441
vn 0.041853 0.999083 0.005811
vn 0.037294 0.999265 0.001413
vn 0.039155 0.999228 -0.003258
vn -0.014820 0.996873 0.011693
vn 0.023779 0.995247 -0.091632
vn 0.036890 0.996039 -0.075364
vn 0.036370 0.998714 -0.029868
vn 0.107393 0.986232 -0.110011
vn 0.028603 0.998801 -0.035011
vn 0.043844 0.997970 -0.021382
vn 0.025681 0.999162 0.029741
vn 0.050259 0.996498 0.061193
vn 0.032868 0.999257 0.019384
vn 0.062084 0.997506 0.033565
vn 0.064600 0.995625 0.066367
vn 0.015822 0.999391 0.018477
vn 0.010192 0.999346 0.032635
vn 0.029717 0.998442 0.040397
vn 0.060227 0.996442 0.058801
vn 0.050289 0.997254 0.052134
vn 0.053761 0.998273 0.023621
vn 0.045202 0.998591 0.025975
vn 0.035671 0.998971 0.027977
vn 0.055742 0.997299 0.047595
vn 0.064076 0.992523 0.080289
vn 0.006138 0.995967 0.088316
vn -0.005584 0.997807 0.049657
vn 0.048161 0.998717 -0.015216
vn 0.029419 0.999122 -0.007130
vn -0.025470 0.999632 -0.004256
vn -0.035165 0.999346 -0.007400
vn -0.038263 0.998993 -0.007713
vn 0.035496 0.997085 0.063014
vn 0.048640 0.994974 0.087468
vn -0.006357 0.997678 0.030416
vn -0.109762 0.992613 0.051443
vn -0.104876 0.993104 0.052391
vn -0.038877 0.978434 -0.198233
vn 0.060172 0.979635 -0.187755
vn -0.080657 0.988258 -0.115718
vn -0.081476 0.985206 -0.150766
vn 0.046833 0.988515 -0.142995
vn 0.088481 0.978057 -0.185107
vn 0.112265 0.979617 -0.165191
vn 0.048337 0.976268 -0.203220
vn -0.029003 0.989345 -0.142440
vn -0.052676 0.997197 -0.032770
vn -0.042083 0.988121 -0.117961
vn -0.035534 0.996769 -0.069117
vn 0.092628 0.983300 -0.155430
o Object
usemtl Material
f 1992/1992/1992 2170/2170/2170 2163/2163/2163
f 1971/1971/1971 1992/1992/1992 2163/2163/2163
f 1593/1593/1593 2154/2154/2154 2153/2153/2153
f 109/109/109 2110/2110/2110 2113/2113/2113
f 1994/1994/1994 2174/2174/2174 2172/2172/2172
f 2003/2003/2003 2175/2175/2175 2170/2170/2170
f 2003/2003/2003 2169/2169/2169 2175/2175/2175
f 1991/1991/1991 2167/2167/2167 2168/2168/2168
f 1993/1993/1993 2171/2171/2171 2173/2173/2173
f 1993/1993/1993 2173/2173/2173 2004/2004/2004
f 1994/1994/1994 2172/2172/2172 2165/2165/2165
f 1993/1993/1993 2163/2163/2163 2171/2171/2171
f 1992/1992/1992 2003/2003/2003 2170/2170/2170
f 1991/1991/1991 2164/2164/2164 2167/2167/2167
f 1981/1981/1981 2163/2163/2163 1993/1993/1993
f 1648/1648/1648 2162/2162/2162 2161/2161/2161
f 1650/1650/1650 2160/2160/2160 2159/2159/2159
f 1650/1650/1650 1649/1649/1649 2160/2160/2160
f 1648/1648/1648 2161/2161/2161 2160/2160/2160
f 1649/1649/1649 1633/1633/1633 2160/2160/2160
f 1626/1626/1626 2159/2159/2159 2158/2158/2158
f 1635/1635/1635 2158/2158/2158 2157/2157/2157
f 1618/1618/1618 2157/2157/2157 2156/2156/2156
f 1602/1602/1602 2156/2156/2156 2155/2155/2155
f 1602/1602/1602 2155/2155/2155 2154/2154/2154
f 1590/1590/1590 1593/1593/1593 2152/2152/2152
f 1593/1593/1593 2153/2153/2153 2152/2152/2152
f 1590/1590/1590 2152/2152/2152 1579/1579/1579
f 1579/1579/1579 2152/2152/2152 2151/2151/2151
f 1579/1579/1579 2151/2151/2151 1581/1581/1581
f 1581/1581/1581 2151/2151/2151 2150/2150/2150
f 1581/1581/1581 2150/2150/2150 1576/1576/1576
f 1572/1572/1572 2150/2150/2150 2149/2149/2149
f 1563/1563/1563 2149/2149/2149 2148/2148/2148
f 1557/1557/1557 2148/2148/2148 2147/2147/2147
f 1551/1551/1551 2147/2147/2147 2146/2146/2146
f 1551/1551/1551 2146/2146/2146 2145/2145/2145
f 1547/1547/1547 2145/2145/2145 2144/2144/2144
f 1539/1539/1539 2144/2144/2144 2143/2143/2143
f 1539/1539/1539 2143/2143/2143 2142/2142/2142
f 1539/1539/1539 2142/2142/2142 2141/2141/2141
f 1539/1539/1539 2141/2141/2141 2138/2138/2138
f 1538/1538/1538 2137/2137/2137 2140/2140/2140
f 1538/1538/1538 2140/2140/2140 1540/1540/1540
f 1538/1538/1538 2138/2138/2138 2136/2136/2136
f 1538/1538/1538 2136/2136/2136 2137/2137/2137
f 757/757/757 2135/2135/2135 2133/2133/2133
f 764/764/764 756/756/756 2133/2133/2133
f 763/763/763 2134/2134/2134 2135/2135/2135
f 743/743/743 2132/2132/2132 2134/2134/2134
f 743/743/743 2131/2131/2131 2132/2132/2132
f 734/734/734 2130/2130/2130 2131/2131/2131
f 734/734/734 2129/2129/2129 2130/2130/2130
f 734/734/734 2125/2125/2125 2129/2129/2129
f 741/741/741 2128/2128/2128 2127/2127/2127
f 741/741/741 2127/2127/2127 724/724/724
f 740/740/740 2127/2127/2127 2126/2126/2126
f 740/740/740 2126/2126/2126 2124/2124/2124
f 734/734/734 2122/2122/2122 2125/2125/2125
f 734/734/734 715/715/715 2122/2122/2122
f 740/740/740 2124/2124/2124 724/724/724
f 712/712/712 2124/2124/2124 2123/2123/2123
f 723/723/723 2122/2122/2122 715/715/715
f 712/712/712 2123/2123/2123 2121/2121/2121
f 700/700/700 2120/2120/2120 2122/2122/2122
f 151/151/151 135/135/135 2119/2119/2119
f 135/135/135 2118/2118/2118 2119/2119/2119
f 124/124/124 2116/2116/2116 2117/2117/2117
f 124/124/124 127/127/127 2116/2116/2116
f 127/127/127 2115/2115/2115 2116/2116/2116
f 127/127/127 2114/2114/2114 2115/2115/2115
f 127/127/127 123/123/123 2114/2114/2114
f 123/123/123 113/113/113 2114/2114/2114
f 109/109/109 2113/2113/2113 2114/2114/2114
f 109/109/109 104/104/104 2110/2110/2110
f 99/99/99 2110/2110/2110 104/104/104
f 95/95/95 2110/2110/2110 99/99/99
f 95/95/95 96/96/96 2107/2107/2107
f 98/98/98 2112/2112/2112 2111/2111/2111
f 94/94/94 2111/2111/2111 2108/2108/2108
f 95/95/95 2109/2109/2109 2110/2110/2110
f 96/96/96 93/93/93 2107/2107/2107
f 95/95/95 2107/2107/2107 2109/2109/2109
f 93/93/93 2108/2108/2108 2106/2106/2106
f 93/93/93 2106/2106/2106 2107/2107/2107
f 1994/1994/1994 2173/2173/2173 2174/2174/2174
f 1994/1994/1994 2004/2004/2004 2173/2173/2173
f 2003/2003/2003 2168/2168/2168 2169/2169/2169
f 2003/2003/2003 1991/1991/1991 2168/2168/2168
f 1982/1982/1982 2165/2165/2165 2166/2166/2166
f 1982/1982/1982 1994/1994/1994 2165/2165/2165
f 1991/1991/1991 1980/1980/1980 2164/2164/2164
f 1971/1971/1971 2163/2163/2163 1981/1981/1981
f 1633/1633/1633 1648/1648/1648 2160/2160/2160
f 1626/1626/1626 1650/1650/1650 2159/2159/2159
f 1635/1635/1635 1626/1626/1626 2158/2158/2158
f 1618/1618/1618 1635/1635/1635 2157/2157/2157
f 1602/1602/1602 1618/1618/1618 2156/2156/2156
f 1593/1593/1593 1602/1602/1602 2154/2154/2154
f 1572/1572/1572 1576/1576/1576 2150/2150/2150
f 1563/1563/1563 1572/1572/1572 2149/2149/2149
f 1557/1557/1557 1563/1563/1563 2148/2148/2148
f 1551/1551/1551 1557/1557/1557 2147/2147/2147
f 1547/1547/1547 1551/1551/1551 2145/2145/2145
f 1539/1539/1539 1547/1547/1547 2144/2144/2144
f 1540/1540/1540 2140/2140/2140 2139/2139/2139
f 1538/1538/1538 1539/1539/1539 2138/2138/2138
f 763/763/763 2135/2135/2135 757/757/757
f 743/743/743 2134/2134/2134 763/763/763
f 757/757/757 2133/2133/2133 756/756/756
f 734/734/734 2131/2131/2131 743/743/743
f 740/740/740 724/724/724 2127/2127/2127
f 724/724/724 2124/2124/2124 712/712/712
f 700/700/700 2122/2122/2122 723/723/723
f 712/712/712 2121/2121/2121 2120/2120/2120
f 712/712/712 2120/2120/2120 700/700/700
f 135/135/135 2117/2117/2117 2118/2118/2118
f 135/135/135 124/124/124 2117/2117/2117
f 109/109/109 2114/2114/2114 113/113/113
f 94/94/94 98/98/98 2111/2111/2111
f 93/93/93 94/94/94 2108/2108/2108
f 2105/2105/2105 2104/2104/2104 1054/1054/1054
f 1054/1054/1054 2104/2104/2104 1050/1050/1050
f 2105/2105/2105 2103/2103/2103 2104/2104/2104
f 2104/2104/2104 2102/2102/2102 1050/1050/1050
f 2104/2104/2104 2103/2103/2103 2100/2100/2100
f 2102/2102/2102 2104/2104/2104 2100/2100/2100
f 1050/1050/1050 2102/2102/2102 1046/1046/1046
f 2100/2100/2100 2103/2103/2103 2101/2101/2101
f 2102/2102/2102 2100/2100/2100 2098/2098/2098
f 2102/2102/2102 2098/2098/2098 1046/1046/1046
f 2100/2100/2100 2101/2101/2101 2097/2097/2097
f 2098/2098/2098 2100/2100/2100 2096/2096/2096
f 2099/2099/2099 1029/1029/1029 1026/1026/1026
f 1039/1039/1039 1046/1046/1046 2098/2098/2098
f 2096/2096/2096 2100/2100/2100 2097/2097/2097
f 2091/2091/2091 2098/2098/2098 2096/2096/2096
f 2095/2095/2095 2094/2094/2094 2099/2099/2099
f 1026/1026/1026 2092/2092/2092 2099/2099/2099
f 2099/2099/2099 2092/2092/2092 2095/2095/2095
f 2098/2098/2098 2091/2091/2091 1039/1039/1039
f 2078/2078/2078 2096/2096/2096 2097/2097/2097
f 2096/2096/2096 2090/2090/2090 2091/2091/2091
f 2084/2084/2084 2094/2094/2094 2095/2095/2095
f 2094/2094/2094 2089/2089/2089 2093/2093/2093
f 2080/2080/2080 2092/2092/2092 1026/1026/1026
f 2092/2092/2092 2086/2086/2086 2095/2095/2095
f 2080/2080/2080 1026/1026/1026 1031/1031/1031
f 1039/1039/1039 2087/2087/2087 1031/1031/1031
f 1039/1039/1039 2091/2091/2091 2087/2087/2087
f 2073/2073/2073 2091/2091/2091 2090/2090/2090
f 2078/2078/2078 2090/2090/2090 2096/2096/2096
f 2086/2086/2086 2085/2085/2085 2095/2095/2095
f 2095/2095/2095 2085/2085/2085 2084/2084/2084
f 2084/2084/2084 2089/2089/2089 2094/2094/2094
f 2093/2093/2093 2089/2089/2089 2083/2083/2083
f 2083/2083/2083 2088/2088/2088 2093/2093/2093
f 2086/2086/2086 2092/2092/2092 2080/2080/2080
f 1031/1031/1031 2079/2079/2079 2080/2080/2080
f 2087/2087/2087 2079/2079/2079 1031/1031/1031
f 2091/2091/2091 2073/2073/2073 2087/2087/2087
f 2090/2090/2090 2081/2081/2081 2073/2073/2073
f 2078/2078/2078 2081/2081/2081 2090/2090/2090
f 2077/2077/2077 2085/2085/2085 2086/2086/2086
f 2085/2085/2085 2070/2070/2070 2084/2084/2084
f 2089/2089/2089 2084/2084/2084 2076/2076/2076
f 2076/2076/2076 2083/2083/2083 2089/2089/2089
f 2088/2088/2088 2083/2083/2083 2068/2068/2068
f 2068/2068/2068 2082/2082/2082 2088/2088/2088
f 2086/2086/2086 2080/2080/2080 2072/2072/2072
f 2079/2079/2079 2066/2066/2066 2080/2080/2080
f 2087/2087/2087 2073/2073/2073 2079/2079/2079
f 2081/2081/2081 2074/2074/2074 2073/2073/2073
f 2077/2077/2077 2086/2086/2086 2072/2072/2072
f 2078/2078/2078 2065/2065/2065 2081/2081/2081
f 2077/2077/2077 2070/2070/2070 2085/2085/2085
f 2076/2076/2076 2084/2084/2084 2070/2070/2070
f 2083/2083/2083 2076/2076/2076 2069/2069/2069
f 2082/2082/2082 2067/2067/2067 2075/2075/2075
f 2069/2069/2069 2068/2068/2068 2083/2083/2083
f 2082/2082/2082 2068/2068/2068 2067/2067/2067
f 2081/2081/2081 2065/2065/2065 2074/2074/2074
f 2080/2080/2080 2066/2066/2066 2072/2072/2072
f 2079/2079/2079 2073/2073/2073 2066/2066/2066
f 2058/2058/2058 2073/2073/2073 2074/2074/2074
f 2072/2072/2072 2063/2063/2063 2077/2077/2077
f 2078/2078/2078 2071/2071/2071 2065/2065/2065
f 2077/2077/2077 2063/2063/2063 2070/2070/2070
f 2070/2070/2070 2062/2062/2062 2076/2076/2076
f 2076/2076/2076 2062/2062/2062 2069/2069/2069
f 2067/2067/2067 2054/2054/2054 2075/2075/2075
f 2061/2061/2061 2068/2068/2068 2069/2069/2069
f 2067/2067/2067 2068/2068/2068 2053/2053/2053
f 2074/2074/2074 2065/2065/2065 2059/2059/2059
f 2074/2074/2074 2059/2059/2059 2058/2058/2058
f 2066/2066/2066 2051/2051/2051 2072/2072/2072
f 2073/2073/2073 2058/2058/2058 2066/2066/2066
f 2063/2063/2063 2072/2072/2072 2051/2051/2051
f 2057/2057/2057 2065/2065/2065 2071/2071/2071
f 2071/2071/2071 2064/2064/2064 2057/2057/2057
f 2070/2070/2070 2063/2063/2063 2047/2047/2047
f 2069/2069/2069 2055/2055/2055 2061/2061/2061
f 2062/2062/2062 2070/2070/2070 2047/2047/2047
f 2062/2062/2062 2055/2055/2055 2069/2069/2069
f 2060/2060/2060 2054/2054/2054 2067/2067/2067
f 2068/2068/2068 2061/2061/2061 2053/2053/2053
f 2060/2060/2060 2067/2067/2067 2053/2053/2053
f 2059/2059/2059 2065/2065/2065 2049/2049/2049
f 2058/2058/2058 2059/2059/2059 2045/2045/2045
f 2066/2066/2066 2058/2058/2058 2051/2051/2051
f 2051/2051/2051 2050/2050/2050 2063/2063/2063
f 2049/2049/2049 2065/2065/2065 2057/2057/2057
f 2034/2034/2034 2057/2057/2057 2064/2064/2064
f 2064/2064/2064 2056/2056/2056 2034/2034/2034
f 2048/2048/2048 2056/2056/2056 2052/2052/2052
f 2063/2063/2063 2050/2050/2050 2047/2047/2047
f 2061/2061/2061 2055/2055/2055 2041/2041/2041
f 2055/2055/2055 2062/2062/2062 2047/2047/2047
f 2046/2046/2046 2054/2054/2054 2060/2060/2060
f 2053/2053/2053 2061/2061/2061 2041/2041/2041
f 2060/2060/2060 2053/2053/2053 2038/2038/2038
f 2046/2046/2046 2060/2060/2060 2038/2038/2038
f 2059/2059/2059 2049/2049/2049 2045/2045/2045
f 2058/2058/2058 2045/2045/2045 2044/2044/2044
f 2058/2058/2058 2044/2044/2044 2051/2051/2051
f 2051/2051/2051 2035/2035/2035 2050/2050/2050
f 2057/2057/2057 2034/2034/2034 2049/2049/2049
f 2056/2056/2056 2048/2048/2048 2034/2034/2034
f 2048/2048/2048 2052/2052/2052 2040/2040/2040
f 2050/2050/2050 2043/2043/2043 2047/2047/2047
f 2055/2055/2055 2042/2042/2042 2041/2041/2041
f 2047/2047/2047 2042/2042/2042 2055/2055/2055
f 2039/2039/2039 2054/2054/2054 2046/2046/2046
f 2053/2053/2053 2041/2041/2041 2038/2038/2038
f 2038/2038/2038 2032/2032/2032 2046/2046/2046
f 2040/2040/2040 2052/2052/2052 2037/2037/2037
f 2045/2045/2045 2049/2049/2049 2036/2036/2036
f 2044/2044/2044 2045/2045/2045 2030/2030/2030
f 2044/2044/2044 2035/2035/2035 2051/2051/2051
f 2043/2043/2043 2050/2050/2050 2035/2035/2035
f 2049/2049/2049 2034/2034/2034 2036/2036/2036
f 2048/2048/2048 2040/2040/2040 2034/2034/2034
f 2043/2043/2043 2021/2021/2021 2047/2047/2047
f 2042/2042/2042 2033/2033/2033 2041/2041/2041
f 2047/2047/2047 2021/2021/2021 2042/2042/2042
f 2046/2046/2046 2032/2032/2032 2039/2039/2039
f 2038/2038/2038 2041/2041/2041 2031/2031/2031
f 2038/2038/2038 2024/2024/2024 2032/2032/2032
f 2037/2037/2037 2026/2026/2026 2040/2040/2040
f 2030/2030/2030 2045/2045/2045 2036/2036/2036
f 2035/2035/2035 2044/2044/2044 2030/2030/2030
f 2043/2043/2043 2035/2035/2035 2029/2029/2029
f 2036/2036/2036 2034/2034/2034 2023/2023/2023
f 2034/2034/2034 2040/2040/2040 2028/2028/2028
f 2021/2021/2021 2043/2043/2043 2029/2029/2029
f 2041/2041/2041 2033/2033/2033 2027/2027/2027
f 2033/2033/2033 2042/2042/2042 2021/2021/2021
f 2031/2031/2031 2041/2041/2041 2027/2027/2027
f 2040/2040/2040 2026/2026/2026 2028/2028/2028
f 2025/2025/2025 2039/2039/2039 2032/2032/2032
f 2038/2038/2038 2031/2031/2031 2024/2024/2024
f 2032/2032/2032 2024/2024/2024 2018/2018/2018
f 2026/2026/2026 2037/2037/2037 2017/2017/2017
f 2036/2036/2036 2023/2023/2023 2030/2030/2030
f 2035/2035/2035 2030/2030/2030 2016/2016/2016
f 2029/2029/2029 2035/2035/2035 2016/2016/2016
f 2034/2034/2034 2028/2028/2028 2023/2023/2023
f 2022/2022/2022 2021/2021/2021 2029/2029/2029
f 2033/2033/2033 2020/2020/2020 2027/2027/2027
f 2021/2021/2021 2020/2020/2020 2033/2033/2033
f 2027/2027/2027 2019/2019/2019 2031/2031/2031
f 2028/2028/2028 2026/2026/2026 2015/2015/2015
f 2032/2032/2032 2018/2018/2018 2025/2025/2025
f 2031/2031/2031 2019/2019/2019 2011/2011/2011
f 2024/2024/2024 2031/2031/2031 2011/2011/2011
f 2024/2024/2024 2010/2010/2010 2018/2018/2018
f 2017/2017/2017 2013/2013/2013 2026/2026/2026
f 2030/2030/2030 2023/2023/2023 2016/2016/2016
f 2022/2022/2022 2029/2029/2029 2016/2016/2016
f 2028/2028/2028 2015/2015/2015 2023/2023/2023
f 2021/2021/2021 2022/2022/2022 2007/2007/2007
f 2027/2027/2027 2020/2020/2020 1998/1998/1998
f 2021/2021/2021 2014/2014/2014 2020/2020/2020
f 2019/2019/2019 2027/2027/2027 1998/1998/1998
f 2026/2026/2026 2013/2013/2013 2015/2015/2015
f 2018/2018/2018 2005/2005/2005 2025/2025/2025
f 2011/2011/2011 2019/2019/2019 2001/2001/2001
f 2024/2024/2024 2011/2011/2011 2010/2010/2010
f 2018/2018/2018 2010/2010/2010 2012/2012/2012
f 2017/2017/2017 2009/2009/2009 2013/2013/2013
f 2016/2016/2016 2023/2023/2023 1999/1999/1999
f 2022/2022/2022 2016/2016/2016 2008/2008/2008
f 2023/2023/2023 2015/2015/2015 1999/1999/1999
f 2007/2007/2007 2022/2022/2022 2008/2008/2008
f 2014/2014/2014 2021/2021/2021 2007/2007/2007
f 2020/2020/2020 2014/2014/2014 1998/1998/1998
f 2019/2019/2019 1998/1998/1998 2001/2001/2001
f 2015/2015/2015 2013/2013/2013 2006/2006/2006
f 2013/2013/2013 2009/2009/2009 1996/1996/1996
f 2018/2018/2018 2012/2012/2012 2005/2005/2005
f 2002/2002/2002 2011/2011/2011 2001/2001/2001
f 2011/2011/2011 1989/1989/1989 2010/2010/2010
f 1990/1990/1990 2012/2012/2012 2010/2010/2010
f 2000/2000/2000 2009/2009/2009 2017/2017/2017
f 2016/2016/2016 1999/1999/1999 2008/2008/2008
f 1999/1999/1999 2015/2015/2015 2006/2006/2006
f 2008/2008/2008 1987/1987/1987 2007/2007/2007
f 1998/1998/1998 2014/2014/2014 2007/2007/2007
f 1998/1998/1998 1997/1997/1997 2001/2001/2001
f 2006/2006/2006 2013/2013/2013 1996/1996/1996
f 2009/2009/2009 1988/1988/1988 1996/1996/1996
f 2012/2012/2012 1995/1995/1995 2005/2005/2005
f 1995/1995/1995 2012/2012/2012 1990/1990/1990
f 1989/1989/1989 2011/2011/2011 2002/2002/2002
f 2001/2001/2001 1978/1978/1978 2002/2002/2002
f 2010/2010/2010 1989/1989/1989 1990/1990/1990
f 2000/2000/2000 1988/1988/1988 2009/2009/2009
f 1987/1987/1987 2008/2008/2008 1999/1999/1999
f 1964/1964/1964 1999/1999/1999 2006/2006/2006
f 2007/2007/2007 1987/1987/1987 1998/1998/1998
f 1998/1998/1998 1976/1976/1976 1997/1997/1997
f 2001/2001/2001 1997/1997/1997 1985/1985/1985
f 1964/1964/1964 2006/2006/2006 1996/1996/1996
f 1988/1988/1988 1986/1986/1986 1996/1996/1996
f 2005/2005/2005 1995/1995/1995 1961/1961/1961
f 2004/2004/2004 1983/1983/1983 1993/1993/1993
f 1994/1994/1994 1983/1983/1983 2004/2004/2004
f 1970/1970/1970 2003/2003/2003 1992/1992/1992
f 1968/1968/1968 1991/1991/1991 2003/2003/2003
f 1970/1970/1970 1968/1968/1968 2003/2003/2003
f 1995/1995/1995 1990/1990/1990 1979/1979/1979
f 2002/2002/2002 1978/1978/1978 1989/1989/1989
f 1978/1978/1978 2001/2001/2001 1985/1985/1985
f 1989/1989/1989 1966/1966/1966 1990/1990/1990
f 2000/2000/2000 1977/1977/1977 1988/1988/1988
f 1999/1999/1999 1964/1964/1964 1987/1987/1987
f 1987/1987/1987 1976/1976/1976 1998/1998/1998
f 1985/1985/1985 1997/1997/1997 1976/1976/1976
f 1996/1996/1996 1986/1986/1986 1964/1964/1964
f 1988/1988/1988 1963/1963/1963 1986/1986/1986
f 1995/1995/1995 1979/1979/1979 1961/1961/1961
f 1957/1957/1957 1993/1993/1993 1983/1983/1983
f 1972/1972/1972 1983/1983/1983 1994/1994/1994
f 1994/1994/1994 1982/1982/1982 1972/1972/1972
f 1957/1957/1957 1981/1981/1981 1993/1993/1993
f 1970/1970/1970 1992/1992/1992 1971/1971/1971
f 1968/1968/1968 1980/1980/1980 1991/1991/1991
f 1970/1970/1970 1969/1969/1969 1968/1968/1968
f 1990/1990/1990 1966/1966/1966 1979/1979/1979
f 1989/1989/1989 1978/1978/1978 1965/1965/1965
f 1978/1978/1978 1985/1985/1985 1962/1962/1962
f 1989/1989/1989 1965/1965/1965 1966/1966/1966
f 1963/1963/1963 1988/1988/1988 1977/1977/1977
f 1976/1976/1976 1987/1987/1987 1964/1964/1964
f 1976/1976/1976 1950/1950/1950 1985/1985/1985
f 1964/1964/1964 1986/1986/1986 1963/1963/1963
f 1985/1985/1985 1950/1950/1950 1962/1962/1962
f 1961/1961/1961 1979/1979/1979 1967/1967/1967
f 1945/1945/1945 1984/1984/1984 1975/1975/1975
f 1974/1974/1974 1984/1984/1984 1945/1945/1945
f 1974/1974/1974 1959/1959/1959 1958/1958/1958
f 1982/1982/1982 1973/1973/1973 1944/1944/1944
f 1983/1983/1983 1972/1972/1972 1957/1957/1957
f 1944/1944/1944 1972/1972/1972 1982/1982/1982
f 1957/1957/1957 1971/1971/1971 1981/1981/1981
f 1929/1929/1929 1970/1970/1970 1971/1971/1971
f 1969/1969/1969 1970/1970/1970 1956/1956/1956
f 1968/1968/1968 1955/1955/1955 1980/1980/1980
f 1933/1933/1933 1968/1968/1968 1969/1969/1969
f 1979/1979/1979 1954/1954/1954 1967/1967/1967
f 1966/1966/1966 1954/1954/1954 1979/1979/1979
f 1978/1978/1978 1953/1953/1953 1965/1965/1965
f 1978/1978/1978 1962/1962/1962 1952/1952/1952
f 1953/1953/1953 1978/1978/1978 1952/1952/1952
f 1965/1965/1965 1942/1942/1942 1966/1966/1966
f 1963/1963/1963 1977/1977/1977 1951/1951/1951
f 1950/1950/1950 1976/1976/1976 1964/1964/1964
f 1964/1964/1964 1963/1963/1963 1939/1939/1939
f 1950/1950/1950 1949/1949/1949 1962/1962/1962
f 1948/1948/1948 1967/1967/1967 1943/1943/1943
f 1948/1948/1948 1961/1961/1961 1967/1967/1967
f 1947/1947/1947 1934/1934/1934 1960/1960/1960
f 1946/1946/1946 1975/1975/1975 1960/1960/1960
f 1975/1975/1975 1946/1946/1946 1945/1945/1945
f 1974/1974/1974 1945/1945/1945 1959/1959/1959
f 1958/1958/1958 1959/1959/1959 1931/1931/1931
f 1958/1958/1958 1944/1944/1944 1973/1973/1973
f 1944/1944/1944 1957/1957/1957 1972/1972/1972
f 1929/1929/1929 1971/1971/1971 1957/1957/1957
f 1956/1956/1956 1970/1970/1970 1929/1929/1929
f 1933/1933/1933 1969/1969/1969 1956/1956/1956
f 1968/1968/1968 1933/1933/1933 1955/1955/1955
f 1967/1967/1967 1954/1954/1954 1943/1943/1943
f 1966/1966/1966 1942/1942/1942 1954/1954/1954
f 1953/1953/1953 1941/1941/1941 1965/1965/1965
f 1962/1962/1962 1938/1938/1938 1952/1952/1952
f 1952/1952/1952 1926/1926/1926 1953/1953/1953
f 1965/1965/1965 1941/1941/1941 1942/1942/1942
f 1963/1963/1963 1951/1951/1951 1940/1940/1940
f 1964/1964/1964 1939/1939/1939 1950/1950/1950
f 1939/1939/1939 1963/1963/1963 1940/1940/1940
f 1949/1949/1949 1938/1938/1938 1962/1962/1962
f 1950/1950/1950 1922/1922/1922 1949/1949/1949
f 1943/1943/1943 1921/1921/1921 1948/1948/1948
f 1948/1948/1948 1937/1937/1937 1961/1961/1961
f 1935/1935/1935 1934/1934/1934 1947/1947/1947
f 1934/1934/1934 1946/1946/1946 1960/1960/1960
f 1945/1945/1945 1946/1946/1946 1914/1914/1914
f 1945/1945/1945 1932/1932/1932 1959/1959/1959
f 1931/1931/1931 1959/1959/1959 1932/1932/1932
f 1931/1931/1931 1944/1944/1944 1958/1958/1958
f 1930/1930/1930 1957/1957/1957 1944/1944/1944
f 1930/1930/1930 1929/1929/1929 1957/1957/1957
f 1928/1928/1928 1956/1956/1956 1929/1929/1929
f 1956/1956/1956 1928/1928/1928 1933/1933/1933
f 1898/1898/1898 1955/1955/1955 1933/1933/1933
f 1954/1954/1954 1912/1912/1912 1943/1943/1943
f 1912/1912/1912 1954/1954/1954 1942/1942/1942
f 1953/1953/1953 1926/1926/1926 1941/1941/1941
f 1926/1926/1926 1952/1952/1952 1938/1938/1938
f 1942/1942/1942 1941/1941/1941 1925/1925/1925
f 1951/1951/1951 1924/1924/1924 1940/1940/1940
f 1922/1922/1922 1950/1950/1950 1939/1939/1939
f 1940/1940/1940 1911/1911/1911 1939/1939/1939
f 1949/1949/1949 1922/1922/1922 1938/1938/1938
f 1921/1921/1921 1943/1943/1943 1927/1927/1927
f 1948/1948/1948 1921/1921/1921 1920/1920/1920
f 1937/1937/1937 1948/1948/1948 1920/1920/1920
f 1917/1917/1917 1935/1935/1935 1947/1947/1947
f 1935/1935/1935 1902/1902/1902 1934/1934/1934
f 1946/1946/1946 1934/1934/1934 1916/1916/1916
f 1946/1946/1946 1916/1916/1916 1914/1914/1914
f 1914/1914/1914 1932/1932/1932 1945/1945/1945
f 1931/1931/1931 1932/1932/1932 1900/1900/1900
f 1944/1944/1944 1931/1931/1931 1899/1899/1899
f 1899/1899/1899 1930/1930/1930 1944/1944/1944
f 1913/1913/1913 1929/1929/1929 1930/1930/1930
f 1884/1884/1884 1928/1928/1928 1929/1929/1929
f 1901/1901/1901 1933/1933/1933 1928/1928/1928
f 1933/1933/1933 1915/1915/1915 1898/1898/1898
f 1943/1943/1943 1912/1912/1912 1927/1927/1927
f 1912/1912/1912 1942/1942/1942 1925/1925/1925
f 1926/1926/1926 1895/1895/1895 1941/1941/1941
f 1938/1938/1938 1896/1896/1896 1926/1926/1926
f 1941/1941/1941 1895/1895/1895 1925/1925/1925
f 1940/1940/1940 1924/1924/1924 1911/1911/1911
f 1894/1894/1894 1924/1924/1924 1923/1923/1923
f 1939/1939/1939 1910/1910/1910 1922/1922/1922
f 1939/1939/1939 1911/1911/1911 1910/1910/1910
f 1922/1922/1922 1896/1896/1896 1938/1938/1938
f 1927/1927/1927 1909/1909/1909 1921/1921/1921
f 1920/1920/1920 1921/1921/1921 1891/1891/1891
f 1920/1920/1920 1890/1890/1890 1937/1937/1937
f 1937/1937/1937 1890/1890/1890 1919/1919/1919
f 1908/1908/1908 1936/1936/1936 1919/1919/1919
f 1909/1909/1909 1927/1927/1927 1897/1897/1897
f 1936/1936/1936 1907/1907/1907 1918/1918/1918
f 1908/1908/1908 1907/1907/1907 1936/1936/1936
f 1906/1906/1906 1905/1905/1905 1904/1904/1904
f 1903/1903/1903 1935/1935/1935 1917/1917/1917
f 1906/1906/1906 1886/1886/1886 1917/1917/1917
f 1903/1903/1903 1902/1902/1902 1935/1935/1935
f 1934/1934/1934 1902/1902/1902 1916/1916/1916
f 1915/1915/1915 1933/1933/1933 1901/1901/1901
f 1914/1914/1914 1916/1916/1916 1885/1885/1885
f 1914/1914/1914 1900/1900/1900 1932/1932/1932
f 1900/1900/1900 1899/1899/1899 1931/1931/1931
f 1899/1899/1899 1913/1913/1913 1930/1930/1930
f 1884/1884/1884 1929/1929/1929 1913/1913/1913
f 1901/1901/1901 1928/1928/1928 1884/1884/1884
f 1915/1915/1915 1883/1883/1883 1898/1898/1898
f 1912/1912/1912 1897/1897/1897 1927/1927/1927
f 1912/1912/1912 1925/1925/1925 1881/1881/1881
f 1926/1926/1926 1896/1896/1896 1895/1895/1895
f 1881/1881/1881 1925/1925/1925 1895/1895/1895
f 1894/1894/1894 1911/1911/1911 1924/1924/1924
f 1923/1923/1923 1893/1893/1893 1894/1894/1894
f 1892/1892/1892 1922/1922/1922 1910/1910/1910
f 1911/1911/1911 1877/1877/1877 1910/1910/1910
f 1892/1892/1892 1896/1896/1896 1922/1922/1922
f 1921/1921/1921 1909/1909/1909 1891/1891/1891
f 1890/1890/1890 1920/1920/1920 1891/1891/1891
f 1908/1908/1908 1919/1919/1919 1890/1890/1890
f 1897/1897/1897 1889/1889/1889 1909/1909/1909
f 1888/1888/1888 1918/1918/1918 1907/1907/1907
f 1908/1908/1908 1875/1875/1875 1907/1907/1907
f 1887/1887/1887 1905/1905/1905 1906/1906/1906
f 1904/1904/1904 1905/1905/1905 1861/1861/1861
f 1904/1904/1904 1886/1886/1886 1906/1906/1906
f 1917/1917/1917 1886/1886/1886 1903/1903/1903
f 1902/1902/1902 1903/1903/1903 1873/1873/1873
f 1902/1902/1902 1885/1885/1885 1916/1916/1916
f 1883/1883/1883 1915/1915/1915 1901/1901/1901
f 1914/1914/1914 1885/1885/1885 1900/1900/1900
f 1870/1870/1870 1899/1899/1899 1900/1900/1900
f 1884/1884/1884 1913/1913/1913 1899/1899/1899
f 1884/1884/1884 1871/1871/1871 1901/1901/1901
f 1883/1883/1883 1882/1882/1882 1898/1898/1898
f 1912/1912/1912 1881/1881/1881 1897/1897/1897
f 1896/1896/1896 1880/1880/1880 1895/1895/1895
f 1895/1895/1895 1879/1879/1879 1881/1881/1881
f 1894/1894/1894 1877/1877/1877 1911/1911/1911
f 1894/1894/1894 1893/1893/1893 1866/1866/1866
f 1910/1910/1910 1877/1877/1877 1892/1892/1892
f 1896/1896/1896 1892/1892/1892 1865/1865/1865
f 1909/1909/1909 1876/1876/1876 1891/1891/1891
f 1876/1876/1876 1909/1909/1909 1889/1889/1889
f 1891/1891/1891 1864/1864/1864 1890/1890/1890
f 1890/1890/1890 1875/1875/1875 1908/1908/1908
f 1889/1889/1889 1897/1897/1897 1854/1854/1854
f 1907/1907/1907 1875/1875/1875 1888/1888/1888
f 1906/1906/1906 1874/1874/1874 1887/1887/1887
f 1861/1861/1861 1905/1905/1905 1887/1887/1887
f 1886/1886/1886 1904/1904/1904 1861/1861/1861
f 1886/1886/1886 1873/1873/1873 1903/1903/1903
f 1873/1873/1873 1872/1872/1872 1902/1902/1902
f 1872/1872/1872 1885/1885/1885 1902/1902/1902
f 1901/1901/1901 1871/1871/1871 1883/1883/1883
f 1885/1885/1885 1870/1870/1870 1900/1900/1900
f 1870/1870/1870 1869/1869/1869 1899/1899/1899
f 1869/1869/1869 1884/1884/1884 1899/1899/1899
f 1884/1884/1884 1857/1857/1857 1871/1871/1871
f 1868/1868/1868 1882/1882/1882 1883/1883/1883
f 1898/1898/1898 1882/1882/1882 1867/1867/1867
f 1897/1897/1897 1881/1881/1881 1854/1854/1854
f 1880/1880/1880 1896/1896/1896 1865/1865/1865
f 1895/1895/1895 1880/1880/1880 1852/1852/1852
f 1879/1879/1879 1855/1855/1855 1881/1881/1881
f 1879/1879/1879 1895/1895/1895 1852/1852/1852
f 1877/1877/1877 1894/1894/1894 1866/1866/1866
f 1866/1866/1866 1893/1893/1893 1878/1878/1878
f 1865/1865/1865 1892/1892/1892 1877/1877/1877
f 1891/1891/1891 1876/1876/1876 1864/1864/1864
f 1889/1889/1889 1849/1849/1849 1876/1876/1876
f 1875/1875/1875 1890/1890/1890 1864/1864/1864
f 1889/1889/1889 1854/1854/1854 1849/1849/1849
f 1875/1875/1875 1863/1863/1863 1888/1888/1888
f 1874/1874/1874 1862/1862/1862 1887/1887/1887
f 1861/1861/1861 1887/1887/1887 1862/1862/1862
f 1861/1861/1861 1873/1873/1873 1886/1886/1886
f 1872/1872/1872 1873/1873/1873 1844/1844/1844
f 1885/1885/1885 1872/1872/1872 1858/1858/1858
f 1871/1871/1871 1843/1843/1843 1883/1883/1883
f 1858/1858/1858 1870/1870/1870 1885/1885/1885
f 1857/1857/1857 1859/1859/1859 1871/1871/1871
f 1842/1842/1842 1869/1869/1869 1870/1870/1870
f 1869/1869/1869 1857/1857/1857 1884/1884/1884
f 1843/1843/1843 1868/1868/1868 1883/1883/1883
f 1856/1856/1856 1882/1882/1882 1868/1868/1868
f 1867/1867/1867 1882/1882/1882 1856/1856/1856
f 1854/1854/1854 1881/1881/1881 1855/1855/1855
f 1865/1865/1865 1853/1853/1853 1880/1880/1880
f 1880/1880/1880 1853/1853/1853 1852/1852/1852
f 1879/1879/1879 1852/1852/1852 1855/1855/1855
f 1866/1866/1866 1851/1851/1851 1877/1877/1877
f 1827/1827/1827 1866/1866/1866 1878/1878/1878
f 1877/1877/1877 1851/1851/1851 1865/1865/1865
f 1876/1876/1876 1849/1849/1849 1864/1864/1864
f 1864/1864/1864 1847/1847/1847 1875/1875/1875
f 1854/1854/1854 1850/1850/1850 1849/1849/1849
f 1875/1875/1875 1847/1847/1847 1863/1863/1863
f 1846/1846/1846 1862/1862/1862 1874/1874/1874
f 1862/1862/1862 1820/1820/1820 1861/1861/1861
f 1861/1861/1861 1845/1845/1845 1873/1873/1873
f 1873/1873/1873 1845/1845/1845 1860/1860/1860
f 1860/1860/1860 1844/1844/1844 1873/1873/1873
f 1872/1872/1872 1844/1844/1844 1858/1858/1858
f 1859/1859/1859 1843/1843/1843 1871/1871/1871
f 1870/1870/1870 1858/1858/1858 1842/1842/1842
f 1816/1816/1816 1859/1859/1859 1857/1857/1857
f 1842/1842/1842 1857/1857/1857 1869/1869/1869
f 1841/1841/1841 1868/1868/1868 1843/1843/1843
f 1868/1868/1868 1841/1841/1841 1856/1856/1856
f 1867/1867/1867 1856/1856/1856 1830/1830/1830
f 1867/1867/1867 1830/1830/1830 1822/1822/1822
f 1854/1854/1854 1855/1855/1855 1839/1839/1839
f 1853/1853/1853 1865/1865/1865 1838/1838/1838
f 1853/1853/1853 1828/1828/1828 1852/1852/1852
f 1855/1855/1855 1852/1852/1852 1829/1829/1829
f 1866/1866/1866 1827/1827/1827 1851/1851/1851
f 1865/1865/1865 1851/1851/1851 1838/1838/1838
f 1864/1864/1864 1849/1849/1849 1837/1837/1837
f 1847/1847/1847 1864/1864/1864 1837/1837/1837
f 1850/1850/1850 1854/1854/1854 1815/1815/1815
f 1849/1849/1849 1850/1850/1850 1836/1836/1836
f 1863/1863/1863 1834/1834/1834 1848/1848/1848
f 1847/1847/1847 1834/1834/1834 1863/1863/1863
f 1840/1840/1840 1833/1833/1833 1822/1822/1822
f 1846/1846/1846 1820/1820/1820 1862/1862/1862
f 1820/1820/1820 1845/1845/1845 1861/1861/1861
f 1818/1818/1818 1860/1860/1860 1845/1845/1845
f 1844/1844/1844 1860/1860/1860 1818/1818/1818
f 1858/1858/1858 1844/1844/1844 1831/1831/1831
f 1843/1843/1843 1859/1859/1859 1816/1816/1816
f 1842/1842/1842 1858/1858/1858 1831/1831/1831
f 1842/1842/1842 1816/1816/1816 1857/1857/1857
f 1817/1817/1817 1841/1841/1841 1843/1843/1843
f 1830/1830/1830 1856/1856/1856 1841/1841/1841
f 1840/1840/1840 1822/1822/1822 1830/1830/1830
f 1839/1839/1839 1855/1855/1855 1829/1829/1829
f 1854/1854/1854 1839/1839/1839 1815/1815/1815
f 1828/1828/1828 1853/1853/1853 1838/1838/1838
f 1852/1852/1852 1828/1828/1828 1829/1829/1829
f 1838/1838/1838 1851/1851/1851 1827/1827/1827
f 1837/1837/1837 1849/1849/1849 1813/1813/1813
f 1837/1837/1837 1825/1825/1825 1847/1847/1847
f 1836/1836/1836 1850/1850/1850 1815/1815/1815
f 1813/1813/1813 1849/1849/1849 1836/1836/1836
f 1834/1834/1834 1826/1826/1826 1848/1848/1848
f 1847/1847/1847 1825/1825/1825 1834/1834/1834
f 1807/1807/1807 1835/1835/1835 1824/1824/1824
f 1821/1821/1821 1822/1822/1822 1833/1833/1833
f 1805/1805/1805 1833/1833/1833 1840/1840/1840
f 1823/1823/1823 1820/1820/1820 1846/1846/1846
f 1845/1845/1845 1820/1820/1820 1819/1819/1819
f 1819/1819/1819 1818/1818/1818 1845/1845/1845
f 1818/1818/1818 1831/1831/1831 1844/1844/1844
f 1817/1817/1817 1843/1843/1843 1832/1832/1832
f 1832/1832/1832 1843/1843/1843 1816/1816/1816
f 1831/1831/1831 1816/1816/1816 1842/1842/1842
f 1800/1800/1800 1841/1841/1841 1817/1817/1817
f 1800/1800/1800 1830/1830/1830 1841/1841/1841
f 1840/1840/1840 1830/1830/1830 1805/1805/1805
f 1815/1815/1815 1839/1839/1839 1829/1829/1829
f 1828/1828/1828 1838/1838/1838 1814/1814/1814
f 1829/1829/1829 1828/1828/1828 1798/1798/1798
f 1838/1838/1838 1827/1827/1827 1814/1814/1814
f 1825/1825/1825 1837/1837/1837 1813/1813/1813
f 1812/1812/1812 1836/1836/1836 1815/1815/1815
f 1836/1836/1836 1812/1812/1812 1813/1813/1813
f 1826/1826/1826 1811/1811/1811 1835/1835/1835
f 1811/1811/1811 1824/1824/1824 1835/1835/1835
f 1826/1826/1826 1834/1834/1834 1810/1810/1810
f 1825/1825/1825 1810/1810/1810 1834/1834/1834
f 1824/1824/1824 1808/1808/1808 1807/1807/1807
f 1792/1792/1792 1822/1822/1822 1821/1821/1821
f 1805/1805/1805 1821/1821/1821 1833/1833/1833
f 1820/1820/1820 1823/1823/1823 1791/1791/1791
f 1804/1804/1804 1819/1819/1819 1820/1820/1820
f 1803/1803/1803 1818/1818/1818 1819/1819/1819
f 1831/1831/1831 1818/1818/1818 1801/1801/1801
f 1817/1817/1817 1832/1832/1832 1789/1789/1789
f 1789/1789/1789 1832/1832/1832 1816/1816/1816
f 1801/1801/1801 1816/1816/1816 1831/1831/1831
f 1817/1817/1817 1802/1802/1802 1800/1800/1800
f 1805/1805/1805 1830/1830/1830 1800/1800/1800
f 1815/1815/1815 1829/1829/1829 1799/1799/1799
f 1829/1829/1829 1798/1798/1798 1799/1799/1799
f 1798/1798/1798 1828/1828/1828 1814/1814/1814
f 1827/1827/1827 1797/1797/1797 1814/1814/1814
f 1813/1813/1813 1772/1772/1772 1825/1825/1825
f 1815/1815/1815 1785/1785/1785 1812/1812/1812
f 1812/1812/1812 1786/1786/1786 1813/1813/1813
f 1796/1796/1796 1811/1811/1811 1826/1826/1826
f 1773/1773/1773 1824/1824/1824 1811/1811/1811
f 1810/1810/1810 1796/1796/1796 1826/1826/1826
f 1825/1825/1825 1772/1772/1772 1810/1810/1810
f 1781/1781/1781 1809/1809/1809 1823/1823/1823
f 1809/1809/1809 1791/1791/1791 1823/1823/1823
f 1773/1773/1773 1808/1808/1808 1824/1824/1824
f 1808/1808/1808 1794/1794/1794 1807/1807/1807
f 1793/1793/1793 1781/1781/1781 1823/1823/1823
f 1822/1822/1822 1792/1792/1792 1806/1806/1806
f 1821/1821/1821 1779/1779/1779 1792/1792/1792
f 1821/1821/1821 1805/1805/1805 1779/1779/1779
f 1819/1819/1819 1804/1804/1804 1778/1778/1778
f 1791/1791/1791 1804/1804/1804 1820/1820/1820
f 1778/1778/1778 1803/1803/1803 1819/1819/1819
f 1818/1818/1818 1803/1803/1803 1790/1790/1790
f 1790/1790/1790 1801/1801/1801 1818/1818/1818
f 1817/1817/1817 1789/1789/1789 1802/1802/1802
f 1816/1816/1816 1801/1801/1801 1789/1789/1789
f 1802/1802/1802 1777/1777/1777 1800/1800/1800
f 1788/1788/1788 1805/1805/1805 1800/1800/1800
f 1799/1799/1799 1785/1785/1785 1815/1815/1815
f 1798/1798/1798 1775/1775/1775 1799/1799/1799
f 1814/1814/1814 1787/1787/1787 1798/1798/1798
f 1814/1814/1814 1797/1797/1797 1787/1787/1787
f 1772/1772/1772 1813/1813/1813 1786/1786/1786
f 1786/1786/1786 1812/1812/1812 1785/1785/1785
f 1773/1773/1773 1811/1811/1811 1796/1796/1796
f 1810/1810/1810 1772/1772/1772 1796/1796/1796
f 1774/1774/1774 1795/1795/1795 1772/1772/1772
f 1791/1791/1791 1809/1809/1809 1781/1781/1781
f 1773/1773/1773 1794/1794/1794 1808/1808/1808
f 1794/1794/1794 1783/1783/1783 1807/1807/1807
f 1793/1793/1793 1807/1807/1807 1783/1783/1783
f 1782/1782/1782 1781/1781/1781 1793/1793/1793
f 1792/1792/1792 1767/1767/1767 1806/1806/1806
f 1780/1780/1780 1792/1792/1792 1779/1779/1779
f 1779/1779/1779 1805/1805/1805 1788/1788/1788
f 1791/1791/1791 1778/1778/1778 1804/1804/1804
f 1778/1778/1778 1790/1790/1790 1803/1803/1803
f 1790/1790/1790 1764/1764/1764 1801/1801/1801
f 1789/1789/1789 1777/1777/1777 1802/1802/1802
f 1764/1764/1764 1789/1789/1789 1801/1801/1801
f 1777/1777/1777 1776/1776/1776 1800/1800/1800
f 1800/1800/1800 1776/1776/1776 1788/1788/1788
f 1799/1799/1799 1775/1775/1775 1785/1785/1785
f 1798/1798/1798 1787/1787/1787 1775/1775/1775
f 1753/1753/1753 1787/1787/1787 1797/1797/1797
f 1784/1784/1784 1795/1795/1795 1774/1774/1774
f 1786/1786/1786 1774/1774/1774 1772/1772/1772
f 1785/1785/1785 1761/1761/1761 1786/1786/1786
f 1796/1796/1796 1772/1772/1772 1773/1773/1773
f 1795/1795/1795 1784/1784/1784 1772/1772/1772
f 1781/1781/1781 1771/1771/1771 1791/1791/1791
f 1770/1770/1770 1794/1794/1794 1773/1773/1773
f 1770/1770/1770 1783/1783/1783 1794/1794/1794
f 1783/1783/1783 1769/1769/1769 1793/1793/1793
f 1769/1769/1769 1782/1782/1782 1793/1793/1793
f 1782/1782/1782 1768/1768/1768 1781/1781/1781
f 1780/1780/1780 1767/1767/1767 1792/1792/1792
f 1758/1758/1758 1780/1780/1780 1779/1779/1779
f 1745/1745/1745 1779/1779/1779 1788/1788/1788
f 1771/1771/1771 1765/1765/1765 1791/1791/1791
f 1778/1778/1778 1791/1791/1791 1765/1765/1765
f 1778/1778/1778 1764/1764/1764 1790/1790/1790
f 1764/1764/1764 1777/1777/1777 1789/1789/1789
f 1777/1777/1777 1747/1747/1747 1763/1763/1763
f 1776/1776/1776 1777/1777/1777 1763/1763/1763
f 1745/1745/1745 1788/1788/1788 1776/1776/1776
f 1775/1775/1775 1762/1762/1762 1785/1785/1785
f 1787/1787/1787 1753/1753/1753 1775/1775/1775
f 1774/1774/1774 1752/1752/1752 1784/1784/1784
f 1786/1786/1786 1761/1761/1761 1774/1774/1774
f 1785/1785/1785 1762/1762/1762 1761/1761/1761
f 1772/1772/1772 1760/1760/1760 1773/1773/1773
f 1784/1784/1784 1752/1752/1752 1772/1772/1772
f 1740/1740/1740 1771/1771/1771 1781/1781/1781
f 1770/1770/1770 1773/1773/1773 1742/1742/1742
f 1783/1783/1783 1770/1770/1770 1751/1751/1751
f 1751/1751/1751 1769/1769/1769 1783/1783/1783
f 1759/1759/1759 1782/1782/1782 1769/1769/1769
f 1768/1768/1768 1782/1782/1782 1759/1759/1759
f 1781/1781/1781 1768/1768/1768 1740/1740/1740
f 1767/1767/1767 1780/1780/1780 1758/1758/1758
f 1779/1779/1779 1766/1766/1766 1758/1758/1758
f 1766/1766/1766 1779/1779/1779 1745/1745/1745
f 1757/1757/1757 1765/1765/1765 1771/1771/1771
f 1765/1765/1765 1756/1756/1756 1778/1778/1778
f 1756/1756/1756 1764/1764/1764 1778/1778/1778
f 1747/1747/1747 1777/1777/1777 1764/1764/1764
f 1755/1755/1755 1763/1763/1763 1747/1747/1747
f 1763/1763/1763 1745/1745/1745 1776/1776/1776
f 1775/1775/1775 1753/1753/1753 1762/1762/1762
f 1774/1774/1774 1761/1761/1761 1752/1752/1752
f 1761/1761/1761 1762/1762/1762 1735/1735/1735
f 1772/1772/1772 1741/1741/1741 1760/1760/1760
f 1760/1760/1760 1742/1742/1742 1773/1773/1773
f 1752/1752/1752 1741/1741/1741 1772/1772/1772
f 1771/1771/1771 1740/1740/1740 1757/1757/1757
f 1751/1751/1751 1770/1770/1770 1742/1742/1742
f 1759/1759/1759 1769/1769/1769 1751/1751/1751
f 1768/1768/1768 1759/1759/1759 1740/1740/1740
f 1758/1758/1758 1750/1750/1750 1767/1767/1767
f 1766/1766/1766 1749/1749/1749 1758/1758/1758
f 1749/1749/1749 1766/1766/1766 1745/1745/1745
f 1765/1765/1765 1757/1757/1757 1738/1738/1738
f 1738/1738/1738 1756/1756/1756 1765/1765/1765
f 1764/1764/1764 1756/1756/1756 1747/1747/1747
f 1746/1746/1746 1755/1755/1755 1747/1747/1747
f 1763/1763/1763 1755/1755/1755 1745/1745/1745
f 1762/1762/1762 1753/1753/1753 1735/1735/1735
f 1761/1761/1761 1735/1735/1735 1752/1752/1752
f 1742/1742/1742 1760/1760/1760 1741/1741/1741
f 1752/1752/1752 1734/1734/1734 1741/1741/1741
f 1748/1748/1748 1757/1757/1757 1740/1740/1740
f 1742/1742/1742 1731/1731/1731 1751/1751/1751
f 1751/1751/1751 1740/1740/1740 1759/1759/1759
f 1750/1750/1750 1758/1758/1758 1729/1729/1729
f 1750/1750/1750 1736/1736/1736 1754/1754/1754
f 1729/1729/1729 1758/1758/1758 1749/1749/1749
f 1739/1739/1739 1749/1749/1749 1745/1745/1745
f 1748/1748/1748 1738/1738/1738 1757/1757/1757
f 1738/1738/1738 1747/1747/1747 1756/1756/1756
f 1737/1737/1737 1746/1746/1746 1747/1747/1747
f 1727/1727/1727 1755/1755/1755 1746/1746/1746
f 1727/1727/1727 1745/1745/1745 1755/1755/1755
f 1726/1726/1726 1754/1754/1754 1744/1744/1744
f 1744/1744/1744 1754/1754/1754 1736/1736/1736
f 1753/1753/1753 1743/1743/1743 1735/1735/1735
f 1734/1734/1734 1752/1752/1752 1735/1735/1735
f 1741/1741/1741 1724/1724/1724 1742/1742/1742
f 1734/1734/1734 1732/1732/1732 1741/1741/1741
f 1733/1733/1733 1731/1731/1731 1742/1742/1742
f 1718/1718/1718 1748/1748/1748 1740/1740/1740
f 1740/1740/1740 1751/1751/1751 1731/1731/1731
f 1745/1745/1745 1730/1730/1730 1739/1739/1739
f 1729/1729/1729 1736/1736/1736 1750/1750/1750
f 1749/1749/1749 1739/1739/1739 1729/1729/1729
f 1728/1728/1728 1737/1737/1737 1747/1747/1747
f 1718/1718/1718 1738/1738/1738 1748/1748/1748
f 1728/1728/1728 1747/1747/1747 1738/1738/1738
f 1727/1727/1727 1746/1746/1746 1737/1737/1737
f 1730/1730/1730 1745/1745/1745 1727/1727/1727
f 1744/1744/1744 1736/1736/1736 1726/1726/1726
f 1735/1735/1735 1743/1743/1743 1725/1725/1725
f 1735/1735/1735 1720/1720/1720 1734/1734/1734
f 1724/1724/1724 1733/1733/1733 1742/1742/1742
f 1724/1724/1724 1741/1741/1741 1732/1732/1732
f 1734/1734/1734 1719/1719/1719 1732/1732/1732
f 1733/1733/1733 1713/1713/1713 1731/1731/1731
f 1731/1731/1731 1718/1718/1718 1740/1740/1740
f 1717/1717/1717 1739/1739/1739 1730/1730/1730
f 1729/1729/1729 1721/1721/1721 1736/1736/1736
f 1739/1739/1739 1717/1717/1717 1729/1729/1729
f 1716/1716/1716 1737/1737/1737 1728/1728/1728
f 1718/1718/1718 1728/1728/1728 1738/1738/1738
f 1727/1727/1727 1737/1737/1737 1716/1716/1716
f 1722/1722/1722 1730/1730/1730 1727/1727/1727
f 1726/1726/1726 1736/1736/1736 1721/1721/1721
f 1725/1725/1725 1720/1720/1720 1735/1735/1735
f 1719/1719/1719 1734/1734/1734 1720/1720/1720
f 1724/1724/1724 1713/1713/1713 1733/1733/1733
f 1732/1732/1732 1719/1719/1719 1724/1724/1724
f 1713/1713/1713 1723/1723/1723 1731/1731/1731
f 1723/1723/1723 1718/1718/1718 1731/1731/1731
f 1722/1722/1722 1717/1717/1717 1730/1730/1730
f 1721/1721/1721 1729/1729/1729 1717/1717/1717
f 1718/1718/1718 1716/1716/1716 1728/1728/1728
f 1716/1716/1716 1722/1722/1722 1727/1727/1727
f 1708/1708/1708 1726/1726/1726 1721/1721/1721
f 1725/1725/1725 1711/1711/1711 1720/1720/1720
f 1720/1720/1720 1714/1714/1714 1719/1719/1719
f 1724/1724/1724 1719/1719/1719 1713/1713/1713
f 1718/1718/1718 1723/1723/1723 1713/1713/1713
f 1709/1709/1709 1717/1717/1717 1722/1722/1722
f 1717/1717/1717 1712/1712/1712 1721/1721/1721
f 1710/1710/1710 1716/1716/1716 1718/1718/1718
f 1709/1709/1709 1722/1722/1722 1716/1716/1716
f 1721/1721/1721 1715/1715/1715 1708/1708/1708
f 1715/1715/1715 1721/1721/1721 1712/1712/1712
f 1711/1711/1711 1714/1714/1714 1720/1720/1720
f 1714/1714/1714 1707/1707/1707 1719/1719/1719
f 1719/1719/1719 1707/1707/1707 1713/1713/1713
f 1713/1713/1713 1710/1710/1710 1718/1718/1718
f 1712/1712/1712 1717/1717/1717 1709/1709/1709
f 1716/1716/1716 1710/1710/1710 1709/1709/1709
f 1715/1715/1715 1712/1712/1712 1708/1708/1708
f 1711/1711/1711 1707/1707/1707 1714/1714/1714
f 1707/1707/1707 1710/1710/1710 1713/1713/1713
f 1706/1706/1706 1712/1712/1712 1709/1709/1709
f 1705/1705/1705 1709/1709/1709 1710/1710/1710
f 1706/1706/1706 1708/1708/1708 1712/1712/1712
f 1711/1711/1711 1703/1703/1703 1707/1707/1707
f 1710/1710/1710 1707/1707/1707 1705/1705/1705
f 1709/1709/1709 1705/1705/1705 1706/1706/1706
f 1704/1704/1704 1708/1708/1708 1706/1706/1706
f 1703/1703/1703 1705/1705/1705 1707/1707/1707
f 1704/1704/1704 1706/1706/1706 1705/1705/1705
f 1703/1703/1703 1704/1704/1704 1705/1705/1705
f 1302/1302/1302 1307/1307/1307 1702/1702/1702
f 1698/1698/1698 1702/1702/1702 1307/1307/1307
f 1699/1699/1699 1307/1307/1307 1314/1314/1314
f 1702/1702/1702 1698/1698/1698 1701/1701/1701
f 1307/1307/1307 1699/1699/1699 1698/1698/1698
f 1700/1700/1700 1697/1697/1697 1696/1696/1696
f 1693/1693/1693 1699/1699/1699 1314/1314/1314
f 1692/1692/1692 1701/1701/1701 1698/1698/1698
f 1695/1695/1695 1698/1698/1698 1699/1699/1699
f 1693/1693/1693 1314/1314/1314 1322/1322/1322
f 1694/1694/1694 1697/1697/1697 1700/1700/1700
f 1692/1692/1692 1696/1696/1696 1701/1701/1701
f 1694/1694/1694 1700/1700/1700 1696/1696/1696
f 1693/1693/1693 1695/1695/1695 1699/1699/1699
f 1698/1698/1698 1695/1695/1695 1692/1692/1692
f 1322/1322/1322 1326/1326/1326 1693/1693/1693
f 1685/1685/1685 1697/1697/1697 1694/1694/1694
f 1694/1694/1694 1696/1696/1696 1692/1692/1692
f 1687/1687/1687 1695/1695/1695 1693/1693/1693
f 1687/1687/1687 1692/1692/1692 1695/1695/1695
f 1691/1691/1691 1693/1693/1693 1326/1326/1326
f 1685/1685/1685 1694/1694/1694 1692/1692/1692
f 1693/1693/1693 1691/1691/1691 1687/1687/1687
f 1690/1690/1690 1692/1692/1692 1687/1687/1687
f 1326/1326/1326 1335/1335/1335 1691/1691/1691
f 1692/1692/1692 1690/1690/1690 1685/1685/1685
f 1689/1689/1689 1687/1687/1687 1691/1691/1691
f 1688/1688/1688 1690/1690/1690 1687/1687/1687
f 1686/1686/1686 1691/1691/1691 1335/1335/1335
f 1686/1686/1686 1689/1689/1689 1691/1691/1691
f 1690/1690/1690 1688/1688/1688 1685/1685/1685
f 1683/1683/1683 1687/1687/1687 1689/1689/1689
f 1684/1684/1684 1688/1688/1688 1687/1687/1687
f 1335/1335/1335 1355/1355/1355 1686/1686/1686
f 1686/1686/1686 1683/1683/1683 1689/1689/1689
f 1682/1682/1682 1685/1685/1685 1688/1688/1688
f 1682/1682/1682 1688/1688/1688 1684/1684/1684
f 1684/1684/1684 1687/1687/1687 1683/1683/1683
f 1683/1683/1683 1686/1686/1686 1355/1355/1355
f 1682/1682/1682 1681/1681/1681 1685/1685/1685
f 1678/1678/1678 1682/1682/1682 1684/1684/1684
f 1680/1680/1680 1684/1684/1684 1683/1683/1683
f 1370/1370/1370 1683/1683/1683 1355/1355/1355
f 1679/1679/1679 1682/1682/1682 1678/1678/1678
f 1685/1685/1685 1681/1681/1681 1675/1675/1675
f 1676/1676/1676 1681/1681/1681 1682/1682/1682
f 1677/1677/1677 1684/1684/1684 1680/1680/1680
f 1677/1677/1677 1678/1678/1678 1684/1684/1684
f 1680/1680/1680 1683/1683/1683 1370/1370/1370
f 1679/1679/1679 1676/1676/1676 1682/1682/1682
f 1671/1671/1671 1679/1679/1679 1678/1678/1678
f 1681/1681/1681 1676/1676/1676 1675/1675/1675
f 1680/1680/1680 1672/1672/1672 1677/1677/1677
f 1673/1673/1673 1678/1678/1678 1677/1677/1677
f 1672/1672/1672 1680/1680/1680 1370/1370/1370
f 1671/1671/1671 1676/1676/1676 1679/1679/1679
f 1673/1673/1673 1671/1671/1671 1678/1678/1678
f 1668/1668/1668 1675/1675/1675 1676/1676/1676
f 1675/1675/1675 1670/1670/1670 1674/1674/1674
f 1667/1667/1667 1677/1677/1677 1672/1672/1672
f 1667/1667/1667 1673/1673/1673 1677/1677/1677
f 1370/1370/1370 1383/1383/1383 1672/1672/1672
f 1671/1671/1671 1668/1668/1668 1676/1676/1676
f 1665/1665/1665 1671/1671/1671 1673/1673/1673
f 1670/1670/1670 1675/1675/1675 1668/1668/1668
f 1662/1662/1662 1674/1674/1674 1670/1670/1670
f 1672/1672/1672 1666/1666/1666 1667/1667/1667
f 1665/1665/1665 1673/1673/1673 1667/1667/1667
f 1669/1669/1669 1672/1672/1672 1383/1383/1383
f 1669/1669/1669 1666/1666/1666 1672/1672/1672
f 1665/1665/1665 1668/1668/1668 1671/1671/1671
f 1662/1662/1662 1670/1670/1670 1668/1668/1668
f 1657/1657/1657 1667/1667/1667 1666/1666/1666
f 1664/1664/1664 1665/1665/1665 1667/1667/1667
f 1666/1666/1666 1669/1669/1669 1383/1383/1383
f 1660/1660/1660 1657/1657/1657 1666/1666/1666
f 1668/1668/1668 1665/1665/1665 1662/1662/1662
f 1655/1655/1655 1665/1665/1665 1664/1664/1664
f 1664/1664/1664 1667/1667/1667 1657/1657/1657
f 1383/1383/1383 1660/1660/1660 1666/1666/1666
f 1660/1660/1660 1663/1663/1663 1657/1657/1657
f 1665/1665/1665 1655/1655/1655 1662/1662/1662
f 1661/1661/1661 1655/1655/1655 1664/1664/1664
f 1661/1661/1661 1664/1664/1664 1657/1657/1657
f 1652/1652/1652 1663/1663/1663 1660/1660/1660
f 1410/1410/1410 1660/1660/1660 1383/1383/1383
f 1652/1652/1652 1657/1657/1657 1663/1663/1663
f 1463/1463/1463 1656/1656/1656 1453/1453/1453
f 1480/1480/1480 1659/1659/1659 1463/1463/1463
f 1658/1658/1658 1662/1662/1662 1655/1655/1655
f 1638/1638/1638 1662/1662/1662 1658/1658/1658
f 1654/1654/1654 1655/1655/1655 1661/1661/1661
f 1654/1654/1654 1661/1661/1661 1657/1657/1657
f 1463/1463/1463 1659/1659/1659 1643/1643/1643
f 1463/1463/1463 1653/1653/1653 1656/1656/1656
f 1652/1652/1652 1660/1660/1660 1410/1410/1410
f 1642/1642/1642 1657/1657/1657 1652/1652/1652
f 1656/1656/1656 1644/1644/1644 1453/1453/1453
f 1482/1482/1482 1646/1646/1646 1480/1480/1480
f 1646/1646/1646 1482/1482/1482 1647/1647/1647
f 1480/1480/1480 1643/1643/1643 1659/1659/1659
f 1638/1638/1638 1658/1658/1658 1655/1655/1655
f 1645/1645/1645 1655/1655/1655 1654/1654/1654
f 1657/1657/1657 1642/1642/1642 1654/1654/1654
f 1656/1656/1656 1653/1653/1653 1644/1644/1644
f 1643/1643/1643 1653/1653/1653 1463/1463/1463
f 1410/1410/1410 1429/1429/1429 1652/1652/1652
f 1651/1651/1651 1642/1642/1642 1652/1652/1652
f 1651/1651/1651 1652/1652/1652 1628/1628/1628
f 1644/1644/1644 1441/1441/1441 1453/1453/1453
f 1649/1649/1649 1650/1650/1650 1626/1626/1626
f 1480/1480/1480 1646/1646/1646 1639/1639/1639
f 1646/1646/1646 1647/1647/1647 1632/1632/1632
f 1639/1639/1639 1643/1643/1643 1480/1480/1480
f 1655/1655/1655 1645/1645/1645 1638/1638/1638
f 1621/1621/1621 1645/1645/1645 1654/1654/1654
f 1621/1621/1621 1654/1654/1654 1642/1642/1642
f 1629/1629/1629 1644/1644/1644 1653/1653/1653
f 1653/1653/1653 1643/1643/1643 1629/1629/1629
f 1628/1628/1628 1652/1652/1652 1429/1429/1429
f 1651/1651/1651 1628/1628/1628 1642/1642/1642
f 1644/1644/1644 1636/1636/1636 1441/1441/1441
f 1641/1641/1641 1634/1634/1634 1647/1647/1647
f 1633/1633/1633 1649/1649/1649 1626/1626/1626
f 1633/1633/1633 1640/1640/1640 1648/1648/1648
f 1640/1640/1640 1617/1617/1617 1641/1641/1641
f 1634/1634/1634 1632/1632/1632 1647/1647/1647
f 1646/1646/1646 1632/1632/1632 1639/1639/1639
f 1643/1643/1643 1639/1639/1639 1631/1631/1631
f 1645/1645/1645 1621/1621/1621 1638/1638/1638
f 1630/1630/1630 1621/1621/1621 1642/1642/1642
f 1644/1644/1644 1629/1629/1629 1636/1636/1636
f 1631/1631/1631 1629/1629/1629 1643/1643/1643
f 1637/1637/1637 1628/1628/1628 1429/1429/1429
f 1630/1630/1630 1642/1642/1642 1628/1628/1628
f 1612/1612/1612 1637/1637/1637 1429/1429/1429
f 1627/1627/1627 1429/1429/1429 1441/1441/1441
f 1636/1636/1636 1627/1627/1627 1441/1441/1441
f 1617/1617/1617 1634/1634/1634 1641/1641/1641
f 1626/1626/1626 1625/1625/1625 1633/1633/1633
f 1640/1640/1640 1633/1633/1633 1617/1617/1617
f 1634/1634/1634 1624/1624/1624 1632/1632/1632
f 1639/1639/1639 1632/1632/1632 1623/1623/1623
f 1639/1639/1639 1623/1623/1623 1631/1631/1631
f 1622/1622/1622 1638/1638/1638 1621/1621/1621
f 1613/1613/1613 1621/1621/1621 1630/1630/1630
f 1636/1636/1636 1629/1629/1629 1619/1619/1619
f 1629/1629/1629 1631/1631/1631 1606/1606/1606
f 1637/1637/1637 1612/1612/1612 1628/1628/1628
f 1620/1620/1620 1630/1630/1630 1628/1628/1628
f 1429/1429/1429 1627/1627/1627 1612/1612/1612
f 1619/1619/1619 1627/1627/1627 1636/1636/1636
f 1626/1626/1626 1635/1635/1635 1618/1618/1618
f 1617/1617/1617 1624/1624/1624 1634/1634/1634
f 1625/1625/1625 1626/1626/1626 1608/1608/1608
f 1625/1625/1625 1617/1617/1617 1633/1633/1633
f 1632/1632/1632 1624/1624/1624 1616/1616/1616
f 1632/1632/1632 1616/1616/1616 1623/1623/1623
f 1631/1631/1631 1623/1623/1623 1606/1606/1606
f 1610/1610/1610 1622/1622/1622 1621/1621/1621
f 1613/1613/1613 1630/1630/1630 1620/1620/1620
f 1614/1614/1614 1621/1621/1621 1613/1613/1613
f 1629/1629/1629 1606/1606/1606 1619/1619/1619
f 1628/1628/1628 1612/1612/1612 1620/1620/1620
f 1627/1627/1627 1619/1619/1619 1612/1612/1612
f 1608/1608/1608 1626/1626/1626 1618/1618/1618
f 1617/1617/1617 1611/1611/1611 1624/1624/1624
f 1617/1617/1617 1625/1625/1625 1608/1608/1608
f 1624/1624/1624 1611/1611/1611 1616/1616/1616
f 1616/1616/1616 1606/1606/1606 1623/1623/1623
f 1610/1610/1610 1615/1615/1615 1622/1622/1622
f 1621/1621/1621 1614/1614/1614 1610/1610/1610
f 1604/1604/1604 1613/1613/1613 1620/1620/1620
f 1605/1605/1605 1614/1614/1614 1613/1613/1613
f 1606/1606/1606 1603/1603/1603 1619/1619/1619
f 1604/1604/1604 1620/1620/1620 1612/1612/1612
f 1619/1619/1619 1603/1603/1603 1612/1612/1612
f 1608/1608/1608 1618/1618/1618 1602/1602/1602
f 1608/1608/1608 1611/1611/1611 1617/1617/1617
f 1611/1611/1611 1600/1600/1600 1616/1616/1616
f 1600/1600/1600 1606/1606/1606 1616/1616/1616
f 1610/1610/1610 1598/1598/1598 1615/1615/1615
f 1605/1605/1605 1610/1610/1610 1614/1614/1614
f 1613/1613/1613 1604/1604/1604 1605/1605/1605
f 1609/1609/1609 1603/1603/1603 1606/1606/1606
f 1603/1603/1603 1604/1604/1604 1612/1612/1612
f 1602/1602/1602 1601/1601/1601 1608/1608/1608
f 1608/1608/1608 1596/1596/1596 1611/1611/1611
f 1607/1607/1607 1600/1600/1600 1611/1611/1611
f 1596/1596/1596 1607/1607/1607 1611/1611/1611
f 1594/1594/1594 1609/1609/1609 1606/1606/1606
f 1599/1599/1599 1606/1606/1606 1600/1600/1600
f 1605/1605/1605 1598/1598/1598 1610/1610/1610
f 1597/1597/1597 1605/1605/1605 1604/1604/1604
f 1594/1594/1594 1603/1603/1603 1609/1609/1609
f 1603/1603/1603 1591/1591/1591 1604/1604/1604
f 1602/1602/1602 1587/1587/1587 1601/1601/1601
f 1601/1601/1601 1596/1596/1596 1608/1608/1608
f 1600/1600/1600 1607/1607/1607 1595/1595/1595
f 1596/1596/1596 1595/1595/1595 1607/1607/1607
f 1599/1599/1599 1600/1600/1600 1589/1589/1589
f 1606/1606/1606 1599/1599/1599 1594/1594/1594
f 1598/1598/1598 1605/1605/1605 1592/1592/1592
f 1592/1592/1592 1605/1605/1605 1597/1597/1597
f 1604/1604/1604 1591/1591/1591 1597/1597/1597
f 1594/1594/1594 1591/1591/1591 1603/1603/1603
f 1593/1593/1593 1587/1587/1587 1602/1602/1602
f 1596/1596/1596 1601/1601/1601 1587/1587/1587
f 1595/1595/1595 1589/1589/1589 1600/1600/1600
f 1596/1596/1596 1586/1586/1586 1595/1595/1595
f 1589/1589/1589 1594/1594/1594 1599/1599/1599
f 1592/1592/1592 1585/1585/1585 1598/1598/1598
f 1597/1597/1597 1588/1588/1588 1592/1592/1592
f 1591/1591/1591 1588/1588/1588 1597/1597/1597
f 1582/1582/1582 1591/1591/1591 1594/1594/1594
f 1587/1587/1587 1593/1593/1593 1590/1590/1590
f 1587/1587/1587 1586/1586/1586 1596/1596/1596
f 1586/1586/1586 1589/1589/1589 1595/1595/1595
f 1594/1594/1594 1589/1589/1589 1582/1582/1582
f 1592/1592/1592 1588/1588/1588 1585/1585/1585
f 1584/1584/1584 1588/1588/1588 1591/1591/1591
f 1591/1591/1591 1582/1582/1582 1584/1584/1584
f 1587/1587/1587 1590/1590/1590 1579/1579/1579
f 1586/1586/1586 1587/1587/1587 1583/1583/1583
f 1586/1586/1586 1582/1582/1582 1589/1589/1589
f 1580/1580/1580 1585/1585/1585 1588/1588/1588
f 1584/1584/1584 1580/1580/1580 1588/1588/1588
f 1584/1584/1584 1582/1582/1582 1577/1577/1577
f 1579/1579/1579 1583/1583/1583 1587/1587/1587
f 1583/1583/1583 1578/1578/1578 1586/1586/1586
f 1582/1582/1582 1586/1586/1586 1578/1578/1578
f 1575/1575/1575 1585/1585/1585 1580/1580/1580
f 1577/1577/1577 1580/1580/1580 1584/1584/1584
f 1574/1574/1574 1577/1577/1577 1582/1582/1582
f 1579/1579/1579 1581/1581/1581 1576/1576/1576
f 1579/1579/1579 1573/1573/1573 1583/1583/1583
f 1573/1573/1573 1578/1578/1578 1583/1583/1583
f 1582/1582/1582 1578/1578/1578 1574/1574/1574
f 1577/1577/1577 1575/1575/1575 1580/1580/1580
f 1577/1577/1577 1574/1574/1574 1571/1571/1571
f 1576/1576/1576 1573/1573/1573 1579/1579/1579
f 1573/1573/1573 1574/1574/1574 1578/1578/1578
f 1571/1571/1571 1575/1575/1575 1577/1577/1577
f 1574/1574/1574 1570/1570/1570 1571/1571/1571
f 1576/1576/1576 1566/1566/1566 1573/1573/1573
f 1573/1573/1573 1567/1567/1567 1574/1574/1574
f 1572/1572/1572 1566/1566/1566 1576/1576/1576
f 1575/1575/1575 1571/1571/1571 1568/1568/1568
f 1567/1567/1567 1570/1570/1570 1574/1574/1574
f 1570/1570/1570 1559/1559/1559 1571/1571/1571
f 1566/1566/1566 1567/1567/1567 1573/1573/1573
f 1563/1563/1563 1566/1566/1566 1572/1572/1572
f 1559/1559/1559 1568/1568/1568 1571/1571/1571
f 1567/1567/1567 1559/1559/1559 1570/1570/1570
f 1558/1558/1558 1567/1567/1567 1566/1566/1566
f 1561/1561/1561 1565/1565/1565 1569/1569/1569
f 1561/1561/1561 1569/1569/1569 1562/1562/1562
f 1560/1560/1560 1564/1564/1564 1565/1565/1565
f 1563/1563/1563 1557/1557/1557 1566/1566/1566
f 1568/1568/1568 1559/1559/1559 1562/1562/1562
f 1567/1567/1567 1558/1558/1558 1559/1559/1559
f 1566/1566/1566 1557/1557/1557 1558/1558/1558
f 1556/1556/1556 1565/1565/1565 1561/1561/1561
f 1556/1556/1556 1560/1560/1560 1565/1565/1565
f 1562/1562/1562 1554/1554/1554 1561/1561/1561
f 1560/1560/1560 1555/1555/1555 1564/1564/1564
f 1559/1559/1559 1554/1554/1554 1562/1562/1562
f 1558/1558/1558 1550/1550/1550 1559/1559/1559
f 1557/1557/1557 1549/1549/1549 1558/1558/1558
f 1561/1561/1561 1553/1553/1553 1556/1556/1556
f 1548/1548/1548 1560/1560/1560 1556/1556/1556
f 1561/1561/1561 1554/1554/1554 1553/1553/1553
f 1560/1560/1560 1548/1548/1548 1555/1555/1555
f 1550/1550/1550 1554/1554/1554 1559/1559/1559
f 1549/1549/1549 1550/1550/1550 1558/1558/1558
f 1551/1551/1551 1549/1549/1549 1557/1557/1557
f 1556/1556/1556 1553/1553/1553 1548/1548/1548
f 1546/1546/1546 1553/1553/1553 1554/1554/1554
f 1555/1555/1555 1548/1548/1548 1552/1552/1552
f 1554/1554/1554 1550/1550/1550 1546/1546/1546
f 1550/1550/1550 1549/1549/1549 1544/1544/1544
f 1551/1551/1551 1547/1547/1547 1549/1549/1549
f 1553/1553/1553 1546/1546/1546 1548/1548/1548
f 1548/1548/1548 1545/1545/1545 1552/1552/1552
f 1550/1550/1550 1544/1544/1544 1546/1546/1546
f 1549/1549/1549 1547/1547/1547 1544/1544/1544
f 1548/1548/1548 1546/1546/1546 1543/1543/1543
f 1548/1548/1548 1543/1543/1543 1545/1545/1545
f 1544/1544/1544 1542/1542/1542 1546/1546/1546
f 1547/1547/1547 1539/1539/1539 1544/1544/1544
f 1546/1546/1546 1542/1542/1542 1543/1543/1543
f 1543/1543/1543 1541/1541/1541 1545/1545/1545
f 1544/1544/1544 1539/1539/1539 1542/1542/1542
f 1542/1542/1542 1541/1541/1541 1543/1543/1543
f 1539/1539/1539 1541/1541/1541 1542/1542/1542
f 1538/1538/1538 1540/1540/1540 1541/1541/1541
f 1539/1539/1539 1538/1538/1538 1541/1541/1541
f 1534/1534/1534 329/329/329 328/328/328
f 331/331/331 1533/1533/1533 328/328/328
f 1528/1528/1528 1536/1536/1536 1537/1537/1537
f 1536/1536/1536 1529/1529/1529 324/324/324
f 1535/1535/1535 1532/1532/1532 1537/1537/1537
f 1533/1533/1533 1531/1531/1531 328/328/328
f 1531/1531/1531 1534/1534/1534 328/328/328
f 1524/1524/1524 1533/1533/1533 331/331/331
f 331/331/331 330/330/330 1524/1524/1524
f 1529/1529/1529 330/330/330 324/324/324
f 1532/1532/1532 1528/1528/1528 1537/1537/1537
f 1529/1529/1529 1536/1536/1536 1528/1528/1528
f 1527/1527/1527 1532/1532/1532 1535/1535/1535
f 1525/1525/1525 1531/1531/1531 1533/1533/1533
f 1522/1522/1522 1534/1534/1534 1531/1531/1531
f 1530/1530/1530 1534/1534/1534 1522/1522/1522
f 1524/1524/1524 1525/1525/1525 1533/1533/1533
f 1529/1529/1529 1524/1524/1524 330/330/330
f 1523/1523/1523 1528/1528/1528 1532/1532/1532
f 1528/1528/1528 1518/1518/1518 1529/1529/1529
f 1527/1527/1527 1523/1523/1523 1532/1532/1532
f 1522/1522/1522 1531/1531/1531 1525/1525/1525
f 1526/1526/1526 1530/1530/1530 1522/1522/1522
f 1524/1524/1524 1519/1519/1519 1525/1525/1525
f 1518/1518/1518 1524/1524/1524 1529/1529/1529
f 1518/1518/1518 1528/1528/1528 1523/1523/1523
f 1527/1527/1527 1521/1521/1521 1523/1523/1523
f 1525/1525/1525 1520/1520/1520 1522/1522/1522
f 1522/1522/1522 1517/1517/1517 1526/1526/1526
f 1519/1519/1519 1520/1520/1520 1525/1525/1525
f 1524/1524/1524 1518/1518/1518 1519/1519/1519
f 1523/1523/1523 1521/1521/1521 1518/1518/1518
f 1520/1520/1520 1517/1517/1517 1522/1522/1522
f 1519/1519/1519 1516/1516/1516 1520/1520/1520
f 1513/1513/1513 1519/1519/1519 1518/1518/1518
f 1518/1518/1518 1521/1521/1521 1515/1515/1515
f 1514/1514/1514 1520/1520/1520 1516/1516/1516
f 1514/1514/1514 1517/1517/1517 1520/1520/1520
f 1513/1513/1513 1516/1516/1516 1519/1519/1519
f 1515/1515/1515 1513/1513/1513 1518/1518/1518
f 1510/1510/1510 1514/1514/1514 1516/1516/1516
f 1512/1512/1512 1517/1517/1517 1514/1514/1514
f 1513/1513/1513 1510/1510/1510 1516/1516/1516
f 1515/1515/1515 1511/1511/1511 1513/1513/1513
f 1510/1510/1510 1512/1512/1512 1514/1514/1514
f 1511/1511/1511 1510/1510/1510 1513/1513/1513
f 1509/1509/1509 1512/1512/1512 1510/1510/1510
f 1509/1509/1509 1510/1510/1510 1511/1511/1511
f 1265/1265/1265 1507/1507/1507 1508/1508/1508
f 1506/1506/1506 1265/1265/1265 1508/1508/1508
f 1265/1265/1265 1506/1506/1506 1262/1262/1262
f 1503/1503/1503 1508/1508/1508 1507/1507/1507
f 1508/1508/1508 1503/1503/1503 1506/1506/1506
f 1506/1506/1506 1504/1504/1504 1262/1262/1262
f 1507/1507/1507 1505/1505/1505 1503/1503/1503
f 1506/1506/1506 1503/1503/1503 1504/1504/1504
f 1262/1262/1262 1504/1504/1504 1501/1501/1501
f 1503/1503/1503 1505/1505/1505 1499/1499/1499
f 1502/1502/1502 1504/1504/1504 1503/1503/1503
f 1504/1504/1504 1502/1502/1502 1501/1501/1501
f 1262/1262/1262 1500/1500/1500 1257/1257/1257
f 1501/1501/1501 1500/1500/1500 1262/1262/1262
f 1502/1502/1502 1503/1503/1503 1499/1499/1499
f 1501/1501/1501 1502/1502/1502 1498/1498/1498
f 1250/1250/1250 1257/1257/1257 1500/1500/1500
f 1500/1500/1500 1501/1501/1501 1497/1497/1497
f 1492/1492/1492 1502/1502/1502 1499/1499/1499
f 1502/1502/1502 1492/1492/1492 1498/1498/1498
f 1501/1501/1501 1498/1498/1498 1497/1497/1497
f 1500/1500/1500 1497/1497/1497 1250/1250/1250
f 1499/1499/1499 1496/1496/1496 1492/1492/1492
f 1498/1498/1498 1492/1492/1492 1495/1495/1495
f 1497/1497/1497 1498/1498/1498 1489/1489/1489
f 1250/1250/1250 1497/1497/1497 1494/1494/1494
f 1250/1250/1250 1494/1494/1494 1236/1236/1236
f 1492/1492/1492 1493/1493/1493 1495/1495/1495
f 1492/1492/1492 1496/1496/1496 1491/1491/1491
f 1495/1495/1495 1493/1493/1493 1490/1490/1490
f 1495/1495/1495 1489/1489/1489 1498/1498/1498
f 1489/1489/1489 1494/1494/1494 1497/1497/1497
f 1494/1494/1494 1212/1212/1212 1236/1236/1236
f 1493/1493/1493 1486/1486/1486 1490/1490/1490
f 1492/1492/1492 1485/1485/1485 1493/1493/1493
f 1483/1483/1483 1492/1492/1492 1491/1491/1491
f 1496/1496/1496 1482/1482/1482 1491/1491/1491
f 1489/1489/1489 1495/1495/1495 1490/1490/1490
f 1494/1494/1494 1489/1489/1489 1488/1488/1488
f 1212/1212/1212 1494/1494/1494 1488/1488/1488
f 1486/1486/1486 1487/1487/1487 1490/1490/1490
f 1484/1484/1484 1486/1486/1486 1493/1493/1493
f 1485/1485/1485 1484/1484/1484 1493/1493/1493
f 1492/1492/1492 1483/1483/1483 1485/1485/1485
f 1483/1483/1483 1491/1491/1491 1482/1482/1482
f 1489/1489/1489 1490/1490/1490 1479/1479/1479
f 1488/1488/1488 1489/1489/1489 1478/1478/1478
f 1212/1212/1212 1488/1488/1488 1222/1222/1222
f 1490/1490/1490 1487/1487/1487 1479/1479/1479
f 1486/1486/1486 1476/1476/1476 1487/1487/1487
f 1475/1475/1475 1486/1486/1486 1484/1484/1484
f 1474/1474/1474 1484/1484/1484 1485/1485/1485
f 1485/1485/1485 1483/1483/1483 1481/1481/1481
f 1483/1483/1483 1482/1482/1482 1473/1473/1473
f 1489/1489/1489 1479/1479/1479 1478/1478/1478
f 1488/1488/1488 1478/1478/1478 1222/1222/1222
f 1487/1487/1487 1477/1477/1477 1479/1479/1479
f 1487/1487/1487 1476/1476/1476 1477/1477/1477
f 1486/1486/1486 1475/1475/1475 1476/1476/1476
f 1485/1485/1485 1481/1481/1481 1474/1474/1474
f 1484/1484/1484 1474/1474/1474 1475/1475/1475
f 1481/1481/1481 1483/1483/1483 1473/1473/1473
f 1482/1482/1482 1480/1480/1480 1473/1473/1473
f 1478/1478/1478 1479/1479/1479 1469/1469/1469
f 1222/1222/1222 1478/1478/1478 1201/1201/1201
f 1477/1477/1477 1472/1472/1472 1479/1479/1479
f 1477/1477/1477 1476/1476/1476 1467/1467/1467
f 1465/1465/1465 1476/1476/1476 1475/1475/1475
f 1476/1476/1476 1465/1465/1465 1466/1466/1466
f 1464/1464/1464 1474/1474/1474 1481/1481/1481
f 1474/1474/1474 1470/1470/1470 1475/1475/1475
f 1481/1481/1481 1473/1473/1473 1464/1464/1464
f 1473/1473/1473 1480/1480/1480 1463/1463/1463
f 1479/1479/1479 1472/1472/1472 1469/1469/1469
f 1469/1469/1469 1201/1201/1201 1478/1478/1478
f 1468/1468/1468 1472/1472/1472 1477/1477/1477
f 1477/1477/1477 1467/1467/1467 1468/1468/1468
f 1466/1466/1466 1467/1467/1467 1476/1476/1476
f 1470/1470/1470 1465/1465/1465 1475/1475/1475
f 1466/1466/1466 1465/1465/1465 1471/1471/1471
f 1474/1474/1474 1464/1464/1464 1470/1470/1470
f 1464/1464/1464 1473/1473/1473 1463/1463/1463
f 1469/1469/1469 1472/1472/1472 1457/1457/1457
f 1201/1201/1201 1469/1469/1469 1462/1462/1462
f 1472/1472/1472 1461/1461/1461 1457/1457/1457
f 1472/1472/1472 1468/1468/1468 1461/1461/1461
f 1467/1467/1467 1456/1456/1456 1468/1468/1468
f 1471/1471/1471 1455/1455/1455 1466/1466/1466
f 1467/1467/1467 1466/1466/1466 1460/1460/1460
f 1465/1465/1465 1470/1470/1470 1454/1454/1454
f 1459/1459/1459 1471/1471/1471 1465/1465/1465
f 1455/1455/1455 1471/1471/1471 1459/1459/1459
f 1464/1464/1464 1454/1454/1454 1470/1470/1470
f 1464/1464/1464 1463/1463/1463 1458/1458/1458
f 1201/1201/1201 1462/1462/1462 1202/1202/1202
f 1469/1469/1469 1457/1457/1457 1462/1462/1462
f 1457/1457/1457 1461/1461/1461 1450/1450/1450
f 1461/1461/1461 1468/1468/1468 1456/1456/1456
f 1467/1467/1467 1460/1460/1460 1456/1456/1456
f 1460/1460/1460 1466/1466/1466 1455/1455/1455
f 1454/1454/1454 1459/1459/1459 1465/1465/1465
f 1459/1459/1459 1446/1446/1446 1455/1455/1455
f 1464/1464/1464 1458/1458/1458 1454/1454/1454
f 1453/1453/1453 1458/1458/1458 1463/1463/1463
f 1462/1462/1462 1457/1457/1457 1202/1202/1202
f 1457/1457/1457 1450/1450/1450 1452/1452/1452
f 1450/1450/1450 1461/1461/1461 1449/1449/1449
f 1461/1461/1461 1456/1456/1456 1449/1449/1449
f 1460/1460/1460 1443/1443/1443 1456/1456/1456
f 1455/1455/1455 1443/1443/1443 1460/1460/1460
f 1447/1447/1447 1448/1448/1448 1455/1455/1455
f 1446/1446/1446 1447/1447/1447 1455/1455/1455
f 1446/1446/1446 1459/1459/1459 1454/1454/1454
f 1454/1454/1454 1458/1458/1458 1445/1445/1445
f 1458/1458/1458 1453/1453/1453 1445/1445/1445
f 1202/1202/1202 1457/1457/1457 1451/1451/1451
f 1457/1457/1457 1452/1452/1452 1444/1444/1444
f 1444/1444/1444 1451/1451/1451 1457/1457/1457
f 1452/1452/1452 1450/1450/1450 1433/1433/1433
f 1450/1450/1450 1449/1449/1449 1438/1438/1438
f 1456/1456/1456 1437/1437/1437 1449/1449/1449
f 1456/1456/1456 1443/1443/1443 1437/1437/1437
f 1443/1443/1443 1455/1455/1455 1448/1448/1448
f 1435/1435/1435 1448/1448/1448 1447/1447/1447
f 1447/1447/1447 1446/1446/1446 1442/1442/1442
f 1434/1434/1434 1446/1446/1446 1454/1454/1454
f 1454/1454/1454 1445/1445/1445 1434/1434/1434
f 1445/1445/1445 1453/1453/1453 1441/1441/1441
f 1202/1202/1202 1451/1451/1451 1440/1440/1440
f 1439/1439/1439 1440/1440/1440 1451/1451/1451
f 1452/1452/1452 1433/1433/1433 1444/1444/1444
f 1451/1451/1451 1444/1444/1444 1439/1439/1439
f 1450/1450/1450 1438/1438/1438 1433/1433/1433
f 1449/1449/1449 1437/1437/1437 1438/1438/1438
f 1437/1437/1437 1443/1443/1443 1430/1430/1430
f 1448/1448/1448 1436/1436/1436 1443/1443/1443
f 1436/1436/1436 1448/1448/1448 1435/1435/1435
f 1447/1447/1447 1442/1442/1442 1435/1435/1435
f 1446/1446/1446 1434/1434/1434 1442/1442/1442
f 1445/1445/1445 1441/1441/1441 1434/1434/1434
f 1440/1440/1440 1428/1428/1428 1202/1202/1202
f 1440/1440/1440 1439/1439/1439 1427/1427/1427
f 1439/1439/1439 1444/1444/1444 1433/1433/1433
f 1433/1433/1433 1438/1438/1438 1432/1432/1432
f 1438/1438/1438 1437/1437/1437 1425/1425/1425
f 1437/1437/1437 1430/1430/1430 1431/1431/1431
f 1436/1436/1436 1430/1430/1430 1443/1443/1443
f 1435/1435/1435 1424/1424/1424 1436/1436/1436
f 1442/1442/1442 1423/1423/1423 1435/1435/1435
f 1434/1434/1434 1423/1423/1423 1442/1442/1442
f 1441/1441/1441 1429/1429/1429 1434/1434/1434
f 1428/1428/1428 1440/1440/1440 1427/1427/1427
f 1168/1168/1168 1202/1202/1202 1428/1428/1428
f 1427/1427/1427 1439/1439/1439 1421/1421/1421
f 1433/1433/1433 1421/1421/1421 1439/1439/1439
f 1433/1433/1433 1432/1432/1432 1426/1426/1426
f 1433/1433/1433 1426/1426/1426 1420/1420/1420
f 1432/1432/1432 1438/1438/1438 1425/1425/1425
f 1437/1437/1437 1431/1431/1431 1425/1425/1425
f 1430/1430/1430 1418/1418/1418 1431/1431/1431
f 1430/1430/1430 1436/1436/1436 1424/1424/1424
f 1435/1435/1435 1423/1423/1423 1424/1424/1424
f 1423/1423/1423 1434/1434/1434 1429/1429/1429
f 1428/1428/1428 1427/1427/1427 1416/1416/1416
f 1168/1168/1168 1428/1428/1428 1147/1147/1147
f 1421/1421/1421 1414/1414/1414 1427/1427/1427
f 1421/1421/1421 1433/1433/1433 1420/1420/1420
f 1426/1426/1426 1432/1432/1432 1412/1412/1412
f 1420/1420/1420 1426/1426/1426 1419/1419/1419
f 1425/1425/1425 1412/1412/1412 1432/1432/1432
f 1425/1425/1425 1431/1431/1431 1418/1418/1418
f 1430/1430/1430 1424/1424/1424 1418/1418/1418
f 1424/1424/1424 1423/1423/1423 1417/1417/1417
f 1429/1429/1429 1410/1410/1410 1423/1423/1423
f 1416/1416/1416 1427/1427/1427 1422/1422/1422
f 1147/1147/1147 1428/1428/1428 1416/1416/1416
f 1422/1422/1422 1427/1427/1427 1414/1414/1414
f 1421/1421/1421 1413/1413/1413 1414/1414/1414
f 1421/1421/1421 1420/1420/1420 1407/1407/1407
f 1412/1412/1412 1419/1419/1419 1426/1426/1426
f 1420/1420/1420 1419/1419/1419 1406/1406/1406
f 1412/1412/1412 1425/1425/1425 1411/1411/1411
f 1425/1425/1425 1418/1418/1418 1411/1411/1411
f 1404/1404/1404 1418/1418/1418 1424/1424/1424
f 1424/1424/1424 1417/1417/1417 1404/1404/1404
f 1417/1417/1417 1423/1423/1423 1410/1410/1410
f 1416/1416/1416 1422/1422/1422 1409/1409/1409
f 1147/1147/1147 1416/1416/1416 1403/1403/1403
f 1403/1403/1403 1415/1415/1415 1147/1147/1147
f 1136/1136/1136 1147/1147/1147 1415/1415/1415
f 1409/1409/1409 1422/1422/1422 1408/1408/1408
f 1414/1414/1414 1408/1408/1408 1422/1422/1422
f 1413/1413/1413 1402/1402/1402 1414/1414/1414
f 1421/1421/1421 1407/1407/1407 1413/1413/1413
f 1407/1407/1407 1420/1420/1420 1406/1406/1406
f 1398/1398/1398 1419/1419/1419 1412/1412/1412
f 1419/1419/1419 1398/1398/1398 1406/1406/1406
f 1405/1405/1405 1412/1412/1412 1411/1411/1411
f 1418/1418/1418 1404/1404/1404 1411/1411/1411
f 1417/1417/1417 1410/1410/1410 1404/1404/1404
f 1403/1403/1403 1416/1416/1416 1409/1409/1409
f 1415/1415/1415 1403/1403/1403 1394/1394/1394
f 1136/1136/1136 1415/1415/1415 1394/1394/1394
f 1409/1409/1409 1408/1408/1408 1393/1393/1393
f 1414/1414/1414 1402/1402/1402 1408/1408/1408
f 1402/1402/1402 1413/1413/1413 1401/1401/1401
f 1407/1407/1407 1401/1401/1401 1413/1413/1413
f 1407/1407/1407 1406/1406/1406 1400/1400/1400
f 1398/1398/1398 1412/1412/1412 1405/1405/1405
f 1406/1406/1406 1398/1398/1398 1399/1399/1399
f 1405/1405/1405 1411/1411/1411 1397/1397/1397
f 1411/1411/1411 1404/1404/1404 1397/1397/1397
f 1410/1410/1410 1383/1383/1383 1404/1404/1404
f 1396/1396/1396 1403/1403/1403 1409/1409/1409
f 1394/1394/1394 1403/1403/1403 1395/1395/1395
f 1394/1394/1394 1124/1124/1124 1136/1136/1136
f 1380/1380/1380 1146/1146/1146 1124/1124/1124
f 1396/1396/1396 1409/1409/1409 1393/1393/1393
f 1393/1393/1393 1408/1408/1408 1402/1402/1402
f 1401/1401/1401 1385/1385/1385 1402/1402/1402
f 1391/1391/1391 1401/1401/1401 1407/1407/1407
f 1407/1407/1407 1400/1400/1400 1391/1391/1391
f 1400/1400/1400 1406/1406/1406 1390/1390/1390
f 1406/1406/1406 1399/1399/1399 1390/1390/1390
f 1405/1405/1405 1389/1389/1389 1398/1398/1398
f 1376/1376/1376 1399/1399/1399 1398/1398/1398
f 1405/1405/1405 1397/1397/1397 1389/1389/1389
f 1397/1397/1397 1404/1404/1404 1383/1383/1383
f 1403/1403/1403 1396/1396/1396 1387/1387/1387
f 1395/1395/1395 1403/1403/1403 1387/1387/1387
f 1143/1143/1143 1146/1146/1146 1380/1380/1380
f 1394/1394/1394 1395/1395/1395 1381/1381/1381
f 1124/1124/1124 1394/1394/1394 1380/1380/1380
f 1396/1396/1396 1393/1393/1393 1379/1379/1379
f 1402/1402/1402 1386/1386/1386 1393/1393/1393
f 1402/1402/1402 1385/1385/1385 1386/1386/1386
f 1401/1401/1401 1392/1392/1392 1385/1385/1385
f 1392/1392/1392 1401/1401/1401 1384/1384/1384
f 1401/1401/1401 1391/1391/1391 1384/1384/1384
f 1391/1391/1391 1400/1400/1400 1377/1377/1377
f 1377/1377/1377 1400/1400/1400 1390/1390/1390
f 1399/1399/1399 1376/1376/1376 1390/1390/1390
f 1398/1398/1398 1389/1389/1389 1376/1376/1376
f 1397/1397/1397 1383/1383/1383 1389/1389/1389
f 1379/1379/1379 1382/1382/1382 1396/1396/1396
f 1387/1387/1387 1396/1396/1396 1382/1382/1382
f 1395/1395/1395 1387/1387/1387 1381/1381/1381
f 1143/1143/1143 1380/1380/1380 1388/1388/1388
f 1381/1381/1381 1380/1380/1380 1394/1394/1394
f 1143/1143/1143 1388/1388/1388 1374/1374/1374
f 1386/1386/1386 1379/1379/1379 1393/1393/1393
f 1385/1385/1385 1372/1372/1372 1386/1386/1386
f 1385/1385/1385 1392/1392/1392 1378/1378/1378
f 1384/1384/1384 1378/1378/1378 1392/1392/1392
f 1391/1391/1391 1377/1377/1377 1384/1384/1384
f 1390/1390/1390 1376/1376/1376 1377/1377/1377
f 1389/1389/1389 1383/1383/1383 1376/1376/1376
f 1382/1382/1382 1379/1379/1379 1375/1375/1375
f 1387/1387/1387 1382/1382/1382 1369/1369/1369
f 1381/1381/1381 1387/1387/1387 1373/1373/1373
f 1388/1388/1388 1380/1380/1380 1374/1374/1374
f 1380/1380/1380 1381/1381/1381 1367/1367/1367
f 1143/1143/1143 1374/1374/1374 1164/1164/1164
f 1387/1387/1387 1369/1369/1369 1373/1373/1373
f 1386/1386/1386 1372/1372/1372 1379/1379/1379
f 1372/1372/1372 1385/1385/1385 1371/1371/1371
f 1378/1378/1378 1371/1371/1371 1385/1385/1385
f 1384/1384/1384 1364/1364/1364 1378/1378/1378
f 1384/1384/1384 1377/1377/1377 1364/1364/1364
f 1377/1377/1377 1376/1376/1376 1363/1363/1363
f 1383/1383/1383 1370/1370/1370 1376/1376/1376
f 1375/1375/1375 1379/1379/1379 1359/1359/1359
f 1375/1375/1375 1368/1368/1368 1382/1382/1382
f 1369/1369/1369 1382/1382/1382 1368/1368/1368
f 1367/1367/1367 1381/1381/1381 1373/1373/1373
f 1380/1380/1380 1367/1367/1367 1374/1374/1374
f 1361/1361/1361 1164/1164/1164 1374/1374/1374
f 1164/1164/1164 1361/1361/1361 1180/1180/1180
f 1180/1180/1180 1366/1366/1366 1209/1209/1209
f 1373/1373/1373 1369/1369/1369 1365/1365/1365
f 1379/1379/1379 1372/1372/1372 1359/1359/1359
f 1371/1371/1371 1358/1358/1358 1372/1372/1372
f 1378/1378/1378 1364/1364/1364 1371/1371/1371
f 1363/1363/1363 1364/1364/1364 1377/1377/1377
f 1376/1376/1376 1370/1370/1370 1363/1363/1363
f 1375/1375/1375 1359/1359/1359 1368/1368/1368
f 1368/1368/1368 1352/1352/1352 1369/1369/1369
f 1367/1367/1367 1373/1373/1373 1360/1360/1360
f 1374/1374/1374 1367/1367/1367 1361/1361/1361
f 1180/1180/1180 1361/1361/1361 1366/1366/1366
f 1360/1360/1360 1373/1373/1373 1365/1365/1365
f 1369/1369/1369 1354/1354/1354 1365/1365/1365
f 1372/1372/1372 1358/1358/1358 1359/1359/1359
f 1357/1357/1357 1358/1358/1358 1371/1371/1371
f 1371/1371/1371 1356/1356/1356 1357/1357/1357
f 1371/1371/1371 1364/1364/1364 1356/1356/1356
f 1364/1364/1364 1363/1363/1363 1348/1348/1348
f 1370/1370/1370 1355/1355/1355 1363/1363/1363
f 1362/1362/1362 1354/1354/1354 1369/1369/1369
f 1352/1352/1352 1362/1362/1362 1369/1369/1369
f 1368/1368/1368 1359/1359/1359 1353/1353/1353
f 1352/1352/1352 1368/1368/1368 1353/1353/1353
f 1367/1367/1367 1360/1360/1360 1351/1351/1351
f 1351/1351/1351 1361/1361/1361 1367/1367/1367
f 1361/1361/1361 1345/1345/1345 1366/1366/1366
f 1365/1365/1365 1350/1350/1350 1360/1360/1360
f 1350/1350/1350 1365/1365/1365 1354/1354/1354
f 1358/1358/1358 1349/1349/1349 1359/1359/1359
f 1342/1342/1342 1358/1358/1358 1357/1357/1357
f 1341/1341/1341 1357/1357/1357 1356/1356/1356
f 1356/1356/1356 1364/1364/1364 1348/1348/1348
f 1348/1348/1348 1363/1363/1363 1355/1355/1355
f 1354/1354/1354 1362/1362/1362 1347/1347/1347
f 1352/1352/1352 1347/1347/1347 1362/1362/1362
f 1343/1343/1343 1353/1353/1353 1359/1359/1359
f 1346/1346/1346 1352/1352/1352 1353/1353/1353
f 1360/1360/1360 1337/1337/1337 1351/1351/1351
f 1361/1361/1361 1351/1351/1351 1345/1345/1345
f 1350/1350/1350 1337/1337/1337 1360/1360/1360
f 1354/1354/1354 1344/1344/1344 1350/1350/1350
f 1343/1343/1343 1359/1359/1359 1349/1349/1349
f 1342/1342/1342 1349/1349/1349 1358/1358/1358
f 1357/1357/1357 1341/1341/1341 1342/1342/1342
f 1356/1356/1356 1348/1348/1348 1341/1341/1341
f 1348/1348/1348 1355/1355/1355 1335/1335/1335
f 1354/1354/1354 1347/1347/1347 1340/1340/1340
f 1338/1338/1338 1347/1347/1347 1352/1352/1352
f 1354/1354/1354 1340/1340/1340 1344/1344/1344
f 1346/1346/1346 1353/1353/1353 1339/1339/1339
f 1353/1353/1353 1343/1343/1343 1339/1339/1339
f 1338/1338/1338 1352/1352/1352 1346/1346/1346
f 1345/1345/1345 1351/1351/1351 1337/1337/1337
f 1337/1337/1337 1350/1350/1350 1344/1344/1344
f 1336/1336/1336 1343/1343/1343 1349/1349/1349
f 1336/1336/1336 1349/1349/1349 1342/1342/1342
f 1342/1342/1342 1341/1341/1341 1331/1331/1331
f 1335/1335/1335 1341/1341/1341 1348/1348/1348
f 1340/1340/1340 1347/1347/1347 1334/1334/1334
f 1338/1338/1338 1334/1334/1334 1347/1347/1347
f 1332/1332/1332 1344/1344/1344 1340/1340/1340
f 1346/1346/1346 1339/1339/1339 1333/1333/1333
f 1327/1327/1327 1339/1339/1339 1343/1343/1343
f 1346/1346/1346 1333/1333/1333 1338/1338/1338
f 1345/1345/1345 1337/1337/1337 1328/1328/1328
f 1344/1344/1344 1332/1332/1332 1337/1337/1337
f 1343/1343/1343 1336/1336/1336 1327/1327/1327
f 1342/1342/1342 1331/1331/1331 1336/1336/1336
f 1341/1341/1341 1335/1335/1335 1331/1331/1331
f 1334/1334/1334 1330/1330/1330 1340/1340/1340
f 1325/1325/1325 1334/1334/1334 1338/1338/1338
f 1329/1329/1329 1340/1340/1340 1330/1330/1330
f 1340/1340/1340 1329/1329/1329 1332/1332/1332
f 1339/1339/1339 1327/1327/1327 1333/1333/1333
f 1338/1338/1338 1333/1333/1333 1325/1325/1325
f 1337/1337/1337 1332/1332/1332 1328/1328/1328
f 1336/1336/1336 1331/1331/1331 1327/1327/1327
f 1331/1331/1331 1335/1335/1335 1326/1326/1326
f 1334/1334/1334 1325/1325/1325 1330/1330/1330
f 1330/1330/1330 1320/1320/1320 1329/1329/1329
f 1332/1332/1332 1329/1329/1329 1324/1324/1324
f 1333/1333/1333 1327/1327/1327 1325/1325/1325
f 1332/1332/1332 1324/1324/1324 1328/1328/1328
f 1327/1327/1327 1331/1331/1331 1318/1318/1318
f 1331/1331/1331 1326/1326/1326 1318/1318/1318
f 1330/1330/1330 1325/1325/1325 1321/1321/1321
f 1321/1321/1321 1320/1320/1320 1330/1330/1330
f 1324/1324/1324 1329/1329/1329 1320/1320/1320
f 1325/1325/1325 1327/1327/1327 1319/1319/1319
f 1324/1324/1324 1315/1315/1315 1328/1328/1328
f 1323/1323/1323 1328/1328/1328 1315/1315/1315
f 1319/1319/1319 1327/1327/1327 1318/1318/1318
f 1318/1318/1318 1326/1326/1326 1322/1322/1322
f 1316/1316/1316 1321/1321/1321 1325/1325/1325
f 1320/1320/1320 1321/1321/1321 1312/1312/1312
f 1320/1320/1320 1317/1317/1317 1324/1324/1324
f 1325/1325/1325 1319/1319/1319 1316/1316/1316
f 1324/1324/1324 1317/1317/1317 1315/1315/1315
f 1323/1323/1323 1315/1315/1315 1309/1309/1309
f 1322/1322/1322 1314/1314/1314 1313/1313/1313
f 1306/1306/1306 1319/1319/1319 1318/1318/1318
f 1318/1318/1318 1322/1322/1322 1313/1313/1313
f 1321/1321/1321 1316/1316/1316 1312/1312/1312
f 1312/1312/1312 1317/1317/1317 1320/1320/1320
f 1306/1306/1306 1316/1316/1316 1319/1319/1319
f 1317/1317/1317 1299/1299/1299 1315/1315/1315
f 1315/1315/1315 1310/1310/1310 1309/1309/1309
f 1308/1308/1308 1314/1314/1314 1307/1307/1307
f 1301/1301/1301 1313/1313/1313 1314/1314/1314
f 1318/1318/1318 1313/1313/1313 1306/1306/1306
f 1312/1312/1312 1316/1316/1316 1305/1305/1305
f 1299/1299/1299 1317/1317/1317 1312/1312/1312
f 1316/1316/1316 1306/1306/1306 1305/1305/1305
f 1299/1299/1299 1310/1310/1310 1315/1315/1315
f 1309/1309/1309 1310/1310/1310 1304/1304/1304
f 1298/1298/1298 1311/1311/1311 1309/1309/1309
f 1309/1309/1309 1304/1304/1304 1303/1303/1303
f 1314/1314/1314 1308/1308/1308 1301/1301/1301
f 1297/1297/1297 1308/1308/1308 1307/1307/1307
f 1306/1306/1306 1313/1313/1313 1301/1301/1301
f 1299/1299/1299 1312/1312/1312 1305/1305/1305
f 1305/1305/1305 1306/1306/1306 1296/1296/1296
f 1311/1311/1311 1298/1298/1298 1300/1300/1300
f 1299/1299/1299 1304/1304/1304 1310/1310/1310
f 1309/1309/1309 1303/1303/1303 1298/1298/1298
f 1295/1295/1295 1303/1303/1303 1304/1304/1304
f 1308/1308/1308 1297/1297/1297 1301/1301/1301
f 1297/1297/1297 1307/1307/1307 1302/1302/1302
f 1301/1301/1301 1296/1296/1296 1306/1306/1306
f 1305/1305/1305 1296/1296/1296 1299/1299/1299
f 1300/1300/1300 1298/1298/1298 1292/1292/1292
f 1304/1304/1304 1299/1299/1299 1295/1295/1295
f 1298/1298/1298 1303/1303/1303 1295/1295/1295
f 1301/1301/1301 1297/1297/1297 1294/1294/1294
f 1286/1286/1286 1297/1297/1297 1302/1302/1302
f 1296/1296/1296 1301/1301/1301 1294/1294/1294
f 1300/1300/1300 1292/1292/1292 1293/1293/1293
f 1299/1299/1299 1296/1296/1296 1291/1291/1291
f 1292/1292/1292 1298/1298/1298 1289/1289/1289
f 1291/1291/1291 1295/1295/1295 1299/1299/1299
f 1298/1298/1298 1295/1295/1295 1289/1289/1289
f 1294/1294/1294 1297/1297/1297 1286/1286/1286
f 1296/1296/1296 1294/1294/1294 1287/1287/1287
f 1293/1293/1293 1292/1292/1292 1285/1285/1285
f 1296/1296/1296 1287/1287/1287 1291/1291/1291
f 1289/1289/1289 1290/1290/1290 1292/1292/1292
f 1289/1289/1289 1295/1295/1295 1291/1291/1291
f 1287/1287/1287 1294/1294/1294 1286/1286/1286
f 1293/1293/1293 1285/1285/1285 1288/1288/1288
f 1290/1290/1290 1285/1285/1285 1292/1292/1292
f 1291/1291/1291 1287/1287/1287 1284/1284/1284
f 1289/1289/1289 1281/1281/1281 1290/1290/1290
f 1284/1284/1284 1289/1289/1289 1291/1291/1291
f 1287/1287/1287 1286/1286/1286 1283/1283/1283
f 1288/1288/1288 1285/1285/1285 1282/1282/1282
f 1290/1290/1290 1281/1281/1281 1285/1285/1285
f 1284/1284/1284 1287/1287/1287 1276/1276/1276
f 1289/1289/1289 1284/1284/1284 1281/1281/1281
f 1288/1288/1288 1282/1282/1282 1280/1280/1280
f 1287/1287/1287 1283/1283/1283 1276/1276/1276
f 1286/1286/1286 1279/1279/1279 1283/1283/1283
f 1286/1286/1286 1278/1278/1278 1279/1279/1279
f 1282/1282/1282 1285/1285/1285 1275/1275/1275
f 1285/1285/1285 1281/1281/1281 1275/1275/1275
f 1284/1284/1284 1276/1276/1276 1281/1281/1281
f 1280/1280/1280 1282/1282/1282 1277/1277/1277
f 1276/1276/1276 1283/1283/1283 1279/1279/1279
f 1272/1272/1272 1279/1279/1279 1278/1278/1278
f 1282/1282/1282 1275/1275/1275 1277/1277/1277
f 1281/1281/1281 1276/1276/1276 1275/1275/1275
f 1280/1280/1280 1277/1277/1277 1274/1274/1274
f 1279/1279/1279 1272/1272/1272 1276/1276/1276
f 1278/1278/1278 1273/1273/1273 1272/1272/1272
f 1271/1271/1271 1277/1277/1277 1275/1275/1275
f 1275/1275/1275 1276/1276/1276 1269/1269/1269
f 1277/1277/1277 1271/1271/1271 1274/1274/1274
f 1269/1269/1269 1276/1276/1276 1272/1272/1272
f 1272/1272/1272 1273/1273/1273 1267/1267/1267
f 1271/1271/1271 1275/1275/1275 1269/1269/1269
f 1274/1274/1274 1271/1271/1271 1266/1266/1266
f 1267/1267/1267 1273/1273/1273 1270/1270/1270
f 1272/1272/1272 1267/1267/1267 1269/1269/1269
f 1269/1269/1269 1266/1266/1266 1271/1271/1271
f 1267/1267/1267 1270/1270/1270 1268/1268/1268
f 1267/1267/1267 1266/1266/1266 1269/1269/1269
f 1266/1266/1266 1267/1267/1267 1268/1268/1268
f 1264/1264/1264 1265/1265/1265 1262/1262/1262
f 1264/1264/1264 1259/1259/1259 1263/1263/1263
f 1262/1262/1262 1260/1260/1260 1264/1264/1264
f 1259/1259/1259 1264/1264/1264 1260/1260/1260
f 1258/1258/1258 1263/1263/1263 1259/1259/1259
f 1258/1258/1258 1261/1261/1261 1263/1263/1263
f 1260/1260/1260 1262/1262/1262 1257/1257/1257
f 1259/1259/1259 1260/1260/1260 1256/1256/1256
f 1258/1258/1258 1259/1259/1259 1255/1255/1255
f 1261/1261/1261 1258/1258/1258 1254/1254/1254
f 1256/1256/1256 1260/1260/1260 1257/1257/1257
f 1255/1255/1255 1259/1259/1259 1256/1256/1256
f 1254/1254/1254 1258/1258/1258 1255/1255/1255
f 1253/1253/1253 1252/1252/1252 1251/1251/1251
f 1256/1256/1256 1257/1257/1257 1243/1243/1243
f 1249/1249/1249 1256/1256/1256 1244/1244/1244
f 1256/1256/1256 1249/1249/1249 1255/1255/1255
f 1241/1241/1241 1254/1254/1254 1255/1255/1255
f 1238/1238/1238 1252/1252/1252 1253/1253/1253
f 1251/1251/1251 1252/1252/1252 1245/1245/1245
f 1257/1257/1257 1250/1250/1250 1243/1243/1243
f 1243/1243/1243 1244/1244/1244 1256/1256/1256
f 1244/1244/1244 1242/1242/1242 1249/1249/1249
f 1241/1241/1241 1255/1255/1255 1249/1249/1249
f 1241/1241/1241 1248/1248/1248 1254/1254/1254
f 1253/1253/1253 1246/1246/1246 1238/1238/1238
f 1238/1238/1238 1245/1245/1245 1252/1252/1252
f 1245/1245/1245 1237/1237/1237 1251/1251/1251
f 1224/1224/1224 1246/1246/1246 1240/1240/1240
f 1250/1250/1250 1236/1236/1236 1243/1243/1243
f 1244/1244/1244 1243/1243/1243 1228/1228/1228
f 1242/1242/1242 1244/1244/1244 1235/1235/1235
f 1242/1242/1242 1234/1234/1234 1249/1249/1249
f 1249/1249/1249 1234/1234/1234 1241/1241/1241
f 1227/1227/1227 1248/1248/1248 1241/1241/1241
f 1247/1247/1247 1233/1233/1233 1231/1231/1231
f 1225/1225/1225 1240/1240/1240 1239/1239/1239
f 1231/1231/1231 1239/1239/1239 1247/1247/1247
f 1224/1224/1224 1238/1238/1238 1246/1246/1246
f 1230/1230/1230 1245/1245/1245 1238/1238/1238
f 1230/1230/1230 1237/1237/1237 1245/1245/1245
f 1240/1240/1240 1232/1232/1232 1224/1224/1224
f 1229/1229/1229 1243/1243/1243 1236/1236/1236
f 1235/1235/1235 1244/1244/1244 1228/1228/1228
f 1228/1228/1228 1243/1243/1243 1229/1229/1229
f 1220/1220/1220 1242/1242/1242 1235/1235/1235
f 1242/1242/1242 1220/1220/1220 1234/1234/1234
f 1241/1241/1241 1234/1234/1234 1227/1227/1227
f 1225/1225/1225 1232/1232/1232 1240/1240/1240
f 1231/1231/1231 1233/1233/1233 1218/1218/1218
f 1239/1239/1239 1231/1231/1231 1225/1225/1225
f 1224/1224/1224 1230/1230/1230 1238/1238/1238
f 1230/1230/1230 1215/1215/1215 1237/1237/1237
f 1223/1223/1223 1224/1224/1224 1232/1232/1232
f 1212/1212/1212 1229/1229/1229 1236/1236/1236
f 1235/1235/1235 1228/1228/1228 1211/1211/1211
f 1228/1228/1228 1229/1229/1229 1221/1221/1221
f 1211/1211/1211 1220/1220/1220 1235/1235/1235
f 1234/1234/1234 1220/1220/1220 1227/1227/1227
f 1233/1233/1233 1226/1226/1226 1219/1219/1219
f 1233/1233/1233 1219/1219/1219 1218/1218/1218
f 1225/1225/1225 1217/1217/1217 1232/1232/1232
f 1232/1232/1232 1217/1217/1217 1223/1223/1223
f 1231/1231/1231 1218/1218/1218 1216/1216/1216
f 1231/1231/1231 1216/1216/1216 1225/1225/1225
f 1224/1224/1224 1215/1215/1215 1230/1230/1230
f 1223/1223/1223 1214/1214/1214 1224/1224/1224
f 1229/1229/1229 1212/1212/1212 1221/1221/1221
f 1211/1211/1211 1228/1228/1228 1221/1221/1221
f 1211/1211/1211 1198/1198/1198 1220/1220/1220
f 1227/1227/1227 1220/1220/1220 1210/1210/1210
f 1226/1226/1226 1208/1208/1208 1207/1207/1207
f 1207/1207/1207 1219/1219/1219 1226/1226/1226
f 1218/1218/1218 1219/1219/1219 1194/1194/1194
f 1192/1192/1192 1217/1217/1217 1225/1225/1225
f 1223/1223/1223 1217/1217/1217 1206/1206/1206
f 1216/1216/1216 1218/1218/1218 1205/1205/1205
f 1225/1225/1225 1216/1216/1216 1192/1192/1192
f 1204/1204/1204 1224/1224/1224 1214/1214/1214
f 1224/1224/1224 1204/1204/1204 1215/1215/1215
f 1203/1203/1203 1214/1214/1214 1223/1223/1223
f 1203/1203/1203 1223/1223/1223 1206/1206/1206
f 1201/1201/1201 1213/1213/1213 1222/1222/1222
f 1213/1213/1213 1190/1190/1190 1222/1222/1222
f 1222/1222/1222 1190/1190/1190 1212/1212/1212
f 1221/1221/1221 1212/1212/1212 1189/1189/1189
f 1211/1211/1211 1221/1221/1221 1189/1189/1189
f 1198/1198/1198 1211/1211/1211 1199/1199/1199
f 1220/1220/1220 1198/1198/1198 1210/1210/1210
f 1197/1197/1197 1196/1196/1196 1209/1209/1209
f 1195/1195/1195 1207/1207/1207 1208/1208/1208
f 1207/1207/1207 1194/1194/1194 1219/1219/1219
f 1218/1218/1218 1194/1194/1194 1193/1193/1193
f 1218/1218/1218 1193/1193/1193 1205/1205/1205
f 1192/1192/1192 1206/1206/1206 1217/1217/1217
f 1205/1205/1205 1192/1192/1192 1216/1216/1216
f 1185/1185/1185 1204/1204/1204 1214/1214/1214
f 1191/1191/1191 1215/1215/1215 1204/1204/1204
f 1214/1214/1214 1203/1203/1203 1185/1185/1185
f 1206/1206/1206 1186/1186/1186 1203/1203/1203
f 1202/1202/1202 1184/1184/1184 1201/1201/1201
f 1213/1213/1213 1201/1201/1201 1183/1183/1183
f 1200/1200/1200 1213/1213/1213 1183/1183/1183
f 1213/1213/1213 1200/1200/1200 1190/1190/1190
f 1189/1189/1189 1212/1212/1212 1190/1190/1190
f 1199/1199/1199 1211/1211/1211 1189/1189/1189
f 1199/1199/1199 1179/1179/1179 1198/1198/1198
f 1198/1198/1198 1178/1178/1178 1210/1210/1210
f 1197/1197/1197 1177/1177/1177 1196/1196/1196
f 1196/1196/1196 1180/1180/1180 1209/1209/1209
f 1195/1195/1195 1208/1208/1208 1187/1187/1187
f 1207/1207/1207 1195/1195/1195 1173/1173/1173
f 1173/1173/1173 1194/1194/1194 1207/1207/1207
f 1172/1172/1172 1193/1193/1193 1194/1194/1194
f 1205/1205/1205 1193/1193/1193 1171/1171/1171
f 1186/1186/1186 1206/1206/1206 1192/1192/1192
f 1192/1192/1192 1205/1205/1205 1171/1171/1171
f 1185/1185/1185 1191/1191/1191 1204/1204/1204
f 1185/1185/1185 1203/1203/1203 1186/1186/1186
f 1184/1184/1184 1202/1202/1202 1168/1168/1168
f 1183/1183/1183 1201/1201/1201 1184/1184/1184
f 1190/1190/1190 1200/1200/1200 1183/1183/1183
f 1190/1190/1190 1166/1166/1166 1189/1189/1189
f 1182/1182/1182 1199/1199/1199 1189/1189/1189
f 1182/1182/1182 1181/1181/1181 1199/1199/1199
f 1199/1199/1199 1181/1181/1181 1179/1179/1179
f 1178/1178/1178 1198/1198/1198 1179/1179/1179
f 1177/1177/1177 1197/1197/1197 1188/1188/1188
f 1177/1177/1177 1175/1175/1175 1196/1196/1196
f 1175/1175/1175 1180/1180/1180 1196/1196/1196
f 1195/1195/1195 1187/1187/1187 1174/1174/1174
f 1195/1195/1195 1174/1174/1174 1173/1173/1173
f 1194/1194/1194 1173/1173/1173 1172/1172/1172
f 1172/1172/1172 1171/1171/1171 1193/1193/1193
f 1192/1192/1192 1171/1171/1171 1186/1186/1186
f 1170/1170/1170 1191/1191/1191 1185/1185/1185
f 1176/1176/1176 1191/1191/1191 1170/1170/1170
f 1169/1169/1169 1185/1185/1185 1186/1186/1186
f 1167/1167/1167 1184/1184/1184 1168/1168/1168
f 1184/1184/1184 1157/1157/1157 1183/1183/1183
f 1183/1183/1183 1166/1166/1166 1190/1190/1190
f 1166/1166/1166 1182/1182/1182 1189/1189/1189
f 1181/1181/1181 1182/1182/1182 1155/1155/1155
f 1181/1181/1181 1165/1165/1165 1179/1179/1179
f 1179/1179/1179 1163/1163/1163 1178/1178/1178
f 1179/1179/1179 1165/1165/1165 1141/1141/1141
f 1162/1162/1162 1177/1177/1177 1188/1188/1188
f 1176/1176/1176 1162/1162/1162 1188/1188/1188
f 1152/1152/1152 1175/1175/1175 1177/1177/1177
f 1154/1154/1154 1180/1180/1180 1175/1175/1175
f 1151/1151/1151 1174/1174/1174 1187/1187/1187
f 1173/1173/1173 1174/1174/1174 1161/1161/1161
f 1172/1172/1172 1173/1173/1173 1150/1150/1150
f 1171/1171/1171 1172/1172/1172 1149/1149/1149
f 1171/1171/1171 1159/1159/1159 1186/1186/1186
f 1169/1169/1169 1186/1186/1186 1159/1159/1159
f 1158/1158/1158 1170/1170/1170 1185/1185/1185
f 1176/1176/1176 1170/1170/1170 1138/1138/1138
f 1185/1185/1185 1169/1169/1169 1158/1158/1158
f 1167/1167/1167 1168/1168/1168 1145/1145/1145
f 1157/1157/1157 1184/1184/1184 1167/1167/1167
f 1166/1166/1166 1183/1183/1183 1157/1157/1157
f 1182/1182/1182 1166/1166/1166 1156/1156/1156
f 1155/1155/1155 1182/1182/1182 1156/1156/1156
f 1155/1155/1155 1165/1165/1165 1181/1181/1181
f 1154/1154/1154 1164/1164/1164 1180/1180/1180
f 1179/1179/1179 1141/1141/1141 1163/1163/1163
f 1178/1178/1178 1163/1163/1163 1140/1140/1140
f 1132/1132/1132 1141/1141/1141 1165/1165/1165
f 1177/1177/1177 1162/1162/1162 1152/1152/1152
f 1176/1176/1176 1138/1138/1138 1162/1162/1162
f 1152/1152/1152 1154/1154/1154 1175/1175/1175
f 1161/1161/1161 1174/1174/1174 1151/1151/1151
f 1161/1161/1161 1150/1150/1150 1173/1173/1173
f 1160/1160/1160 1172/1172/1172 1150/1150/1150
f 1172/1172/1172 1160/1160/1160 1149/1149/1149
f 1149/1149/1149 1148/1148/1148 1171/1171/1171
f 1148/1148/1148 1159/1159/1159 1171/1171/1171
f 1159/1159/1159 1128/1128/1128 1169/1169/1169
f 1158/1158/1158 1138/1138/1138 1170/1170/1170
f 1128/1128/1128 1158/1158/1158 1169/1169/1169
f 1145/1145/1145 1168/1168/1168 1147/1147/1147
f 1157/1157/1157 1167/1167/1167 1145/1145/1145
f 1134/1134/1134 1166/1166/1166 1157/1157/1157
f 1156/1156/1156 1166/1166/1166 1134/1134/1134
f 1133/1133/1133 1155/1155/1155 1156/1156/1156
f 1132/1132/1132 1165/1165/1165 1155/1155/1155
f 1164/1164/1164 1154/1154/1154 1143/1143/1143
f 1141/1141/1141 1140/1140/1140 1163/1163/1163
f 1153/1153/1153 1141/1141/1141 1132/1132/1132
f 1138/1138/1138 1152/1152/1152 1162/1162/1162
f 1121/1121/1121 1154/1154/1154 1152/1152/1152
f 1161/1161/1161 1151/1151/1151 1139/1139/1139
f 1161/1161/1161 1139/1139/1139 1150/1150/1150
f 1130/1130/1130 1160/1160/1160 1150/1150/1150
f 1149/1149/1149 1160/1160/1160 1130/1130/1130
f 1148/1148/1148 1149/1149/1149 1137/1137/1137
f 1148/1148/1148 1128/1128/1128 1159/1159/1159
f 1128/1128/1128 1138/1138/1138 1158/1158/1158
f 1127/1127/1127 1146/1146/1146 1143/1143/1143
f 1125/1125/1125 1145/1145/1145 1147/1147/1147
f 1135/1135/1135 1157/1157/1157 1145/1145/1145
f 1134/1134/1134 1157/1157/1157 1135/1135/1135
f 1156/1156/1156 1134/1134/1134 1144/1144/1144
f 1144/1144/1144 1133/1133/1133 1156/1156/1156
f 1155/1155/1155 1133/1133/1133 1132/1132/1132
f 1122/1122/1122 1143/1143/1143 1154/1154/1154
f 1154/1154/1154 1142/1142/1142 1122/1122/1122
f 1142/1142/1142 1154/1154/1154 1121/1121/1121
f 1153/1153/1153 1120/1120/1120 1141/1141/1141
f 1131/1131/1131 1140/1140/1140 1141/1141/1141
f 1132/1132/1132 1120/1120/1120 1153/1153/1153
f 1121/1121/1121 1152/1152/1152 1138/1138/1138
f 1151/1151/1151 1118/1118/1118 1139/1139/1139
f 1130/1130/1130 1150/1150/1150 1139/1139/1139
f 1130/1130/1130 1137/1137/1137 1149/1149/1149
f 1137/1137/1137 1128/1128/1128 1148/1148/1148
f 1138/1138/1138 1128/1128/1128 1129/1129/1129
f 1143/1143/1143 1126/1126/1126 1127/1127/1127
f 1125/1125/1125 1147/1147/1147 1136/1136/1136
f 1127/1127/1127 1124/1124/1124 1146/1146/1146
f 1113/1113/1113 1145/1145/1145 1125/1125/1125
f 1145/1145/1145 1113/1113/1113 1135/1135/1135
f 1134/1134/1134 1135/1135/1135 1112/1112/1112
f 1144/1144/1144 1134/1134/1134 1111/1111/1111
f 1133/1133/1133 1144/1144/1144 1111/1111/1111
f 1123/1123/1123 1132/1132/1132 1133/1133/1133
f 1143/1143/1143 1122/1122/1122 1126/1126/1126
f 1121/1121/1121 1122/1122/1122 1142/1142/1142
f 1120/1120/1120 1119/1119/1119 1141/1141/1141
f 1119/1119/1119 1131/1131/1131 1141/1141/1141
f 1131/1131/1131 1109/1109/1109 1140/1140/1140
f 1132/1132/1132 1108/1108/1108 1120/1120/1120
f 1117/1117/1117 1121/1121/1121 1138/1138/1138
f 1130/1130/1130 1139/1139/1139 1118/1118/1118
f 1137/1137/1137 1130/1130/1130 1116/1116/1116
f 1138/1138/1138 1129/1129/1129 1117/1117/1117
f 1128/1128/1128 1137/1137/1137 1116/1116/1116
f 1105/1105/1105 1129/1129/1129 1128/1128/1128
f 1104/1104/1104 1127/1127/1127 1126/1126/1126
f 1103/1103/1103 1125/1125/1125 1136/1136/1136
f 1103/1103/1103 1136/1136/1136 1124/1124/1124
f 1114/1114/1114 1124/1124/1124 1127/1127/1127
f 1113/1113/1113 1125/1125/1125 1115/1115/1115
f 1112/1112/1112 1135/1135/1135 1113/1113/1113
f 1111/1111/1111 1134/1134/1134 1112/1112/1112
f 1123/1123/1123 1133/1133/1133 1111/1111/1111
f 1123/1123/1123 1108/1108/1108 1132/1132/1132
f 1110/1110/1110 1126/1126/1126 1122/1122/1122
f 1100/1100/1100 1122/1122/1122 1121/1121/1121
f 1098/1098/1098 1119/1119/1119 1120/1120/1120
f 1119/1119/1119 1109/1109/1109 1131/1131/1131
f 1108/1108/1108 1099/1099/1099 1120/1120/1120
f 1117/1117/1117 1107/1107/1107 1121/1121/1121
f 1130/1130/1130 1118/1118/1118 1106/1106/1106
f 1130/1130/1130 1106/1106/1106 1116/1116/1116
f 1105/1105/1105 1117/1117/1117 1129/1129/1129
f 1116/1116/1116 1105/1105/1105 1128/1128/1128
f 1104/1104/1104 1114/1114/1114 1127/1127/1127
f 1126/1126/1126 1110/1110/1110 1104/1104/1104
f 1115/1115/1115 1125/1125/1125 1103/1103/1103
f 1124/1124/1124 1114/1114/1114 1103/1103/1103
f 1094/1094/1094 1113/1113/1113 1115/1115/1115
f 1112/1112/1112 1113/1113/1113 1102/1102/1102
f 1111/1111/1111 1112/1112/1112 1089/1089/1089
f 1101/1101/1101 1123/1123/1123 1111/1111/1111
f 1108/1108/1108 1123/1123/1123 1101/1101/1101
f 1122/1122/1122 1100/1100/1100 1110/1110/1110
f 1121/1121/1121 1107/1107/1107 1100/1100/1100
f 1099/1099/1099 1098/1098/1098 1120/1120/1120
f 1098/1098/1098 1109/1109/1109 1119/1119/1119
f 1099/1099/1099 1108/1108/1108 1097/1097/1097
f 1107/1107/1107 1117/1117/1117 1090/1090/1090
f 1118/1118/1118 1083/1083/1083 1106/1106/1106
f 1106/1106/1106 1095/1095/1095 1116/1116/1116
f 1117/1117/1117 1105/1105/1105 1090/1090/1090
f 1105/1105/1105 1116/1116/1116 1095/1095/1095
f 1082/1082/1082 1114/1114/1114 1104/1104/1104
f 1093/1093/1093 1104/1104/1104 1110/1110/1110
f 1094/1094/1094 1115/1115/1115 1103/1103/1103
f 1082/1082/1082 1103/1103/1103 1114/1114/1114
f 1102/1102/1102 1113/1113/1113 1094/1094/1094
f 1089/1089/1089 1112/1112/1112 1102/1102/1102
f 1089/1089/1089 1101/1101/1101 1111/1111/1111
f 1108/1108/1108 1101/1101/1101 1091/1091/1091
f 1093/1093/1093 1110/1110/1110 1100/1100/1100
f 1088/1088/1088 1100/1100/1100 1107/1107/1107
f 1099/1099/1099 1085/1085/1085 1098/1098/1098
f 1092/1092/1092 1109/1109/1109 1098/1098/1098
f 1097/1097/1097 1108/1108/1108 1091/1091/1091
f 1099/1099/1099 1097/1097/1097 1086/1086/1086
f 1088/1088/1088 1107/1107/1107 1096/1096/1096
f 1096/1096/1096 1107/1107/1107 1090/1090/1090
f 1106/1106/1106 1083/1083/1083 1095/1095/1095
f 1105/1105/1105 1095/1095/1095 1090/1090/1090
f 1104/1104/1104 1093/1093/1093 1082/1082/1082
f 1082/1082/1082 1094/1094/1094 1103/1103/1103
f 1094/1094/1094 1089/1089/1089 1102/1102/1102
f 1091/1091/1091 1101/1101/1101 1089/1089/1089
f 1100/1100/1100 1088/1088/1088 1093/1093/1093
f 1085/1085/1085 1099/1099/1099 1086/1086/1086
f 1085/1085/1085 1092/1092/1092 1098/1098/1098
f 1091/1091/1091 1084/1084/1084 1097/1097/1097
f 1086/1086/1086 1097/1097/1097 1084/1084/1084
f 1096/1096/1096 1078/1078/1078 1088/1088/1088
f 1078/1078/1078 1096/1096/1096 1090/1090/1090
f 1090/1090/1090 1095/1095/1095 1083/1083/1083
f 1093/1093/1093 1087/1087/1087 1082/1082/1082
f 1094/1094/1094 1082/1082/1082 1089/1089/1089
f 1091/1091/1091 1089/1089/1089 1074/1074/1074
f 1088/1088/1088 1081/1081/1081 1093/1093/1093
f 1081/1081/1081 1087/1087/1087 1093/1093/1093
f 1085/1085/1085 1086/1086/1086 1075/1075/1075
f 1080/1080/1080 1092/1092/1092 1085/1085/1085
f 1084/1084/1084 1091/1091/1091 1074/1074/1074
f 1086/1086/1086 1084/1084/1084 1079/1079/1079
f 1078/1078/1078 1076/1076/1076 1088/1088/1088
f 1078/1078/1078 1090/1090/1090 1077/1077/1077
f 1083/1083/1083 1077/1077/1077 1090/1090/1090
f 1070/1070/1070 1082/1082/1082 1087/1087/1087
f 1074/1074/1074 1089/1089/1089 1082/1082/1082
f 1088/1088/1088 1076/1076/1076 1081/1081/1081
f 1070/1070/1070 1087/1087/1087 1081/1081/1081
f 1086/1086/1086 1079/1079/1079 1075/1075/1075
f 1075/1075/1075 1080/1080/1080 1085/1085/1085
f 1079/1079/1079 1084/1084/1084 1074/1074/1074
f 1076/1076/1076 1078/1078/1078 1073/1073/1073
f 1078/1078/1078 1072/1072/1072 1073/1073/1073
f 1068/1068/1068 1078/1078/1078 1077/1077/1077
f 1071/1071/1071 1077/1077/1077 1083/1083/1083
f 1074/1074/1074 1082/1082/1082 1070/1070/1070
f 1070/1070/1070 1081/1081/1081 1076/1076/1076
f 1069/1069/1069 1075/1075/1075 1079/1079/1079
f 1063/1063/1063 1080/1080/1080 1075/1075/1075
f 1074/1074/1074 1069/1069/1069 1079/1079/1079
f 1076/1076/1076 1073/1073/1073 1067/1067/1067
f 1073/1073/1073 1072/1072/1072 1062/1062/1062
f 1078/1078/1078 1068/1068/1068 1072/1072/1072
f 1077/1077/1077 1071/1071/1071 1068/1068/1068
f 1070/1070/1070 1061/1061/1061 1074/1074/1074
f 1067/1067/1067 1070/1070/1070 1076/1076/1076
f 1075/1075/1075 1069/1069/1069 1063/1063/1063
f 1061/1061/1061 1069/1069/1069 1074/1074/1074
f 1073/1073/1073 1062/1062/1062 1067/1067/1067
f 1072/1072/1072 1068/1068/1068 1062/1062/1062
f 1065/1065/1065 1068/1068/1068 1071/1071/1071
f 1061/1061/1061 1070/1070/1070 1067/1067/1067
f 1066/1066/1066 1063/1063/1063 1069/1069/1069
f 1066/1066/1066 1069/1069/1069 1061/1061/1061
f 1062/1062/1062 1064/1064/1064 1067/1067/1067
f 1068/1068/1068 1065/1065/1065 1062/1062/1062
f 1061/1061/1061 1067/1067/1067 1064/1064/1064
f 1063/1063/1063 1066/1066/1066 1061/1061/1061
f 1060/1060/1060 1064/1064/1064 1062/1062/1062
f 1058/1058/1058 1062/1062/1062 1065/1065/1065
f 1060/1060/1060 1061/1061/1061 1064/1064/1064
f 1061/1061/1061 1059/1059/1059 1063/1063/1063
f 1062/1062/1062 1058/1058/1058 1060/1060/1060
f 1059/1059/1059 1061/1061/1061 1060/1060/1060
f 1058/1058/1058 1059/1059/1059 1060/1060/1060
f 1057/1057/1057 1055/1055/1055 1056/1056/1056
f 1053/1053/1053 1057/1057/1057 1056/1056/1056
f 1/1/1 2/2/2 3/3/3
f 4/4/4 2/2/2 1/1/1
f 5/5/5 3/3/3 2/2/2
f 3/3/3 6/6/6 1/1/1
f 4/4/4 7/7/7 2/2/2
f 1/1/1 8/8/8 4/4/4
f 3/3/3 5/5/5 9/9/9
f 2/2/2 7/7/7 5/5/5
f 10/10/10 6/6/6 3/3/3
f 6/6/6 11/11/11 1/1/1
f 4/4/4 12/12/12 7/7/7
f 1/1/1 11/11/11 8/8/8
f 8/8/8 12/12/12 4/4/4
f 9/9/9 5/5/5 13/13/13
f 3/3/3 9/9/9 10/10/10
f 14/14/14 5/5/5 7/7/7
f 10/10/10 15/15/15 6/6/6
f 6/6/6 15/15/15 11/11/11
f 12/12/12 16/16/16 7/7/7
f 8/8/8 11/11/11 17/17/17
f 17/17/17 12/12/12 8/8/8
f 14/14/14 13/13/13 5/5/5
f 13/13/13 18/18/18 9/9/9
f 10/10/10 9/9/9 18/18/18
f 14/14/14 7/7/7 19/19/19
f 10/10/10 20/20/20 15/15/15
f 11/11/11 15/15/15 21/21/21
f 19/19/19 7/7/7 16/16/16
f 11/11/11 22/22/22 17/17/17
f 23/23/23 13/13/13 14/14/14
f 18/18/18 13/13/13 24/24/24
f 18/18/18 20/20/20 10/10/10
f 14/14/14 19/19/19 25/25/25
f 20/20/20 26/26/26 15/15/15
f 15/15/15 26/26/26 21/21/21
f 21/21/21 27/27/27 11/11/11
f 11/11/11 27/27/27 22/22/22
f 13/13/13 23/23/23 28/28/28
f 14/14/14 25/25/25 23/23/23
f 28/28/28 24/24/24 13/13/13
f 24/24/24 29/29/29 18/18/18
f 18/18/18 30/30/30 20/20/20
f 31/31/31 25/25/25 19/19/19
f 20/20/20 32/32/32 26/26/26
f 26/26/26 33/33/33 21/21/21
f 21/21/21 33/33/33 27/27/27
f 27/27/27 34/34/34 22/22/22
f 35/35/35 28/28/28 23/23/23
f 25/25/25 36/36/36 23/23/23
f 28/28/28 37/37/37 24/24/24
f 18/18/18 29/29/29 30/30/30
f 24/24/24 38/38/38 29/29/29
f 20/20/20 30/30/30 39/39/39
f 25/25/25 31/31/31 36/36/36
f 40/40/40 26/26/26 32/32/32
f 39/39/39 32/32/32 20/20/20
f 26/26/26 41/41/41 33/33/33
f 33/33/33 42/42/42 27/27/27
f 42/42/42 34/34/34 27/27/27
f 23/23/23 36/36/36 35/35/35
f 35/35/35 43/43/43 28/28/28
f 37/37/37 38/38/38 24/24/24
f 43/43/43 37/37/37 28/28/28
f 44/44/44 30/30/30 29/29/29
f 38/38/38 44/44/44 29/29/29
f 39/39/39 30/30/30 44/44/44
f 36/36/36 31/31/31 45/45/45
f 46/46/46 40/40/40 32/32/32
f 26/26/26 40/40/40 41/41/41
f 39/39/39 47/47/47 32/32/32
f 33/33/33 41/41/41 48/48/48
f 49/49/49 42/42/42 33/33/33
f 45/45/45 35/35/35 36/36/36
f 50/50/50 43/43/43 35/35/35
f 38/38/38 37/37/37 51/51/51
f 43/43/43 51/51/51 37/37/37
f 44/44/44 38/38/38 52/52/52
f 44/44/44 47/47/47 39/39/39
f 46/46/46 53/53/53 40/40/40
f 32/32/32 47/47/47 46/46/46
f 41/41/41 40/40/40 53/53/53
f 53/53/53 48/48/48 41/41/41
f 48/48/48 49/49/49 33/33/33
f 45/45/45 50/50/50 35/35/35
f 43/43/43 50/50/50 54/54/54
f 51/51/51 52/52/52 38/38/38
f 55/55/55 51/51/51 43/43/43
f 52/52/52 56/56/56 44/44/44
f 47/47/47 44/44/44 56/56/56
f 57/57/57 53/53/53 46/46/46
f 58/58/58 46/46/46 47/47/47
f 53/53/53 59/59/59 48/48/48
f 45/45/45 60/60/60 50/50/50
f 54/54/54 50/50/50 60/60/60
f 54/54/54 55/55/55 43/43/43
f 52/52/52 51/51/51 61/61/61
f 55/55/55 61/61/61 51/51/51
f 52/52/52 62/62/62 56/56/56
f 56/56/56 63/63/63 47/47/47
f 57/57/57 59/59/59 53/53/53
f 46/46/46 58/58/58 57/57/57
f 63/63/63 58/58/58 47/47/47
f 60/60/60 64/64/64 54/54/54
f 55/55/55 54/54/54 65/65/65
f 61/61/61 66/66/66 52/52/52
f 65/65/65 61/61/61 55/55/55
f 62/62/62 52/52/52 66/66/66
f 62/62/62 63/63/63 56/56/56
f 67/67/67 58/58/58 63/63/63
f 64/64/64 68/68/68 54/54/54
f 65/65/65 54/54/54 68/68/68
f 61/61/61 69/69/69 66/66/66
f 61/61/61 65/65/65 69/69/69
f 66/66/66 70/70/70 62/62/62
f 63/63/63 62/62/62 71/71/71
f 63/63/63 71/71/71 67/67/67
f 72/72/72 68/68/68 64/64/64
f 73/73/73 65/65/65 68/68/68
f 69/69/69 70/70/70 66/66/66
f 69/69/69 65/65/65 73/73/73
f 70/70/70 74/74/74 62/62/62
f 62/62/62 74/74/74 71/71/71
f 71/71/71 75/75/75 67/67/67
f 68/68/68 72/72/72 76/76/76
f 77/77/77 73/73/73 68/68/68
f 78/78/78 70/70/70 69/69/69
f 69/69/69 73/73/73 79/79/79
f 74/74/74 70/70/70 80/80/80
f 74/74/74 81/81/81 71/71/71
f 71/71/71 81/81/81 75/75/75
f 76/76/76 77/77/77 68/68/68
f 73/73/73 77/77/77 82/82/82
f 78/78/78 80/80/80 70/70/70
f 69/69/69 79/79/79 78/78/78
f 73/73/73 82/82/82 79/79/79
f 80/80/80 83/83/83 74/74/74
f 74/74/74 83/83/83 81/81/81
f 84/84/84 77/77/77 76/76/76
f 82/82/82 77/77/77 85/85/85
f 80/80/80 78/78/78 86/86/86
f 79/79/79 87/87/87 78/78/78
f 82/82/82 88/88/88 79/79/79
f 80/80/80 86/86/86 83/83/83
f 81/81/81 83/83/83 86/86/86
f 77/77/77 84/84/84 85/85/85
f 85/85/85 88/88/88 82/82/82
f 78/78/78 87/87/87 86/86/86
f 88/88/88 87/87/87 79/79/79
f 84/84/84 89/89/89 85/85/85
f 85/85/85 90/90/90 88/88/88
f 87/87/87 88/88/88 90/90/90
f 89/89/89 90/90/90 85/85/85
f 84/84/84 91/91/91 89/89/89
f 90/90/90 89/89/89 91/91/91
f 92/92/92 91/91/91 84/84/84
f 1057/1057/1057 1054/1054/1054 1055/1055/1055
f 1056/1056/1056 1055/1055/1055 1052/1052/1052
f 1053/1053/1053 1056/1056/1056 1052/1052/1052
f 1051/1051/1051 1055/1055/1055 1054/1054/1054
f 1055/1055/1055 1051/1051/1051 1052/1052/1052
f 1053/1053/1053 1052/1052/1052 1047/1047/1047
f 1054/1054/1054 1048/1048/1048 1051/1051/1051
f 1052/1052/1052 1051/1051/1051 1044/1044/1044
f 1054/1054/1054 1050/1050/1050 1048/1048/1048
f 1053/1053/1053 1047/1047/1047 1049/1049/1049
f 1047/1047/1047 1052/1052/1052 1044/1044/1044
f 1044/1044/1044 1051/1051/1051 1048/1048/1048
f 1050/1050/1050 1046/1046/1046 1048/1048/1048
f 1049/1049/1049 1047/1047/1047 1042/1042/1042
f 1047/1047/1047 1044/1044/1044 1045/1045/1045
f 1048/1048/1048 1043/1043/1043 1044/1044/1044
f 1048/1048/1048 1046/1046/1046 1043/1043/1043
f 1047/1047/1047 1045/1045/1045 1042/1042/1042
f 1044/1044/1044 1038/1038/1038 1045/1045/1045
f 1037/1037/1037 1044/1044/1044 1043/1043/1043
f 1036/1036/1036 1043/1043/1043 1046/1046/1046
f 97/97/97 94/94/94 93/93/93
f 1042/1042/1042 1045/1045/1045 1041/1041/1041
f 1046/1046/1046 1039/1039/1039 1036/1036/1036
f 1041/1041/1041 1045/1045/1045 1038/1038/1038
f 93/93/93 96/96/96 97/97/97
f 1038/1038/1038 1044/1044/1044 1037/1037/1037
f 1043/1043/1043 1036/1036/1036 1037/1037/1037
f 1042/1042/1042 1041/1041/1041 1035/1035/1035
f 1042/1042/1042 1035/1035/1035 1040/1040/1040
f 1036/1036/1036 1039/1039/1039 1034/1034/1034
f 1041/1041/1041 1038/1038/1038 1032/1032/1032
f 97/97/97 100/100/100 94/94/94
f 94/94/94 100/100/100 98/98/98
f 101/101/101 96/96/96 95/95/95
f 102/102/102 97/97/97 96/96/96
f 1030/1030/1030 1038/1038/1038 1037/1037/1037
f 1037/1037/1037 1036/1036/1036 1033/1033/1033
f 1041/1041/1041 1032/1032/1032 1035/1035/1035
f 1029/1029/1029 1040/1040/1040 1035/1035/1035
f 99/99/99 103/103/103 95/95/95
f 1036/1036/1036 1034/1034/1034 1028/1028/1028
f 105/105/105 100/100/100 97/97/97
f 98/98/98 100/100/100 106/106/106
f 103/103/103 101/101/101 95/95/95
f 96/96/96 101/101/101 107/107/107
f 107/107/107 102/102/102 96/96/96
f 97/97/97 102/102/102 108/108/108
f 1031/1031/1031 1034/1034/1034 1039/1039/1039
f 1038/1038/1038 1030/1030/1030 1032/1032/1032
f 1037/1037/1037 1033/1033/1033 1030/1030/1030
f 1028/1028/1028 1033/1033/1033 1036/1036/1036
f 1029/1029/1029 1035/1035/1035 1032/1032/1032
f 1034/1034/1034 1031/1031/1031 1028/1028/1028
f 1030/1030/1030 1027/1027/1027 1032/1032/1032
f 104/104/104 103/103/103 99/99/99
f 1033/1033/1033 1028/1028/1028 1030/1030/1030
f 97/97/97 108/108/108 105/105/105
f 100/100/100 105/105/105 106/106/106
f 110/110/110 101/101/101 103/103/103
f 101/101/101 111/111/111 107/107/107
f 102/102/102 107/107/107 112/112/112
f 112/112/112 108/108/108 102/102/102
f 1032/1032/1032 1027/1027/1027 1029/1029/1029
f 1028/1028/1028 1031/1031/1031 1026/1026/1026
f 1030/1030/1030 1028/1028/1028 1027/1027/1027
f 1029/1029/1029 1027/1027/1027 1026/1026/1026
f 1026/1026/1026 1027/1027/1027 1028/1028/1028
f 1025/1025/1025 1023/1023/1023 1022/1022/1022
f 1024/1024/1024 1020/1020/1020 1025/1025/1025
f 1020/1020/1020 1023/1023/1023 1025/1025/1025
f 103/103/103 104/104/104 113/113/113
f 113/113/113 104/104/104 109/109/109
f 114/114/114 105/105/105 108/108/108
f 106/106/106 105/105/105 115/115/115
f 116/116/116 110/110/110 103/103/103
f 101/101/101 110/110/110 111/111/111
f 107/107/107 111/111/111 117/117/117
f 112/112/112 107/107/107 117/117/117
f 112/112/112 114/114/114 108/108/108
f 1023/1023/1023 1019/1019/1019 1022/1022/1022
f 1023/1023/1023 1013/1013/1013 1019/1019/1019
f 1021/1021/1021 1014/1014/1014 1024/1024/1024
f 1020/1020/1020 1024/1024/1024 1014/1014/1014
f 1020/1020/1020 1013/1013/1013 1023/1023/1023
f 1022/1022/1022 1019/1019/1019 1015/1015/1015
f 1013/1013/1013 1018/1018/1018 1019/1019/1019
f 1019/1019/1019 1018/1018/1018 1010/1010/1010
f 1021/1021/1021 1017/1017/1017 1014/1014/1014
f 113/113/113 118/118/118 103/103/103
f 105/105/105 114/114/114 115/115/115
f 119/119/119 116/116/116 103/103/103
f 110/110/110 116/116/116 120/120/120
f 120/120/120 111/111/111 110/110/110
f 111/111/111 120/120/120 117/117/117
f 117/117/117 121/121/121 112/112/112
f 122/122/122 114/114/114 112/112/112
f 1013/1013/1013 1020/1020/1020 1014/1014/1014
f 1012/1012/1012 1016/1016/1016 1017/1017/1017
f 1016/1016/1016 1011/1011/1011 1017/1017/1017
f 1015/1015/1015 1019/1019/1019 1010/1010/1010
f 1013/1013/1013 1010/1010/1010 1018/1018/1018
f 1017/1017/1017 1006/1006/1006 1014/1014/1014
f 1013/1013/1013 1014/1014/1014 1009/1009/1009
f 1017/1017/1017 1011/1011/1011 1006/1006/1006
f 1017/1017/1017 1008/1008/1008 1012/1012/1012
f 1016/1016/1016 1012/1012/1012 1003/1003/1003
f 1016/1016/1016 1003/1003/1003 1011/1011/1011
f 124/124/124 118/118/118 113/113/113
f 103/103/103 118/118/118 119/119/119
f 114/114/114 122/122/122 115/115/115
f 119/119/119 120/120/120 116/116/116
f 117/117/117 120/120/120 125/125/125
f 121/121/121 117/117/117 126/126/126
f 121/121/121 122/122/122 112/112/112
f 1010/1010/1010 1007/1007/1007 1015/1015/1015
f 1010/1010/1010 1013/1013/1013 1001/1001/1001
f 1006/1006/1006 1009/1009/1009 1014/1014/1014
f 1009/1009/1009 1001/1001/1001 1013/1013/1013
f 1011/1011/1011 1005/1005/1005 1006/1006/1006
f 1008/1008/1008 1004/1004/1004 1012/1012/1012
f 1012/1012/1012 1004/1004/1004 1003/1003/1003
f 1003/1003/1003 1005/1005/1005 1011/1011/1011
f 1007/1007/1007 1010/1010/1010 1002/1002/1002
f 1001/1001/1001 1002/1002/1002 1010/1010/1010
f 1001/1001/1001 1009/1009/1009 1006/1006/1006
f 1005/1005/1005 1000/1000/1000 1006/1006/1006
f 113/113/113 123/123/123 124/124/124
f 1008/1008/1008 999/999/999 1004/1004/1004
f 128/128/128 118/118/118 124/124/124
f 129/129/129 119/119/119 118/118/118
f 120/120/120 119/119/119 130/130/130
f 130/130/130 125/125/125 120/120/120
f 117/117/117 125/125/125 131/131/131
f 131/131/131 126/126/126 117/117/117
f 121/121/121 126/126/126 132/132/132
f 133/133/133 122/122/122 121/121/121
f 1004/1004/1004 998/998/998 1003/1003/1003
f 998/998/998 997/997/997 1003/1003/1003
f 1003/1003/1003 993/993/993 1005/1005/1005
f 1006/1006/1006 1000/1000/1000 995/995/995
f 1002/1002/1002 996/996/996 1007/1007/1007
f 1001/1001/1001 992/992/992 1002/1002/1002
f 1006/1006/1006 995/995/995 1001/1001/1001
f 1000/1000/1000 1005/1005/1005 993/993/993
f 1004/1004/1004 999/999/999 994/994/994
f 1004/1004/1004 994/994/994 998/998/998
f 997/997/997 998/998/998 990/990/990
f 997/997/997 993/993/993 1003/1003/1003
f 124/124/124 123/123/123 127/127/127
f 995/995/995 1000/1000/1000 991/991/991
f 128/128/128 134/134/134 118/118/118
f 135/135/135 128/128/128 124/124/124
f 134/134/134 129/129/129 118/118/118
f 119/119/119 129/129/129 130/130/130
f 125/125/125 130/130/130 131/131/131
f 131/131/131 136/136/136 126/126/126
f 132/132/132 133/133/133 121/121/121
f 132/132/132 126/126/126 137/137/137
f 996/996/996 1002/1002/1002 992/992/992
f 995/995/995 992/992/992 1001/1001/1001
f 1000/1000/1000 993/993/993 991/991/991
f 999/999/999 987/987/987 994/994/994
f 994/994/994 990/990/990 998/998/998
f 990/990/990 989/989/989 997/997/997
f 993/993/993 997/997/997 989/989/989
f 988/988/988 995/995/995 991/991/991
f 992/992/992 981/981/981 996/996/996
f 992/992/992 995/995/995 988/988/988
f 993/993/993 984/984/984 991/991/991
f 990/990/990 994/994/994 987/987/987
f 990/990/990 982/982/982 989/989/989
f 989/989/989 986/986/986 993/993/993
f 986/986/986 984/984/984 993/993/993
f 991/991/991 985/985/985 988/988/988
f 138/138/138 134/134/134 128/128/128
f 128/128/128 135/135/135 139/139/139
f 992/992/992 988/988/988 981/981/981
f 129/129/129 134/134/134 140/140/140
f 130/130/130 129/129/129 141/141/141
f 131/131/131 130/130/130 142/142/142
f 136/136/136 131/131/131 143/143/143
f 137/137/137 126/126/126 136/136/136
f 133/133/133 132/132/132 144/144/144
f 132/132/132 137/137/137 145/145/145
f 985/985/985 991/991/991 984/984/984
f 987/987/987 983/983/983 990/990/990
f 983/983/983 982/982/982 990/990/990
f 986/986/986 989/989/989 982/982/982
f 986/986/986 978/978/978 984/984/984
f 988/988/988 985/985/985 981/981/981
f 984/984/984 977/977/977 985/985/985
f 987/987/987 979/979/979 983/983/983
f 983/983/983 976/976/976 982/982/982
f 982/982/982 978/978/978 986/986/986
f 978/978/978 980/980/980 984/984/984
f 981/981/981 985/985/985 977/977/977
f 980/980/980 977/977/977 984/984/984
f 979/979/979 976/976/976 983/983/983
f 976/976/976 972/972/972 982/982/982
f 982/982/982 972/972/972 978/978/978
f 978/978/978 974/974/974 980/980/980
f 975/975/975 981/981/981 977/977/977
f 139/139/139 138/138/138 128/128/128
f 134/134/134 138/138/138 146/146/146
f 147/147/147 139/139/139 135/135/135
f 977/977/977 980/980/980 974/974/974
f 140/140/140 134/134/134 148/148/148
f 140/140/140 141/141/141 129/129/129
f 130/130/130 141/141/141 142/142/142
f 131/131/131 142/142/142 143/143/143
f 149/149/149 136/136/136 143/143/143
f 137/137/137 136/136/136 145/145/145
f 132/132/132 145/145/145 144/144/144
f 979/979/979 965/965/965 976/976/976
f 972/972/972 976/976/976 973/973/973
f 972/972/972 974/974/974 978/978/978
f 975/975/975 977/977/977 971/971/971
f 974/974/974 971/971/971 977/977/977
f 976/976/976 965/965/965 973/973/973
f 972/972/972 973/973/973 968/968/968
f 974/974/974 972/972/972 964/964/964
f 971/971/971 967/967/967 975/975/975
f 974/974/974 963/963/963 971/971/971
f 975/975/975 967/967/967 970/970/970
f 964/964/964 969/969/969 974/974/974
f 969/969/969 963/963/963 974/974/974
f 973/973/973 965/965/965 968/968/968
f 972/972/972 968/968/968 964/964/964
f 971/971/971 963/963/963 967/967/967
f 138/138/138 139/139/139 150/150/150
f 146/146/146 138/138/138 150/150/150
f 146/146/146 148/148/148 134/134/134
f 139/139/139 147/147/147 150/150/150
f 151/151/151 147/147/147 135/135/135
f 962/962/962 970/970/970 967/967/967
f 969/969/969 964/964/964 961/961/961
f 140/140/140 148/148/148 152/152/152
f 141/141/141 140/140/140 152/152/152
f 142/142/142 141/141/141 152/152/152
f 145/145/145 136/136/136 149/149/149
f 961/961/961 963/963/963 969/969/969
f 965/965/965 960/960/960 968/968/968
f 966/966/966 957/957/957 965/965/965
f 964/964/964 968/968/968 960/960/960
f 967/967/967 963/963/963 959/959/959
f 967/967/967 959/959/959 962/962/962
f 964/964/964 953/953/953 961/961/961
f 961/961/961 956/956/956 963/963/963
f 957/957/957 966/966/966 955/955/955
f 965/965/965 957/957/957 960/960/960
f 964/964/964 960/960/960 953/953/953
f 963/963/963 956/956/956 959/959/959
f 959/959/959 948/948/948 962/962/962
f 953/953/953 956/956/956 961/961/961
f 955/955/955 958/958/958 957/957/957
f 957/957/957 953/953/953 960/960/960
f 958/958/958 951/951/951 957/957/957
f 948/948/948 959/959/959 956/956/956
f 150/150/150 153/153/153 146/146/146
f 148/148/148 146/146/146 154/154/154
f 147/147/147 155/155/155 150/150/150
f 147/147/147 151/151/151 156/156/156
f 152/152/152 148/148/148 154/154/154
f 142/142/142 152/152/152 157/157/157
f 953/953/953 954/954/954 956/956/956
f 955/955/955 952/952/952 958/958/958
f 951/951/951 958/958/958 952/952/952
f 957/957/957 951/951/951 953/953/953
f 956/956/956 954/954/954 948/948/948
f 954/954/954 953/953/953 950/950/950
f 952/952/952 955/955/955 946/946/946
f 952/952/952 945/945/945 951/951/951
f 953/953/953 951/951/951 947/947/947
f 954/954/954 950/950/950 948/948/948
f 953/953/953 947/947/947 950/950/950
f 946/946/946 949/949/949 952/952/952
f 949/949/949 945/945/945 952/952/952
f 947/947/947 951/951/951 945/945/945
f 948/948/948 950/950/950 942/942/942
f 942/942/942 950/950/950 947/947/947
f 946/946/946 939/939/939 949/949/949
f 949/949/949 939/939/939 945/945/945
f 945/945/945 943/943/943 947/947/947
f 150/150/150 155/155/155 153/153/153
f 146/146/146 153/153/153 158/158/158
f 154/154/154 146/146/146 158/158/158
f 156/156/156 155/155/155 147/147/147
f 152/152/152 154/154/154 159/159/159
f 157/157/157 152/152/152 160/160/160
f 942/942/942 944/944/944 948/948/948
f 943/943/943 942/942/942 947/947/947
f 940/940/940 939/939/939 946/946/946
f 943/943/943 945/945/945 939/939/939
f 942/942/942 938/938/938 944/944/944
f 942/942/942 943/943/943 933/933/933
f 944/944/944 938/938/938 941/941/941
f 939/939/939 940/940/940 937/937/937
f 939/939/939 933/933/933 943/943/943
f 933/933/933 938/938/938 942/942/942
f 941/941/941 938/938/938 936/936/936
f 940/940/940 935/935/935 937/937/937
f 937/937/937 933/933/933 939/939/939
f 933/933/933 936/936/936 938/938/938
f 937/937/937 935/935/935 934/934/934
f 934/934/934 933/933/933 937/937/937
f 153/153/153 155/155/155 161/161/161
f 158/158/158 153/153/153 162/162/162
f 159/159/159 154/154/154 158/158/158
f 155/155/155 156/156/156 161/161/161
f 159/159/159 160/160/160 152/152/152
f 930/930/930 936/936/936 933/933/933
f 935/935/935 928/928/928 934/934/934
f 934/934/934 927/927/927 933/933/933
f 931/931/931 930/930/930 933/933/933
f 930/930/930 932/932/932 936/936/936
f 929/929/929 928/928/928 935/935/935
f 928/928/928 927/927/927 934/934/934
f 927/927/927 931/931/931 933/933/933
f 931/931/931 920/920/920 930/930/930
f 930/930/930 926/926/926 932/932/932
f 928/928/928 929/929/929 925/925/925
f 922/922/922 927/927/927 928/928/928
f 931/931/931 927/927/927 920/920/920
f 930/930/930 920/920/920 926/926/926
f 924/924/924 918/918/918 926/926/926
f 923/923/923 925/925/925 929/929/929
f 925/925/925 922/922/922 928/928/928
f 922/922/922 921/921/921 927/927/927
f 921/921/921 920/920/920 927/927/927
f 924/924/924 926/926/926 920/920/920
f 161/161/161 163/163/163 153/153/153
f 163/163/163 162/162/162 153/153/153
f 159/159/159 158/158/158 160/160/160
f 919/919/919 918/918/918 924/924/924
f 923/923/923 916/916/916 925/925/925
f 922/922/922 925/925/925 916/916/916
f 921/921/921 922/922/922 912/912/912
f 921/921/921 911/911/911 920/920/920
f 924/924/924 920/920/920 915/915/915
f 915/915/915 919/919/919 924/924/924
f 918/918/918 919/919/919 910/910/910
f 914/914/914 917/917/917 918/918/918
f 913/913/913 916/916/916 923/923/923
f 916/916/916 912/912/912 922/922/922
f 912/912/912 911/911/911 921/921/921
f 911/911/911 915/915/915 920/920/920
f 915/915/915 910/910/910 919/919/919
f 918/918/918 910/910/910 914/914/914
f 914/914/914 907/907/907 917/917/917
f 917/917/917 907/907/907 909/909/909
f 913/913/913 905/905/905 916/916/916
f 905/905/905 912/912/912 916/916/916
f 911/911/911 912/912/912 904/904/904
f 911/911/911 903/903/903 915/915/915
f 903/903/903 910/910/910 915/915/915
f 910/910/910 907/907/907 914/914/914
f 907/907/907 906/906/906 909/909/909
f 905/905/905 913/913/913 908/908/908
f 905/905/905 904/904/904 912/912/912
f 904/904/904 903/903/903 911/911/911
f 903/903/903 907/907/907 910/910/910
f 901/901/901 906/906/906 907/907/907
f 909/909/909 906/906/906 902/902/902
f 901/901/901 899/899/899 906/906/906
f 905/905/905 908/908/908 898/898/898
f 905/905/905 897/897/897 904/904/904
f 903/903/903 904/904/904 896/896/896
f 903/903/903 901/901/901 907/907/907
f 902/902/902 906/906/906 899/899/899
f 900/900/900 899/899/899 901/901/901
f 898/898/898 897/897/897 905/905/905
f 897/897/897 896/896/896 904/904/904
f 896/896/896 895/895/895 903/903/903
f 895/895/895 901/901/901 903/903/903
f 891/891/891 900/900/900 901/901/901
f 894/894/894 902/902/902 899/899/899
f 899/899/899 900/900/900 892/892/892
f 887/887/887 897/897/897 898/898/898
f 897/897/897 893/893/893 896/896/896
f 895/895/895 896/896/896 886/886/886
f 901/901/901 895/895/895 891/891/891
f 900/900/900 891/891/891 890/890/890
f 890/890/890 892/892/892 900/900/900
f 894/894/894 899/899/899 889/889/889
f 892/892/892 889/889/889 899/899/899
f 888/888/888 887/887/887 898/898/898
f 893/893/893 897/897/897 887/887/887
f 896/896/896 893/893/893 886/886/886
f 886/886/886 891/891/891 895/895/895
f 891/891/891 880/880/880 890/890/890
f 892/892/892 890/890/890 885/885/885
f 889/889/889 884/884/884 894/894/894
f 889/889/889 892/892/892 881/881/881
f 888/888/888 878/878/878 887/887/887
f 887/887/887 877/877/877 893/893/893
f 893/893/893 877/877/877 886/886/886
f 885/885/885 881/881/881 892/892/892
f 891/891/891 886/886/886 880/880/880
f 880/880/880 885/885/885 890/890/890
f 884/884/884 889/889/889 875/875/875
f 889/889/889 881/881/881 875/875/875
f 887/887/887 878/878/878 882/882/882
f 883/883/883 878/878/878 888/888/888
f 877/877/877 887/887/887 882/882/882
f 886/886/886 877/877/877 876/876/876
f 881/881/881 885/885/885 870/870/870
f 886/886/886 876/876/876 880/880/880
f 885/885/885 880/880/880 870/870/870
f 875/875/875 879/879/879 884/884/884
f 875/875/875 881/881/881 874/874/874
f 882/882/882 878/878/878 868/868/868
f 878/878/878 883/883/883 872/872/872
f 877/877/877 882/882/882 868/868/868
f 876/876/876 877/877/877 871/871/871
f 870/870/870 874/874/874 881/881/881
f 880/880/880 876/876/876 870/870/870
f 879/879/879 875/875/875 869/869/869
f 875/875/875 874/874/874 866/866/866
f 869/869/869 873/873/873 879/879/879
f 878/878/878 872/872/872 868/868/868
f 868/868/868 871/871/871 877/877/877
f 876/876/876 871/871/871 867/867/867
f 870/870/870 865/865/865 874/874/874
f 876/876/876 867/867/867 870/870/870
f 875/875/875 866/866/866 869/869/869
f 866/866/866 874/874/874 865/865/865
f 869/869/869 859/859/859 873/873/873
f 864/864/864 873/873/873 859/859/859
f 868/868/868 872/872/872 863/863/863
f 868/868/868 856/856/856 871/871/871
f 867/867/867 871/871/871 856/856/856
f 862/862/862 865/865/865 870/870/870
f 870/870/870 867/867/867 862/862/862
f 869/869/869 866/866/866 861/861/861
f 869/869/869 861/861/861 860/860/860
f 866/866/866 865/865/865 854/854/854
f 859/859/859 869/869/869 860/860/860
f 858/858/858 864/864/864 859/859/859
f 868/868/868 863/863/863 857/857/857
f 857/857/857 856/856/856 868/868/868
f 867/867/867 856/856/856 855/855/855
f 865/865/865 862/862/862 850/850/850
f 867/867/867 855/855/855 862/862/862
f 854/854/854 861/861/861 866/866/866
f 860/860/860 861/861/861 849/849/849
f 850/850/850 854/854/854 865/865/865
f 853/853/853 859/859/859 860/860/860
f 859/859/859 842/842/842 858/858/858
f 864/864/864 858/858/858 840/840/840
f 857/857/857 863/863/863 851/851/851
f 856/856/856 857/857/857 846/846/846
f 845/845/845 855/855/855 856/856/856
f 855/855/855 850/850/850 862/862/862
f 854/854/854 849/849/849 861/861/861
f 849/849/849 853/853/853 860/860/860
f 850/850/850 848/848/848 854/854/854
f 853/853/853 842/842/842 859/859/859
f 852/852/852 858/858/858 842/842/842
f 840/840/840 858/858/858 852/852/852
f 851/851/851 847/847/847 857/857/857
f 847/847/847 846/846/846 857/857/857
f 846/846/846 845/845/845 856/856/856
f 838/838/838 848/848/848 850/850/850
f 850/850/850 855/855/855 845/845/845
f 854/854/854 835/835/835 849/849/849
f 849/849/849 844/844/844 853/853/853
f 848/848/848 835/835/835 854/854/854
f 837/837/837 848/848/848 838/838/838
f 853/853/853 844/844/844 843/843/843
f 853/853/853 843/843/843 842/842/842
f 842/842/842 841/841/841 852/852/852
f 852/852/852 841/841/841 840/840/840
f 847/847/847 851/851/851 839/839/839
f 832/832/832 846/846/846 847/847/847
f 846/846/846 831/831/831 845/845/845
f 850/850/850 845/845/845 838/838/838
f 838/838/838 836/836/836 837/837/837
f 835/835/835 844/844/844 849/849/849
f 835/835/835 848/848/848 837/837/837
f 844/844/844 821/821/821 843/843/843
f 843/843/843 834/834/834 842/842/842
f 829/829/829 841/841/841 842/842/842
f 841/841/841 827/827/827 840/840/840
f 839/839/839 832/832/832 847/847/847
f 832/832/832 831/831/831 846/846/846
f 831/831/831 838/838/838 845/845/845
f 823/823/823 837/837/837 836/836/836
f 825/825/825 836/836/836 838/838/838
f 821/821/821 844/844/844 835/835/835
f 837/837/837 830/830/830 835/835/835
f 843/843/843 821/821/821 834/834/834
f 842/842/842 834/834/834 829/829/829
f 829/829/829 827/827/827 841/841/841
f 840/840/840 827/827/827 833/833/833
f 839/839/839 826/826/826 832/832/832
f 832/832/832 818/818/818 831/831/831
f 831/831/831 825/825/825 838/838/838
f 836/836/836 824/824/824 823/823/823
f 830/830/830 837/837/837 823/823/823
f 836/836/836 825/825/825 822/822/822
f 822/822/822 824/824/824 836/836/836
f 835/835/835 830/830/830 821/821/821
f 821/821/821 829/829/829 834/834/834
f 829/829/829 828/828/828 816/816/816
f 810/810/810 828/828/828 829/829/829
f 827/827/827 829/829/829 816/816/816
f 827/827/827 820/820/820 833/833/833
f 819/819/819 833/833/833 820/820/820
f 826/826/826 818/818/818 832/832/832
f 818/818/818 825/825/825 831/831/831
f 823/823/823 824/824/824 812/812/812
f 823/823/823 817/817/817 830/830/830
f 813/813/813 822/822/822 825/825/825
f 824/824/824 822/822/822 811/811/811
f 821/821/821 830/830/830 817/817/817
f 829/829/829 821/821/821 810/810/810
f 828/828/828 810/810/810 816/816/816
f 816/816/816 820/820/820 827/827/827
f 820/820/820 808/808/808 819/819/819
f 819/819/819 815/815/815 814/814/814
f 826/826/826 807/807/807 818/818/818
f 825/825/825 818/818/818 813/813/813
f 811/811/811 812/812/812 824/824/824
f 812/812/812 817/817/817 823/823/823
f 813/813/813 811/811/811 822/822/822
f 817/817/817 810/810/810 821/821/821
f 810/810/810 809/809/809 816/816/816
f 816/816/816 808/808/808 820/820/820
f 808/808/808 815/815/815 819/819/819
f 815/815/815 797/797/797 814/814/814
f 807/807/807 813/813/813 818/818/818
f 812/812/812 811/811/811 806/806/806
f 812/812/812 793/793/793 817/817/817
f 811/811/811 813/813/813 805/805/805
f 810/810/810 817/817/817 793/793/793
f 809/809/809 798/798/798 816/816/816
f 810/810/810 804/804/804 809/809/809
f 816/816/816 798/798/798 808/808/808
f 797/797/797 815/815/815 808/808/808
f 803/803/803 814/814/814 797/797/797
f 813/813/813 807/807/807 795/795/795
f 795/795/795 805/805/805 813/813/813
f 806/806/806 811/811/811 801/801/801
f 806/806/806 793/793/793 812/812/812
f 805/805/805 800/800/800 811/811/811
f 811/811/811 800/800/800 801/801/801
f 793/793/793 804/804/804 810/810/810
f 804/804/804 798/798/798 809/809/809
f 808/808/808 798/798/798 797/797/797
f 797/797/797 796/796/796 803/803/803
f 802/802/802 795/795/795 807/807/807
f 795/795/795 794/794/794 805/805/805
f 793/793/793 806/806/806 801/801/801
f 794/794/794 800/800/800 805/805/805
f 801/801/801 800/800/800 785/785/785
f 793/793/793 799/799/799 804/804/804
f 804/804/804 799/799/799 784/784/784
f 798/798/798 804/804/804 784/784/784
f 798/798/798 792/792/792 797/797/797
f 797/797/797 789/789/789 796/796/796
f 796/796/796 791/791/791 803/803/803
f 788/788/788 795/795/795 802/802/802
f 787/787/787 794/794/794 795/795/795
f 801/801/801 785/785/785 793/793/793
f 794/794/794 785/785/785 800/800/800
f 793/793/793 784/784/784 799/799/799
f 784/784/784 792/792/792 798/798/798
f 792/792/792 789/789/789 797/797/797
f 791/791/791 796/796/796 789/789/789
f 788/788/788 787/787/787 795/795/795
f 787/787/787 786/786/786 794/794/794
f 785/785/785 790/790/790 793/793/793
f 786/786/786 785/785/785 794/794/794
f 790/790/790 784/784/784 793/793/793
f 792/792/792 784/784/784 789/789/789
f 789/789/789 776/776/776 791/791/791
f 788/788/788 782/782/782 787/787/787
f 786/786/786 787/787/787 774/774/774
f 785/785/785 778/778/778 790/790/790
f 786/786/786 781/781/781 785/785/785
f 784/784/784 790/790/790 778/778/778
f 784/784/784 777/777/777 789/789/789
f 789/789/789 777/777/777 783/783/783
f 783/783/783 776/776/776 789/789/789
f 775/775/775 782/782/782 788/788/788
f 782/782/782 774/774/774 787/787/787
f 781/781/781 786/786/786 774/774/774
f 778/778/778 785/785/785 781/781/781
f 778/778/778 777/777/777 784/784/784
f 780/780/780 783/783/783 777/777/777
f 776/776/776 783/783/783 780/780/780
f 775/775/775 779/779/779 782/782/782
f 779/779/779 774/774/774 782/782/782
f 773/773/773 781/781/781 774/774/774
f 773/773/773 778/778/778 781/781/781
f 777/777/777 778/778/778 765/765/765
f 772/772/772 780/780/780 777/777/777
f 776/776/776 780/780/780 772/772/772
f 775/775/775 770/770/770 779/779/779
f 774/774/774 779/779/779 770/770/770
f 774/774/774 767/767/767 773/773/773
f 773/773/773 765/765/765 778/778/778
f 765/765/765 772/772/772 777/777/777
f 776/776/776 772/772/772 769/769/769
f 776/776/776 769/769/769 771/771/771
f 768/768/768 770/770/770 775/775/775
f 770/770/770 767/767/767 774/774/774
f 766/766/766 773/773/773 767/767/767
f 765/765/765 773/773/773 766/766/766
f 765/765/765 769/769/769 772/772/772
f 769/769/769 753/753/753 771/771/771
f 768/768/768 755/755/755 770/770/770
f 767/767/767 770/770/770 755/755/755
f 767/767/767 762/762/762 766/766/766
f 754/754/754 765/765/765 766/766/766
f 769/769/769 765/765/765 753/753/753
f 755/755/755 768/768/768 750/750/750
f 755/755/755 762/762/762 767/767/767
f 762/762/762 738/738/738 766/766/766
f 766/766/766 738/738/738 761/761/761
f 761/761/761 754/754/754 766/766/766
f 760/760/760 765/765/765 754/754/754
f 765/765/765 760/760/760 753/753/753
f 752/752/752 764/764/764 759/759/759
f 764/764/764 752/752/752 756/756/756
f 758/758/758 744/744/744 759/759/759
f 743/743/743 763/763/763 757/757/757
f 751/751/751 757/757/757 756/756/756
f 750/750/750 749/749/749 755/755/755
f 755/755/755 738/738/738 762/762/762
f 748/748/748 761/761/761 738/738/738
f 748/748/748 754/754/754 761/761/761
f 754/754/754 737/737/737 760/760/760
f 760/760/760 737/737/737 753/753/753
f 758/758/758 746/746/746 745/745/745
f 744/744/744 752/752/752 759/759/759
f 752/752/752 725/725/725 756/756/756
f 745/745/745 744/744/744 758/758/758
f 757/757/757 751/751/751 743/743/743
f 751/751/751 756/756/756 725/725/725
f 743/743/743 742/742/742 734/734/734
f 750/750/750 732/732/732 749/749/749
f 749/749/749 738/738/738 755/755/755
f 738/738/738 731/731/731 748/748/748
f 748/748/748 737/737/737 754/754/754
f 737/737/737 747/747/747 753/753/753
f 727/727/727 745/745/745 746/746/746
f 752/752/752 744/744/744 725/725/725
f 726/726/726 744/744/744 745/745/745
f 751/751/751 725/725/725 743/743/743
f 742/742/742 743/743/743 736/736/736
f 742/742/742 735/735/735 734/734/734
f 739/739/739 732/732/732 750/750/750
f 732/732/732 738/738/738 749/749/749
f 731/731/731 738/738/738 720/720/720
f 737/737/737 748/748/748 731/731/731
f 747/747/747 737/737/737 730/730/730
f 730/730/730 729/729/729 747/747/747
f 728/728/728 727/727/727 746/746/746
f 726/726/726 745/745/745 727/727/727
f 726/726/726 725/725/725 744/744/744
f 725/725/725 736/736/736 743/743/743
f 716/716/716 742/742/742 736/736/736
f 735/735/735 742/742/742 716/716/716
f 714/714/714 734/734/734 735/735/735
f 741/741/741 724/724/724 733/733/733
f 733/733/733 713/713/713 722/722/722
f 732/732/732 739/739/739 721/721/721
f 738/738/738 732/732/732 720/720/720
f 720/720/720 719/719/719 731/731/731
f 731/731/731 707/707/707 737/737/737
f 737/737/737 707/707/707 730/730/730
f 729/729/729 730/730/730 718/718/718
f 705/705/705 727/727/727 728/728/728
f 727/727/727 704/704/704 726/726/726
f 703/703/703 725/725/725 726/726/726
f 716/716/716 736/736/736 725/725/725
f 716/716/716 714/714/714 735/735/735
f 715/715/715 734/734/734 714/714/714
f 733/733/733 724/724/724 713/713/713
f 722/722/722 713/713/713 711/711/711
f 721/721/721 696/696/696 732/732/732
f 696/696/696 720/720/720 732/732/732
f 719/719/719 720/720/720 695/695/695
f 719/719/719 707/707/707 731/731/731
f 718/718/718 730/730/730 707/707/707
f 706/706/706 717/717/717 728/728/728
f 706/706/706 729/729/729 718/718/718
f 705/705/705 728/728/728 717/717/717
f 727/727/727 705/705/705 704/704/704
f 703/703/703 726/726/726 704/704/704
f 703/703/703 716/716/716 725/725/725
f 715/715/715 702/702/702 723/723/723
f 691/691/691 714/714/714 716/716/716
f 714/714/714 690/690/690 715/715/715
f 713/713/713 724/724/724 701/701/701
f 724/724/724 712/712/712 701/701/701
f 700/700/700 723/723/723 702/702/702
f 689/689/689 711/711/711 713/713/713
f 722/722/722 711/711/711 697/697/697
f 709/709/709 698/698/698 710/710/710
f 708/708/708 696/696/696 721/721/721
f 696/696/696 695/695/695 720/720/720
f 695/695/695 694/694/694 719/719/719
f 707/707/707 719/719/719 694/694/694
f 707/707/707 684/684/684 718/718/718
f 693/693/693 717/717/717 706/706/706
f 718/718/718 684/684/684 706/706/706
f 705/705/705 717/717/717 693/693/693
f 704/704/704 705/705/705 683/683/683
f 676/676/676 703/703/703 704/704/704
f 703/703/703 691/691/691 716/716/716
f 690/690/690 702/702/702 715/715/715
f 691/691/691 690/690/690 714/714/714
f 713/713/713 701/701/701 689/689/689
f 681/681/681 701/701/701 712/712/712
f 712/712/712 700/700/700 681/681/681
f 682/682/682 700/700/700 702/702/702
f 711/711/711 689/689/689 697/697/697
f 699/699/699 687/687/687 708/708/708
f 698/698/698 688/688/688 710/710/710
f 679/679/679 698/698/698 709/709/709
f 709/709/709 697/697/697 679/679/679
f 687/687/687 686/686/686 708/708/708
f 708/708/708 686/686/686 696/696/696
f 696/696/696 670/670/670 695/695/695
f 694/694/694 695/695/695 685/685/685
f 694/694/694 684/684/684 707/707/707
f 684/684/684 693/693/693 706/706/706
f 693/693/693 683/683/683 705/705/705
f 683/683/683 692/692/692 704/704/704
f 692/692/692 676/676/676 704/704/704
f 691/691/691 703/703/703 676/676/676
f 682/682/682 702/702/702 690/690/690
f 691/691/691 675/675/675 690/690/690
f 701/701/701 681/681/681 689/689/689
f 681/681/681 700/700/700 682/682/682
f 697/697/697 689/689/689 678/678/678
f 688/688/688 680/680/680 699/699/699
f 680/680/680 687/687/687 699/699/699
f 698/698/698 679/679/679 688/688/688
f 697/697/697 678/678/678 679/679/679
f 687/687/687 671/671/671 686/686/686
f 670/670/670 696/696/696 686/686/686
f 685/685/685 669/669/669 694/694/694
f 685/685/685 695/695/695 670/670/670
f 684/684/684 694/694/694 669/669/669
f 677/677/677 693/693/693 684/684/684
f 677/677/677 683/683/683 693/693/693
f 676/676/676 692/692/692 683/683/683
f 676/676/676 675/675/675 691/691/691
f 682/682/682 690/690/690 675/675/675
f 689/689/689 681/681/681 674/674/674
f 681/681/681 682/682/682 667/667/667
f 689/689/689 674/674/674 678/678/678
f 688/688/688 666/666/666 680/680/680
f 680/680/680 673/673/673 687/687/687
f 679/679/679 666/666/666 688/688/688
f 679/679/679 678/678/678 672/672/672
f 673/673/673 671/671/671 687/687/687
f 670/670/670 686/686/686 671/671/671
f 670/670/670 669/669/669 685/685/685
f 669/669/669 677/677/677 684/684/684
f 664/664/664 683/683/683 677/677/677
f 683/683/683 664/664/664 676/676/676
f 668/668/668 675/675/675 676/676/676
f 667/667/667 682/682/682 675/675/675
f 667/667/667 674/674/674 681/681/681
f 678/678/678 674/674/674 663/663/663
f 673/673/673 680/680/680 666/666/666
f 679/679/679 672/672/672 666/666/666
f 663/663/663 672/672/672 678/678/678
f 660/660/660 671/671/671 673/673/673
f 670/670/670 671/671/671 665/665/665
f 669/669/669 670/670/670 662/662/662
f 677/677/677 669/669/669 664/664/664
f 664/664/664 668/668/668 676/676/676
f 668/668/668 661/661/661 675/675/675
f 667/667/667 675/675/675 661/661/661
f 674/674/674 667/667/667 663/663/663
f 660/660/660 673/673/673 666/666/666
f 672/672/672 663/663/663 666/666/666
f 665/665/665 671/671/671 660/660/660
f 670/670/670 665/665/665 662/662/662
f 662/662/662 664/664/664 669/669/669
f 661/661/661 668/668/668 664/664/664
f 661/661/661 663/663/663 667/667/667
f 666/666/666 663/663/663 660/660/660
f 660/660/660 662/662/662 665/665/665
f 661/661/661 664/664/664 662/662/662
f 660/660/660 663/663/663 661/661/661
f 660/660/660 661/661/661 662/662/662
f 657/657/657 659/659/659 654/654/654
f 659/659/659 655/655/655 654/654/654
f 657/657/657 650/650/650 658/658/658
f 658/658/658 650/650/650 656/656/656
f 657/657/657 654/654/654 653/653/653
f 655/655/655 651/651/651 654/654/654
f 653/653/653 650/650/650 657/657/657
f 656/656/656 650/650/650 652/652/652
f 646/646/646 653/653/653 654/654/654
f 655/655/655 645/645/645 651/651/651
f 654/654/654 651/651/651 646/646/646
f 653/653/653 647/647/647 650/650/650
f 644/644/644 652/652/652 650/650/650
f 646/646/646 647/647/647 653/653/653
f 644/644/644 649/649/649 652/652/652
f 643/643/643 648/648/648 649/649/649
f 645/645/645 646/646/646 651/651/651
f 647/647/647 644/644/644 650/650/650
f 639/639/639 647/647/647 646/646/646
f 643/643/643 649/649/649 644/644/644
f 643/643/643 638/638/638 648/648/648
f 641/641/641 648/648/648 638/638/638
f 640/640/640 646/646/646 645/645/645
f 647/647/647 639/639/639 644/644/644
f 646/646/646 640/640/640 639/639/639
f 644/644/644 636/636/636 643/643/643
f 642/642/642 643/643/643 634/634/634
f 642/642/642 638/638/638 643/643/643
f 641/641/641 638/638/638 637/637/637
f 632/632/632 640/640/640 645/645/645
f 639/639/639 636/636/636 644/644/644
f 635/635/635 639/639/639 640/640/640
f 634/634/634 643/643/643 636/636/636
f 629/629/629 642/642/642 634/634/634
f 642/642/642 629/629/629 638/638/638
f 638/638/638 628/628/628 637/637/637
f 637/637/637 633/633/633 641/641/641
f 635/635/635 640/640/640 632/632/632
f 631/631/631 636/636/636 639/639/639
f 631/631/631 639/639/639 635/635/635
f 636/636/636 626/626/626 634/634/634
f 634/634/634 630/630/630 629/629/629
f 638/638/638 629/629/629 628/628/628
f 628/628/628 624/624/624 637/637/637
f 633/633/633 637/637/637 624/624/624
f 623/623/623 635/635/635 632/632/632
f 626/626/626 636/636/636 631/631/631
f 623/623/623 631/631/631 635/635/635
f 630/630/630 634/634/634 626/626/626
f 620/620/620 629/629/629 630/630/630
f 619/619/619 628/628/628 629/629/629
f 625/625/625 624/624/624 628/628/628
f 624/624/624 627/627/627 633/633/633
f 632/632/632 622/622/622 623/623/623
f 621/621/621 626/626/626 631/631/631
f 621/621/621 631/631/631 623/623/623
f 620/620/620 630/630/630 626/626/626
f 619/619/619 629/629/629 620/620/620
f 625/625/625 628/628/628 619/619/619
f 624/624/624 625/625/625 614/614/614
f 627/627/627 624/624/624 618/618/618
f 618/618/618 617/617/617 627/627/627
f 616/616/616 623/623/623 622/622/622
f 615/615/615 626/626/626 621/621/621
f 623/623/623 609/609/609 621/621/621
f 626/626/626 615/615/615 620/620/620
f 613/613/613 619/619/619 620/620/620
f 614/614/614 625/625/625 619/619/619
f 614/614/614 618/618/618 624/624/624
f 618/618/618 610/610/610 617/617/617
f 623/623/623 616/616/616 609/609/609
f 611/611/611 616/616/616 622/622/622
f 609/609/609 615/615/615 621/621/621
f 613/613/613 620/620/620 615/615/615
f 612/612/612 619/619/619 613/613/613
f 619/619/619 612/612/612 614/614/614
f 618/618/618 614/614/614 610/610/610
f 610/610/610 606/606/606 617/617/617
f 611/611/611 609/609/609 616/616/616
f 609/609/609 608/608/608 615/615/615
f 615/615/615 608/608/608 613/613/613
f 604/604/604 612/612/612 613/613/613
f 605/605/605 614/614/614 612/612/612
f 614/614/614 605/605/605 610/610/610
f 610/610/610 601/601/601 606/606/606
f 603/603/603 609/609/609 611/611/611
f 600/600/600 608/608/608 609/609/609
f 604/604/604 613/613/613 608/608/608
f 604/604/604 605/605/605 612/612/612
f 607/607/607 603/603/603 611/611/611
f 605/605/605 601/601/601 610/610/610
f 606/606/606 601/601/601 602/602/602
f 609/609/609 603/603/603 600/600/600
f 608/608/608 600/600/600 604/604/604
f 604/604/604 594/594/594 605/605/605
f 599/599/599 603/603/603 607/607/607
f 602/602/602 598/598/598 606/606/606
f 605/605/605 594/594/594 601/601/601
f 602/602/602 601/601/601 595/595/595
f 597/597/597 600/600/600 603/603/603
f 594/594/594 604/604/604 600/600/600
f 603/603/603 599/599/599 597/597/597
f 595/595/595 591/591/591 602/602/602
f 602/602/602 591/591/591 598/598/598
f 594/594/594 595/595/595 601/601/601
f 600/600/600 597/597/597 594/594/594
f 593/593/593 597/597/597 599/599/599
f 595/595/595 592/592/592 591/591/591
f 591/591/591 596/596/596 598/598/598
f 595/595/595 594/594/594 587/587/587
f 590/590/590 594/594/594 597/597/597
f 597/597/597 593/593/593 590/590/590
f 589/589/589 592/592/592 595/595/595
f 591/591/591 592/592/592 584/584/584
f 591/591/591 588/588/588 596/596/596
f 587/587/587 589/589/589 595/595/595
f 594/594/594 590/590/590 587/587/587
f 586/586/586 590/590/590 593/593/593
f 585/585/585 586/586/586 593/593/593
f 584/584/584 592/592/592 589/589/589
f 584/584/584 588/588/588 591/591/591
f 587/587/587 581/581/581 589/589/589
f 590/590/590 583/583/583 587/587/587
f 590/590/590 586/586/586 583/583/583
f 580/580/580 586/586/586 585/585/585
f 589/589/589 581/581/581 584/584/584
f 588/588/588 584/584/584 579/579/579
f 581/581/581 587/587/587 583/583/583
f 580/580/580 583/583/583 586/586/586
f 582/582/582 580/580/580 585/585/585
f 579/579/579 584/584/584 581/581/581
f 578/578/578 581/581/581 583/583/583
f 580/580/580 578/578/578 583/583/583
f 577/577/577 580/580/580 582/582/582
f 582/582/582 576/576/576 577/577/577
f 581/581/581 575/575/575 579/579/579
f 578/578/578 575/575/575 581/581/581
f 574/574/574 578/578/578 580/580/580
f 580/580/580 577/577/577 574/574/574
f 577/577/577 573/573/573 571/571/571
f 576/576/576 573/573/573 577/577/577
f 572/572/572 579/579/579 575/575/575
f 567/567/567 575/575/575 578/578/578
f 567/567/567 578/578/578 574/574/574
f 577/577/577 571/571/571 574/574/574
f 573/573/573 570/570/570 571/571/571
f 573/573/573 576/576/576 569/569/569
f 569/569/569 576/576/576 568/568/568
f 567/567/567 572/572/572 575/575/575
f 574/574/574 571/571/571 567/567/567
f 559/559/559 571/571/571 570/570/570
f 566/566/566 570/570/570 573/573/573
f 569/569/569 566/566/566 573/573/573
f 563/563/563 569/569/569 568/568/568
f 560/560/560 572/572/572 567/567/567
f 571/571/571 564/564/564 567/567/567
f 559/559/559 564/564/564 571/571/571
f 570/570/570 557/557/557 559/559/559
f 566/566/566 557/557/557 570/570/570
f 569/569/569 563/563/563 566/566/566
f 565/565/565 563/563/563 568/568/568
f 567/567/567 564/564/564 560/560/560
f 559/559/559 558/558/558 564/564/564
f 557/557/557 562/562/562 559/559/559
f 566/566/566 556/556/556 557/557/557
f 563/563/563 556/556/556 566/566/566
f 554/554/554 563/563/563 565/565/565
f 561/561/561 554/554/554 565/565/565
f 564/564/564 551/551/551 560/560/560
f 562/562/562 552/552/552 559/559/559
f 558/558/558 559/559/559 538/538/538
f 564/564/564 558/558/558 551/551/551
f 557/557/557 550/550/550 562/562/562
f 556/556/556 546/546/546 557/557/557
f 563/563/563 545/545/545 556/556/556
f 563/563/563 554/554/554 545/545/545
f 550/550/550 552/552/552 562/562/562
f 542/542/542 554/554/554 561/561/561
f 555/555/555 548/548/548 553/553/553
f 551/551/551 547/547/547 560/560/560
f 552/552/552 538/538/538 559/559/559
f 551/551/551 558/558/558 538/538/538
f 557/557/557 546/546/546 550/550/550
f 545/545/545 546/546/546 556/556/556
f 545/545/545 554/554/554 549/549/549
f 544/544/544 552/552/552 550/550/550
f 543/543/543 548/548/548 555/555/555
f 549/549/549 554/554/554 542/542/542
f 541/541/541 542/542/542 553/553/553
f 553/553/553 548/548/548 541/541/541
f 544/544/544 540/540/540 552/552/552
f 547/547/547 551/551/551 539/539/539
f 540/540/540 538/538/538 552/552/552
f 538/538/538 539/539/539 551/551/551
f 550/550/550 546/546/546 537/537/537
f 530/530/530 546/546/546 545/545/545
f 549/549/549 534/534/534 545/545/545
f 550/550/550 537/537/537 544/544/544
f 548/548/548 543/543/543 533/533/533
f 534/534/534 549/549/549 542/542/542
f 541/541/541 524/524/524 542/542/542
f 533/533/533 541/541/541 548/548/548
f 540/540/540 544/544/544 523/523/523
f 539/539/539 532/532/532 547/547/547
f 540/540/540 531/531/531 538/538/538
f 539/539/539 538/538/538 522/522/522
f 537/537/537 546/546/546 530/530/530
f 545/545/545 534/534/534 530/530/530
f 537/537/537 529/529/529 544/544/544
f 544/544/544 529/529/529 523/523/523
f 526/526/526 533/533/533 543/543/543
f 543/543/543 536/536/536 526/526/526
f 525/525/525 535/535/535 527/527/527
f 535/535/535 517/517/517 536/536/536
f 542/542/542 524/524/524 534/534/534
f 541/541/541 533/533/533 524/524/524
f 540/540/540 523/523/523 531/531/531
f 522/522/522 532/532/532 539/539/539
f 538/538/538 531/531/531 522/522/522
f 514/514/514 528/528/528 532/532/532
f 521/521/521 537/537/537 530/530/530
f 534/534/534 506/506/506 530/530/530
f 521/521/521 529/529/529 537/537/537
f 529/529/529 520/520/520 523/523/523
f 533/533/533 526/526/526 518/518/518
f 517/517/517 526/526/526 536/536/536
f 527/527/527 511/511/511 525/525/525
f 525/525/525 517/517/517 535/535/535
f 533/533/533 518/518/518 516/516/516
f 506/506/506 534/534/534 524/524/524
f 533/533/533 516/516/516 524/524/524
f 523/523/523 520/520/520 513/513/513
f 523/523/523 509/509/509 531/531/531
f 532/532/532 522/522/522 514/514/514
f 531/531/531 509/509/509 522/522/522
f 513/513/513 515/515/515 523/523/523
f 528/528/528 514/514/514 512/512/512
f 530/530/530 506/506/506 521/521/521
f 529/529/529 521/521/521 507/507/507
f 507/507/507 520/520/520 529/529/529
f 512/512/512 504/504/504 528/528/528
f 527/527/527 519/519/519 511/511/511
f 502/502/502 518/518/518 526/526/526
f 502/502/502 526/526/526 517/517/517
f 511/511/511 517/517/517 525/525/525
f 518/518/518 510/510/510 516/516/516
f 516/516/516 506/506/506 524/524/524
f 520/520/520 505/505/505 513/513/513
f 523/523/523 515/515/515 509/509/509
f 522/522/522 509/509/509 514/514/514
f 515/515/515 513/513/513 499/499/499
f 494/494/494 512/512/512 514/514/514
f 506/506/506 507/507/507 521/521/521
f 520/520/520 507/507/507 505/505/505
f 508/508/508 504/504/504 512/512/512
f 503/503/503 511/511/511 519/519/519
f 502/502/502 510/510/510 518/518/518
f 517/517/517 511/511/511 502/502/502
f 516/516/516 510/510/510 501/501/501
f 501/501/501 506/506/506 516/516/516
f 505/505/505 500/500/500 513/513/513
f 509/509/509 515/515/515 499/499/499
f 514/514/514 509/509/509 494/494/494
f 513/513/513 500/500/500 499/499/499
f 512/512/512 494/494/494 508/508/508
f 498/498/498 507/507/507 506/506/506
f 507/507/507 486/486/486 505/505/505
f 504/504/504 508/508/508 492/492/492
f 511/511/511 503/503/503 497/497/497
f 489/489/489 510/510/510 502/502/502
f 511/511/511 496/496/496 502/502/502
f 511/511/511 497/497/497 496/496/496
f 489/489/489 501/501/501 510/510/510
f 506/506/506 501/501/501 493/493/493
f 495/495/495 500/500/500 505/505/505
f 509/509/509 499/499/499 494/494/494
f 500/500/500 480/480/480 499/499/499
f 494/494/494 492/492/492 508/508/508
f 498/498/498 486/486/486 507/507/507
f 493/493/493 498/498/498 506/506/506
f 505/505/505 486/486/486 495/495/495
f 492/492/492 491/491/491 504/504/504
f 484/484/484 497/497/497 503/503/503
f 490/490/490 489/489/489 502/502/502
f 502/502/502 496/496/496 490/490/490
f 482/482/482 496/496/496 497/497/497
f 489/489/489 493/493/493 501/501/501
f 495/495/495 480/480/480 500/500/500
f 499/499/499 480/480/480 494/494/494
f 488/488/488 492/492/492 494/494/494
f 486/486/486 498/498/498 493/493/493
f 487/487/487 495/495/495 486/486/486
f 491/491/491 492/492/492 485/485/485
f 484/484/484 483/483/483 497/497/497
f 483/483/483 482/482/482 497/497/497
f 477/477/477 489/489/489 490/490/490
f 496/496/496 482/482/482 490/490/490
f 476/476/476 493/493/493 489/489/489
f 480/480/480 495/495/495 487/487/487
f 494/494/494 480/480/480 488/488/488
f 492/492/492 488/488/488 469/469/469
f 486/486/486 493/493/493 476/476/476
f 474/474/474 487/487/487 486/486/486
f 469/469/469 485/485/485 492/492/492
f 485/485/485 479/479/479 491/491/491
f 478/478/478 483/483/483 484/484/484
f 481/481/481 489/489/489 477/477/477
f 483/483/483 471/471/471 482/482/482
f 490/490/490 482/482/482 477/477/477
f 481/481/481 476/476/476 489/489/489
f 487/487/487 475/475/475 480/480/480
f 469/469/469 488/488/488 480/480/480
f 475/475/475 487/487/487 474/474/474
f 476/476/476 474/474/474 486/486/486
f 485/485/485 469/469/469 479/479/479
f 466/466/466 478/478/478 484/484/484
f 483/483/483 478/478/478 472/472/472
f 483/483/483 472/472/472 471/471/471
f 477/477/477 465/465/465 481/481/481
f 471/471/471 477/477/477 482/482/482
f 481/481/481 465/465/465 463/463/463
f 463/463/463 476/476/476 481/481/481
f 480/480/480 475/475/475 469/469/469
f 474/474/474 461/461/461 475/475/475
f 476/476/476 462/462/462 474/474/474
f 469/469/469 468/468/468 479/479/479
f 466/466/466 472/472/472 478/478/478
f 457/457/457 471/471/471 472/472/472
f 477/477/477 471/471/471 465/465/465
f 465/465/465 464/464/464 470/470/470
f 465/465/465 470/470/470 463/463/463
f 464/464/464 456/456/456 470/470/470
f 463/463/463 462/462/462 476/476/476
f 475/475/475 461/461/461 469/469/469
f 461/461/461 474/474/474 462/462/462
f 447/447/447 468/468/468 469/469/469
f 467/467/467 473/473/473 458/458/458
f 473/473/473 459/459/459 458/458/458
f 466/466/466 457/457/457 472/472/472
f 471/471/471 457/457/457 465/465/465
f 465/465/465 451/451/451 464/464/464
f 456/456/456 463/463/463 470/470/470
f 450/450/450 456/456/456 464/464/464
f 463/463/463 449/449/449 462/462/462
f 447/447/447 469/469/469 461/461/461
f 462/462/462 448/448/448 461/461/461
f 468/468/468 447/447/447 460/460/460
f 460/460/460 455/455/455 468/468/468
f 458/458/458 430/430/430 467/467/467
f 459/459/459 454/454/454 458/458/458
f 467/467/467 430/430/430 453/453/453
f 440/440/440 457/457/457 466/466/466
f 457/457/457 451/451/451 465/465/465
f 450/450/450 464/464/464 451/451/451
f 456/456/456 449/449/449 463/463/463
f 438/438/438 456/456/456 450/450/450
f 462/462/462 449/449/449 448/448/448
f 461/461/461 448/448/448 447/447/447
f 447/447/447 446/446/446 460/460/460
f 455/455/455 460/460/460 446/446/446
f 459/459/459 431/431/431 454/454/454
f 458/458/458 454/454/454 430/430/430
f 430/430/430 428/428/428 453/453/453
f 164/164/164 165/165/165 166/166/166
f 165/165/165 164/164/164 167/167/167
f 168/168/168 166/166/166 165/165/165
f 166/166/166 169/169/169 164/164/164
f 164/164/164 170/170/170 167/167/167
f 167/167/167 171/171/171 165/165/165
f 168/168/168 172/172/172 166/166/166
f 165/165/165 173/173/173 168/168/168
f 164/164/164 169/169/169 174/174/174
f 169/169/169 166/166/166 175/175/175
f 176/176/176 167/167/167 170/170/170
f 170/170/170 164/164/164 174/174/174
f 171/171/171 173/173/173 165/165/165
f 171/171/171 167/167/167 177/177/177
f 172/172/172 178/178/178 166/166/166
f 179/179/179 172/172/172 168/168/168
f 179/179/179 168/168/168 173/173/173
f 174/174/174 169/169/169 180/180/180
f 166/166/166 178/178/178 175/175/175
f 169/169/169 175/175/175 181/181/181
f 176/176/176 177/177/177 167/167/167
f 182/182/182 176/176/176 170/170/170
f 183/183/183 170/170/170 174/174/174
f 171/171/171 184/184/184 173/173/173
f 177/177/177 185/185/185 171/171/171
f 186/186/186 178/178/178 172/172/172
f 187/187/187 172/172/172 179/179/179
f 173/173/173 188/188/188 179/179/179
f 169/169/169 189/189/189 180/180/180
f 183/183/183 174/174/174 180/180/180
f 178/178/178 190/190/190 175/175/175
f 175/175/175 190/190/190 181/181/181
f 169/169/169 181/181/181 191/191/191
f 192/192/192 177/177/177 176/176/176
f 193/193/193 176/176/176 182/182/182
f 170/170/170 183/183/183 182/182/182
f 184/184/184 188/188/188 173/173/173
f 185/185/185 184/184/184 171/171/171
f 177/177/177 194/194/194 185/185/185
f 172/172/172 195/195/195 186/186/186
f 186/186/186 196/196/196 178/178/178
f 197/197/197 187/187/187 179/179/179
f 198/198/198 172/172/172 187/187/187
f 179/179/179 188/188/188 199/199/199
f 169/169/169 191/191/191 189/189/189
f 189/189/189 200/200/200 180/180/180
f 183/183/183 180/180/180 201/201/201
f 190/190/190 178/178/178 196/196/196
f 190/190/190 202/202/202 181/181/181
f 191/191/191 181/181/181 202/202/202
f 194/194/194 177/177/177 192/192/192
f 193/193/193 192/192/192 176/176/176
f 203/203/203 193/193/193 182/182/182
f 204/204/204 182/182/182 183/183/183
f 205/205/205 188/188/188 184/184/184
f 185/185/185 206/206/206 184/184/184
f 194/194/194 207/207/207 185/185/185
f 208/208/208 195/195/195 172/172/172
f 195/195/195 209/209/209 186/186/186
f 209/209/209 196/196/196 186/186/186
f 199/199/199 197/197/197 179/179/179
f 197/197/197 210/210/210 187/187/187
f 172/172/172 198/198/198 208/208/208
f 187/187/187 211/211/211 198/198/198
f 205/205/205 199/199/199 188/188/188
f 180/180/180 200/200/200 212/212/212
f 204/204/204 183/183/183 201/201/201
f 201/201/201 180/180/180 212/212/212
f 196/196/196 202/202/202 190/190/190
f 213/213/213 194/194/194 192/192/192
f 192/192/192 193/193/193 214/214/214
f 86/86/86 193/193/193 203/203/203
f 203/203/203 182/182/182 204/204/204
f 215/215/215 205/205/205 184/184/184
f 206/206/206 185/185/185 207/207/207
f 206/206/206 215/215/215 184/184/184
f 216/216/216 207/207/207 194/194/194
f 208/208/208 217/217/217 195/195/195
f 217/217/217 209/209/209 195/195/195
f 197/197/197 199/199/199 218/218/218
f 218/218/218 210/210/210 197/197/197
f 210/210/210 211/211/211 187/187/187
f 219/219/219 208/208/208 198/198/198
f 219/219/219 198/198/198 211/211/211
f 205/205/205 220/220/220 199/199/199
f 221/221/221 212/212/212 200/200/200
f 204/204/204 201/201/201 222/222/222
f 222/222/222 201/201/201 212/212/212
f 223/223/223 194/194/194 213/213/213
f 214/214/214 213/213/213 192/192/192
f 214/214/214 193/193/193 86/86/86
f 86/86/86 203/203/203 81/81/81
f 203/203/203 204/204/204 224/224/224
f 220/220/220 205/205/205 215/215/215
f 207/207/207 216/216/216 206/206/206
f 225/225/225 215/215/215 206/206/206
f 226/226/226 216/216/216 194/194/194
f 218/218/218 199/199/199 227/227/227
f 228/228/228 210/210/210 218/218/218
f 229/229/229 211/211/211 210/210/210
f 230/230/230 208/208/208 219/219/219
f 211/211/211 231/231/231 219/219/219
f 199/199/199 220/220/220 232/232/232
f 212/212/212 221/221/221 233/233/233
f 222/222/222 224/224/224 204/204/204
f 233/233/233 222/222/222 212/212/212
f 194/194/194 223/223/223 226/226/226
f 213/213/213 234/234/234 223/223/223
f 214/214/214 234/234/234 213/213/213
f 86/86/86 87/87/87 214/214/214
f 224/224/224 81/81/81 203/203/203
f 235/235/235 220/220/220 215/215/215
f 216/216/216 225/225/225 206/206/206
f 235/235/235 215/215/215 225/225/225
f 236/236/236 216/216/216 226/226/226
f 227/227/227 237/237/237 218/218/218
f 232/232/232 227/227/227 199/199/199
f 238/238/238 228/228/228 218/218/218
f 229/229/229 210/210/210 228/228/228
f 231/231/231 211/211/211 229/229/229
f 219/219/219 239/239/239 230/230/230
f 239/239/239 219/219/219 231/231/231
f 232/232/232 220/220/220 235/235/235
f 233/233/233 221/221/221 240/240/240
f 233/233/233 224/224/224 222/222/222
f 226/226/226 223/223/223 241/241/241
f 223/223/223 234/234/234 242/242/242
f 214/214/214 243/243/243 234/234/234
f 87/87/87 243/243/243 214/214/214
f 81/81/81 224/224/224 75/75/75
f 216/216/216 244/244/244 225/225/225
f 245/245/245 235/235/235 225/225/225
f 246/246/246 236/236/236 226/226/226
f 236/236/236 244/244/244 216/216/216
f 237/237/237 227/227/227 232/232/232
f 218/218/218 237/237/237 247/247/247
f 218/218/218 247/247/247 238/238/238
f 228/228/228 238/238/238 248/248/248
f 228/228/228 248/248/248 229/229/229
f 229/229/229 249/249/249 231/231/231
f 250/250/250 230/230/230 239/239/239
f 251/251/251 239/239/239 231/231/231
f 245/245/245 232/232/232 235/235/235
f 224/224/224 233/233/233 240/240/240
f 221/221/221 252/252/252 240/240/240
f 242/242/242 241/241/241 223/223/223
f 253/253/253 226/226/226 241/241/241
f 242/242/242 234/234/234 243/243/243
f 90/90/90 243/243/243 87/87/87
f 224/224/224 240/240/240 75/75/75
f 244/244/244 245/245/245 225/225/225
f 236/236/236 246/246/246 254/254/254
f 226/226/226 253/253/253 246/246/246
f 255/255/255 244/244/244 236/236/236
f 232/232/232 256/256/256 237/237/237
f 247/247/247 237/237/237 257/257/257
f 258/258/258 238/238/238 247/247/247
f 259/259/259 248/248/248 238/238/238
f 249/249/249 229/229/229 248/248/248
f 249/249/249 251/251/251 231/231/231
f 250/250/250 239/239/239 260/260/260
f 251/251/251 261/261/261 239/239/239
f 245/245/245 256/256/256 232/232/232
f 240/240/240 252/252/252 262/262/262
f 263/263/263 241/241/241 242/242/242
f 263/263/263 253/253/253 241/241/241
f 90/90/90 242/242/242 243/243/243
f 240/240/240 264/264/264 75/75/75
f 265/265/265 245/245/245 244/244/244
f 266/266/266 254/254/254 246/246/246
f 254/254/254 255/255/255 236/236/236
f 266/266/266 246/246/246 253/253/253
f 255/255/255 265/265/265 244/244/244
f 237/237/237 256/256/256 267/267/267
f 257/257/257 258/258/258 247/247/247
f 257/257/257 237/237/237 267/267/267
f 258/258/258 259/259/259 238/238/238
f 259/259/259 268/268/268 248/248/248
f 248/248/248 268/268/268 249/249/249
f 269/269/269 251/251/251 249/249/249
f 261/261/261 260/260/260 239/239/239
f 270/270/270 250/250/250 260/260/260
f 271/271/271 261/261/261 251/251/251
f 272/272/272 256/256/256 245/245/245
f 264/264/264 240/240/240 262/262/262
f 262/262/262 252/252/252 273/273/273
f 242/242/242 91/91/91 263/263/263
f 274/274/274 253/253/253 263/263/263
f 91/91/91 242/242/242 90/90/90
f 67/67/67 75/75/75 264/264/264
f 272/272/272 245/245/245 265/265/265
f 254/254/254 266/266/266 275/275/275
f 255/255/255 254/254/254 276/276/276
f 253/253/253 274/274/274 266/266/266
f 277/277/277 265/265/265 255/255/255
f 267/267/267 256/256/256 278/278/278
f 258/258/258 257/257/257 279/279/279
f 257/257/257 267/267/267 280/280/280
f 258/258/258 281/281/281 259/259/259
f 259/259/259 282/282/282 268/268/268
f 268/268/268 269/269/269 249/249/249
f 251/251/251 269/269/269 271/271/271
f 261/261/261 283/283/283 260/260/260
f 250/250/250 270/270/270 284/284/284
f 260/260/260 285/285/285 270/270/270
f 271/271/271 283/283/283 261/261/261
f 278/278/278 256/256/256 272/272/272
f 264/264/264 262/262/262 273/273/273
f 273/273/273 252/252/252 57/57/57
f 92/92/92 263/263/263 91/91/91
f 286/286/286 274/274/274 263/263/263
f 67/67/67 264/264/264 58/58/58
f 287/287/287 272/272/272 265/265/265
f 266/266/266 288/288/288 275/275/275
f 275/275/275 276/276/276 254/254/254
f 276/276/276 277/277/277 255/255/255
f 289/289/289 266/266/266 274/274/274
f 277/277/277 287/287/287 265/265/265
f 278/278/278 280/280/280 267/267/267
f 280/280/280 279/279/279 257/257/257
f 279/279/279 281/281/281 258/258/258
f 281/281/281 290/290/290 259/259/259
f 259/259/259 290/290/290 282/282/282
f 282/282/282 269/269/269 268/268/268
f 271/271/271 269/269/269 282/282/282
f 283/283/283 285/285/285 260/260/260
f 270/270/270 291/291/291 284/284/284
f 285/285/285 292/292/292 270/270/270
f 293/293/293 283/283/283 271/271/271
f 272/272/272 294/294/294 278/278/278
f 264/264/264 273/273/273 58/58/58
f 252/252/252 59/59/59 57/57/57
f 58/58/58 273/273/273 57/57/57
f 263/263/263 92/92/92 286/286/286
f 274/274/274 286/286/286 289/289/289
f 287/287/287 294/294/294 272/272/272
f 275/275/275 288/288/288 295/295/295
f 266/266/266 289/289/289 288/288/288
f 275/275/275 296/296/296 276/276/276
f 276/276/276 297/297/297 277/277/277
f 277/277/277 297/297/297 287/287/287
f 298/298/298 280/280/280 278/278/278
f 279/279/279 280/280/280 299/299/299
f 300/300/300 281/281/281 279/279/279
f 281/281/281 301/301/301 290/290/290
f 293/293/293 282/282/282 290/290/290
f 282/282/282 293/293/293 271/271/271
f 283/283/283 292/292/292 285/285/285
f 302/302/302 291/291/291 270/270/270
f 292/292/292 302/302/302 270/270/270
f 293/293/293 303/303/303 283/283/283
f 298/298/298 278/278/278 294/294/294
f 304/304/304 294/294/294 287/287/287
f 275/275/275 295/295/295 296/296/296
f 296/296/296 305/305/305 276/276/276
f 276/276/276 305/305/305 297/297/297
f 287/287/287 297/297/297 304/304/304
f 298/298/298 306/306/306 280/280/280
f 280/280/280 307/307/307 299/299/299
f 299/299/299 300/300/300 279/279/279
f 300/300/300 301/301/301 281/281/281
f 301/301/301 308/308/308 290/290/290
f 308/308/308 293/293/293 290/290/290
f 303/303/303 292/292/292 283/283/283
f 302/302/302 309/309/309 291/291/291
f 310/310/310 302/302/302 292/292/292
f 311/311/311 303/303/303 293/293/293
f 294/294/294 312/312/312 298/298/298
f 312/312/312 294/294/294 304/304/304
f 295/295/295 313/313/313 296/296/296
f 305/305/305 296/296/296 313/313/313
f 304/304/304 297/297/297 305/305/305
f 280/280/280 306/306/306 307/307/307
f 307/307/307 314/314/314 299/299/299
f 315/315/315 300/300/300 299/299/299
f 301/301/301 300/300/300 315/315/315
f 316/316/316 308/308/308 301/301/301
f 311/311/311 293/293/293 308/308/308
f 303/303/303 310/310/310 292/292/292
f 302/302/302 317/317/317 309/309/309
f 317/317/317 302/302/302 310/310/310
f 318/318/318 303/303/303 311/311/311
f 304/304/304 319/319/319 312/312/312
f 313/313/313 319/319/319 305/305/305
f 319/319/319 304/304/304 305/305/305
f 306/306/306 320/320/320 307/307/307
f 320/320/320 314/314/314 307/307/307
f 314/314/314 315/315/315 299/299/299
f 315/315/315 321/321/321 301/301/301
f 308/308/308 316/316/316 311/311/311
f 301/301/301 321/321/321 316/316/316
f 322/322/322 310/310/310 303/303/303
f 322/322/322 309/309/309 317/317/317
f 322/322/322 317/317/317 310/310/310
f 318/318/318 322/322/322 303/303/303
f 311/311/311 323/323/323 318/318/318
f 324/324/324 320/320/320 306/306/306
f 314/314/314 320/320/320 325/325/325
f 314/314/314 326/326/326 315/315/315
f 315/315/315 326/326/326 321/321/321
f 316/316/316 323/323/323 311/311/311
f 321/321/321 326/326/326 316/316/316
f 322/322/322 318/318/318 323/323/323
f 327/327/327 320/320/320 324/324/324
f 327/327/327 325/325/325 320/320/320
f 325/325/325 328/328/328 314/314/314
f 329/329/329 326/326/326 314/314/314
f 324/324/324 330/330/330 327/327/327
f 331/331/331 325/325/325 327/327/327
f 328/328/328 329/329/329 314/314/314
f 328/328/328 325/325/325 331/331/331
f 330/330/330 331/331/331 327/327/327
f 426/426/426 441/441/441 452/452/452
f 440/440/440 451/451/451 457/457/457
f 451/451/451 425/425/425 450/450/450
f 439/439/439 438/438/438 450/450/450
f 456/456/456 438/438/438 449/449/449
f 437/437/437 448/448/448 449/449/449
f 448/448/448 423/423/423 447/447/447
f 436/436/436 446/446/446 447/447/447
f 446/446/446 436/436/436 435/435/435
f 446/446/446 421/421/421 455/455/455
f 445/445/445 433/433/433 432/432/432
f 418/418/418 444/444/444 445/445/445
f 454/454/454 431/431/431 430/430/430
f 430/430/430 429/429/429 428/428/428
f 443/443/443 453/453/453 428/428/428
f 443/443/443 416/416/416 442/442/442
f 452/452/452 442/442/442 426/426/426
f 452/452/452 441/441/441 415/415/415
f 441/441/441 426/426/426 427/427/427
f 425/425/425 451/451/451 440/440/440
f 439/439/439 450/450/450 425/425/425
f 439/439/439 411/411/411 438/438/438
f 449/449/449 438/438/438 424/424/424
f 424/424/424 437/437/437 449/449/449
f 437/437/437 423/423/423 448/448/448
f 423/423/423 436/436/436 447/447/447
f 391/391/391 435/435/435 436/436/436
f 435/435/435 421/421/421 446/446/446
f 413/413/413 440/440/440 434/434/434
f 407/407/407 432/432/432 433/433/433
f 418/418/418 445/445/445 432/432/432
f 444/444/444 418/418/418 431/431/431
f 431/431/431 406/406/406 430/430/430
f 429/429/429 430/430/430 417/417/417
f 429/429/429 405/405/405 428/428/428
f 428/428/428 416/416/416 443/443/443
f 416/416/416 426/426/426 442/442/442
f 441/441/441 427/427/427 415/415/415
f 426/426/426 395/395/395 427/427/427
f 413/413/413 425/425/425 440/440/440
f 412/412/412 439/439/439 425/425/425
f 411/411/411 439/439/439 412/412/412
f 411/411/411 424/424/424 438/438/438
f 424/424/424 410/410/410 437/437/437
f 423/423/423 437/437/437 410/410/410
f 436/436/436 423/423/423 391/391/391
f 391/391/391 422/422/422 435/435/435
f 422/422/422 402/402/402 435/435/435
f 421/421/421 435/435/435 402/402/402
f 420/420/420 408/408/408 433/433/433
f 399/399/399 413/413/413 434/434/434
f 419/419/419 433/433/433 408/408/408
f 433/433/433 419/419/419 407/407/407
f 418/418/418 432/432/432 407/407/407
f 406/406/406 431/431/431 418/418/418
f 430/430/430 406/406/406 417/417/417
f 417/417/417 405/405/405 429/429/429
f 416/416/416 428/428/428 405/405/405
f 416/416/416 385/385/385 426/426/426
f 415/415/415 427/427/427 395/395/395
f 426/426/426 385/385/385 414/414/414
f 414/414/414 395/395/395 426/426/426
f 425/425/425 413/413/413 394/394/394
f 394/394/394 412/412/412 425/425/425
f 411/411/411 412/412/412 382/382/382
f 411/411/411 393/393/393 424/424/424
f 424/424/424 393/393/393 410/410/410
f 410/410/410 391/391/391 423/423/423
f 391/391/391 402/402/402 422/422/422
f 402/402/402 401/401/401 421/421/421
f 408/408/408 420/420/420 400/400/400
f 409/409/409 400/400/400 420/420/420
f 413/413/413 399/399/399 398/398/398
f 419/419/419 408/408/408 388/388/388
f 388/388/388 407/407/407 419/419/419
f 407/407/407 397/397/397 418/418/418
f 418/418/418 397/397/397 406/406/406
f 417/417/417 406/406/406 387/387/387
f 405/405/405 417/417/417 387/387/387
f 405/405/405 385/385/385 416/416/416
f 415/415/415 395/395/395 386/386/386
f 395/395/395 414/414/414 385/385/385
f 398/398/398 394/394/394 413/413/413
f 412/412/412 394/394/394 404/404/404
f 404/404/404 382/382/382 412/412/412
f 382/382/382 403/403/403 411/411/411
f 393/393/393 411/411/411 403/403/403
f 393/393/393 391/391/391 410/410/410
f 402/402/402 391/391/391 392/392/392
f 401/401/401 402/402/402 381/381/381
f 371/371/371 408/408/408 400/400/400
f 400/400/400 409/409/409 362/362/362
f 389/389/389 398/398/398 399/399/399
f 408/408/408 371/371/371 388/388/388
f 397/397/397 407/407/407 388/388/388
f 387/387/387 406/406/406 397/397/397
f 385/385/385 405/405/405 387/387/387
f 395/395/395 396/396/396 386/386/386
f 385/385/385 384/384/384 395/395/395
f 395/395/395 367/367/367 396/396/396
f 360/360/360 394/394/394 398/398/398
f 383/383/383 404/404/404 394/394/394
f 382/382/382 404/404/404 383/383/383
f 393/393/393 403/403/403 382/382/382
f 392/392/392 381/381/381 402/402/402
f 374/374/374 391/391/391 393/393/393
f 392/392/392 391/391/391 373/373/373
f 381/381/381 372/372/372 401/401/401
f 371/371/371 400/400/400 390/390/390
f 390/390/390 400/400/400 362/362/362
f 369/369/369 389/389/389 399/399/399
f 398/398/398 389/389/389 360/360/360
f 388/388/388 371/371/371 378/378/378
f 397/397/397 388/388/388 358/358/358
f 387/387/387 397/397/397 358/358/358
f 387/387/387 377/377/377 385/385/385
f 386/386/386 396/396/396 367/367/367
f 384/384/384 385/385/385 376/376/376
f 384/384/384 367/367/367 395/395/395
f 360/360/360 383/383/383 394/394/394
f 383/383/383 375/375/375 382/382/382
f 382/382/382 374/374/374 393/393/393
f 373/373/373 381/381/381 392/392/392
f 374/374/374 373/373/373 391/391/391
f 380/380/380 381/381/381 365/365/365
f 380/380/380 372/372/372 381/381/381
f 371/371/371 390/390/390 379/379/379
f 379/379/379 390/390/390 362/362/362
f 369/369/369 360/360/360 389/389/389
f 370/370/370 378/378/378 371/371/371
f 358/358/358 388/388/388 378/378/378
f 358/358/358 377/377/377 387/387/387
f 377/377/377 356/356/356 385/385/385
f 367/367/367 369/369/369 386/386/386
f 376/376/376 385/385/385 356/356/356
f 384/384/384 376/376/376 367/367/367
f 375/375/375 383/383/383 360/360/360
f 382/382/382 375/375/375 366/366/366
f 374/374/374 382/382/382 366/366/366
f 373/373/373 365/365/365 381/381/381
f 373/373/373 374/374/374 346/346/346
f 353/353/353 380/380/380 365/365/365
f 372/372/372 380/380/380 353/353/353
f 371/371/371 379/379/379 350/350/350
f 379/379/379 362/362/362 350/350/350
f 368/368/368 360/360/360 369/369/369
f 349/349/349 370/370/370 371/371/371
f 358/358/358 378/378/378 370/370/370
f 357/357/357 368/368/368 369/369/369
f 377/377/377 358/358/358 356/356/356
f 369/369/369 367/367/367 348/348/348
f 367/367/367 376/376/376 356/356/356
f 360/360/360 355/355/355 375/375/375
f 355/355/355 366/366/366 375/375/375
f 366/366/366 346/346/346 374/374/374
f 365/365/365 373/373/373 346/346/346
f 365/365/365 354/354/354 353/353/353
f 353/353/353 364/364/364 372/372/372
f 345/345/345 352/352/352 364/364/364
f 371/371/371 350/350/350 359/359/359
f 350/350/350 362/362/362 361/361/361
f 344/344/344 361/361/361 362/362/362
f 368/368/368 337/337/337 360/360/360
f 371/371/371 359/359/359 349/349/349
f 358/358/358 370/370/370 349/349/349
f 348/348/348 357/357/357 369/369/369
f 337/337/337 368/368/368 357/357/357
f 356/356/356 358/358/358 342/342/342
f 356/356/356 348/348/348 367/367/367
f 360/360/360 347/347/347 355/355/355
f 346/346/346 366/366/366 355/355/355
f 346/346/346 354/354/354 365/365/365
f 354/354/354 336/336/336 353/353/353
f 364/364/364 353/353/353 345/345/345
f 352/352/352 345/345/345 339/339/339
f 338/338/338 363/363/363 352/352/352
f 338/338/338 351/351/351 363/363/363
f 344/344/344 362/362/362 351/351/351
f 359/359/359 350/350/350 332/332/332
f 350/350/350 361/361/361 344/344/344
f 360/360/360 337/337/337 347/347/347
f 359/359/359 332/332/332 349/349/349
f 349/349/349 342/342/342 358/358/358
f 337/337/337 357/357/357 348/348/348
f 342/342/342 348/348/348 356/356/356
f 341/341/341 355/355/355 347/347/347
f 355/355/355 341/341/341 346/346/346
f 336/336/336 354/354/354 346/346/346
f 336/336/336 345/345/345 353/353/353
f 339/339/339 345/345/345 340/340/340
f 352/352/352 339/339/339 338/338/338
f 344/344/344 351/351/351 338/338/338
f 332/332/332 350/350/350 344/344/344
f 347/347/347 337/337/337 343/343/343
f 343/343/343 334/334/334 347/347/347
f 342/342/342 349/349/349 332/332/332
f 348/348/348 342/342/342 337/337/337
f 347/347/347 334/334/334 341/341/341
f 341/341/341 336/336/336 346/346/346
f 340/340/340 345/345/345 336/336/336
f 333/333/333 339/339/339 340/340/340
f 335/335/335 338/338/338 339/339/339
f 332/332/332 344/344/344 338/338/338
f 334/334/334 343/343/343 337/337/337
f 342/342/342 332/332/332 337/337/337
f 334/334/334 336/336/336 341/341/341
f 333/333/333 340/340/340 336/336/336
f 333/333/333 335/335/335 339/339/339
f 332/332/332 338/338/338 335/335/335
f 334/334/334 337/337/337 332/332/332
f 334/334/334 333/333/333 336/336/336
f 335/335/335 333/333/333 332/332/332
f 332/332/332 333/333/333 334/334/334

