mtllib mega.mtl
v -0.010574 -0.104665 -0.024739
v -0.024453 -0.105745 -0.030543
v -0.016357 -0.104436 -0.021557
v -0.022857 -0.105319 -0.026254
v -0.010221 -0.104216 -0.019132
v -0.027674 -0.105437 -0.025144
v -0.017574 -0.104458 -0.021574
v -0.013388 -0.104070 -0.017770
v -0.023381 -0.104440 -0.020920
v -0.009313 -0.103244 -0.010822
v -0.026626 -0.104464 -0.019131
v -0.017577 -0.103662 -0.013846
v -0.013460 -0.103556 -0.013026
v -0.007585 -0.103669 -0.014164
v -0.029468 -0.104418 -0.017501
v -0.022824 -0.104223 -0.018813
v -0.010532 -0.102827 -0.007813
v -0.005522 -0.104223 -0.019298
v -0.002573 -0.103242 -0.010510
v -0.031390 -0.104480 -0.017309
v -0.023251 -0.103797 -0.013427
v -0.019748 -0.103342 -0.009985
v -0.017107 -0.103103 -0.009065
v -0.003521 -0.102825 -0.007037
v -0.000931 -0.103806 -0.016016
v -0.001805 -0.103545 -0.013336
v -0.027969 -0.103669 -0.010573
v -0.026620 -0.103920 -0.013189
v -0.004111 -0.102570 -0.004435
v -0.013038 -0.102704 -0.006448
v 0.004575 -0.102836 -0.009500
v 0.000968 -0.102925 -0.008899
v -0.030697 -0.103543 -0.008035
v -0.022679 -0.103350 -0.008609
v -0.017938 -0.102857 -0.004501
v 0.002482 -0.102634 -0.006561
v -0.004631 -0.102395 -0.002151
v 0.006537 -0.102053 0.000047
v -0.011402 -0.102144 0.003979
v -0.019698 -0.102950 -0.003960
v -0.003890 -0.102075 0.002948
v -0.000462 -0.102123 0.000297
v 0.008816 -0.102424 -0.004853
v 0.004664 -0.101842 0.002525
v -0.008740 -0.102141 0.002642
v 0.011001 -0.102521 -0.006923
v -0.026705 -0.103021 -0.000315
v 0.010962 -0.101873 0.000009
v -0.015333 -0.102357 0.003018
v -0.002872 -0.101924 0.005579
v -0.020203 -0.102772 0.000053
v 0.014053 -0.101605 0.008791
v -0.015324 -0.102313 0.005784
v -0.007123 -0.101988 0.006796
v -0.023563 -0.102706 0.002850
v 0.000806 -0.101861 0.004262
v 0.005550 -0.101783 0.007156
v -0.020214 -0.102403 0.005521
v -0.009712 -0.102159 0.009147
v -0.004507 -0.101975 0.008145
v -0.028122 -0.102873 0.004526
v -0.015798 -0.102378 0.010552
v 0.001084 -0.101895 0.010137
v -0.019017 -0.102490 0.010598
v -0.009605 -0.102352 0.012413
v -0.024248 -0.102708 0.007901
v -0.021633 -0.102584 0.009250
v -0.021889 -0.102803 0.013045
v -0.012330 -0.102546 0.013968
v 0.000313 -0.102089 0.013847
v -0.028832 -0.103063 0.010423
v -0.015649 -0.102791 0.015777
v -0.006846 -0.102728 0.017133
v -0.003157 -0.102359 0.015741
v -0.032738 -0.103170 0.009640
v -0.015161 -0.103452 0.021482
v -0.008979 -0.103205 0.020486
v -0.026919 -0.103134 0.013938
v -0.016198 -0.103553 0.022047
v -0.005379 -0.103347 0.023954
v -0.029530 -0.103473 0.015881
v -0.025000 -0.103987 0.020455
v -0.007445 -0.103886 0.027500
v -0.019258 -0.104016 0.023731
v -0.013391 -0.104111 0.027102
v -0.005007 -0.104696 0.033637
v -0.028375 -0.104286 0.022329
v -0.023189 -0.104428 0.025114
v -0.019433 -0.104798 0.029950
v -0.009295 -0.104372 0.030520
v 0.002330 -0.103887 0.030608
v -0.031275 -0.103892 0.018527
v -0.024368 -0.104662 0.026819
v -0.013189 -0.104834 0.032146
v 0.000380 -0.104755 0.036761
v -0.030240 -0.104552 0.024522
v -0.024405 -0.105444 0.032393
v -0.014023 -0.105119 0.033449
v -0.002145 -0.105206 0.038850
v 0.003042 -0.104296 0.034455
v -0.007282 -0.105336 0.037810
v -0.027108 -0.104655 0.026293
v -0.020417 -0.105463 0.033387
v -0.029669 -0.105117 0.028532
v -0.012374 -0.105814 0.038338
v -0.003893 -0.105182 0.038311
v 0.001672 -0.106024 0.043781
v 0.006330 -0.103668 0.029514
v 0.003968 -0.105039 0.039117
v -0.023296 -0.106280 0.037268
v -0.027386 -0.105905 0.034332
v -0.017997 -0.106242 0.039017
v -0.011772 -0.106599 0.043445
v -0.007091 -0.106486 0.044400
v -0.002212 -0.107000 0.048395
v 0.006391 -0.106227 0.045902
v 0.007791 -0.104464 0.036412
v -0.037005 -0.105122 0.026931
v -0.032330 -0.105753 0.031629
v 0.001585 -0.106750 0.047708
v 0.002685 -0.107269 0.050609
v 0.009807 -0.104108 0.033472
v 0.009993 -0.105381 0.042917
v 0.009595 -0.104692 0.038593
v -0.020924 -0.106520 0.039474
v -0.032502 -0.106854 0.036757
v -0.014363 -0.107315 0.046530
v -0.007873 -0.107034 0.047173
v -0.001707 -0.107909 0.052683
v 0.004779 -0.107434 0.052758
v 0.010553 -0.106427 0.048974
v -0.034557 -0.105637 0.030555
v -0.026876 -0.106856 0.039565
v -0.020110 -0.107349 0.044539
v -0.029887 -0.106873 0.038105
v -0.017065 -0.107280 0.045349
v -0.011667 -0.107345 0.047723
v 0.001504 -0.107953 0.054288
v 0.012734 -0.104718 0.039337
v 0.012565 -0.105879 0.045562
v -0.040141 -0.106270 0.032171
v -0.023583 -0.107672 0.044905
v -0.035118 -0.106766 0.035408
v -0.032516 -0.107385 0.040057
v -0.013137 -0.107927 0.050368
v -0.004555 -0.109129 0.057250
v 0.004120 -0.108081 0.055637
v 0.009433 -0.106881 0.051754
v 0.012376 -0.107494 0.053073
v -0.031595 -0.107867 0.043969
v -0.019572 -0.108291 0.049475
v -0.041677 -0.107510 0.036541
v -0.002856 -0.108576 0.055448
v -0.001041 -0.108916 0.056653
v 0.006736 -0.108376 0.056985
v 0.008168 -0.107427 0.054207
v 0.018553 -0.106254 0.046780
v -0.022096 -0.108298 0.048686
v -0.038024 -0.107770 0.040459
v -0.011431 -0.108720 0.054379
v -0.043529 -0.107371 0.033902
v -0.026682 -0.108969 0.049420
v -0.024994 -0.110251 0.053773
v -0.015325 -0.109071 0.055253
v -0.033641 -0.108370 0.046131
v -0.043047 -0.108115 0.037943
v -0.006371 -0.110230 0.059863
v 0.010681 -0.108335 0.056164
v 0.004080 -0.110237 0.061897
v -0.022267 -0.110283 0.055440
v -0.019567 -0.110093 0.056513
v -0.036548 -0.108215 0.044604
v -0.042798 -0.108670 0.043562
v -0.001507 -0.111297 0.062733
v -0.010679 -0.110069 0.058652
v 0.001691 -0.110326 0.061009
v -0.032537 -0.110233 0.050038
v -0.029919 -0.110525 0.051014
v -0.021043 -0.112177 0.059268
v -0.015590 -0.110314 0.058621
v -0.035427 -0.110002 0.048853
v -0.039415 -0.108337 0.043861
v -0.002725 -0.113308 0.064316
v -0.009577 -0.112047 0.061887
v 0.008027 -0.110377 0.060700
v 0.002690 -0.111760 0.064833
v -0.028782 -0.111533 0.055230
v -0.026166 -0.111204 0.056579
v -0.037897 -0.109041 0.047220
v -0.044477 -0.109488 0.047139
v 0.002187 -0.113270 0.065809
v -0.007916 -0.113097 0.062990
v 0.006654 -0.111089 0.063566
v 0.011544 -0.111359 0.060283
v 0.006939 -0.113201 0.066743
v -0.031398 -0.112021 0.053882
v -0.036629 -0.112355 0.051185
v -0.024358 -0.113270 0.059496
v -0.015420 -0.113335 0.061239
v -0.039236 -0.110373 0.049662
v -0.041861 -0.109434 0.048488
v -0.001554 -0.116275 0.065667
v -0.012286 -0.113270 0.061769
v -0.034014 -0.112372 0.052533
v -0.032907 -0.112965 0.056809
v -0.029599 -0.113176 0.058215
v -0.025066 -0.116437 0.060352
v -0.028310 -0.113433 0.058631
v -0.018285 -0.119296 0.062334
v -0.045314 -0.110382 0.049847
v 0.003816 -0.119262 0.067170
v -0.006894 -0.116213 0.064156
v -0.010870 -0.116680 0.063528
v 0.009270 -0.111622 0.064914
v -0.035558 -0.113088 0.055529
v -0.040594 -0.111069 0.052452
v -0.023385 -0.119246 0.061380
v -0.012874 -0.118641 0.063525
v -0.043154 -0.110311 0.051225
v -0.001213 -0.118881 0.066162
v -0.006541 -0.119279 0.064957
v 0.011875 -0.111528 0.066151
v 0.011014 -0.113270 0.067954
v 0.007965 -0.116529 0.067277
v -0.037978 -0.112255 0.053801
v -0.036711 -0.115100 0.057765
v -0.033782 -0.116213 0.058508
v -0.030470 -0.119234 0.059973
v -0.019667 -0.120794 0.063241
v -0.016260 -0.121340 0.065013
v -0.044558 -0.111608 0.053719
v 0.001341 -0.120158 0.067449
v 0.008081 -0.118708 0.067690
v -0.039388 -0.113798 0.056092
v -0.036660 -0.115956 0.058241
v -0.033966 -0.118782 0.059251
v -0.028863 -0.121158 0.061811
v -0.023631 -0.121588 0.064508
v -0.010349 -0.119564 0.064435
v -0.011834 -0.121418 0.067337
v -0.047217 -0.113002 0.052382
v 0.003957 -0.120667 0.068798
v -0.002677 -0.121308 0.068549
v 0.014043 -0.113270 0.068503
v 0.013957 -0.116213 0.068669
v 0.010668 -0.119485 0.068626
v -0.031479 -0.120343 0.060462
v -0.026247 -0.121557 0.063159
v -0.020482 -0.121578 0.066090
v -0.045039 -0.113270 0.054651
v -0.000007 -0.121282 0.070065
v -0.007855 -0.120872 0.066019
v 0.009137 -0.120898 0.071440
v -0.039462 -0.116213 0.056679
v -0.037111 -0.119156 0.058542
v -0.032828 -0.121724 0.063054
v -0.030009 -0.121791 0.064441
v -0.035443 -0.121607 0.061730
v -0.023435 -0.121589 0.068514
v -0.015066 -0.121329 0.072119
v 0.003413 -0.121041 0.071497
v 0.000437 -0.121000 0.074456
v -0.006815 -0.121473 0.069473
v 0.013777 -0.119156 0.069019
v 0.013153 -0.120305 0.070227
v -0.042228 -0.116213 0.055622
v -0.038288 -0.121376 0.060277
v -0.010678 -0.121210 0.074721
v 0.011505 -0.120932 0.073102
v -0.045006 -0.119153 0.053804
v -0.042004 -0.119210 0.056145
v -0.038185 -0.121673 0.063534
v -0.027265 -0.121553 0.068769
v -0.016298 -0.121316 0.073601
v -0.008779 -0.121148 0.076634
v -0.003735 -0.121097 0.074624
v 0.015814 -0.120789 0.071715
v -0.045928 -0.120980 0.056335
v -0.036695 -0.121528 0.067962
v -0.028745 -0.121530 0.074192
v -0.023713 -0.121524 0.071088
v -0.043444 -0.121576 0.060796
v -0.021544 -0.121270 0.075625
v 0.000359 -0.120997 0.077154
v 0.016236 -0.120911 0.074101
v 0.013072 -0.120915 0.076808
v -0.043038 -0.121508 0.065048
v -0.032011 -0.121526 0.072858
v -0.002756 -0.121058 0.076540
v 0.024158 -0.121224 0.076442
v -0.048427 -0.120996 0.054845
v -0.048456 -0.121390 0.058465
v -0.039489 -0.121601 0.069577
v -0.034257 -0.121504 0.072274
v -0.022435 -0.121251 0.077869
v -0.050561 -0.121427 0.061485
v 0.027008 -0.121641 0.070588
v 0.015688 -0.120923 0.078156
v -0.042105 -0.121624 0.068229
v -0.041561 -0.121540 0.072961
v -0.036420 -0.121472 0.076927
v -0.049953 -0.121422 0.064183
v 0.028725 -0.121432 0.075339
v -0.044721 -0.121574 0.066880
v -0.052568 -0.121428 0.062834
v -0.051218 -0.121656 0.068760
v 0.032765 -0.121467 0.073995
v 0.032886 -0.121352 0.077045
v -0.047448 -0.121586 0.068285
v -0.042186 -0.121493 0.074809
v 0.030898 -0.121711 0.069155
v -0.046789 -0.121448 0.075461
v 0.035510 -0.121467 0.071820
v 0.036731 -0.124634 -0.064467
v 0.035800 -0.124308 -0.057067
v 0.035581 -0.124105 -0.052329
v 0.035657 -0.124028 -0.043983
v 0.032453 -0.123661 -0.041144
v 0.035664 -0.123737 -0.035683
v 0.030455 -0.123648 -0.046723
v 0.033280 -0.123475 -0.031727
v 0.029044 -0.123079 -0.044091
v 0.031763 -0.123402 -0.036191
v 0.031882 -0.123452 -0.029303
v 0.026915 -0.121973 -0.046148
v 0.030312 -0.123243 -0.040127
v 0.030230 -0.122930 -0.033547
v 0.027773 -0.122074 -0.041545
v 0.028567 -0.122363 -0.037715
v 0.031824 -0.123450 -0.023484
v 0.028283 -0.121884 -0.034675
v 0.028526 -0.122185 -0.030788
v 0.025500 -0.118900 -0.043302
v 0.030149 -0.123042 -0.026966
v 0.027984 -0.121773 -0.028082
v 0.025396 -0.119156 -0.039350
v 0.025570 -0.119577 -0.037528
v 0.031450 -0.123421 -0.016532
v 0.027940 -0.121879 -0.022284
v 0.025897 -0.119793 -0.032371
v 0.022242 -0.117872 -0.030743
v 0.023838 -0.116209 -0.040281
v 0.030068 -0.123065 -0.020386
v 0.023299 -0.119233 -0.027187
v 0.025470 -0.116213 -0.045934
v 0.022804 -0.116168 -0.034737
v 0.023650 -0.118243 -0.033628
v 0.027620 -0.121944 -0.015571
v 0.033951 -0.123509 -0.015073
v 0.026185 -0.120422 -0.025699
v 0.021093 -0.116213 -0.028559
v 0.025286 -0.113593 -0.042718
v 0.024435 -0.113212 -0.038825
v 0.029391 -0.122881 -0.012474
v 0.033003 -0.123501 -0.010947
v 0.024836 -0.120048 -0.023083
v 0.026103 -0.120917 -0.019119
v 0.021902 -0.116213 -0.031218
v 0.020999 -0.116213 -0.025061
v 0.022148 -0.119200 -0.024469
v 0.026360 -0.113266 -0.045324
v 0.026223 -0.121628 -0.007795
v 0.023488 -0.119849 -0.020467
v 0.024273 -0.120451 -0.015359
v 0.023219 -0.112789 -0.027228
v 0.035134 -0.122771 0.003729
v 0.032639 -0.123314 -0.005162
v 0.028491 -0.110327 -0.043715
v 0.026165 -0.116213 -0.048887
v 0.026022 -0.121276 -0.012538
v 0.030284 -0.123194 -0.007816
v 0.020859 -0.119168 -0.021823
v 0.022139 -0.119740 -0.017851
v 0.022469 -0.113539 -0.024629
v 0.020639 -0.115734 -0.021936
v 0.027641 -0.110327 -0.048014
v 0.027667 -0.113270 -0.048112
v 0.024475 -0.120894 -0.009398
v 0.028224 -0.122478 -0.004041
v 0.019498 -0.119161 -0.019170
v 0.022000 -0.120200 -0.011203
v 0.020790 -0.119809 -0.015236
v 0.031414 -0.123262 -0.002805
v 0.036513 -0.122672 0.006004
v 0.028480 -0.113270 -0.051005
v 0.021556 -0.119973 -0.002701
v 0.023558 -0.120508 -0.001229
v 0.019741 -0.116213 -0.019420
v 0.019404 -0.119104 -0.013462
v 0.022528 -0.113270 -0.020962
v 0.031419 -0.123053 0.002293
v 0.019361 -0.119770 -0.006039
v 0.026644 -0.121885 -0.000499
v 0.019569 -0.116179 -0.015993
v 0.029743 -0.122992 0.005935
v 0.028983 -0.122825 0.001418
v 0.034224 -0.122599 0.012611
v 0.018222 -0.119156 -0.006626
v 0.018012 -0.119759 -0.003423
v 0.019279 -0.119910 0.000541
v 0.021895 -0.120159 0.001890
v 0.021636 -0.113376 -0.015242
v 0.018927 -0.119156 -0.009574
v 0.019455 -0.116213 -0.012631
v 0.030349 -0.123048 0.010578
v 0.017079 -0.119156 -0.003904
v 0.017129 -0.119156 -0.001071
v 0.026803 -0.122049 0.006635
v 0.024511 -0.120926 0.003238
v 0.021394 -0.113270 -0.011613
v 0.018948 -0.116213 -0.009563
v 0.028219 -0.122710 0.008503
v 0.027913 -0.122571 0.015692
v 0.018319 -0.116213 -0.006576
v 0.017931 -0.119980 0.003157
v 0.016041 -0.119156 0.002183
v 0.019354 -0.119949 0.006756
v 0.019882 -0.113652 -0.006798
v 0.026225 -0.122042 0.013434
v 0.029738 -0.122524 0.018618
v 0.034264 -0.122420 0.016340
v 0.017666 -0.115987 -0.002220
v 0.022323 -0.120436 0.007562
v 0.023622 -0.120975 0.011517
v 0.024348 -0.121270 0.016399
v 0.026578 -0.122007 0.020704
v 0.016268 -0.119129 0.008079
v 0.016554 -0.116311 0.003150
v 0.017849 -0.119875 0.009737
v 0.021355 -0.120588 0.015896
v 0.022539 -0.120703 0.019954
v 0.026706 -0.122098 0.024454
v 0.019406 -0.113270 -0.002705
v 0.020465 -0.120193 0.011086
v 0.019117 -0.120278 0.013702
v 0.023766 -0.121180 0.024015
v 0.035565 -0.122263 0.030481
v 0.016333 -0.116193 0.012505
v 0.016223 -0.119390 0.012210
v 0.017768 -0.120416 0.016318
v 0.016343 -0.120374 0.019080
v 0.019599 -0.120337 0.025867
v 0.024550 -0.121477 0.028780
v 0.033463 -0.122224 0.024409
v 0.015240 -0.119156 0.014876
v 0.021024 -0.120245 0.029141
v 0.027761 -0.122105 0.028752
v 0.033100 -0.122230 0.030213
v 0.014737 -0.119156 0.018066
v 0.017687 -0.120314 0.022898
v 0.017606 -0.119861 0.029478
v 0.022837 -0.120661 0.032175
v 0.026385 -0.121940 0.031624
v 0.031182 -0.122157 0.033588
v 0.036389 -0.122058 0.036806
v 0.016068 -0.116213 0.015441
v 0.014734 -0.119303 0.021904
v 0.016338 -0.120166 0.025514
v 0.017837 -0.119026 0.035425
v 0.018070 -0.113383 0.011958
v 0.015430 -0.116902 0.019360
v 0.014816 -0.119156 0.024729
v 0.015887 -0.119227 0.032129
v 0.014768 -0.119248 0.028335
v 0.020088 -0.119343 0.037363
v 0.023665 -0.121022 0.038119
v 0.028062 -0.122100 0.034949
v 0.030595 -0.122072 0.035469
v 0.017688 -0.113132 0.016410
v 0.014898 -0.116016 0.027974
v 0.015050 -0.116226 0.034294
v 0.016176 -0.117813 0.038674
v 0.033681 -0.121913 0.037793
v 0.015434 -0.116285 0.038907
v 0.020391 -0.119010 0.043471
v 0.017429 -0.117866 0.042492
v 0.027322 -0.122019 0.036534
v 0.034297 -0.121938 0.042341
v 0.024023 -0.121189 0.042720
v 0.026103 -0.121758 0.040193
v 0.031952 -0.121891 0.040185
v 0.033967 -0.121875 0.044524
v 0.022675 -0.120732 0.045336
v 0.018710 -0.117405 0.046603
v 0.015860 -0.116213 0.041823
v 0.025709 -0.121669 0.045343
v 0.020939 -0.119524 0.047752
v 0.017557 -0.116213 0.046009
v 0.016724 -0.116213 0.044033
v 0.031836 -0.121737 0.047323
v 0.035677 -0.122024 0.050193
v 0.024159 -0.121446 0.049280
v 0.017925 -0.116178 0.048163
v 0.017397 -0.113252 0.042681
v 0.034487 -0.121864 0.048114
v 0.029435 -0.121765 0.052644
v 0.022593 -0.121047 0.051916
v 0.017833 -0.113270 0.048901
v 0.017799 -0.113223 0.046246
v 0.020087 -0.119123 0.050511
v 0.031517 -0.121940 0.058064
v 0.034028 -0.122125 0.054500
v 0.023991 -0.121378 0.055811
v 0.018714 -0.116431 0.055872
v 0.035809 -0.122032 0.061205
v 0.020014 -0.119156 0.053898
v 0.021245 -0.120399 0.054532
v 0.019268 -0.110259 0.050092
v 0.018248 -0.113089 0.053564
v 0.033577 -0.122011 0.060687
v 0.029241 -0.121803 0.066278
v 0.022693 -0.121049 0.058587
v 0.020331 -0.110739 0.043991
v 0.018259 -0.113270 0.056304
v 0.019885 -0.119051 0.057610
v 0.033283 -0.121905 0.063608
v 0.025424 -0.121495 0.060202
v 0.019112 -0.110308 0.053239
v 0.019836 -0.107384 0.047184
v 0.018272 -0.113270 0.059871
v 0.018066 -0.110327 0.056204
v 0.018419 -0.116411 0.059903
v 0.025597 -0.121589 0.068669
v 0.020216 -0.120264 0.063064
v 0.018303 -0.107384 0.049705
v 0.021770 -0.107384 0.044870
v 0.015524 -0.110444 0.057984
v 0.018940 -0.119156 0.063277
v 0.022431 -0.121048 0.065077
v 0.018629 -0.108752 0.053184
v 0.017280 -0.109259 0.055799
v 0.017249 -0.106948 0.049579
v 0.021159 -0.110184 0.041854
v 0.014583 -0.111833 0.061031
v 0.018582 -0.116213 0.063093
v 0.018347 -0.119344 0.066282
v 0.021082 -0.120884 0.067693
v 0.022862 -0.107384 0.042122
v 0.019995 -0.105558 0.044269
v 0.017199 -0.111193 0.062380
v 0.019154 -0.113270 0.063387
v 0.018129 -0.116213 0.066170
v 0.019873 -0.120998 0.070432
v 0.023610 -0.107384 0.039196
v 0.013316 -0.109575 0.057067
v 0.015851 -0.111006 0.064996
v 0.018424 -0.113270 0.066322
v 0.016245 -0.119156 0.068510
v 0.017118 -0.119965 0.068960
v 0.022756 -0.109162 0.038756
v 0.022716 -0.104518 0.038721
v 0.021407 -0.104888 0.041372
v 0.014336 -0.104475 0.037741
v 0.015710 -0.113270 0.068234
v 0.015823 -0.116213 0.068292
v 0.024042 -0.107384 0.036180
v 0.014502 -0.112040 0.067612
v 0.021847 -0.104355 0.034976
v 0.016349 -0.103585 0.031999
v 0.018666 -0.104239 0.035200
v 0.023118 -0.104191 0.032320
v 0.011025 -0.103573 0.029397
v 0.024021 -0.107384 0.032785
v 0.011279 -0.103112 0.026023
v 0.018325 -0.103052 0.027737
v 0.024481 -0.104020 0.029712
v 0.021022 -0.103171 0.029425
v 0.024326 -0.107446 0.029389
v 0.018829 -0.102368 0.020718
v 0.006571 -0.102944 0.023191
v 0.022919 -0.103072 0.025595
v 0.022837 -0.109062 0.032175
v 0.025455 -0.104441 0.026987
v 0.015452 -0.102459 0.019165
v 0.021009 -0.102546 0.022965
v 0.010985 -0.102297 0.018156
v -0.000912 -0.103279 0.025129
v 0.020886 -0.110239 0.034923
v 0.024227 -0.107384 0.026270
v 0.017258 -0.102106 0.016021
v 0.024348 -0.102366 0.016399
v 0.006680 -0.102045 0.015131
v 0.004445 -0.103665 0.029316
v 0.004526 -0.102924 0.022735
v 0.024267 -0.103043 0.022979
v 0.025510 -0.104441 0.023620
v 0.018101 -0.101857 0.011028
v 0.025616 -0.103182 0.020363
v 0.023132 -0.101811 0.012427
v 0.011952 -0.101801 0.014323
v 0.004607 -0.102222 0.016155
v -0.000217 -0.103502 0.026874
v 0.001249 -0.102413 0.018058
v 0.000873 -0.102723 0.020984
v 0.024310 -0.107397 0.022925
v 0.026695 -0.104441 0.017947
v 0.025697 -0.102137 0.013783
v 0.005754 -0.101817 0.010454
v 0.025616 -0.106703 0.020363
v 0.015009 -0.101643 0.007175
v 0.024430 -0.101743 0.009818
v 0.026323 -0.104441 0.020728
v 0.027046 -0.103153 0.011167
v 0.011269 -0.101704 0.009656
v 0.019872 -0.101772 0.003419
v 0.022945 -0.101572 0.006682
v 0.027287 -0.104441 0.014603
v 0.025778 -0.101951 0.007203
v 0.024078 -0.107350 0.016654
v 0.027444 -0.104441 0.011372
v 0.014698 -0.101927 -0.001501
v 0.024474 -0.101706 0.003229
v 0.027625 -0.104441 0.008154
v 0.027127 -0.102355 0.004587
v 0.025725 -0.106740 0.013636
v 0.023058 -0.102076 -0.000945
v 0.027046 -0.105981 0.011167
v 0.019165 -0.102398 -0.004657
v 0.025860 -0.102103 0.000622
v 0.028485 -0.104263 0.001960
v 0.028090 -0.104441 0.005083
v 0.025525 -0.107220 0.007637
v 0.021976 -0.102396 -0.004691
v 0.027208 -0.102689 -0.001994
v 0.025919 -0.102536 -0.005961
v 0.024689 -0.102778 -0.009845
v 0.028448 -0.104441 -0.001354
v 0.027127 -0.106511 0.004587
v 0.025409 -0.107403 0.001190
v 0.028514 -0.104441 -0.004581
v 0.027289 -0.102953 -0.008574
v 0.026715 -0.107132 -0.002248
v 0.028643 -0.104438 -0.011197
v 0.028815 -0.104441 -0.007788
v 0.026338 -0.107617 -0.005753
v 0.028469 -0.104441 -0.014588
v 0.027157 -0.107371 -0.008447
v 0.028227 -0.107017 -0.011401
v 0.027371 -0.103854 -0.015154
v 0.029121 -0.107384 -0.014252
v 0.028636 -0.105513 -0.017979
v 0.026103 -0.109757 -0.019119
v 0.028636 -0.105513 -0.017979
v 0.027371 -0.109008 -0.015154
v 0.027452 -0.109253 -0.021735
v 0.029121 -0.107384 -0.014252
v 0.029618 -0.124747 -0.070504
v 0.033334 -0.124999 -0.071680
v 0.033253 -0.124534 -0.065100
v 0.030637 -0.124609 -0.066448
v 0.036731 -0.124634 -0.064467
v 0.031366 -0.124250 -0.061186
v 0.026305 -0.124446 -0.067243
v 0.025597 -0.124281 -0.065245
v 0.033171 -0.124241 -0.058519
v 0.022789 -0.124626 -0.070494
v 0.027310 -0.123592 -0.059287
v 0.023671 -0.124425 -0.066129
v 0.032121 -0.123954 -0.053803
v 0.035800 -0.124308 -0.057067
v 0.022707 -0.123490 -0.057320
v 0.029207 -0.123772 -0.057252
v 0.019886 -0.123832 -0.058948
v 0.035581 -0.124105 -0.052329
v 0.025243 -0.123592 -0.055985
v 0.020276 -0.124479 -0.065968
v 0.028075 -0.123516 -0.054036
v 0.035657 -0.124028 -0.043983
v 0.020940 -0.122056 -0.055006
v 0.023940 -0.122099 -0.053362
v 0.029262 -0.123542 -0.050699
v 0.026510 -0.123048 -0.052020
v 0.030455 -0.123648 -0.046723
v 0.025816 -0.122099 -0.050675
v 0.027777 -0.122973 -0.048056
v 0.024425 -0.119156 -0.053371
v 0.026417 -0.122099 -0.048757
v 0.026915 -0.121973 -0.046148
v 0.025434 -0.119156 -0.049565
v 0.026927 -0.116376 -0.052503
v 0.025659 -0.119156 -0.045837
v 0.025931 -0.116398 -0.055835
v 0.026165 -0.116213 -0.048887
v 0.025470 -0.116213 -0.045934
v 0.025500 -0.118900 -0.043302
v 0.028480 -0.113270 -0.051005
v 0.028322 -0.113276 -0.054906
v 0.027858 -0.115161 -0.054636
v 0.026110 -0.113270 -0.057668
v 0.028882 -0.109368 -0.030931
v 0.026686 -0.110599 -0.032063
v 0.029172 -0.107072 -0.031085
v 0.027994 -0.107177 -0.035078
v 0.027059 -0.110115 -0.028559
v 0.027422 -0.110205 -0.034522
v 0.029155 -0.107432 -0.027450
v 0.027697 -0.110327 -0.038164
v 0.025616 -0.106703 0.020363
v 0.024235 -0.107384 0.019651
v 0.026695 -0.104441 0.017947
v 0.007013 -0.124914 -0.072005
v 0.000473 -0.124619 -0.070858
v 0.011184 -0.124709 -0.070140
v 0.005793 -0.124928 -0.069311
v -0.006476 -0.124674 -0.071183
v 0.013193 -0.124721 -0.070452
v 0.000139 -0.124550 -0.069038
v 0.012980 -0.124282 -0.065756
v 0.020276 -0.124479 -0.065968
v -0.011203 -0.124560 -0.066127
v -0.005988 -0.124620 -0.067795
v 0.004802 -0.124543 -0.065814
v 0.017476 -0.124497 -0.066611
v -0.021272 -0.124483 -0.070567
v -0.018894 -0.124483 -0.072028
v -0.015851 -0.124504 -0.070569
v 0.001960 -0.124563 -0.061776
v 0.010710 -0.124185 -0.060235
v -0.013838 -0.124569 -0.066428
v -0.006178 -0.124446 -0.059283
v -0.002513 -0.124578 -0.060512
v 0.004406 -0.124386 -0.060292
v 0.017209 -0.123978 -0.060402
v 0.019886 -0.123832 -0.058948
v -0.016937 -0.124422 -0.064628
v -0.010348 -0.123989 -0.057967
v -0.008926 -0.124268 -0.060356
v 0.000270 -0.124471 -0.058926
v 0.002886 -0.124050 -0.057577
v 0.006850 -0.123985 -0.058844
v 0.013430 -0.124015 -0.058763
v -0.022348 -0.124517 -0.065409
v -0.031034 -0.124669 -0.068654
v -0.013116 -0.124197 -0.059267
v -0.003695 -0.124235 -0.057658
v -0.007659 -0.123500 -0.056391
v -0.001079 -0.123293 -0.056310
v 0.005484 -0.122268 -0.056071
v 0.009466 -0.123637 -0.057496
v 0.011933 -0.122497 -0.055858
v 0.016046 -0.123901 -0.057415
v 0.018662 -0.123153 -0.056066
v -0.020738 -0.124215 -0.063134
v -0.011624 -0.123043 -0.055124
v -0.004915 -0.122192 -0.054916
v -0.000832 -0.122090 -0.055277
v 0.008681 -0.122099 -0.055973
v 0.013285 -0.122099 -0.055527
v 0.020940 -0.122056 -0.055006
v -0.022087 -0.123981 -0.060518
v -0.015507 -0.124252 -0.060437
v -0.014239 -0.123613 -0.056472
v -0.010181 -0.122099 -0.054380
v -0.008517 -0.122099 -0.054727
v 0.008721 -0.119156 -0.056050
v 0.017576 -0.122103 -0.055079
v -0.019471 -0.123983 -0.059170
v -0.012139 -0.122099 -0.054124
v -0.016855 -0.124086 -0.057821
v -0.015283 -0.122099 -0.054448
v -0.018129 -0.122143 -0.055099
v 0.020497 -0.113270 -0.059626
v 0.019062 -0.116258 -0.059274
v 0.017446 -0.113270 -0.059951
v 0.023479 -0.113270 -0.058987
v 0.016219 -0.116320 -0.057750
v 0.020917 -0.111999 -0.058203
v 0.023259 -0.116213 -0.058559
v 0.013960 -0.113270 -0.059790
v 0.016046 -0.111738 -0.057415
v 0.025931 -0.116398 -0.055835
v 0.025243 -0.111080 -0.055985
v 0.013734 -0.116198 -0.058557
v 0.013430 -0.112304 -0.058763
v 0.018748 -0.111226 -0.055732
v 0.026110 -0.113270 -0.057668
v 0.011059 -0.113270 -0.059689
v 0.012244 -0.111246 -0.055930
v 0.028322 -0.113276 -0.054906
v 0.023890 -0.110325 -0.053391
v 0.009721 -0.116499 -0.057991
v 0.016911 -0.110466 -0.051316
v 0.027858 -0.111787 -0.054636
v 0.020521 -0.110520 -0.052035
v 0.006750 -0.116338 -0.058951
v 0.009466 -0.111778 -0.057496
v 0.011837 -0.110208 -0.052442
v 0.028480 -0.113270 -0.051005
v 0.025161 -0.109647 -0.049404
v 0.026561 -0.110315 -0.052055
v 0.007064 -0.112869 -0.059260
v 0.005505 -0.111482 -0.056231
v 0.006346 -0.110244 -0.052482
v 0.014616 -0.109382 -0.048218
v 0.019127 -0.110219 -0.049478
v 0.023813 -0.108984 -0.046789
v 0.004513 -0.113270 -0.059745
v 0.000988 -0.109918 -0.051082
v 0.012578 -0.107759 -0.043317
v 0.017232 -0.109129 -0.046870
v 0.027641 -0.110327 -0.048014
v 0.002614 -0.116150 -0.058945
v 0.003279 -0.110859 -0.054209
v 0.007554 -0.108629 -0.047382
v 0.018820 -0.107813 -0.043264
v 0.026429 -0.108747 -0.045440
v -0.000199 -0.113121 -0.059337
v 0.002886 -0.111982 -0.057577
v -0.001079 -0.111387 -0.056310
v 0.006507 -0.108436 -0.046564
v 0.010772 -0.107304 -0.041162
v 0.025080 -0.107822 -0.042824
v 0.028491 -0.110327 -0.043715
v -0.004187 -0.116349 -0.058249
v -0.002901 -0.110362 -0.052363
v 0.001456 -0.109083 -0.048381
v 0.007165 -0.107475 -0.042067
v 0.016805 -0.105555 -0.031711
v 0.023524 -0.107318 -0.040433
v 0.027696 -0.108019 -0.041475
v -0.002796 -0.113270 -0.059401
v -0.007513 -0.111402 -0.056264
v -0.005321 -0.109286 -0.048308
v -0.001659 -0.108499 -0.045822
v 0.010840 -0.106449 -0.036274
v 0.023333 -0.106024 -0.033721
v 0.028452 -0.110369 -0.041041
v -0.006415 -0.113026 -0.059161
v -0.007876 -0.110202 -0.051661
v -0.003695 -0.111872 -0.057658
v 0.005379 -0.107055 -0.039540
v 0.011705 -0.105953 -0.033227
v 0.022256 -0.105620 -0.031291
v 0.026775 -0.107384 -0.038909
v 0.025087 -0.106535 -0.036238
v -0.006310 -0.115575 -0.059007
v -0.011624 -0.111097 -0.055124
v -0.013390 -0.110035 -0.051097
v -0.008748 -0.108591 -0.045850
v -0.002494 -0.107382 -0.040410
v 0.004093 -0.106172 -0.034436
v 0.012160 -0.105064 -0.028167
v 0.024776 -0.105272 -0.029510
v 0.020400 -0.104844 -0.025724
v -0.012510 -0.110414 -0.052211
v -0.010275 -0.112178 -0.057740
v 0.002642 -0.106849 -0.037836
v 0.016989 -0.104915 -0.027129
v 0.026266 -0.105853 -0.032279
v -0.014614 -0.111285 -0.056456
v -0.010831 -0.108401 -0.045176
v 0.009383 -0.104905 -0.027201
v 0.013024 -0.104755 -0.025862
v 0.025368 -0.104443 -0.024256
v 0.018035 -0.104585 -0.024240
v -0.016085 -0.109026 -0.047840
v -0.019573 -0.110318 -0.052687
v -0.013375 -0.107813 -0.042658
v -0.002215 -0.106098 -0.033584
v 0.005176 -0.105408 -0.029907
v 0.027533 -0.105404 -0.028315
v 0.021423 -0.104072 -0.019561
v -0.016937 -0.109914 -0.051241
v -0.017233 -0.106863 -0.037901
v -0.005287 -0.106412 -0.035302
v 0.002561 -0.105660 -0.031256
v 0.001066 -0.105251 -0.028811
v 0.009072 -0.104408 -0.023938
v 0.023488 -0.104065 -0.020467
v 0.028801 -0.105193 -0.024350
v 0.016078 -0.104030 -0.020091
v -0.017018 -0.108264 -0.044660
v -0.006968 -0.106964 -0.038619
v -0.008100 -0.105702 -0.030657
v 0.024822 -0.103462 -0.016638
v 0.027402 -0.104442 -0.021744
v 0.021121 -0.103675 -0.016496
v 0.004787 -0.104272 -0.022468
v 0.013627 -0.103448 -0.016203
v 0.029341 -0.107384 -0.020761
v -0.012166 -0.105532 -0.030099
v -0.003509 -0.105081 -0.027354
v 0.002479 -0.104642 -0.024676
v 0.006120 -0.103665 -0.017420
v 0.028636 -0.105513 -0.017979
v 0.023417 -0.103266 -0.013796
v 0.018547 -0.103109 -0.012404
v -0.008244 -0.104917 -0.026502
v 0.001163 -0.104377 -0.022333
v 0.005484 -0.103326 -0.014187
v 0.010661 -0.103019 -0.012101
v 0.027371 -0.103854 -0.015154
v 0.012862 -0.103028 -0.012701
v -0.010574 -0.104665 -0.024739
v -0.003883 -0.104740 -0.024710
v -0.000581 -0.104258 -0.020454
v 0.020830 -0.102937 -0.009322
v 0.024689 -0.102778 -0.009845
v 0.015020 -0.102624 -0.008181
v -0.004885 -0.104568 -0.022651
v 0.003665 -0.103392 -0.014131
v 0.004575 -0.102836 -0.009500
v -0.010221 -0.104216 -0.019132
v -0.000931 -0.103806 -0.016016
v 0.011001 -0.102521 -0.006923
v 0.019165 -0.102398 -0.004657
v -0.005522 -0.104223 -0.019298
v -0.059017 -0.124740 -0.066735
v -0.058819 -0.125032 -0.072079
v -0.053121 -0.125012 -0.069931
v -0.053096 -0.124823 -0.066706
v -0.050010 -0.125030 -0.070843
v -0.053516 -0.124734 -0.063288
v -0.048327 -0.124798 -0.067424
v -0.045685 -0.124622 -0.062767
v -0.045982 -0.124829 -0.069753
v -0.045409 -0.124480 -0.059368
v -0.040952 -0.124011 -0.058380
v -0.043095 -0.124619 -0.064726
v -0.040905 -0.124674 -0.067109
v -0.040089 -0.124195 -0.061752
v -0.034816 -0.124053 -0.055400
v -0.037187 -0.124624 -0.066916
v -0.039795 -0.123620 -0.051841
v -0.032999 -0.124258 -0.059326
v -0.031952 -0.124543 -0.065250
v -0.037499 -0.123657 -0.049898
v -0.032551 -0.123732 -0.053082
v -0.031034 -0.124669 -0.068654
v -0.034062 -0.123183 -0.050136
v -0.028196 -0.124375 -0.061481
v -0.030016 -0.124174 -0.057984
v -0.025946 -0.124638 -0.065774
v -0.030101 -0.122068 -0.051435
v -0.028749 -0.123396 -0.054019
v -0.022348 -0.124517 -0.065409
v -0.025962 -0.124165 -0.059478
v -0.027400 -0.123930 -0.056635
v -0.032813 -0.122099 -0.049492
v -0.026117 -0.121928 -0.053075
v -0.022087 -0.123981 -0.060518
v -0.024784 -0.123412 -0.055286
v -0.023436 -0.124074 -0.057902
v -0.022360 -0.122099 -0.054433
v -0.020820 -0.123721 -0.056554
v -0.019471 -0.123983 -0.059170
v -0.018129 -0.122143 -0.055099
v -0.022227 -0.119156 -0.054129
v -0.018455 -0.119156 -0.054717
v -0.021116 -0.115967 -0.056059
v -0.016037 -0.119156 -0.054243
v -0.015283 -0.122099 -0.054448
v -0.012965 -0.113076 -0.059176
v -0.009700 -0.113270 -0.058854
v -0.010300 -0.116160 -0.057440
v -0.010275 -0.112178 -0.057740
v -0.006785 -0.116213 -0.058087
v -0.012891 -0.114595 -0.059088
v -0.014614 -0.111285 -0.056456
v -0.007513 -0.111402 -0.056264
v -0.006415 -0.113026 -0.059161
v -0.016175 -0.113270 -0.059140
v -0.006310 -0.115575 -0.059007
v -0.016855 -0.115543 -0.057821
v -0.016855 -0.111752 -0.057821
v -0.019309 -0.113270 -0.058795
v -0.020820 -0.111308 -0.056554
v -0.019573 -0.110318 -0.052687
v -0.023436 -0.112235 -0.057902
v -0.024808 -0.110986 -0.055336
v -0.023277 -0.113270 -0.058209
v -0.016085 -0.109026 -0.047840
v -0.026917 -0.113270 -0.057571
v -0.022203 -0.109049 -0.047592
v -0.023436 -0.114448 -0.057902
v -0.027400 -0.111527 -0.056635
v -0.019634 -0.108664 -0.046009
v -0.029470 -0.110306 -0.051720
v -0.021116 -0.115967 -0.056059
v -0.028749 -0.110704 -0.054019
v -0.030038 -0.113382 -0.058023
v -0.023725 -0.108518 -0.045297
v -0.017018 -0.108264 -0.044660
v -0.026402 -0.109597 -0.049104
v -0.032294 -0.111215 -0.055009
v -0.027400 -0.115270 -0.056635
v -0.017233 -0.106863 -0.037901
v -0.033304 -0.110345 -0.049671
v -0.022242 -0.107418 -0.040366
v -0.031922 -0.109200 -0.045952
v -0.026101 -0.108026 -0.042618
v -0.026906 -0.107084 -0.038737
v -0.022412 -0.106184 -0.034197
v -0.032594 -0.107620 -0.039911
v -0.024453 -0.105745 -0.030543
v -0.017990 -0.105981 -0.033091
v -0.027644 -0.106762 -0.036894
v -0.012166 -0.105532 -0.030099
v -0.033925 -0.106772 -0.035334
v -0.014565 -0.105574 -0.030151
v -0.010574 -0.104665 -0.024739
v -0.059145 -0.123657 -0.027735
v -0.055310 -0.123259 -0.011619
v -0.054769 -0.123700 -0.021193
v -0.058336 -0.123171 -0.003050
v -0.055261 -0.123557 -0.017660
v -0.058417 -0.122835 0.003530
v -0.053657 -0.122397 0.011525
v -0.054128 -0.123695 -0.024058
v -0.058561 -0.124013 -0.034303
v -0.055994 -0.123109 -0.002704
v -0.054328 -0.122689 0.002942
v -0.050307 -0.123305 -0.012375
v -0.057808 -0.122390 0.013880
v -0.051081 -0.122187 0.014218
v -0.048325 -0.123279 -0.017219
v -0.050596 -0.123615 -0.027720
v -0.051004 -0.123578 -0.022309
v -0.055869 -0.123991 -0.033853
v -0.053462 -0.123085 -0.004383
v -0.048977 -0.123268 -0.014781
v -0.055962 -0.122217 0.020531
v -0.048892 -0.122291 0.007888
v -0.047775 -0.121828 0.013331
v -0.055252 -0.123580 -0.028930
v -0.052385 -0.124097 -0.040628
v -0.046262 -0.122918 -0.012229
v -0.054615 -0.122205 0.015423
v -0.051837 -0.122590 0.003611
v -0.050526 -0.122098 0.017613
v -0.043678 -0.123164 -0.021862
v -0.044887 -0.122977 -0.017672
v -0.050896 -0.123895 -0.033379
v -0.056506 -0.124051 -0.040795
v -0.048842 -0.122670 -0.001360
v -0.044215 -0.122713 -0.012316
v -0.049859 -0.122964 -0.005234
v -0.058219 -0.122224 0.024863
v -0.045338 -0.121961 0.010273
v -0.051029 -0.122127 0.020779
v -0.046855 -0.121517 0.019888
v -0.058242 -0.124298 -0.046495
v -0.046216 -0.123309 -0.031773
v -0.048728 -0.123509 -0.026859
v -0.050103 -0.123994 -0.038273
v -0.042478 -0.122461 -0.008119
v -0.046443 -0.122456 -0.006852
v -0.057742 -0.121969 0.031239
v -0.044148 -0.122047 0.001238
v -0.044395 -0.122099 0.009379
v -0.044861 -0.121534 0.015370
v -0.040404 -0.122949 -0.018307
v -0.039755 -0.122782 -0.013782
v -0.044641 -0.123128 -0.028224
v -0.051842 -0.124268 -0.044506
v -0.046433 -0.123740 -0.042677
v -0.045175 -0.122241 -0.002888
v -0.043827 -0.122144 -0.005504
v -0.041130 -0.122754 -0.010735
v -0.055140 -0.122090 0.028252
v -0.052467 -0.122090 0.026893
v -0.047151 -0.121453 0.022642
v -0.042116 -0.121664 0.016742
v -0.058538 -0.124464 -0.051993
v -0.040967 -0.123207 -0.023896
v -0.044803 -0.123317 -0.037284
v -0.053091 -0.124468 -0.054796
v -0.041211 -0.122560 -0.004155
v -0.038123 -0.122466 -0.009420
v -0.041524 -0.122170 0.002371
v -0.040543 -0.121638 0.020174
v -0.038351 -0.123044 -0.022547
v -0.038432 -0.122671 -0.015967
v -0.036913 -0.122138 -0.012136
v -0.041088 -0.123460 -0.036176
v -0.039618 -0.123255 -0.026512
v -0.049010 -0.124188 -0.048286
v -0.049919 -0.124177 -0.045067
v -0.042304 -0.123341 -0.040706
v -0.039862 -0.122634 -0.006771
v -0.054445 -0.121834 0.035064
v -0.048419 -0.121362 0.030034
v -0.039944 -0.122508 -0.000191
v -0.040025 -0.122590 0.006390
v -0.038383 -0.122366 0.010324
v -0.043889 -0.121356 0.027177
v -0.038839 -0.121353 0.016935
v -0.056414 -0.124714 -0.060090
v -0.036497 -0.122421 -0.024948
v -0.035969 -0.122054 -0.021080
v -0.036789 -0.122237 -0.018431
v -0.036248 -0.121888 -0.014841
v -0.040886 -0.123493 -0.030476
v -0.038270 -0.123288 -0.029128
v -0.047852 -0.124227 -0.050741
v -0.043174 -0.123448 -0.045666
v -0.037152 -0.122119 -0.005527
v -0.032633 -0.119173 -0.007985
v -0.049546 -0.121481 0.031281
v -0.046849 -0.121269 0.026049
v -0.038219 -0.122538 -0.002755
v -0.037844 -0.121900 0.001446
v -0.041373 -0.122428 0.009006
v -0.037490 -0.121519 0.014319
v -0.038079 -0.120813 0.022044
v -0.035174 -0.120165 0.016958
v -0.058953 -0.124751 -0.059657
v -0.052436 -0.124475 -0.055777
v -0.032974 -0.119449 -0.015338
v -0.039456 -0.123401 -0.039672
v -0.039537 -0.123557 -0.033092
v -0.035925 -0.122001 -0.027489
v -0.035546 -0.120957 -0.007003
v -0.056583 -0.121629 0.042351
v -0.052299 -0.121585 0.037020
v -0.048423 -0.121016 0.035978
v -0.037358 -0.122129 0.007638
v -0.036142 -0.121673 0.011703
v -0.040894 -0.121034 0.027160
v -0.046935 -0.124484 -0.057092
v -0.032809 -0.119259 -0.020217
v -0.034468 -0.120821 -0.017234
v -0.036840 -0.123184 -0.038324
v -0.038189 -0.123482 -0.035708
v -0.036439 -0.122491 -0.031495
v -0.033362 -0.118588 -0.026277
v -0.042096 -0.123799 -0.053369
v -0.038107 -0.123457 -0.042288
v -0.032573 -0.116213 -0.012946
v -0.033021 -0.119413 -0.006555
v -0.054047 -0.121492 0.041931
v -0.045663 -0.120959 0.036594
v -0.042987 -0.121318 0.031412
v -0.032910 -0.119266 -0.000554
v -0.035837 -0.121069 0.004142
v -0.034793 -0.121084 0.009087
v -0.033526 -0.120131 0.013051
v -0.035272 -0.119156 0.022084
v -0.037816 -0.118757 0.027395
v -0.059017 -0.124740 -0.066735
v -0.053516 -0.124734 -0.063288
v -0.031901 -0.117941 -0.022455
v -0.035244 -0.122384 -0.040812
v -0.035493 -0.122128 -0.034394
v -0.034536 -0.118908 -0.030174
v -0.044699 -0.124304 -0.055263
v -0.039795 -0.123620 -0.051841
v -0.036759 -0.123524 -0.044904
v -0.033027 -0.119156 -0.003247
v -0.032546 -0.116226 -0.016043
v -0.032584 -0.116213 -0.009641
v -0.033126 -0.116087 -0.006774
v -0.058905 -0.121765 0.043012
v -0.049762 -0.120824 0.045580
v -0.048229 -0.120967 0.040066
v -0.044314 -0.121197 0.033978
v -0.034250 -0.119156 0.019300
v -0.036762 -0.119156 0.024628
v -0.038967 -0.119175 0.030028
v -0.032990 -0.119190 0.014079
v -0.045409 -0.124480 -0.059368
v -0.031751 -0.116213 -0.019144
v -0.035356 -0.122099 -0.037559
v -0.032575 -0.116203 -0.026776
v -0.040952 -0.124011 -0.058380
v -0.039375 -0.123617 -0.046253
v -0.034865 -0.122084 -0.042541
v -0.042038 -0.120435 0.035812
v -0.040005 -0.119615 0.032889
v -0.033071 -0.116229 -0.000631
v -0.032169 -0.119156 0.003906
v -0.033057 -0.119601 0.006671
v -0.032783 -0.119108 0.011218
v -0.035384 -0.116210 0.018710
v -0.036085 -0.116213 0.021665
v -0.038863 -0.115811 0.030166
v -0.037190 -0.116170 0.026168
v -0.034580 -0.119109 -0.036165
v -0.034162 -0.115533 -0.030431
v -0.037499 -0.123657 -0.049898
v -0.035410 -0.123153 -0.047520
v -0.034689 -0.119156 -0.040526
v -0.052943 -0.121114 0.048545
v -0.045744 -0.121034 0.043175
v -0.044396 -0.120872 0.040559
v -0.032829 -0.116213 0.003477
v -0.033988 -0.116079 0.014070
v -0.034391 -0.116213 -0.033750
v -0.034292 -0.122099 -0.046944
v -0.034659 -0.119195 -0.043594
v -0.034663 -0.113324 -0.004051
v -0.048441 -0.120593 0.048406
v -0.047093 -0.120775 0.045790
v -0.041943 -0.119091 0.041851
v -0.040405 -0.119156 0.035994
v -0.034948 -0.113558 0.002385
v -0.033307 -0.115894 0.006811
v -0.033429 -0.116213 0.009790
v -0.038197 -0.113467 0.020748
v -0.039413 -0.116213 0.033194
v -0.034377 -0.116213 -0.036886
v -0.034062 -0.123183 -0.050136
v -0.032813 -0.122099 -0.049492
v -0.034067 -0.119156 -0.046828
v -0.035554 -0.116270 -0.040889
v -0.055236 -0.121466 0.053983
v -0.050277 -0.120929 0.051803
v -0.043128 -0.120580 0.044523
v -0.039855 -0.116213 0.036277
v -0.036180 -0.112936 0.005739
v -0.037537 -0.113532 0.017328
v -0.036817 -0.113076 0.013012
v -0.035532 -0.116213 -0.044272
v -0.045552 -0.119558 0.049896
v -0.044477 -0.120459 0.047139
v -0.042401 -0.119156 0.044898
v -0.036333 -0.113146 -0.038711
v -0.035575 -0.116842 -0.047348
v -0.037708 -0.113199 -0.042698
v -0.050561 -0.121427 0.061485
v -0.048456 -0.121390 0.058465
v -0.048427 -0.120996 0.054845
v -0.043082 -0.116143 0.044211
v -0.040676 -0.116213 0.039165
v -0.037035 -0.113814 -0.045047
v -0.055432 -0.121464 0.061316
v -0.043739 -0.119156 0.047519
v -0.045006 -0.119153 0.053804
v -0.043313 -0.113447 0.037806
v -0.039327 -0.110327 -0.039766
v -0.036334 -0.116213 -0.047996
v -0.036582 -0.110281 -0.045338
v -0.052568 -0.121428 0.062834
v -0.045932 -0.116216 0.049899
v -0.045834 -0.116213 0.053062
v -0.044553 -0.113410 0.040477
v -0.044564 -0.116275 0.047094
v -0.038359 -0.109909 -0.042418
v -0.037976 -0.113270 -0.048882
v -0.035173 -0.110437 -0.047398
v -0.052890 -0.121701 0.070423
v -0.051218 -0.121656 0.068760
v -0.045039 -0.113270 0.054651
v -0.045558 -0.113226 0.043010
v -0.045544 -0.110327 0.036516
v -0.036835 -0.107723 -0.038213
v -0.036743 -0.116226 -0.051455
v -0.034530 -0.108521 -0.042720
v -0.056614 -0.121688 0.070682
v -0.046562 -0.113270 0.046064
v -0.047174 -0.114789 0.052371
v -0.045514 -0.110327 0.039982
v -0.044384 -0.111806 0.033815
v -0.039532 -0.110327 -0.036400
v -0.038228 -0.113270 -0.052284
v -0.036678 -0.111423 -0.051484
v -0.046789 -0.121448 0.075461
v -0.053538 -0.121491 0.075679
v -0.047415 -0.113270 0.048936
v -0.047217 -0.113002 0.052382
v -0.046024 -0.110209 0.043534
v -0.043047 -0.108115 0.037943
v -0.044735 -0.110304 0.030449
v -0.038189 -0.111979 -0.035708
v -0.038289 -0.107402 -0.035341
v -0.035310 -0.116218 -0.054157
v -0.046083 -0.110327 0.046311
v -0.044396 -0.108939 0.040559
v -0.043529 -0.107371 0.033902
v -0.039906 -0.110482 -0.032666
v -0.037999 -0.106012 -0.029717
v -0.036677 -0.113270 -0.054795
v -0.035329 -0.111574 -0.054100
v -0.050115 -0.121472 0.077343
v -0.045314 -0.110382 0.049847
v -0.042798 -0.108670 0.043562
v -0.044697 -0.107339 0.028653
v -0.039650 -0.107263 -0.033150
v -0.033980 -0.115206 -0.056716
v -0.044477 -0.109488 0.047139
v -0.041617 -0.105946 0.028747
v -0.044315 -0.110346 0.027515
v -0.040988 -0.107342 -0.030329
v -0.035327 -0.105797 -0.028970
v -0.034010 -0.113270 -0.056862
v -0.042885 -0.105857 0.024782
v -0.040141 -0.106270 0.032171
v -0.044269 -0.107384 0.024069
v -0.040886 -0.109704 -0.030476
v -0.041205 -0.107384 -0.027330
v -0.039618 -0.105922 -0.026512
v -0.041464 -0.105002 0.022252
v -0.043151 -0.110574 0.024645
v -0.039736 -0.110327 -0.029884
v -0.038373 -0.105377 -0.022531
v -0.027674 -0.105437 -0.025144
v -0.037005 -0.105122 0.026931
v -0.044152 -0.108678 0.020818
v -0.039590 -0.110478 -0.026615
v -0.041577 -0.107384 -0.024211
v -0.040967 -0.106202 -0.023896
v -0.032361 -0.105245 -0.022478
v -0.030747 -0.105484 -0.024861
v -0.044249 -0.106959 0.020891
v -0.037651 -0.104411 0.021053
v -0.040967 -0.109630 -0.023896
v -0.041763 -0.107384 -0.021660
v -0.039596 -0.105149 -0.020022
v -0.042803 -0.104954 0.018202
v -0.035046 -0.104414 0.022422
v -0.038782 -0.104032 0.017589
v -0.043733 -0.107384 0.017722
v -0.031390 -0.104480 -0.017309
v -0.030240 -0.104552 0.024522
v -0.042775 -0.109233 0.017927
v -0.041631 -0.107381 -0.017497
v -0.036670 -0.104378 -0.012195
v -0.041497 -0.104362 0.015615
v -0.043108 -0.107384 0.014734
v -0.041048 -0.108968 -0.017316
v -0.041048 -0.105744 -0.017316
v -0.038432 -0.104726 -0.015967
v -0.030697 -0.103543 -0.008035
v -0.037427 -0.103748 0.014201
v -0.031275 -0.103892 0.018527
v -0.038939 -0.110555 -0.021750
v -0.041269 -0.107384 -0.014118
v -0.039781 -0.105006 -0.013351
v -0.035898 -0.103863 -0.008038
v -0.038803 -0.103434 0.010369
v -0.042200 -0.104484 0.011173
v -0.039781 -0.109512 -0.013351
v -0.038914 -0.104417 -0.008732
v -0.033300 -0.103611 -0.006745
v -0.029530 -0.103473 0.015881
v -0.042949 -0.107505 0.011908
v -0.040989 -0.107384 -0.010808
v -0.036271 -0.103489 -0.002145
v -0.026705 -0.103021 -0.000315
v -0.040328 -0.104129 0.006233
v -0.032738 -0.103170 0.009640
v -0.042187 -0.107384 0.008586
v -0.038514 -0.109673 -0.009387
v -0.041126 -0.107384 -0.007422
v -0.039659 -0.104502 -0.006666
v -0.037416 -0.103266 0.007853
v -0.041373 -0.108539 0.009006
v -0.039862 -0.109046 -0.006771
v -0.039047 -0.104233 -0.003039
v -0.033363 -0.103208 -0.000109
v -0.041283 -0.107384 0.005741
v -0.038435 -0.103520 0.003359
v -0.034766 -0.103106 0.004006
v -0.041118 -0.107384 -0.004198
v -0.039695 -0.104468 -0.000487
v -0.028122 -0.102873 0.004526
v -0.040186 -0.104441 0.002996
v -0.040025 -0.108981 0.006390
v -0.040909 -0.107384 -0.000688
v -0.041006 -0.107384 0.002212
v -0.039944 -0.108419 -0.000191
v -0.041763 -0.107384 -0.021660
v -0.039383 -0.110327 -0.023079
v -0.038939 -0.110555 -0.021750
v -0.040967 -0.109630 -0.023896
v 0.023244 -0.108738 -0.000726
v 0.020899 -0.110675 -0.002047
v 0.024592 -0.108316 -0.003342
v 0.026715 -0.107132 -0.002248
v 0.025409 -0.107403 0.001190
v 0.026338 -0.107617 -0.005753
v 0.021976 -0.109289 -0.004691
v 0.023325 -0.108469 -0.007307
v 0.027157 -0.107371 -0.008447
v 0.024674 -0.108150 -0.009922
v 0.028227 -0.107017 -0.011401
v 0.021895 -0.108449 0.001890
v 0.023162 -0.107706 0.005854
v 0.020547 -0.108462 0.004505
v 0.021347 -0.110327 -0.008327
v 0.020633 -0.110327 -0.005383
v 0.026022 -0.108564 -0.012538
v 0.023202 -0.110291 -0.013585
v 0.024528 -0.110186 -0.016620
v 0.024809 -0.110327 -0.019786
v 0.022287 -0.110922 -0.011153
v 0.024627 -0.110292 -0.022615
v 0.025748 -0.110091 -0.025924
v 0.029155 -0.107432 -0.027450
v 0.021636 -0.113376 -0.015242
v 0.019008 -0.110327 0.003712
v 0.029341 -0.107384 -0.020761
v 0.027059 -0.110115 -0.028559
v 0.023219 -0.112789 -0.027228
v 0.024917 -0.111419 -0.029663
v 0.026686 -0.110599 -0.032063
v 0.028882 -0.109368 -0.030931
v 0.022585 -0.114099 -0.031516
v 0.024088 -0.112889 -0.034879
v 0.027422 -0.110205 -0.034522
v 0.027697 -0.110327 -0.038164
v 0.028452 -0.110369 -0.041041
v 0.024435 -0.113212 -0.038825
v 0.025286 -0.113593 -0.042718
v 0.028491 -0.110327 -0.043715
v 0.022469 -0.113539 -0.024629
v 0.019124 -0.110291 0.007189
v 0.021814 -0.108888 0.008470
v 0.019045 -0.110327 0.010354
v 0.020465 -0.108761 0.011086
v 0.018827 -0.109885 0.013552
v 0.022528 -0.113270 -0.020962
v 0.023081 -0.108036 0.012434
v 0.021444 -0.108288 0.015385
v 0.018354 -0.110314 0.015457
v 0.018881 -0.110232 0.020436
v 0.025725 -0.106740 0.013636
v 0.024769 -0.107605 0.009994
v 0.027046 -0.105981 0.011167
v 0.025525 -0.107220 0.007637
v 0.027127 -0.106511 0.004587
v 0.024078 -0.107350 0.016654
v 0.021640 -0.109078 0.021462
v 0.024310 -0.107397 0.022925
v 0.018128 -0.110549 0.022944
v 0.022919 -0.108522 0.025595
v 0.021570 -0.109284 0.028211
v 0.024227 -0.107384 0.026270
v 0.024326 -0.107446 0.029389
v 0.018374 -0.110350 0.027543
v 0.022837 -0.109062 0.032175
v 0.020306 -0.110341 0.030830
v 0.020886 -0.110239 0.034923
v 0.018873 -0.111086 0.033443
v 0.016092 -0.113030 0.032190
v 0.017524 -0.112262 0.036058
v 0.020331 -0.110739 0.043991
v 0.021159 -0.110184 0.041854
v 0.022756 -0.109162 0.038756
v 0.016506 -0.113307 0.036867
v 0.017397 -0.113252 0.042681
v 0.017799 -0.113223 0.046246
v 0.024042 -0.107384 0.036180
v 0.024021 -0.107384 0.032785
v 0.016265 -0.112688 0.025386
v 0.016003 -0.113270 0.028652
v 0.021093 -0.116213 -0.028559
v 0.017384 -0.113270 0.019431
v 0.015430 -0.116902 0.019360
v 0.017688 -0.113132 0.016410
v 0.019406 -0.113270 -0.002705
v 0.019053 -0.112909 0.000772
v 0.017666 -0.115987 -0.002220
v 0.016554 -0.116311 0.003150
v 0.018083 -0.113598 0.003674
v 0.016333 -0.116193 0.012505
v 0.018070 -0.113383 0.011958
v 0.015860 -0.116213 0.041823
v 0.015434 -0.116285 0.038907
v 0.014898 -0.116016 0.027974
v 0.015050 -0.116226 0.034294
v 0.021394 -0.113270 -0.011613
v 0.019882 -0.113652 -0.006798
v 0.022804 -0.116168 -0.034737
v 0.021902 -0.116213 -0.031218
v -0.000675 -0.119127 -0.055378
v -0.001079 -0.117874 -0.056310
v 0.006750 -0.116338 -0.058951
v 0.005479 -0.119166 -0.056248
v -0.005203 -0.119200 -0.055197
v -0.004187 -0.116349 -0.058249
v 0.002614 -0.116150 -0.058945
v -0.007659 -0.117321 -0.056391
v -0.008507 -0.119156 -0.054747
v -0.012086 -0.119057 -0.053861
v -0.011624 -0.117248 -0.055124
v -0.013893 -0.116155 -0.056202
v 0.009721 -0.116499 -0.057991
v 0.008721 -0.119156 -0.056050
v -0.016037 -0.119156 -0.054243
v -0.019205 -0.116301 -0.055747
v 0.012082 -0.117611 -0.056147
v 0.013734 -0.116198 -0.058557
v 0.016219 -0.116320 -0.057750
v 0.014471 -0.119153 -0.054876
v 0.018662 -0.117218 -0.056066
v 0.017749 -0.119156 -0.054294
v 0.021308 -0.118876 -0.054524
v 0.022627 -0.117445 -0.057333
v 0.024425 -0.119156 -0.053371
v 0.019062 -0.116258 -0.059274
v 0.023259 -0.116213 -0.058559
v 0.025931 -0.116398 -0.055835
v -0.018455 -0.119156 -0.054717
v -0.004915 -0.122192 -0.054916
v -0.008517 -0.122099 -0.054727
v 0.005484 -0.122268 -0.056071
v -0.000832 -0.122090 -0.055277
v 0.023940 -0.122099 -0.053362
v -0.010181 -0.122099 -0.054380
v -0.012139 -0.122099 -0.054124
v -0.015283 -0.122099 -0.054448
v 0.020940 -0.122056 -0.055006
v 0.011933 -0.122497 -0.055858
v 0.013285 -0.122099 -0.055527
v 0.017576 -0.122103 -0.055079
v -0.030097 -0.116861 -0.051403
v -0.028895 -0.116150 -0.053736
v -0.026558 -0.116296 -0.053099
v -0.027400 -0.115270 -0.056635
v -0.024784 -0.115654 -0.055286
v -0.031383 -0.116201 -0.055332
v -0.032713 -0.116923 -0.052752
v -0.035310 -0.116218 -0.054157
v -0.033980 -0.115206 -0.056716
v -0.036743 -0.116226 -0.051455
v -0.034062 -0.117428 -0.050136
v -0.023436 -0.114448 -0.057902
v -0.030038 -0.113382 -0.058023
v -0.026917 -0.113270 -0.057571
v -0.030900 -0.119156 -0.049845
v -0.032277 -0.119156 -0.049216
v -0.034067 -0.119156 -0.046828
v -0.036334 -0.116213 -0.047996
v -0.035575 -0.116842 -0.047348
v -0.027484 -0.119144 -0.051041
v -0.025413 -0.119156 -0.052300
v -0.034292 -0.122099 -0.046944
v -0.031751 -0.116213 -0.019144
v -0.031441 -0.116213 -0.022591
v -0.031901 -0.117941 -0.022455
v -0.032575 -0.116203 -0.026776
v -0.031771 -0.114595 -0.022466
v -0.033073 -0.114332 -0.026401
v -0.034162 -0.115533 -0.030431
v -0.038595 -0.109023 -0.002806
v -0.036754 -0.110075 -0.005168
v -0.036260 -0.110397 -0.001044
v -0.039944 -0.108419 -0.000191
v -0.041118 -0.107384 -0.004198
v -0.037904 -0.109962 0.003343
v -0.041006 -0.107384 0.002212
v -0.040025 -0.108981 0.006390
v -0.038309 -0.110389 0.007622
v -0.041373 -0.108539 0.009006
v -0.038579 -0.110290 0.010144
v -0.042949 -0.107505 0.011908
v -0.039629 -0.110048 0.013216
v -0.043108 -0.107384 0.014734
v -0.036817 -0.113076 0.013012
v -0.039900 -0.110493 0.016674
v -0.042775 -0.109233 0.017927
v -0.040433 -0.111031 0.019211
v -0.044152 -0.108678 0.020818
v -0.041961 -0.110677 0.021947
v -0.043151 -0.110574 0.024645
v -0.039861 -0.112927 0.026341
v -0.038197 -0.113467 0.020748
v -0.044315 -0.110346 0.027515
v -0.040438 -0.113152 0.028661
v -0.044735 -0.110304 0.030449
v -0.044384 -0.111806 0.033815
v -0.040769 -0.114002 0.032863
v -0.042097 -0.113568 0.035121
v -0.043313 -0.113447 0.037806
v -0.037537 -0.113532 0.017328
v -0.039855 -0.116213 0.036277
v -0.039413 -0.116213 0.033194
v -0.037190 -0.116170 0.026168
v -0.034948 -0.113558 0.002385
v -0.038863 -0.115811 0.030166
v -0.036180 -0.112936 0.005739
v -0.033071 -0.116229 -0.000631
v -0.034663 -0.113324 -0.004051
v -0.034179 -0.113270 -0.007152
v -0.035049 -0.110424 -0.009788
v -0.033502 -0.113270 -0.010114
v -0.033109 -0.112987 -0.013343
v -0.035352 -0.110193 -0.014379
v -0.033018 -0.113270 -0.016487
v -0.034689 -0.110574 -0.016807
v -0.033038 -0.113239 -0.019937
v -0.039862 -0.109046 -0.006771
v -0.033126 -0.116087 -0.006774
v -0.032584 -0.116213 -0.009641
v -0.032573 -0.116213 -0.012946
v -0.032546 -0.116226 -0.016043
v -0.035735 -0.111825 -0.021199
v -0.037003 -0.112129 -0.025163
v -0.035359 -0.113220 -0.027795
v -0.039590 -0.110478 -0.026615
v -0.035746 -0.113259 -0.031526
v -0.039736 -0.110327 -0.029884
v -0.039906 -0.110482 -0.032666
v -0.038189 -0.111979 -0.035708
v -0.035582 -0.113273 -0.034348
v -0.040886 -0.109704 -0.030476
v -0.036333 -0.113146 -0.038711
v -0.039327 -0.110327 -0.039766
v -0.037165 -0.109882 -0.012003
v -0.038514 -0.109673 -0.009387
v -0.040989 -0.107384 -0.010808
v -0.036832 -0.110412 -0.018626
v -0.041048 -0.108968 -0.017316
v -0.039781 -0.109512 -0.013351
v -0.034391 -0.116213 -0.033750
v -0.034377 -0.116213 -0.036886
v 0.009760 -0.120851 0.078509
v 0.008102 -0.120868 0.078509
v 0.005618 -0.120902 0.078512
v -0.014443 -0.121385 0.078511
v -0.010224 -0.121202 0.078513
v -0.009043 -0.121161 0.078514
v 0.012046 -0.120886 0.078515
v 0.004344 -0.120904 0.078512
v -0.015455 -0.121373 0.078513
v -0.007148 -0.121115 0.078514
v 0.003334 -0.120927 0.078515
v 0.013314 -0.120903 0.078515
v -0.029614 -0.121454 0.078511
v -0.018114 -0.121326 0.078516
v -0.004066 -0.121068 0.078514
v -0.000407 -0.120955 0.078514
v 0.001311 -0.120934 0.078515
v 0.024058 -0.121163 0.078512
v 0.026062 -0.121258 0.078514
v 0.015570 -0.120919 0.078516
v -0.024499 -0.121309 0.078516
v -0.032505 -0.121453 0.078515
v -0.020928 -0.121283 0.078516
v -0.002154 -0.121025 0.078514
v 0.017924 -0.120996 0.078512
v 0.028432 -0.121355 0.078513
v -0.035069 -0.121466 0.078515
v 0.031085 -0.121331 0.078515
v -0.037368 -0.121473 0.078515
v 0.033770 -0.121263 0.078515
v -0.038927 -0.121470 0.078513
v 0.036682 -0.121107 0.078515
v -0.044461 -0.121438 0.078513
v 0.036977 -0.121688 0.068174
v 0.036981 -0.121582 0.069761
v 0.036978 -0.121342 0.073345
v 0.036978 -0.121201 0.076067
v -0.045519 -0.121465 0.078513
v 0.036982 -0.124643 -0.064259
v 0.036982 -0.124337 -0.056493
v 0.036981 -0.124180 -0.052659
v 0.036981 -0.124134 -0.048828
v 0.036981 -0.124091 -0.044403
v 0.036981 -0.123985 -0.041361
v 0.036978 -0.123810 -0.037960
v 0.036981 -0.123739 -0.034038
v 0.036981 -0.123790 -0.035815
v 0.036979 -0.123598 -0.030260
v 0.036978 -0.123609 -0.028873
v 0.036978 -0.123585 -0.025732
v 0.036978 -0.123585 -0.024388
v 0.036978 -0.123637 -0.019483
v 0.036977 -0.123633 -0.017485
v 0.036977 -0.123595 -0.016368
v 0.036980 -0.123511 -0.013838
v 0.036979 -0.123182 -0.005797
v 0.036979 -0.123370 -0.009970
v 0.036979 -0.123508 -0.011907
v 0.036981 -0.122841 0.002881
v 0.036981 -0.122928 -0.000370
v 0.036978 -0.123126 -0.004155
v 0.036982 -0.122712 0.004950
v 0.036981 -0.122712 0.007716
v 0.036980 -0.122651 0.011017
v 0.036980 -0.122641 0.013665
v 0.036980 -0.122618 0.014757
v 0.036980 -0.122515 0.016872
v 0.036980 -0.122381 0.019622
v 0.036981 -0.122346 0.026702
v 0.036981 -0.122334 0.023910
v 0.036981 -0.122389 0.028954
v 0.036981 -0.122405 0.030386
v 0.036981 -0.122353 0.031479
v 0.036982 -0.122135 0.036356
v 0.036980 -0.122066 0.042289
v 0.036980 -0.122042 0.043434
v 0.036980 -0.121930 0.046085
v 0.036981 -0.121992 0.048619
v 0.036981 -0.122050 0.050070
v 0.036981 -0.122068 0.051318
v 0.036981 -0.122122 0.054172
v 0.036977 -0.122133 0.059562
v 0.036977 -0.122158 0.057383
v 0.036982 -0.121973 0.061820
v 0.036982 -0.121865 0.064435
v 0.036979 -0.121740 0.066842
v 0.036975 -0.124759 -0.066489
v 0.036975 -0.124976 -0.069901
v 0.033649 -0.125016 -0.072141
v 0.029320 -0.124834 -0.072139
v 0.025963 -0.124757 -0.072139
v 0.023416 -0.124689 -0.072136
v 0.019080 -0.124671 -0.072139
v 0.017451 -0.124656 -0.072135
v 0.006993 -0.124909 -0.072141
v 0.000974 -0.124651 -0.072140
v 0.009648 -0.124718 -0.072139
v 0.004655 -0.124867 -0.072138
v 0.011581 -0.124655 -0.072139
v 0.014100 -0.124708 -0.072139
v -0.006021 -0.124697 -0.072140
v -0.001359 -0.124667 -0.072140
v -0.002651 -0.124666 -0.072138
v 0.016813 -0.124666 -0.072135
v -0.015661 -0.124575 -0.072135
v -0.012346 -0.124601 -0.072135
v -0.009220 -0.124639 -0.072135
v -0.021602 -0.124528 -0.072140
v -0.019102 -0.124489 -0.072141
v -0.023208 -0.124553 -0.072140
v -0.024835 -0.124593 -0.072140
v -0.029308 -0.124695 -0.072138
v -0.033533 -0.124661 -0.072138
v -0.059145 -0.124740 -0.066739
v -0.059145 -0.125041 -0.072115
v -0.055458 -0.125011 -0.072139
v -0.050843 -0.125028 -0.072139
v -0.049817 -0.125033 -0.072140
v -0.046913 -0.124938 -0.072139
v -0.045322 -0.124916 -0.072139
v -0.044138 -0.124896 -0.072139
v -0.039322 -0.124679 -0.072139
v -0.037098 -0.124622 -0.072136
v -0.035283 -0.124650 -0.072136
v -0.034171 -0.124636 -0.072134
v -0.059145 -0.123657 -0.027734
v -0.059141 -0.123498 -0.013610
v -0.059141 -0.123353 -0.011178
v -0.059141 -0.123658 -0.021316
v -0.059141 -0.123231 -0.009503
v -0.059144 -0.123179 -0.004102
v -0.059144 -0.123161 -0.002136
v -0.059144 -0.122949 0.001994
v -0.059144 -0.122844 0.003924
v -0.059140 -0.122691 0.008166
v -0.059140 -0.122655 0.009751
v -0.059145 -0.124009 -0.034025
v -0.059142 -0.123161 -0.005397
v -0.059140 -0.123051 0.000068
v -0.059144 -0.122483 0.013235
v -0.059144 -0.122523 0.012165
v -0.059142 -0.122393 0.017882
v -0.059145 -0.124102 -0.039455
v -0.059144 -0.122260 0.024016
v -0.059144 -0.122289 0.021863
v -0.059144 -0.124309 -0.047086
v -0.059144 -0.124300 -0.045635
v -0.059143 -0.124169 -0.041651
v -0.059144 -0.122094 0.029058
v -0.059144 -0.124341 -0.048166
v -0.059144 -0.122066 0.030178
v -0.059145 -0.124444 -0.051489
v -0.059144 -0.122042 0.031452
v -0.059140 -0.122057 0.033179
v -0.059145 -0.124747 -0.059519
v -0.059143 -0.121913 0.036949
v -0.059142 -0.124740 -0.061349
v -0.059143 -0.121879 0.040257
v -0.059145 -0.124740 -0.066739
v -0.059140 -0.124757 -0.063017
v -0.059143 -0.121838 0.041551
v -0.059145 -0.121788 0.042864
v -0.059136 -0.121622 0.045426
v -0.059139 -0.121594 0.048151
v -0.059139 -0.121527 0.053173
v -0.059141 -0.121463 0.057312
v -0.059137 -0.121458 0.058771
v -0.059141 -0.121562 0.062538
v -0.059139 -0.121742 0.067628
v -0.059143 -0.121573 0.074888
v -0.054347 -0.121461 0.078513
v -0.052534 -0.121497 0.078513
v -0.050370 -0.121480 0.078515
v -0.047460 -0.121483 0.078513
v -0.045519 -0.121465 0.078513
vt 0.118113 0.103562
vt 0.117212 0.028742
vt 0.115554 0.078529
vt 0.115863 0.041222
vt 0.115909 0.112507
vt 0.114291 0.018704
vt 0.115287 0.072407
vt 0.114663 0.098160
vt 0.113734 0.043940
vt 0.112741 0.127802
vt 0.112210 0.029765
vt 0.112118 0.081582
vt 0.112702 0.103700
vt 0.114482 0.132333
vt 0.110861 0.017233
vt 0.112995 0.049097
vt 0.111237 0.125372
vt 0.117009 0.136029
vt 0.114109 0.163040
vt 0.110324 0.007769
vt 0.110609 0.053190
vt 0.109972 0.075161
vt 0.110229 0.089787
vt 0.112462 0.163007
vt 0.116731 0.163686
vt 0.115442 0.163004
vt 0.108272 0.032304
vt 0.109699 0.036354
vt 0.111213 0.163681
vt 0.110078 0.114142
vt 0.115413 0.201088
vt 0.114293 0.183496
vt 0.106504 0.021108
vt 0.108663 0.061809
vt 0.107981 0.091479
vt 0.113675 0.194788
vt 0.110084 0.164329
vt 0.111741 0.226480
vt 0.105653 0.137624
vt 0.107284 0.083125
vt 0.107931 0.176015
vt 0.109983 0.189961
vt 0.114406 0.230427
vt 0.110212 0.220592
vt 0.106929 0.149760
vt 0.115861 0.240945
vt 0.103879 0.051201
vt 0.112318 0.251669
vt 0.105129 0.115446
vt 0.106943 0.185583
vt 0.105294 0.085819
vt 0.107879 0.274893
vt 0.103777 0.119563
vt 0.105322 0.164808
vt 0.103164 0.071751
vt 0.108469 0.202999
vt 0.107647 0.240809
vt 0.102729 0.093027
vt 0.103472 0.154818
vt 0.105271 0.181077
vt 0.101200 0.049886
vt 0.101238 0.124310
vt 0.105212 0.228801
vt 0.100409 0.107055
vt 0.101769 0.160876
vt 0.100465 0.075123
vt 0.100443 0.091018
vt 0.098348 0.095473
vt 0.100248 0.148752
vt 0.102781 0.236665
vt 0.097957 0.054331
vt 0.098423 0.133756
vt 0.099854 0.184210
vt 0.101076 0.220879
vt 0.097397 0.032245
vt 0.095282 0.146373
vt 0.097402 0.178663
vt 0.096558 0.069749
vt 0.094690 0.141659
vt 0.095867 0.229691
vt 0.094785 0.058681
vt 0.093249 0.090998
vt 0.093759 0.200075
vt 0.092866 0.127933
vt 0.092431 0.166327
vt 0.090679 0.225766
vt 0.091307 0.075455
vt 0.091000 0.108722
vt 0.089118 0.137938
vt 0.091466 0.195546
vt 0.093628 0.278120
vt 0.092801 0.053395
vt 0.089689 0.105068
vt 0.089427 0.176923
vt 0.090253 0.262376
vt 0.089555 0.068638
vt 0.086280 0.114621
vt 0.088384 0.174786
vt 0.088269 0.252428
vt 0.092379 0.272595
vt 0.087522 0.221198
vt 0.089308 0.088910
vt 0.086703 0.138851
vt 0.087267 0.078540
vt 0.085767 0.193573
vt 0.088144 0.241362
vt 0.086104 0.284898
vt 0.094335 0.293131
vt 0.089720 0.287807
vt 0.083472 0.129878
vt 0.084269 0.101384
vt 0.083806 0.163075
vt 0.082673 0.207172
vt 0.083344 0.235903
vt 0.082051 0.272574
vt 0.086001 0.316752
vt 0.092414 0.303665
vt 0.086354 0.035035
vt 0.084635 0.069042
vt 0.083523 0.293054
vt 0.081898 0.305949
vt 0.093435 0.313788
vt 0.088953 0.330578
vt 0.091561 0.318644
vt 0.082705 0.147421
vt 0.081258 0.077330
vt 0.079934 0.198623
vt 0.081312 0.237244
vt 0.079288 0.285093
vt 0.081092 0.322923
vt 0.085196 0.347706
vt 0.084733 0.054717
vt 0.081032 0.113872
vt 0.079641 0.161798
vt 0.081122 0.094358
vt 0.079959 0.180771
vt 0.079901 0.216544
vt 0.079132 0.307363
vt 0.090385 0.333090
vt 0.087903 0.351520
vt 0.082203 0.026393
vt 0.078425 0.142729
vt 0.081417 0.060289
vt 0.079137 0.083031
vt 0.077727 0.213569
vt 0.075328 0.278843
vt 0.078947 0.325781
vt 0.083096 0.347612
vt 0.082032 0.363536
vt 0.076875 0.095085
vt 0.076486 0.174751
vt 0.078860 0.025704
vt 0.077072 0.284646
vt 0.076689 0.298183
vt 0.078704 0.344420
vt 0.081100 0.346009
vt 0.086457 0.373408
vt 0.076313 0.158647
vt 0.077376 0.052572
vt 0.075446 0.232099
vt 0.079987 0.011373
vt 0.074463 0.134035
vt 0.071793 0.153057
vt 0.073771 0.211189
vt 0.074878 0.087336
vt 0.077490 0.020818
vt 0.072853 0.274501
vt 0.079964 0.365751
vt 0.074327 0.340983
vt 0.071450 0.172062
vt 0.071541 0.189696
vt 0.075112 0.067897
vt 0.074002 0.030945
vt 0.071975 0.310420
vt 0.072534 0.246342
vt 0.074224 0.324889
vt 0.072166 0.102690
vt 0.072144 0.119963
vt 0.068754 0.188579
vt 0.071184 0.217434
vt 0.072226 0.083647
vt 0.074791 0.050389
vt 0.070001 0.308294
vt 0.070142 0.261387
vt 0.076067 0.361838
vt 0.071601 0.340402
vt 0.069489 0.135039
vt 0.069423 0.152289
vt 0.072902 0.065284
vt 0.071120 0.027604
vt 0.070359 0.340729
vt 0.069545 0.274524
vt 0.073674 0.360692
vt 0.077076 0.386310
vt 0.071043 0.371113
vt 0.069506 0.118158
vt 0.069737 0.083866
vt 0.067404 0.170790
vt 0.068614 0.226870
vt 0.070627 0.063259
vt 0.070974 0.044680
vt 0.068516 0.320621
vt 0.069120 0.246364
vt 0.069565 0.101226
vt 0.066976 0.115457
vt 0.066879 0.137556
vt 0.065715 0.172212
vt 0.066872 0.146209
vt 0.065363 0.218821
vt 0.068941 0.028060
vt 0.068043 0.357744
vt 0.068099 0.285908
vt 0.067316 0.261705
vt 0.073338 0.379742
vt 0.067062 0.098019
vt 0.068315 0.060609
vt 0.064665 0.187354
vt 0.066203 0.251941
vt 0.068657 0.042547
vt 0.067488 0.325794
vt 0.066747 0.292427
vt 0.073350 0.399576
vt 0.071329 0.398311
vt 0.069912 0.380580
vt 0.067780 0.079866
vt 0.064738 0.097843
vt 0.064696 0.117805
vt 0.063736 0.143741
vt 0.063989 0.214170
vt 0.063581 0.237916
vt 0.066319 0.040100
vt 0.066947 0.344520
vt 0.068998 0.383571
vt 0.065496 0.077545
vt 0.064195 0.100178
vt 0.063425 0.121626
vt 0.062425 0.158732
vt 0.061926 0.194386
vt 0.066004 0.269404
vt 0.063216 0.268350
vt 0.066061 0.025019
vt 0.066616 0.363182
vt 0.064854 0.324290
vt 0.072790 0.419995
vt 0.072575 0.428679
vt 0.068839 0.401382
vt 0.062845 0.140214
vt 0.062124 0.176748
vt 0.061726 0.215622
vt 0.065105 0.041432
vt 0.064585 0.343201
vt 0.065253 0.288383
vt 0.066210 0.399787
vt 0.064391 0.081782
vt 0.062959 0.102788
vt 0.060447 0.138605
vt 0.060261 0.157429
vt 0.060657 0.121099
vt 0.059377 0.202864
vt 0.059276 0.258845
vt 0.064629 0.366326
vt 0.061927 0.355400
vt 0.063131 0.302150
vt 0.071760 0.433428
vt 0.068218 0.420195
vt 0.064349 0.064088
vt 0.060921 0.101989
vt 0.058744 0.290094
vt 0.065752 0.417702
vt 0.063935 0.050124
vt 0.063210 0.070910
vt 0.058766 0.108185
vt 0.058217 0.180783
vt 0.057970 0.254497
vt 0.057987 0.305423
vt 0.060683 0.331072
vt 0.069680 0.447766
vt 0.061588 0.051434
vt 0.056288 0.123897
vt 0.054209 0.181812
vt 0.057625 0.205939
vt 0.059207 0.073268
vt 0.055227 0.227183
vt 0.060120 0.361059
vt 0.066360 0.448070
vt 0.063760 0.436007
vt 0.056561 0.082003
vt 0.054245 0.159968
vt 0.059681 0.341116
vt 0.066845 0.501031
vt 0.061890 0.035020
vt 0.059471 0.040601
vt 0.054457 0.110184
vt 0.054050 0.145564
vt 0.053463 0.226194
vt 0.056967 0.032752
vt 0.073453 0.504789
vt 0.063568 0.454972
vt 0.054666 0.092624
vt 0.051635 0.103300
vt 0.050298 0.140648
vt 0.055355 0.040132
vt 0.068696 0.525161
vt 0.054892 0.075055
vt 0.055563 0.022957
vt 0.051905 0.039703
vt 0.070601 0.545326
vt 0.068726 0.554375
vt 0.053235 0.061151
vt 0.050212 0.102503
vt 0.074707 0.519518
vt 0.048539 0.075863
vt 0.072684 0.555497
vt 0.154409 0.320706
vt 0.150329 0.327897
vt 0.147807 0.333626
vt 0.143448 0.346269
vt 0.141027 0.339982
vt 0.139023 0.357992
vt 0.143391 0.325856
vt 0.136227 0.356142
vt 0.141616 0.323622
vt 0.138202 0.344560
vt 0.134538 0.355738
vt 0.142092 0.310318
vt 0.139887 0.333794
vt 0.136364 0.342351
vt 0.139923 0.319929
vt 0.138123 0.329048
vt 0.131363 0.364645
vt 0.136426 0.330954
vt 0.134416 0.338747
vt 0.140208 0.298464
vt 0.132804 0.352695
vt 0.132810 0.339712
vt 0.138098 0.305045
vt 0.137184 0.309915
vt 0.127448 0.374390
vt 0.129659 0.348930
vt 0.134528 0.319413
vt 0.132658 0.304019
vt 0.138145 0.287602
vt 0.129202 0.362801
vt 0.131052 0.317707
vt 0.141584 0.283738
vt 0.134917 0.292798
vt 0.134578 0.305094
vt 0.125902 0.358700
vt 0.127284 0.384619
vt 0.131024 0.332851
vt 0.131156 0.297445
vt 0.139831 0.277354
vt 0.137517 0.279226
vt 0.124664 0.372536
vt 0.124740 0.388347
vt 0.129249 0.331510
vt 0.127436 0.344691
vt 0.132796 0.295721
vt 0.129245 0.302399
vt 0.129290 0.318442
vt 0.141519 0.275095
vt 0.121237 0.365536
vt 0.127480 0.330867
vt 0.124902 0.343348
vt 0.130922 0.291424
vt 0.116880 0.416222
vt 0.121388 0.395866
vt 0.141275 0.271190
vt 0.143331 0.281294
vt 0.123808 0.356101
vt 0.122299 0.383890
vt 0.127534 0.318685
vt 0.125714 0.330582
vt 0.129325 0.296307
vt 0.127445 0.304151
vt 0.143327 0.262523
vt 0.143372 0.274549
vt 0.121677 0.354950
vt 0.119652 0.380869
vt 0.125759 0.318834
vt 0.122052 0.342195
vt 0.123957 0.331005
vt 0.119754 0.395717
vt 0.115881 0.424076
vt 0.145137 0.272495
vt 0.117217 0.353188
vt 0.116880 0.363542
vt 0.125864 0.307352
vt 0.122626 0.326965
vt 0.127323 0.300903
vt 0.116843 0.403242
vt 0.118557 0.340828
vt 0.117254 0.379413
vt 0.123946 0.311898
vt 0.114363 0.403751
vt 0.116760 0.393363
vt 0.111481 0.427578
vt 0.118589 0.334223
vt 0.116796 0.340926
vt 0.114880 0.351330
vt 0.114725 0.362134
vt 0.123942 0.307513
vt 0.120380 0.331735
vt 0.122071 0.316808
vt 0.111825 0.413546
vt 0.116820 0.335120
vt 0.115257 0.339607
vt 0.113241 0.392057
vt 0.114596 0.375147
vt 0.121860 0.311940
vt 0.120254 0.320041
vt 0.112526 0.402101
vt 0.108286 0.412453
vt 0.118448 0.322811
vt 0.113117 0.351739
vt 0.113200 0.341479
vt 0.111398 0.361434
vt 0.118819 0.316571
vt 0.109197 0.401336
vt 0.106960 0.422962
vt 0.109280 0.433334
vt 0.115854 0.326715
vt 0.111618 0.373516
vt 0.109670 0.385952
vt 0.107023 0.397302
vt 0.105029 0.414328
vt 0.109932 0.351168
vt 0.112604 0.333093
vt 0.109378 0.361377
vt 0.106638 0.384560
vt 0.104535 0.395256
vt 0.102852 0.421365
vt 0.116384 0.319957
vt 0.109188 0.372581
vt 0.107411 0.373029
vt 0.102442 0.407660
vt 0.101048 0.461581
vt 0.107227 0.346544
vt 0.107597 0.358533
vt 0.105642 0.373693
vt 0.103763 0.373643
vt 0.100459 0.394357
vt 0.099804 0.419260
vt 0.104283 0.443784
vt 0.105858 0.358885
vt 0.098797 0.403807
vt 0.100508 0.432051
vt 0.100707 0.452672
vt 0.103930 0.362417
vt 0.101817 0.383578
vt 0.097913 0.392190
vt 0.097376 0.416246
vt 0.098504 0.431809
vt 0.098271 0.451847
vt 0.097306 0.474834
vt 0.105485 0.350459
vt 0.101731 0.369066
vt 0.100021 0.383099
vt 0.094352 0.399338
vt 0.107709 0.339420
vt 0.103145 0.357529
vt 0.100098 0.373223
vt 0.095973 0.388691
vt 0.097995 0.379222
vt 0.093630 0.410922
vt 0.093994 0.430369
vt 0.096838 0.443620
vt 0.097004 0.452823
vt 0.105023 0.344317
vt 0.097937 0.366109
vt 0.094243 0.377629
vt 0.091988 0.394652
vt 0.096157 0.466711
vt 0.091557 0.386595
vt 0.089951 0.420833
vt 0.089910 0.405138
vt 0.095730 0.443585
vt 0.093457 0.477042
vt 0.091281 0.440065
vt 0.093255 0.444830
vt 0.094351 0.464965
vt 0.092027 0.479571
vt 0.089398 0.438311
vt 0.087570 0.414284
vt 0.089864 0.392435
vt 0.090023 0.452081
vt 0.087484 0.431954
vt 0.087603 0.404785
vt 0.088670 0.398830
vt 0.089878 0.476662
vt 0.088781 0.496469
vt 0.087306 0.452874
vt 0.086338 0.409452
vt 0.089274 0.386678
vt 0.089866 0.487838
vt 0.086131 0.478009
vt 0.085370 0.450648
vt 0.085516 0.398584
vt 0.087147 0.393804
vt 0.085598 0.432286
vt 0.083062 0.495802
vt 0.085771 0.498912
vt 0.083212 0.463466
vt 0.081713 0.426180
vt 0.081741 0.517403
vt 0.083495 0.437997
vt 0.083452 0.448126
vt 0.084634 0.392818
vt 0.082652 0.407108
vt 0.081718 0.508267
vt 0.077421 0.502226
vt 0.081229 0.462652
vt 0.088684 0.387868
vt 0.080956 0.412581
vt 0.081149 0.443574
vt 0.079770 0.512211
vt 0.080689 0.476611
vt 0.082632 0.397895
vt 0.086202 0.377688
vt 0.078704 0.418772
vt 0.080595 0.399654
vt 0.079137 0.432078
vt 0.075328 0.492843
vt 0.077940 0.459033
vt 0.084359 0.377055
vt 0.087989 0.379969
vt 0.079102 0.394938
vt 0.077467 0.450702
vt 0.077096 0.473239
vt 0.082388 0.389758
vt 0.080588 0.391977
vt 0.084212 0.371646
vt 0.090093 0.384601
vt 0.077232 0.402818
vt 0.077118 0.437363
vt 0.075512 0.454715
vt 0.075220 0.472616
vt 0.089909 0.378802
vt 0.087844 0.365553
vt 0.076657 0.411041
vt 0.076591 0.427814
vt 0.075098 0.441225
vt 0.073328 0.473790
vt 0.091878 0.376223
vt 0.079235 0.382712
vt 0.074767 0.410352
vt 0.074607 0.430511
vt 0.073789 0.450804
vt 0.073741 0.457740
vt 0.092191 0.380207
vt 0.091696 0.360407
vt 0.089836 0.362301
vt 0.090796 0.332536
vt 0.073012 0.424798
vt 0.073433 0.437224
vt 0.093840 0.372492
vt 0.073064 0.414694
vt 0.093860 0.350669
vt 0.094591 0.325533
vt 0.093118 0.340640
vt 0.095736 0.349515
vt 0.095182 0.305460
vt 0.095943 0.366692
vt 0.097212 0.298938
vt 0.097521 0.322321
vt 0.097605 0.348699
vt 0.097021 0.333824
vt 0.098102 0.362220
vt 0.101826 0.309584
vt 0.097990 0.280343
vt 0.099746 0.332929
vt 0.096259 0.368977
vt 0.099526 0.348994
vt 0.102079 0.297532
vt 0.100922 0.320531
vt 0.101766 0.282379
vt 0.095505 0.263886
vt 0.094325 0.372320
vt 0.099989 0.356445
vt 0.104302 0.296341
vt 0.105601 0.319194
vt 0.102663 0.264600
vt 0.094042 0.286757
vt 0.097872 0.273826
vt 0.101625 0.332649
vt 0.101612 0.343552
vt 0.107434 0.289866
vt 0.103522 0.333086
vt 0.107694 0.306707
vt 0.104184 0.277106
vt 0.101671 0.261168
vt 0.094632 0.269334
vt 0.099934 0.255633
vt 0.098193 0.260261
vt 0.102045 0.351213
vt 0.105331 0.337826
vt 0.107465 0.318035
vt 0.105172 0.254080
vt 0.103814 0.348100
vt 0.109018 0.274094
vt 0.109545 0.306094
vt 0.103554 0.341277
vt 0.109421 0.322244
vt 0.106771 0.267628
vt 0.112312 0.282714
vt 0.111071 0.295934
vt 0.107491 0.334134
vt 0.111433 0.306809
vt 0.105777 0.340007
vt 0.109477 0.329312
vt 0.114000 0.261205
vt 0.113482 0.295526
vt 0.111451 0.324612
vt 0.113336 0.308372
vt 0.107898 0.337537
vt 0.115630 0.286394
vt 0.109617 0.334322
vt 0.116882 0.270898
vt 0.115376 0.297170
vt 0.115337 0.317270
vt 0.113392 0.321029
vt 0.111458 0.329219
vt 0.117572 0.278815
vt 0.117275 0.299507
vt 0.119277 0.288790
vt 0.121236 0.280212
vt 0.117291 0.311718
vt 0.113615 0.325804
vt 0.115494 0.319152
vt 0.119201 0.306752
vt 0.121159 0.290457
vt 0.117532 0.316565
vt 0.123083 0.296631
vt 0.121149 0.302536
vt 0.119497 0.311937
vt 0.124993 0.290806
vt 0.121241 0.309055
vt 0.123194 0.306037
vt 0.125013 0.284253
vt 0.125070 0.305709
vt 0.127010 0.290564
vt 0.283942 0.059557
vt 0.283156 0.053734
vt 0.282343 0.064373
vt 0.284585 0.051480
vt 0.282032 0.063629
vt 0.769754 0.629094
vt 0.771941 0.629692
vt 0.770561 0.667443
vt 0.769519 0.654340
vt 0.772256 0.678379
vt 0.768839 0.685701
vt 0.767447 0.641122
vt 0.766705 0.650998
vt 0.769285 0.704531
vt 0.766357 0.615844
vt 0.766247 0.687964
vt 0.765991 0.642170
vt 0.767864 0.728563
vt 0.770379 0.718403
vt 0.763716 0.689238
vt 0.766922 0.703216
vt 0.762819 0.674459
vt 0.769387 0.744393
vt 0.764747 0.701830
vt 0.764385 0.636395
vt 0.765747 0.718600
vt 0.768029 0.790289
vt 0.761855 0.698644
vt 0.763014 0.713919
vt 0.765799 0.739439
vt 0.764468 0.726406
vt 0.765792 0.763637
vt 0.763478 0.732593
vt 0.764414 0.750731
vt 0.761807 0.716000
vt 0.763464 0.744309
vt 0.763237 0.759548
vt 0.761698 0.739024
vt 0.761506 0.726674
vt 0.761240 0.759745
vt 0.761543 0.708434
vt 0.760484 0.745655
vt 0.759718 0.760199
vt 0.760663 0.773146
vt 0.760417 0.740480
vt 0.760947 0.718236
vt 0.761476 0.717942
vt 0.760319 0.697783
vt 0.167495 0.023827
vt 0.166705 0.034346
vt 0.168307 0.027598
vt 0.166690 0.043445
vt 0.168657 0.022506
vt 0.165491 0.040027
vt 0.169708 0.021363
vt 0.163827 0.051004
vt 0.270872 0.132921
vt 0.271575 0.135547
vt 0.271271 0.130331
vt 0.569352 0.768696
vt 0.565322 0.788497
vt 0.572713 0.769175
vt 0.569315 0.783108
vt 0.560630 0.801022
vt 0.573988 0.763529
vt 0.565648 0.797382
vt 0.575156 0.786580
vt 0.580028 0.769807
vt 0.559138 0.832304
vt 0.561999 0.814752
vt 0.569674 0.801875
vt 0.577954 0.772684
vt 0.551251 0.833948
vt 0.552286 0.823128
vt 0.554728 0.823140
vt 0.568954 0.824537
vt 0.575134 0.815246
vt 0.557353 0.836175
vt 0.564426 0.851025
vt 0.566416 0.838431
vt 0.570972 0.826625
vt 0.579421 0.802404
vt 0.581590 0.803834
vt 0.555948 0.850160
vt 0.562171 0.866085
vt 0.562359 0.852690
vt 0.568666 0.839967
vt 0.570747 0.842126
vt 0.572981 0.829476
vt 0.577329 0.816740
vt 0.552278 0.857006
vt 0.545746 0.859943
vt 0.560031 0.865306
vt 0.566486 0.853679
vt 0.564346 0.869245
vt 0.568571 0.857941
vt 0.572915 0.850511
vt 0.575071 0.831354
vt 0.577176 0.837949
vt 0.579413 0.817692
vt 0.581534 0.821213
vt 0.554026 0.864291
vt 0.562223 0.883509
vt 0.566545 0.875256
vt 0.569057 0.866521
vt 0.575034 0.845421
vt 0.578174 0.838301
vt 0.583384 0.825616
vt 0.554018 0.878136
vt 0.558166 0.864960
vt 0.560174 0.880799
vt 0.563366 0.887589
vt 0.564316 0.883135
vt 0.575182 0.857170
vt 0.581124 0.831743
vt 0.556074 0.878517
vt 0.562210 0.892212
vt 0.558124 0.878481
vt 0.560145 0.896776
vt 0.558174 0.899336
vt 0.153798 0.137296
vt 0.152829 0.146666
vt 0.154359 0.155944
vt 0.153410 0.118322
vt 0.154220 0.159851
vt 0.155047 0.130995
vt 0.152216 0.120585
vt 0.155260 0.175956
vt 0.156710 0.157686
vt 0.152854 0.099444
vt 0.155591 0.100177
vt 0.154462 0.175906
vt 0.156375 0.176234
vt 0.157161 0.137950
vt 0.153446 0.099995
vt 0.155989 0.192570
vt 0.158559 0.176192
vt 0.154299 0.081334
vt 0.157562 0.102324
vt 0.155519 0.197756
vt 0.160086 0.138730
vt 0.155287 0.082454
vt 0.158894 0.119359
vt 0.155819 0.216841
vt 0.158175 0.196039
vt 0.160834 0.170232
vt 0.156180 0.072739
vt 0.159531 0.086374
vt 0.157596 0.083904
vt 0.157327 0.214437
vt 0.159836 0.215675
vt 0.162032 0.201677
vt 0.162597 0.144707
vt 0.160576 0.121939
vt 0.161406 0.088582
vt 0.157480 0.230374
vt 0.164028 0.228529
vt 0.166094 0.145030
vt 0.162765 0.126762
vt 0.159283 0.069671
vt 0.156863 0.240201
vt 0.161603 0.223331
vt 0.164920 0.182615
vt 0.164729 0.109503
vt 0.161568 0.070603
vt 0.158831 0.256155
vt 0.159540 0.233990
vt 0.161334 0.253180
vt 0.165615 0.186601
vt 0.167667 0.150414
vt 0.163547 0.072714
vt 0.161111 0.056576
vt 0.158638 0.276674
vt 0.164076 0.253482
vt 0.165570 0.219299
vt 0.167954 0.172603
vt 0.171349 0.096712
vt 0.165230 0.076717
vt 0.163485 0.055218
vt 0.159317 0.271033
vt 0.162784 0.289132
vt 0.166963 0.256804
vt 0.167672 0.230457
vt 0.170202 0.139429
vt 0.168888 0.064252
vt 0.162329 0.051882
vt 0.160372 0.290706
vt 0.165560 0.279334
vt 0.161046 0.271381
vt 0.169641 0.176863
vt 0.171563 0.128186
vt 0.170361 0.065546
vt 0.165172 0.055272
vt 0.167157 0.059337
vt 0.159143 0.290231
vt 0.164365 0.308955
vt 0.167084 0.308164
vt 0.169118 0.269485
vt 0.170749 0.222203
vt 0.172513 0.172608
vt 0.174018 0.115180
vt 0.170769 0.047928
vt 0.173461 0.065159
vt 0.166210 0.306248
vt 0.162325 0.308421
vt 0.171043 0.188155
vt 0.173541 0.086601
vt 0.168978 0.044931
vt 0.164322 0.328935
vt 0.169943 0.279139
vt 0.175049 0.128335
vt 0.174937 0.105827
vt 0.173261 0.034753
vt 0.174674 0.075295
vt 0.169585 0.314362
vt 0.167565 0.345961
vt 0.171836 0.286618
vt 0.174184 0.204973
vt 0.174542 0.156887
vt 0.170634 0.030446
vt 0.176136 0.048060
vt 0.167841 0.327831
vt 0.175062 0.295435
vt 0.173943 0.225450
vt 0.174392 0.173985
vt 0.175884 0.176723
vt 0.176667 0.123352
vt 0.175368 0.038320
vt 0.172140 0.016416
vt 0.176999 0.078029
vt 0.171518 0.311236
vt 0.172637 0.242260
vt 0.176735 0.229829
vt 0.176931 0.024064
vt 0.173877 0.019200
vt 0.177602 0.044121
vt 0.178152 0.143391
vt 0.179280 0.083795
vt 0.172401 0.009307
vt 0.177839 0.250004
vt 0.177450 0.198009
vt 0.177552 0.160329
vt 0.180142 0.126145
vt 0.174607 0.007079
vt 0.178412 0.026821
vt 0.179958 0.050562
vt 0.178788 0.221142
vt 0.178853 0.162450
vt 0.181648 0.123158
vt 0.181608 0.091869
vt 0.176816 0.008039
vt 0.180965 0.081310
vt 0.180040 0.229408
vt 0.178726 0.194234
vt 0.179967 0.167802
vt 0.180773 0.033062
vt 0.179926 0.013122
vt 0.182443 0.061715
vt 0.179796 0.195097
vt 0.181976 0.132625
vt 0.183785 0.118852
vt 0.182304 0.215296
vt 0.181928 0.160516
vt 0.183697 0.080550
vt 0.183079 0.033811
vt 0.181358 0.191283
vt 0.282665 0.714132
vt 0.284230 0.688190
vt 0.287445 0.706493
vt 0.286576 0.722127
vt 0.289760 0.706562
vt 0.285372 0.737344
vt 0.289903 0.725509
vt 0.290305 0.750520
vt 0.292101 0.718006
vt 0.289542 0.766224
vt 0.292121 0.778019
vt 0.292523 0.745332
vt 0.294617 0.737467
vt 0.293612 0.763953
vt 0.295088 0.797927
vt 0.296934 0.743482
vt 0.291054 0.808216
vt 0.297331 0.783023
vt 0.299733 0.757958
vt 0.291932 0.818680
vt 0.295841 0.811430
vt 0.301348 0.743787
vt 0.294135 0.823698
vt 0.300926 0.779506
vt 0.298778 0.792653
vt 0.303614 0.763061
vt 0.297517 0.828249
vt 0.298455 0.813535
vt 0.305721 0.769700
vt 0.301704 0.791486
vt 0.299996 0.802376
vt 0.295755 0.832714
vt 0.300024 0.826041
vt 0.304396 0.792682
vt 0.301226 0.813081
vt 0.302764 0.801420
vt 0.302363 0.823813
vt 0.303961 0.811457
vt 0.305552 0.801406
vt 0.305287 0.826807
vt 0.302408 0.835631
vt 0.305295 0.840058
vt 0.303841 0.845697
vt 0.306590 0.844737
vt 0.306777 0.832885
vt 0.466641 0.726517
vt 0.467546 0.740786
vt 0.467570 0.727445
vt 0.466438 0.742960
vt 0.468841 0.741890
vt 0.466666 0.720722
vt 0.464087 0.727536
vt 0.466271 0.759131
vt 0.468691 0.756217
vt 0.465647 0.711221
vt 0.469135 0.746999
vt 0.465464 0.702737
vt 0.464263 0.714635
vt 0.464269 0.698404
vt 0.462142 0.699069
vt 0.460123 0.711353
vt 0.462308 0.682545
vt 0.460067 0.682858
vt 0.463064 0.680194
vt 0.458256 0.735162
vt 0.461276 0.662963
vt 0.456146 0.707895
vt 0.462931 0.674639
vt 0.460092 0.667756
vt 0.456029 0.721949
vt 0.456345 0.666862
vt 0.464508 0.681814
vt 0.457957 0.666746
vt 0.460080 0.643989
vt 0.454277 0.704696
vt 0.456048 0.735932
vt 0.455738 0.685713
vt 0.457742 0.647051
vt 0.461165 0.654518
vt 0.452075 0.744455
vt 0.454388 0.651313
vt 0.451875 0.718867
vt 0.452424 0.665230
vt 0.451954 0.697858
vt 0.449417 0.700588
vt 0.448337 0.726812
vt 0.448634 0.674966
vt 0.445190 0.719789
vt 0.449159 0.747372
vt 0.448146 0.699858
vt 0.449416 0.775489
vt 0.445809 0.677853
vt 0.448690 0.765185
vt 0.447077 0.788026
vt 0.437321 0.532926
vt 0.427471 0.567712
vt 0.433543 0.556490
vt 0.421726 0.567572
vt 0.431264 0.559527
vt 0.417633 0.576393
vt 0.413452 0.603616
vt 0.435429 0.555365
vt 0.441612 0.525536
vt 0.421824 0.576405
vt 0.418583 0.590373
vt 0.428516 0.583961
vt 0.411371 0.592319
vt 0.412229 0.616032
vt 0.431742 0.585254
vt 0.438088 0.563818
vt 0.434634 0.568905
vt 0.441538 0.536076
vt 0.423196 0.583281
vt 0.430159 0.585877
vt 0.407641 0.606838
vt 0.416362 0.615740
vt 0.413279 0.627269
vt 0.438452 0.545956
vt 0.446175 0.540067
vt 0.428906 0.599353
vt 0.410948 0.605604
vt 0.418526 0.599956
vt 0.410285 0.621978
vt 0.435092 0.596108
vt 0.432400 0.597553
vt 0.441640 0.554922
vt 0.446009 0.524959
vt 0.421957 0.604022
vt 0.429200 0.606879
vt 0.424182 0.595040
vt 0.404639 0.604173
vt 0.415458 0.631226
vt 0.408314 0.623731
vt 0.409536 0.638628
vt 0.449629 0.510364
vt 0.441049 0.575534
vt 0.437720 0.571769
vt 0.444824 0.551507
vt 0.426857 0.618254
vt 0.425621 0.606666
vt 0.400905 0.614004
vt 0.421027 0.624811
vt 0.416119 0.632716
vt 0.412518 0.639999
vt 0.433240 0.611785
vt 0.430565 0.619563
vt 0.438966 0.585750
vt 0.448708 0.536641
vt 0.447919 0.560277
vt 0.423376 0.616133
vt 0.425133 0.618023
vt 0.428573 0.618577
vt 0.403159 0.618749
vt 0.404438 0.625961
vt 0.407865 0.640932
vt 0.412120 0.649591
vt 0.453256 0.501620
vt 0.436593 0.602668
vt 0.444638 0.573972
vt 0.455371 0.518610
vt 0.424606 0.626309
vt 0.428131 0.630829
vt 0.420682 0.633974
vt 0.410356 0.658210
vt 0.436016 0.613411
vt 0.432034 0.621878
vt 0.429918 0.633046
vt 0.444186 0.587359
vt 0.438318 0.604005
vt 0.451334 0.542626
vt 0.449197 0.543278
vt 0.446967 0.578502
vt 0.426332 0.627484
vt 0.399253 0.629600
vt 0.403309 0.645270
vt 0.422392 0.634871
vt 0.418473 0.641371
vt 0.416395 0.651569
vt 0.405752 0.656408
vt 0.412510 0.661171
vt 0.458744 0.498440
vt 0.437701 0.619268
vt 0.435423 0.626671
vt 0.433724 0.626200
vt 0.431634 0.633221
vt 0.440644 0.594384
vt 0.440038 0.605398
vt 0.452982 0.543673
vt 0.450053 0.569314
vt 0.425934 0.639493
vt 0.428103 0.662726
vt 0.402377 0.642574
vt 0.405916 0.646307
vt 0.424130 0.637442
vt 0.421718 0.645665
vt 0.416751 0.640582
vt 0.414225 0.661896
vt 0.409680 0.670984
vt 0.413083 0.677060
vt 0.458360 0.489071
vt 0.456047 0.519795
vt 0.432448 0.652759
vt 0.446492 0.589117
vt 0.442366 0.595680
vt 0.439342 0.619999
vt 0.427074 0.647586
vt 0.394552 0.631539
vt 0.398510 0.639635
vt 0.399846 0.653035
vt 0.418120 0.652844
vt 0.415933 0.662663
vt 0.406267 0.666882
vt 0.457124 0.538289
vt 0.435423 0.648821
vt 0.433337 0.640539
vt 0.445843 0.600247
vt 0.444095 0.597524
vt 0.441716 0.611943
vt 0.439122 0.643243
vt 0.454994 0.562642
vt 0.448208 0.590457
vt 0.431295 0.669613
vt 0.427193 0.662077
vt 0.395303 0.639775
vt 0.399994 0.662482
vt 0.403452 0.663806
vt 0.423661 0.669307
vt 0.420428 0.658062
vt 0.417669 0.666381
vt 0.415582 0.678114
vt 0.410144 0.686081
vt 0.406694 0.685549
vt 0.463177 0.479710
vt 0.460977 0.505332
vt 0.436974 0.654576
vt 0.447577 0.605921
vt 0.443609 0.613269
vt 0.441393 0.633948
vt 0.456044 0.549212
vt 0.454138 0.573114
vt 0.449917 0.591750
vt 0.425246 0.666568
vt 0.433167 0.666357
vt 0.429305 0.673074
vt 0.427535 0.674946
vt 0.393694 0.624166
vt 0.394036 0.659877
vt 0.397513 0.658195
vt 0.401742 0.662917
vt 0.411904 0.686270
vt 0.408447 0.684251
vt 0.404979 0.683141
vt 0.415102 0.684531
vt 0.458663 0.541055
vt 0.435124 0.665577
vt 0.445580 0.610322
vt 0.439712 0.654856
vt 0.458234 0.559910
vt 0.450613 0.581012
vt 0.448709 0.606439
vt 0.401103 0.674828
vt 0.403149 0.681213
vt 0.423868 0.680984
vt 0.421137 0.676636
vt 0.419382 0.675043
vt 0.416794 0.682535
vt 0.412184 0.694150
vt 0.410359 0.695091
vt 0.404993 0.697190
vt 0.407574 0.696604
vt 0.445078 0.626403
vt 0.441908 0.648585
vt 0.453006 0.583045
vt 0.451670 0.594778
vt 0.447785 0.621024
vt 0.391684 0.651949
vt 0.396197 0.668850
vt 0.397949 0.670869
vt 0.421467 0.686058
vt 0.415099 0.694073
vt 0.443887 0.641432
vt 0.451489 0.603343
vt 0.449704 0.617546
vt 0.425906 0.684400
vt 0.392676 0.667864
vt 0.394440 0.668514
vt 0.397683 0.686758
vt 0.401308 0.685061
vt 0.421996 0.689336
vt 0.419456 0.689370
vt 0.417674 0.690789
vt 0.410661 0.699038
vt 0.403142 0.697035
vt 0.445846 0.638026
vt 0.453372 0.596203
vt 0.453156 0.605378
vt 0.451774 0.616036
vt 0.448281 0.629517
vt 0.388066 0.649163
vt 0.390360 0.664452
vt 0.395929 0.679984
vt 0.401289 0.698884
vt 0.419867 0.691665
vt 0.412772 0.697202
vt 0.415446 0.696761
vt 0.450427 0.626041
vt 0.392404 0.682360
vt 0.394183 0.679121
vt 0.395861 0.688261
vt 0.447201 0.642261
vt 0.452304 0.619871
vt 0.449654 0.633049
vt 0.384805 0.671747
vt 0.386964 0.675131
vt 0.389013 0.673031
vt 0.396140 0.697719
vt 0.399483 0.699410
vt 0.451123 0.630079
vt 0.383817 0.656421
vt 0.394113 0.686964
vt 0.390298 0.689660
vt 0.399821 0.701456
vt 0.448005 0.643006
vt 0.452756 0.619192
vt 0.451757 0.645978
vt 0.383596 0.667031
vt 0.392320 0.694774
vt 0.390533 0.698347
vt 0.398037 0.700657
vt 0.394200 0.695730
vt 0.449821 0.644969
vt 0.453610 0.624852
vt 0.453135 0.647638
vt 0.379255 0.672901
vt 0.380573 0.676412
vt 0.389773 0.714405
vt 0.396375 0.701029
vt 0.400207 0.706345
vt 0.447455 0.663918
vt 0.454950 0.613847
vt 0.450392 0.663003
vt 0.378229 0.661813
vt 0.394405 0.701002
vt 0.390644 0.699452
vt 0.398174 0.710059
vt 0.401985 0.700857
vt 0.445827 0.646127
vt 0.455803 0.620116
vt 0.455586 0.633927
vt 0.377877 0.697248
vt 0.376156 0.677250
vt 0.392570 0.701423
vt 0.390620 0.706704
vt 0.395997 0.712720
vt 0.399860 0.724604
vt 0.403941 0.702525
vt 0.445297 0.644399
vt 0.445548 0.663751
vt 0.456744 0.615610
vt 0.394364 0.714932
vt 0.398062 0.719828
vt 0.402167 0.722122
vt 0.443393 0.648440
vt 0.442111 0.676859
vt 0.457493 0.622461
vt 0.457316 0.634820
vt 0.376055 0.689280
vt 0.392466 0.720643
vt 0.396616 0.728788
vt 0.405084 0.713243
vt 0.444059 0.662357
vt 0.458569 0.621293
vt 0.394204 0.724073
vt 0.405594 0.728516
vt 0.405755 0.700538
vt 0.442135 0.660805
vt 0.441864 0.687117
vt 0.458923 0.629021
vt 0.407752 0.720959
vt 0.403813 0.735044
vt 0.407905 0.709518
vt 0.441998 0.650958
vt 0.440189 0.663279
vt 0.439940 0.675576
vt 0.409533 0.726234
vt 0.407653 0.700112
vt 0.441647 0.652765
vt 0.437565 0.686282
vt 0.440108 0.716366
vt 0.407470 0.743743
vt 0.409839 0.700958
vt 0.439570 0.656250
vt 0.438162 0.665552
vt 0.438125 0.672927
vt 0.438075 0.705712
vt 0.439677 0.707122
vt 0.409837 0.708013
vt 0.410882 0.738860
vt 0.437808 0.658366
vt 0.436520 0.667792
vt 0.435881 0.686120
vt 0.411768 0.718130
vt 0.410476 0.747865
vt 0.412799 0.733544
vt 0.411821 0.704428
vt 0.435014 0.717403
vt 0.409989 0.763136
vt 0.411778 0.699782
vt 0.433891 0.672849
vt 0.431314 0.707094
vt 0.413565 0.721906
vt 0.413730 0.703170
vt 0.433702 0.668198
vt 0.433972 0.681910
vt 0.433468 0.696039
vt 0.429447 0.733148
vt 0.415057 0.735284
vt 0.413377 0.757016
vt 0.436554 0.663411
vt 0.431797 0.677724
vt 0.431660 0.693438
vt 0.428852 0.716099
vt 0.417197 0.728520
vt 0.416165 0.714537
vt 0.431306 0.674305
vt 0.428905 0.703678
vt 0.428363 0.726415
vt 0.415214 0.761124
vt 0.415467 0.700134
vt 0.429751 0.682243
vt 0.425193 0.722792
vt 0.425256 0.754903
vt 0.419478 0.716547
vt 0.418498 0.746877
vt 0.417609 0.699455
vt 0.428973 0.681932
vt 0.427622 0.685501
vt 0.427524 0.703223
vt 0.418932 0.730779
vt 0.417412 0.697534
vt 0.427248 0.683161
vt 0.425359 0.710165
vt 0.424318 0.734854
vt 0.419475 0.699211
vt 0.421531 0.721889
vt 0.421639 0.735381
vt 0.425619 0.689028
vt 0.423683 0.709882
vt 0.422189 0.756328
vt 0.421472 0.712205
vt 0.419167 0.697043
vt 0.423474 0.693474
vt 0.421676 0.696287
vt 0.423226 0.692637
vt 0.443141 0.034669
vt 0.442788 0.035811
vt 0.442942 0.039744
vt 0.442734 0.029975
vt 0.278530 0.099242
vt 0.279657 0.105085
vt 0.279080 0.090398
vt 0.278195 0.085694
vt 0.277323 0.095747
vt 0.279458 0.080719
vt 0.280114 0.095289
vt 0.280593 0.086497
vt 0.280184 0.073711
vt 0.281154 0.078528
vt 0.280972 0.065808
vt 0.277877 0.107240
vt 0.276290 0.110833
vt 0.277294 0.115233
vt 0.281460 0.091694
vt 0.280684 0.098368
vt 0.281851 0.071291
vt 0.282853 0.078125
vt 0.283572 0.069589
vt 0.284492 0.063183
vt 0.282346 0.085587
vt 0.285356 0.058166
vt 0.286065 0.049464
vt 0.285570 0.036558
vt 0.284160 0.083195
vt 0.278054 0.119635
vt 0.283744 0.047270
vt 0.286605 0.041926
vt 0.287288 0.055509
vt 0.287471 0.045604
vt 0.287698 0.036141
vt 0.286883 0.034619
vt 0.288802 0.050224
vt 0.289309 0.038935
vt 0.288220 0.029410
vt 0.289249 0.021440
vt 0.290022 0.014930
vt 0.290453 0.030971
vt 0.291536 0.022177
vt 0.290695 0.009446
vt 0.286825 0.063385
vt 0.276982 0.126276
vt 0.275853 0.120777
vt 0.276013 0.133213
vt 0.275265 0.129253
vt 0.274940 0.139362
vt 0.285721 0.070262
vt 0.274221 0.124556
vt 0.273633 0.134824
vt 0.274486 0.144882
vt 0.272790 0.154289
vt 0.273150 0.118904
vt 0.274612 0.114983
vt 0.273591 0.109987
vt 0.275158 0.107821
vt 0.275790 0.097218
vt 0.272553 0.129697
vt 0.271712 0.148018
vt 0.270446 0.142113
vt 0.272144 0.161588
vt 0.270018 0.152886
vt 0.269550 0.162749
vt 0.269363 0.149531
vt 0.268339 0.156093
vt 0.270608 0.170337
vt 0.267956 0.168031
vt 0.269108 0.172916
vt 0.267653 0.180393
vt 0.268683 0.183001
vt 0.269936 0.189499
vt 0.268286 0.193517
vt 0.264809 0.201684
vt 0.265290 0.194331
vt 0.265892 0.182917
vt 0.268393 0.199280
vt 0.266268 0.210247
vt 0.264927 0.218021
vt 0.266138 0.171716
vt 0.267209 0.163687
vt 0.272045 0.174476
vt 0.271147 0.182898
vt 0.288583 0.061920
vt 0.273979 0.161562
vt 0.275021 0.172843
vt 0.274900 0.154606
vt 0.280612 0.111727
vt 0.279518 0.118749
vt 0.281253 0.121184
vt 0.279818 0.134395
vt 0.278901 0.127685
vt 0.277008 0.155514
vt 0.276339 0.145266
vt 0.267429 0.217513
vt 0.268465 0.212333
vt 0.272079 0.189616
vt 0.270053 0.203371
vt 0.283102 0.090821
vt 0.281904 0.103648
vt 0.290177 0.047565
vt 0.289262 0.055878
vt 0.472359 0.749352
vt 0.471641 0.751861
vt 0.472841 0.784182
vt 0.474021 0.770943
vt 0.471086 0.733466
vt 0.469740 0.748128
vt 0.471591 0.771463
vt 0.469392 0.730619
vt 0.470151 0.721100
vt 0.469217 0.707696
vt 0.468461 0.714461
vt 0.467211 0.709896
vt 0.473893 0.792310
vt 0.474920 0.781948
vt 0.468188 0.693203
vt 0.465733 0.688471
vt 0.475196 0.795671
vt 0.474597 0.805415
vt 0.475337 0.811383
vt 0.476405 0.799764
vt 0.476383 0.815102
vt 0.477091 0.809024
vt 0.477573 0.820482
vt 0.476555 0.826423
vt 0.478143 0.831534
vt 0.475528 0.820412
vt 0.476139 0.828981
vt 0.476825 0.835323
vt 0.467435 0.683309
vt 0.472439 0.727388
vt 0.471449 0.714075
vt 0.475299 0.763717
vt 0.473506 0.742076
vt 0.479317 0.826737
vt 0.470980 0.708008
vt 0.470447 0.701180
vt 0.469706 0.689460
vt 0.478813 0.814037
vt 0.476998 0.785165
vt 0.477166 0.790217
vt 0.478064 0.803449
vt 0.298831 0.848846
vt 0.299791 0.852832
vt 0.300483 0.847739
vt 0.300864 0.859873
vt 0.301719 0.852101
vt 0.299233 0.860846
vt 0.298261 0.857221
vt 0.298146 0.865764
vt 0.298920 0.867854
vt 0.297241 0.866301
vt 0.297065 0.856612
vt 0.302714 0.859783
vt 0.300201 0.868677
vt 0.301369 0.866692
vt 0.297718 0.843455
vt 0.297056 0.845969
vt 0.295599 0.848827
vt 0.296054 0.864631
vt 0.295777 0.861044
vt 0.299366 0.839293
vt 0.300386 0.837098
vt 0.295174 0.836924
vt 0.441381 0.064976
vt 0.440669 0.058578
vt 0.440302 0.061758
vt 0.439805 0.050172
vt 0.441040 0.056031
vt 0.440321 0.047180
vt 0.439129 0.040219
vt 0.448252 0.077643
vt 0.446968 0.077537
vt 0.448026 0.088557
vt 0.449459 0.080104
vt 0.448647 0.066827
vt 0.449772 0.095539
vt 0.450627 0.082173
vt 0.451387 0.097699
vt 0.451073 0.106554
vt 0.452547 0.101392
vt 0.451904 0.112313
vt 0.453909 0.104026
vt 0.453121 0.117752
vt 0.454895 0.109554
vt 0.451835 0.128091
vt 0.454158 0.126930
vt 0.455505 0.122435
vt 0.455000 0.133591
vt 0.456811 0.126223
vt 0.456328 0.137096
vt 0.457564 0.141258
vt 0.456842 0.157246
vt 0.454499 0.146712
vt 0.458838 0.146241
vt 0.457741 0.162868
vt 0.459966 0.152492
vt 0.460781 0.165223
vt 0.459144 0.174990
vt 0.460355 0.177105
vt 0.461648 0.181148
vt 0.453243 0.139058
vt 0.459785 0.190478
vt 0.458548 0.184182
vt 0.455496 0.168950
vt 0.448140 0.105250
vt 0.457362 0.176408
vt 0.449532 0.110466
vt 0.446306 0.106302
vt 0.446240 0.089840
vt 0.445298 0.083116
vt 0.445276 0.070562
vt 0.444406 0.077190
vt 0.443597 0.070228
vt 0.444171 0.060553
vt 0.442766 0.064502
vt 0.443411 0.057583
vt 0.441990 0.057233
vt 0.447372 0.065881
vt 0.444604 0.091142
vt 0.443761 0.085128
vt 0.442908 0.078059
vt 0.442133 0.071510
vt 0.442330 0.048483
vt 0.441486 0.039325
vt 0.440404 0.039237
vt 0.441732 0.030051
vt 0.439483 0.031866
vt 0.440940 0.023950
vt 0.440269 0.019097
vt 0.439067 0.018319
vt 0.438771 0.026765
vt 0.440943 0.020605
vt 0.437890 0.017371
vt 0.438480 0.007630
vt 0.445221 0.061084
vt 0.446282 0.063270
vt 0.446779 0.051965
vt 0.443358 0.049766
vt 0.444617 0.041891
vt 0.445451 0.052236
vt 0.438176 0.034274
vt 0.437478 0.027793
vt 0.061734 0.420560
vt 0.061302 0.410522
vt 0.060641 0.395796
vt 0.055130 0.275696
vt 0.056288 0.300966
vt 0.056627 0.307930
vt 0.062357 0.434075
vt 0.060302 0.388061
vt 0.054863 0.269632
vt 0.057160 0.319307
vt 0.060027 0.382007
vt 0.062690 0.441748
vt 0.051024 0.184527
vt 0.054161 0.253572
vt 0.057995 0.337680
vt 0.059011 0.359723
vt 0.059477 0.369927
vt 0.065488 0.506169
vt 0.065990 0.517939
vt 0.063297 0.455175
vt 0.052444 0.215058
vt 0.050253 0.167097
vt 0.053415 0.236625
vt 0.058517 0.349211
vt 0.063902 0.469301
vt 0.066584 0.532003
vt 0.049554 0.151630
vt 0.067299 0.547696
vt 0.048935 0.137688
vt 0.068033 0.563803
vt 0.048518 0.128323
vt 0.068865 0.581063
vt 0.047020 0.094894
vt 0.076185 0.544791
vt 0.074722 0.552635
vt 0.072153 0.568257
vt 0.070479 0.576013
vt 0.046731 0.088450
vt 0.154381 0.321768
vt 0.150391 0.332261
vt 0.148404 0.337435
vt 0.146381 0.343129
vt 0.144057 0.349709
vt 0.142427 0.354075
vt 0.140616 0.358730
vt 0.138499 0.364562
vt 0.139469 0.361893
vt 0.136459 0.370026
vt 0.135713 0.372275
vt 0.133978 0.377103
vt 0.133249 0.379202
vt 0.130527 0.387395
vt 0.129430 0.390539
vt 0.128800 0.392166
vt 0.127379 0.396017
vt 0.122809 0.407956
vt 0.125197 0.401730
vt 0.126303 0.399136
vt 0.117822 0.421016
vt 0.119701 0.415872
vt 0.121882 0.410401
vt 0.116609 0.423968
vt 0.114983 0.428721
vt 0.113055 0.434048
vt 0.111487 0.438668
vt 0.110831 0.440471
vt 0.109577 0.443659
vt 0.107918 0.447837
vt 0.103647 0.460050
vt 0.105333 0.455108
vt 0.102284 0.464204
vt 0.101412 0.466864
vt 0.100731 0.468608
vt 0.097712 0.476391
vt 0.094011 0.486900
vt 0.093295 0.488866
vt 0.091603 0.493257
vt 0.090011 0.498102
vt 0.089099 0.501081
vt 0.088294 0.503468
vt 0.086469 0.508952
vt 0.083008 0.518993
vt 0.084424 0.515048
vt 0.081515 0.522742
vt 0.079236 0.533045
vt 0.077342 0.540359
vt 0.772795 0.667315
vt 0.773502 0.647524
vt 0.772189 0.627638
vt 0.769920 0.619068
vt 0.768235 0.612685
vt 0.766952 0.607733
vt 0.764880 0.599631
vt 0.764099 0.596621
vt 0.569299 0.768143
vt 0.565267 0.781594
vt 0.571088 0.763321
vt 0.567708 0.773077
vt 0.572416 0.759450
vt 0.574145 0.753945
vt 0.560629 0.795812
vt 0.563708 0.786433
vt 0.562843 0.789065
vt 0.575988 0.748397
vt 0.554311 0.815757
vt 0.556473 0.808946
vt 0.558527 0.802481
vt 0.550507 0.827822
vt 0.552114 0.823038
vt 0.549470 0.830893
vt 0.548445 0.833958
vt 0.545615 0.842221
vt 0.542949 0.850637
vt 0.282580 0.713932
vt 0.284017 0.687508
vt 0.286503 0.692757
vt 0.289588 0.699345
vt 0.290264 0.700769
vt 0.292184 0.705206
vt 0.293240 0.707490
vt 0.294021 0.709258
vt 0.297149 0.716907
vt 0.298595 0.720175
vt 0.299758 0.722506
vt 0.300462 0.723994
vt 0.437321 0.532925
vt 0.428265 0.550761
vt 0.426727 0.554231
vt 0.433177 0.540754
vt 0.425666 0.556720
vt 0.422283 0.563397
vt 0.421044 0.565842
vt 0.418483 0.571567
vt 0.417280 0.574270
vt 0.414676 0.579630
vt 0.413688 0.581738
vt 0.441380 0.523701
vt 0.423105 0.561840
vt 0.419679 0.568835
vt 0.411552 0.586549
vt 0.412212 0.585163
vt 0.408725 0.592176
vt 0.444939 0.516585
vt 0.404993 0.599885
vt 0.406301 0.597323
vt 0.449972 0.506098
vt 0.448999 0.508013
vt 0.446383 0.513471
vt 0.401960 0.606297
vt 0.450689 0.504631
vt 0.401281 0.607705
vt 0.452891 0.500022
vt 0.400513 0.609251
vt 0.399484 0.611027
vt 0.458259 0.488517
vt 0.397252 0.615914
vt 0.459510 0.486072
vt 0.395278 0.619774
vt 0.463177 0.479191
vt 0.460630 0.483787
vt 0.394507 0.621348
vt 0.393733 0.623112
vt 0.392215 0.626491
vt 0.390619 0.629682
vt 0.387688 0.635594
vt 0.385279 0.640362
vt 0.384442 0.641907
vt 0.382271 0.645655
vt 0.379363 0.650372
vt 0.375231 0.658899
vt 0.374379 0.677873
vt 0.374832 0.683145
vt 0.375347 0.689691
vt 0.376045 0.698226
vt 0.376507 0.703913
vn -0.020108 0.993710 -0.108052
vn -0.040134 0.993248 -0.104250
vn -0.026073 0.993699 -0.103055
vn -0.046888 0.989191 -0.128617
vn 0.000274 0.994636 -0.102043
vn -0.062424 0.987977 -0.137196
vn -0.008441 0.992201 -0.120658
vn -0.004422 0.994293 -0.106112
vn -0.035055 0.989456 -0.133633
vn 0.002535 0.992544 -0.121107
vn -0.061591 0.990963 -0.114223
vn -0.010643 0.994480 -0.103349
vn -0.009789 0.992648 -0.119891
vn -0.001457 0.993650 -0.111906
vn -0.043504 0.992268 -0.112564
vn -0.036782 0.995219 -0.088467
vn -0.001679 0.992765 -0.117741
vn -0.007024 0.993905 -0.109934
vn -0.013572 0.992739 -0.117618
vn -0.044404 0.992801 -0.109415
vn -0.042105 0.995021 -0.089422
vn -0.039952 0.995275 -0.086207
vn -0.031923 0.993422 -0.104032
vn -0.004448 0.993152 -0.114629
vn -0.019861 0.993777 -0.108333
vn -0.026097 0.993466 -0.109531
vn -0.033994 0.994770 -0.095281
vn -0.033616 0.994231 -0.100247
vn -0.009261 0.996254 -0.084882
vn -0.022539 0.997435 -0.061956
vn -0.034303 0.994082 -0.101356
vn -0.032514 0.993153 -0.111328
vn -0.034773 0.997021 -0.066159
vn -0.034665 0.996412 -0.075421
vn -0.053724 0.997019 -0.052982
vn -0.017598 0.996266 -0.083353
vn -0.010363 0.997619 -0.066596
vn -0.018660 0.995921 -0.086813
vn -0.040189 0.998304 -0.030687
vn -0.040550 0.997694 -0.052358
vn -0.017206 0.998149 -0.057052
vn -0.026050 0.997401 -0.066111
vn -0.025180 0.996066 -0.082903
vn -0.016023 0.998184 -0.046225
vn -0.016239 0.998514 -0.050983
vn -0.010692 0.994994 -0.094940
vn -0.038089 0.997944 -0.050804
vn -0.013416 0.997910 -0.052136
vn -0.041134 0.997558 -0.051726
vn -0.018564 0.999469 -0.011425
vn -0.041013 0.997341 -0.058903
vn 0.003044 0.999073 0.005765
vn -0.030418 0.999397 0.005362
vn -0.029787 0.999133 0.008688
vn -0.044350 0.997186 -0.059059
vn -0.020422 0.999218 -0.023392
vn -0.017875 0.999722 0.006257
vn -0.041791 0.998393 -0.003696
vn -0.032507 0.998568 0.037348
vn -0.021377 0.999324 0.024819
vn -0.053256 0.997940 0.000648
vn -0.029772 0.997817 0.049569
vn -0.021630 0.999054 0.032571
vn -0.044821 0.997731 0.042983
vn -0.034056 0.996190 0.077106
vn -0.062393 0.997744 0.024676
vn -0.058551 0.997364 0.040659
vn -0.054505 0.992548 0.102974
vn -0.024960 0.994677 0.098280
vn -0.028088 0.997348 0.064105
vn -0.052115 0.997772 0.037904
vn -0.032036 0.993878 0.103313
vn -0.047566 0.993016 0.106411
vn -0.047200 0.993712 0.100213
vn -0.046754 0.997115 0.051702
vn -0.032567 0.993101 0.111571
vn -0.032490 0.993261 0.109534
vn -0.045469 0.992855 0.101244
vn -0.060697 0.989636 0.128973
vn -0.050055 0.990883 0.123328
vn -0.036825 0.991805 0.118584
vn -0.050193 0.990203 0.128099
vn -0.036468 0.991546 0.122511
vn -0.065531 0.990130 0.122774
vn -0.048110 0.989247 0.137986
vn -0.047098 0.989587 0.134708
vn -0.022806 0.992837 0.116398
vn -0.058407 0.991967 0.110949
vn -0.053680 0.987858 0.143984
vn -0.044946 0.988116 0.146042
vn -0.049241 0.990233 0.129350
vn -0.024831 0.992096 0.121807
vn -0.042130 0.991136 0.123618
vn -0.053886 0.986869 0.150793
vn -0.048170 0.986147 0.155189
vn -0.027740 0.991329 0.126044
vn -0.046031 0.986408 0.156432
vn -0.056409 0.984903 0.163426
vn -0.039851 0.983653 0.173457
vn -0.029044 0.990200 0.133495
vn -0.063535 0.985654 0.154109
vn -0.038043 0.988253 0.144679
vn -0.051668 0.984300 0.168385
vn -0.042416 0.987300 0.152424
vn -0.069277 0.983615 0.166083
vn -0.055897 0.985953 0.153153
vn -0.033144 0.982354 0.183909
vn -0.017719 0.992920 0.116936
vn -0.047589 0.983537 0.172843
vn -0.046592 0.984183 0.168066
vn -0.062843 0.981521 0.177491
vn -0.060671 0.984362 0.165179
vn -0.059054 0.984389 0.165557
vn -0.056760 0.981630 0.180943
vn -0.042304 0.980325 0.191822
vn -0.060299 0.981889 0.178240
vn -0.020980 0.990903 0.130605
vn -0.041130 0.985540 0.163241
vn -0.055270 0.981503 0.180839
vn -0.029005 0.982575 0.183463
vn -0.052761 0.981942 0.179390
vn -0.031411 0.991847 0.121813
vn -0.043361 0.982601 0.176758
vn -0.033187 0.989029 0.141595
vn -0.056926 0.982293 0.176549
vn -0.076217 0.978479 0.189931
vn -0.065346 0.982680 0.173374
vn -0.045871 0.977540 0.204428
vn -0.057529 0.974747 0.212019
vn -0.074323 0.980576 0.175106
vn -0.024479 0.981712 0.171175
vn -0.054644 0.977525 0.201988
vn -0.058502 0.982350 0.176402
vn -0.073204 0.980311 0.182941
vn -0.084931 0.982529 0.163989
vn -0.066100 0.982475 0.174191
vn -0.060027 0.982400 0.176686
vn -0.085749 0.971796 0.211920
vn -0.009531 0.983533 0.173704
vn 0.026424 0.980031 0.194804
vn -0.078418 0.971399 0.215815
vn -0.054136 0.981875 0.181193
vn -0.063107 0.971194 0.228818
vn -0.069069 0.987256 0.142311
vn -0.055042 0.977843 0.200394
vn -0.045941 0.966759 0.243334
vn -0.062367 0.957723 0.271139
vn -0.000094 0.976854 0.186700
vn 0.104729 0.938281 0.302994
vn -0.059599 0.979513 0.185125
vn -0.110943 0.966484 0.225185
vn -0.100704 0.973693 0.190085
vn -0.016326 0.966568 0.248080
vn -0.064535 0.938152 0.333071
vn -0.034722 0.941914 0.322685
vn 0.007517 0.955374 0.274543
vn 0.079436 0.941164 0.246329
vn -0.077664 0.961604 0.255642
vn -0.085044 0.985690 0.134833
vn -0.046164 0.958523 0.274129
vn -0.211801 0.956798 0.199165
vn -0.114242 0.923490 0.342137
vn -0.150295 0.929772 0.314581
vn -0.086025 0.959183 0.257881
vn -0.087934 0.934282 0.305598
vn -0.148341 0.975080 0.148572
vn -0.081711 0.857580 0.470438
vn 0.169595 0.872290 0.439243
vn -0.002698 0.905596 0.397026
vn -0.194348 0.911486 0.332538
vn -0.177143 0.915721 0.335579
vn -0.053228 0.950572 0.256911
vn -0.114781 0.985267 0.123479
vn -0.123395 0.832528 0.486609
vn -0.055009 0.904725 0.403272
vn -0.118519 0.918728 0.373390
vn -0.174909 0.840178 0.499133
vn -0.205234 0.898053 0.367117
vn -0.167602 0.531470 0.755110
vn -0.137558 0.769734 0.574481
vn -0.050209 0.827875 0.520088
vn -0.087591 0.978899 0.176750
vn -0.211907 0.568705 0.758250
vn -0.128684 0.719510 0.647272
vn 0.224869 0.859348 0.442090
vn -0.096758 0.803126 0.527475
vn -0.238699 0.914497 0.305648
vn -0.151342 0.840504 0.468740
vn 0.013443 0.925230 0.347517
vn -0.121261 0.972350 0.194394
vn -0.211994 0.327288 0.891127
vn -0.189643 0.461598 0.827904
vn 0.081500 0.903333 0.349097
vn 0.147173 0.905848 0.300392
vn -0.130495 0.458283 0.774367
vn -0.228462 0.912425 0.291919
vn 0.069583 0.836933 0.408241
vn -0.160253 0.530432 0.782460
vn -0.215393 0.387977 0.878068
vn 0.152099 0.841869 0.473859
vn -0.039574 0.945953 0.276655
vn -0.226461 0.225992 0.944127
vn -0.221856 0.477237 0.839121
vn -0.229474 0.887510 0.335205
vn -0.193378 0.732062 0.548863
vn -0.227961 0.692699 0.618923
vn -0.157481 0.281648 0.943068
vn -0.184349 0.375999 0.884055
vn -0.221024 0.390483 0.875154
vn -0.316533 0.875682 0.299268
vn -0.165702 0.256694 0.922820
vn -0.226743 0.248654 0.940314
vn -0.210765 0.298437 0.927798
vn -0.065147 0.900716 0.313269
vn -0.090276 0.893219 0.340254
vn 0.166001 0.855976 0.440092
vn -0.145457 0.483522 0.820217
vn -0.222954 0.484179 0.793238
vn -0.006017 0.920610 0.344767
vn -0.160701 0.469347 0.807358
vn -0.213141 0.416144 0.836644
vn -0.073760 0.912273 0.184363
vn -0.213502 0.336703 0.815973
vn -0.208604 0.119991 0.965258
vn 0.145579 0.884761 0.342060
vn -0.162964 0.693391 0.667364
vn -0.167141 0.390966 0.892016
vn -0.182347 0.358735 0.901130
vn -0.074941 0.810214 0.508521
vn -0.177179 0.799707 0.483594
vn -0.188662 0.743599 0.541866
vn -0.091210 0.787840 0.555484
vn -0.158346 0.629418 0.666377
vn -0.126895 0.547933 0.734272
vn -0.247864 0.278140 0.895424
vn -0.155979 0.420419 0.855385
vn -0.105015 0.781283 0.541105
vn -0.063583 0.901595 0.298610
vn -0.058180 0.574352 0.743607
vn -0.029273 0.950070 0.126884
vn -0.572552 0.672857 0.437201
vn -0.132633 0.874136 0.391364
vn -0.095496 0.875136 0.310809
vn -0.095180 0.379030 0.839524
vn -0.119383 0.098502 0.970314
vn -0.123216 0.471777 0.761903
vn -0.060578 0.731884 0.627069
vn -0.097824 0.913743 0.249255
vn -0.023368 0.992791 0.039798
vn -0.335626 0.156701 0.869880
vn -0.063709 0.971227 0.112199
vn -0.078584 0.848763 0.423547
vn -0.037600 0.960187 0.136592
vn -0.427277 0.189628 0.880896
vn -0.352989 0.379210 0.802982
vn -0.003405 0.986315 0.039579
vn -0.014866 0.990809 0.042772
vn -0.079734 0.827075 0.436715
vn -0.015644 0.999098 -0.020935
vn -0.016171 0.999534 -0.025436
vn -0.046235 0.994105 0.029729
vn -0.021635 0.999008 -0.025841
vn -0.018778 0.995119 0.002116
vn 0.004621 0.438446 0.779730
vn -0.058254 0.898293 0.373936
vn -0.397853 0.048141 0.896770
vn -0.166449 0.830402 0.413068
vn -0.020729 0.999469 -0.006610
vn -0.002530 0.993564 0.054829
vn -0.430834 0.313730 0.692515
vn -0.378779 0.490461 0.709131
vn 0.011676 0.998183 0.006410
vn -0.007298 0.998597 -0.030637
vn -0.007895 0.999455 -0.011934
vn -0.006531 0.999028 -0.030151
vn -0.025658 0.998625 -0.039197
vn 0.066536 0.966159 0.110994
vn -0.163276 0.882955 0.337631
vn 0.004480 0.999513 -0.016105
vn -0.018648 0.999523 -0.016748
vn 0.006314 0.997933 -0.046447
vn 0.000121 0.995515 0.055974
vn -0.009133 0.999150 -0.021474
vn -0.018468 0.999583 -0.013814
vn 0.018916 0.999235 0.011648
vn 0.005338 0.999932 -0.004807
vn 0.009275 0.999263 0.005800
vn 0.011004 0.999748 -0.016666
vn -0.017881 0.999694 -0.012135
vn 0.052669 0.997652 -0.025749
vn -0.184071 0.906217 0.298720
vn -0.015961 0.993680 0.088849
vn -0.017513 0.999085 0.007335
vn 0.006436 0.999938 -0.006413
vn -0.021120 0.999330 -0.014155
vn 0.017162 0.999652 -0.000908
vn 0.045908 0.997104 -0.029917
vn 0.014153 0.999784 0.002399
vn 0.000040 0.999571 0.001320
vn -0.000878 0.999711 -0.017144
vn -0.000536 0.999906 -0.008791
vn 0.001092 0.999076 0.031485
vn 0.013820 0.998877 -0.037855
vn 0.007458 0.999266 0.034380
vn -0.017604 0.999114 0.029797
vn -0.010757 0.999102 0.021950
vn -0.021338 0.998648 -0.043304
vn -0.022317 0.998993 -0.032457
vn -0.001223 0.999699 -0.012649
vn 0.005846 0.999674 -0.024802
vn -0.003841 0.998753 -0.041168
vn -0.000388 0.999778 -0.014089
vn -0.022876 0.998131 -0.054440
vn 0.047439 0.998073 -0.038705
vn 0.043380 0.998266 -0.039774
vn 0.045687 0.998725 -0.017045
vn 0.069756 0.996672 -0.035454
vn 0.110601 0.990903 -0.037272
vn 0.073254 0.996629 -0.026606
vn 0.200963 0.968505 -0.031311
vn 0.085607 0.993792 -0.010747
vn 0.355122 0.921010 -0.053051
vn 0.210479 0.966900 -0.039184
vn 0.150558 0.974297 0.008216
vn 0.649123 0.707514 -0.079969
vn 0.318531 0.937133 -0.053945
vn 0.307810 0.941028 0.015386
vn 0.673083 0.702930 -0.052411
vn 0.516960 0.832928 -0.073896
vn 0.122095 0.981803 0.003236
vn 0.565839 0.808258 -0.011860
vn 0.509054 0.842759 0.037790
vn 0.859260 0.466431 0.056714
vn 0.385205 0.913756 0.011489
vn 0.503378 0.853077 0.028764
vn 0.829189 0.546461 0.087805
vn 0.700490 0.692280 0.019863
vn 0.157561 0.977046 -0.003698
vn 0.464641 0.877901 0.036445
vn 0.596617 0.787380 0.076125
vn 0.610728 0.730577 0.139050
vn 0.907426 0.082077 0.193793
vn 0.370490 0.922581 0.021307
vn 0.609063 0.725790 0.088725
vn 0.917752 -0.113766 0.267599
vn 0.867913 0.299485 0.173783
vn 0.705431 0.624279 0.170045
vn 0.420369 0.904487 0.032492
vn 0.015443 0.999688 -0.003545
vn 0.444641 0.879256 0.022340
vn 0.832108 0.185025 0.040814
vn 0.872808 -0.374981 0.257533
vn 0.937312 -0.283871 0.199940
vn 0.302198 0.946017 0.016891
vn 0.043358 0.994990 -0.021635
vn 0.351308 0.921810 0.096515
vn 0.389352 0.914620 0.041400
vn 0.877223 0.364744 0.288131
vn 0.853443 -0.015318 0.108755
vn 0.597474 0.606611 0.183010
vn 0.838955 -0.410975 0.196170
vn 0.370361 0.927199 0.011702
vn 0.309660 0.938335 0.072761
vn 0.294760 0.948004 0.063142
vn 0.852273 -0.518221 0.054159
vn -0.044075 0.997571 -0.028441
vn -0.013319 0.998037 -0.039508
vn 0.792230 -0.573496 -0.001503
vn 0.846092 -0.440340 0.276127
vn 0.344886 0.933507 0.048480
vn 0.231708 0.964433 -0.003051
vn 0.571727 0.496785 0.251751
vn 0.264394 0.945066 0.068582
vn 0.830149 -0.540817 0.100646
vn 0.859193 -0.203600 0.193860
vn 0.890625 -0.238175 0.113406
vn 0.868461 -0.265738 0.324237
vn 0.262177 0.961047 0.005823
vn 0.339209 0.937912 -0.007662
vn 0.600826 0.446111 0.088261
vn 0.296473 0.949006 0.053912
vn 0.283525 0.925902 0.069972
vn 0.118196 0.980320 -0.020861
vn -0.031569 0.992867 -0.000123
vn 0.896665 -0.262093 0.251964
vn 0.216688 0.966777 -0.007257
vn 0.314868 0.941532 0.015312
vn 0.834514 -0.390987 0.167200
vn 0.699175 0.393281 0.055692
vn 0.760368 -0.640833 0.094782
vn 0.002584 0.996268 -0.030288
vn 0.231576 0.960665 0.032118
vn 0.352935 0.932041 0.016849
vn 0.902823 -0.317154 0.038732
vn 0.085585 0.984328 0.003194
vn 0.253133 0.959719 0.014189
vn -0.031234 0.996777 -0.042570
vn 0.707455 0.386742 0.207291
vn 0.183181 0.951909 -0.035328
vn 0.190950 0.971653 0.084741
vn 0.196165 0.969431 0.017879
vn 0.773525 -0.627194 0.080407
vn 0.668463 0.462675 0.119125
vn 0.874259 -0.388072 0.121227
vn 0.019239 0.989006 -0.031095
vn 0.827159 0.091664 0.160927
vn 0.512622 0.550266 0.070683
vn 0.358354 0.931824 0.027978
vn 0.304630 0.946029 0.020733
vn 0.800294 -0.583123 0.112817
vn 0.942835 -0.174272 0.171704
vn 0.296462 0.949850 0.011904
vn 0.151006 0.972776 -0.036367
vn 0.908950 -0.286896 0.204660
vn 0.194305 0.966040 -0.001970
vn 0.723086 0.261008 0.106101
vn 0.176211 0.978062 0.011358
vn 0.831989 -0.525784 0.167729
vn 0.291115 0.952854 0.002307
vn 0.013845 0.996298 -0.040873
vn -0.008031 0.998548 -0.027856
vn 0.919705 -0.300292 0.161985
vn 0.247388 0.963122 0.027623
vn 0.296525 0.949544 0.043205
vn 0.287632 0.954320 -0.033346
vn 0.249274 0.964088 -0.012380
vn 0.716204 0.337426 0.000905
vn 0.982730 -0.136433 0.050076
vn 0.208824 0.969971 0.046978
vn 0.155613 0.980355 0.009377
vn 0.182723 0.975337 -0.002461
vn 0.068395 0.991508 -0.020896
vn 0.844717 -0.514851 0.146223
vn 0.167721 0.980405 0.062216
vn 0.200804 0.969026 0.068276
vn 0.264004 0.961333 0.000766
vn 0.042774 0.998214 -0.014450
vn 0.963749 -0.149558 0.079582
vn 0.611849 0.495641 0.080781
vn 0.260005 0.935656 0.117141
vn 0.158374 0.964459 -0.006430
vn 0.106374 0.990393 -0.039282
vn 0.282342 0.956441 -0.019332
vn 0.021586 0.999692 -0.006249
vn 0.641334 0.360800 0.146404
vn 0.217394 0.967245 -0.068794
vn 0.113715 0.990057 -0.016663
vn 0.015587 0.999690 -0.009591
vn 0.740348 0.217086 0.090635
vn 0.276407 0.940536 -0.034760
vn 0.140354 0.979740 -0.117907
vn 0.327870 0.940723 -0.039634
vn 0.202328 0.970859 -0.014323
vn 0.021286 0.999242 -0.014556
vn 0.023550 0.998196 -0.032623
vn 0.900072 -0.413031 0.091776
vn 0.755149 0.250040 -0.003762
vn 0.234376 0.943800 -0.040184
vn 0.372976 0.849841 -0.125869
vn 0.862277 -0.497803 0.091072
vn 0.940873 -0.308966 0.062583
vn 0.711072 0.446113 0.017135
vn 0.671355 0.477220 -0.182419
vn 0.637046 0.458782 -0.110884
vn 0.363638 0.923544 -0.081066
vn 0.363096 0.924513 -0.014592
vn 0.125370 0.984966 -0.015210
vn 0.005098 0.997908 -0.060849
vn 0.871263 -0.483599 0.080745
vn 0.975100 -0.004299 -0.027471
vn 0.813097 0.487552 -0.140524
vn 0.480971 0.782828 -0.100799
vn 0.012551 0.998524 -0.031363
vn 0.770053 0.595916 -0.053586
vn 0.490393 0.858736 -0.041739
vn 0.521679 0.788405 -0.170111
vn 0.069056 0.989075 -0.026685
vn 0.039423 0.998797 -0.009103
vn 0.400388 0.905293 0.019698
vn 0.078635 0.990925 -0.018581
vn 0.011558 0.999047 -0.027870
vn 0.034715 0.998576 -0.016322
vn 0.450811 0.879033 0.029701
vn 0.628590 0.733026 -0.155285
vn 0.796078 0.239192 -0.254001
vn 0.092179 0.988813 -0.001389
vn 0.609929 0.776085 0.033848
vn 0.876832 0.238766 -0.213818
vn 0.873661 -0.008930 -0.263188
vn 0.026802 0.999235 -0.000366
vn 0.038875 0.997977 0.029321
vn 0.174522 0.968746 0.007365
vn 0.863675 0.399920 -0.064490
vn 0.922994 -0.301233 -0.200930
vn 0.070823 0.995339 0.004749
vn 0.050341 0.998097 0.011709
vn 0.471123 0.862856 0.050691
vn 0.966426 -0.098642 -0.078862
vn 0.877760 -0.372260 -0.001663
vn 0.755811 0.626073 0.013728
vn 0.061764 0.997850 -0.003446
vn 0.044057 0.998111 0.012747
vn 0.122562 0.987972 -0.003762
vn 0.937128 0.265175 -0.025768
vn 0.012525 0.998787 -0.034103
vn 0.772294 0.593654 0.036005
vn 0.507649 0.838377 -0.005646
vn 0.890087 -0.216237 0.122784
vn 0.958488 -0.121877 0.013159
vn 0.024045 0.999267 -0.014041
vn 0.042914 0.998223 -0.012020
vn 0.309497 0.930369 0.020250
vn 0.836354 -0.367988 0.258803
vn 0.842192 0.267717 0.145165
vn 0.742243 0.611117 0.075550
vn -0.000221 0.998994 -0.043931
vn 0.111447 0.992474 0.002392
vn 0.906827 0.093140 0.174292
vn 0.760880 0.156482 0.364901
vn 0.746826 0.378041 -0.040760
vn 0.763784 0.117663 0.412839
vn 0.953756 0.223228 0.053240
vn 0.105369 0.992362 0.007631
vn 0.470811 0.861328 0.086471
vn 0.767066 0.454610 0.224015
vn 0.693782 0.015965 0.388940
vn 0.302158 0.731356 0.444699
vn 0.885603 0.334188 0.124390
vn 0.217750 0.972494 0.020861
vn 0.322257 0.801947 0.320863
vn 0.264873 0.790352 0.411470
vn 0.224628 0.895161 0.352141
vn 0.831921 -0.488001 0.256474
vn 0.073365 0.906695 0.017739
vn 0.976593 -0.032106 0.019453
vn 0.605947 0.555298 0.288544
vn 0.266143 0.941891 0.112813
vn 0.770733 0.153904 0.320049
vn 0.138775 0.890329 0.257627
vn 0.398797 0.776348 -0.107591
vn 0.840077 0.228611 -0.019756
vn 0.796871 0.037049 0.494773
vn 0.143097 0.971215 0.124440
vn 0.881328 -0.130902 0.198035
vn 0.190966 0.851513 0.478539
vn 0.104996 0.891069 0.132694
vn 0.654535 0.364569 0.379078
vn 0.450901 0.383912 0.652118
vn 0.296075 0.886048 0.316890
vn 0.858075 -0.463158 0.207487
vn 0.339009 0.774047 0.104307
vn 0.169289 0.865916 0.245369
vn -0.016408 0.988382 0.143421
vn 0.434886 0.136522 0.807897
vn 0.434981 0.087482 0.854246
vn 0.850396 0.343906 0.075233
vn 0.169817 0.764057 0.533707
vn 0.437016 0.768006 0.066751
vn -0.022658 0.989783 0.131825
vn 0.035748 0.985830 0.139091
vn 0.458126 0.709117 0.223206
vn -0.039148 0.991177 0.124788
vn 0.885820 -0.068685 0.169126
vn -0.029288 0.993925 0.102372
vn -0.009737 0.992253 0.111204
vn 0.598063 0.510606 0.199485
vn 0.095406 0.974506 0.155467
vn 0.925850 -0.241959 0.121256
vn -0.010085 0.995845 0.075223
vn -0.019664 0.993719 0.109586
vn 0.193279 0.960456 0.108468
vn 0.770508 -0.606051 0.173122
vn 0.735178 0.221636 0.098176
vn -0.019765 0.995075 0.088268
vn 0.094301 0.986713 0.094056
vn -0.007781 0.993427 0.112223
vn -0.030104 0.992630 0.115483
vn 0.741341 -0.617830 0.262106
vn 0.923660 -0.382258 0.001831
vn 0.015563 0.995748 0.078740
vn 0.202585 0.941527 0.105941
vn -0.024973 0.995590 0.084723
vn -0.025233 0.991649 0.124975
vn -0.007775 0.992757 0.119211
vn 0.375353 0.872829 0.120641
vn 0.849567 -0.071151 0.148095
vn -0.003677 0.998435 0.035427
vn 0.429293 0.830148 0.102078
vn 0.062818 0.983575 0.058128
vn -0.006226 0.996816 0.060435
vn -0.013513 0.994722 0.100073
vn -0.041151 0.990011 0.134215
vn -0.014374 0.994999 0.096709
vn -0.029436 0.992868 0.112603
vn 0.889084 -0.399415 0.162983
vn 0.718728 0.216997 0.128419
vn 0.482485 0.783113 0.108745
vn -0.022571 0.998806 0.036004
vn 0.894327 -0.360840 0.244341
vn 0.017067 0.999205 -0.012491
vn 0.129648 0.968531 0.075401
vn 0.890439 0.000000 0.185930
vn 0.596973 0.705346 0.038819
vn -0.025834 0.999337 0.025536
vn -0.000843 0.998644 -0.030318
vn 0.026730 0.993927 0.003879
vn 0.776628 -0.154443 0.142633
vn 0.472721 0.801386 0.050174
vn 0.720941 -0.660889 0.190280
vn 0.898480 -0.187091 0.102343
vn 0.010663 0.995717 -0.083581
vn 0.166938 0.942976 -0.064243
vn 0.822949 0.035439 0.047678
vn 0.507763 0.746986 0.007296
vn 0.795027 -0.536118 0.207049
vn 0.036986 0.994108 -0.080119
vn 0.858491 -0.436775 0.018409
vn 0.015180 0.993947 -0.106779
vn 0.420218 0.840023 0.007505
vn 0.674812 0.090782 -0.044309
vn 0.847774 -0.177306 0.160235
vn 0.800804 -0.560286 0.075682
vn 0.005329 0.996910 -0.077638
vn 0.409027 0.834164 -0.039230
vn 0.206273 0.938189 -0.049827
vn 0.177773 0.955543 -0.090691
vn 0.748528 -0.098890 0.078270
vn 0.794943 -0.550319 0.021600
vn 0.734607 -0.652334 0.020380
vn 0.737477 0.086590 0.014297
vn 0.437564 0.839644 -0.064202
vn 0.812127 -0.563890 0.087000
vn 0.657304 0.314619 -0.041973
vn 0.794888 -0.160332 0.055047
vn 0.821795 -0.556828 0.080022
vn 0.702380 0.494866 0.013305
vn 0.876182 -0.408131 0.139506
vn 0.951670 -0.025261 0.173682
vn 0.486712 0.859593 -0.052932
vn 0.957508 0.224812 0.110895
vn 0.843930 0.396946 -0.083924
vn 0.658670 -0.658454 0.039019
vn 0.739465 -0.549124 0.033480
vn 0.557263 -0.734484 0.040291
vn 0.562470 -0.766600 0.090652
vn 0.662869 -0.654050 -0.108283
vn 0.032002 0.997412 -0.061315
vn 0.038599 0.996447 -0.068707
vn 0.025162 0.997776 -0.057618
vn 0.032982 0.997239 -0.060623
vn 0.044554 0.998014 -0.043478
vn 0.070915 0.993485 -0.071667
vn 0.020194 0.997756 -0.056713
vn 0.010630 0.992601 -0.105420
vn 0.053285 0.997698 -0.041044
vn 0.000632 0.998954 -0.044612
vn 0.048408 0.991854 -0.077976
vn -0.014105 0.997374 -0.062721
vn 0.089398 0.994899 -0.033836
vn 0.046897 0.998135 -0.039057
vn 0.044018 0.962094 -0.188070
vn 0.096057 0.993206 -0.037596
vn -0.011051 0.979434 -0.148974
vn 0.052289 0.998079 -0.027415
vn 0.142050 0.955749 -0.129343
vn -0.018738 0.997439 -0.058829
vn 0.101472 0.990011 -0.068070
vn 0.080326 0.996133 -0.016710
vn 0.185096 0.891394 -0.410965
vn 0.432509 0.655048 -0.390960
vn 0.175578 0.969895 -0.049523
vn 0.302063 0.902371 -0.229428
vn 0.187856 0.963214 -0.074198
vn 0.698720 0.399458 -0.331460
vn 0.394629 0.892338 -0.104063
vn 0.815350 -0.311323 -0.293416
vn 0.747809 0.536027 -0.116300
vn 0.714964 0.591649 -0.152781
vn 0.914557 -0.083982 -0.059447
vn 0.819889 -0.506434 -0.013631
vn 0.952013 0.244060 -0.050907
vn 0.688769 -0.585289 -0.345634
vn 0.895958 -0.372250 0.208550
vn 0.975291 -0.052107 0.064804
vn 0.954521 0.238169 0.035909
vn 0.868136 -0.472622 0.080417
vn 0.863686 -0.346773 -0.142290
vn 0.709659 -0.432634 -0.372455
vn 0.697358 -0.349523 -0.620021
vn 0.668222 -0.088534 -0.059039
vn 0.799348 -0.347856 -0.218970
vn 0.603920 0.214792 -0.127365
vn 0.604995 0.339434 -0.136526
vn 0.798764 -0.415187 0.168145
vn 0.971275 -0.155176 0.154148
vn 0.851143 0.138599 -0.072615
vn 0.941137 0.118621 -0.021082
vn 0.510837 -0.796995 -0.228567
vn 0.588405 -0.780762 -0.083450
vn 0.690872 -0.675106 -0.168615
vn -0.023386 0.999143 -0.002929
vn 0.038492 0.998419 -0.022975
vn -0.036178 0.997106 -0.036448
vn 0.002291 0.995780 -0.061599
vn 0.001182 0.999792 -0.014838
vn 0.003271 0.997104 -0.059864
vn 0.005606 0.998891 -0.018892
vn -0.013972 0.996430 -0.070069
vn 0.007428 0.996887 -0.065336
vn 0.019836 0.998490 -0.029888
vn 0.001440 0.999800 -0.010313
vn -0.017834 0.997416 -0.047127
vn 0.024224 0.995269 -0.091961
vn -0.017466 0.999762 -0.005898
vn 0.013535 0.999449 -0.009938
vn 0.014386 0.999016 -0.006677
vn -0.017377 0.998627 -0.018012
vn -0.030380 0.986026 -0.092064
vn 0.003523 0.998524 -0.034179
vn 0.033254 0.971529 -0.123600
vn -0.000903 0.987806 -0.071931
vn -0.057328 0.963485 -0.147346
vn -0.043966 0.992767 -0.063541
vn -0.012332 0.983056 -0.124757
vn 0.015089 0.998185 -0.039424
vn -0.014415 0.956864 -0.190090
vn 0.066465 0.983867 -0.131285
vn 0.021020 0.960180 -0.211425
vn -0.108975 0.844538 -0.416542
vn 0.046648 0.887376 -0.407743
vn 0.059273 0.925172 -0.281012
vn -0.017262 0.998342 -0.021455
vn -0.015737 0.999761 -0.005351
vn -0.003678 0.987377 -0.114994
vn 0.002099 0.854424 -0.423629
vn -0.006639 0.887127 -0.387641
vn -0.006131 0.856727 -0.428267
vn -0.071345 0.667723 -0.611156
vn -0.003409 0.859330 -0.422258
vn -0.001104 0.663687 -0.568369
vn 0.028548 0.870084 -0.377668
vn -0.085568 0.888065 -0.340288
vn -0.001762 0.993533 -0.108695
vn -0.052553 0.889596 -0.381385
vn -0.017915 0.818508 -0.537190
vn -0.055458 0.714740 -0.688955
vn 0.060858 0.428037 -0.776314
vn 0.086026 0.812468 -0.557947
vn -0.176346 0.824228 -0.473676
vn 0.016186 0.996385 -0.076828
vn 0.017063 0.993277 -0.080311
vn 0.037435 0.889535 -0.390061
vn -0.186476 0.835541 -0.489771
vn 0.028860 0.811204 -0.564224
vn 0.032159 -0.026485 -0.999132
vn 0.067646 0.745480 -0.660146
vn 0.088504 0.967206 -0.134329
vn 0.062626 0.778027 -0.616127
vn 0.096181 0.906796 -0.310939
vn 0.086250 0.818296 -0.567504
vn 0.177117 0.832879 -0.517684
vn 0.137338 0.156106 -0.859212
vn 0.011713 -0.234706 -0.928910
vn -0.055341 0.211018 -0.712343
vn 0.312343 0.112740 -0.781705
vn -0.087338 -0.472826 -0.830349
vn 0.035276 0.849018 -0.486696
vn 0.418936 -0.153752 -0.843236
vn 0.029732 -0.199290 -0.827019
vn 0.000252 0.908917 -0.400228
vn 0.552235 -0.311358 -0.738759
vn 0.192446 0.806214 -0.430312
vn 0.019043 -0.408066 -0.899889
vn -0.041823 0.854924 -0.486035
vn -0.025650 0.968960 -0.231302
vn 0.452175 0.229549 -0.651483
vn -0.010316 0.126599 -0.752494
vn 0.004395 0.948983 -0.292990
vn 0.690311 0.456658 -0.424181
vn 0.022653 0.959900 -0.210457
vn 0.058062 -0.476106 -0.859767
vn 0.051710 0.969924 -0.222810
vn 0.542704 0.660323 -0.191727
vn -0.077320 0.978866 -0.175483
vn 0.059743 -0.244102 -0.937055
vn 0.008260 0.886268 -0.444909
vn 0.043719 0.957962 -0.277683
vn 0.860044 0.472623 -0.076653
vn 0.069272 0.966986 -0.162378
vn 0.502536 0.736247 -0.162401
vn -0.018043 0.459107 -0.696158
vn -0.021278 0.930056 -0.356866
vn -0.013904 0.955002 -0.295420
vn 0.071254 0.951698 -0.292619
vn -0.022658 0.947812 -0.292861
vn 0.011103 0.945014 -0.291248
vn 0.003836 0.285156 -0.748484
vn -0.017194 0.958372 -0.283892
vn 0.039863 0.963008 -0.260406
vn 0.082400 0.939006 -0.329054
vn 0.498305 0.762305 -0.201139
vn -0.071724 -0.224265 -0.971029
vn 0.003996 0.952925 -0.301668
vn 0.007944 0.963447 -0.263364
vn 0.011316 0.968697 -0.236435
vn 0.378339 0.811600 -0.294104
vn -0.050315 0.228215 -0.770642
vn 0.008229 0.899201 -0.424071
vn 0.005360 0.932049 -0.339471
vn -0.024245 0.970063 -0.238662
vn 0.004459 0.981629 -0.190024
vn 0.063716 0.964533 -0.240233
vn 0.763284 0.572430 -0.175220
vn -0.018193 -0.246071 -0.954850
vn -0.011071 0.965905 -0.258448
vn -0.032483 0.960490 -0.275557
vn -0.015319 0.980915 -0.192474
vn 0.006294 0.984789 -0.171292
vn 0.049949 0.978736 -0.189901
vn 0.470037 0.722902 -0.133675
vn 0.002959 0.288066 -0.735483
vn -0.015730 0.947477 -0.303999
vn -0.008919 0.962877 -0.269466
vn -0.023258 0.973331 -0.225106
vn -0.008280 0.985524 -0.168770
vn 0.032821 0.978044 -0.188573
vn 0.921358 0.332079 0.174477
vn -0.000652 0.314400 -0.744839
vn -0.003917 0.965930 -0.257914
vn 0.005039 0.853201 -0.500129
vn -0.019469 0.982697 -0.183135
vn -0.021552 0.985732 -0.164870
vn 0.004688 0.989145 -0.144269
vn 0.521724 0.643484 -0.098413
vn 0.152374 0.968935 -0.152771
vn 0.321895 -0.043739 -0.945764
vn 0.010486 0.956627 -0.279802
vn 0.017498 0.963610 -0.264485
vn -0.002785 0.969002 -0.244616
vn -0.004397 0.979677 -0.199192
vn -0.009540 0.984787 -0.173105
vn -0.005326 0.986791 -0.160649
vn 0.071029 0.967564 -0.169251
vn -0.005672 0.990294 -0.134169
vn 0.019878 0.967259 -0.246520
vn 0.025262 0.925875 -0.369472
vn -0.021456 0.984000 -0.175698
vn 0.012068 0.991037 -0.131623
vn 0.245766 0.928336 -0.175481
vn 0.041163 0.965918 -0.249209
vn 0.010191 0.969775 -0.242402
vn -0.004696 0.987073 -0.159575
vn 0.008484 0.990436 -0.136883
vn 0.043913 0.984583 -0.130136
vn 0.017769 0.991614 -0.127449
vn 0.014765 0.967428 -0.251192
vn 0.013625 0.968111 -0.246850
vn 0.001032 0.977709 -0.209392
vn -0.010704 0.984895 -0.172388
vn -0.010004 0.985944 -0.166721
vn 0.380940 0.826672 -0.183228
vn -0.015390 0.991264 -0.125127
vn 0.026789 0.959969 -0.275099
vn -0.000006 0.983150 -0.180831
vn -0.000587 0.986544 -0.162858
vn -0.009271 0.986020 -0.166339
vn -0.013373 0.987529 -0.156375
vn 0.000504 0.990981 -0.132552
vn 0.015183 0.989294 -0.126214
vn 0.609549 0.625692 -0.065300
vn 0.020032 0.991397 -0.129220
vn -0.003687 0.976912 -0.213033
vn 0.003119 0.982118 -0.184839
vn -0.002579 0.985895 -0.166460
vn 0.149295 0.947602 -0.101781
vn 0.389457 0.832571 -0.031322
vn 0.002880 0.991238 -0.127271
vn -0.026546 0.992082 -0.121284
vn 0.007330 0.992278 -0.122253
vn 0.878280 0.408460 0.017770
vn 0.010029 0.984346 -0.175233
vn -0.007809 0.988636 -0.148009
vn -0.018075 0.990820 -0.133359
vn -0.011859 0.993362 -0.114216
vn 0.557804 0.764431 -0.091548
vn 0.018676 0.991137 -0.100662
vn 0.019263 0.993951 -0.104707
vn 0.006069 0.988172 -0.148180
vn -0.022429 0.992952 -0.114796
vn -0.029858 0.993517 -0.109125
vn -0.012732 0.994545 -0.102863
vn 0.176872 0.953185 -0.169637
vn 0.007284 0.994322 -0.103371
vn 0.009231 0.993656 -0.106848
vn -0.011523 0.993972 -0.106403
vn -0.032103 0.993978 -0.104034
vn -0.000541 0.994064 -0.097854
vn -0.004932 0.988482 -0.131513
vn 0.015298 0.995588 -0.089938
vn 0.001150 0.995304 -0.094758
vn -0.043346 0.993141 -0.108517
vn -0.022552 0.994208 -0.103895
vn 0.007618 0.996005 -0.088061
vn -0.035424 0.993649 -0.105888
vn -0.004869 0.995992 -0.088332
vn -0.001638 0.993783 -0.101442
vn -0.012848 0.994505 -0.103661
vn 0.014397 0.998670 -0.047071
vn 0.010856 0.998648 -0.043014
vn 0.004430 0.998648 -0.043714
vn -0.002218 0.999086 -0.038092
vn -0.024617 0.998394 -0.042130
vn -0.004751 0.999397 -0.031563
vn -0.016244 0.998789 -0.043539
vn -0.028434 0.998350 -0.038254
vn -0.025586 0.999076 -0.028391
vn -0.042403 0.997507 -0.038359
vn -0.013034 0.996465 -0.060200
vn -0.042836 0.996982 -0.056457
vn -0.022756 0.998367 -0.035397
vn 0.005001 0.997556 -0.059494
vn 0.004502 0.994562 -0.072835
vn -0.003367 0.998368 -0.040458
vn 0.044100 0.997178 -0.059521
vn 0.008516 0.998135 -0.053434
vn 0.010225 0.998719 -0.042328
vn -0.047404 0.988221 -0.094214
vn -0.105951 0.950867 -0.203187
vn 0.011079 0.998807 -0.012363
vn -0.186094 0.926644 -0.243493
vn -0.007634 0.997687 -0.062949
vn -0.035364 0.990625 -0.110363
vn -0.008569 0.997879 -0.047689
vn -0.343056 0.602400 -0.647982
vn -0.180091 0.898447 -0.336584
vn -0.047175 0.994961 -0.063622
vn -0.035373 0.992331 -0.093374
vn -0.073862 0.947477 -0.222723
vn -0.592178 0.324600 -0.662688
vn -0.267616 0.611416 -0.666291
vn -0.055590 0.994045 -0.062220
vn -0.047700 0.879375 -0.394709
vn -0.018724 0.983860 -0.116627
vn -0.236708 0.431877 -0.796870
vn -0.122613 0.883380 -0.334553
vn -0.179700 0.937109 -0.186562
vn -0.083866 0.356417 -0.803836
vn -0.273987 -0.112692 -0.901794
vn -0.067566 -0.131145 -0.931319
vn -0.298361 -0.533427 -0.726657
vn 0.206120 0.133427 -0.969220
vn 0.219510 0.123630 -0.967745
vn 0.065095 0.357977 -0.718304
vn -0.034822 0.075970 -0.785259
vn -0.075257 -0.627630 -0.680742
vn 0.065527 0.791643 -0.599899
vn -0.159847 -0.506818 -0.767865
vn -0.011828 -0.582099 -0.675590
vn 0.016626 0.889834 -0.409940
vn -0.028279 0.813654 -0.562573
vn -0.170977 0.229779 -0.708351
vn -0.046910 0.175767 -0.776428
vn -0.451616 -0.452801 -0.546748
vn -0.111509 -0.703166 -0.621559
vn -0.017781 0.753425 -0.603322
vn -0.116378 -0.095797 -0.732157
vn -0.019225 0.896037 -0.389233
vn 0.003924 0.967373 -0.253174
vn -0.114554 0.695480 -0.634510
vn -0.025298 0.938374 -0.291210
vn -0.061216 -0.313288 -0.836250
vn -0.009799 0.970294 -0.241082
vn -0.026787 0.300067 -0.787677
vn -0.025261 0.972113 -0.232472
vn 0.118778 -0.250969 -0.902942
vn -0.021292 0.764990 -0.559526
vn -0.013797 0.971566 -0.235606
vn -0.064926 0.975722 -0.202821
vn 0.018655 -0.575508 -0.773584
vn -0.040709 0.962490 -0.256154
vn -0.108373 0.402682 -0.764262
vn -0.043110 0.972764 -0.222437
vn -0.018071 0.975888 -0.216332
vn -0.029358 0.968517 -0.243454
vn -0.144119 0.876198 -0.386613
vn 0.143817 -0.447805 -0.882489
vn -0.003898 0.980528 -0.195529
vn -0.135527 0.967255 -0.198711
vn -0.011554 0.975560 -0.218809
vn -0.106887 0.952553 -0.265301
vn -0.042184 0.969459 -0.240598
vn -0.021808 0.979217 -0.197553
vn -0.016721 0.985474 -0.166119
vn -0.063905 0.970145 -0.230883
vn -0.021702 0.990215 -0.132907
vn -0.002130 0.988000 -0.151400
vn -0.036481 0.984989 -0.165479
vn 0.003774 0.986091 -0.164267
vn -0.051534 0.983023 -0.170959
vn -0.011907 0.989171 -0.145295
vn -0.011437 0.987451 -0.157500
vn -0.010397 0.998705 -0.016490
vn -0.010143 0.999077 -0.034597
vn -0.014406 0.999164 -0.021677
vn -0.026219 0.998114 -0.042503
vn -0.020155 0.998899 -0.033764
vn -0.043127 0.997602 -0.054076
vn -0.049698 0.997704 -0.035522
vn -0.012894 0.999717 0.004711
vn -0.002793 0.999476 -0.021648
vn -0.017155 0.999005 -0.029404
vn -0.041405 0.997984 -0.045135
vn -0.035047 0.997471 -0.039083
vn -0.043612 0.998126 -0.032157
vn -0.039081 0.997940 -0.023387
vn -0.054005 0.997533 -0.036809
vn -0.037311 0.997967 -0.012090
vn -0.048174 0.998526 -0.020250
vn -0.015599 0.998231 -0.048828
vn -0.041272 0.997490 -0.043120
vn -0.071987 0.996656 -0.024481
vn -0.028247 0.999375 -0.010931
vn -0.059584 0.996516 -0.040860
vn -0.084551 0.994332 -0.045183
vn -0.008198 0.997354 -0.054080
vn -0.015794 0.998854 -0.025955
vn -0.083447 0.992482 -0.061099
vn -0.029270 0.998887 -0.017863
vn -0.035732 0.998477 -0.041041
vn -0.132714 0.990829 -0.018200
vn -0.047284 0.997755 -0.020822
vn -0.044568 0.996946 -0.045139
vn -0.041426 0.996683 -0.043781
vn -0.006390 0.999300 -0.023989
vn -0.077079 0.995278 -0.043936
vn -0.035674 0.996614 -0.038949
vn -0.108649 0.990804 -0.041394
vn -0.015293 0.999594 -0.018657
vn -0.023301 0.994917 -0.088100
vn -0.066632 0.995520 -0.018037
vn -0.056603 0.994903 -0.020301
vn -0.000008 0.999416 -0.030287
vn -0.070572 0.995301 -0.026097
vn -0.081007 0.996473 0.006125
vn -0.096325 0.994167 -0.027749
vn 0.024313 0.993262 -0.050290
vn -0.136606 0.987238 -0.055648
vn -0.013277 0.999061 -0.033255
vn -0.024499 0.995686 -0.026318
vn 0.048897 0.994344 -0.035085
vn 0.008115 0.995693 -0.050595
vn -0.090039 0.988195 -0.044413
vn -0.074942 0.990337 -0.039586
vn -0.005891 0.996925 -0.016270
vn -0.023867 0.998573 -0.029530
vn -0.091523 0.994713 -0.032884
vn -0.065129 0.991980 -0.017375
vn 0.010264 0.991463 -0.048005
vn -0.052451 0.991483 -0.047109
vn -0.009418 0.999015 -0.039247
vn -0.080290 0.993926 -0.035732
vn -0.072594 0.992859 -0.036687
vn 0.003534 0.992699 -0.067195
vn -0.015184 0.999289 -0.033702
vn -0.040551 0.993757 -0.014984
vn -0.060689 0.995094 -0.024303
vn -0.017368 0.999387 -0.024369
vn 0.043011 0.992950 -0.012091
vn -0.296928 0.921777 -0.022236
vn 0.041093 0.990820 0.011034
vn -0.099005 0.983391 -0.047362
vn -0.199607 0.964363 -0.040651
vn -0.223381 0.969274 -0.028920
vn -0.433526 0.877756 -0.033203
vn 0.021966 0.998018 0.004257
vn -0.123389 0.973628 -0.038656
vn -0.073357 0.996182 -0.028695
vn -0.083286 0.995181 -0.041213
vn -0.025605 0.997621 -0.012943
vn -0.056155 0.991012 -0.015286
vn -0.055812 0.996834 -0.037215
vn -0.057238 0.994218 -0.034986
vn -0.001478 0.988781 -0.081890
vn -0.011362 0.987510 0.039203
vn -0.074548 0.978895 -0.086208
vn -0.051925 0.992230 -0.037490
vn -0.205448 0.964549 -0.087503
vn -0.014944 0.995991 -0.029092
vn -0.551915 0.779426 0.052773
vn -0.468961 0.854258 -0.037199
vn -0.337233 0.927876 -0.014755
vn -0.441489 0.877772 -0.049261
vn -0.026420 0.983142 -0.025811
vn -0.162253 0.957358 -0.042673
vn -0.063430 0.995384 -0.053797
vn -0.047458 0.996008 -0.035882
vn -0.268449 0.929064 -0.002487
vn -0.715200 0.519114 -0.034760
vn -0.128880 0.989919 -0.050241
vn -0.010150 0.995735 -0.013958
vn -0.402771 0.883442 -0.026371
vn -0.313304 0.925883 -0.001035
vn -0.008760 0.988730 -0.052591
vn -0.237957 0.946199 -0.176855
vn -0.356855 0.896993 -0.159365
vn -0.403342 0.891680 -0.138330
vn -0.019151 0.974082 -0.035020
vn -0.012456 0.999045 -0.040610
vn -0.775030 0.497379 -0.029569
vn -0.060370 0.987874 -0.005833
vn -0.198554 0.958963 -0.059625
vn -0.651535 0.682498 0.024709
vn -0.542216 0.837234 -0.020215
vn -0.057186 0.984881 -0.050056
vn -0.117561 0.991525 -0.040756
vn -0.099537 0.991418 -0.038634
vn -0.274120 0.945798 0.028630
vn -0.359064 0.913365 -0.109178
vn -0.385854 0.874876 -0.136895
vn -0.019430 0.999101 -0.033083
vn -0.759366 0.612103 0.011781
vn -0.602913 0.790341 -0.024908
vn -0.220469 0.940538 0.021521
vn -0.265524 0.930775 -0.038595
vn -0.534750 0.750078 -0.030294
vn -0.810571 0.532021 0.163710
vn -0.092781 0.992947 -0.060086
vn -0.134485 0.967083 -0.062826
vn -0.995236 0.082932 0.020052
vn -0.765316 0.383287 -0.065107
vn -0.090206 0.993912 -0.057819
vn -0.050446 0.990450 -0.081720
vn -0.221884 0.938484 -0.079544
vn -0.636297 0.576027 0.038020
vn -0.465277 0.881059 0.065107
vn -0.509046 0.841270 0.030706
vn -0.516417 0.814451 -0.122917
vn -0.671274 0.293058 -0.268676
vn -0.709054 0.472834 -0.301362
vn -0.003314 0.999988 0.003500
vn -0.014077 0.999740 -0.012638
vn -0.786406 0.567574 0.121181
vn -0.641991 0.571052 -0.020422
vn -0.693523 0.591020 -0.065310
vn -0.912965 0.307031 0.087258
vn -0.096905 0.991673 -0.056524
vn -0.003917 0.998536 -0.027158
vn -0.165390 0.952938 -0.069064
vn -0.733567 0.471836 -0.000313
vn -0.978640 0.101588 -0.129917
vn -0.990290 -0.033064 -0.087986
vn -0.954755 -0.180061 -0.044873
vn -0.053523 0.767273 -0.029328
vn -0.067214 0.994791 -0.046393
vn -0.073958 0.993499 -0.020630
vn -0.142855 0.964651 -0.092729
vn -0.753718 0.055185 -0.215103
vn -0.765187 0.233821 -0.324374
vn -0.660804 0.568629 -0.210582
vn -0.831857 -0.014186 -0.195673
vn -0.074791 0.994945 -0.033526
vn -0.942509 0.267630 -0.119747
vn -0.717602 0.579957 -0.063596
vn -0.899191 0.265237 0.322270
vn -0.073504 0.995280 -0.058825
vn -0.018993 0.994871 -0.017806
vn -0.754169 0.432265 -0.116201
vn -0.325129 0.905429 -0.087497
vn -0.702965 0.510894 -0.148608
vn -0.925277 -0.268263 0.025321
vn -0.729752 0.322812 -0.021545
vn -0.768996 0.355706 -0.024415
vn -0.871595 0.110977 -0.019516
vn -0.823309 -0.483675 -0.224370
vn -0.841101 -0.386674 -0.245205
vn -0.937816 0.077354 -0.317094
vn -0.880064 -0.196241 -0.273755
vn -0.979550 0.172910 -0.003434
vn -0.942638 0.123242 0.245284
vn -0.084096 0.991181 -0.054385
vn -0.328762 0.899300 -0.103846
vn -0.972722 -0.010657 0.045270
vn -0.080665 0.995988 0.010312
vn -0.033846 0.993955 -0.036985
vn -0.270079 0.917275 0.002517
vn -0.855085 -0.421088 0.000253
vn -0.796490 -0.526235 -0.167760
vn -0.996293 0.078746 0.015156
vn -0.811913 0.400885 -0.154890
vn -0.965295 -0.169599 -0.077687
vn -0.875252 -0.483657 -0.003240
vn -0.166458 0.976623 -0.054466
vn -0.073304 0.977351 -0.155328
vn -0.781248 0.382419 -0.199360
vn -0.806972 0.439160 -0.200139
vn -0.766660 -0.631603 -0.047734
vn -0.801963 -0.493120 -0.102621
vn -0.858752 -0.412151 -0.052420
vn -0.746778 -0.644269 -0.163034
vn -0.972327 0.182382 -0.145873
vn -0.944600 -0.147351 0.153593
vn -0.290004 0.913759 -0.160063
vn -0.547179 0.779416 -0.304230
vn -0.943217 -0.161650 -0.099317
vn -0.892634 -0.378590 0.151908
vn -0.034845 0.997740 0.027076
vn -0.136660 0.983303 0.061814
vn -0.377281 0.831483 -0.070536
vn -0.897454 0.002686 -0.205297
vn -0.712720 -0.694921 -0.081996
vn -0.701913 -0.685240 -0.188121
vn -0.703955 -0.700699 -0.104646
vn -0.874238 -0.455653 -0.011884
vn -0.491569 0.575911 -0.086933
vn -0.336013 0.775606 -0.291622
vn -0.857904 0.064502 -0.295513
vn -0.809627 -0.500564 0.271858
vn -0.830259 -0.527673 0.154157
vn -0.835568 -0.374410 -0.052794
vn -0.006347 0.999950 -0.000259
vn -0.052976 0.995391 0.055235
vn -0.305141 0.933968 0.077533
vn -0.764536 -0.448097 -0.332986
vn -0.733186 -0.453710 -0.299606
vn -0.834401 -0.090791 0.001469
vn -0.013837 0.999695 0.015026
vn -0.813730 -0.096716 -0.467299
vn -0.718691 0.284016 0.173259
vn -0.701317 -0.668434 -0.199345
vn -0.745707 0.003815 -0.031408
vn -0.860274 -0.474836 0.157946
vn -0.544292 0.500536 -0.387796
vn -0.020217 0.999084 0.032182
vn -0.830647 -0.382405 -0.258842
vn -0.858489 -0.237298 0.276926
vn -0.723865 -0.599276 -0.243938
vn -0.754466 -0.517470 -0.357524
vn -0.581762 0.516515 -0.329166
vn -0.816743 0.110883 0.138124
vn -0.530632 0.702589 -0.076413
vn -0.012172 0.999334 -0.006835
vn -0.020257 0.999206 0.025343
vn -0.729982 -0.116612 0.658877
vn -0.806049 -0.438884 -0.269952
vn -0.800254 0.052785 -0.049689
vn -0.319981 0.864642 -0.228128
vn -0.850869 -0.462880 -0.068683
vn -0.228769 0.913727 -0.308075
vn -0.001140 0.999491 -0.030273
vn -0.852974 -0.282244 -0.250930
vn -0.794938 -0.312768 0.227584
vn -0.839903 0.163827 -0.110405
vn -0.838056 -0.535229 -0.066697
vn -0.782328 0.176413 -0.143512
vn -0.774373 -0.090741 -0.223055
vn -0.515306 0.780041 -0.119076
vn -0.013179 0.999457 -0.017526
vn -0.006214 0.999460 -0.026774
vn -0.863709 0.088198 -0.064447
vn -0.837467 0.285310 0.178764
vn -0.744725 0.390235 -0.064266
vn -0.622970 0.747858 0.074767
vn -0.915131 0.123676 -0.024197
vn -0.757533 -0.647693 -0.075996
vn -0.620365 0.552198 -0.282990
vn -0.744775 -0.467071 -0.472035
vn -0.706197 0.574064 0.011853
vn -0.526791 0.812358 0.023781
vn -0.647439 0.624893 0.101972
vn -0.867996 -0.007713 -0.286543
vn -0.205326 0.944877 -0.172088
vn -0.646702 0.105330 -0.523471
vn -0.305924 0.838998 -0.344697
vn -0.004761 0.999961 0.005574
vn -0.755636 0.619095 0.101245
vn -0.418374 0.902391 0.072721
vn -0.726263 0.441870 0.050192
vn -0.595760 0.469366 -0.326432
vn -0.541436 -0.222643 -0.746656
vn -0.479567 0.873184 0.045852
vn -0.309609 0.932498 0.139173
vn -0.952592 -0.173218 -0.179012
vn -0.668133 0.294614 -0.129753
vn -0.027450 0.992977 -0.104498
vn -0.327951 0.455562 -0.710095
vn -0.516149 0.822800 0.039660
vn -0.142399 0.977049 0.151536
vn -0.837599 0.157694 -0.062081
vn -0.763234 -0.036056 0.048422
vn -0.747011 0.067277 -0.115355
vn -0.296781 0.893642 -0.130586
vn -0.250256 0.930707 0.122247
vn -0.910564 -0.338234 -0.106418
vn -0.848800 -0.384500 0.089757
vn -0.140327 0.958799 -0.077505
vn -0.022361 0.995304 -0.086970
vn -0.089333 0.985780 0.137132
vn -0.937207 -0.249894 -0.063402
vn -0.858626 -0.476154 -0.121096
vn -0.846799 0.189390 -0.124008
vn -0.496973 0.780680 0.015481
vn -0.024117 0.992963 -0.111383
vn -0.005891 0.996181 -0.082004
vn -0.767891 0.484773 0.030825
vn -0.093955 0.986423 0.132876
vn -0.899048 -0.372388 -0.171318
vn -0.719442 0.127810 -0.048119
vn -0.179242 0.926833 -0.110111
vn -0.494890 0.755176 0.019425
vn -0.038710 0.991162 0.122918
vn -0.079840 0.988987 0.096967
vn -0.875172 0.117020 -0.225409
vn -0.053286 0.992416 -0.106316
vn -0.028653 0.992430 0.117517
vn -0.847646 -0.466312 -0.244568
vn -0.852924 0.224378 -0.009952
vn -0.084069 0.991224 -0.085709
vn -0.439745 0.779106 0.015243
vn -0.892491 0.266858 -0.041388
vn -0.825418 -0.524990 0.011267
vn -0.631616 0.652405 -0.002122
vn -0.265108 0.954493 -0.027845
vn -0.063672 0.994023 -0.084433
vn -0.067539 0.992326 0.092698
vn -0.038209 0.993597 0.103746
vn -0.743226 -0.658574 -0.117876
vn -0.867558 0.000000 0.126643
vn -0.543832 0.733642 0.030312
vn -0.102743 0.989588 -0.085797
vn -0.123002 0.983260 0.050212
vn -0.680193 0.553018 -0.080544
vn -0.789452 -0.582622 0.164618
vn -0.427534 0.811275 -0.059244
vn -0.046694 0.997407 -0.053176
vn -0.047958 0.994438 0.090462
vn -0.924442 0.037523 -0.155592
vn -0.808440 0.042314 0.069805
vn -0.122723 0.985188 -0.057812
vn -0.037249 0.997827 -0.051399
vn -0.589970 0.645070 -0.135316
vn -0.034840 0.998325 0.041611
vn -0.887639 0.088793 -0.269535
vn -0.725518 -0.656890 0.205233
vn -0.825785 0.163495 -0.059556
vn -0.610804 0.682078 -0.027041
vn -0.117698 0.986819 0.000930
vn -0.738244 -0.632119 -0.231674
vn -0.792904 -0.608889 -0.015460
vn -0.654151 0.654476 0.005899
vn -0.036184 0.997909 -0.047991
vn -0.869113 -0.040863 -0.152111
vn -0.237650 0.958690 -0.054762
vn -0.056183 0.997383 -0.011418
vn -0.838049 0.232035 0.047343
vn -0.617509 0.657766 -0.095594
vn -0.032961 0.998896 -0.014029
vn -0.804329 0.466831 -0.091548
vn -0.742255 -0.645112 -0.149753
vn -0.848559 0.193376 -0.028132
vn -0.891196 0.057458 -0.073448
vn -0.733988 -0.678073 0.012738
vn -0.640444 -0.670431 0.316548
vn -0.568179 -0.782280 0.152707
vn -0.403907 -0.872319 0.202858
vn -0.489954 -0.788726 0.277724
vn 0.457945 -0.857999 0.192166
vn 0.684104 -0.642680 0.141910
vn 0.458656 -0.871272 0.004493
vn 0.453678 -0.886511 0.090093
vn 0.327388 -0.931261 0.086496
vn 0.347894 -0.932048 -0.024272
vn 0.477212 -0.852305 -0.063486
vn 0.460324 -0.843300 0.098010
vn 0.286240 -0.957931 0.006022
vn 0.468917 -0.815499 0.219704
vn 0.416308 -0.856986 0.237088
vn 0.375419 -0.885889 0.204427
vn 0.320748 -0.922623 -0.063935
vn 0.547203 -0.768566 0.077769
vn 0.749675 -0.525387 0.244447
vn 0.843584 -0.449536 0.066344
vn 0.471714 -0.810088 0.293518
vn 0.574571 -0.737634 0.194627
vn 0.554490 -0.768747 0.143679
vn 0.571380 -0.790870 0.018290
vn 0.744362 -0.552546 0.239026
vn 0.671419 -0.687100 0.070003
vn 0.616311 -0.744014 0.117738
vn 0.649106 -0.738380 0.033282
vn 0.793160 -0.570620 0.121111
vn 0.843443 -0.438350 0.178834
vn 0.609138 -0.707596 0.176720
vn 0.566175 -0.783197 0.161653
vn 0.705919 -0.678051 0.084091
vn 0.617599 -0.764914 0.096288
vn 0.594163 -0.789839 0.087384
vn 0.458378 -0.885716 0.073468
vn 0.777717 -0.559650 0.144318
vn 0.707529 -0.656755 0.113866
vn 0.621128 -0.780715 0.068199
vn 0.643815 -0.752207 0.120689
vn 0.653647 -0.738922 0.135714
vn 0.708352 -0.651112 0.149800
vn 0.668992 -0.723574 0.128023
vn 0.713667 -0.700485 -0.000756
vn 0.768175 -0.623071 0.093752
vn 0.767911 -0.522293 -0.056462
vn 0.406621 -0.888956 0.014216
vn 0.756725 -0.540138 0.104259
vn 0.433231 -0.844312 0.089052
vn 0.646122 -0.647673 0.059995
vn 0.834647 -0.542086 0.083500
vn 0.357586 -0.919826 0.080601
vn 0.436965 -0.888924 -0.026411
vn 0.803302 -0.485123 0.009459
vn 0.662171 -0.675764 0.006682
vn 0.414433 -0.900598 0.072690
vn 0.450299 -0.884511 0.056445
vn 0.564047 -0.824393 0.047181
vn 0.361827 -0.916713 -0.025765
vn 0.432686 -0.901368 0.017861
vn 0.490754 -0.845532 -0.065724
vn 0.445795 -0.887724 -0.062434
vn 0.550700 -0.830789 -0.024385
vn 0.473227 -0.850738 0.004944
vn 0.476777 -0.869802 -0.014800
vn 0.455704 -0.874927 -0.064126
vn 0.603181 -0.794259 0.013715
vn 0.578850 -0.807936 -0.093411
vn 0.560218 -0.779910 -0.086805
vn 0.521213 -0.843779 -0.100645
vn 0.457330 -0.870458 -0.120394
vn 0.542819 -0.830196 -0.043452
vn 0.538985 -0.830466 -0.047461
vn 0.697238 -0.640786 -0.083968
vn 0.554080 -0.822415 -0.049496
vn 0.598878 -0.791925 -0.055280
vn 0.523686 -0.851775 -0.013970
vn 0.606645 -0.780353 -0.076865
vn 0.788425 -0.564726 -0.100525
vn 0.749442 -0.627214 -0.102511
vn 0.666473 -0.742320 -0.069093
vn 0.682750 -0.723701 -0.070962
vn 0.671692 -0.740818 -0.004324
vn 0.863445 -0.463387 0.106949
vn 0.874018 -0.458114 -0.013761
vn 0.865179 -0.458991 0.108415
vn 0.880733 -0.435196 0.114992
vn 0.902300 -0.398231 0.128128
vn 0.939938 -0.299635 0.083043
vn 0.883021 -0.434270 0.080972
vn 0.863966 -0.448479 0.191936
vn 0.843542 -0.517972 0.141898
vn 0.855911 -0.505332 0.089383
vn 0.897563 -0.415356 0.044890
vn 0.860538 -0.508649 0.021031
vn 0.927425 -0.344989 0.046814
vn 0.898170 -0.420066 -0.129304
vn 0.913143 -0.395101 -0.097504
vn 0.936982 -0.341398 0.039054
vn 0.929774 -0.360639 -0.056868
vn 0.904491 -0.378319 0.175541
vn 0.918577 -0.301660 0.235562
vn 0.918409 -0.330663 0.199790
vn 0.929697 -0.264273 0.255485
vn -0.099177 -0.343495 -0.876972
vn -0.034230 -0.735469 -0.662727
vn -0.042189 -0.695967 -0.700629
vn -0.044016 -0.350462 -0.865010
vn -0.063841 -0.412016 -0.840158
vn -0.050178 -0.762607 -0.634767
vn -0.036568 -0.811976 -0.582542
vn -0.172821 -0.688185 -0.683753
vn -0.177871 -0.276883 -0.886645
vn -0.056896 -0.232952 -0.898875
vn -0.151244 -0.703659 -0.645128
vn -0.022132 -0.721829 -0.634162
vn 0.124935 -0.703169 -0.677333
vn 0.158062 -0.251429 -0.888120
vn 0.052328 -0.366230 -0.883021
vn -0.053650 -0.597274 -0.727850
vn 0.086735 -0.695970 -0.667695
vn 0.041954 -0.872422 -0.482785
vn 0.021493 -0.798397 -0.557842
vn 0.130080 -0.239180 -0.850004
vn -0.035451 -0.811849 -0.525823
vn 0.044191 -0.111081 -0.878710
vn 0.097357 -0.370884 -0.741273
vn 0.111902 -0.817500 -0.475306
vn 0.306379 -0.593819 -0.605360
vn -0.076661 -0.887916 -0.396169
vn 0.280907 -0.732287 -0.590968
vn 0.461914 -0.722846 -0.513796
vn 0.147596 -0.300794 -0.941169
vn -0.059375 -0.075047 -0.994669
vn -0.152287 -0.026882 -0.983891
vn -0.062914 -0.056535 -0.992483
vn -0.121833 -0.038863 -0.991475
vn 0.414295 0.012322 -0.904342
vn -0.163621 0.065338 -0.983334
vn 0.013163 0.085514 -0.989894
vn 0.097298 0.088976 -0.991251
vn 0.139972 0.161729 -0.941698
vn 0.198028 0.134539 -0.970919
vn 0.123234 0.166231 -0.977416
vn 0.096667 0.221095 -0.967846
vn -0.013291 -0.713170 -0.542518
vn 0.040589 -0.865090 -0.385117
vn -0.236823 -0.654225 -0.589627
vn -0.050177 -0.819780 -0.434593
vn -0.093120 -0.807580 -0.490796
vn 0.105181 -0.851583 -0.432016
vn -0.093810 -0.875053 -0.332171
vn -0.138494 -0.939392 -0.280654
vn 0.003584 -0.792607 -0.576441
vn -0.298994 -0.928967 -0.121812
vn -0.467512 -0.792107 -0.278562
vn -0.249478 -0.821025 -0.507020
vn 0.044258 -0.753154 -0.570018
vn -0.064776 -0.666414 -0.634876
vn -0.276790 -0.217634 -0.724514
vn -0.643330 -0.150837 -0.570455
vn -0.703639 -0.398857 -0.431281
vn -0.467715 -0.877007 0.001530
vn -0.705964 -0.642224 -0.248089
vn -0.358422 -0.005659 -0.825508
vn -0.434500 -0.106361 -0.831355
vn -0.822353 0.142491 -0.544673
vn -0.909390 -0.261548 -0.168597
vn -0.951542 0.037222 0.102893
vn -0.945173 0.259521 0.102497
vn -0.918788 -0.138564 0.281121
vn -0.835169 -0.427330 0.073977
vn -0.578111 -0.735828 0.207739
vn -0.779724 -0.534352 0.236817
vn -0.494374 -0.856653 0.044672
vn -0.614947 -0.711458 -0.055655
vn -0.731038 -0.628340 -0.072072
vn -0.530374 -0.840894 -0.048099
vn -0.564432 -0.809064 0.070133
vn -0.659303 -0.718095 -0.131778
vn -0.617885 -0.775806 -0.073938
vn -0.579265 -0.800735 -0.150811
vn -0.693573 -0.687721 -0.121437
vn -0.538195 -0.838782 -0.043208
vn -0.677815 -0.708986 -0.086525
vn -0.571038 -0.816202 -0.045730
vn -0.631196 -0.740942 -0.166746
vn -0.638627 -0.725808 -0.189947
vn -0.760927 -0.629296 -0.142957
vn -0.653353 -0.709323 -0.199529
vn -0.559582 -0.782678 -0.227173
vn -0.621265 -0.745108 -0.208272
vn -0.580774 -0.789663 -0.188382
vn -0.588190 -0.783767 -0.182510
vn -0.534045 -0.823369 -0.183838
vn -0.645279 -0.725800 -0.178910
vn -0.679152 -0.709836 -0.152974
vn -0.543450 -0.825702 -0.137927
vn -0.619756 -0.744168 -0.198926
vn -0.592375 -0.776555 -0.186490
vn -0.564336 -0.792802 -0.221655
vn -0.672581 -0.682116 -0.213305
vn -0.648301 -0.713546 -0.209353
vn -0.603041 -0.753385 -0.239081
vn -0.727832 -0.653179 -0.193842
vn -0.703899 -0.678978 -0.188148
vn -0.770353 -0.590508 -0.204830
vn -0.759730 -0.614704 -0.206752
vn -0.813038 -0.552403 -0.164641
vn -0.778550 -0.582313 -0.228704
vn -0.803076 -0.583836 -0.103391
vn -0.872829 -0.481401 -0.056180
vn -0.862650 -0.491755 -0.036828
vn -0.858020 -0.462537 -0.198841
vn -0.563264 -0.722899 -0.079749
vn -0.919904 -0.344032 -0.140169
vn -0.885987 -0.395486 -0.036261
vn -0.437686 -0.814997 0.025524
vn -0.886682 -0.403576 -0.017165
vn -0.579516 -0.718069 0.151262
vn -0.712382 -0.606698 0.057005
vn -0.412377 -0.882396 0.041414
vn -0.920142 -0.349529 -0.173022
vn -0.944958 -0.307233 -0.078343
vn -0.971864 -0.213442 -0.049655
vn -0.956686 -0.232708 -0.062998
vn -0.451726 -0.852526 0.236999
vn -0.476594 -0.864094 0.120868
vn -0.583512 -0.776935 0.114174
vn -0.545071 -0.835259 0.035890
vn -0.637276 -0.734359 0.052707
vn -0.574721 -0.815694 0.036091
vn -0.562232 -0.822709 0.080853
vn -0.549884 -0.824752 0.003499
vn -0.734356 -0.595594 0.037113
vn -0.506061 -0.858884 0.078868
vn -0.681299 -0.684699 0.023062
vn -0.658472 -0.743306 -0.117941
vn -0.180364 -0.982637 -0.011849
vn -0.314949 -0.916297 -0.016558
vn -0.627790 -0.765677 -0.140068
vn -0.261819 -0.940371 0.143931
vn -0.295847 -0.942963 0.087383
vn -0.202385 -0.972942 0.029564
vn -0.897138 -0.424249 0.037964
vn -0.892432 -0.435151 0.080280
vn 0.010011 0.999842 -0.008355
vn -0.013310 0.999891 -0.006216
vn -0.009537 0.999836 -0.011828
vn -0.026441 0.999368 0.014629
vn -0.040301 0.999175 0.002727
vn -0.028505 0.999577 0.002909
vn 0.014611 0.999859 -0.008220
vn -0.010688 0.999741 -0.013372
vn 0.013443 0.999872 0.007253
vn -0.018734 0.999804 -0.001725
vn -0.019274 0.999613 -0.009374
vn 0.009094 0.999921 -0.008039
vn -0.013748 0.999576 -0.017980
vn 0.017428 0.999838 -0.000169
vn -0.016422 0.999842 -0.005805
vn -0.021268 0.999219 -0.026666
vn -0.007656 0.999133 -0.040595
vn 0.035958 0.999126 -0.006574
vn 0.041757 0.998888 -0.021609
vn 0.020196 0.999698 -0.003421
vn -0.019757 0.998841 0.026938
vn -0.000051 0.999923 -0.011678
vn 0.002650 0.998650 0.043382
vn -0.030796 0.999458 -0.007522
vn 0.028507 0.999556 0.008279
vn 0.005928 0.999443 -0.023709
vn -0.004097 0.999991 -0.000489
vn -0.017059 0.999155 -0.035103
vn 0.001321 0.999996 0.001533
vn -0.039980 0.998411 -0.036074
vn 0.004974 0.999963 -0.005532
vn -0.047353 0.998140 -0.037648
vn 0.000698 0.999885 -0.003754
vn -0.008682 0.998769 -0.046368
vn -0.015186 0.997663 -0.066617
vn -0.032462 0.997978 -0.053379
vn -0.039448 0.998073 -0.047698
vn -0.025941 0.999526 0.016566
vn 0.069473 0.996808 -0.039349
vn 0.046413 0.998110 -0.039302
vn 0.046090 0.998348 -0.031387
vn 0.047546 0.998807 -0.010694
vn 0.043297 0.998903 -0.014421
vn 0.053692 0.997443 -0.043609
vn 0.061149 0.997060 -0.040322
vn 0.046881 0.998230 -0.036383
vn 0.039139 0.999146 -0.011599
vn 0.043059 0.998527 -0.025070
vn 0.030626 0.999500 0.000608
vn 0.029753 0.999534 -0.005394
vn 0.026868 0.999615 0.004275
vn 0.030885 0.999471 0.007013
vn 0.037337 0.999233 -0.005742
vn 0.025489 0.999267 -0.019292
vn 0.008554 0.999629 -0.019512
vn -0.025660 0.998756 -0.042059
vn -0.019840 0.998313 -0.053154
vn -0.003223 0.999302 -0.019898
vn 0.019282 0.998812 -0.040468
vn -0.024249 0.998293 -0.049061
vn -0.033916 0.998564 -0.040573
vn 0.017491 0.998112 -0.044486
vn -0.011608 0.995890 -0.001316
vn 0.009672 0.999809 -0.015531
vn 0.018602 0.999749 -0.008843
vn 0.037298 0.998397 -0.039366
vn 0.044412 0.997837 -0.048465
vn 0.004480 0.998530 -0.037546
vn 0.086573 0.995961 0.010744
vn 0.033932 0.999332 -0.005892
vn 0.105283 0.994298 0.015934
vn 0.098340 0.994631 -0.014200
vn 0.094545 0.994502 -0.045012
vn 0.073923 0.996259 -0.019995
vn 0.047631 0.998738 -0.015176
vn 0.042349 0.998413 -0.035778
vn 0.023341 0.998984 -0.009484
vn 0.007539 0.999609 0.025968
vn 0.023134 0.999258 0.028044
vn 0.019115 0.999659 0.017548
vn 0.030309 0.999355 0.014867
vn 0.035167 0.998749 -0.025731
vn 0.022141 0.999309 -0.003781
vn -0.021940 0.998111 -0.054856
vn -0.003144 0.998660 -0.050497
vn -0.003047 0.998836 -0.047479
vn 0.036666 0.997347 -0.062834
vn 0.035275 0.996804 -0.069593
vn 0.024522 0.999290 -0.020393
vn 0.037270 0.997707 -0.052222
vn 0.024448 0.997852 -0.060619
vn 0.016370 0.998063 -0.056854
vn 0.005616 0.999173 -0.039922
vn -0.003031 0.999199 -0.035226
vn -0.067029 0.996304 0.049878
vn 0.049324 0.998468 -0.005682
vn -0.055123 0.997462 0.037848
vn 0.042885 0.998840 0.004709
vn -0.002221 0.999286 0.026375
vn -0.014477 0.999582 -0.007218
vn -0.005349 0.999567 -0.026859
vn -0.003956 0.999487 -0.031219
vn -0.005093 0.999431 -0.032647
vn -0.015237 0.999647 -0.021780
vn 0.020656 0.999286 -0.021236
vn 0.010010 0.999909 -0.008712
vn 0.014233 0.999853 -0.009194
vn -0.015528 0.999557 -0.025399
vn 0.024744 0.997579 -0.044912
vn -0.020299 0.999574 -0.019636
vn -0.023319 0.999571 -0.017561
vn -0.014121 0.999675 -0.014603
vn 0.007995 0.999961 -0.003652
vn -0.001493 0.998438 -0.055848
vn -0.014216 0.997783 -0.060739
vn -0.000655 0.999884 -0.000076
vn 0.003917 0.999987 -0.002937
vn -0.024510 0.999246 -0.015454
vn -0.025988 0.998983 -0.035455
vn -0.014819 0.999057 -0.040773
vn -0.039447 0.997388 -0.058808
vn -0.038928 0.997824 -0.046049
vn -0.016715 0.999740 -0.005208
vn -0.006905 0.999877 -0.007504
vn 0.021067 0.999229 -0.020342
vn 0.009578 0.999954 0.000082
vn -0.021390 0.998842 -0.037255
vn -0.031826 0.997363 -0.064922
vn 0.003278 0.999715 -0.016610
vn -0.005791 0.999481 -0.023815
vn -0.010506 0.999779 0.000093
vn -0.041659 0.997900 -0.046783
vn -0.043155 0.997652 -0.053169
vn -0.036209 0.998757 -0.033658
vn -0.033618 0.998884 -0.032462
vn -0.031326 0.998381 -0.045563
vn -0.010870 0.998992 -0.037970
vn -0.010569 0.999741 -0.006933
vn -0.044334 0.997692 -0.051403
vn -0.048081 0.998603 -0.016735
vn -0.028602 0.998104 -0.054174
vn -0.036375 0.999076 -0.022456
vn -0.025136 0.999435 -0.018687
vn -0.022910 0.999026 -0.032805
vn -0.030442 0.999319 -0.019589
vn -0.001902 0.999767 -0.016340
vn -0.032088 0.998961 -0.030939
vn -0.034179 0.998905 -0.031926
vn -0.040391 0.998676 -0.031318
vn 0.008180 0.999499 -0.030550
vn -0.053057 0.998351 -0.021609
vn 0.006092 0.999402 -0.033754
vn -0.051372 0.998626 0.005462
vn -0.038093 0.998730 -0.023381
vn -0.003769 0.953481 -0.017498
vn -0.040668 0.998353 -0.033556
vn -0.008209 0.999931 -0.003077
vn -0.084089 0.996245 -0.016379
vn -0.004012 0.999981 0.004637
vn -0.004399 0.999957 -0.003095
vn -0.070441 0.996889 -0.035223
vn -0.079637 0.966870 -0.068431
vn -0.082432 0.995851 -0.022141
vn -0.076486 0.996994 -0.012273
vn -0.045356 0.998037 0.008058
vn -0.004541 0.999950 -0.006257
vn -0.009561 0.999763 0.013178
vn -0.018201 0.999226 0.032899
vn -0.008984 0.999431 0.007415
vn -0.005579 0.999609 -0.024975
vn -0.004881 0.999813 -0.012065
vn 0.001104 0.999903 0.001580
vn -0.002776 0.999968 0.005927
vn -0.003208 0.999936 0.009912
vn -0.009097 0.999913 0.009558
o Object
usemtl Material
f 1154/1154/1154 1769/1769/1769 1770/1770/1770
f 1154/1154/1154 1114/1114/1114 1769/1769/1769
f 1064/1064/1064 1762/1762/1762 1759/1759/1759
f 705/705/705 1708/1708/1708 1714/1714/1714
f 649/649/649 651/651/651 1694/1694/1694
f 478/478/478 1682/1682/1682 1681/1681/1681
f 478/478/478 1681/1681/1681 455/455/455
f 444/444/444 1677/1677/1677 1675/1675/1675
f 432/432/432 444/444/444 1675/1675/1675
f 420/420/420 432/432/432 1675/1675/1675
f 384/384/384 1670/1670/1670 1669/1669/1669
f 1257/1257/1257 1781/1781/1781 1782/1782/1782
f 1274/1274/1274 1780/1780/1780 1781/1781/1781
f 1258/1258/1258 1778/1778/1778 1779/1779/1779
f 1258/1258/1258 1777/1777/1777 1778/1778/1778
f 1258/1258/1258 1249/1249/1249 1777/1777/1777
f 1249/1249/1249 1776/1776/1776 1777/1777/1777
f 1241/1241/1241 1776/1776/1776 1249/1249/1249
f 1242/1242/1242 1775/1775/1775 1241/1241/1241
f 1242/1242/1242 1233/1233/1233 1775/1775/1775
f 1241/1241/1241 1775/1775/1775 1776/1776/1776
f 1233/1233/1233 1226/1226/1226 1775/1775/1775
f 1220/1220/1220 1774/1774/1774 1226/1226/1226
f 1226/1226/1226 1774/1774/1774 1775/1775/1775
f 1220/1220/1220 1773/1773/1773 1774/1774/1774
f 1220/1220/1220 1206/1206/1206 1773/1773/1773
f 1206/1206/1206 1772/1772/1772 1773/1773/1773
f 1206/1206/1206 1183/1183/1183 1772/1772/1772
f 1183/1183/1183 1771/1771/1771 1772/1772/1772
f 1183/1183/1183 1154/1154/1154 1770/1770/1770
f 1183/1183/1183 1770/1770/1770 1771/1771/1771
f 1114/1114/1114 1153/1153/1153 1769/1769/1769
f 1153/1153/1153 1768/1768/1768 1769/1769/1769
f 1153/1153/1153 1114/1114/1114 1768/1768/1768
f 1141/1141/1141 1766/1766/1766 1767/1767/1767
f 1141/1141/1141 1140/1140/1140 1766/1766/1766
f 1114/1114/1114 1765/1765/1765 1768/1768/1768
f 1088/1088/1088 1767/1767/1767 1764/1764/1764
f 1114/1114/1114 1763/1763/1763 1765/1765/1765
f 1088/1088/1088 1764/1764/1764 1762/1762/1762
f 1088/1088/1088 1762/1762/1762 1107/1107/1107
f 1081/1081/1081 1761/1761/1761 1763/1763/1763
f 1081/1081/1081 1760/1760/1760 1761/1761/1761
f 1081/1081/1081 1048/1048/1048 1760/1760/1760
f 1048/1048/1048 1758/1758/1758 1760/1760/1760
f 1042/1042/1042 1759/1759/1759 1757/1757/1757
f 1048/1048/1048 1756/1756/1756 1758/1758/1758
f 1034/1034/1034 1754/1754/1754 1755/1755/1755
f 1034/1034/1034 1042/1042/1042 1754/1754/1754
f 1042/1042/1042 1757/1757/1757 1753/1753/1753
f 1048/1048/1048 1751/1751/1751 1756/1756/1756
f 1048/1048/1048 1038/1038/1038 1751/1751/1751
f 1034/1034/1034 1750/1750/1750 1010/1010/1010
f 1034/1034/1034 1755/1755/1755 1750/1750/1750
f 1022/1022/1022 1749/1749/1749 1752/1752/1752
f 1022/1022/1022 1752/1752/1752 1038/1038/1038
f 1038/1038/1038 1752/1752/1752 1751/1751/1751
f 1010/1010/1010 1750/1750/1750 1744/1744/1744
f 1015/1015/1015 1743/1743/1743 1748/1748/1748
f 1015/1015/1015 1748/1748/1748 1014/1014/1014
f 1022/1022/1022 1747/1747/1747 1749/1749/1749
f 1022/1022/1022 1014/1014/1014 1747/1747/1747
f 1015/1015/1015 1008/1008/1008 1743/1743/1743
f 1008/1008/1008 1741/1741/1741 1742/1742/1742
f 1008/1008/1008 1012/1012/1012 1741/1741/1741
f 1012/1012/1012 1007/1007/1007 1741/1741/1741
f 1012/1012/1012 1746/1746/1746 1740/1740/1740
f 1012/1012/1012 1740/1740/1740 1007/1007/1007
f 1014/1014/1014 1748/1748/1748 1747/1747/1747
f 1012/1012/1012 1739/1739/1739 1746/1746/1746
f 1012/1012/1012 1005/1005/1005 1739/1739/1739
f 1005/1005/1005 1745/1745/1745 1738/1738/1738
f 1005/1005/1005 1011/1011/1011 1745/1745/1745
f 1011/1011/1011 1737/1737/1737 1745/1745/1745
f 1011/1011/1011 1003/1003/1003 1737/1737/1737
f 1002/1002/1002 1744/1744/1744 1733/1733/1733
f 1006/1006/1006 1004/1004/1004 1736/1736/1736
f 1003/1003/1003 1006/1006/1006 1734/1734/1734
f 1006/1006/1006 1736/1736/1736 1734/1734/1734
f 1003/1003/1003 1735/1735/1735 1737/1737/1737
f 1004/1004/1004 1733/1733/1733 1736/1736/1736
f 1004/1004/1004 1002/1002/1002 1733/1733/1733
f 929/929/929 1732/1732/1732 926/926/926
f 926/926/926 1732/1732/1732 1731/1731/1731
f 926/926/926 1731/1731/1731 923/923/923
f 923/923/923 1731/1731/1731 1730/1730/1730
f 920/920/920 923/923/923 1730/1730/1730
f 916/916/916 1730/1730/1730 1729/1729/1729
f 916/916/916 1729/1729/1729 1728/1728/1728
f 916/916/916 1728/1728/1728 1727/1727/1727
f 916/916/916 1727/1727/1727 1726/1726/1726
f 916/916/916 1726/1726/1726 1725/1725/1725
f 916/916/916 1725/1725/1725 912/912/912
f 910/910/910 1725/1725/1725 1724/1724/1724
f 910/910/910 1724/1724/1724 1723/1723/1723
f 909/909/909 1723/1723/1723 1722/1722/1722
f 908/908/908 1722/1722/1722 1721/1721/1721
f 908/908/908 909/909/909 1722/1722/1722
f 733/733/733 1719/1719/1719 1720/1720/1720
f 714/714/714 1718/1718/1718 1719/1719/1719
f 714/714/714 1717/1717/1717 1718/1718/1718
f 716/716/716 1712/1712/1712 1716/1716/1716
f 716/716/716 1716/1716/1716 715/715/715
f 714/714/714 1715/1715/1715 1717/1717/1717
f 715/715/715 1716/1716/1716 1715/1715/1715
f 715/715/715 1715/1715/1715 714/714/714
f 710/710/710 1712/1712/1712 716/716/716
f 705/705/705 1714/1714/1714 710/710/710
f 710/710/710 1714/1714/1714 1713/1713/1713
f 709/709/709 1711/1711/1711 1707/1707/1707
f 709/709/709 1707/1707/1707 706/706/706
f 702/702/702 1709/1709/1709 1710/1710/1710
f 702/702/702 1710/1710/1710 707/707/707
f 707/707/707 1710/1710/1710 1708/1708/1708
f 707/707/707 1708/1708/1708 705/705/705
f 703/703/703 706/706/706 1707/1707/1707
f 704/704/704 1705/1705/1705 1703/1703/1703
f 704/704/704 1703/1703/1703 702/702/702
f 702/702/702 1703/1703/1703 1709/1709/1709
f 703/703/703 1707/1707/1707 1706/1706/1706
f 703/703/703 1706/1706/1706 1704/1704/1704
f 701/701/701 1702/1702/1702 1705/1705/1705
f 703/703/703 1704/1704/1704 1702/1702/1702
f 703/703/703 1702/1702/1702 701/701/701
f 658/658/658 1701/1701/1701 666/666/666
f 656/656/656 1700/1700/1700 1701/1701/1701
f 656/656/656 1699/1699/1699 1700/1700/1700
f 653/653/653 1699/1699/1699 656/656/656
f 647/647/647 1698/1698/1698 1699/1699/1699
f 647/647/647 1697/1697/1697 1698/1698/1698
f 648/648/648 1696/1696/1696 1697/1697/1697
f 647/647/647 649/649/649 1694/1694/1694
f 648/648/648 647/647/647 1695/1695/1695
f 648/648/648 1695/1695/1695 1696/1696/1696
f 511/511/511 311/311/311 1641/1641/1641
f 516/516/516 1641/1641/1641 1693/1693/1693
f 516/516/516 511/511/511 1641/1641/1641
f 516/516/516 1693/1693/1693 1692/1692/1692
f 516/516/516 1692/1692/1692 505/505/505
f 505/505/505 1692/1692/1692 1691/1691/1691
f 505/505/505 1691/1691/1691 1689/1689/1689
f 505/505/505 1689/1689/1689 501/501/501
f 502/502/502 501/501/501 1690/1690/1690
f 491/491/491 1690/1690/1690 1688/1688/1688
f 491/491/491 502/502/502 1690/1690/1690
f 491/491/491 1688/1688/1688 1687/1687/1687
f 491/491/491 1687/1687/1687 1686/1686/1686
f 491/491/491 1686/1686/1686 1685/1685/1685
f 482/482/482 1685/1685/1685 1684/1684/1684
f 482/482/482 1684/1684/1684 1683/1683/1683
f 482/482/482 1683/1683/1683 1682/1682/1682
f 482/482/482 1682/1682/1682 478/478/478
f 437/437/437 1681/1681/1681 1680/1680/1680
f 437/437/437 1680/1680/1680 1679/1679/1679
f 437/437/437 1679/1679/1679 1678/1678/1678
f 437/437/437 1678/1678/1678 1676/1676/1676
f 444/444/444 437/437/437 1677/1677/1677
f 421/421/421 420/420/420 1675/1675/1675
f 421/421/421 1675/1675/1675 1674/1674/1674
f 397/397/397 1674/1674/1674 1673/1673/1673
f 397/397/397 1673/1673/1673 1672/1672/1672
f 397/397/397 1672/1672/1672 1671/1671/1671
f 366/366/366 1671/1671/1671 1670/1670/1670
f 366/366/366 1669/1669/1669 1666/1666/1666
f 367/367/367 1667/1667/1667 1668/1668/1668
f 367/367/367 366/366/366 1667/1667/1667
f 355/355/355 1668/1668/1668 1663/1663/1663
f 349/349/349 1665/1665/1665 1662/1662/1662
f 349/349/349 355/355/355 1665/1665/1665
f 355/355/355 1664/1664/1664 1665/1665/1665
f 349/349/349 1662/1662/1662 1661/1661/1661
f 338/338/338 349/349/349 1661/1661/1661
f 338/338/338 1661/1661/1661 1660/1660/1660
f 330/330/330 1660/1660/1660 1659/1659/1659
f 330/330/330 1659/1659/1659 1658/1658/1658
f 324/324/324 1658/1658/1658 1657/1657/1657
f 324/324/324 1657/1657/1657 1656/1656/1656
f 321/321/321 1656/1656/1656 1655/1655/1655
f 321/321/321 1655/1655/1655 1653/1653/1653
f 321/321/321 1653/1653/1653 319/319/319
f 318/318/318 1654/1654/1654 1652/1652/1652
f 318/318/318 319/319/319 1654/1654/1654
f 317/317/317 1652/1652/1652 1651/1651/1651
f 317/317/317 1651/1651/1651 1650/1650/1650
f 316/316/316 1650/1650/1650 1649/1649/1649
f 316/316/316 1649/1649/1649 1648/1648/1648
f 315/315/315 1648/1648/1648 1647/1647/1647
f 314/314/314 1647/1647/1647 1646/1646/1646
f 314/314/314 315/315/315 1647/1647/1647
f 307/307/307 1644/1644/1644 1643/1643/1643
f 313/313/313 1643/1643/1643 1642/1642/1642
f 312/312/312 1645/1645/1645 1640/1640/1640
f 307/307/307 1639/1639/1639 1644/1644/1644
f 312/312/312 1640/1640/1640 1638/1638/1638
f 308/308/308 1637/1637/1637 1639/1639/1639
f 312/312/312 1638/1638/1638 1636/1636/1636
f 312/312/312 1636/1636/1636 301/301/301
f 308/308/308 1635/1635/1635 1637/1637/1637
f 301/301/301 1636/1636/1636 1634/1634/1634
f 308/308/308 1633/1633/1633 1635/1635/1635
f 308/308/308 303/303/303 1633/1633/1633
f 301/301/301 1634/1634/1634 1629/1629/1629
f 295/295/295 1628/1628/1628 1630/1630/1630
f 298/298/298 1627/1627/1627 1632/1632/1632
f 298/298/298 1632/1632/1632 285/285/285
f 303/303/303 1626/1626/1626 1633/1633/1633
f 303/303/303 290/290/290 1626/1626/1626
f 285/285/285 1632/1632/1632 1625/1625/1625
f 289/289/289 1631/1631/1631 1623/1623/1623
f 289/289/289 1622/1622/1622 1631/1631/1631
f 295/295/295 1630/1630/1630 1621/1621/1621
f 288/288/288 1629/1629/1629 1620/1620/1620
f 295/295/295 1620/1620/1620 1628/1628/1628
f 295/295/295 280/280/280 1620/1620/1620
f 298/298/298 1619/1619/1619 1627/1627/1627
f 298/298/298 286/286/286 1619/1619/1619
f 284/284/284 1624/1624/1624 1618/1618/1618
f 275/275/275 1617/1617/1617 1622/1622/1622
f 283/283/283 1621/1621/1621 1616/1616/1616
f 286/286/286 1614/1614/1614 1619/1619/1619
f 262/262/262 1618/1618/1618 1615/1615/1615
f 275/275/275 1613/1613/1613 1617/1617/1617
f 268/268/268 1611/1611/1611 1612/1612/1612
f 274/274/274 1616/1616/1616 1611/1611/1611
f 262/262/262 1615/1615/1615 1610/1610/1610
f 286/286/286 1608/1608/1608 1614/1614/1614
f 286/286/286 269/269/269 1608/1608/1608
f 253/253/253 1609/1609/1609 1608/1608/1608
f 1274/1274/1274 1781/1781/1781 1257/1257/1257
f 1274/1274/1274 1779/1779/1779 1780/1780/1780
f 1274/1274/1274 1258/1258/1258 1779/1779/1779
f 1088/1088/1088 1141/1141/1141 1767/1767/1767
f 1081/1081/1081 1763/1763/1763 1114/1114/1114
f 1064/1064/1064 1107/1107/1107 1762/1762/1762
f 1042/1042/1042 1064/1064/1064 1759/1759/1759
f 1042/1042/1042 1753/1753/1753 1754/1754/1754
f 1002/1002/1002 1010/1010/1010 1744/1744/1744
f 1008/1008/1008 1742/1742/1742 1743/1743/1743
f 1007/1007/1007 1740/1740/1740 1741/1741/1741
f 1005/1005/1005 1738/1738/1738 1739/1739/1739
f 1003/1003/1003 1734/1734/1734 1735/1735/1735
f 916/916/916 920/920/920 1730/1730/1730
f 910/910/910 912/912/912 1725/1725/1725
f 909/909/909 910/910/910 1723/1723/1723
f 714/714/714 1719/1719/1719 733/733/733
f 710/710/710 1713/1713/1713 1712/1712/1712
f 701/701/701 1705/1705/1705 704/704/704
f 656/656/656 1701/1701/1701 658/658/658
f 647/647/647 1699/1699/1699 653/653/653
f 648/648/648 1697/1697/1697 647/647/647
f 647/647/647 1694/1694/1694 1695/1695/1695
f 501/501/501 1689/1689/1689 1690/1690/1690
f 482/482/482 491/491/491 1685/1685/1685
f 437/437/437 455/455/455 1681/1681/1681
f 437/437/437 1676/1676/1676 1677/1677/1677
f 397/397/397 421/421/421 1674/1674/1674
f 366/366/366 397/397/397 1671/1671/1671
f 384/384/384 366/366/366 1670/1670/1670
f 366/366/366 384/384/384 1669/1669/1669
f 355/355/355 367/367/367 1668/1668/1668
f 366/366/366 1666/1666/1666 1667/1667/1667
f 355/355/355 1663/1663/1663 1664/1664/1664
f 330/330/330 338/338/338 1660/1660/1660
f 324/324/324 330/330/330 1658/1658/1658
f 321/321/321 324/324/324 1656/1656/1656
f 319/319/319 1653/1653/1653 1654/1654/1654
f 317/317/317 318/318/318 1652/1652/1652
f 316/316/316 317/317/317 1650/1650/1650
f 315/315/315 316/316/316 1648/1648/1648
f 313/313/313 307/307/307 1643/1643/1643
f 313/313/313 1642/1642/1642 1641/1641/1641
f 313/313/313 1641/1641/1641 311/311/311
f 307/307/307 308/308/308 1639/1639/1639
f 288/288/288 301/301/301 1629/1629/1629
f 290/290/290 1625/1625/1625 1626/1626/1626
f 290/290/290 285/285/285 1625/1625/1625
f 284/284/284 1623/1623/1623 1624/1624/1624
f 284/284/284 289/289/289 1623/1623/1623
f 275/275/275 1622/1622/1622 289/289/289
f 283/283/283 295/295/295 1621/1621/1621
f 280/280/280 288/288/288 1620/1620/1620
f 262/262/262 284/284/284 1618/1618/1618
f 274/274/274 283/283/283 1616/1616/1616
f 275/275/275 1612/1612/1612 1613/1613/1613
f 275/275/275 268/268/268 1612/1612/1612
f 268/268/268 274/274/274 1611/1611/1611
f 262/262/262 1610/1610/1610 1609/1609/1609
f 262/262/262 1609/1609/1609 253/253/253
f 269/269/269 253/253/253 1608/1608/1608
f 680/680/680 682/682/682 688/688/688
f 1596/1596/1596 1607/1607/1607 1606/1606/1606
f 1596/1596/1596 1598/1598/1598 1607/1607/1607
f 1592/1592/1592 1596/1596/1596 1606/1606/1606
f 1535/1535/1535 1592/1592/1592 1606/1606/1606
f 1592/1592/1592 1535/1535/1535 1590/1590/1590
f 1534/1534/1534 1590/1590/1590 1535/1535/1535
f 1601/1601/1601 1605/1605/1605 1600/1600/1600
f 1605/1605/1605 1579/1579/1579 1600/1600/1600
f 1603/1603/1603 1579/1579/1579 1605/1605/1605
f 1605/1605/1605 1604/1604/1604 1603/1603/1603
f 1364/1364/1364 1603/1603/1603 1604/1604/1604
f 1579/1579/1579 1603/1603/1603 1581/1581/1581
f 1581/1581/1581 1603/1603/1603 1588/1588/1588
f 1364/1364/1364 1588/1588/1588 1603/1603/1603
f 1602/1602/1602 1601/1601/1601 1583/1583/1583
f 1601/1601/1601 1576/1576/1576 1583/1583/1583
f 1601/1601/1601 1600/1600/1600 1576/1576/1576
f 1600/1600/1600 1579/1579/1579 1576/1576/1576
f 1599/1599/1599 1598/1598/1598 1595/1595/1595
f 1365/1365/1365 1591/1591/1591 1363/1363/1363
f 1595/1595/1595 1598/1598/1598 1596/1596/1596
f 1597/1597/1597 1594/1594/1594 1593/1593/1593
f 1592/1592/1592 1595/1595/1595 1596/1596/1596
f 1592/1592/1592 1594/1594/1594 1595/1595/1595
f 1593/1593/1593 1594/1594/1594 1592/1592/1592
f 1591/1591/1591 1593/1593/1593 1592/1592/1592
f 1591/1591/1591 1592/1592/1592 1590/1590/1590
f 1588/1588/1588 1364/1364/1364 1589/1589/1589
f 1364/1364/1364 1363/1363/1363 1589/1589/1589
f 1363/1363/1363 1591/1591/1591 1589/1589/1589
f 1591/1591/1591 1590/1590/1590 1589/1589/1589
f 1589/1589/1589 1590/1590/1590 1534/1534/1534
f 1589/1589/1589 1534/1534/1534 1588/1588/1588
f 1581/1581/1581 1588/1588/1588 1582/1582/1582
f 1588/1588/1588 1534/1534/1534 1582/1582/1582
f 1534/1534/1534 1533/1533/1533 1582/1582/1582
f 1529/1529/1529 1582/1582/1582 1533/1533/1533
f 1582/1582/1582 1529/1529/1529 1587/1587/1587
f 1587/1587/1587 1580/1580/1580 1582/1582/1582
f 1580/1580/1580 1587/1587/1587 1578/1578/1578
f 1578/1578/1578 1587/1587/1587 1586/1586/1586
f 1578/1578/1578 1586/1586/1586 1577/1577/1577
f 1577/1577/1577 1586/1586/1586 1585/1585/1585
f 1577/1577/1577 1585/1585/1585 1584/1584/1584
f 1575/1575/1575 1584/1584/1584 1574/1574/1574
f 1575/1575/1575 1577/1577/1577 1584/1584/1584
f 1583/1583/1583 1576/1576/1576 1537/1537/1537
f 1536/1536/1536 1583/1583/1583 1537/1537/1537
f 1536/1536/1536 1540/1540/1540 1583/1583/1583
f 1581/1581/1581 1582/1582/1582 1580/1580/1580
f 1579/1579/1579 1581/1581/1581 1580/1580/1580
f 1578/1578/1578 1579/1579/1579 1580/1580/1580
f 1579/1579/1579 1578/1578/1578 1576/1576/1576
f 1576/1576/1576 1578/1578/1578 1577/1577/1577
f 1575/1575/1575 1576/1576/1576 1577/1577/1577
f 1576/1576/1576 1575/1575/1575 1537/1537/1537
f 1537/1537/1537 1575/1575/1575 1574/1574/1574
f 1538/1538/1538 1574/1574/1574 1573/1573/1573
f 1538/1538/1538 1537/1537/1537 1574/1574/1574
f 1570/1570/1570 1538/1538/1538 1573/1573/1573
f 1550/1550/1550 1546/1546/1546 1572/1572/1572
f 1544/1544/1544 1570/1570/1570 1572/1572/1572
f 1546/1546/1546 1544/1544/1544 1572/1572/1572
f 1563/1563/1563 1571/1571/1571 1568/1568/1568
f 1560/1560/1560 1571/1571/1571 1563/1563/1563
f 1571/1571/1571 1560/1560/1560 1557/1557/1557
f 1557/1557/1557 1569/1569/1569 1571/1571/1571
f 1570/1570/1570 1541/1541/1541 1538/1538/1538
f 1544/1544/1544 1541/1541/1541 1570/1570/1570
f 1557/1557/1557 1558/1558/1558 1569/1569/1569
f 1563/1563/1563 1568/1568/1568 1564/1564/1564
f 1564/1564/1564 1568/1568/1568 1567/1567/1567
f 1564/1564/1564 1567/1567/1567 1565/1565/1565
f 1551/1551/1551 1550/1550/1550 1566/1566/1566
f 1551/1551/1551 1566/1566/1566 1553/1553/1553
f 1553/1553/1553 1566/1566/1566 1558/1558/1558
f 1565/1565/1565 1562/1562/1562 1564/1564/1564
f 1562/1562/1562 1563/1563/1563 1564/1564/1564
f 1562/1562/1562 1560/1560/1560 1563/1563/1563
f 1562/1562/1562 1561/1561/1561 1560/1560/1560
f 1561/1561/1561 1559/1559/1559 1560/1560/1560
f 1559/1559/1559 1557/1557/1557 1560/1560/1560
f 1556/1556/1556 1557/1557/1557 1559/1559/1559
f 1553/1553/1553 1558/1558/1558 1555/1555/1555
f 1557/1557/1557 1555/1555/1555 1558/1558/1558
f 1557/1557/1557 1556/1556/1556 1555/1555/1555
f 1556/1556/1556 1554/1554/1554 1555/1555/1555
f 1554/1554/1554 1553/1553/1553 1555/1555/1555
f 1552/1552/1552 1553/1553/1553 1554/1554/1554
f 1552/1552/1552 1551/1551/1551 1553/1553/1553
f 1552/1552/1552 1549/1549/1549 1548/1548/1548
f 1552/1552/1552 1548/1548/1548 1551/1551/1551
f 1548/1548/1548 1550/1550/1550 1551/1551/1551
f 1548/1548/1548 1546/1546/1546 1550/1550/1550
f 1549/1549/1549 1547/1547/1547 1548/1548/1548
f 1547/1547/1547 1546/1546/1546 1548/1548/1548
f 1545/1545/1545 1546/1546/1546 1547/1547/1547
f 1545/1545/1545 1544/1544/1544 1546/1546/1546
f 1545/1545/1545 1543/1543/1543 1544/1544/1544
f 1541/1541/1541 1544/1544/1544 1543/1543/1543
f 1542/1542/1542 1541/1541/1541 1543/1543/1543
f 1541/1541/1541 1542/1542/1542 1539/1539/1539
f 1541/1541/1541 1539/1539/1539 1538/1538/1538
f 1540/1540/1540 1536/1536/1536 1539/1539/1539
f 1539/1539/1539 1536/1536/1536 1538/1538/1538
f 1536/1536/1536 1537/1537/1537 1538/1538/1538
f 1534/1534/1534 1535/1535/1535 1532/1532/1532
f 1533/1533/1533 1534/1534/1534 1532/1532/1532
f 1529/1529/1529 1533/1533/1533 1530/1530/1530
f 1533/1533/1533 1532/1532/1532 1530/1530/1530
f 1531/1531/1531 1530/1530/1530 1532/1532/1532
f 1529/1529/1529 1530/1530/1530 1531/1531/1531
f 1526/1526/1526 1507/1507/1507 1509/1509/1509
f 1507/1507/1507 1526/1526/1526 1521/1521/1521
f 1509/1509/1509 1527/1527/1527 1526/1526/1526
f 1527/1527/1527 1509/1509/1509 950/950/950
f 1527/1527/1527 950/950/950 948/948/948
f 1528/1528/1528 1523/1523/1523 1522/1522/1522
f 1522/1522/1522 939/939/939 1528/1528/1528
f 1527/1527/1527 948/948/948 944/944/944
f 939/939/939 1522/1522/1522 1521/1521/1521
f 939/939/939 1521/1521/1521 934/934/934
f 1527/1527/1527 944/944/944 940/940/940
f 1527/1527/1527 940/940/940 1526/1526/1526
f 1526/1526/1526 940/940/940 934/934/934
f 1526/1526/1526 934/934/934 1521/1521/1521
f 1523/1523/1523 1525/1525/1525 1517/1517/1517
f 1525/1525/1525 1524/1524/1524 1517/1517/1517
f 1524/1524/1524 1516/1516/1516 1517/1517/1517
f 1517/1517/1517 1522/1522/1522 1523/1523/1523
f 1522/1522/1522 1517/1517/1517 1521/1521/1521
f 1513/1513/1513 1507/1507/1507 1521/1521/1521
f 1517/1517/1517 1513/1513/1513 1521/1521/1521
f 1511/1511/1511 1510/1510/1510 1520/1520/1520
f 1511/1511/1511 1520/1520/1520 1518/1518/1518
f 1512/1512/1512 1515/1515/1515 1519/1519/1519
f 1508/1508/1508 1512/1512/1512 1519/1519/1519
f 1519/1519/1519 1510/1510/1510 1508/1508/1508
f 950/950/950 1511/1511/1511 1518/1518/1518
f 1516/1516/1516 1513/1513/1513 1517/1517/1517
f 1514/1514/1514 1513/1513/1513 1516/1516/1516
f 1511/1511/1511 950/950/950 1509/1509/1509
f 1514/1514/1514 1515/1515/1515 1512/1512/1512
f 1514/1514/1514 1512/1512/1512 1513/1513/1513
f 1507/1507/1507 1513/1513/1513 1512/1512/1512
f 1512/1512/1512 1508/1508/1508 1507/1507/1507
f 1509/1509/1509 1510/1510/1510 1511/1511/1511
f 1509/1509/1509 1508/1508/1508 1510/1510/1510
f 1507/1507/1507 1508/1508/1508 1509/1509/1509
f 1487/1487/1487 1503/1503/1503 1506/1506/1506
f 1485/1485/1485 1487/1487/1487 1506/1506/1506
f 1485/1485/1485 1506/1506/1506 1505/1505/1505
f 1505/1505/1505 1504/1504/1504 1485/1485/1485
f 1479/1479/1479 1485/1485/1485 1504/1504/1504
f 1503/1503/1503 1488/1488/1488 1499/1499/1499
f 1487/1487/1487 1488/1488/1488 1503/1503/1503
f 1475/1475/1475 1502/1502/1502 1480/1480/1480
f 1501/1501/1501 1502/1502/1502 1475/1475/1475
f 1500/1500/1500 1501/1501/1501 1475/1475/1475
f 1475/1475/1475 1496/1496/1496 1500/1500/1500
f 1488/1488/1488 1490/1490/1490 1499/1499/1499
f 1495/1495/1495 1466/1466/1466 1498/1498/1498
f 1498/1498/1498 1466/1466/1466 1469/1469/1469
f 1469/1469/1469 1497/1497/1497 1498/1498/1498
f 1497/1497/1497 1469/1469/1469 1479/1479/1479
f 1474/1474/1474 1496/1496/1496 1475/1475/1475
f 1474/1474/1474 1470/1470/1470 1496/1496/1496
f 1470/1470/1470 1495/1495/1495 1496/1496/1496
f 1495/1495/1495 1470/1470/1470 1466/1466/1466
f 1481/1481/1481 1480/1480/1480 1494/1494/1494
f 979/979/979 1481/1481/1481 1494/1494/1494
f 1493/1493/1493 1489/1489/1489 1492/1492/1492
f 1489/1489/1489 1493/1493/1493 1490/1490/1490
f 1491/1491/1491 1492/1492/1492 1489/1489/1489
f 1491/1491/1491 1489/1489/1489 1486/1486/1486
f 1486/1486/1486 1484/1484/1484 1491/1491/1491
f 1488/1488/1488 1489/1489/1489 1490/1490/1490
f 1486/1486/1486 1489/1489/1489 1488/1488/1488
f 1487/1487/1487 1486/1486/1486 1488/1488/1488
f 1486/1486/1486 1487/1487/1487 1485/1485/1485
f 1485/1485/1485 1484/1484/1484 1486/1486/1486
f 1482/1482/1482 1485/1485/1485 1479/1479/1479
f 1485/1485/1485 1482/1482/1482 1484/1484/1484
f 1482/1482/1482 1483/1483/1483 1484/1484/1484
f 1478/1478/1478 1483/1483/1483 1482/1482/1482
f 1479/1479/1479 1478/1478/1478 1482/1482/1482
f 971/971/971 966/966/966 979/979/979
f 1481/1481/1481 979/979/979 966/966/966
f 1481/1481/1481 966/966/966 964/964/964
f 1481/1481/1481 964/964/964 1477/1477/1477
f 1477/1477/1477 964/964/964 958/958/958
f 1480/1480/1480 1481/1481/1481 1477/1477/1477
f 1477/1477/1477 1475/1475/1475 1480/1480/1480
f 1477/1477/1477 1476/1476/1476 1475/1475/1475
f 1478/1478/1478 1479/1479/1479 1469/1469/1469
f 1469/1469/1469 1468/1468/1468 1478/1478/1478
f 1477/1477/1477 958/958/958 955/955/955
f 1475/1475/1475 1476/1476/1476 1473/1473/1473
f 1477/1477/1477 955/955/955 1476/1476/1476
f 1476/1476/1476 955/955/955 1473/1473/1473
f 1475/1475/1475 1473/1473/1473 1474/1474/1474
f 1473/1473/1473 1470/1470/1470 1474/1474/1474
f 955/955/955 957/957/957 1473/1473/1473
f 963/963/963 1471/1471/1471 957/957/957
f 1473/1473/1473 957/957/957 1471/1471/1471
f 1470/1470/1470 1473/1473/1473 1471/1471/1471
f 1471/1471/1471 1472/1472/1472 1467/1467/1467
f 1467/1467/1467 1472/1472/1472 1468/1468/1468
f 1470/1470/1470 1471/1471/1471 1467/1467/1467
f 1467/1467/1467 1466/1466/1466 1470/1470/1470
f 1466/1466/1466 1468/1468/1468 1469/1469/1469
f 1466/1466/1466 1467/1467/1467 1468/1468/1468
f 1447/1447/1447 1465/1465/1465 1398/1398/1398
f 1398/1398/1398 1465/1465/1465 1464/1464/1464
f 1398/1398/1398 1464/1464/1464 1399/1399/1399
f 1464/1464/1464 1403/1403/1403 1399/1399/1399
f 1451/1451/1451 1463/1463/1463 1381/1381/1381
f 1381/1381/1381 1463/1463/1463 1380/1380/1380
f 1463/1463/1463 1386/1386/1386 1380/1380/1380
f 1462/1462/1462 1386/1386/1386 1463/1463/1463
f 1386/1386/1386 1462/1462/1462 1390/1390/1390
f 1461/1461/1461 1460/1460/1460 1446/1446/1446
f 1435/1435/1435 1461/1461/1461 1446/1446/1446
f 1461/1461/1461 1435/1435/1435 1440/1440/1440
f 1459/1459/1459 1461/1461/1461 1440/1440/1440
f 1445/1445/1445 1460/1460/1460 1449/1449/1449
f 1460/1460/1460 1445/1445/1445 1446/1446/1446
f 1458/1458/1458 1459/1459/1459 1440/1440/1440
f 645/645/645 1392/1392/1392 643/643/643
f 1441/1441/1441 1458/1458/1458 1440/1440/1440
f 1450/1450/1450 1457/1457/1457 1415/1415/1415
f 1448/1448/1448 1450/1450/1450 1415/1415/1415
f 1457/1457/1457 1411/1411/1411 1415/1415/1415
f 1457/1457/1457 1409/1409/1409 1411/1411/1411
f 1457/1457/1457 1407/1407/1407 1409/1409/1409
f 1457/1457/1457 1455/1455/1455 1407/1407/1407
f 1456/1456/1456 1455/1455/1455 1457/1457/1457
f 1456/1456/1456 1454/1454/1454 1455/1455/1455
f 1455/1455/1455 1391/1391/1391 1407/1407/1407
f 1391/1391/1391 1455/1455/1455 1452/1452/1452
f 1455/1455/1455 1454/1454/1454 1452/1452/1452
f 1391/1391/1391 1452/1452/1452 1367/1367/1367
f 1454/1454/1454 1453/1453/1453 1452/1452/1452
f 1452/1452/1452 1453/1453/1453 1451/1451/1451
f 1451/1451/1451 1367/1367/1367 1452/1452/1452
f 1451/1451/1451 1381/1381/1381 1367/1367/1367
f 1449/1449/1449 1450/1450/1450 1448/1448/1448
f 1445/1445/1445 1449/1449/1449 1448/1448/1448
f 1416/1416/1416 1448/1448/1448 1415/1415/1415
f 1445/1445/1445 1448/1448/1448 1416/1416/1416
f 1394/1394/1394 1447/1447/1447 1398/1398/1398
f 1446/1446/1446 1430/1430/1430 1435/1435/1435
f 1446/1446/1446 1445/1445/1445 1430/1430/1430
f 699/699/699 1422/1422/1422 700/700/700
f 1425/1425/1425 1445/1445/1445 1416/1416/1416
f 1445/1445/1445 1425/1425/1425 1430/1430/1430
f 1433/1433/1433 1444/1444/1444 1443/1443/1443
f 1439/1439/1439 1433/1433/1433 1443/1443/1443
f 1442/1442/1442 1441/1441/1441 1437/1437/1437
f 1440/1440/1440 1437/1437/1437 1441/1441/1441
f 1437/1437/1437 1440/1440/1440 1436/1436/1436
f 1436/1436/1436 1440/1440/1440 1434/1434/1434
f 1440/1440/1440 1435/1435/1435 1434/1434/1434
f 1433/1433/1433 1439/1439/1439 1438/1438/1438
f 1437/1437/1437 1433/1433/1433 1438/1438/1438
f 1437/1437/1437 1436/1436/1436 1433/1433/1433
f 1436/1436/1436 1434/1434/1434 1433/1433/1433
f 1430/1430/1430 1432/1432/1432 1435/1435/1435
f 1435/1435/1435 1432/1432/1432 1434/1434/1434
f 1434/1434/1434 1432/1432/1432 1433/1433/1433
f 1432/1432/1432 1431/1431/1431 1433/1433/1433
f 1432/1432/1432 1430/1430/1430 1427/1427/1427
f 1431/1431/1431 1432/1432/1432 1427/1427/1427
f 1431/1431/1431 1427/1427/1427 1429/1429/1429
f 1427/1427/1427 1430/1430/1430 1425/1425/1425
f 1427/1427/1427 1428/1428/1428 1429/1429/1429
f 1426/1426/1426 1424/1424/1424 1428/1428/1428
f 1427/1427/1427 1426/1426/1426 1428/1428/1428
f 1425/1425/1425 1426/1426/1426 1427/1427/1427
f 1423/1423/1423 1424/1424/1424 1426/1426/1426
f 1426/1426/1426 1425/1425/1425 1423/1423/1423
f 1425/1425/1425 1416/1416/1416 1423/1423/1423
f 1424/1424/1424 699/699/699 698/698/698
f 1423/1423/1423 699/699/699 1424/1424/1424
f 1423/1423/1423 1422/1422/1422 699/699/699
f 1423/1423/1423 1414/1414/1414 1422/1422/1422
f 1414/1414/1414 1423/1423/1423 1416/1416/1416
f 1414/1414/1414 1417/1417/1417 1422/1422/1422
f 1370/1370/1370 1421/1421/1421 1420/1420/1420
f 1378/1378/1378 1370/1370/1370 1420/1420/1420
f 1408/1408/1408 1378/1378/1378 1420/1420/1420
f 1418/1418/1418 1408/1408/1408 1420/1420/1420
f 1419/1419/1419 1418/1418/1418 1420/1420/1420
f 1418/1418/1418 1419/1419/1419 1417/1417/1417
f 1408/1408/1408 1418/1418/1418 1413/1413/1413
f 1413/1413/1413 1418/1418/1418 1417/1417/1417
f 1413/1413/1413 1417/1417/1417 1414/1414/1414
f 1415/1415/1415 1414/1414/1414 1416/1416/1416
f 1415/1415/1415 1411/1411/1411 1414/1414/1414
f 1411/1411/1411 1413/1413/1413 1414/1414/1414
f 1413/1413/1413 1410/1410/1410 1408/1408/1408
f 1410/1410/1410 1413/1413/1413 1411/1411/1411
f 1412/1412/1412 1387/1387/1387 1390/1390/1390
f 1387/1387/1387 1412/1412/1412 1406/1406/1406
f 1409/1409/1409 1410/1410/1410 1411/1411/1411
f 1410/1410/1410 1409/1409/1409 1408/1408/1408
f 1409/1409/1409 1407/1407/1407 1408/1408/1408
f 1407/1407/1407 1378/1378/1378 1408/1408/1408
f 1379/1379/1379 1378/1378/1378 1407/1407/1407
f 1391/1391/1391 1379/1379/1379 1407/1407/1407
f 1387/1387/1387 1406/1406/1406 1388/1388/1388
f 1406/1406/1406 1394/1394/1394 1388/1388/1388
f 1402/1402/1402 1404/1404/1404 1405/1405/1405
f 1402/1402/1402 1403/1403/1403 1404/1404/1404
f 1403/1403/1403 1402/1402/1402 1399/1399/1399
f 1402/1402/1402 1401/1401/1401 1399/1399/1399
f 1399/1399/1399 1401/1401/1401 1400/1400/1400
f 1396/1396/1396 1399/1399/1399 1400/1400/1400
f 1398/1398/1398 1399/1399/1399 1396/1396/1396
f 1398/1398/1398 1395/1395/1395 1394/1394/1394
f 1395/1395/1395 1398/1398/1398 1396/1396/1396
f 1396/1396/1396 1397/1397/1397 1393/1393/1393
f 1395/1395/1395 1396/1396/1396 1393/1393/1393
f 1395/1395/1395 1393/1393/1393 1394/1394/1394
f 1394/1394/1394 1393/1393/1393 1388/1388/1388
f 1388/1388/1388 1393/1393/1393 1389/1389/1389
f 645/645/645 1389/1389/1389 1392/1392/1392
f 1379/1379/1379 1391/1391/1391 1367/1367/1367
f 1386/1386/1386 1390/1390/1390 1383/1383/1383
f 1383/1383/1383 1390/1390/1390 1384/1384/1384
f 1390/1390/1390 1385/1385/1385 1384/1384/1384
f 1387/1387/1387 1385/1385/1385 1390/1390/1390
f 1388/1388/1388 1389/1389/1389 645/645/645
f 645/645/645 1387/1387/1387 1388/1388/1388
f 1385/1385/1385 1387/1387/1387 645/645/645
f 1373/1373/1373 1380/1380/1380 1386/1386/1386
f 1386/1386/1386 1375/1375/1375 1373/1373/1373
f 1375/1375/1375 1386/1386/1386 1382/1382/1382
f 1386/1386/1386 1383/1383/1383 1382/1382/1382
f 642/642/642 1385/1385/1385 645/645/645
f 1385/1385/1385 642/642/642 1384/1384/1384
f 644/644/644 1384/1384/1384 642/642/642
f 1384/1384/1384 644/644/644 1383/1383/1383
f 1383/1383/1383 644/644/644 1382/1382/1382
f 644/644/644 646/646/646 1376/1376/1376
f 1376/1376/1376 1382/1382/1382 644/644/644
f 1382/1382/1382 1376/1376/1376 1375/1375/1375
f 1367/1367/1367 1381/1381/1381 1372/1372/1372
f 1372/1372/1372 1381/1381/1381 1380/1380/1380
f 1380/1380/1380 1373/1373/1373 1372/1372/1372
f 1367/1367/1367 1377/1377/1377 1379/1379/1379
f 1378/1378/1378 1379/1379/1379 1377/1377/1377
f 1377/1377/1377 1370/1370/1370 1378/1378/1378
f 1367/1367/1367 1366/1366/1366 1377/1377/1377
f 1377/1377/1377 1366/1366/1366 1370/1370/1370
f 1375/1375/1375 1376/1376/1376 1374/1374/1374
f 1373/1373/1373 1375/1375/1375 1374/1374/1374
f 1371/1371/1371 1373/1373/1373 1374/1374/1374
f 1373/1373/1373 1371/1371/1371 1372/1372/1372
f 1367/1367/1367 1372/1372/1372 1368/1368/1368
f 1372/1372/1372 1371/1371/1371 1368/1368/1368
f 1368/1368/1368 1371/1371/1371 1369/1369/1369
f 1366/1366/1366 1369/1369/1369 1370/1370/1370
f 1368/1368/1368 1369/1369/1369 1366/1366/1366
f 1366/1366/1366 1367/1367/1367 1368/1368/1368
f 1362/1362/1362 1365/1365/1365 1363/1363/1363
f 1362/1362/1362 1363/1363/1363 1364/1364/1364
f 1359/1359/1359 1361/1361/1361 1360/1360/1360
f 1357/1357/1357 1355/1355/1355 1360/1360/1360
f 1355/1355/1355 1359/1359/1359 1360/1360/1360
f 1361/1361/1361 1359/1359/1359 1354/1354/1354
f 1358/1358/1358 1351/1351/1351 1360/1360/1360
f 1352/1352/1352 1355/1355/1355 1357/1357/1357
f 1357/1357/1357 1360/1360/1360 1351/1351/1351
f 1353/1353/1353 1338/1338/1338 1352/1352/1352
f 1356/1356/1356 1350/1350/1350 1353/1353/1353
f 1352/1352/1352 1338/1338/1338 1355/1355/1355
f 1359/1359/1359 1355/1355/1355 1349/1349/1349
f 1359/1359/1359 1349/1349/1349 1354/1354/1354
f 1351/1351/1351 1358/1358/1358 1347/1347/1347
f 1353/1353/1353 1341/1341/1341 1356/1356/1356
f 1353/1353/1353 1352/1352/1352 1346/1346/1346
f 1352/1352/1352 1357/1357/1357 1340/1340/1340
f 1351/1351/1351 1340/1340/1340 1357/1357/1357
f 1339/1339/1339 1350/1350/1350 1356/1356/1356
f 1350/1350/1350 1338/1338/1338 1353/1353/1353
f 1338/1338/1338 1349/1349/1349 1355/1355/1355
f 1349/1349/1349 1345/1345/1345 1354/1354/1354
f 1345/1345/1345 1344/1344/1344 1354/1354/1354
f 1344/1344/1344 1348/1348/1348 1354/1354/1354
f 1347/1347/1347 1342/1342/1342 1351/1351/1351
f 1341/1341/1341 1353/1353/1353 1346/1346/1346
f 1346/1346/1346 1352/1352/1352 1340/1340/1340
f 1340/1340/1340 1351/1351/1351 1342/1342/1342
f 1339/1339/1339 1338/1338/1338 1350/1350/1350
f 1338/1338/1338 1345/1345/1345 1349/1349/1349
f 1344/1344/1344 1345/1345/1345 1333/1333/1333
f 1348/1348/1348 1344/1344/1344 1337/1337/1337
f 1342/1342/1342 1347/1347/1347 1336/1336/1336
f 1341/1341/1341 1346/1346/1346 1330/1330/1330
f 1346/1346/1346 1340/1340/1340 1330/1330/1330
f 1342/1342/1342 1331/1331/1331 1340/1340/1340
f 1339/1339/1339 1334/1334/1334 1338/1338/1338
f 1345/1345/1345 1338/1338/1338 1333/1333/1333
f 1344/1344/1344 1333/1333/1333 1337/1337/1337
f 1343/1343/1343 1337/1337/1337 1332/1332/1332
f 1336/1336/1336 1331/1331/1331 1342/1342/1342
f 1335/1335/1335 1341/1341/1341 1330/1330/1330
f 1330/1330/1330 1340/1340/1340 1331/1331/1331
f 1339/1339/1339 1323/1323/1323 1334/1334/1334
f 1334/1334/1334 1329/1329/1329 1338/1338/1338
f 1338/1338/1338 1329/1329/1329 1333/1333/1333
f 1333/1333/1333 1328/1328/1328 1337/1337/1337
f 1328/1328/1328 1327/1327/1327 1337/1337/1337
f 1327/1327/1327 1332/1332/1332 1337/1337/1337
f 1319/1319/1319 1331/1331/1331 1336/1336/1336
f 1324/1324/1324 1325/1325/1325 1335/1335/1335
f 1335/1335/1335 1330/1330/1330 1324/1324/1324
f 1331/1331/1331 1318/1318/1318 1330/1330/1330
f 1329/1329/1329 1334/1334/1334 1323/1323/1323
f 1333/1333/1333 1329/1329/1329 1317/1317/1317
f 1333/1333/1333 1317/1317/1317 1328/1328/1328
f 1328/1328/1328 1322/1322/1322 1321/1321/1321
f 1327/1327/1327 1328/1328/1328 1321/1321/1321
f 1332/1332/1332 1327/1327/1327 1320/1320/1320
f 1319/1319/1319 1318/1318/1318 1331/1331/1331
f 1325/1325/1325 1324/1324/1324 1311/1311/1311
f 1324/1324/1324 1330/1330/1330 1318/1318/1318
f 1323/1323/1323 1317/1317/1317 1329/1329/1329
f 1317/1317/1317 1322/1322/1322 1328/1328/1328
f 1322/1322/1322 1308/1308/1308 1321/1321/1321
f 1327/1327/1327 1321/1321/1321 1316/1316/1316
f 1327/1327/1327 1316/1316/1316 1320/1320/1320
f 1307/1307/1307 1326/1326/1326 1320/1320/1320
f 1314/1314/1314 1325/1325/1325 1311/1311/1311
f 1312/1312/1312 1318/1318/1318 1319/1319/1319
f 1324/1324/1324 1318/1318/1318 1311/1311/1311
f 1323/1323/1323 1313/1313/1313 1317/1317/1317
f 1322/1322/1322 1317/1317/1317 1308/1308/1308
f 1316/1316/1316 1321/1321/1321 1308/1308/1308
f 1320/1320/1320 1316/1316/1316 1307/1307/1307
f 1315/1315/1315 1312/1312/1312 1319/1319/1319
f 1310/1310/1310 1314/1314/1314 1311/1311/1311
f 1312/1312/1312 1309/1309/1309 1318/1318/1318
f 1311/1311/1311 1318/1318/1318 1309/1309/1309
f 1313/1313/1313 1308/1308/1308 1317/1317/1317
f 1308/1308/1308 1307/1307/1307 1316/1316/1316
f 1312/1312/1312 1315/1315/1315 1298/1298/1298
f 1297/1297/1297 1314/1314/1314 1310/1310/1310
f 1305/1305/1305 1310/1310/1310 1311/1311/1311
f 1309/1309/1309 1312/1312/1312 1304/1304/1304
f 1311/1311/1311 1309/1309/1309 1292/1292/1292
f 1296/1296/1296 1302/1302/1302 1313/1313/1313
f 1308/1308/1308 1313/1313/1313 1302/1302/1302
f 1308/1308/1308 1295/1295/1295 1307/1307/1307
f 1301/1301/1301 1300/1300/1300 1307/1307/1307
f 1300/1300/1300 1306/1306/1306 1307/1307/1307
f 1298/1298/1298 1304/1304/1304 1312/1312/1312
f 1292/1292/1292 1305/1305/1305 1311/1311/1311
f 1310/1310/1310 1305/1305/1305 1297/1297/1297
f 1292/1292/1292 1309/1309/1309 1304/1304/1304
f 1296/1296/1296 1303/1303/1303 1302/1302/1302
f 1303/1303/1303 1284/1284/1284 1302/1302/1302
f 1302/1302/1302 1295/1295/1295 1308/1308/1308
f 1295/1295/1295 1301/1301/1301 1307/1307/1307
f 1300/1300/1300 1301/1301/1301 1291/1291/1291
f 1306/1306/1306 1300/1300/1300 1290/1290/1290
f 1306/1306/1306 1290/1290/1290 1299/1299/1299
f 1288/1288/1288 1304/1304/1304 1298/1298/1298
f 1297/1297/1297 1305/1305/1305 1292/1292/1292
f 1288/1288/1288 1292/1292/1292 1304/1304/1304
f 1296/1296/1296 1284/1284/1284 1303/1303/1303
f 1302/1302/1302 1284/1284/1284 1295/1295/1295
f 1295/1295/1295 1291/1291/1291 1301/1301/1301
f 1291/1291/1291 1290/1290/1290 1300/1300/1300
f 1299/1299/1299 1290/1290/1290 1294/1294/1294
f 1293/1293/1293 1288/1288/1288 1298/1298/1298
f 1297/1297/1297 1292/1292/1292 1287/1287/1287
f 1288/1288/1288 1286/1286/1286 1292/1292/1292
f 1284/1284/1284 1296/1296/1296 995/995/995
f 1284/1284/1284 1291/1291/1291 1295/1295/1295
f 1290/1290/1290 1291/1291/1291 1271/1271/1271
f 1290/1290/1290 1283/1283/1283 1294/1294/1294
f 1283/1283/1283 1289/1289/1289 1294/1294/1294
f 1288/1288/1288 1293/1293/1293 1282/1282/1282
f 1287/1287/1287 1292/1292/1292 1281/1281/1281
f 1292/1292/1292 1286/1286/1286 1281/1281/1281
f 1286/1286/1286 1288/1288/1288 1277/1277/1277
f 985/985/985 981/981/981 1285/1285/1285
f 1279/1279/1279 1285/1285/1285 981/981/981
f 995/995/995 999/999/999 1284/1284/1284
f 1284/1284/1284 1271/1271/1271 1291/1291/1291
f 1290/1290/1290 1271/1271/1271 1283/1283/1283
f 1289/1289/1289 1283/1283/1283 1270/1270/1270
f 1282/1282/1282 1277/1277/1277 1288/1288/1288
f 1287/1287/1287 1281/1281/1281 1269/1269/1269
f 1281/1281/1281 1286/1286/1286 1277/1277/1277
f 985/985/985 1285/1285/1285 1273/1273/1273
f 1273/1273/1273 1285/1285/1285 1272/1272/1272
f 1272/1272/1272 1285/1285/1285 1279/1279/1279
f 1271/1271/1271 1284/1284/1284 999/999/999
f 1271/1271/1271 1278/1278/1278 1283/1283/1283
f 1283/1283/1283 1278/1278/1278 1270/1270/1270
f 1277/1277/1277 1282/1282/1282 1263/1263/1263
f 1277/1277/1277 1269/1269/1269 1281/1281/1281
f 1267/1267/1267 1280/1280/1280 1276/1276/1276
f 1280/1280/1280 1267/1267/1267 1275/1275/1275
f 985/985/985 1273/1273/1273 988/988/988
f 1273/1273/1273 1272/1272/1272 1256/1256/1256
f 1272/1272/1272 1279/1279/1279 1266/1266/1266
f 999/999/999 1246/1246/1246 1271/1271/1271
f 1278/1278/1278 1271/1271/1271 1265/1265/1265
f 1270/1270/1270 1278/1278/1278 1265/1265/1265
f 1269/1269/1269 1277/1277/1277 1263/1263/1263
f 1276/1276/1276 1262/1262/1262 1268/1268/1268
f 1267/1267/1267 1276/1276/1276 1261/1261/1261
f 1276/1276/1276 1268/1268/1268 1261/1261/1261
f 1275/1275/1275 1259/1259/1259 1260/1260/1260
f 1259/1259/1259 1275/1275/1275 1267/1267/1267
f 1258/1258/1258 1274/1274/1274 1257/1257/1257
f 988/988/988 1273/1273/1273 1256/1256/1256
f 1256/1256/1256 1272/1272/1272 1255/1255/1255
f 1272/1272/1272 1266/1266/1266 1255/1255/1255
f 999/999/999 994/994/994 1246/1246/1246
f 1271/1271/1271 1246/1246/1246 1265/1265/1265
f 1270/1270/1270 1265/1265/1265 1254/1254/1254
f 1254/1254/1254 1264/1264/1264 1270/1270/1270
f 1269/1269/1269 1263/1263/1263 1245/1245/1245
f 1262/1262/1262 1269/1269/1269 1245/1245/1245
f 1252/1252/1252 1268/1268/1268 1262/1262/1262
f 1250/1250/1250 1267/1267/1267 1261/1261/1261
f 1268/1268/1268 1252/1252/1252 1261/1261/1261
f 1251/1251/1251 1260/1260/1260 1259/1259/1259
f 1259/1259/1259 1267/1267/1267 1250/1250/1250
f 1257/1257/1257 1241/1241/1241 1258/1258/1258
f 1248/1248/1248 994/994/994 990/990/990
f 1240/1240/1240 988/988/988 1256/1256/1256
f 1256/1256/1256 1255/1255/1255 1239/1239/1239
f 1255/1255/1255 1266/1266/1266 1247/1247/1247
f 1246/1246/1246 994/994/994 1248/1248/1248
f 1254/1254/1254 1265/1265/1265 1246/1246/1246
f 1264/1264/1264 1254/1254/1254 1230/1230/1230
f 1263/1263/1263 1253/1253/1253 1245/1245/1245
f 1262/1262/1262 1245/1245/1245 1252/1252/1252
f 1250/1250/1250 1261/1261/1261 1244/1244/1244
f 1261/1261/1261 1252/1252/1252 1244/1244/1244
f 1243/1243/1243 1260/1260/1260 1251/1251/1251
f 1251/1251/1251 1259/1259/1259 1234/1234/1234
f 1234/1234/1234 1259/1259/1259 1250/1250/1250
f 1241/1241/1241 1249/1249/1249 1258/1258/1258
f 1257/1257/1257 1242/1242/1242 1241/1241/1241
f 990/990/990 988/988/988 1240/1240/1240
f 1248/1248/1248 990/990/990 1232/1232/1232
f 1239/1239/1239 1240/1240/1240 1256/1256/1256
f 1255/1255/1255 1247/1247/1247 1239/1239/1239
f 1246/1246/1246 1248/1248/1248 1238/1238/1238
f 1246/1246/1246 1230/1230/1230 1254/1254/1254
f 1229/1229/1229 1245/1245/1245 1253/1253/1253
f 1236/1236/1236 1252/1252/1252 1245/1245/1245
f 1237/1237/1237 1250/1250/1250 1244/1244/1244
f 1252/1252/1252 1236/1236/1236 1244/1244/1244
f 1243/1243/1243 1251/1251/1251 1235/1235/1235
f 1251/1251/1251 1234/1234/1234 1235/1235/1235
f 1250/1250/1250 1237/1237/1237 1234/1234/1234
f 990/990/990 1240/1240/1240 1232/1232/1232
f 1248/1248/1248 1232/1232/1232 1238/1238/1238
f 1225/1225/1225 1240/1240/1240 1239/1239/1239
f 1239/1239/1239 1247/1247/1247 1231/1231/1231
f 1246/1246/1246 1238/1238/1238 1230/1230/1230
f 1245/1245/1245 1229/1229/1229 1236/1236/1236
f 1244/1244/1244 1223/1223/1223 1237/1237/1237
f 1244/1244/1244 1236/1236/1236 1223/1223/1223
f 1243/1243/1243 1235/1235/1235 1228/1228/1228
f 1235/1235/1235 1234/1234/1234 1214/1214/1214
f 1237/1237/1237 1227/1227/1227 1234/1234/1234
f 1225/1225/1225 1232/1232/1232 1240/1240/1240
f 1238/1238/1238 1232/1232/1232 1219/1219/1219
f 1225/1225/1225 1239/1239/1239 1231/1231/1231
f 1238/1238/1238 1219/1219/1219 1230/1230/1230
f 1229/1229/1229 1224/1224/1224 1236/1236/1236
f 1227/1227/1227 1237/1237/1237 1223/1223/1223
f 1236/1236/1236 1224/1224/1224 1223/1223/1223
f 1228/1228/1228 1235/1235/1235 1214/1214/1214
f 1234/1234/1234 1227/1227/1227 1214/1214/1214
f 1226/1226/1226 1233/1233/1233 1220/1220/1220
f 1232/1232/1232 1225/1225/1225 1219/1219/1219
f 1225/1225/1225 1231/1231/1231 1218/1218/1218
f 1230/1230/1230 1219/1219/1219 1217/1217/1217
f 1229/1229/1229 1209/1209/1209 1224/1224/1224
f 1223/1223/1223 1216/1216/1216 1227/1227/1227
f 1194/1194/1194 1223/1223/1223 1224/1224/1224
f 1215/1215/1215 1227/1227/1227 1216/1216/1216
f 1228/1228/1228 1214/1214/1214 1222/1222/1222
f 1227/1227/1227 1215/1215/1215 1214/1214/1214
f 1222/1222/1222 1207/1207/1207 1221/1221/1221
f 1221/1221/1221 1206/1206/1206 1220/1220/1220
f 1219/1219/1219 1225/1225/1225 1213/1213/1213
f 1225/1225/1225 1218/1218/1218 1213/1213/1213
f 1219/1219/1219 1205/1205/1205 1217/1217/1217
f 1194/1194/1194 1224/1224/1224 1209/1209/1209
f 1223/1223/1223 1194/1194/1194 1216/1216/1216
f 1216/1216/1216 1208/1208/1208 1215/1215/1215
f 1207/1207/1207 1222/1222/1222 1214/1214/1214
f 1215/1215/1215 1193/1193/1193 1214/1214/1214
f 1206/1206/1206 1221/1221/1221 1207/1207/1207
f 1205/1205/1205 1219/1219/1219 1213/1213/1213
f 1213/1213/1213 1218/1218/1218 1204/1204/1204
f 1217/1217/1217 1205/1205/1205 1201/1201/1201
f 1212/1212/1212 1187/1187/1187 1211/1211/1211
f 1210/1210/1210 1197/1197/1197 1212/1212/1212
f 1197/1197/1197 1198/1198/1198 1212/1212/1212
f 1209/1209/1209 1195/1195/1195 1194/1194/1194
f 1216/1216/1216 1194/1194/1194 1208/1208/1208
f 1193/1193/1193 1215/1215/1215 1208/1208/1208
f 1214/1214/1214 1192/1192/1192 1207/1207/1207
f 1214/1214/1214 1193/1193/1193 1192/1192/1192
f 1207/1207/1207 1183/1183/1183 1206/1206/1206
f 1205/1205/1205 1213/1213/1213 1190/1190/1190
f 1190/1190/1190 1213/1213/1213 1204/1204/1204
f 1203/1203/1203 1202/1202/1202 1181/1181/1181
f 1201/1201/1201 1205/1205/1205 1182/1182/1182
f 1212/1212/1212 1198/1198/1198 1187/1187/1187
f 1200/1200/1200 1169/1169/1169 1209/1209/1209
f 1174/1174/1174 1199/1199/1199 1211/1211/1211
f 1211/1211/1211 1187/1187/1187 1174/1174/1174
f 1210/1210/1210 1186/1186/1186 1197/1197/1197
f 1197/1197/1197 1172/1172/1172 1198/1198/1198
f 1210/1210/1210 1196/1196/1196 1186/1186/1186
f 1209/1209/1209 1169/1169/1169 1195/1195/1195
f 1195/1195/1195 1168/1168/1168 1194/1194/1194
f 1208/1208/1208 1194/1194/1194 1185/1185/1185
f 1208/1208/1208 1184/1184/1184 1193/1193/1193
f 1184/1184/1184 1208/1208/1208 1185/1185/1185
f 1183/1183/1183 1207/1207/1207 1192/1192/1192
f 1193/1193/1193 1154/1154/1154 1192/1192/1192
f 1205/1205/1205 1190/1190/1190 1182/1182/1182
f 1167/1167/1167 1190/1190/1190 1204/1204/1204
f 1204/1204/1204 1189/1189/1189 1167/1167/1167
f 1181/1181/1181 1189/1189/1189 1203/1203/1203
f 1180/1180/1180 1181/1181/1181 1202/1202/1202
f 1201/1201/1201 1178/1178/1178 1188/1188/1188
f 1178/1178/1178 1201/1201/1201 1182/1182/1182
f 1187/1187/1187 1198/1198/1198 1173/1173/1173
f 1169/1169/1169 1200/1200/1200 1176/1176/1176
f 1199/1199/1199 1175/1175/1175 1177/1177/1177
f 1174/1174/1174 1175/1175/1175 1199/1199/1199
f 1187/1187/1187 1160/1160/1160 1174/1174/1174
f 1198/1198/1198 1172/1172/1172 1173/1173/1173
f 1186/1186/1186 1171/1171/1171 1197/1197/1197
f 1197/1197/1197 1171/1171/1171 1172/1172/1172
f 1196/1196/1196 1170/1170/1170 1186/1186/1186
f 1195/1195/1195 1169/1169/1169 1168/1168/1168
f 1194/1194/1194 1168/1168/1168 1185/1185/1185
f 1154/1154/1154 1193/1193/1193 1184/1184/1184
f 1185/1185/1185 1155/1155/1155 1184/1184/1184
f 1192/1192/1192 1154/1154/1154 1183/1183/1183
f 1191/1191/1191 1152/1152/1152 1170/1170/1170
f 1190/1190/1190 1167/1167/1167 1182/1182/1182
f 1189/1189/1189 1181/1181/1181 1167/1167/1167
f 1181/1181/1181 1180/1180/1180 1166/1166/1166
f 1145/1145/1145 1179/1179/1179 1188/1188/1188
f 1145/1145/1145 1188/1188/1188 1178/1178/1178
f 1182/1182/1182 1143/1143/1143 1178/1178/1178
f 1187/1187/1187 1173/1173/1173 1160/1160/1160
f 1176/1176/1176 1177/1177/1177 1139/1139/1139
f 1176/1176/1176 1159/1159/1159 1169/1169/1169
f 1158/1158/1158 1177/1177/1177 1175/1175/1175
f 1138/1138/1138 1175/1175/1175 1174/1174/1174
f 1174/1174/1174 1160/1160/1160 1157/1157/1157
f 1173/1173/1173 1172/1172/1172 1136/1136/1136
f 1186/1186/1186 1134/1134/1134 1171/1171/1171
f 1172/1172/1172 1171/1171/1171 1135/1135/1135
f 1170/1170/1170 1134/1134/1134 1186/1186/1186
f 1156/1156/1156 1168/1168/1168 1169/1169/1169
f 1155/1155/1155 1185/1185/1185 1168/1168/1168
f 1184/1184/1184 1155/1155/1155 1154/1154/1154
f 1149/1149/1149 1170/1170/1170 1152/1152/1152
f 1182/1182/1182 1167/1167/1167 1143/1143/1143
f 1167/1167/1167 1181/1181/1181 1148/1148/1148
f 1166/1166/1166 1148/1148/1148 1181/1181/1181
f 1180/1180/1180 1147/1147/1147 1166/1166/1166
f 1165/1165/1165 1161/1161/1161 1127/1127/1127
f 1164/1164/1164 1179/1179/1179 1145/1145/1145
f 1178/1178/1178 1144/1144/1144 1145/1145/1145
f 1163/1163/1163 1144/1144/1144 1178/1178/1178
f 1178/1178/1178 1143/1143/1143 1163/1163/1163
f 1160/1160/1160 1173/1173/1173 1137/1137/1137
f 1139/1139/1139 1177/1177/1177 1158/1158/1158
f 1176/1176/1176 1139/1139/1139 1159/1159/1159
f 1133/1133/1133 1169/1169/1169 1159/1159/1159
f 1175/1175/1175 1138/1138/1138 1158/1158/1158
f 1174/1174/1174 1157/1157/1157 1138/1138/1138
f 1160/1160/1160 1106/1106/1106 1157/1157/1157
f 1137/1137/1137 1173/1173/1173 1136/1136/1136
f 1136/1136/1136 1172/1172/1172 1135/1135/1135
f 1171/1171/1171 1134/1134/1134 1135/1135/1135
f 1149/1149/1149 1134/1134/1134 1170/1170/1170
f 1169/1169/1169 1133/1133/1133 1156/1156/1156
f 1168/1168/1168 1156/1156/1156 1132/1132/1132
f 1168/1168/1168 1132/1132/1132 1155/1155/1155
f 1154/1154/1154 1155/1155/1155 1131/1131/1131
f 1152/1152/1152 1130/1130/1130 1149/1149/1149
f 1151/1151/1151 1098/1098/1098 1152/1152/1152
f 1109/1109/1109 1150/1150/1150 1162/1162/1162
f 1128/1128/1128 1143/1143/1143 1167/1167/1167
f 1128/1128/1128 1167/1167/1167 1148/1148/1148
f 1148/1148/1148 1166/1166/1166 1096/1096/1096
f 1120/1120/1120 1146/1146/1146 1161/1161/1161
f 1166/1166/1166 1147/1147/1147 1096/1096/1096
f 1147/1147/1147 1165/1165/1165 1127/1127/1127
f 1127/1127/1127 1161/1161/1161 1146/1146/1146
f 1142/1142/1142 1164/1164/1164 1126/1126/1126
f 1126/1126/1126 1164/1164/1164 1145/1145/1145
f 1145/1145/1145 1144/1144/1144 1125/1125/1125
f 1124/1124/1124 1144/1144/1144 1163/1163/1163
f 1124/1124/1124 1163/1163/1163 1123/1123/1123
f 1163/1163/1163 1143/1143/1143 1123/1123/1123
f 1162/1162/1162 1121/1121/1121 1109/1109/1109
f 1162/1162/1162 1142/1142/1142 1121/1121/1121
f 1161/1161/1161 1141/1141/1141 1120/1120/1120
f 1160/1160/1160 1137/1137/1137 1106/1106/1106
f 1158/1158/1158 1105/1105/1105 1139/1139/1139
f 1119/1119/1119 1159/1159/1159 1139/1139/1139
f 1159/1159/1159 1119/1119/1119 1133/1133/1133
f 1105/1105/1105 1158/1158/1158 1138/1138/1138
f 1157/1157/1157 1106/1106/1106 1138/1138/1138
f 1118/1118/1118 1137/1137/1137 1136/1136/1136
f 1136/1136/1136 1135/1135/1135 1117/1117/1117
f 1102/1102/1102 1135/1135/1135 1134/1134/1134
f 1101/1101/1101 1134/1134/1134 1149/1149/1149
f 1082/1082/1082 1156/1156/1156 1133/1133/1133
f 1156/1156/1156 1082/1082/1082 1132/1132/1132
f 1132/1132/1132 1116/1116/1116 1155/1155/1155
f 1115/1115/1115 1155/1155/1155 1116/1116/1116
f 1155/1155/1155 1115/1115/1115 1131/1131/1131
f 1114/1114/1114 1154/1154/1154 1131/1131/1131
f 1152/1152/1152 1098/1098/1098 1130/1130/1130
f 1149/1149/1149 1130/1130/1130 1113/1113/1113
f 1098/1098/1098 1151/1151/1151 1129/1129/1129
f 1150/1150/1150 1109/1109/1109 1129/1129/1129
f 1101/1101/1101 1149/1149/1149 1113/1113/1113
f 1143/1143/1143 1128/1128/1128 1110/1110/1110
f 1096/1096/1096 1128/1128/1128 1148/1148/1148
f 1146/1146/1146 1120/1120/1120 1095/1095/1095
f 1147/1147/1147 1127/1127/1127 1096/1096/1096
f 1127/1127/1127 1146/1146/1146 1095/1095/1095
f 1142/1142/1142 1126/1126/1126 1089/1089/1089
f 1126/1126/1126 1145/1145/1145 1112/1112/1112
f 1112/1112/1112 1145/1145/1145 1125/1125/1125
f 1111/1111/1111 1125/1125/1125 1144/1144/1144
f 1144/1144/1144 1124/1124/1124 1111/1111/1111
f 1075/1075/1075 1124/1124/1124 1123/1123/1123
f 1110/1110/1110 1123/1123/1123 1143/1143/1143
f 1109/1109/1109 1121/1121/1121 1122/1122/1122
f 1121/1121/1121 1142/1142/1142 1089/1089/1089
f 1122/1122/1122 1121/1121/1121 1090/1090/1090
f 1120/1120/1120 1141/1141/1141 1088/1088/1088
f 1104/1104/1104 1106/1106/1106 1137/1137/1137
f 1139/1139/1139 1105/1105/1105 1119/1119/1119
f 1119/1119/1119 1086/1086/1086 1133/1133/1133
f 1138/1138/1138 1106/1106/1106 1105/1105/1105
f 1085/1085/1085 1118/1118/1118 1136/1136/1136
f 1137/1137/1137 1118/1118/1118 1104/1104/1104
f 1136/1136/1136 1117/1117/1117 1085/1085/1085
f 1135/1135/1135 1102/1102/1102 1117/1117/1117
f 1134/1134/1134 1101/1101/1101 1102/1102/1102
f 1082/1082/1082 1133/1133/1133 1086/1086/1086
f 1132/1132/1132 1082/1082/1082 1116/1116/1116
f 1116/1116/1116 1099/1099/1099 1115/1115/1115
f 1115/1115/1115 1081/1081/1081 1131/1131/1131
f 1131/1131/1131 1081/1081/1081 1114/1114/1114
f 1113/1113/1113 1130/1130/1130 1098/1098/1098
f 1129/1129/1129 1109/1109/1109 1098/1098/1098
f 1113/1113/1113 1097/1097/1097 1101/1101/1101
f 1128/1128/1128 1096/1096/1096 1110/1110/1110
f 1120/1120/1120 1108/1108/1108 1095/1095/1095
f 1095/1095/1095 1096/1096/1096 1127/1127/1127
f 1089/1089/1089 1126/1126/1126 1112/1112/1112
f 1112/1112/1112 1125/1125/1125 1094/1094/1094
f 1093/1093/1093 1094/1094/1094 1125/1125/1125
f 1125/1125/1125 1111/1111/1111 1093/1093/1093
f 1124/1124/1124 1075/1075/1075 1111/1111/1111
f 1123/1123/1123 1110/1110/1110 1075/1075/1075
f 1092/1092/1092 1109/1109/1109 1122/1122/1122
f 1122/1122/1122 1091/1091/1091 1092/1092/1092
f 1091/1091/1091 1122/1122/1122 1090/1090/1090
f 1090/1090/1090 1121/1121/1121 1089/1089/1089
f 1120/1120/1120 1088/1088/1088 1108/1108/1108
f 1106/1106/1106 1104/1104/1104 1087/1087/1087
f 1086/1086/1086 1119/1119/1119 1105/1105/1105
f 1071/1071/1071 1105/1105/1105 1106/1106/1106
f 1104/1104/1104 1118/1118/1118 1085/1085/1085
f 1103/1103/1103 1085/1085/1085 1117/1117/1117
f 1117/1117/1117 1084/1084/1084 1103/1103/1103
f 1084/1084/1084 1117/1117/1117 1102/1102/1102
f 1102/1102/1102 1101/1101/1101 1083/1083/1083
f 1086/1086/1086 1100/1100/1100 1082/1082/1082
f 1082/1082/1082 1099/1099/1099 1116/1116/1116
f 1081/1081/1081 1115/1115/1115 1099/1099/1099
f 1113/1113/1113 1069/1069/1069 1097/1097/1097
f 1069/1069/1069 1113/1113/1113 1098/1098/1098
f 1098/1098/1098 1109/1109/1109 1074/1074/1074
f 1068/1068/1068 1101/1101/1101 1097/1097/1097
f 1110/1110/1110 1096/1096/1096 1079/1079/1079
f 1096/1096/1096 1077/1077/1077 1056/1056/1056
f 1095/1095/1095 1108/1108/1108 1067/1067/1067
f 1096/1096/1096 1095/1095/1095 1077/1077/1077
f 1076/1076/1076 1089/1089/1089 1112/1112/1112
f 1076/1076/1076 1112/1112/1112 1094/1094/1094
f 1094/1094/1094 1093/1093/1093 1054/1054/1054
f 1111/1111/1111 1075/1075/1075 1093/1093/1093
f 1110/1110/1110 1079/1079/1079 1075/1075/1075
f 1109/1109/1109 1092/1092/1092 1074/1074/1074
f 1092/1092/1092 1091/1091/1091 1073/1073/1073
f 1052/1052/1052 1091/1091/1091 1090/1090/1090
f 1090/1090/1090 1089/1089/1089 1072/1072/1072
f 1108/1108/1108 1088/1088/1088 1067/1067/1067
f 1088/1088/1088 1107/1107/1107 1064/1064/1064
f 1063/1063/1063 1087/1087/1087 1104/1104/1104
f 1106/1106/1106 1087/1087/1087 1071/1071/1071
f 1105/1105/1105 1071/1071/1071 1086/1086/1086
f 1086/1086/1086 1062/1062/1062 1100/1100/1100
f 1104/1104/1104 1085/1085/1085 1063/1063/1063
f 1085/1085/1085 1103/1103/1103 1050/1050/1050
f 1050/1050/1050 1103/1103/1103 1084/1084/1084
f 1102/1102/1102 1070/1070/1070 1084/1084/1084
f 1070/1070/1070 1102/1102/1102 1083/1083/1083
f 1101/1101/1101 1068/1068/1068 1083/1083/1083
f 1100/1100/1100 1062/1062/1062 1082/1082/1082
f 1061/1061/1061 1099/1099/1099 1082/1082/1082
f 1099/1099/1099 1061/1061/1061 1081/1081/1081
f 1080/1080/1080 1097/1097/1097 1069/1069/1069
f 1098/1098/1098 1074/1074/1074 1069/1069/1069
f 1097/1097/1097 1080/1080/1080 1068/1068/1068
f 1079/1079/1079 1096/1096/1096 1056/1056/1056
f 1078/1078/1078 1056/1056/1056 1077/1077/1077
f 1055/1055/1055 1078/1078/1078 1077/1077/1077
f 1095/1095/1095 1067/1067/1067 1077/1077/1077
f 1089/1089/1089 1076/1076/1076 1065/1065/1065
f 1054/1054/1054 1076/1076/1076 1094/1094/1094
f 1093/1093/1093 1075/1075/1075 1054/1054/1054
f 1075/1075/1075 1079/1079/1079 1066/1066/1066
f 1053/1053/1053 1074/1074/1074 1092/1092/1092
f 1053/1053/1053 1092/1092/1092 1073/1073/1073
f 1052/1052/1052 1073/1073/1073 1091/1091/1091
f 1052/1052/1052 1090/1090/1090 1072/1072/1072
f 1065/1065/1065 1072/1072/1072 1089/1089/1089
f 1067/1067/1067 1088/1088/1088 1064/1064/1064
f 1063/1063/1063 1071/1071/1071 1087/1087/1087
f 1062/1062/1062 1086/1086/1086 1071/1071/1071
f 1085/1085/1085 1050/1050/1050 1063/1063/1063
f 1084/1084/1084 1070/1070/1070 1050/1050/1050
f 1070/1070/1070 1083/1083/1083 1049/1049/1049
f 1083/1083/1083 1068/1068/1068 1049/1049/1049
f 1061/1061/1061 1082/1082/1082 1062/1062/1062
f 1048/1048/1048 1081/1081/1081 1061/1061/1061
f 1046/1046/1046 1080/1080/1080 1069/1069/1069
f 1059/1059/1059 1069/1069/1069 1074/1074/1074
f 1068/1068/1068 1058/1058/1058 1057/1057/1057
f 1080/1080/1080 1046/1046/1046 1068/1068/1068
f 1079/1079/1079 1056/1056/1056 1066/1066/1066
f 1056/1056/1056 1078/1078/1078 1055/1055/1055
f 1077/1077/1077 1067/1067/1067 1055/1055/1055
f 1076/1076/1076 1054/1054/1054 1065/1065/1065
f 1043/1043/1043 1054/1054/1054 1075/1075/1075
f 1075/1075/1075 1066/1066/1066 1043/1043/1043
f 1074/1074/1074 1053/1053/1053 1059/1059/1059
f 1073/1073/1073 1052/1052/1052 1053/1053/1053
f 1072/1072/1072 1065/1065/1065 1052/1052/1052
f 1067/1067/1067 1064/1064/1064 1042/1042/1042
f 1071/1071/1071 1063/1063/1063 1041/1041/1041
f 1071/1071/1071 1041/1041/1041 1062/1062/1062
f 1063/1063/1063 1050/1050/1050 1051/1051/1051
f 1050/1050/1050 1070/1070/1070 1049/1049/1049
f 1057/1057/1057 1049/1049/1049 1068/1068/1068
f 1062/1062/1062 1040/1040/1040 1061/1061/1061
f 1061/1061/1061 1060/1060/1060 1048/1048/1048
f 1060/1060/1060 1061/1061/1061 1038/1038/1038
f 1058/1058/1058 1047/1047/1047 1057/1057/1057
f 1069/1069/1069 1059/1059/1059 1046/1046/1046
f 1068/1068/1068 1046/1046/1046 1058/1058/1058
f 1066/1066/1066 1056/1056/1056 1045/1045/1045
f 1056/1056/1056 1055/1055/1055 1026/1026/1026
f 1042/1042/1042 1055/1055/1055 1067/1067/1067
f 1065/1065/1065 1054/1054/1054 1031/1031/1031
f 1054/1054/1054 1043/1043/1043 1044/1044/1044
f 1066/1066/1066 1045/1045/1045 1043/1043/1043
f 1036/1036/1036 1059/1059/1059 1053/1053/1053
f 1052/1052/1052 1032/1032/1032 1053/1053/1053
f 1052/1052/1052 1065/1065/1065 1031/1031/1031
f 1063/1063/1063 1051/1051/1051 1041/1041/1041
f 1062/1062/1062 1041/1041/1041 1040/1040/1040
f 1050/1050/1050 1039/1039/1039 1051/1051/1051
f 1023/1023/1023 1050/1050/1050 1049/1049/1049
f 1035/1035/1035 1049/1049/1049 1057/1057/1057
f 1038/1038/1038 1061/1061/1061 1040/1040/1040
f 1048/1048/1048 1060/1060/1060 1038/1038/1038
f 1057/1057/1057 1047/1047/1047 1037/1037/1037
f 1058/1058/1058 1027/1027/1027 1047/1047/1047
f 1059/1059/1059 1036/1036/1036 1046/1046/1046
f 1046/1046/1046 1027/1027/1027 1058/1058/1058
f 1057/1057/1057 1037/1037/1037 1035/1035/1035
f 1026/1026/1026 1045/1045/1045 1056/1056/1056
f 1055/1055/1055 1042/1042/1042 1026/1026/1026
f 1031/1031/1031 1054/1054/1054 1044/1044/1044
f 1017/1017/1017 1044/1044/1044 1043/1043/1043
f 1043/1043/1043 1045/1045/1045 1033/1033/1033
f 1053/1053/1053 1032/1032/1032 1036/1036/1036
f 1052/1052/1052 1031/1031/1031 1032/1032/1032
f 1051/1051/1051 1024/1024/1024 1041/1041/1041
f 1041/1041/1041 1030/1030/1030 1040/1040/1040
f 1051/1051/1051 1039/1039/1039 1024/1024/1024
f 1039/1039/1039 1050/1050/1050 1023/1023/1023
f 1023/1023/1023 1049/1049/1049 1035/1035/1035
f 1022/1022/1022 1040/1040/1040 1015/1015/1015
f 1040/1040/1040 1022/1022/1022 1038/1038/1038
f 1047/1047/1047 1027/1027/1027 1037/1037/1037
f 1046/1046/1046 1036/1036/1036 1027/1027/1027
f 1035/1035/1035 1037/1037/1037 1020/1020/1020
f 1026/1026/1026 1033/1033/1033 1045/1045/1045
f 1026/1026/1026 1042/1042/1042 1034/1034/1034
f 1031/1031/1031 1044/1044/1044 1017/1017/1017
f 1043/1043/1043 1033/1033/1033 1017/1017/1017
f 1021/1021/1021 1036/1036/1036 1032/1032/1032
f 1032/1032/1032 1031/1031/1031 1016/1016/1016
f 1041/1041/1041 1024/1024/1024 1030/1030/1030
f 1040/1040/1040 1030/1030/1030 1015/1015/1015
f 1039/1039/1039 1023/1023/1023 1024/1024/1024
f 1012/1012/1012 1029/1029/1029 1035/1035/1035
f 1029/1029/1029 1023/1023/1023 1035/1035/1035
f 1015/1015/1015 1028/1028/1028 1022/1022/1022
f 1020/1020/1020 1037/1037/1037 1027/1027/1027
f 1036/1036/1036 1021/1021/1021 1027/1027/1027
f 1035/1035/1035 1020/1020/1020 1012/1012/1012
f 1033/1033/1033 1019/1019/1019 1025/1025/1025
f 1033/1033/1033 1026/1026/1026 1019/1019/1019
f 1026/1026/1026 1034/1034/1034 1010/1010/1010
f 1031/1031/1031 1017/1017/1017 1018/1018/1018
f 1025/1025/1025 1017/1017/1017 1033/1033/1033
f 1032/1032/1032 1016/1016/1016 1021/1021/1021
f 1031/1031/1031 1018/1018/1018 1016/1016/1016
f 1024/1024/1024 1015/1015/1015 1030/1030/1030
f 1024/1024/1024 1023/1023/1023 1008/1008/1008
f 1023/1023/1023 1029/1029/1029 1012/1012/1012
f 1028/1028/1028 1015/1015/1015 1014/1014/1014
f 1028/1028/1028 1014/1014/1014 1022/1022/1022
f 1027/1027/1027 1013/1013/1013 1020/1020/1020
f 1027/1027/1027 1021/1021/1021 1013/1013/1013
f 1020/1020/1020 1011/1011/1011 1012/1012/1012
f 1025/1025/1025 1019/1019/1019 1002/1002/1002
f 1010/1010/1010 1019/1019/1019 1026/1026/1026
f 1018/1018/1018 1017/1017/1017 1009/1009/1009
f 1017/1017/1017 1025/1025/1025 1002/1002/1002
f 1006/1006/1006 1021/1021/1021 1016/1016/1016
f 1016/1016/1016 1018/1018/1018 1004/1004/1004
f 1024/1024/1024 1008/1008/1008 1015/1015/1015
f 1023/1023/1023 1012/1012/1012 1008/1008/1008
f 1013/1013/1013 1003/1003/1003 1020/1020/1020
f 1021/1021/1021 1006/1006/1006 1013/1013/1013
f 1011/1011/1011 1005/1005/1005 1012/1012/1012
f 1020/1020/1020 1003/1003/1003 1011/1011/1011
f 1019/1019/1019 1010/1010/1010 1002/1002/1002
f 1018/1018/1018 1009/1009/1009 1004/1004/1004
f 1002/1002/1002 1009/1009/1009 1017/1017/1017
f 1016/1016/1016 1004/1004/1004 1006/1006/1006
f 1003/1003/1003 1013/1013/1013 1006/1006/1006
f 1009/1009/1009 1002/1002/1002 1004/1004/1004
f 998/998/998 1000/1000/1000 1001/1001/1001
f 1001/1001/1001 1000/1000/1000 995/995/995
f 1/1/1 2/2/2 3/3/3
f 3/3/3 2/2/2 4/4/4
f 3/3/3 5/5/5 1/1/1
f 4/4/4 2/2/2 6/6/6
f 4/4/4 7/7/7 3/3/3
f 3/3/3 8/8/8 5/5/5
f 4/4/4 6/6/6 9/9/9
f 7/7/7 4/4/4 9/9/9
f 8/8/8 3/3/3 7/7/7
f 5/5/5 8/8/8 10/10/10
f 6/6/6 11/11/11 9/9/9
f 7/7/7 9/9/9 12/12/12
f 8/8/8 7/7/7 12/12/12
f 10/10/10 8/8/8 13/13/13
f 14/14/14 5/5/5 10/10/10
f 15/15/15 11/11/11 6/6/6
f 16/16/16 9/9/9 11/11/11
f 12/12/12 9/9/9 16/16/16
f 13/13/13 8/8/8 12/12/12
f 10/10/10 13/13/13 17/17/17
f 18/18/18 5/5/5 14/14/14
f 19/19/19 14/14/14 10/10/10
f 20/20/20 15/15/15 6/6/6
f 15/15/15 21/21/21 11/11/11
f 21/21/21 16/16/16 11/11/11
f 12/12/12 16/16/16 22/22/22
f 13/13/13 12/12/12 23/23/23
f 24/24/24 10/10/10 17/17/17
f 17/17/17 13/13/13 23/23/23
f 25/25/25 18/18/18 14/14/14
f 14/14/14 19/19/19 26/26/26
f 10/10/10 24/24/24 19/19/19
f 27/27/27 15/15/15 20/20/20
f 21/21/21 15/15/15 28/28/28
f 22/22/22 16/16/16 21/21/21
f 23/23/23 12/12/12 22/22/22
f 17/17/17 29/29/29 24/24/24
f 17/17/17 23/23/23 30/30/30
f 14/14/14 26/26/26 25/25/25
f 31/31/31 26/26/26 19/19/19
f 32/32/32 19/19/19 24/24/24
f 28/28/28 15/15/15 27/27/27
f 27/27/27 20/20/20 33/33/33
f 21/21/21 28/28/28 27/27/27
f 22/22/22 21/21/21 34/34/34
f 23/23/23 22/22/22 35/35/35
f 29/29/29 17/17/17 30/30/30
f 36/36/36 24/24/24 29/29/29
f 30/30/30 23/23/23 35/35/35
f 31/31/31 25/25/25 26/26/26
f 19/19/19 32/32/32 31/31/31
f 36/36/36 32/32/32 24/24/24
f 34/34/34 27/27/27 33/33/33
f 27/27/27 34/34/34 21/21/21
f 34/34/34 35/35/35 22/22/22
f 30/30/30 37/37/37 29/29/29
f 38/38/38 36/36/36 29/29/29
f 30/30/30 35/35/35 39/39/39
f 32/32/32 36/36/36 31/31/31
f 33/33/33 40/40/40 34/34/34
f 35/35/35 34/34/34 40/40/40
f 37/37/37 30/30/30 41/41/41
f 42/42/42 29/29/29 37/37/37
f 36/36/36 38/38/38 43/43/43
f 38/38/38 29/29/29 44/44/44
f 39/39/39 35/35/35 40/40/40
f 45/45/45 30/30/30 39/39/39
f 46/46/46 31/31/31 36/36/36
f 40/40/40 33/33/33 47/47/47
f 41/41/41 30/30/30 45/45/45
f 42/42/42 37/37/37 41/41/41
f 44/44/44 29/29/29 42/42/42
f 36/36/36 43/43/43 46/46/46
f 48/48/48 43/43/43 38/38/38
f 48/48/48 38/38/38 44/44/44
f 39/39/39 40/40/40 49/49/49
f 50/50/50 45/45/45 39/39/39
f 51/51/51 40/40/40 47/47/47
f 45/45/45 50/50/50 41/41/41
f 44/44/44 42/42/42 41/41/41
f 46/46/46 43/43/43 48/48/48
f 52/52/52 48/48/48 44/44/44
f 49/49/49 40/40/40 51/51/51
f 39/39/39 49/49/49 53/53/53
f 39/39/39 54/54/54 50/50/50
f 51/51/51 47/47/47 55/55/55
f 56/56/56 41/41/41 50/50/50
f 41/41/41 56/56/56 44/44/44
f 52/52/52 44/44/44 57/57/57
f 49/49/49 51/51/51 55/55/55
f 58/58/58 53/53/53 49/49/49
f 53/53/53 59/59/59 39/39/39
f 54/54/54 39/39/39 59/59/59
f 54/54/54 60/60/60 50/50/50
f 55/55/55 47/47/47 61/61/61
f 57/57/57 56/56/56 50/50/50
f 56/56/56 57/57/57 44/44/44
f 55/55/55 58/58/58 49/49/49
f 58/58/58 62/62/62 53/53/53
f 59/59/59 53/53/53 62/62/62
f 60/60/60 54/54/54 59/59/59
f 60/60/60 63/63/63 50/50/50
f 58/58/58 55/55/55 61/61/61
f 50/50/50 63/63/63 57/57/57
f 62/62/62 58/58/58 64/64/64
f 62/62/62 65/65/65 59/59/59
f 63/63/63 60/60/60 59/59/59
f 61/61/61 66/66/66 58/58/58
f 64/64/64 58/58/58 67/67/67
f 62/62/62 64/64/64 68/68/68
f 65/65/65 62/62/62 69/69/69
f 70/70/70 59/59/59 65/65/65
f 59/59/59 70/70/70 63/63/63
f 66/66/66 67/67/67 58/58/58
f 66/66/66 61/61/61 71/71/71
f 64/64/64 67/67/67 68/68/68
f 68/68/68 72/72/72 62/62/62
f 73/73/73 65/65/65 69/69/69
f 69/69/69 62/62/62 72/72/72
f 65/65/65 74/74/74 70/70/70
f 67/67/67 66/66/66 71/71/71
f 75/75/75 71/71/71 61/61/61
f 71/71/71 68/68/68 67/67/67
f 68/68/68 76/76/76 72/72/72
f 74/74/74 65/65/65 73/73/73
f 73/73/73 69/69/69 77/77/77
f 77/77/77 69/69/69 72/72/72
f 75/75/75 78/78/78 71/71/71
f 68/68/68 71/71/71 78/78/78
f 76/76/76 68/68/68 79/79/79
f 77/77/77 72/72/72 76/76/76
f 74/74/74 73/73/73 80/80/80
f 80/80/80 73/73/73 77/77/77
f 78/78/78 75/75/75 81/81/81
f 68/68/68 78/78/78 82/82/82
f 79/79/79 68/68/68 82/82/82
f 83/83/83 76/76/76 79/79/79
f 77/77/77 76/76/76 83/83/83
f 80/80/80 77/77/77 83/83/83
f 82/82/82 78/78/78 81/81/81
f 79/79/79 82/82/82 84/84/84
f 83/83/83 79/79/79 85/85/85
f 86/86/86 80/80/80 83/83/83
f 82/82/82 81/81/81 87/87/87
f 84/84/84 82/82/82 88/88/88
f 84/84/84 89/89/89 79/79/79
f 89/89/89 85/85/85 79/79/79
f 85/85/85 90/90/90 83/83/83
f 91/91/91 80/80/80 86/86/86
f 90/90/90 86/86/86 83/83/83
f 87/87/87 81/81/81 92/92/92
f 87/87/87 93/93/93 82/82/82
f 88/88/88 82/82/82 93/93/93
f 84/84/84 88/88/88 93/93/93
f 93/93/93 89/89/89 84/84/84
f 94/94/94 85/85/85 89/89/89
f 85/85/85 94/94/94 90/90/90
f 86/86/86 95/95/95 91/91/91
f 86/86/86 90/90/90 94/94/94
f 96/96/96 87/87/87 92/92/92
f 87/87/87 96/96/96 93/93/93
f 89/89/89 93/93/93 97/97/97
f 94/94/94 89/89/89 98/98/98
f 86/86/86 99/99/99 95/95/95
f 95/95/95 100/100/100 91/91/91
f 94/94/94 101/101/101 86/86/86
f 96/96/96 102/102/102 93/93/93
f 103/103/103 89/89/89 97/97/97
f 104/104/104 97/97/97 93/93/93
f 98/98/98 89/89/89 103/103/103
f 98/98/98 105/105/105 94/94/94
f 99/99/99 86/86/86 106/106/106
f 95/95/95 99/99/99 107/107/107
f 91/91/91 100/100/100 108/108/108
f 95/95/95 109/109/109 100/100/100
f 101/101/101 94/94/94 105/105/105
f 101/101/101 106/106/106 86/86/86
f 102/102/102 96/96/96 104/104/104
f 93/93/93 102/102/102 104/104/104
f 103/103/103 97/97/97 110/110/110
f 97/97/97 104/104/104 111/111/111
f 98/98/98 103/103/103 112/112/112
f 105/105/105 98/98/98 113/113/113
f 99/99/99 106/106/106 114/114/114
f 107/107/107 99/99/99 115/115/115
f 116/116/116 95/95/95 107/107/107
f 117/117/117 108/108/108 100/100/100
f 116/116/116 109/109/109 95/95/95
f 117/117/117 100/100/100 109/109/109
f 101/101/101 105/105/105 114/114/114
f 106/106/106 101/101/101 114/114/114
f 104/104/104 96/96/96 118/118/118
f 110/110/110 97/97/97 111/111/111
f 110/110/110 112/112/112 103/103/103
f 119/119/119 111/111/111 104/104/104
f 113/113/113 98/98/98 112/112/112
f 114/114/114 105/105/105 113/113/113
f 114/114/114 115/115/115 99/99/99
f 120/120/120 107/107/107 115/115/115
f 116/116/116 107/107/107 121/121/121
f 122/122/122 108/108/108 117/117/117
f 123/123/123 109/109/109 116/116/116
f 124/124/124 117/117/117 109/109/109
f 104/104/104 118/118/118 119/119/119
f 111/111/111 125/125/125 110/110/110
f 112/112/112 110/110/110 125/125/125
f 111/111/111 119/119/119 126/126/126
f 113/113/113 112/112/112 127/127/127
f 128/128/128 114/114/114 113/113/113
f 114/114/114 129/129/129 115/115/115
f 120/120/120 115/115/115 121/121/121
f 121/121/121 107/107/107 120/120/120
f 130/130/130 116/116/116 121/121/121
f 117/117/117 124/124/124 122/122/122
f 116/116/116 131/131/131 123/123/123
f 109/109/109 123/123/123 124/124/124
f 119/119/119 118/118/118 132/132/132
f 125/125/125 111/111/111 133/133/133
f 125/125/125 134/134/134 112/112/112
f 119/119/119 132/132/132 126/126/126
f 126/126/126 135/135/135 111/111/111
f 127/127/127 112/112/112 136/136/136
f 137/137/137 113/113/113 127/127/127
f 129/129/129 114/114/114 128/128/128
f 137/137/137 128/128/128 113/113/113
f 121/121/121 115/115/115 129/129/129
f 138/138/138 130/130/130 121/121/121
f 131/131/131 116/116/116 130/130/130
f 139/139/139 122/122/122 124/124/124
f 140/140/140 123/123/123 131/131/131
f 139/139/139 124/124/124 123/123/123
f 132/132/132 118/118/118 141/141/141
f 135/135/135 133/133/133 111/111/111
f 142/142/142 125/125/125 133/133/133
f 125/125/125 142/142/142 134/134/134
f 134/134/134 136/136/136 112/112/112
f 126/126/126 132/132/132 143/143/143
f 144/144/144 135/135/135 126/126/126
f 127/127/127 136/136/136 145/145/145
f 137/137/137 127/127/127 145/145/145
f 129/129/129 128/128/128 146/146/146
f 145/145/145 128/128/128 137/137/137
f 129/129/129 138/138/138 121/121/121
f 147/147/147 130/130/130 138/138/138
f 130/130/130 148/148/148 131/131/131
f 140/140/140 139/139/139 123/123/123
f 149/149/149 140/140/140 131/131/131
f 143/143/143 132/132/132 141/141/141
f 150/150/150 133/133/133 135/135/135
f 133/133/133 150/150/150 142/142/142
f 134/134/134 142/142/142 151/151/151
f 136/136/136 134/134/134 145/145/145
f 152/152/152 126/126/126 143/143/143
f 144/144/144 150/150/150 135/135/135
f 152/152/152 144/144/144 126/126/126
f 146/146/146 153/153/153 129/129/129
f 146/146/146 128/128/128 145/145/145
f 138/138/138 129/129/129 154/154/154
f 155/155/155 130/130/130 147/147/147
f 147/147/147 138/138/138 154/154/154
f 156/156/156 148/148/148 130/130/130
f 148/148/148 149/149/149 131/131/131
f 157/157/157 139/139/139 140/140/140
f 157/157/157 140/140/140 149/149/149
f 143/143/143 141/141/141 152/152/152
f 158/158/158 142/142/142 150/150/150
f 151/151/151 142/142/142 158/158/158
f 145/145/145 134/134/134 151/151/151
f 159/159/159 150/150/150 144/144/144
f 159/159/159 144/144/144 152/152/152
f 154/154/154 153/153/153 146/146/146
f 154/154/154 129/129/129 153/153/153
f 146/146/146 145/145/145 160/160/160
f 156/156/156 130/130/130 155/155/155
f 155/155/155 147/147/147 154/154/154
f 156/156/156 149/149/149 148/148/148
f 161/161/161 152/152/152 141/141/141
f 158/158/158 150/150/150 162/162/162
f 151/151/151 158/158/158 163/163/163
f 151/151/151 164/164/164 145/145/145
f 150/150/150 159/159/159 165/165/165
f 159/159/159 152/152/152 166/166/166
f 146/146/146 167/167/167 154/154/154
f 160/160/160 145/145/145 164/164/164
f 146/146/146 160/160/160 167/167/167
f 168/168/168 156/156/156 155/155/155
f 154/154/154 169/169/169 155/155/155
f 168/168/168 149/149/149 156/156/156
f 166/166/166 152/152/152 161/161/161
f 162/162/162 150/150/150 165/165/165
f 163/163/163 158/158/158 162/162/162
f 163/163/163 170/170/170 151/151/151
f 164/164/164 151/151/151 171/171/171
f 165/165/165 159/159/159 172/172/172
f 159/159/159 166/166/166 173/173/173
f 167/167/167 174/174/174 154/154/154
f 175/175/175 160/160/160 164/164/164
f 167/167/167 160/160/160 175/175/175
f 169/169/169 168/168/168 155/155/155
f 176/176/176 169/169/169 154/154/154
f 177/177/177 162/162/162 165/165/165
f 162/162/162 178/178/178 163/163/163
f 171/171/171 151/151/151 170/170/170
f 170/170/170 163/163/163 179/179/179
f 171/171/171 180/180/180 164/164/164
f 165/165/165 172/172/172 181/181/181
f 182/182/182 172/172/172 159/159/159
f 173/173/173 182/182/182 159/159/159
f 183/183/183 174/174/174 167/167/167
f 176/176/176 154/154/154 174/174/174
f 164/164/164 180/180/180 175/175/175
f 167/167/167 175/175/175 184/184/184
f 169/169/169 185/185/185 168/168/168
f 186/186/186 169/169/169 176/176/176
f 177/177/177 178/178/178 162/162/162
f 177/177/177 165/165/165 181/181/181
f 163/163/163 178/178/178 187/187/187
f 171/171/171 170/170/170 179/179/179
f 179/179/179 163/163/163 188/188/188
f 180/180/180 171/171/171 179/179/179
f 181/181/181 172/172/172 189/189/189
f 172/172/172 182/182/182 189/189/189
f 182/182/182 173/173/173 190/190/190
f 174/174/174 183/183/183 191/191/191
f 167/167/167 192/192/192 183/183/183
f 174/174/174 186/186/186 176/176/176
f 175/175/175 180/180/180 184/184/184
f 184/184/184 192/192/192 167/167/167
f 193/193/193 185/185/185 169/169/169
f 185/185/185 194/194/194 168/168/168
f 195/195/195 169/169/169 186/186/186
f 196/196/196 178/178/178 177/177/177
f 177/177/177 181/181/181 197/197/197
f 187/187/187 178/178/178 196/196/196
f 187/187/187 188/188/188 163/163/163
f 198/198/198 179/179/179 188/188/188
f 179/179/179 199/199/199 180/180/180
f 189/189/189 200/200/200 181/181/181
f 201/201/201 189/189/189 182/182/182
f 190/190/190 201/201/201 182/182/182
f 191/191/191 186/186/186 174/174/174
f 191/191/191 183/183/183 202/202/202
f 183/183/183 192/192/192 202/202/202
f 203/203/203 184/184/184 180/180/180
f 184/184/184 203/203/203 192/192/192
f 194/194/194 185/185/185 193/193/193
f 193/193/193 169/169/169 195/195/195
f 186/186/186 191/191/191 195/195/195
f 204/204/204 196/196/196 177/177/177
f 181/181/181 200/200/200 197/197/197
f 197/197/197 204/204/204 177/177/177
f 187/187/187 196/196/196 205/205/205
f 206/206/206 188/188/188 187/187/187
f 179/179/179 198/198/198 207/207/207
f 188/188/188 208/208/208 198/198/198
f 179/179/179 209/209/209 199/199/199
f 180/180/180 199/199/199 203/203/203
f 201/201/201 200/200/200 189/189/189
f 210/210/210 201/201/201 190/190/190
f 202/202/202 211/211/211 191/191/191
f 192/192/192 212/212/212 202/202/202
f 192/192/192 203/203/203 213/213/213
f 193/193/193 214/214/214 194/194/194
f 195/195/195 214/214/214 193/193/193
f 195/195/195 191/191/191 211/211/211
f 196/196/196 204/204/204 215/215/215
f 197/197/197 200/200/200 216/216/216
f 204/204/204 197/197/197 215/215/215
f 215/215/215 205/205/205 196/196/196
f 205/205/205 206/206/206 187/187/187
f 206/206/206 208/208/208 188/188/188
f 207/207/207 217/217/217 179/179/179
f 208/208/208 207/207/207 198/198/198
f 217/217/217 209/209/209 179/179/179
f 199/199/199 209/209/209 218/218/218
f 213/213/213 203/203/203 199/199/199
f 200/200/200 201/201/201 219/219/219
f 210/210/210 219/219/219 201/201/201
f 220/220/220 211/211/211 202/202/202
f 202/202/202 212/212/212 221/221/221
f 192/192/192 213/213/213 212/212/212
f 222/222/222 194/194/194 214/214/214
f 214/214/214 195/195/195 223/223/223
f 211/211/211 224/224/224 195/195/195
f 216/216/216 200/200/200 219/219/219
f 216/216/216 225/225/225 197/197/197
f 215/215/215 197/197/197 225/225/225
f 226/226/226 205/205/205 215/215/215
f 206/206/206 205/205/205 227/227/227
f 227/227/227 208/208/208 206/206/206
f 228/228/228 217/217/217 207/207/207
f 207/207/207 208/208/208 228/228/228
f 217/217/217 229/229/229 209/209/209
f 218/218/218 213/213/213 199/199/199
f 218/218/218 209/209/209 230/230/230
f 231/231/231 219/219/219 210/210/210
f 232/232/232 211/211/211 220/220/220
f 202/202/202 221/221/221 220/220/220
f 213/213/213 221/221/221 212/212/212
f 223/223/223 222/222/222 214/214/214
f 223/223/223 195/195/195 224/224/224
f 224/224/224 211/211/211 233/233/233
f 231/231/231 216/216/216 219/219/219
f 234/234/234 225/225/225 216/216/216
f 225/225/225 234/234/234 215/215/215
f 234/234/234 226/226/226 215/215/215
f 226/226/226 235/235/235 205/205/205
f 235/235/235 227/227/227 205/205/205
f 236/236/236 208/208/208 227/227/227
f 217/217/217 228/228/228 237/237/237
f 236/236/236 228/228/228 208/208/208
f 229/229/229 217/217/217 238/238/238
f 229/229/229 230/230/230 209/209/209
f 218/218/218 239/239/239 213/213/213
f 230/230/230 240/240/240 218/218/218
f 241/241/241 231/231/231 210/210/210
f 232/232/232 242/242/242 211/211/211
f 243/243/243 232/232/232 220/220/220
f 220/220/220 221/221/221 243/243/243
f 239/239/239 221/221/221 213/213/213
f 222/222/222 223/223/223 244/244/244
f 224/224/224 245/245/245 223/223/223
f 233/233/233 246/246/246 224/224/224
f 233/233/233 211/211/211 242/242/242
f 231/231/231 234/234/234 216/216/216
f 235/235/235 226/226/226 234/234/234
f 236/236/236 227/227/227 235/235/235
f 247/247/247 237/237/237 228/228/228
f 237/237/237 248/248/248 217/217/217
f 247/247/247 228/228/228 236/236/236
f 248/248/248 238/238/238 217/217/217
f 238/238/238 249/249/249 229/229/229
f 230/230/230 229/229/229 249/249/249
f 240/240/240 239/239/239 218/218/218
f 240/240/240 230/230/230 249/249/249
f 231/231/231 241/241/241 250/250/250
f 242/242/242 232/232/232 251/251/251
f 243/243/243 251/251/251 232/232/232
f 252/252/252 243/243/243 221/221/221
f 239/239/239 252/252/252 221/221/221
f 223/223/223 245/245/245 244/244/244
f 245/245/245 224/224/224 246/246/246
f 253/253/253 246/246/246 233/233/233
f 242/242/242 253/253/253 233/233/233
f 231/231/231 250/250/250 234/234/234
f 234/234/234 254/254/254 235/235/235
f 235/235/235 255/255/255 236/236/236
f 237/237/237 247/247/247 256/256/256
f 248/248/248 237/237/237 257/257/257
f 258/258/258 247/247/247 236/236/236
f 238/238/238 248/248/248 259/259/259
f 249/249/249 238/238/238 259/259/259
f 252/252/252 239/239/239 240/240/240
f 240/240/240 249/249/249 260/260/260
f 251/251/251 261/261/261 242/242/242
f 251/251/251 243/243/243 262/262/262
f 243/243/243 252/252/252 263/263/263
f 246/246/246 264/264/264 245/245/245
f 265/265/265 246/246/246 253/253/253
f 253/253/253 242/242/242 261/261/261
f 250/250/250 266/266/266 234/234/234
f 266/266/266 254/254/254 234/234/234
f 254/254/254 255/255/255 235/235/235
f 236/236/236 255/255/255 267/267/267
f 258/258/258 256/256/256 247/247/247
f 256/256/256 257/257/257 237/237/237
f 259/259/259 248/248/248 257/257/257
f 267/267/267 258/258/258 236/236/236
f 260/260/260 249/249/249 259/259/259
f 240/240/240 263/263/263 252/252/252
f 260/260/260 268/268/268 240/240/240
f 261/261/261 251/251/251 262/262/262
f 262/262/262 243/243/243 263/263/263
f 246/246/246 265/265/265 264/264/264
f 253/253/253 269/269/269 265/265/265
f 253/253/253 261/261/261 262/262/262
f 270/270/270 266/266/266 250/250/250
f 266/266/266 271/271/271 254/254/254
f 271/271/271 255/255/255 254/254/254
f 255/255/255 271/271/271 267/267/267
f 256/256/256 258/258/258 272/272/272
f 256/256/256 273/273/273 257/257/257
f 259/259/259 257/257/257 273/273/273
f 258/258/258 267/267/267 272/272/272
f 274/274/274 260/260/260 259/259/259
f 263/263/263 240/240/240 275/275/275
f 268/268/268 260/260/260 274/274/274
f 275/275/275 240/240/240 268/268/268
f 262/262/262 263/263/263 276/276/276
f 265/265/265 277/277/277 264/264/264
f 277/277/277 265/265/265 269/269/269
f 996/996/996 1000/1000/1000 998/998/998
f 1000/1000/1000 996/996/996 995/995/995
f 270/270/270 271/271/271 266/266/266
f 267/267/267 271/271/271 278/278/278
f 256/256/256 272/272/272 279/279/279
f 273/273/273 256/256/256 280/280/280
f 273/273/273 281/281/281 259/259/259
f 282/282/282 272/272/272 267/267/267
f 274/274/274 259/259/259 283/283/283
f 276/276/276 263/263/263 275/275/275
f 999/999/999 995/995/995 997/997/997
f 997/997/997 994/994/994 999/999/999
f 276/276/276 284/284/284 262/262/262
f 269/269/269 285/285/285 277/277/277
f 996/996/996 998/998/998 987/987/987
f 996/996/996 993/993/993 995/995/995
f 992/992/992 997/997/997 995/995/995
f 271/271/271 270/270/270 278/278/278
f 267/267/267 278/278/278 282/282/282
f 287/287/287 279/279/279 272/272/272
f 279/279/279 288/288/288 256/256/256
f 280/280/280 256/256/256 288/288/288
f 283/283/283 273/273/273 280/280/280
f 281/281/281 273/273/273 283/283/283
f 259/259/259 281/281/281 283/283/283
f 272/272/272 282/282/282 287/287/287
f 997/997/997 992/992/992 994/994/994
f 275/275/275 289/289/289 276/276/276
f 993/993/993 996/996/996 987/987/987
f 993/993/993 992/992/992 995/995/995
f 284/284/284 276/276/276 289/289/289
f 994/994/994 992/992/992 991/991/991
f 290/290/290 277/277/277 285/285/285
f 285/285/285 269/269/269 286/286/286
f 991/991/991 990/990/990 994/994/994
f 992/992/992 993/993/993 987/987/987
f 989/989/989 991/991/991 992/992/992
f 291/291/291 278/278/278 270/270/270
f 292/292/292 282/282/282 278/278/278
f 279/279/279 287/287/287 293/293/293
f 279/279/279 294/294/294 288/288/288
f 990/990/990 991/991/991 982/982/982
f 280/280/280 295/295/295 283/283/283
f 296/296/296 287/287/287 282/282/282
f 992/992/992 987/987/987 989/989/989
f 989/989/989 982/982/982 991/991/991
f 982/982/982 988/988/988 990/990/990
f 989/989/989 987/987/987 982/982/982
f 978/978/978 985/985/985 988/988/988
f 982/982/982 978/978/978 988/988/988
f 277/277/277 290/290/290 297/297/297
f 982/982/982 987/987/987 983/983/983
f 286/286/286 298/298/298 285/285/285
f 978/978/978 980/980/980 985/985/985
f 984/984/984 978/978/978 982/982/982
f 983/983/983 977/977/977 982/982/982
f 974/974/974 984/984/984 982/982/982
f 278/278/278 291/291/291 292/292/292
f 282/282/282 292/292/292 296/296/296
f 293/293/293 287/287/287 299/299/299
f 279/279/279 293/293/293 300/300/300
f 294/294/294 279/279/279 301/301/301
f 288/288/288 294/294/294 301/301/301
f 981/981/981 973/973/973 986/986/986
f 976/976/976 981/981/981 985/985/985
f 287/287/287 296/296/296 302/302/302
f 985/985/985 980/980/980 976/976/976
f 980/980/980 978/978/978 970/970/970
f 984/984/984 974/974/974 978/978/978
f 977/977/977 983/983/983 972/972/972
f 977/977/977 974/974/974 982/982/982
f 303/303/303 297/297/297 290/290/290
f 981/981/981 976/976/976 973/973/973
f 970/970/970 976/976/976 980/980/980
f 979/979/979 975/975/975 971/971/971
f 974/974/974 970/970/970 978/978/978
f 974/974/974 977/977/977 972/972/972
f 976/976/976 970/970/970 973/973/973
f 973/973/973 971/971/971 975/975/975
f 304/304/304 299/299/299 287/287/287
f 293/293/293 299/299/299 300/300/300
f 301/301/301 279/279/279 300/300/300
f 974/974/974 972/972/972 970/970/970
f 970/970/970 969/969/969 973/973/973
f 305/305/305 302/302/302 296/296/296
f 287/287/287 302/302/302 306/306/306
f 969/969/969 971/971/971 973/973/973
f 972/972/972 968/968/968 970/970/970
f 967/967/967 969/969/969 970/970/970
f 966/966/966 971/971/971 969/969/969
f 970/970/970 968/968/968 967/967/967
f 969/969/969 967/967/967 966/966/966
f 307/307/307 297/297/297 303/303/303
f 968/968/968 959/959/959 967/967/967
f 967/967/967 965/965/965 966/966/966
f 965/965/965 962/962/962 966/966/966
f 967/967/967 959/959/959 965/965/965
f 966/966/966 962/962/962 964/964/964
f 965/965/965 959/959/959 962/962/962
f 964/964/964 962/962/962 958/958/958
f 961/961/961 963/963/963 957/957/957
f 299/299/299 304/304/304 309/309/309
f 304/304/304 287/287/287 309/309/309
f 309/309/309 300/300/300 299/299/299
f 310/310/310 301/301/301 300/300/300
f 960/960/960 961/961/961 954/954/954
f 959/959/959 953/953/953 962/962/962
f 962/962/962 953/953/953 958/958/958
f 302/302/302 305/305/305 306/306/306
f 306/306/306 309/309/309 287/287/287
f 954/954/954 961/961/961 957/957/957
f 956/956/956 960/960/960 954/954/954
f 956/956/956 953/953/953 959/959/959
f 955/955/955 958/958/958 953/953/953
f 955/955/955 954/954/954 957/957/957
f 297/297/297 307/307/307 311/311/311
f 303/303/303 308/308/308 307/307/307
f 953/953/953 956/956/956 954/954/954
f 953/953/953 954/954/954 955/955/955
f 951/951/951 952/952/952 947/947/947
f 951/951/951 947/947/947 949/949/949
f 950/950/950 949/949/949 948/948/948
f 948/948/948 949/949/949 947/947/947
f 947/947/947 944/944/944 948/948/948
f 947/947/947 946/946/946 945/945/945
f 300/300/300 309/309/309 312/312/312
f 301/301/301 310/310/310 312/312/312
f 310/310/310 300/300/300 312/312/312
f 947/947/947 945/945/945 944/944/944
f 946/946/946 941/941/941 945/945/945
f 942/942/942 944/944/944 945/945/945
f 942/942/942 945/945/945 943/943/943
f 309/309/309 306/306/306 312/312/312
f 945/945/945 941/941/941 943/943/943
f 944/944/944 942/942/942 940/940/940
f 943/943/943 937/937/937 942/942/942
f 937/937/937 943/943/943 941/941/941
f 940/940/940 942/942/942 938/938/938
f 942/942/942 937/937/937 938/938/938
f 313/313/313 311/311/311 307/307/307
f 941/941/941 936/936/936 937/937/937
f 935/935/935 940/940/940 938/938/938
f 940/940/940 935/935/935 934/934/934
f 937/937/937 931/931/931 938/938/938
f 936/936/936 933/933/933 937/937/937
f 938/938/938 932/932/932 935/935/935
f 930/930/930 939/939/939 934/934/934
f 928/928/928 934/934/934 935/935/935
f 938/938/938 931/931/931 932/932/932
f 937/937/937 933/933/933 931/931/931
f 936/936/936 929/929/929 933/933/933
f 935/935/935 932/932/932 928/928/928
f 934/934/934 928/928/928 930/930/930
f 932/932/932 931/931/931 925/925/925
f 926/926/926 931/931/931 933/933/933
f 933/933/933 929/929/929 926/926/926
f 932/932/932 925/925/925 928/928/928
f 928/928/928 922/922/922 930/930/930
f 931/931/931 926/926/926 925/925/925
f 930/930/930 922/922/922 927/927/927
f 928/928/928 925/925/925 922/922/922
f 921/921/921 925/925/925 926/926/926
f 922/922/922 924/924/924 927/927/927
f 926/926/926 923/923/923 921/921/921
f 925/925/925 921/921/921 922/922/922
f 918/918/918 924/924/924 922/922/922
f 923/923/923 920/920/920 921/921/921
f 922/922/922 921/921/921 918/918/918
f 921/921/921 920/920/920 919/919/919
f 921/921/921 919/919/919 918/918/918
f 920/920/920 916/916/916 919/919/919
f 918/918/918 919/919/919 915/915/915
f 919/919/919 916/916/916 915/915/915
f 918/918/918 915/915/915 917/917/917
f 916/916/916 914/914/914 915/915/915
f 917/917/917 915/915/915 913/913/913
f 916/916/916 912/912/912 914/914/914
f 911/911/911 915/915/915 914/914/914
f 915/915/915 911/911/911 913/913/913
f 910/910/910 914/914/914 912/912/912
f 914/914/914 910/910/910 911/911/911
f 911/911/911 908/908/908 913/913/913
f 908/908/908 911/911/911 910/910/910
f 908/908/908 910/910/910 909/909/909
f 906/906/906 899/899/899 905/905/905
f 907/907/907 904/904/904 896/896/896
f 901/901/901 904/904/904 902/902/902
f 907/907/907 896/896/896 900/900/900
f 900/900/900 903/903/903 907/907/907
f 898/898/898 897/897/897 906/906/906
f 906/906/906 897/897/897 899/899/899
f 899/899/899 891/891/891 905/905/905
f 902/902/902 905/905/905 891/891/891
f 901/901/901 896/896/896 904/904/904
f 890/890/890 901/901/901 902/902/902
f 900/900/900 896/896/896 895/895/895
f 903/903/903 900/900/900 894/894/894
f 898/898/898 886/886/886 897/897/897
f 897/897/897 887/887/887 899/899/899
f 899/899/899 893/893/893 891/891/891
f 891/891/891 890/890/890 902/902/902
f 890/890/890 896/896/896 901/901/901
f 889/889/889 895/895/895 896/896/896
f 895/895/895 888/888/888 900/900/900
f 895/895/895 889/889/889 882/882/882
f 894/894/894 900/900/900 888/888/888
f 887/887/887 893/893/893 899/899/899
f 886/886/886 898/898/898 892/892/892
f 886/886/886 887/887/887 897/897/897
f 891/891/891 893/893/893 879/879/879
f 891/891/891 884/884/884 890/890/890
f 890/890/890 878/878/878 896/896/896
f 878/878/878 889/889/889 896/896/896
f 889/889/889 883/883/883 882/882/882
f 888/888/888 895/895/895 882/882/882
f 888/888/888 881/881/881 894/894/894
f 887/887/887 879/879/879 893/893/893
f 892/892/892 875/875/875 886/886/886
f 886/886/886 877/877/877 887/887/887
f 875/875/875 892/892/892 885/885/885
f 884/884/884 891/891/891 879/879/879
f 884/884/884 878/878/878 890/890/890
f 878/878/878 883/883/883 889/889/889
f 882/882/882 883/883/883 867/867/867
f 882/882/882 874/874/874 888/888/888
f 888/888/888 874/874/874 881/881/881
f 879/879/879 887/887/887 877/877/877
f 885/885/885 880/880/880 876/876/876
f 877/877/877 886/886/886 875/875/875
f 885/885/885 876/876/876 875/875/875
f 879/879/879 868/868/868 884/884/884
f 868/868/868 878/878/878 884/884/884
f 883/883/883 878/878/878 867/867/867
f 867/867/867 874/874/874 882/882/882
f 874/874/874 864/864/864 881/881/881
f 877/877/877 871/871/871 879/879/879
f 880/880/880 870/870/870 876/876/876
f 875/875/875 862/862/862 877/877/877
f 869/869/869 875/875/875 876/876/876
f 696/696/696 870/870/870 880/880/880
f 871/871/871 868/868/868 879/879/879
f 878/878/878 868/868/868 867/867/867
f 867/867/867 859/859/859 874/874/874
f 864/864/864 874/874/874 865/865/865
f 865/865/865 873/873/873 864/864/864
f 862/862/862 871/871/871 877/877/877
f 876/876/876 870/870/870 854/854/854
f 869/869/869 876/876/876 854/854/854
f 875/875/875 869/869/869 862/862/862
f 870/870/870 696/696/696 861/861/861
f 868/868/868 871/871/871 855/855/855
f 867/867/867 868/868/868 852/852/852
f 860/860/860 866/866/866 867/867/867
f 866/866/866 859/859/859 867/867/867
f 840/840/840 873/873/873 865/865/865
f 859/859/859 865/865/865 874/874/874
f 873/873/873 840/840/840 864/864/864
f 858/858/858 872/872/872 864/864/864
f 863/863/863 857/857/857 856/856/856
f 858/858/858 856/856/856 872/872/872
f 871/871/871 862/862/862 855/855/855
f 854/854/854 870/870/870 861/861/861
f 869/869/869 854/854/854 862/862/862
f 696/696/696 692/692/692 861/861/861
f 855/855/855 853/853/853 868/868/868
f 868/868/868 853/853/853 852/852/852
f 866/866/866 860/860/860 841/841/841
f 852/852/852 860/860/860 867/867/867
f 859/859/859 866/866/866 841/841/841
f 859/859/859 840/840/840 865/865/865
f 864/864/864 840/840/840 858/858/858
f 838/838/838 857/857/857 863/863/863
f 838/838/838 863/863/863 856/856/856
f 851/851/851 856/856/856 858/858/858
f 855/855/855 862/862/862 844/844/844
f 861/861/861 843/843/843 854/854/854
f 854/854/854 844/844/844 862/862/862
f 843/843/843 861/861/861 692/692/692
f 853/853/853 855/855/855 848/848/848
f 852/852/852 853/853/853 842/842/842
f 852/852/852 841/841/841 860/860/860
f 841/841/841 840/840/840 859/859/859
f 858/858/858 840/840/840 851/851/851
f 838/838/838 850/850/850 857/857/857
f 851/851/851 838/838/838 856/856/856
f 849/849/849 692/692/692 693/693/693
f 844/844/844 848/848/848 855/855/855
f 844/844/844 854/854/854 843/843/843
f 692/692/692 849/849/849 843/843/843
f 848/848/848 842/842/842 853/853/853
f 842/842/842 841/841/841 852/852/852
f 840/840/840 841/841/841 847/847/847
f 851/851/851 840/840/840 839/839/839
f 845/845/845 850/850/850 838/838/838
f 839/839/839 838/838/838 851/851/851
f 850/850/850 837/837/837 846/846/846
f 850/850/850 845/845/845 837/837/837
f 697/697/697 834/834/834 693/693/693
f 826/826/826 849/849/849 693/693/693
f 835/835/835 693/693/693 834/834/834
f 844/844/844 818/818/818 848/848/848
f 843/843/843 833/833/833 844/844/844
f 849/849/849 826/826/826 843/843/843
f 848/848/848 818/818/818 842/842/842
f 842/842/842 825/825/825 841/841/841
f 831/831/831 847/847/847 841/841/841
f 847/847/847 831/831/831 840/840/840
f 839/839/839 840/840/840 824/824/824
f 838/838/838 829/829/829 845/845/845
f 838/838/838 839/839/839 823/823/823
f 822/822/822 846/846/846 837/837/837
f 845/845/845 829/829/829 837/837/837
f 697/697/697 827/827/827 834/834/834
f 693/693/693 835/835/835 826/826/826
f 834/834/834 819/819/819 835/835/835
f 818/818/818 844/844/844 833/833/833
f 843/843/843 826/826/826 833/833/833
f 818/818/818 832/832/832 842/842/842
f 832/832/832 825/825/825 842/842/842
f 825/825/825 831/831/831 841/841/841
f 840/840/840 831/831/831 824/824/824
f 824/824/824 823/823/823 839/839/839
f 823/823/823 829/829/829 838/838/838
f 830/830/830 828/828/828 822/822/822
f 837/837/837 829/829/829 822/822/822
f 828/828/828 830/830/830 821/821/821
f 814/814/814 836/836/836 828/828/828
f 830/830/830 809/809/809 821/821/821
f 827/827/827 820/820/820 834/834/834
f 835/835/835 819/819/819 826/826/826
f 819/819/819 834/834/834 820/820/820
f 833/833/833 826/826/826 818/818/818
f 818/818/818 825/825/825 832/832/832
f 831/831/831 825/825/825 817/817/817
f 831/831/831 817/817/817 824/824/824
f 823/823/823 824/824/824 798/798/798
f 823/823/823 815/815/815 829/829/829
f 809/809/809 830/830/830 822/822/822
f 829/829/829 815/815/815 822/822/822
f 814/814/814 828/828/828 821/821/821
f 809/809/809 807/807/807 821/821/821
f 827/827/827 813/813/813 820/820/820
f 819/819/819 805/805/805 826/826/826
f 820/820/820 812/812/812 819/819/819
f 826/826/826 805/805/805 818/818/818
f 818/818/818 811/811/811 825/825/825
f 825/825/825 811/811/811 817/817/817
f 824/824/824 817/817/817 810/810/810
f 816/816/816 798/798/798 824/824/824
f 810/810/810 816/816/816 824/824/824
f 798/798/798 815/815/815 823/823/823
f 822/822/822 815/815/815 809/809/809
f 821/821/821 807/807/807 814/814/814
f 808/808/808 807/807/807 809/809/809
f 812/812/812 820/820/820 806/806/806
f 820/820/820 813/813/813 806/806/806
f 819/819/819 812/812/812 805/805/805
f 811/811/811 818/818/818 805/805/805
f 817/817/817 811/811/811 804/804/804
f 804/804/804 810/810/810 817/817/817
f 816/816/816 810/810/810 798/798/798
f 815/815/815 798/798/798 809/809/809
f 809/809/809 803/803/803 808/808/808
f 807/807/807 802/802/802 814/814/814
f 807/807/807 808/808/808 797/797/797
f 806/806/806 796/796/796 812/812/812
f 813/813/813 801/801/801 806/806/806
f 812/812/812 796/796/796 805/805/805
f 805/805/805 799/799/799 811/811/811
f 811/811/811 799/799/799 804/804/804
f 804/804/804 798/798/798 810/810/810
f 798/798/798 803/803/803 809/809/809
f 792/792/792 808/808/808 803/803/803
f 808/808/808 792/792/792 797/797/797
f 807/807/807 797/797/797 802/802/802
f 796/796/796 806/806/806 801/801/801
f 796/796/796 795/795/795 805/805/805
f 800/800/800 805/805/805 795/795/795
f 800/800/800 794/794/794 805/805/805
f 805/805/805 794/794/794 799/799/799
f 799/799/799 787/787/787 804/804/804
f 798/798/798 804/804/804 787/787/787
f 798/798/798 793/793/793 803/803/803
f 803/803/803 793/793/793 792/792/792
f 792/792/792 791/791/791 797/797/797
f 785/785/785 802/802/802 797/797/797
f 796/796/796 801/801/801 789/789/789
f 801/801/801 790/790/790 789/789/789
f 788/788/788 790/790/790 801/801/801
f 796/796/796 784/784/784 795/795/795
f 795/795/795 782/782/782 800/800/800
f 800/800/800 782/782/782 794/794/794
f 794/794/794 787/787/787 799/799/799
f 787/787/787 793/793/793 798/798/798
f 778/778/778 792/792/792 793/793/793
f 786/786/786 791/791/791 792/792/792
f 785/785/785 797/797/797 791/791/791
f 789/789/789 784/784/784 796/796/796
f 790/790/790 780/780/780 789/789/789
f 788/788/788 783/783/783 790/790/790
f 782/782/782 795/795/795 784/784/784
f 782/782/782 787/787/787 794/794/794
f 793/793/793 787/787/787 778/778/778
f 778/778/778 786/786/786 792/792/792
f 791/791/791 786/786/786 777/777/777
f 777/777/777 785/785/785 791/791/791
f 780/780/780 790/790/790 783/783/783
f 789/789/789 780/780/780 784/784/784
f 788/788/788 779/779/779 783/783/783
f 782/782/782 784/784/784 775/775/775
f 782/782/782 778/778/778 787/787/787
f 786/786/786 778/778/778 777/777/777
f 781/781/781 785/785/785 777/777/777
f 783/783/783 772/772/772 780/780/780
f 780/780/780 775/775/775 784/784/784
f 772/772/772 783/783/783 779/779/779
f 778/778/778 782/782/782 775/775/775
f 778/778/778 774/774/774 777/777/777
f 777/777/777 773/773/773 781/781/781
f 775/775/775 780/780/780 772/772/772
f 779/779/779 776/776/776 772/772/772
f 775/775/775 770/770/770 778/778/778
f 770/770/770 774/774/774 778/778/778
f 774/774/774 769/769/769 777/777/777
f 777/777/777 769/769/769 773/773/773
f 775/775/775 772/772/772 767/767/767
f 776/776/776 765/765/765 772/772/772
f 765/765/765 776/776/776 771/771/771
f 770/770/770 775/775/775 767/767/767
f 774/774/774 770/770/770 764/764/764
f 764/764/764 769/769/769 774/774/774
f 773/773/773 769/769/769 766/766/766
f 772/772/772 765/765/765 767/767/767
f 771/771/771 768/768/768 765/765/765
f 770/770/770 767/767/767 764/764/764
f 769/769/769 764/764/764 766/766/766
f 765/765/765 762/762/762 767/767/767
f 768/768/768 763/763/763 765/765/765
f 767/767/767 762/762/762 764/764/764
f 763/763/763 766/766/766 764/764/764
f 765/765/765 763/763/763 762/762/762
f 762/762/762 763/763/763 764/764/764
f 761/761/761 760/760/760 752/752/752
f 761/761/761 752/752/752 759/759/759
f 759/759/759 757/757/757 761/761/761
f 758/758/758 752/752/752 760/760/760
f 752/752/752 751/751/751 759/759/759
f 757/757/757 759/759/759 751/751/751
f 740/740/740 747/747/747 755/755/755
f 753/753/753 754/754/754 726/726/726
f 753/753/753 744/744/744 758/758/758
f 744/744/744 752/752/752 758/758/758
f 734/734/734 751/751/751 752/752/752
f 751/751/751 725/725/725 757/757/757
f 750/750/750 757/757/757 725/725/725
f 749/749/749 742/742/742 756/756/756
f 742/742/742 741/741/741 756/756/756
f 748/748/748 756/756/756 741/741/741
f 740/740/740 739/739/739 747/747/747
f 738/738/738 755/755/755 747/747/747
f 737/737/737 746/746/746 729/729/729
f 745/745/745 736/736/736 754/754/754
f 746/746/746 737/737/737 735/735/735
f 745/745/745 746/746/746 735/735/735
f 754/754/754 736/736/736 726/726/726
f 744/744/744 753/753/753 726/726/726
f 744/744/744 734/734/734 752/752/752
f 734/734/734 725/725/725 751/751/751
f 725/725/725 743/743/743 750/750/750
f 743/743/743 732/732/732 750/750/750
f 742/742/742 749/749/749 724/724/724
f 742/742/742 723/723/723 741/741/741
f 748/748/748 741/741/741 731/731/731
f 740/740/740 748/748/748 731/731/731
f 740/740/740 718/718/718 739/739/739
f 747/747/747 739/739/739 730/730/730
f 738/738/738 747/747/747 730/730/730
f 738/738/738 729/729/729 746/746/746
f 737/737/737 729/729/729 728/728/728
f 745/745/745 720/720/720 736/736/736
f 737/737/737 721/721/721 735/735/735
f 735/735/735 720/720/720 745/745/745
f 736/736/736 727/727/727 726/726/726
f 726/726/726 734/734/734 744/744/744
f 734/734/734 719/719/719 725/725/725
f 733/733/733 732/732/732 714/714/714
f 725/725/725 732/732/732 743/743/743
f 724/724/724 723/723/723 742/742/742
f 731/731/731 741/741/741 723/723/723
f 731/731/731 718/718/718 740/740/740
f 739/739/739 718/718/718 730/730/730
f 730/730/730 722/722/722 738/738/738
f 738/738/738 722/722/722 729/729/729
f 728/728/728 721/721/721 737/737/737
f 729/729/729 717/717/717 728/728/728
f 720/720/720 727/727/727 736/736/736
f 735/735/735 721/721/721 720/720/720
f 727/727/727 710/710/710 726/726/726
f 726/726/726 719/719/719 734/734/734
f 719/719/719 715/715/715 725/725/725
f 725/725/725 714/714/714 732/732/732
f 724/724/724 708/708/708 723/723/723
f 723/723/723 718/718/718 731/731/731
f 718/718/718 722/722/722 730/730/730
f 722/722/722 717/717/717 729/729/729
f 728/728/728 717/717/717 721/721/721
f 720/720/720 710/710/710 727/727/727
f 720/720/720 721/721/721 711/711/711
f 710/710/710 719/719/719 726/726/726
f 719/719/719 716/716/716 715/715/715
f 715/715/715 714/714/714 725/725/725
f 708/708/708 724/724/724 709/709/709
f 723/723/723 708/708/708 718/718/718
f 722/722/722 718/718/718 712/712/712
f 717/717/717 722/722/722 712/712/712
f 717/717/717 711/711/711 721/721/721
f 711/711/711 710/710/710 720/720/720
f 710/710/710 716/716/716 719/719/719
f 709/709/709 713/713/713 708/708/708
f 712/712/712 718/718/718 708/708/708
f 712/712/712 707/707/707 717/717/717
f 717/717/717 707/707/707 711/711/711
f 710/710/710 711/711/711 705/705/705
f 706/706/706 713/713/713 709/709/709
f 713/713/713 706/706/706 708/708/708
f 708/708/708 704/704/704 712/712/712
f 707/707/707 712/712/712 704/704/704
f 707/707/707 705/705/705 711/711/711
f 706/706/706 703/703/703 708/708/708
f 708/708/708 703/703/703 704/704/704
f 704/704/704 702/702/702 707/707/707
f 703/703/703 701/701/701 704/704/704
f 698/698/698 699/699/699 700/700/700
f 695/695/695 697/697/697 693/693/693
f 694/694/694 692/692/692 696/696/696
f 691/691/691 695/695/695 693/693/693
f 690/690/690 692/692/692 694/694/694
f 691/691/691 693/693/693 692/692/692
f 690/690/690 691/691/691 692/692/692
f 688/688/688 682/682/682 689/689/689
f 688/688/688 689/689/689 687/687/687
f 680/680/680 688/688/688 687/687/687
f 686/686/686 680/680/680 687/687/687
f 685/685/685 681/681/681 684/684/684
f 680/680/680 686/686/686 683/683/683
f 679/679/679 683/683/683 684/684/684
f 685/685/685 678/678/678 681/681/681
f 684/684/684 681/681/681 679/679/679
f 683/683/683 679/679/679 680/680/680
f 676/676/676 682/682/682 680/680/680
f 681/681/681 678/678/678 677/677/677
f 681/681/681 677/677/677 679/679/679
f 679/679/679 676/676/676 680/680/680
f 678/678/678 675/675/675 677/677/677
f 674/674/674 679/679/679 677/677/677
f 676/676/676 679/679/679 674/674/674
f 673/673/673 675/675/675 678/678/678
f 677/677/677 675/675/675 671/671/671
f 677/677/677 671/671/671 674/674/674
f 674/674/674 670/670/670 676/676/676
f 673/673/673 671/671/671 675/675/675
f 671/671/671 672/672/672 674/674/674
f 674/674/674 672/672/672 670/670/670
f 668/668/668 671/671/671 673/673/673
f 671/671/671 667/667/667 672/672/672
f 672/672/672 667/667/667 665/665/665
f 670/670/670 672/672/672 665/665/665
f 670/670/670 661/661/661 669/669/669
f 668/668/668 659/659/659 671/671/671
f 659/659/659 667/667/667 671/671/671
f 665/665/665 667/667/667 662/662/662
f 665/665/665 661/661/661 670/670/670
f 669/669/669 661/661/661 663/663/663
f 664/664/664 659/659/659 668/668/668
f 659/659/659 662/662/662 667/667/667
f 658/658/658 666/666/666 663/663/663
f 662/662/662 657/657/657 665/665/665
f 661/661/661 665/665/665 657/657/657
f 663/663/663 661/661/661 654/654/654
f 660/660/660 655/655/655 664/664/664
f 664/664/664 655/655/655 659/659/659
f 659/659/659 652/652/652 662/662/662
f 654/654/654 658/658/658 663/663/663
f 652/652/652 657/657/657 662/662/662
f 657/657/657 654/654/654 661/661/661
f 653/653/653 656/656/656 658/658/658
f 655/655/655 660/660/660 651/651/651
f 655/655/655 652/652/652 659/659/659
f 654/654/654 653/653/653 658/658/658
f 652/652/652 654/654/654 657/657/657
f 651/651/651 652/652/652 655/655/655
f 650/650/650 653/653/653 654/654/654
f 654/654/654 652/652/652 650/650/650
f 651/651/651 649/649/649 652/652/652
f 650/650/650 647/647/647 653/653/653
f 649/649/649 650/650/650 652/652/652
f 649/649/649 647/647/647 650/650/650
f 644/644/644 643/643/643 646/646/646
f 642/642/642 645/645/645 643/643/643
f 642/642/642 643/643/643 644/644/644
f 628/628/628 629/629/629 620/620/620
f 636/636/636 640/640/640 641/641/641
f 636/636/636 641/641/641 639/639/639
f 638/638/638 640/640/640 636/636/636
f 638/638/638 633/633/633 637/637/637
f 635/635/635 637/637/637 634/634/634
f 626/626/626 636/636/636 639/639/639
f 638/638/638 636/636/636 633/633/633
f 637/637/637 633/633/633 634/634/634
f 630/630/630 635/635/635 634/634/634
f 626/626/626 633/633/633 636/636/636
f 634/634/634 633/633/633 631/631/631
f 632/632/632 635/635/635 630/630/630
f 634/634/634 631/631/631 630/630/630
f 626/626/626 631/631/631 633/633/633
f 632/632/632 630/630/630 627/627/627
f 630/630/630 631/631/631 625/625/625
f 629/629/629 632/632/632 627/627/627
f 626/626/626 625/625/625 631/631/631
f 627/627/627 630/630/630 624/624/624
f 624/624/624 630/630/630 625/625/625
f 620/620/620 629/629/629 627/627/627
f 625/625/625 626/626/626 623/623/623
f 628/628/628 621/621/621 622/622/622
f 628/628/628 620/620/620 621/621/621
f 619/619/619 627/627/627 624/624/624
f 624/624/624 625/625/625 616/616/616
f 619/619/619 620/620/620 627/627/627
f 618/618/618 623/623/623 626/626/626
f 625/625/625 623/623/623 616/616/616
f 622/622/622 621/621/621 613/613/613
f 621/621/621 620/620/620 614/614/614
f 616/616/616 619/619/619 624/624/624
f 620/620/620 619/619/619 612/612/612
f 618/618/618 616/616/616 623/623/623
f 617/617/617 622/622/622 613/613/613
f 621/621/621 614/614/614 613/613/613
f 612/612/612 614/614/614 620/620/620
f 619/619/619 616/616/616 612/612/612
f 616/616/616 618/618/618 611/611/611
f 618/618/618 46/46/46 611/611/611
f 617/617/617 610/610/610 615/615/615
f 617/617/617 613/613/613 610/610/610
f 613/613/613 614/614/614 608/608/608
f 614/614/614 612/612/612 606/606/606
f 612/612/612 616/616/616 605/605/605
f 616/616/616 611/611/611 605/605/605
f 611/611/611 46/46/46 48/48/48
f 615/615/615 610/610/610 607/607/607
f 610/610/610 613/613/613 603/603/603
f 615/615/615 607/607/607 609/609/609
f 606/606/606 608/608/608 614/614/614
f 603/603/603 613/613/613 608/608/608
f 606/606/606 612/612/612 605/605/605
f 48/48/48 605/605/605 611/611/611
f 610/610/610 603/603/603 607/607/607
f 609/609/609 607/607/607 596/596/596
f 606/606/606 601/601/601 608/608/608
f 601/601/601 603/603/603 608/608/608
f 606/606/606 605/605/605 587/587/587
f 605/605/605 48/48/48 600/600/600
f 57/57/57 604/604/604 52/52/52
f 74/74/74 593/593/593 70/70/70
f 604/604/604 57/57/57 590/590/590
f 63/63/63 598/598/598 57/57/57
f 607/607/607 603/603/603 597/597/597
f 599/599/599 596/596/596 602/602/602
f 607/607/607 597/597/597 596/596/596
f 601/601/601 606/606/606 587/587/587
f 603/603/603 601/601/601 589/589/589
f 605/605/605 600/600/600 587/587/587
f 600/600/600 48/48/48 52/52/52
f 52/52/52 604/604/604 590/590/590
f 586/586/586 599/599/599 602/602/602
f 602/602/602 588/588/588 586/586/586
f 74/74/74 594/594/594 593/593/593
f 577/577/577 74/74/74 80/80/80
f 592/592/592 80/80/80 91/91/91
f 591/591/591 70/70/70 593/593/593
f 582/582/582 63/63/63 70/70/70
f 598/598/598 63/63/63 582/582/582
f 590/590/590 57/57/57 598/598/598
f 589/589/589 597/597/597 603/603/603
f 602/602/602 596/596/596 588/588/588
f 596/596/596 597/597/597 581/581/581
f 587/587/587 589/589/589 601/601/601
f 587/587/587 600/600/600 52/52/52
f 580/580/580 52/52/52 590/590/590
f 586/586/586 595/595/595 599/599/599
f 586/586/586 588/588/588 585/585/585
f 594/594/594 74/74/74 577/577/577
f 584/584/584 593/593/593 594/594/594
f 583/583/583 592/592/592 91/91/91
f 80/80/80 592/592/592 577/577/577
f 570/570/570 591/591/591 593/593/593
f 591/591/591 582/582/582 70/70/70
f 590/590/590 598/598/598 582/582/582
f 589/589/589 581/581/581 597/597/597
f 588/588/588 596/596/596 581/581/581
f 589/589/589 587/587/587 569/569/569
f 587/587/587 52/52/52 580/580/580
f 580/580/580 590/590/590 576/576/576
f 586/586/586 585/585/585 573/573/573
f 595/595/595 586/586/586 579/579/579
f 575/575/575 585/585/585 588/588/588
f 584/584/584 594/594/594 577/577/577
f 570/570/570 593/593/593 584/584/584
f 108/108/108 583/583/583 91/91/91
f 583/583/583 577/577/577 592/592/592
f 582/582/582 591/591/591 570/570/570
f 590/590/590 582/582/582 576/576/576
f 581/581/581 589/589/589 569/569/569
f 575/575/575 588/588/588 581/581/581
f 569/569/569 587/587/587 580/580/580
f 576/576/576 574/574/574 580/580/580
f 573/573/573 585/585/585 571/571/571
f 579/579/579 586/586/586 573/573/573
f 575/575/575 571/571/571 585/585/585
f 570/570/570 584/584/584 577/577/577
f 108/108/108 577/577/577 583/583/583
f 576/576/576 582/582/582 570/570/570
f 569/569/569 575/575/575 581/581/581
f 569/569/569 580/580/580 574/574/574
f 574/574/574 576/576/576 564/564/564
f 566/566/566 573/573/573 571/571/571
f 568/568/568 579/579/579 573/573/573
f 572/572/572 563/563/563 578/578/578
f 571/571/571 575/575/575 565/565/565
f 577/577/577 108/108/108 570/570/570
f 570/570/570 564/564/564 576/576/576
f 575/575/575 569/569/569 565/565/565
f 569/569/569 574/574/574 564/564/564
f 567/567/567 566/566/566 571/571/571
f 568/568/568 573/573/573 566/566/566
f 572/572/572 568/568/568 563/563/563
f 565/565/565 567/567/567 571/571/571
f 564/564/564 570/570/570 108/108/108
f 564/564/564 565/565/565 569/569/569
f 566/566/566 567/567/567 561/561/561
f 568/568/568 566/566/566 563/563/563
f 567/567/567 565/565/565 560/560/560
f 562/562/562 564/564/564 108/108/108
f 565/565/565 564/564/564 559/559/559
f 561/561/561 567/567/567 560/560/560
f 563/563/563 566/566/566 561/561/561
f 560/560/560 565/565/565 559/559/559
f 108/108/108 122/122/122 562/562/562
f 562/562/562 559/559/559 564/564/564
f 560/560/560 558/558/558 561/561/561
f 563/563/563 561/561/561 556/556/556
f 554/554/554 244/244/244 245/245/245
f 560/560/560 559/559/559 553/553/553
f 559/559/559 562/562/562 122/122/122
f 560/560/560 551/551/551 558/558/558
f 556/556/556 561/561/561 558/558/558
f 551/551/551 560/560/560 553/553/553
f 555/555/555 245/245/245 264/264/264
f 277/277/277 548/548/548 264/264/264
f 245/245/245 555/555/555 554/554/554
f 244/244/244 554/554/554 557/557/557
f 244/244/244 557/557/557 222/222/222
f 553/553/553 559/559/559 122/122/122
f 551/551/551 556/556/556 558/558/558
f 553/553/553 552/552/552 551/551/551
f 264/264/264 548/548/548 555/555/555
f 277/277/277 549/549/549 548/548/548
f 554/554/554 555/555/555 542/542/542
f 557/557/557 554/554/554 547/547/547
f 547/547/547 546/546/546 557/557/557
f 222/222/222 557/557/557 546/546/546
f 553/553/553 122/122/122 139/139/139
f 552/552/552 553/553/553 539/539/539
f 544/544/544 556/556/556 551/551/551
f 538/538/538 551/551/551 552/552/552
f 550/550/550 556/556/556 544/544/544
f 548/548/548 542/542/542 555/555/555
f 549/549/549 536/536/536 548/548/548
f 543/543/543 549/549/549 277/277/277
f 542/542/542 547/547/547 554/554/554
f 545/545/545 149/149/149 168/168/168
f 541/541/541 540/540/540 547/547/547
f 547/547/547 540/540/540 546/546/546
f 546/546/546 534/534/534 222/222/222
f 194/194/194 545/545/545 168/168/168
f 539/539/539 553/553/553 139/139/139
f 538/538/538 552/552/552 539/539/539
f 544/544/544 551/551/551 538/538/538
f 550/550/550 544/544/544 533/533/533
f 549/549/549 543/543/543 537/537/537
f 537/537/537 536/536/536 549/549/549
f 536/536/536 542/542/542 548/548/548
f 297/297/297 543/543/543 277/277/277
f 547/547/547 542/542/542 535/535/535
f 545/545/545 527/527/527 149/149/149
f 535/535/535 541/541/541 547/547/547
f 541/541/541 520/520/520 540/540/540
f 540/540/540 534/534/534 546/546/546
f 194/194/194 222/222/222 534/534/534
f 194/194/194 527/527/527 545/545/545
f 539/539/539 139/139/139 157/157/157
f 539/539/539 526/526/526 538/538/538
f 533/533/533 544/544/544 538/538/538
f 149/149/149 532/532/532 157/157/157
f 149/149/149 531/531/531 530/530/530
f 530/530/530 532/532/532 149/149/149
f 523/523/523 537/537/537 543/543/543
f 537/537/537 524/524/524 536/536/536
f 542/542/542 536/536/536 528/528/528
f 297/297/297 523/523/523 543/543/543
f 528/528/528 535/535/535 542/542/542
f 527/527/527 531/531/531 149/149/149
f 535/535/535 520/520/520 541/541/541
f 534/534/534 540/540/540 520/520/520
f 534/534/534 527/527/527 194/194/194
f 526/526/526 539/539/539 157/157/157
f 526/526/526 533/533/533 538/538/538
f 519/519/519 157/157/157 532/532/532
f 518/518/518 530/530/530 531/531/531
f 530/530/530 525/525/525 532/532/532
f 523/523/523 529/529/529 537/537/537
f 529/529/529 524/524/524 537/537/537
f 524/524/524 528/528/528 536/536/536
f 311/311/311 523/523/523 297/297/297
f 535/535/535 528/528/528 522/522/522
f 527/527/527 521/521/521 531/531/531
f 522/522/522 520/520/520 535/535/535
f 534/534/534 520/520/520 527/527/527
f 157/157/157 519/519/519 526/526/526
f 526/526/526 513/513/513 533/533/533
f 532/532/532 525/525/525 519/519/519
f 531/531/531 521/521/521 518/518/518
f 530/530/530 518/518/518 525/525/525
f 523/523/523 512/512/512 529/529/529
f 512/512/512 524/524/524 529/529/529
f 524/524/524 515/515/515 528/528/528
f 523/523/523 311/311/311 511/511/511
f 528/528/528 515/515/515 522/522/522
f 514/514/514 521/521/521 527/527/527
f 520/520/520 522/522/522 504/504/504
f 527/527/527 520/520/520 514/514/514
f 513/513/513 526/526/526 519/519/519
f 508/508/508 519/519/519 525/525/525
f 521/521/521 509/509/509 518/518/518
f 518/518/518 508/508/508 525/525/525
f 517/517/517 512/512/512 523/523/523
f 515/515/515 524/524/524 512/512/512
f 511/511/511 517/517/517 523/523/523
f 511/511/511 516/516/516 510/510/510
f 515/515/515 504/504/504 522/522/522
f 521/521/521 514/514/514 509/509/509
f 504/504/504 514/514/514 520/520/520
f 519/519/519 508/508/508 513/513/513
f 509/509/509 508/508/508 518/518/518
f 517/517/517 503/503/503 512/512/512
f 512/512/512 507/507/507 515/515/515
f 515/515/515 507/507/507 506/506/506
f 511/511/511 503/503/503 517/517/517
f 510/510/510 501/501/501 511/511/511
f 505/505/505 510/510/510 516/516/516
f 504/504/504 515/515/515 506/506/506
f 504/504/504 509/509/509 514/514/514
f 499/499/499 513/513/513 508/508/508
f 509/509/509 498/498/498 508/508/508
f 512/512/512 503/503/503 507/507/507
f 506/506/506 507/507/507 497/497/497
f 501/501/501 503/503/503 511/511/511
f 510/510/510 505/505/505 501/501/501
f 506/506/506 500/500/500 504/504/504
f 504/504/504 498/498/498 509/509/509
f 508/508/508 498/498/498 499/499/499
f 503/503/503 497/497/497 507/507/507
f 497/497/497 500/500/500 506/506/506
f 501/501/501 492/492/492 503/503/503
f 501/501/501 502/502/502 496/496/496
f 496/496/496 502/502/502 491/491/491
f 500/500/500 493/493/493 504/504/504
f 493/493/493 498/498/498 504/504/504
f 498/498/498 488/488/488 499/499/499
f 492/492/492 497/497/497 503/503/503
f 497/497/497 487/487/487 500/500/500
f 496/496/496 492/492/492 501/501/501
f 491/491/491 490/490/490 496/496/496
f 495/495/495 490/490/490 491/491/491
f 489/489/489 494/494/494 499/499/499
f 500/500/500 487/487/487 493/493/493
f 499/499/499 488/488/488 489/489/489
f 493/493/493 488/488/488 498/498/498
f 497/497/497 492/492/492 487/487/487
f 496/496/496 486/486/486 492/492/492
f 490/490/490 486/486/486 496/496/496
f 491/491/491 482/482/482 495/495/495
f 495/495/495 482/482/482 490/490/490
f 489/489/489 485/485/485 494/494/494
f 487/487/487 484/484/484 493/493/493
f 488/488/488 476/476/476 489/489/489
f 493/493/493 484/484/484 488/488/488
f 492/492/492 483/483/483 487/487/487
f 486/486/486 483/483/483 492/492/492
f 486/486/486 490/490/490 480/480/480
f 482/482/482 480/480/480 490/490/490
f 489/489/489 476/476/476 485/485/485
f 487/487/487 475/475/475 484/484/484
f 488/488/488 484/484/484 476/476/476
f 483/483/483 475/475/475 487/487/487
f 486/486/486 479/479/479 483/483/483
f 486/486/486 480/480/480 479/479/479
f 480/480/480 482/482/482 478/478/478
f 478/478/478 481/481/481 480/480/480
f 481/481/481 477/477/477 480/480/480
f 485/485/485 476/476/476 474/474/474
f 484/484/484 475/475/475 476/476/476
f 483/483/483 479/479/479 475/475/475
f 480/480/480 466/466/466 479/479/479
f 481/481/481 478/478/478 473/473/473
f 477/477/477 481/481/481 473/473/473
f 477/477/477 466/466/466 480/480/480
f 476/476/476 472/472/472 474/474/474
f 475/475/475 465/465/465 476/476/476
f 479/479/479 466/466/466 475/475/475
f 478/478/478 455/455/455 473/473/473
f 473/473/473 468/468/468 477/477/477
f 477/477/477 468/468/468 467/467/467
f 466/466/466 477/477/477 467/467/467
f 472/472/472 476/476/476 465/465/465
f 474/474/474 472/472/472 459/459/459
f 475/475/475 466/466/466 465/465/465
f 459/459/459 471/471/471 474/474/474
f 463/463/463 470/470/470 471/471/471
f 464/464/464 470/470/470 463/463/463
f 470/470/470 464/464/464 462/462/462
f 455/455/455 468/468/468 473/473/473
f 467/467/467 468/468/468 454/454/454
f 466/466/466 467/467/467 453/453/453
f 472/472/472 465/465/465 459/459/459
f 466/466/466 452/452/452 465/465/465
f 471/471/471 459/459/459 463/463/463
f 463/463/463 451/451/451 464/464/464
f 458/458/458 462/462/462 464/464/464
f 470/470/470 462/462/462 457/457/457
f 461/461/461 456/456/456 469/469/469
f 470/470/470 457/457/457 461/461/461
f 469/469/469 456/456/456 460/460/460
f 455/455/455 454/454/454 468/468/468
f 454/454/454 453/453/453 467/467/467
f 453/453/453 452/452/452 466/466/466
f 459/459/459 465/465/465 452/452/452
f 451/451/451 458/458/458 464/464/464
f 459/459/459 451/451/451 463/463/463
f 462/462/462 458/458/458 450/450/450
f 462/462/462 450/450/450 457/457/457
f 449/449/449 456/456/456 461/461/461
f 457/457/457 449/449/449 461/461/461
f 456/456/456 438/438/438 460/460/460
f 455/455/455 448/448/448 454/454/454
f 454/454/454 447/447/447 453/453/453
f 453/453/453 443/443/443 452/452/452
f 452/452/452 446/446/446 459/459/459
f 442/442/442 458/458/458 451/451/451
f 446/446/446 451/451/451 459/459/459
f 442/442/442 450/450/450 458/458/458
f 450/450/450 441/441/441 457/457/457
f 445/445/445 456/456/456 449/449/449
f 441/441/441 449/449/449 457/457/457
f 445/445/445 438/438/438 456/456/456
f 437/437/437 448/448/448 455/455/455
f 454/454/454 448/448/448 432/432/432
f 447/447/447 454/454/454 432/432/432
f 443/443/443 453/453/453 447/447/447
f 443/443/443 446/446/446 452/452/452
f 446/446/446 442/442/442 451/451/451
f 442/442/442 441/441/441 450/450/450
f 440/440/440 445/445/445 449/449/449
f 449/449/449 441/441/441 440/440/440
f 435/435/435 439/439/439 445/445/445
f 445/445/445 439/439/439 438/438/438
f 437/437/437 444/444/444 448/448/448
f 448/448/448 444/444/444 432/432/432
f 447/447/447 432/432/432 443/443/443
f 443/443/443 436/436/436 446/446/446
f 442/442/442 446/446/446 436/436/436
f 431/431/431 441/441/441 442/442/442
f 440/440/440 435/435/435 445/445/445
f 430/430/430 440/440/440 441/441/441
f 435/435/435 429/429/429 439/439/439
f 427/427/427 438/438/438 439/439/439
f 443/443/443 432/432/432 436/436/436
f 436/436/436 431/431/431 442/442/442
f 431/431/431 430/430/430 441/441/441
f 430/430/430 435/435/435 440/440/440
f 434/434/434 429/429/429 435/435/435
f 424/424/424 434/434/434 435/435/435
f 429/429/429 427/427/427 439/439/439
f 427/427/427 428/428/428 438/438/438
f 432/432/432 426/426/426 436/436/436
f 431/431/431 436/436/436 426/426/426
f 430/430/430 431/431/431 425/425/425
f 435/435/435 430/430/430 424/424/424
f 429/429/429 434/434/434 423/423/423
f 424/424/424 423/423/423 434/434/434
f 427/427/427 429/429/429 417/417/417
f 428/428/428 427/427/427 416/416/416
f 422/422/422 418/418/418 433/433/433
f 426/426/426 432/432/432 420/420/420
f 431/431/431 426/426/426 413/413/413
f 431/431/431 413/413/413 425/425/425
f 430/430/430 425/425/425 419/419/419
f 419/419/419 424/424/424 430/430/430
f 423/423/423 417/417/417 429/429/429
f 423/423/423 424/424/424 408/408/408
f 416/416/416 422/422/422 428/428/428
f 417/417/417 415/415/415 427/427/427
f 415/415/415 416/416/416 427/427/427
f 414/414/414 418/418/418 422/422/422
f 421/421/421 397/397/397 420/420/420
f 426/426/426 420/420/420 413/413/413
f 413/413/413 419/419/419 425/425/425
f 419/419/419 412/412/412 424/424/424
f 412/412/412 408/408/408 424/424/424
f 418/418/418 414/414/414 411/411/411
f 417/417/417 423/423/423 409/409/409
f 423/423/423 408/408/408 409/409/409
f 407/407/407 422/422/422 416/416/416
f 415/415/415 417/417/417 401/401/401
f 416/416/416 415/415/415 400/400/400
f 407/407/407 406/406/406 422/422/422
f 406/406/406 414/414/414 422/422/422
f 398/398/398 411/411/411 414/414/414
f 413/413/413 420/420/420 397/397/397
f 413/413/413 405/405/405 419/419/419
f 405/405/405 412/412/412 419/419/419
f 408/408/408 412/412/412 395/395/395
f 418/418/418 411/411/411 404/404/404
f 404/404/404 410/410/410 418/418/418
f 409/409/409 401/401/401 417/417/417
f 408/408/408 393/393/393 409/409/409
f 400/400/400 407/407/407 416/416/416
f 401/401/401 400/400/400 415/415/415
f 407/407/407 399/399/399 406/406/406
f 403/403/403 411/411/411 398/398/398
f 398/398/398 414/414/414 406/406/406
f 397/397/397 405/405/405 413/413/413
f 395/395/395 396/396/396 408/408/408
f 405/405/405 395/395/395 412/412/412
f 411/411/411 389/389/389 404/404/404
f 410/410/410 404/404/404 394/394/394
f 411/411/411 403/403/403 389/389/389
f 410/410/410 394/394/394 402/402/402
f 401/401/401 409/409/409 393/393/393
f 396/396/396 393/393/393 408/408/408
f 400/400/400 386/386/386 407/407/407
f 400/400/400 401/401/401 387/387/387
f 406/406/406 399/399/399 392/392/392
f 386/386/386 399/399/399 407/407/407
f 381/381/381 403/403/403 398/398/398
f 392/392/392 398/398/398 406/406/406
f 366/366/366 405/405/405 397/397/397
f 391/391/391 396/396/396 395/395/395
f 395/395/395 405/405/405 366/366/366
f 389/389/389 394/394/394 404/404/404
f 403/403/403 381/381/381 389/389/389
f 394/394/394 388/388/388 402/402/402
f 402/402/402 388/388/388 390/390/390
f 393/393/393 387/387/387 401/401/401
f 396/396/396 383/383/383 393/393/393
f 387/387/387 386/386/386 400/400/400
f 386/386/386 392/392/392 399/399/399
f 398/398/398 392/392/392 381/381/381
f 391/391/391 383/383/383 396/396/396
f 366/366/366 391/391/391 395/395/395
f 394/394/394 389/389/389 380/380/380
f 381/381/381 382/382/382 389/389/389
f 394/394/394 380/380/380 388/388/388
f 388/388/388 375/375/375 390/390/390
f 387/387/387 393/393/393 379/379/379
f 383/383/383 379/379/379 393/393/393
f 386/386/386 387/387/387 362/362/362
f 392/392/392 386/386/386 378/378/378
f 378/378/378 381/381/381 392/392/392
f 376/376/376 377/377/377 385/385/385
f 366/366/366 383/383/383 391/391/391
f 375/375/375 374/374/374 390/390/390
f 389/389/389 373/373/373 380/380/380
f 389/389/389 382/382/382 373/373/373
f 364/364/364 382/382/382 381/381/381
f 380/380/380 372/372/372 388/388/388
f 372/372/372 375/375/375 388/388/388
f 387/387/387 379/379/379 362/362/362
f 383/383/383 371/371/371 379/379/379
f 362/362/362 378/378/378 386/386/386
f 381/381/381 378/378/378 370/370/370
f 369/369/369 385/385/385 377/377/377
f 361/361/361 377/377/377 376/376/376
f 367/367/367 371/371/371 383/383/383
f 366/366/366 367/367/367 383/383/383
f 359/359/359 374/374/374 375/375/375
f 380/380/380 373/373/373 363/363/363
f 364/364/364 373/373/373 382/382/382
f 370/370/370 364/364/364 381/381/381
f 363/363/363 372/372/372 380/380/380
f 375/375/375 372/372/372 360/360/360
f 379/379/379 371/371/371 362/362/362
f 362/362/362 370/370/370 378/378/378
f 369/369/369 377/377/377 361/361/361
f 361/361/361 376/376/376 368/368/368
f 355/355/355 371/371/371 367/367/367
f 360/360/360 359/359/359 375/375/375
f 359/359/359 365/365/365 374/374/374
f 357/357/357 363/363/363 373/373/373
f 373/373/373 364/364/364 357/357/357
f 364/364/364 370/370/370 348/348/348
f 372/372/372 363/363/363 356/356/356
f 356/356/356 360/360/360 372/372/372
f 355/355/355 354/354/354 371/371/371
f 371/371/371 354/354/354 362/362/362
f 348/348/348 370/370/370 362/362/362
f 361/361/361 345/345/345 369/369/369
f 352/352/352 361/361/361 368/368/368
f 359/359/359 360/360/360 344/344/344
f 359/359/359 351/351/351 365/365/365
f 363/363/363 357/357/357 339/339/339
f 364/364/364 348/348/348 357/357/357
f 339/339/339 356/356/356 363/363/363
f 360/360/360 356/356/356 350/350/350
f 355/355/355 338/338/338 354/354/354
f 354/354/354 348/348/348 362/362/362
f 347/347/347 346/346/346 358/358/358
f 352/352/352 345/345/345 361/361/361
f 353/353/353 342/342/342 352/352/352
f 350/350/350 344/344/344 360/360/360
f 344/344/344 351/351/351 359/359/359
f 351/351/351 341/341/341 358/358/358
f 358/358/358 341/341/341 347/347/347
f 348/348/348 339/339/339 357/357/357
f 356/356/356 339/339/339 350/350/350
f 349/349/349 338/338/338 355/355/355
f 354/354/354 338/338/338 348/348/348
f 346/346/346 347/347/347 337/337/337
f 353/353/353 346/346/346 342/342/342
f 352/352/352 342/342/342 345/345/345
f 344/344/344 350/350/350 335/335/335
f 344/344/344 341/341/341 351/351/351
f 340/340/340 347/347/347 341/341/341
f 343/343/343 339/339/339 348/348/348
f 339/339/339 335/335/335 350/350/350
f 338/338/338 343/343/343 348/348/348
f 340/340/340 337/337/337 347/347/347
f 346/346/346 337/337/337 336/336/336
f 346/346/346 336/336/336 342/342/342
f 342/342/342 333/333/333 345/345/345
f 335/335/335 341/341/341 344/344/344
f 341/341/341 332/332/332 340/340/340
f 339/339/339 343/343/343 330/330/330
f 334/334/334 335/335/335 339/339/339
f 338/338/338 330/330/330 343/343/343
f 331/331/331 337/337/337 340/340/340
f 336/336/336 337/337/337 328/328/328
f 336/336/336 333/333/333 342/342/342
f 341/341/341 335/335/335 332/332/332
f 332/332/332 331/331/331 340/340/340
f 330/330/330 334/334/334 339/339/339
f 335/335/335 334/334/334 324/324/324
f 331/331/331 329/329/329 337/337/337
f 329/329/329 328/328/328 337/337/337
f 328/328/328 333/333/333 336/336/336
f 335/335/335 324/324/324 332/332/332
f 327/327/327 331/331/331 332/332/332
f 330/330/330 324/324/324 334/334/334
f 323/323/323 329/329/329 331/331/331
f 326/326/326 328/328/328 329/329/329
f 333/333/333 328/328/328 325/325/325
f 324/324/324 327/327/327 332/332/332
f 331/331/331 327/327/327 323/323/323
f 323/323/323 326/326/326 329/329/329
f 326/326/326 322/322/322 328/328/328
f 328/328/328 322/322/322 325/325/325
f 321/321/321 327/327/327 324/324/324
f 321/321/321 323/323/323 327/327/327
f 318/318/318 326/326/326 323/323/323
f 326/326/326 318/318/318 322/322/322
f 325/325/325 322/322/322 320/320/320
f 319/319/319 323/323/323 321/321/321
f 319/319/319 318/318/318 323/323/323
f 318/318/318 320/320/320 322/322/322
f 317/317/317 320/320/320 318/318/318

